time_s,cpu_cores_sum,mem_sum,n_machines,sample_note
0,14.428055566666666,82.81337303333333,4.933333333333334,RANGE_64MiB_partial_tar_gz;resampled_300s_mean
300,26.3115079,88.04904766666667,5.0,RANGE_64MiB_partial_tar_gz;resampled_300s_mean
600,25.9366799,87.70137563333333,5.4,RANGE_64MiB_partial_tar_gz;resampled_300s_mean
900,28.364193133333334,86.7798545,4.7,RANGE_64MiB_partial_tar_gz;resampled_300s_mean
1200,26.417017766666667,88.25242773333333,5.633333333333334,RANGE_64MiB_partial_tar_gz;resampled_300s_mean
1500,25.514960366666667,86.57694446666666,5.533333333333333,RANGE_64MiB_partial_tar_gz;resampled_300s_mean
1800,23.157500033333335,85.2326587,5.733333333333333,RANGE_64MiB_partial_tar_gz;resampled_300s_mean
2100,19.146388933333334,82.77938673333333,5.666666666666667,RANGE_64MiB_partial_tar_gz;resampled_300s_mean
2400,22.835502599999998,84.20324066666667,5.9,RANGE_64MiB_partial_tar_gz;resampled_300s_mean
2700,23.7872965,84.73257323333334,4.4,RANGE_64MiB_partial_tar_gz;resampled_300s_mean
3000,24.270872999999998,85.9668254,5.066666666666666,RANGE_64MiB_partial_tar_gz;resampled_300s_mean
3300,19.106772499999998,85.33156086666666,5.766666666666667,RANGE_64MiB_partial_tar_gz;resampled_300s_mean
3600,25.026480499999998,85.63808909999999,5.7,RANGE_64MiB_partial_tar_gz;resampled_300s_mean
3900,20.4125782,85.2485714,6.166666666666667,RANGE_64MiB_partial_tar_gz;resampled_300s_mean
4200,17.9132804,84.35769846666668,5.966666666666667,RANGE_64MiB_partial_tar_gz;resampled_300s_mean
4500,31.596944466666667,89.02424603333334,4.633333333333334,RANGE_64MiB_partial_tar_gz;resampled_300s_mean
4800,30.846944533333332,83.511627,5.5,RANGE_64MiB_partial_tar_gz;resampled_300s_mean
5100,32.60944443333333,80.07129626666666,5.3,RANGE_64MiB_partial_tar_gz;resampled_300s_mean
5400,36.89651756666667,84.09055916666667,5.266666666666667,RANGE_64MiB_partial_tar_gz;resampled_300s_mean
5700,30.057765533333335,79.9061966,5.666666666666667,RANGE_64MiB_partial_tar_gz;resampled_300s_mean
6000,24.51294976666667,79.12001323333334,5.6,RANGE_64MiB_partial_tar_gz;resampled_300s_mean
6300,25.5692292,79.05154636666666,6.066666666666666,RANGE_64MiB_partial_tar_gz;resampled_300s_mean
6600,28.951600566666666,81.44243383333334,6.366666666666666,RANGE_64MiB_partial_tar_gz;resampled_300s_mean
6900,26.131560866666668,80.94222223333333,5.4,RANGE_64MiB_partial_tar_gz;resampled_300s_mean
7200,30.471851833333336,83.1245106,6.133333333333334,RANGE_64MiB_partial_tar_gz;resampled_300s_mean
7500,27.210992033333333,84.56535713333332,6.166666666666667,RANGE_64MiB_partial_tar_gz;resampled_300s_mean
7800,30.0367328,81.47867723333334,6.033333333333333,RANGE_64MiB_partial_tar_gz;resampled_300s_mean
8100,31.625523166666664,81.29494233333334,6.6,RANGE_64MiB_partial_tar_gz;resampled_300s_mean
8400,26.572949766666667,78.6392725,6.666666666666667,RANGE_64MiB_partial_tar_gz;resampled_300s_mean
8700,24.845122266666667,79.48004783333333,7.233333333333333,RANGE_64MiB_partial_tar_gz;resampled_300s_mean
9000,28.9293732,79.01675416666667,6.266666666666667,RANGE_64MiB_partial_tar_gz;resampled_300s_mean
9300,25.724058366666668,79.81660776666666,6.3,RANGE_64MiB_partial_tar_gz;resampled_300s_mean
9600,24.230476233333334,80.32116160000001,6.7,RANGE_64MiB_partial_tar_gz;resampled_300s_mean
9900,23.390804551724138,80.61772031034482,4.827586206896552,RANGE_64MiB_partial_tar_gz;resampled_300s_mean
10200,22.952050233333335,75.96165343333334,6.0,RANGE_64MiB_partial_tar_gz;resampled_300s_mean
10500,22.581640166666666,81.2060979,6.2,RANGE_64MiB_partial_tar_gz;resampled_300s_mean
10800,27.234523799999998,82.2662434,5.7,RANGE_64MiB_partial_tar_gz;resampled_300s_mean
11100,22.858526172413793,82.51400706896553,6.896551724137931,RANGE_64MiB_partial_tar_gz;resampled_300s_mean
11400,23.177435066666664,81.79306756666666,6.9,RANGE_64MiB_partial_tar_gz;resampled_300s_mean
11700,23.198478833333336,79.42080686666667,6.266666666666667,RANGE_64MiB_partial_tar_gz;resampled_300s_mean
12000,24.741507966666667,77.96275126666666,5.7,RANGE_64MiB_partial_tar_gz;resampled_300s_mean
12300,30.4600488,83.36508853333333,5.9,RANGE_64MiB_partial_tar_gz;resampled_300s_mean
12600,25.644312133333333,81.51772496666668,6.066666666666666,RANGE_64MiB_partial_tar_gz;resampled_300s_mean
12900,23.747086366666668,81.69444806666667,7.966666666666667,RANGE_64MiB_partial_tar_gz;resampled_300s_mean
13200,27.760640966666664,79.40075870000001,7.333333333333333,RANGE_64MiB_partial_tar_gz;resampled_300s_mean
13500,27.291058233333334,80.1275926,6.133333333333334,RANGE_64MiB_partial_tar_gz;resampled_300s_mean
13800,28.71649593333333,82.9296657,6.7,RANGE_64MiB_partial_tar_gz;resampled_300s_mean
14100,30.58105456666667,83.67283303333333,5.933333333333334,RANGE_64MiB_partial_tar_gz;resampled_300s_mean
14400,29.880039766666666,84.2110318,4.733333333333333,RANGE_64MiB_partial_tar_gz;resampled_300s_mean
14700,31.345158766666664,81.91400793333334,5.2,RANGE_64MiB_partial_tar_gz;resampled_300s_mean
15000,30.0995238,81.16173276666667,5.966666666666667,RANGE_64MiB_partial_tar_gz;resampled_300s_mean
15300,28.7757937,83.6898942,5.633333333333334,RANGE_64MiB_partial_tar_gz;resampled_300s_mean
15600,27.519470899999998,84.15593916666667,5.733333333333333,RANGE_64MiB_partial_tar_gz;resampled_300s_mean
15900,22.464246,77.15105820000001,6.0,RANGE_64MiB_partial_tar_gz;resampled_300s_mean
16200,23.3511111,78.07853176666667,6.1,RANGE_64MiB_partial_tar_gz;resampled_300s_mean
16500,22.994775100000002,83.50231480000001,6.966666666666667,RANGE_64MiB_partial_tar_gz;resampled_300s_mean
16800,23.389923033333332,81.47529103333333,6.433333333333334,RANGE_64MiB_partial_tar_gz;resampled_300s_mean
17100,33.814545466666665,83.0829942,5.866666666666666,RANGE_64MiB_partial_tar_gz;resampled_300s_mean
17400,28.609954333333334,82.94276943333332,5.4,RANGE_64MiB_partial_tar_gz;resampled_300s_mean
17700,28.736560866666665,86.5371164,5.533333333333333,RANGE_64MiB_partial_tar_gz;resampled_300s_mean
18000,27.055952366666666,85.7537169,5.3,RANGE_64MiB_partial_tar_gz;resampled_300s_mean
18300,30.561706333333333,87.01731486666667,5.733333333333333,RANGE_64MiB_partial_tar_gz;resampled_300s_mean
18600,28.82681213333333,82.27293646666666,6.166666666666667,RANGE_64MiB_partial_tar_gz;resampled_300s_mean
18900,23.710079399999998,84.18736773333333,5.466666666666667,RANGE_64MiB_partial_tar_gz;resampled_300s_mean
19200,22.891058233333336,83.9152778,5.333333333333333,RANGE_64MiB_partial_tar_gz;resampled_300s_mean
19500,39.52499996666667,84.5816667,3.6,RANGE_64MiB_partial_tar_gz;resampled_300s_mean
19800,37.8354762,83.67384923333334,4.733333333333333,RANGE_64MiB_partial_tar_gz;resampled_300s_mean
20100,48.731904766666666,87.24753966666667,4.9,RANGE_64MiB_partial_tar_gz;resampled_300s_mean
20400,44.82042333333333,87.47259260000001,4.933333333333334,RANGE_64MiB_partial_tar_gz;resampled_300s_mean
20700,48.226275533333336,86.12818229999999,5.166666666666667,RANGE_64MiB_partial_tar_gz;resampled_300s_mean
21000,43.83363993333333,86.05613396666666,5.566666666666666,RANGE_64MiB_partial_tar_gz;resampled_300s_mean
21300,34.23321017241379,78.94564862068965,5.103448275862069,RANGE_64MiB_partial_tar_gz;resampled_300s_mean
21600,43.668399433333335,81.95670633333334,5.166666666666667,RANGE_64MiB_partial_tar_gz;resampled_300s_mean
21900,43.26419310000001,85.41392859999999,5.666666666666667,RANGE_64MiB_partial_tar_gz;resampled_300s_mean
22200,58.7396573,86.92587423333333,6.033333333333333,RANGE_64MiB_partial_tar_gz;resampled_300s_mean
22500,73.45556880000001,87.06825873333334,5.566666666666666,RANGE_64MiB_partial_tar_gz;resampled_300s_mean
22800,69.1142352,88.67257573333333,5.833333333333333,RANGE_64MiB_partial_tar_gz;resampled_300s_mean
23100,55.858537733333335,85.34364023333333,6.2,RANGE_64MiB_partial_tar_gz;resampled_300s_mean
23400,55.30272720000001,87.99554716666667,5.633333333333334,RANGE_64MiB_partial_tar_gz;resampled_300s_mean
23700,55.27309163333334,87.7450397,6.266666666666667,RANGE_64MiB_partial_tar_gz;resampled_300s_mean
24000,53.335692566666665,87.05017196666667,6.233333333333333,RANGE_64MiB_partial_tar_gz;resampled_300s_mean
24300,49.1089155862069,88.59770113793104,6.379310344827586,RANGE_64MiB_partial_tar_gz;resampled_300s_mean
24600,53.55702743333334,86.9988108,6.6,RANGE_64MiB_partial_tar_gz;resampled_300s_mean
24900,41.304175099999995,83.4583585,6.533333333333333,RANGE_64MiB_partial_tar_gz;resampled_300s_mean
25200,44.9576455,83.95183863333334,5.466666666666667,RANGE_64MiB_partial_tar_gz;resampled_300s_mean
25500,46.10004323333333,81.81836573333334,5.9,RANGE_64MiB_partial_tar_gz;resampled_300s_mean
25800,42.56802913333333,80.7596032,5.366666666666666,RANGE_64MiB_partial_tar_gz;resampled_300s_mean
26100,40.74008296666667,86.3190536,6.0,RANGE_64MiB_partial_tar_gz;resampled_300s_mean
26400,33.9609307,80.03202023333333,5.8,RANGE_64MiB_partial_tar_gz;resampled_300s_mean
26700,44.894874933333334,86.84488093333333,6.8,RANGE_64MiB_partial_tar_gz;resampled_300s_mean
27000,37.067109200000004,81.95735456666667,6.033333333333333,RANGE_64MiB_partial_tar_gz;resampled_300s_mean
27300,38.58172076666666,82.3911449,6.233333333333333,RANGE_64MiB_partial_tar_gz;resampled_300s_mean
27600,33.06619886666667,81.58598123333333,6.133333333333334,RANGE_64MiB_partial_tar_gz;resampled_300s_mean
27900,33.5783718,81.69881313333333,6.966666666666667,RANGE_64MiB_partial_tar_gz;resampled_300s_mean
28200,33.0894104,84.56418363333334,6.633333333333334,RANGE_64MiB_partial_tar_gz;resampled_300s_mean
28500,33.77398146666666,81.65916663333334,6.4,RANGE_64MiB_partial_tar_gz;resampled_300s_mean
28800,46.2619403,85.18532366666666,6.866666666666666,RANGE_64MiB_partial_tar_gz;resampled_300s_mean
29100,43.2495431,83.8148112,6.3,RANGE_64MiB_partial_tar_gz;resampled_300s_mean
29400,35.00800266666667,76.89808196666667,5.766666666666667,RANGE_64MiB_partial_tar_gz;resampled_300s_mean
29700,40.653989933333335,77.83013460000001,6.333333333333333,RANGE_64MiB_partial_tar_gz;resampled_300s_mean
30000,40.17604133333334,84.09336223333334,7.6,RANGE_64MiB_partial_tar_gz;resampled_300s_mean
30300,43.18701063333333,82.9420238,7.033333333333333,RANGE_64MiB_partial_tar_gz;resampled_300s_mean
30600,39.5334765,81.50050706666667,6.066666666666666,RANGE_64MiB_partial_tar_gz;resampled_300s_mean
30900,34.48410653333334,79.45541123333334,6.766666666666667,RANGE_64MiB_partial_tar_gz;resampled_300s_mean
31200,39.29003976666667,81.12532856666667,7.0,RANGE_64MiB_partial_tar_gz;resampled_300s_mean
31500,39.248250399999996,80.07936756666666,7.766666666666667,RANGE_64MiB_partial_tar_gz;resampled_300s_mean
31800,37.57704886206896,80.30720634482759,5.862068965517241,RANGE_64MiB_partial_tar_gz;resampled_300s_mean
32100,35.90816136666667,80.89838626666666,7.1,RANGE_64MiB_partial_tar_gz;resampled_300s_mean
32400,40.3477513,81.10034390000001,5.9,RANGE_64MiB_partial_tar_gz;resampled_300s_mean
32700,35.64099203333333,78.2202778,5.6,RANGE_64MiB_partial_tar_gz;resampled_300s_mean
33000,39.66154406666667,82.28314926666667,5.766666666666667,RANGE_64MiB_partial_tar_gz;resampled_300s_mean
33300,33.421192866666665,79.42207789999999,5.7,RANGE_64MiB_partial_tar_gz;resampled_300s_mean
33600,35.7871428,81.10272490000001,5.7,RANGE_64MiB_partial_tar_gz;resampled_300s_mean
33900,35.41041006666667,80.47968253333333,5.633333333333334,RANGE_64MiB_partial_tar_gz;resampled_300s_mean
34200,31.8313889,80.46625666666667,5.8,RANGE_64MiB_partial_tar_gz;resampled_300s_mean
34500,29.92911133333333,76.54727513333334,7.433333333333334,RANGE_64MiB_partial_tar_gz;resampled_300s_mean
34800,34.68898146666667,80.6782011,7.033333333333333,RANGE_64MiB_partial_tar_gz;resampled_300s_mean
35100,38.11684876666666,80.22216726666667,7.066666666666666,RANGE_64MiB_partial_tar_gz;resampled_300s_mean
35400,34.21994706666667,81.3400397,6.5,RANGE_64MiB_partial_tar_gz;resampled_300s_mean
35700,33.32969456666667,80.28004083333333,6.3,RANGE_64MiB_partial_tar_gz;resampled_300s_mean
36000,39.32003006666666,83.22413060000001,7.233333333333333,RANGE_64MiB_partial_tar_gz;resampled_300s_mean
36300,35.222203066666665,80.28074926666666,6.933333333333334,RANGE_64MiB_partial_tar_gz;resampled_300s_mean
36600,35.5969312,80.34941793333334,5.566666666666666,RANGE_64MiB_partial_tar_gz;resampled_300s_mean
36900,34.467637133333334,79.30734486666667,6.666666666666667,RANGE_64MiB_partial_tar_gz;resampled_300s_mean
37200,31.96133596666667,81.99236776666666,6.1,RANGE_64MiB_partial_tar_gz;resampled_300s_mean
37500,30.650330666666665,78.84449733333334,5.566666666666666,RANGE_64MiB_partial_tar_gz;resampled_300s_mean
37800,28.314285700000003,77.7425265,6.0,RANGE_64MiB_partial_tar_gz;resampled_300s_mean
38100,26.4356349,76.11392856666666,6.066666666666666,RANGE_64MiB_partial_tar_gz;resampled_300s_mean
38400,29.6018386,76.8398809,5.8,RANGE_64MiB_partial_tar_gz;resampled_300s_mean
38700,27.4571428,73.34920633333333,6.066666666666666,RANGE_64MiB_partial_tar_gz;resampled_300s_mean
39000,28.7679497,76.73982796666665,6.533333333333333,RANGE_64MiB_partial_tar_gz;resampled_300s_mean
39300,23.7163517,77.43378956666668,7.466666666666667,RANGE_64MiB_partial_tar_gz;resampled_300s_mean
39600,27.696415333333334,79.1433466,6.133333333333334,RANGE_64MiB_partial_tar_gz;resampled_300s_mean
39900,30.8027044,77.30564453333334,6.8,RANGE_64MiB_partial_tar_gz;resampled_300s_mean
40200,34.7340212,78.06920636666668,6.733333333333333,RANGE_64MiB_partial_tar_gz;resampled_300s_mean
40500,32.19615003333333,78.55531643333333,6.833333333333333,RANGE_64MiB_partial_tar_gz;resampled_300s_mean
40800,33.96852453333334,76.21332486666667,6.766666666666667,RANGE_64MiB_partial_tar_gz;resampled_300s_mean
41100,35.462008233333336,81.45973666666667,7.5,RANGE_64MiB_partial_tar_gz;resampled_300s_mean
41400,35.14720543333333,80.42099929999999,6.633333333333334,RANGE_64MiB_partial_tar_gz;resampled_300s_mean
41700,28.37320103333333,80.64215606666667,5.466666666666667,RANGE_64MiB_partial_tar_gz;resampled_300s_mean
42000,27.070462966666664,82.83665346666666,6.2,RANGE_64MiB_partial_tar_gz;resampled_300s_mean
42300,28.909537066666665,82.58517789999999,5.666666666666667,RANGE_64MiB_partial_tar_gz;resampled_300s_mean
42600,32.789021166666664,77.95876986666667,6.4,RANGE_64MiB_partial_tar_gz;resampled_300s_mean
42900,31.670790033333333,80.06127466666666,6.2,RANGE_64MiB_partial_tar_gz;resampled_300s_mean
43200,35.9880738,83.60002543333333,6.5,RANGE_64MiB_partial_tar_gz;resampled_300s_mean
43500,31.157394166666666,83.4699379,6.8,RANGE_64MiB_partial_tar_gz;resampled_300s_mean
43800,34.98745673333334,84.63354980000001,6.266666666666667,RANGE_64MiB_partial_tar_gz;resampled_300s_mean
44100,28.652896833333333,78.7034391,5.133333333333334,RANGE_64MiB_partial_tar_gz;resampled_300s_mean
44400,27.474426466666667,78.00022723333333,5.733333333333333,RANGE_64MiB_partial_tar_gz;resampled_300s_mean
44700,26.297447066666667,77.415172,6.1,RANGE_64MiB_partial_tar_gz;resampled_300s_mean
45000,22.9680922,75.58058303333334,6.3,RANGE_64MiB_partial_tar_gz;resampled_300s_mean
45300,24.163765033333334,77.8746164,6.3,RANGE_64MiB_partial_tar_gz;resampled_300s_mean
45600,34.12377346666667,78.29165583333334,5.866666666666666,RANGE_64MiB_partial_tar_gz;resampled_300s_mean
45900,30.396468233333334,82.18426893333334,6.266666666666667,RANGE_64MiB_partial_tar_gz;resampled_300s_mean
46200,33.133730199999995,86.56630946666668,5.933333333333334,RANGE_64MiB_partial_tar_gz;resampled_300s_mean
46500,27.15990383333333,82.40260463333334,7.2,RANGE_64MiB_partial_tar_gz;resampled_300s_mean
46800,30.555013233333334,83.82009266666667,6.8,RANGE_64MiB_partial_tar_gz;resampled_300s_mean
47100,30.401625333333335,85.07110566666667,7.8,RANGE_64MiB_partial_tar_gz;resampled_300s_mean
47400,31.646524466666666,83.96456633333334,8.233333333333333,RANGE_64MiB_partial_tar_gz;resampled_300s_mean
47700,35.3282631,86.54481896666667,7.366666666666666,RANGE_64MiB_partial_tar_gz;resampled_300s_mean
48000,31.7058128,85.06280416666667,6.266666666666667,RANGE_64MiB_partial_tar_gz;resampled_300s_mean
48300,28.4660425,82.23449976666667,6.7,RANGE_64MiB_partial_tar_gz;resampled_300s_mean
48600,31.917205066666668,84.86712116666666,7.366666666666666,RANGE_64MiB_partial_tar_gz;resampled_300s_mean
48900,27.7837915,81.67906446666666,6.966666666666667,RANGE_64MiB_partial_tar_gz;resampled_300s_mean
49200,43.73330446666667,85.57954663333334,6.833333333333333,RANGE_64MiB_partial_tar_gz;resampled_300s_mean
49500,31.0151335,82.83157286666666,7.0,RANGE_64MiB_partial_tar_gz;resampled_300s_mean
49800,30.750992066666665,83.93818783333333,8.133333333333333,RANGE_64MiB_partial_tar_gz;resampled_300s_mean
50100,28.740545933333333,80.65285709999999,7.566666666666666,RANGE_64MiB_partial_tar_gz;resampled_300s_mean
50400,33.2876517,86.12547613333332,7.433333333333334,RANGE_64MiB_partial_tar_gz;resampled_300s_mean
50700,32.04809793333333,84.99624913333334,7.7,RANGE_64MiB_partial_tar_gz;resampled_300s_mean
51000,31.796909233333334,82.65481053333333,8.9,RANGE_64MiB_partial_tar_gz;resampled_300s_mean
51300,30.2384788,81.67917176666667,7.566666666666666,RANGE_64MiB_partial_tar_gz;resampled_300s_mean
51600,30.082896766666668,79.73269843333334,6.966666666666667,RANGE_64MiB_partial_tar_gz;resampled_300s_mean
51900,27.46739416666667,82.28699733333333,7.533333333333333,RANGE_64MiB_partial_tar_gz;resampled_300s_mean
52200,32.3917424,84.17587303333333,7.466666666666667,RANGE_64MiB_partial_tar_gz;resampled_300s_mean
52500,35.25993883333333,85.48552686666667,8.3,RANGE_64MiB_partial_tar_gz;resampled_300s_mean
52800,30.0304365,82.32269840000001,6.166666666666667,RANGE_64MiB_partial_tar_gz;resampled_300s_mean
53100,29.40347693333333,82.26836870000001,6.933333333333334,RANGE_64MiB_partial_tar_gz;resampled_300s_mean
53400,27.485613566666665,81.93721203333332,6.366666666666666,RANGE_64MiB_partial_tar_gz;resampled_300s_mean
53700,24.9911328,82.24903556666666,6.666666666666667,RANGE_64MiB_partial_tar_gz;resampled_300s_mean
54000,30.2282804,84.18103169999999,6.566666666666666,RANGE_64MiB_partial_tar_gz;resampled_300s_mean
54300,32.35508903333333,87.11189756666666,6.533333333333333,RANGE_64MiB_partial_tar_gz;resampled_300s_mean
54600,28.0679131,84.04522616666667,7.4,RANGE_64MiB_partial_tar_gz;resampled_300s_mean
54900,28.060878300000002,84.51420436666668,7.333333333333333,RANGE_64MiB_partial_tar_gz;resampled_300s_mean
55200,31.781546933333335,81.24959223333333,8.366666666666667,RANGE_64MiB_partial_tar_gz;resampled_300s_mean
55500,31.034997633333333,82.90301106666668,7.2,RANGE_64MiB_partial_tar_gz;resampled_300s_mean
55800,28.45700726666667,83.09367466666666,7.366666666666666,RANGE_64MiB_partial_tar_gz;resampled_300s_mean
56100,29.411453766666668,81.51756853333333,7.133333333333334,RANGE_64MiB_partial_tar_gz;resampled_300s_mean
56400,30.248926866666668,84.85861946666667,7.266666666666667,RANGE_64MiB_partial_tar_gz;resampled_300s_mean
56700,34.42701913333334,87.4448955,7.533333333333333,RANGE_64MiB_partial_tar_gz;resampled_300s_mean
57000,36.60177373333333,83.47887326666667,6.833333333333333,RANGE_64MiB_partial_tar_gz;resampled_300s_mean
57300,32.4158333,87.04154393333333,7.433333333333334,RANGE_64MiB_partial_tar_gz;resampled_300s_mean
57600,30.14352093333333,86.228563,7.266666666666667,RANGE_64MiB_partial_tar_gz;resampled_300s_mean
57900,33.11607866666667,88.6038964,8.3,RANGE_64MiB_partial_tar_gz;resampled_300s_mean
58200,32.495050533333334,88.88551826666666,6.766666666666667,RANGE_64MiB_partial_tar_gz;resampled_300s_mean
58500,33.920162133333335,84.47660263333334,7.7,RANGE_64MiB_partial_tar_gz;resampled_300s_mean
58800,30.5962434,86.1061701,7.166666666666667,RANGE_64MiB_partial_tar_gz;resampled_300s_mean
59100,33.256415366666666,84.7546825,7.8,RANGE_64MiB_partial_tar_gz;resampled_300s_mean
59400,36.39209016666667,84.74663869999999,7.666666666666667,RANGE_64MiB_partial_tar_gz;resampled_300s_mean
59700,35.896977,83.45669413333333,7.233333333333333,RANGE_64MiB_partial_tar_gz;resampled_300s_mean
60000,29.3503042,82.7785053,7.0,RANGE_64MiB_partial_tar_gz;resampled_300s_mean
60300,26.66723186666667,81.55841149999999,6.966666666666667,RANGE_64MiB_partial_tar_gz;resampled_300s_mean
60600,28.158336966666663,79.69092596666665,7.266666666666667,RANGE_64MiB_partial_tar_gz;resampled_300s_mean
60900,27.242214966666666,81.94138766666667,7.4,RANGE_64MiB_partial_tar_gz;resampled_300s_mean
61200,32.19533066666666,84.05085976666666,6.7,RANGE_64MiB_partial_tar_gz;resampled_300s_mean
61500,34.60601856666666,87.99658726666667,5.733333333333333,RANGE_64MiB_partial_tar_gz;resampled_300s_mean
61800,33.916502482758624,88.2529145862069,4.448275862068965,RANGE_64MiB_partial_tar_gz;resampled_300s_mean
62100,34.37678567857143,84.09523810714286,3.0714285714285716,RANGE_64MiB_partial_tar_gz;resampled_300s_mean
62400,32.237547862068965,85.43338806896551,3.8275862068965516,RANGE_64MiB_partial_tar_gz;resampled_300s_mean
62700,28.4036111,85.24350526666667,6.1,RANGE_64MiB_partial_tar_gz;resampled_300s_mean
63000,27.429936966666666,83.77500403333333,7.533333333333333,RANGE_64MiB_partial_tar_gz;resampled_300s_mean
63300,33.08792233333333,85.67208876666668,7.666666666666667,RANGE_64MiB_partial_tar_gz;resampled_300s_mean
63600,35.208178233333335,83.61700936666666,6.7,RANGE_64MiB_partial_tar_gz;resampled_300s_mean
63900,35.122703200000004,84.31233046666667,7.0,RANGE_64MiB_partial_tar_gz;resampled_300s_mean
64200,32.073573833333334,86.70274646666667,7.6,RANGE_64MiB_partial_tar_gz;resampled_300s_mean
64500,23.677673933333335,81.9245034,7.333333333333333,RANGE_64MiB_partial_tar_gz;resampled_300s_mean
64800,30.6629278,87.13897896666667,6.7,RANGE_64MiB_partial_tar_gz;resampled_300s_mean
65100,38.6185836,86.703121,7.333333333333333,RANGE_64MiB_partial_tar_gz;resampled_300s_mean
65400,35.08856876666667,84.67554176666665,8.033333333333333,RANGE_64MiB_partial_tar_gz;resampled_300s_mean
65700,33.2284764,86.58258653333334,8.0,RANGE_64MiB_partial_tar_gz;resampled_300s_mean
66000,30.099379533333334,83.66589233333335,8.033333333333333,RANGE_64MiB_partial_tar_gz;resampled_300s_mean
66300,27.127727266666668,84.11615443333334,7.866666666666666,RANGE_64MiB_partial_tar_gz;resampled_300s_mean
66600,28.39226996551724,84.216786,7.275862068965517,RANGE_64MiB_partial_tar_gz;resampled_300s_mean
66900,27.0973101,82.29493916666667,8.1,RANGE_64MiB_partial_tar_gz;resampled_300s_mean
67200,24.309207933333333,83.10150023333334,7.633333333333334,RANGE_64MiB_partial_tar_gz;resampled_300s_mean
67500,21.9443386,79.7622222,7.3,RANGE_64MiB_partial_tar_gz;resampled_300s_mean
67800,26.661324,82.10398693333333,8.2,RANGE_64MiB_partial_tar_gz;resampled_300s_mean
68100,24.824345433333335,82.4094582,7.366666666666666,RANGE_64MiB_partial_tar_gz;resampled_300s_mean
68400,24.520464933333336,81.85272973333333,7.566666666666666,RANGE_64MiB_partial_tar_gz;resampled_300s_mean
68700,30.348466766666665,83.46686873333333,7.533333333333333,RANGE_64MiB_partial_tar_gz;resampled_300s_mean
69000,25.63859066666667,81.48258893333333,7.033333333333333,RANGE_64MiB_partial_tar_gz;resampled_300s_mean
69300,28.102044266666667,85.00878673333334,6.9,RANGE_64MiB_partial_tar_gz;resampled_300s_mean
69600,27.856462166666667,83.88733006666666,6.766666666666667,RANGE_64MiB_partial_tar_gz;resampled_300s_mean
69900,22.4098148,81.28671956666668,5.733333333333333,RANGE_64MiB_partial_tar_gz;resampled_300s_mean
70200,25.337159666666665,83.55539560000001,6.933333333333334,RANGE_64MiB_partial_tar_gz;resampled_300s_mean
70500,23.374562266666665,86.0327345,6.2,RANGE_64MiB_partial_tar_gz;resampled_300s_mean
70800,28.534202766666667,84.03493619999999,7.533333333333333,RANGE_64MiB_partial_tar_gz;resampled_300s_mean
71100,24.647881199999997,85.08073110000001,6.3,RANGE_64MiB_partial_tar_gz;resampled_300s_mean
71400,24.806370633333334,82.35994609999999,6.733333333333333,RANGE_64MiB_partial_tar_gz;resampled_300s_mean
71700,28.386210966666667,85.76640453333333,7.233333333333333,RANGE_64MiB_partial_tar_gz;resampled_300s_mean
72000,29.131566866666667,85.4250289,6.633333333333334,RANGE_64MiB_partial_tar_gz;resampled_300s_mean
72300,29.441209,85.24320089999999,6.866666666666666,RANGE_64MiB_partial_tar_gz;resampled_300s_mean
72600,28.945482166666668,85.41198173333333,6.633333333333334,RANGE_64MiB_partial_tar_gz;resampled_300s_mean
72900,28.260185200000002,83.4535582,5.766666666666667,RANGE_64MiB_partial_tar_gz;resampled_300s_mean
73200,27.818036,86.29541256666667,6.866666666666666,RANGE_64MiB_partial_tar_gz;resampled_300s_mean
73500,29.087407466666665,83.27210316666667,6.1,RANGE_64MiB_partial_tar_gz;resampled_300s_mean
73800,29.4435842,84.18839576666666,6.533333333333333,RANGE_64MiB_partial_tar_gz;resampled_300s_mean
74100,28.471087066666666,83.2766438,6.9,RANGE_64MiB_partial_tar_gz;resampled_300s_mean
74400,27.603469333333333,85.30271246666666,7.466666666666667,RANGE_64MiB_partial_tar_gz;resampled_300s_mean
74700,20.92410776666667,81.48726786666666,7.066666666666666,RANGE_64MiB_partial_tar_gz;resampled_300s_mean
75000,31.36496513333333,86.50106183333334,5.833333333333333,RANGE_64MiB_partial_tar_gz;resampled_300s_mean
75300,30.038582233333333,85.64522006666667,6.966666666666667,RANGE_64MiB_partial_tar_gz;resampled_300s_mean
75600,32.90547373333333,86.4296404,7.2,RANGE_64MiB_partial_tar_gz;resampled_300s_mean
75900,30.2499206,84.7178307,7.366666666666666,RANGE_64MiB_partial_tar_gz;resampled_300s_mean
76200,28.878036333333334,82.94414766666667,7.0,RANGE_64MiB_partial_tar_gz;resampled_300s_mean
76500,30.372732133333333,85.29475106666668,6.333333333333333,RANGE_64MiB_partial_tar_gz;resampled_300s_mean
76800,29.763365733333334,84.5103487,7.133333333333334,RANGE_64MiB_partial_tar_gz;resampled_300s_mean
77100,28.6443124,87.33638563333334,8.4,RANGE_64MiB_partial_tar_gz;resampled_300s_mean
77400,27.50917026666667,83.6661364,6.766666666666667,RANGE_64MiB_partial_tar_gz;resampled_300s_mean
77700,25.92696126666667,84.55059173333333,6.233333333333333,RANGE_64MiB_partial_tar_gz;resampled_300s_mean
78000,22.7692196,84.16902116666667,6.6,RANGE_64MiB_partial_tar_gz;resampled_300s_mean
78300,26.888822766666667,84.41149466666666,5.966666666666667,RANGE_64MiB_partial_tar_gz;resampled_300s_mean
78600,25.74731243333333,83.87098483333334,5.7,RANGE_64MiB_partial_tar_gz;resampled_300s_mean
78900,26.930003633333335,82.89344639999999,6.2,RANGE_64MiB_partial_tar_gz;resampled_300s_mean
79200,37.41402593333333,85.7332612,5.733333333333333,RANGE_64MiB_partial_tar_gz;resampled_300s_mean
79500,36.474507379310346,85.34215937931035,6.862068965517241,RANGE_64MiB_partial_tar_gz;resampled_300s_mean
79800,23.6681746,87.84285716666666,6.1,RANGE_64MiB_partial_tar_gz;resampled_300s_mean
80100,26.290743133333333,88.5154329,6.8,RANGE_64MiB_partial_tar_gz;resampled_300s_mean
80400,23.116327833333333,86.30041876666668,7.0,RANGE_64MiB_partial_tar_gz;resampled_300s_mean
80700,21.146945633333335,86.61498566666666,7.233333333333333,RANGE_64MiB_partial_tar_gz;resampled_300s_mean
81000,21.482656666666667,86.46467236666668,7.366666666666666,RANGE_64MiB_partial_tar_gz;resampled_300s_mean
81300,22.17156806666667,86.19436636666666,8.0,RANGE_64MiB_partial_tar_gz;resampled_300s_mean
81600,20.128177,84.74273799999999,8.4,RANGE_64MiB_partial_tar_gz;resampled_300s_mean
81900,22.0119589,82.33123376666667,7.533333333333333,RANGE_64MiB_partial_tar_gz;resampled_300s_mean
82200,21.519351833333335,85.17250663333334,6.933333333333334,RANGE_64MiB_partial_tar_gz;resampled_300s_mean
82500,26.039623600000002,87.80923286666666,6.766666666666667,RANGE_64MiB_partial_tar_gz;resampled_300s_mean
82800,26.332290766666667,86.10321909999999,6.866666666666666,RANGE_64MiB_partial_tar_gz;resampled_300s_mean
83100,22.377849933333334,82.73804593333332,6.7,RANGE_64MiB_partial_tar_gz;resampled_300s_mean
83400,20.6645142,82.10792926666666,7.033333333333333,RANGE_64MiB_partial_tar_gz;resampled_300s_mean
83700,24.723779466666667,82.05492663333332,7.866666666666666,RANGE_64MiB_partial_tar_gz;resampled_300s_mean
84000,24.896740966666666,84.31492523333333,7.8,RANGE_64MiB_partial_tar_gz;resampled_300s_mean
84300,25.739475866666666,82.5993537,8.333333333333334,RANGE_64MiB_partial_tar_gz;resampled_300s_mean
84600,24.773964233333334,81.6747407,8.5,RANGE_64MiB_partial_tar_gz;resampled_300s_mean
84900,24.013676433333334,82.47315646666667,8.433333333333334,RANGE_64MiB_partial_tar_gz;resampled_300s_mean
85200,23.158096399999998,79.99251326666666,7.666666666666667,RANGE_64MiB_partial_tar_gz;resampled_300s_mean
85500,24.9146116,81.01644183333333,6.633333333333334,RANGE_64MiB_partial_tar_gz;resampled_300s_mean
85800,19.951909833333332,81.44741043333333,7.7,RANGE_64MiB_partial_tar_gz;resampled_300s_mean
86100,19.418988633333335,81.41430136666666,9.3,RANGE_64MiB_partial_tar_gz;resampled_300s_mean
86400,19.465943133333333,82.36556043333333,9.1,RANGE_64MiB_partial_tar_gz;resampled_300s_mean
86700,33.5963926,84.141966,8.7,RANGE_64MiB_partial_tar_gz;resampled_300s_mean
87000,31.490941533333334,80.84546646666666,8.766666666666667,RANGE_64MiB_partial_tar_gz;resampled_300s_mean
87300,37.710297100000005,84.38484480000001,8.433333333333334,RANGE_64MiB_partial_tar_gz;resampled_300s_mean
87600,32.474852133333336,79.07502413333333,7.666666666666667,RANGE_64MiB_partial_tar_gz;resampled_300s_mean
87900,29.55476003333333,83.46499806666667,8.3,RANGE_64MiB_partial_tar_gz;resampled_300s_mean
88200,24.259404766666666,79.64239416666666,6.5,RANGE_64MiB_partial_tar_gz;resampled_300s_mean
88500,25.018012,81.2039457,7.233333333333333,RANGE_64MiB_partial_tar_gz;resampled_300s_mean
88800,28.0517379,83.21907476666667,8.5,RANGE_64MiB_partial_tar_gz;resampled_300s_mean
89100,27.299162766666665,80.0720076,7.466666666666667,RANGE_64MiB_partial_tar_gz;resampled_300s_mean
89400,29.3039478,80.33201536666667,6.8,RANGE_64MiB_partial_tar_gz;resampled_300s_mean
89700,26.738282833333333,84.64979913333333,7.4,RANGE_64MiB_partial_tar_gz;resampled_300s_mean
90000,35.55474426666667,86.3989973,6.966666666666667,RANGE_64MiB_partial_tar_gz;resampled_300s_mean
90300,27.120704233333335,82.0845314,7.533333333333333,RANGE_64MiB_partial_tar_gz;resampled_300s_mean
90600,23.362506033333332,81.94665646666667,7.466666666666667,RANGE_64MiB_partial_tar_gz;resampled_300s_mean
90900,35.9187594,83.91480856666666,8.133333333333333,RANGE_64MiB_partial_tar_gz;resampled_300s_mean
91200,27.360235733333333,80.88499403333334,7.033333333333333,RANGE_64MiB_partial_tar_gz;resampled_300s_mean
91500,25.700493033333334,78.32207113333334,6.566666666666666,RANGE_64MiB_partial_tar_gz;resampled_300s_mean
91800,29.473787833333333,82.83411613333332,6.333333333333333,RANGE_64MiB_partial_tar_gz;resampled_300s_mean
92100,34.727064766666665,85.2964214,8.133333333333333,RANGE_64MiB_partial_tar_gz;resampled_300s_mean
92400,33.19214063333333,82.75456043333334,7.0,RANGE_64MiB_partial_tar_gz;resampled_300s_mean
92700,29.584091,84.42036053333332,6.266666666666667,RANGE_64MiB_partial_tar_gz;resampled_300s_mean
93000,27.466431666666665,81.93045796666667,7.2,RANGE_64MiB_partial_tar_gz;resampled_300s_mean
93300,27.510372766666666,82.90698649999999,6.433333333333334,RANGE_64MiB_partial_tar_gz;resampled_300s_mean
93600,29.951867133333334,81.09009456666666,7.133333333333334,RANGE_64MiB_partial_tar_gz;resampled_300s_mean
93900,26.442652533333334,80.76383573333332,7.4,RANGE_64MiB_partial_tar_gz;resampled_300s_mean
94200,37.1002117,80.95044973333333,7.5,RANGE_64MiB_partial_tar_gz;resampled_300s_mean
94500,33.0354413,83.60314936666667,6.7,RANGE_64MiB_partial_tar_gz;resampled_300s_mean
94800,32.63168973333333,86.8267535,7.366666666666666,RANGE_64MiB_partial_tar_gz;resampled_300s_mean
95100,29.168452366666667,81.85268403333333,6.633333333333334,RANGE_64MiB_partial_tar_gz;resampled_300s_mean
95400,34.4241462,84.01756106666667,7.166666666666667,RANGE_64MiB_partial_tar_gz;resampled_300s_mean
95700,30.601402066666665,82.36482803333334,5.666666666666667,RANGE_64MiB_partial_tar_gz;resampled_300s_mean
96000,34.12042123333334,82.89876073333333,6.0,RANGE_64MiB_partial_tar_gz;resampled_300s_mean
96300,34.257081500000005,83.39634323333333,6.633333333333334,RANGE_64MiB_partial_tar_gz;resampled_300s_mean
96600,29.4201936,81.52611826666666,7.033333333333333,RANGE_64MiB_partial_tar_gz;resampled_300s_mean
96900,26.522448266666668,78.2332155,6.633333333333334,RANGE_64MiB_partial_tar_gz;resampled_300s_mean
97200,29.5954761,82.22365083333334,6.566666666666666,RANGE_64MiB_partial_tar_gz;resampled_300s_mean
97500,35.13345353333333,81.75019843333332,6.7,RANGE_64MiB_partial_tar_gz;resampled_300s_mean
97800,38.472175500000006,86.6190834,7.633333333333334,RANGE_64MiB_partial_tar_gz;resampled_300s_mean
98100,32.7838158,82.83940023333334,7.366666666666666,RANGE_64MiB_partial_tar_gz;resampled_300s_mean
98400,29.006269866666667,80.77199616666667,6.333333333333333,RANGE_64MiB_partial_tar_gz;resampled_300s_mean
98700,41.0794343,88.25529503333334,7.1,RANGE_64MiB_partial_tar_gz;resampled_300s_mean
99000,33.74817573333333,81.76120916666667,7.666666666666667,RANGE_64MiB_partial_tar_gz;resampled_300s_mean
99300,27.279594200000002,81.4212822,8.3,RANGE_64MiB_partial_tar_gz;resampled_300s_mean
99600,30.041759266666666,77.72038356666667,7.933333333333334,RANGE_64MiB_partial_tar_gz;resampled_300s_mean
99900,32.2831936,79.14040969999999,7.8,RANGE_64MiB_partial_tar_gz;resampled_300s_mean
100200,33.6081073,81.6891354,7.666666666666667,RANGE_64MiB_partial_tar_gz;resampled_300s_mean
100500,29.8883226,78.65066323333333,8.166666666666666,RANGE_64MiB_partial_tar_gz;resampled_300s_mean
100800,35.170402966666664,81.5333068,7.266666666666667,RANGE_64MiB_partial_tar_gz;resampled_300s_mean
101100,34.13175736666667,80.69041109999999,8.7,RANGE_64MiB_partial_tar_gz;resampled_300s_mean
101400,32.9695352,81.428129,7.7,RANGE_64MiB_partial_tar_gz;resampled_300s_mean
101700,32.80112476666667,78.65031963333334,8.3,RANGE_64MiB_partial_tar_gz;resampled_300s_mean
102000,31.0941459,82.43539323333333,9.2,RANGE_64MiB_partial_tar_gz;resampled_300s_mean
102300,31.497332866666667,81.47308193333333,8.4,RANGE_64MiB_partial_tar_gz;resampled_300s_mean
102600,33.8927188,84.71446493333333,7.366666666666666,RANGE_64MiB_partial_tar_gz;resampled_300s_mean
102900,29.6934139,81.8485017,6.9,RANGE_64MiB_partial_tar_gz;resampled_300s_mean
103200,32.405181533333334,81.66885516666666,6.733333333333333,RANGE_64MiB_partial_tar_gz;resampled_300s_mean
103500,41.51430246666667,80.7004726,6.6,RANGE_64MiB_partial_tar_gz;resampled_300s_mean
103800,31.244796833333332,83.59893816666666,7.7,RANGE_64MiB_partial_tar_gz;resampled_300s_mean
104100,34.614629599999994,84.55359789999999,6.3,RANGE_64MiB_partial_tar_gz;resampled_300s_mean
104400,42.54400673333334,85.341621,6.9,RANGE_64MiB_partial_tar_gz;resampled_300s_mean
104700,45.2106879,86.81936503333333,7.066666666666666,RANGE_64MiB_partial_tar_gz;resampled_300s_mean
105000,45.3292196,86.58638436666666,7.1,RANGE_64MiB_partial_tar_gz;resampled_300s_mean
105300,44.015052966666666,84.42182533333333,7.1,RANGE_64MiB_partial_tar_gz;resampled_300s_mean
105600,35.46784683333333,83.06191896666665,7.433333333333334,RANGE_64MiB_partial_tar_gz;resampled_300s_mean
105900,33.967756466666664,80.88387353333333,7.166666666666667,RANGE_64MiB_partial_tar_gz;resampled_300s_mean
106200,36.409907399999994,82.4411243,7.933333333333334,RANGE_64MiB_partial_tar_gz;resampled_300s_mean
106500,44.278611133333335,85.2278175,7.066666666666666,RANGE_64MiB_partial_tar_gz;resampled_300s_mean
106800,45.043180633333336,85.9466234,8.1,RANGE_64MiB_partial_tar_gz;resampled_300s_mean
107100,52.9702155,86.88643276666667,8.5,RANGE_64MiB_partial_tar_gz;resampled_300s_mean
107400,48.8122302,86.5480431,7.7,RANGE_64MiB_partial_tar_gz;resampled_300s_mean
107700,48.643035133333335,81.68300626666665,7.466666666666667,RANGE_64MiB_partial_tar_gz;resampled_300s_mean
108000,65.71931803333334,88.3089769,7.6,RANGE_64MiB_partial_tar_gz;resampled_300s_mean
108300,66.77695136666667,85.03336196666667,8.8,RANGE_64MiB_partial_tar_gz;resampled_300s_mean
108600,58.26111993333333,84.44000856666666,9.066666666666666,RANGE_64MiB_partial_tar_gz;resampled_300s_mean
108900,58.48026253333333,83.60637663333334,7.6,RANGE_64MiB_partial_tar_gz;resampled_300s_mean
109200,49.30432343333334,82.53024813333333,7.9,RANGE_64MiB_partial_tar_gz;resampled_300s_mean
109500,53.507235433333335,82.53848243333333,7.9,RANGE_64MiB_partial_tar_gz;resampled_300s_mean
109800,49.98497316666667,80.43647979999999,7.7,RANGE_64MiB_partial_tar_gz;resampled_300s_mean
110100,55.48974146666667,84.84834413333333,8.166666666666666,RANGE_64MiB_partial_tar_gz;resampled_300s_mean
110400,39.83437943333333,80.94692403333333,6.7,RANGE_64MiB_partial_tar_gz;resampled_300s_mean
110700,49.65215613333333,83.0320767,7.0,RANGE_64MiB_partial_tar_gz;resampled_300s_mean
111000,53.933715799999995,82.33250863333333,7.833333333333333,RANGE_64MiB_partial_tar_gz;resampled_300s_mean
111300,48.22834373333333,80.16695496666667,7.833333333333333,RANGE_64MiB_partial_tar_gz;resampled_300s_mean
111600,49.76694806666667,82.43138166666667,6.933333333333334,RANGE_64MiB_partial_tar_gz;resampled_300s_mean
111900,46.197913633333336,83.03541963333333,7.933333333333334,RANGE_64MiB_partial_tar_gz;resampled_300s_mean
112200,45.95092593333333,82.33380946666666,6.233333333333333,RANGE_64MiB_partial_tar_gz;resampled_300s_mean
112500,46.114200266666664,84.57164616666667,7.266666666666667,RANGE_64MiB_partial_tar_gz;resampled_300s_mean
112800,38.271632999999994,82.05159806666667,7.133333333333334,RANGE_64MiB_partial_tar_gz;resampled_300s_mean
113100,31.743929766666668,76.30888766666666,7.666666666666667,RANGE_64MiB_partial_tar_gz;resampled_300s_mean
113400,35.674060866666665,78.4969541,7.666666666666667,RANGE_64MiB_partial_tar_gz;resampled_300s_mean
113700,44.59394126666667,88.21004816666667,7.2,RANGE_64MiB_partial_tar_gz;resampled_300s_mean
114000,46.195964366666665,84.81613390000001,8.1,RANGE_64MiB_partial_tar_gz;resampled_300s_mean
114300,42.048531733333334,80.44101963333333,7.733333333333333,RANGE_64MiB_partial_tar_gz;resampled_300s_mean
114600,49.21838237931034,80.89078089655172,7.931034482758621,RANGE_64MiB_partial_tar_gz;resampled_300s_mean
114900,47.46829483333333,84.72164986666667,7.633333333333334,RANGE_64MiB_partial_tar_gz;resampled_300s_mean
115200,52.12360183333333,85.06700646666667,8.3,RANGE_64MiB_partial_tar_gz;resampled_300s_mean
115500,44.50931956666667,82.28177023333333,8.033333333333333,RANGE_64MiB_partial_tar_gz;resampled_300s_mean
115800,40.057108,81.3479353,7.7,RANGE_64MiB_partial_tar_gz;resampled_300s_mean
116100,39.48723063333333,79.45510706666667,6.833333333333333,RANGE_64MiB_partial_tar_gz;resampled_300s_mean
116400,40.090741900000005,80.70554233333334,6.8,RANGE_64MiB_partial_tar_gz;resampled_300s_mean
116700,44.385205633333335,82.73623256666666,7.7,RANGE_64MiB_partial_tar_gz;resampled_300s_mean
117000,41.158450275862066,81.04718986206896,6.620689655172414,RANGE_64MiB_partial_tar_gz;resampled_300s_mean
117300,34.4249295,76.61010046666667,6.866666666666666,RANGE_64MiB_partial_tar_gz;resampled_300s_mean
117600,38.754083965517246,80.64654293103449,6.724137931034483,RANGE_64MiB_partial_tar_gz;resampled_300s_mean
117900,37.02539203333333,77.47644903333334,6.9,RANGE_64MiB_partial_tar_gz;resampled_300s_mean
118200,37.739100533333335,76.64712963333334,7.266666666666667,RANGE_64MiB_partial_tar_gz;resampled_300s_mean
118500,40.479377066666665,80.7416956,7.5,RANGE_64MiB_partial_tar_gz;resampled_300s_mean
118800,52.466049500000004,84.13851496666666,7.666666666666667,RANGE_64MiB_partial_tar_gz;resampled_300s_mean
119100,49.22395616666667,85.5583983,8.6,RANGE_64MiB_partial_tar_gz;resampled_300s_mean
119400,47.965726933333336,83.45587843333333,8.533333333333333,RANGE_64MiB_partial_tar_gz;resampled_300s_mean
119700,44.121393733333335,79.89678690000001,6.933333333333334,RANGE_64MiB_partial_tar_gz;resampled_300s_mean
120000,40.898603699999995,79.23525503333333,7.4,RANGE_64MiB_partial_tar_gz;resampled_300s_mean
120300,38.80549666666666,77.7264341,8.266666666666667,RANGE_64MiB_partial_tar_gz;resampled_300s_mean
120600,41.74984443333334,80.65810413333334,6.9,RANGE_64MiB_partial_tar_gz;resampled_300s_mean
120900,38.71554353333333,77.57862193333334,6.566666666666666,RANGE_64MiB_partial_tar_gz;resampled_300s_mean
121200,39.9557576,81.3480352,6.9,RANGE_64MiB_partial_tar_gz;resampled_300s_mean
121500,37.9759564,79.6148443,7.133333333333334,RANGE_64MiB_partial_tar_gz;resampled_300s_mean
121800,37.2364718,79.00387206666666,6.433333333333334,RANGE_64MiB_partial_tar_gz;resampled_300s_mean
122100,36.069705033333335,78.24196186666667,7.1,RANGE_64MiB_partial_tar_gz;resampled_300s_mean
122400,43.95876023333334,81.3871717,7.8,RANGE_64MiB_partial_tar_gz;resampled_300s_mean
122700,44.78806876666667,82.27056883333333,6.2,RANGE_64MiB_partial_tar_gz;resampled_300s_mean
123000,40.362050266666664,80.52087293333334,6.8,RANGE_64MiB_partial_tar_gz;resampled_300s_mean
123300,38.479932633333334,81.40576200000001,6.633333333333334,RANGE_64MiB_partial_tar_gz;resampled_300s_mean
123600,39.21615076666667,80.33309526666667,7.166666666666667,RANGE_64MiB_partial_tar_gz;resampled_300s_mean
123900,34.21332613333333,77.4320274,7.766666666666667,RANGE_64MiB_partial_tar_gz;resampled_300s_mean
124200,37.06366216666667,79.31864073333332,8.233333333333333,RANGE_64MiB_partial_tar_gz;resampled_300s_mean
124500,36.09989293333333,79.88973543333333,8.6,RANGE_64MiB_partial_tar_gz;resampled_300s_mean
124800,30.647320266666664,77.81001063333333,8.0,RANGE_64MiB_partial_tar_gz;resampled_300s_mean
125100,34.84950333333333,80.83958273333333,7.466666666666667,RANGE_64MiB_partial_tar_gz;resampled_300s_mean
125400,29.767358866666665,80.19159429999999,7.866666666666666,RANGE_64MiB_partial_tar_gz;resampled_300s_mean
125700,30.481148866666665,80.89990736666667,8.066666666666666,RANGE_64MiB_partial_tar_gz;resampled_300s_mean
126000,38.5974047,82.17189083333332,8.5,RANGE_64MiB_partial_tar_gz;resampled_300s_mean
126300,41.4043759,82.64974776666666,7.633333333333334,RANGE_64MiB_partial_tar_gz;resampled_300s_mean
126600,46.6063032,82.14312799999999,8.466666666666667,RANGE_64MiB_partial_tar_gz;resampled_300s_mean
126900,51.14214853333333,82.33129216666666,9.166666666666666,RANGE_64MiB_partial_tar_gz;resampled_300s_mean
127200,46.21006356666667,81.160183,8.433333333333334,RANGE_64MiB_partial_tar_gz;resampled_300s_mean
127500,40.023779366666666,82.6475529,8.933333333333334,RANGE_64MiB_partial_tar_gz;resampled_300s_mean
127800,37.8868122,82.26335433333334,8.233333333333333,RANGE_64MiB_partial_tar_gz;resampled_300s_mean
128100,37.514688,81.43684903333333,8.166666666666666,RANGE_64MiB_partial_tar_gz;resampled_300s_mean
128400,37.95801683333333,81.53622913333334,8.933333333333334,RANGE_64MiB_partial_tar_gz;resampled_300s_mean
128700,41.014202733333335,81.71955626666666,8.466666666666667,RANGE_64MiB_partial_tar_gz;resampled_300s_mean
129000,36.30648906666667,79.43955623333333,8.7,RANGE_64MiB_partial_tar_gz;resampled_300s_mean
129300,48.60717136666666,80.76242473333333,7.4,RANGE_64MiB_partial_tar_gz;resampled_300s_mean
129600,41.223328466666665,84.93581043333333,7.6,RANGE_64MiB_partial_tar_gz;resampled_300s_mean
129900,38.47859786666667,83.8628379,7.1,RANGE_64MiB_partial_tar_gz;resampled_300s_mean
130200,36.62626856666667,79.55162816666667,6.8,RANGE_64MiB_partial_tar_gz;resampled_300s_mean
130500,40.03499996666667,82.88469576666667,7.033333333333333,RANGE_64MiB_partial_tar_gz;resampled_300s_mean
130800,36.3014438,79.96233826666666,7.3,RANGE_64MiB_partial_tar_gz;resampled_300s_mean
131100,35.8044125,81.06048393333334,9.0,RANGE_64MiB_partial_tar_gz;resampled_300s_mean
131400,37.62917986666666,80.77841263333333,7.8,RANGE_64MiB_partial_tar_gz;resampled_300s_mean
131700,37.870070766666664,83.97687023333333,8.666666666666666,RANGE_64MiB_partial_tar_gz;resampled_300s_mean
132000,34.82043926666667,82.12247286666667,8.2,RANGE_64MiB_partial_tar_gz;resampled_300s_mean
132300,34.45868376666667,82.49764696666666,8.866666666666667,RANGE_64MiB_partial_tar_gz;resampled_300s_mean
132600,30.784747499999998,81.58366166666666,8.533333333333333,RANGE_64MiB_partial_tar_gz;resampled_300s_mean
132900,30.9744985,82.5294144,7.966666666666667,RANGE_64MiB_partial_tar_gz;resampled_300s_mean
133200,29.98033666666667,81.96189756666666,8.133333333333333,RANGE_64MiB_partial_tar_gz;resampled_300s_mean
133500,34.86314813333333,83.18210316666666,6.066666666666666,RANGE_64MiB_partial_tar_gz;resampled_300s_mean
133800,32.47899103333334,84.67952976666668,8.566666666666666,RANGE_64MiB_partial_tar_gz;resampled_300s_mean
134100,33.17391833333333,83.73011199999999,7.766666666666667,RANGE_64MiB_partial_tar_gz;resampled_300s_mean
134400,31.777328033333333,81.8583334,7.8,RANGE_64MiB_partial_tar_gz;resampled_300s_mean
134700,28.333402433333333,80.73894303333333,8.466666666666667,RANGE_64MiB_partial_tar_gz;resampled_300s_mean
135000,26.87455783333333,83.16192953333332,8.166666666666666,RANGE_64MiB_partial_tar_gz;resampled_300s_mean
135300,32.66209516666667,82.3799231,8.766666666666667,RANGE_64MiB_partial_tar_gz;resampled_300s_mean
135600,32.0195852,83.34803706666666,8.666666666666666,RANGE_64MiB_partial_tar_gz;resampled_300s_mean
135900,30.59005373333333,87.42744493333333,8.533333333333333,RANGE_64MiB_partial_tar_gz;resampled_300s_mean
136200,28.203808066666667,84.8263934,8.133333333333333,RANGE_64MiB_partial_tar_gz;resampled_300s_mean
136500,31.44793866666667,86.62204113333334,7.6,RANGE_64MiB_partial_tar_gz;resampled_300s_mean
136800,36.75341153333333,87.92376056666667,7.8,RANGE_64MiB_partial_tar_gz;resampled_300s_mean
137100,32.17794636666667,86.0563341,8.266666666666667,RANGE_64MiB_partial_tar_gz;resampled_300s_mean
137400,31.90274,83.3988611,7.8,RANGE_64MiB_partial_tar_gz;resampled_300s_mean
137700,35.98951876666667,85.88983576666666,7.833333333333333,RANGE_64MiB_partial_tar_gz;resampled_300s_mean
138000,32.048475466666666,85.08387330000001,8.2,RANGE_64MiB_partial_tar_gz;resampled_300s_mean
138300,29.096719566666664,82.63704066666666,7.433333333333334,RANGE_64MiB_partial_tar_gz;resampled_300s_mean
138600,31.925965566666665,83.30194446666665,7.366666666666666,RANGE_64MiB_partial_tar_gz;resampled_300s_mean
138900,26.949332666666667,80.6255062,7.333333333333333,RANGE_64MiB_partial_tar_gz;resampled_300s_mean
139200,27.621943433333335,81.49338926666665,7.3,RANGE_64MiB_partial_tar_gz;resampled_300s_mean
139500,29.1500241,84.12869053333334,7.0,RANGE_64MiB_partial_tar_gz;resampled_300s_mean
139800,32.26072276666667,85.2671783,8.166666666666666,RANGE_64MiB_partial_tar_gz;resampled_300s_mean
140100,29.5898064,84.75025853333334,7.366666666666666,RANGE_64MiB_partial_tar_gz;resampled_300s_mean
140400,33.62075153333333,85.4883766,6.8,RANGE_64MiB_partial_tar_gz;resampled_300s_mean
140700,30.312500033333333,81.60589946666667,4.933333333333334,RANGE_64MiB_partial_tar_gz;resampled_300s_mean
141000,32.559259222222224,76.73518516666667,1.7777777777777777,RANGE_64MiB_partial_tar_gz;resampled_300s_mean
141300,33.474359,81.16666669230769,1.5384615384615385,RANGE_64MiB_partial_tar_gz;resampled_300s_mean
160500,29.090211909090907,86.5844385,8.090909090909092,RANGE_64MiB_partial_tar_gz;resampled_300s_mean
160800,30.84684866666667,83.75922433333334,11.1,RANGE_64MiB_partial_tar_gz;resampled_300s_mean
161100,37.3062776,87.51723613333334,10.233333333333333,RANGE_64MiB_partial_tar_gz;resampled_300s_mean
161400,37.76646793333334,84.710464,11.0,RANGE_64MiB_partial_tar_gz;resampled_300s_mean
161700,30.118696,83.35198776666667,10.666666666666666,RANGE_64MiB_partial_tar_gz;resampled_300s_mean
162000,39.558462299999995,85.49992303333333,10.1,RANGE_64MiB_partial_tar_gz;resampled_300s_mean
162300,37.99973766666667,84.6171126,11.433333333333334,RANGE_64MiB_partial_tar_gz;resampled_300s_mean
162600,38.912467666666664,86.16677126666667,10.6,RANGE_64MiB_partial_tar_gz;resampled_300s_mean
162900,44.20347733333333,88.23939879999999,11.066666666666666,RANGE_64MiB_partial_tar_gz;resampled_300s_mean
163200,35.4673399,83.85888776666667,10.766666666666667,RANGE_64MiB_partial_tar_gz;resampled_300s_mean
163500,31.848382466666667,84.3809758,10.4,RANGE_64MiB_partial_tar_gz;resampled_300s_mean
163800,30.7209423,84.74156973333334,11.233333333333333,RANGE_64MiB_partial_tar_gz;resampled_300s_mean
164100,27.9181448,82.55858856666667,10.866666666666667,RANGE_64MiB_partial_tar_gz;resampled_300s_mean
164400,27.113795433333333,83.4119999,11.8,RANGE_64MiB_partial_tar_gz;resampled_300s_mean
164700,23.907053800000003,83.22441586666667,12.3,RANGE_64MiB_partial_tar_gz;resampled_300s_mean
165000,23.019432433333336,83.1048319,10.4,RANGE_64MiB_partial_tar_gz;resampled_300s_mean
165300,24.301882033333335,80.7919074,11.8,RANGE_64MiB_partial_tar_gz;resampled_300s_mean
165600,28.896495833333333,82.4174973,11.633333333333333,RANGE_64MiB_partial_tar_gz;resampled_300s_mean
165900,25.935689566666667,83.99228406666666,10.566666666666666,RANGE_64MiB_partial_tar_gz;resampled_300s_mean
166200,24.027409533333334,82.92742396666667,11.433333333333334,RANGE_64MiB_partial_tar_gz;resampled_300s_mean
166500,28.02188333333333,86.6284344,10.933333333333334,RANGE_64MiB_partial_tar_gz;resampled_300s_mean
166800,27.510990633333332,86.56226766666667,10.866666666666667,RANGE_64MiB_partial_tar_gz;resampled_300s_mean
167100,23.469942366666665,82.17785743333334,11.0,RANGE_64MiB_partial_tar_gz;resampled_300s_mean
167400,26.605561033333334,84.0896981,11.166666666666666,RANGE_64MiB_partial_tar_gz;resampled_300s_mean
167700,27.0159549,85.41138206666666,10.566666666666666,RANGE_64MiB_partial_tar_gz;resampled_300s_mean
168000,31.146732966666665,84.3232876,11.033333333333333,RANGE_64MiB_partial_tar_gz;resampled_300s_mean
168300,27.015998566666667,84.1298812,10.8,RANGE_64MiB_partial_tar_gz;resampled_300s_mean
168600,25.04338733333333,83.1015749,9.966666666666667,RANGE_64MiB_partial_tar_gz;resampled_300s_mean
168900,23.0403859,83.35065566666667,10.8,RANGE_64MiB_partial_tar_gz;resampled_300s_mean
169200,27.890748666666664,83.8137562,10.7,RANGE_64MiB_partial_tar_gz;resampled_300s_mean
169500,31.221311633333336,87.1292045,11.566666666666666,RANGE_64MiB_partial_tar_gz;resampled_300s_mean
169800,24.242924866666666,83.4643111,10.433333333333334,RANGE_64MiB_partial_tar_gz;resampled_300s_mean
170100,28.243882166666666,85.47227736666667,10.733333333333333,RANGE_64MiB_partial_tar_gz;resampled_300s_mean
170400,27.224766833333334,86.1169788,10.233333333333333,RANGE_64MiB_partial_tar_gz;resampled_300s_mean
170700,26.107071166666667,83.56801879999999,11.033333333333333,RANGE_64MiB_partial_tar_gz;resampled_300s_mean
171000,26.773206033333334,87.01055416666667,11.9,RANGE_64MiB_partial_tar_gz;resampled_300s_mean
171300,21.1432492,82.6658986,12.633333333333333,RANGE_64MiB_partial_tar_gz;resampled_300s_mean
171600,23.90605426666667,84.94594946666666,10.733333333333333,RANGE_64MiB_partial_tar_gz;resampled_300s_mean
171900,26.819728066666666,84.46863596666667,10.366666666666667,RANGE_64MiB_partial_tar_gz;resampled_300s_mean
172200,23.636520833333336,85.81559443333335,11.033333333333333,RANGE_64MiB_partial_tar_gz;resampled_300s_mean
172500,22.031646566666666,85.98662399999999,9.866666666666667,RANGE_64MiB_partial_tar_gz;resampled_300s_mean
172800,29.5978553,88.87097693333334,9.866666666666667,RANGE_64MiB_partial_tar_gz;resampled_300s_mean
173100,34.2129311,87.5664032,11.133333333333333,RANGE_64MiB_partial_tar_gz;resampled_300s_mean
173400,35.727795900000004,85.9829309,10.3,RANGE_64MiB_partial_tar_gz;resampled_300s_mean
173700,34.16554863333333,85.4656183,11.966666666666667,RANGE_64MiB_partial_tar_gz;resampled_300s_mean
174000,37.194057300000004,86.46063106666666,11.833333333333334,RANGE_64MiB_partial_tar_gz;resampled_300s_mean
174300,35.9990879,85.44942633333334,9.4,RANGE_64MiB_partial_tar_gz;resampled_300s_mean
174600,32.86909566666667,85.63966633333332,10.366666666666667,RANGE_64MiB_partial_tar_gz;resampled_300s_mean
174900,32.838045900000004,82.25115083333334,10.7,RANGE_64MiB_partial_tar_gz;resampled_300s_mean
175200,31.1851646,82.09137213333334,11.8,RANGE_64MiB_partial_tar_gz;resampled_300s_mean
175500,27.986425466666667,82.04631966666668,11.066666666666666,RANGE_64MiB_partial_tar_gz;resampled_300s_mean
175800,26.1369566,81.37442393333335,11.3,RANGE_64MiB_partial_tar_gz;resampled_300s_mean
176100,24.3716584,82.4016488,11.866666666666667,RANGE_64MiB_partial_tar_gz;resampled_300s_mean
176400,31.4659673,86.1001535,11.933333333333334,RANGE_64MiB_partial_tar_gz;resampled_300s_mean
176700,28.396967866666667,83.79603053333334,10.1,RANGE_64MiB_partial_tar_gz;resampled_300s_mean
177000,26.5676274,82.2482011,11.566666666666666,RANGE_64MiB_partial_tar_gz;resampled_300s_mean
177300,34.13583843333333,85.06530599999999,11.1,RANGE_64MiB_partial_tar_gz;resampled_300s_mean
177600,41.925352366666665,86.85075520000001,10.233333333333333,RANGE_64MiB_partial_tar_gz;resampled_300s_mean
177900,36.13091863333333,85.02181813333333,10.233333333333333,RANGE_64MiB_partial_tar_gz;resampled_300s_mean
178200,35.35800936666667,88.11811233333333,10.866666666666667,RANGE_64MiB_partial_tar_gz;resampled_300s_mean
178500,34.1964638,86.43167236666666,10.633333333333333,RANGE_64MiB_partial_tar_gz;resampled_300s_mean
178800,33.35290706666667,86.72052493333334,10.9,RANGE_64MiB_partial_tar_gz;resampled_300s_mean
179100,30.8827077,84.83639383333335,10.5,RANGE_64MiB_partial_tar_gz;resampled_300s_mean
179400,28.72979946666667,81.8693981,11.1,RANGE_64MiB_partial_tar_gz;resampled_300s_mean
179700,27.342528833333333,82.2754761,10.2,RANGE_64MiB_partial_tar_gz;resampled_300s_mean
180000,34.182011800000005,83.3090741,11.0,RANGE_64MiB_partial_tar_gz;resampled_300s_mean
180300,37.78341996666666,86.6458573,11.633333333333333,RANGE_64MiB_partial_tar_gz;resampled_300s_mean
180600,38.45532463333333,87.6047557,11.2,RANGE_64MiB_partial_tar_gz;resampled_300s_mean
180900,31.499027666666667,82.43143416666666,10.9,RANGE_64MiB_partial_tar_gz;resampled_300s_mean
181200,28.295242499999997,79.88998986666667,10.666666666666666,RANGE_64MiB_partial_tar_gz;resampled_300s_mean
181500,34.950835866666665,84.45178246666666,10.333333333333334,RANGE_64MiB_partial_tar_gz;resampled_300s_mean
181800,36.183896733333334,82.47323816666668,11.1,RANGE_64MiB_partial_tar_gz;resampled_300s_mean
182100,31.838931833333334,84.3562505,10.4,RANGE_64MiB_partial_tar_gz;resampled_300s_mean
182400,33.577623433333336,83.35343110000001,11.233333333333333,RANGE_64MiB_partial_tar_gz;resampled_300s_mean
182700,28.419904900000002,81.36655106666667,11.433333333333334,RANGE_64MiB_partial_tar_gz;resampled_300s_mean
183000,30.21472986666667,81.31260993333333,10.9,RANGE_64MiB_partial_tar_gz;resampled_300s_mean
183300,28.981028700000003,83.51675393333333,11.266666666666667,RANGE_64MiB_partial_tar_gz;resampled_300s_mean
183600,34.655970566666674,85.52151226666666,10.433333333333334,RANGE_64MiB_partial_tar_gz;resampled_300s_mean
183900,32.702975566666666,85.59236573333334,10.966666666666667,RANGE_64MiB_partial_tar_gz;resampled_300s_mean
184200,34.1044622,84.34863846666667,12.233333333333333,RANGE_64MiB_partial_tar_gz;resampled_300s_mean
184500,30.694447633333333,84.32177113333334,11.266666666666667,RANGE_64MiB_partial_tar_gz;resampled_300s_mean
184800,23.371600533333332,82.1243607,11.433333333333334,RANGE_64MiB_partial_tar_gz;resampled_300s_mean
185100,27.870185166666666,80.94525026666666,10.966666666666667,RANGE_64MiB_partial_tar_gz;resampled_300s_mean
185400,26.277993966666667,83.15298186666668,10.933333333333334,RANGE_64MiB_partial_tar_gz;resampled_300s_mean
185700,30.953425366666668,83.45654756666666,11.2,RANGE_64MiB_partial_tar_gz;resampled_300s_mean
186000,28.86915013333333,82.15804706666667,11.266666666666667,RANGE_64MiB_partial_tar_gz;resampled_300s_mean
186300,25.360719200000002,82.38464963333332,11.7,RANGE_64MiB_partial_tar_gz;resampled_300s_mean
186600,29.017444033333334,83.98149296666666,11.366666666666667,RANGE_64MiB_partial_tar_gz;resampled_300s_mean
186900,31.97368426666667,86.44851826666667,10.566666666666666,RANGE_64MiB_partial_tar_gz;resampled_300s_mean
187200,29.855484266666668,87.49806749999999,10.8,RANGE_64MiB_partial_tar_gz;resampled_300s_mean
187500,30.209578500000003,84.59986623333333,10.433333333333334,RANGE_64MiB_partial_tar_gz;resampled_300s_mean
187800,36.4596772,87.1851839,11.733333333333333,RANGE_64MiB_partial_tar_gz;resampled_300s_mean
188100,36.6935925,85.13542656666667,11.066666666666666,RANGE_64MiB_partial_tar_gz;resampled_300s_mean
188400,36.787870766666664,83.13473649999999,11.366666666666667,RANGE_64MiB_partial_tar_gz;resampled_300s_mean
188700,34.16979773333333,85.59227873333333,10.2,RANGE_64MiB_partial_tar_gz;resampled_300s_mean
189000,33.6380269,84.29490853333333,11.266666666666667,RANGE_64MiB_partial_tar_gz;resampled_300s_mean
189300,36.6738985,83.40193473333333,9.9,RANGE_64MiB_partial_tar_gz;resampled_300s_mean
189600,36.6422644,84.334375,11.3,RANGE_64MiB_partial_tar_gz;resampled_300s_mean
189900,35.125339833333335,87.1574314,11.8,RANGE_64MiB_partial_tar_gz;resampled_300s_mean
190200,31.3752702,85.16881453333333,11.633333333333333,RANGE_64MiB_partial_tar_gz;resampled_300s_mean
190500,28.103764899999998,82.2243289,10.4,RANGE_64MiB_partial_tar_gz;resampled_300s_mean
190800,40.56672103333334,85.07352736666667,10.6,RANGE_64MiB_partial_tar_gz;resampled_300s_mean
191100,41.464131800000004,83.84400763333333,9.666666666666666,RANGE_64MiB_partial_tar_gz;resampled_300s_mean
191400,36.61345433333334,82.07696396666667,10.2,RANGE_64MiB_partial_tar_gz;resampled_300s_mean
191700,33.6233103,83.98277296666667,11.133333333333333,RANGE_64MiB_partial_tar_gz;resampled_300s_mean
192000,31.598047166666667,82.7679386,10.366666666666667,RANGE_64MiB_partial_tar_gz;resampled_300s_mean
192300,32.13301406666667,85.3518864,10.6,RANGE_64MiB_partial_tar_gz;resampled_300s_mean
192600,32.9308019,83.19037726666667,10.866666666666667,RANGE_64MiB_partial_tar_gz;resampled_300s_mean
192900,40.724232799999996,84.90572946666666,10.6,RANGE_64MiB_partial_tar_gz;resampled_300s_mean
193200,36.874241633333334,84.51452683333333,10.5,RANGE_64MiB_partial_tar_gz;resampled_300s_mean
193500,42.306166733333335,87.58668976666667,10.9,RANGE_64MiB_partial_tar_gz;resampled_300s_mean
193800,42.28491293333333,85.3037635,10.3,RANGE_64MiB_partial_tar_gz;resampled_300s_mean
194100,45.397906166666665,86.82389476666667,10.966666666666667,RANGE_64MiB_partial_tar_gz;resampled_300s_mean
194400,48.45446363333334,86.386741,10.466666666666667,RANGE_64MiB_partial_tar_gz;resampled_300s_mean
194700,56.2010662,89.15224753333334,10.6,RANGE_64MiB_partial_tar_gz;resampled_300s_mean
195000,50.9763506,86.21396589999999,10.666666666666666,RANGE_64MiB_partial_tar_gz;resampled_300s_mean
195300,46.380686866666665,84.34146716666667,11.366666666666667,RANGE_64MiB_partial_tar_gz;resampled_300s_mean
195600,52.9119508,88.39781186666667,11.566666666666666,RANGE_64MiB_partial_tar_gz;resampled_300s_mean
195900,70.16633406666666,89.38997073333333,11.9,RANGE_64MiB_partial_tar_gz;resampled_300s_mean
196200,70.9176808,88.1434627,11.666666666666666,RANGE_64MiB_partial_tar_gz;resampled_300s_mean
196500,60.7507199,85.59305126666666,11.433333333333334,RANGE_64MiB_partial_tar_gz;resampled_300s_mean
196800,61.5882136,87.87442076666666,10.733333333333333,RANGE_64MiB_partial_tar_gz;resampled_300s_mean
197100,55.168792,86.7113734,10.666666666666666,RANGE_64MiB_partial_tar_gz;resampled_300s_mean
197400,48.086368533333335,83.77625053333333,11.033333333333333,RANGE_64MiB_partial_tar_gz;resampled_300s_mean
197700,51.390688266666665,86.47997833333334,11.333333333333334,RANGE_64MiB_partial_tar_gz;resampled_300s_mean
198000,52.57720753333333,84.29909806666666,11.166666666666666,RANGE_64MiB_partial_tar_gz;resampled_300s_mean
198300,48.79414513333334,86.69660393333334,10.566666666666666,RANGE_64MiB_partial_tar_gz;resampled_300s_mean
198600,45.459457633333336,83.47207526666666,11.233333333333333,RANGE_64MiB_partial_tar_gz;resampled_300s_mean
198900,49.025958466666665,86.35611423333333,11.4,RANGE_64MiB_partial_tar_gz;resampled_300s_mean
199200,44.36153506666667,84.15425726666668,11.166666666666666,RANGE_64MiB_partial_tar_gz;resampled_300s_mean
199500,48.24689213333333,83.45891553333334,11.133333333333333,RANGE_64MiB_partial_tar_gz;resampled_300s_mean
199800,50.81581366666667,88.39399043333333,10.066666666666666,RANGE_64MiB_partial_tar_gz;resampled_300s_mean
200100,50.752390266666666,86.62953493333333,10.933333333333334,RANGE_64MiB_partial_tar_gz;resampled_300s_mean
200400,46.15317806666667,85.06283319999999,10.9,RANGE_64MiB_partial_tar_gz;resampled_300s_mean
200700,41.993760933333334,82.80038800000001,10.333333333333334,RANGE_64MiB_partial_tar_gz;resampled_300s_mean
201000,47.65815683333334,83.41464836666667,11.266666666666667,RANGE_64MiB_partial_tar_gz;resampled_300s_mean
201300,40.378897433333336,82.58096713333333,11.2,RANGE_64MiB_partial_tar_gz;resampled_300s_mean
201600,54.53090756666666,85.14183146666667,10.766666666666667,RANGE_64MiB_partial_tar_gz;resampled_300s_mean
201900,46.85208493333334,83.3688854,11.1,RANGE_64MiB_partial_tar_gz;resampled_300s_mean
202200,43.3508633,81.08406696666667,11.566666666666666,RANGE_64MiB_partial_tar_gz;resampled_300s_mean
202500,48.85544166666667,82.92279713333333,11.2,RANGE_64MiB_partial_tar_gz;resampled_300s_mean
202800,48.108349266666664,85.54906596666666,10.333333333333334,RANGE_64MiB_partial_tar_gz;resampled_300s_mean
203100,46.684385166666665,83.01099789999999,11.7,RANGE_64MiB_partial_tar_gz;resampled_300s_mean
203400,47.327613533333334,85.57109453333332,11.466666666666667,RANGE_64MiB_partial_tar_gz;resampled_300s_mean
203700,47.308045433333334,84.25162043333333,11.5,RANGE_64MiB_partial_tar_gz;resampled_300s_mean
204000,43.7654334,83.9833429,11.3,RANGE_64MiB_partial_tar_gz;resampled_300s_mean
204300,43.5881112,83.37791536666667,10.133333333333333,RANGE_64MiB_partial_tar_gz;resampled_300s_mean
204600,38.741023766666665,81.576606,10.733333333333333,RANGE_64MiB_partial_tar_gz;resampled_300s_mean
204900,40.32959736666667,81.33202816666667,10.7,RANGE_64MiB_partial_tar_gz;resampled_300s_mean
205200,52.674280966666664,85.60135913333333,11.466666666666667,RANGE_64MiB_partial_tar_gz;resampled_300s_mean
205500,54.3338691,88.8302626,10.8,RANGE_64MiB_partial_tar_gz;resampled_300s_mean
205800,46.78310786666667,83.52053953333333,11.1,RANGE_64MiB_partial_tar_gz;resampled_300s_mean
206100,47.16309843333333,82.34347553333333,10.733333333333333,RANGE_64MiB_partial_tar_gz;resampled_300s_mean
206400,48.2946267,82.7028858,10.366666666666667,RANGE_64MiB_partial_tar_gz;resampled_300s_mean
206700,48.8363821,81.75628493333333,11.166666666666666,RANGE_64MiB_partial_tar_gz;resampled_300s_mean
207000,49.640172766666666,85.57880753333333,10.866666666666667,RANGE_64MiB_partial_tar_gz;resampled_300s_mean
207300,40.5700306,79.58758056666667,11.3,RANGE_64MiB_partial_tar_gz;resampled_300s_mean
207600,46.712687800000005,81.25099143333334,11.933333333333334,RANGE_64MiB_partial_tar_gz;resampled_300s_mean
207900,38.1890165,80.54832200000001,11.8,RANGE_64MiB_partial_tar_gz;resampled_300s_mean
208200,43.38313896666667,79.63252993333334,10.933333333333334,RANGE_64MiB_partial_tar_gz;resampled_300s_mean
208500,50.70962746666667,84.28841086666667,10.866666666666667,RANGE_64MiB_partial_tar_gz;resampled_300s_mean
208800,52.87177653333333,85.2559253,11.133333333333333,RANGE_64MiB_partial_tar_gz;resampled_300s_mean
209100,51.51275186666667,83.59398493333333,10.7,RANGE_64MiB_partial_tar_gz;resampled_300s_mean
209400,46.87234363333334,81.18902206666667,10.6,RANGE_64MiB_partial_tar_gz;resampled_300s_mean
209700,47.20297166666667,83.04399316666667,11.133333333333333,RANGE_64MiB_partial_tar_gz;resampled_300s_mean
210000,48.21817226666667,84.91007143333333,11.633333333333333,RANGE_64MiB_partial_tar_gz;resampled_300s_mean
210300,48.30686886666667,84.856857,12.0,RANGE_64MiB_partial_tar_gz;resampled_300s_mean
210600,50.19072286666667,85.261138,10.8,RANGE_64MiB_partial_tar_gz;resampled_300s_mean
210900,48.4105014,85.21490736666667,11.1,RANGE_64MiB_partial_tar_gz;resampled_300s_mean
211200,46.189757666666665,84.6155962,10.866666666666667,RANGE_64MiB_partial_tar_gz;resampled_300s_mean
211500,39.76025926666667,83.40387636666667,10.466666666666667,RANGE_64MiB_partial_tar_gz;resampled_300s_mean
211800,45.702115400000004,85.26687476666666,11.033333333333333,RANGE_64MiB_partial_tar_gz;resampled_300s_mean
212100,43.630243533333335,84.6422255,10.533333333333333,RANGE_64MiB_partial_tar_gz;resampled_300s_mean
212400,48.67833576666667,85.77407096666667,11.3,RANGE_64MiB_partial_tar_gz;resampled_300s_mean
212700,54.10938086666667,86.32857406666668,11.233333333333333,RANGE_64MiB_partial_tar_gz;resampled_300s_mean
213000,48.25615666666667,83.47297543333335,10.733333333333333,RANGE_64MiB_partial_tar_gz;resampled_300s_mean
213300,46.064782599999994,82.31080526666666,10.433333333333334,RANGE_64MiB_partial_tar_gz;resampled_300s_mean
213600,43.34750343333334,84.36161633333333,10.466666666666667,RANGE_64MiB_partial_tar_gz;resampled_300s_mean
213900,39.212955666666666,82.3818126,11.666666666666666,RANGE_64MiB_partial_tar_gz;resampled_300s_mean
214200,45.58270926666667,80.45563833333334,10.933333333333334,RANGE_64MiB_partial_tar_gz;resampled_300s_mean
214500,41.1306833,84.6888984,11.133333333333333,RANGE_64MiB_partial_tar_gz;resampled_300s_mean
214800,39.93546286666666,81.98036056666666,10.566666666666666,RANGE_64MiB_partial_tar_gz;resampled_300s_mean
215100,41.11780426666667,82.4869398,10.133333333333333,RANGE_64MiB_partial_tar_gz;resampled_300s_mean
215400,43.1049954,84.41047376666667,11.8,RANGE_64MiB_partial_tar_gz;resampled_300s_mean
215700,43.925075,84.33912319999999,11.666666666666666,RANGE_64MiB_partial_tar_gz;resampled_300s_mean
216000,46.94940063333333,84.4639265,12.066666666666666,RANGE_64MiB_partial_tar_gz;resampled_300s_mean
216300,49.03699303333334,83.1665934,11.866666666666667,RANGE_64MiB_partial_tar_gz;resampled_300s_mean
216600,41.30096756666667,81.7854133,10.566666666666666,RANGE_64MiB_partial_tar_gz;resampled_300s_mean
216900,44.37244226666667,83.21580646666666,10.5,RANGE_64MiB_partial_tar_gz;resampled_300s_mean
217200,46.29010456666666,84.2979717,10.6,RANGE_64MiB_partial_tar_gz;resampled_300s_mean
217500,44.32034776666667,85.57155836666668,11.3,RANGE_64MiB_partial_tar_gz;resampled_300s_mean
217800,39.72951453333334,84.37015913333333,11.566666666666666,RANGE_64MiB_partial_tar_gz;resampled_300s_mean
218100,38.94622233333334,83.67829619999999,11.166666666666666,RANGE_64MiB_partial_tar_gz;resampled_300s_mean
218400,36.3491106,83.05967486666667,11.366666666666667,RANGE_64MiB_partial_tar_gz;resampled_300s_mean
218700,51.41146536666667,85.61439313333334,9.366666666666667,RANGE_64MiB_partial_tar_gz;resampled_300s_mean
219000,36.66809013333333,85.69446226666668,11.766666666666667,RANGE_64MiB_partial_tar_gz;resampled_300s_mean
219300,30.944961166666666,84.60059913333333,10.9,RANGE_64MiB_partial_tar_gz;resampled_300s_mean
219600,32.25641763333333,82.44058893333333,11.366666666666667,RANGE_64MiB_partial_tar_gz;resampled_300s_mean
219900,33.5497543,82.57262256666667,10.966666666666667,RANGE_64MiB_partial_tar_gz;resampled_300s_mean
220200,38.6397767,82.9492025,10.933333333333334,RANGE_64MiB_partial_tar_gz;resampled_300s_mean
220500,36.58126046666666,80.6759402,10.9,RANGE_64MiB_partial_tar_gz;resampled_300s_mean
220800,34.82355346666667,82.0380341,11.733333333333333,RANGE_64MiB_partial_tar_gz;resampled_300s_mean
221100,37.577024599999994,84.69347976666667,12.366666666666667,RANGE_64MiB_partial_tar_gz;resampled_300s_mean
221400,40.677763866666666,86.66348196666667,11.833333333333334,RANGE_64MiB_partial_tar_gz;resampled_300s_mean
221700,42.351807900000004,83.25258653333334,11.4,RANGE_64MiB_partial_tar_gz;resampled_300s_mean
222000,42.42304553333334,86.25123446666666,11.366666666666667,RANGE_64MiB_partial_tar_gz;resampled_300s_mean
222300,37.9547448,83.67696989999999,10.566666666666666,RANGE_64MiB_partial_tar_gz;resampled_300s_mean
222600,32.4842089,83.2110086,10.866666666666667,RANGE_64MiB_partial_tar_gz;resampled_300s_mean
222900,39.48049786666666,81.85809376666666,11.533333333333333,RANGE_64MiB_partial_tar_gz;resampled_300s_mean
223200,37.268855466666665,83.54816676666665,11.033333333333333,RANGE_64MiB_partial_tar_gz;resampled_300s_mean
223500,36.50271083333334,83.8570915,11.833333333333334,RANGE_64MiB_partial_tar_gz;resampled_300s_mean
223800,38.42171916666667,86.3659513,11.5,RANGE_64MiB_partial_tar_gz;resampled_300s_mean
224100,38.471787899999995,84.82758316666667,11.733333333333333,RANGE_64MiB_partial_tar_gz;resampled_300s_mean
224400,35.674716800000006,83.34450916666667,12.233333333333333,RANGE_64MiB_partial_tar_gz;resampled_300s_mean
224700,35.943509666666664,82.23716703333334,11.733333333333333,RANGE_64MiB_partial_tar_gz;resampled_300s_mean
225000,38.80234686666667,85.95322086666667,11.233333333333333,RANGE_64MiB_partial_tar_gz;resampled_300s_mean
225300,36.5006131,83.3853176,10.733333333333333,RANGE_64MiB_partial_tar_gz;resampled_300s_mean
225600,34.46576603333334,81.2700048,10.5,RANGE_64MiB_partial_tar_gz;resampled_300s_mean
225900,30.044886666666667,82.23933436666667,11.966666666666667,RANGE_64MiB_partial_tar_gz;resampled_300s_mean
226200,32.85989106666667,83.29696186666666,11.2,RANGE_64MiB_partial_tar_gz;resampled_300s_mean
226500,38.89485726666667,85.551298,10.5,RANGE_64MiB_partial_tar_gz;resampled_300s_mean
226800,41.752932699999995,88.1903436,11.933333333333334,RANGE_64MiB_partial_tar_gz;resampled_300s_mean
227100,44.073884633333336,85.11006590000001,11.366666666666667,RANGE_64MiB_partial_tar_gz;resampled_300s_mean
227400,44.87137416666667,86.98643323333334,11.266666666666667,RANGE_64MiB_partial_tar_gz;resampled_300s_mean
227700,41.8656293,84.15283346666666,11.2,RANGE_64MiB_partial_tar_gz;resampled_300s_mean
228000,45.22124873333333,85.12383603333333,10.533333333333333,RANGE_64MiB_partial_tar_gz;resampled_300s_mean
228300,28.657959433333335,80.74652673333334,11.166666666666666,RANGE_64MiB_partial_tar_gz;resampled_300s_mean
228600,30.177339233333335,82.28510353333333,11.133333333333333,RANGE_64MiB_partial_tar_gz;resampled_300s_mean
228900,30.619284333333333,82.69940413333333,11.133333333333333,RANGE_64MiB_partial_tar_gz;resampled_300s_mean
229200,34.24789116666667,81.3607276,11.2,RANGE_64MiB_partial_tar_gz;resampled_300s_mean
229500,37.10526196666667,82.20683523333334,11.866666666666667,RANGE_64MiB_partial_tar_gz;resampled_300s_mean
229800,33.51304806666666,83.88463336666668,10.866666666666667,RANGE_64MiB_partial_tar_gz;resampled_300s_mean
230100,27.083856466666663,80.50524296666666,11.466666666666667,RANGE_64MiB_partial_tar_gz;resampled_300s_mean
230400,32.471064033333334,83.0728834,11.433333333333334,RANGE_64MiB_partial_tar_gz;resampled_300s_mean
230700,31.892163166666666,81.85048993333334,11.066666666666666,RANGE_64MiB_partial_tar_gz;resampled_300s_mean
231000,31.304411833333333,83.2662074,10.366666666666667,RANGE_64MiB_partial_tar_gz;resampled_300s_mean
231300,32.1173643,83.80680149999999,10.933333333333334,RANGE_64MiB_partial_tar_gz;resampled_300s_mean
231600,29.475633233333333,84.5019769,12.433333333333334,RANGE_64MiB_partial_tar_gz;resampled_300s_mean
231900,27.993582333333332,84.53846143333334,10.9,RANGE_64MiB_partial_tar_gz;resampled_300s_mean
232200,30.592108733333337,84.60652006666666,11.8,RANGE_64MiB_partial_tar_gz;resampled_300s_mean
232500,30.597102133333333,85.61485243333333,10.233333333333333,RANGE_64MiB_partial_tar_gz;resampled_300s_mean
232800,31.045644733333333,85.87769723333334,10.7,RANGE_64MiB_partial_tar_gz;resampled_300s_mean
233100,31.6295798,83.44371389999999,11.066666666666666,RANGE_64MiB_partial_tar_gz;resampled_300s_mean
233400,33.14077926666667,86.83748856666666,10.166666666666666,RANGE_64MiB_partial_tar_gz;resampled_300s_mean
233700,32.267782366666665,86.23953636666667,11.533333333333333,RANGE_64MiB_partial_tar_gz;resampled_300s_mean
234000,37.56514046666667,87.7964333,10.2,RANGE_64MiB_partial_tar_gz;resampled_300s_mean
234300,33.0576443,85.70192893333333,11.333333333333334,RANGE_64MiB_partial_tar_gz;resampled_300s_mean
234600,38.229103099999996,85.16047286666667,11.633333333333333,RANGE_64MiB_partial_tar_gz;resampled_300s_mean
234900,36.940433999999996,87.153154,10.133333333333333,RANGE_64MiB_partial_tar_gz;resampled_300s_mean
235200,36.33272323333333,85.09749243333334,10.466666666666667,RANGE_64MiB_partial_tar_gz;resampled_300s_mean
235500,27.93045986666667,83.93937333333334,11.066666666666666,RANGE_64MiB_partial_tar_gz;resampled_300s_mean
235800,26.337739199999998,84.29624006666667,10.6,RANGE_64MiB_partial_tar_gz;resampled_300s_mean
236100,27.304980133333334,85.37382133333334,11.666666666666666,RANGE_64MiB_partial_tar_gz;resampled_300s_mean
236400,26.667575166666666,82.11104183333333,11.433333333333334,RANGE_64MiB_partial_tar_gz;resampled_300s_mean
236700,30.2503467,84.83548219999999,10.7,RANGE_64MiB_partial_tar_gz;resampled_300s_mean
237000,30.338970033333332,87.92185136666667,10.166666666666666,RANGE_64MiB_partial_tar_gz;resampled_300s_mean
237300,31.53482743333333,87.44279363333334,11.666666666666666,RANGE_64MiB_partial_tar_gz;resampled_300s_mean
237600,31.1710966,86.8390792,10.366666666666667,RANGE_64MiB_partial_tar_gz;resampled_300s_mean
237900,36.44826213333333,88.69797086666668,11.1,RANGE_64MiB_partial_tar_gz;resampled_300s_mean
238200,29.251919633333333,84.02485163333334,10.466666666666667,RANGE_64MiB_partial_tar_gz;resampled_300s_mean
238500,32.85959676666667,86.25977236666667,10.833333333333334,RANGE_64MiB_partial_tar_gz;resampled_300s_mean
238800,29.154193633333332,86.98071786666667,11.266666666666667,RANGE_64MiB_partial_tar_gz;resampled_300s_mean
239100,24.780211666666666,84.86439613333333,10.5,RANGE_64MiB_partial_tar_gz;resampled_300s_mean
239400,25.609038966666667,84.49846633333333,9.966666666666667,RANGE_64MiB_partial_tar_gz;resampled_300s_mean
239700,25.970853566666666,86.44803326666667,11.066666666666666,RANGE_64MiB_partial_tar_gz;resampled_300s_mean
240000,24.84085513333333,86.41405483333332,11.6,RANGE_64MiB_partial_tar_gz;resampled_300s_mean
240300,23.0162092,84.6217936,9.1,RANGE_64MiB_partial_tar_gz;resampled_300s_mean
240600,25.456923733333333,85.088802,10.533333333333333,RANGE_64MiB_partial_tar_gz;resampled_300s_mean
240900,26.46583383333333,85.9108208,12.766666666666667,RANGE_64MiB_partial_tar_gz;resampled_300s_mean
241200,32.41254333333333,87.49443649999999,10.966666666666667,RANGE_64MiB_partial_tar_gz;resampled_300s_mean
241500,32.36521666666667,88.15418623333333,11.766666666666667,RANGE_64MiB_partial_tar_gz;resampled_300s_mean
241800,29.896167766666668,83.55877919999999,10.833333333333334,RANGE_64MiB_partial_tar_gz;resampled_300s_mean
242100,29.0488549,86.5801336,10.6,RANGE_64MiB_partial_tar_gz;resampled_300s_mean
242400,28.774318166666667,83.17277113333333,11.1,RANGE_64MiB_partial_tar_gz;resampled_300s_mean
242700,24.170947733333332,81.8926554,10.4,RANGE_64MiB_partial_tar_gz;resampled_300s_mean
243000,25.999162233333333,81.3329492,12.0,RANGE_64MiB_partial_tar_gz;resampled_300s_mean
243300,31.642782766666667,85.93530430000001,10.7,RANGE_64MiB_partial_tar_gz;resampled_300s_mean
243600,25.258099633333334,85.0188778,11.8,RANGE_64MiB_partial_tar_gz;resampled_300s_mean
243900,28.878095799999997,86.35399819999999,11.133333333333333,RANGE_64MiB_partial_tar_gz;resampled_300s_mean
244200,33.39142453333333,87.43023843333334,11.333333333333334,RANGE_64MiB_partial_tar_gz;resampled_300s_mean
244500,29.1408291,85.64210576666666,12.1,RANGE_64MiB_partial_tar_gz;resampled_300s_mean
244800,36.33076513333334,87.1851006,11.466666666666667,RANGE_64MiB_partial_tar_gz;resampled_300s_mean
245100,32.3850153,85.3967935,11.9,RANGE_64MiB_partial_tar_gz;resampled_300s_mean
245400,34.240419966666664,87.10507493333333,11.266666666666667,RANGE_64MiB_partial_tar_gz;resampled_300s_mean
245700,34.15311676666667,86.2796941,9.966666666666667,RANGE_64MiB_partial_tar_gz;resampled_300s_mean
246000,31.79816053333333,86.09052723333333,11.433333333333334,RANGE_64MiB_partial_tar_gz;resampled_300s_mean
246300,29.8442645,84.44033353333334,10.666666666666666,RANGE_64MiB_partial_tar_gz;resampled_300s_mean
246600,28.718303933333335,85.99282056666667,11.733333333333333,RANGE_64MiB_partial_tar_gz;resampled_300s_mean
246900,25.778173166666665,85.27512316666666,10.833333333333334,RANGE_64MiB_partial_tar_gz;resampled_300s_mean
247200,30.228354233333334,84.12797266666666,11.466666666666667,RANGE_64MiB_partial_tar_gz;resampled_300s_mean
247500,28.368360733333336,84.10381913333335,11.0,RANGE_64MiB_partial_tar_gz;resampled_300s_mean
247800,32.56993873333333,85.81488526666666,10.133333333333333,RANGE_64MiB_partial_tar_gz;resampled_300s_mean
248100,26.842509,85.21395120000001,11.166666666666666,RANGE_64MiB_partial_tar_gz;resampled_300s_mean
248400,32.2189991,89.13333113333333,10.633333333333333,RANGE_64MiB_partial_tar_gz;resampled_300s_mean
248700,33.31111096666667,88.53117876666667,10.133333333333333,RANGE_64MiB_partial_tar_gz;resampled_300s_mean
249000,26.676778833333334,85.4225242,10.9,RANGE_64MiB_partial_tar_gz;resampled_300s_mean
249300,34.59461433333333,86.63452406666667,10.433333333333334,RANGE_64MiB_partial_tar_gz;resampled_300s_mean
249600,29.906166900000002,89.47496606666667,11.633333333333333,RANGE_64MiB_partial_tar_gz;resampled_300s_mean
249900,24.681861733333335,85.77680276666666,11.166666666666666,RANGE_64MiB_partial_tar_gz;resampled_300s_mean
250200,28.66520393333333,85.39369239999999,11.066666666666666,RANGE_64MiB_partial_tar_gz;resampled_300s_mean
250500,32.436484666666665,87.71918793333334,11.066666666666666,RANGE_64MiB_partial_tar_gz;resampled_300s_mean
250800,25.979777666666667,86.638027,10.2,RANGE_64MiB_partial_tar_gz;resampled_300s_mean
251100,25.121009266666665,84.97668616666667,11.366666666666667,RANGE_64MiB_partial_tar_gz;resampled_300s_mean
251400,26.484534,88.24915916666667,11.433333333333334,RANGE_64MiB_partial_tar_gz;resampled_300s_mean
251700,25.2947119,88.24500549999999,11.733333333333333,RANGE_64MiB_partial_tar_gz;resampled_300s_mean
252000,33.37338346666667,88.76023310000001,11.633333333333333,RANGE_64MiB_partial_tar_gz;resampled_300s_mean
252300,28.220496333333333,86.13368516666667,10.566666666666666,RANGE_64MiB_partial_tar_gz;resampled_300s_mean
252600,24.003107666666665,84.17400116666666,11.566666666666666,RANGE_64MiB_partial_tar_gz;resampled_300s_mean
252900,23.001071366666668,86.72152373333333,10.966666666666667,RANGE_64MiB_partial_tar_gz;resampled_300s_mean
253200,27.140384933333333,87.1269441,10.9,RANGE_64MiB_partial_tar_gz;resampled_300s_mean
253500,24.341290599999997,87.01967333333333,11.066666666666666,RANGE_64MiB_partial_tar_gz;resampled_300s_mean
253800,25.053113366666665,87.59275133333334,10.966666666666667,RANGE_64MiB_partial_tar_gz;resampled_300s_mean
254100,24.851467266666667,85.27401920000001,11.966666666666667,RANGE_64MiB_partial_tar_gz;resampled_300s_mean
254400,23.928953866666667,87.3444444,10.133333333333333,RANGE_64MiB_partial_tar_gz;resampled_300s_mean
254700,22.05381583333333,86.23746483333335,9.9,RANGE_64MiB_partial_tar_gz;resampled_300s_mean
255000,20.88077183333333,86.02393803333332,10.0,RANGE_64MiB_partial_tar_gz;resampled_300s_mean
255300,22.049411066666668,85.8753626,11.333333333333334,RANGE_64MiB_partial_tar_gz;resampled_300s_mean
255600,27.84075626666667,88.43523266666666,10.833333333333334,RANGE_64MiB_partial_tar_gz;resampled_300s_mean
255900,30.7515726,89.82244386666666,11.2,RANGE_64MiB_partial_tar_gz;resampled_300s_mean
256200,25.9188166,88.74908536666666,12.333333333333334,RANGE_64MiB_partial_tar_gz;resampled_300s_mean
256500,27.415032333333333,86.6678773,10.566666666666666,RANGE_64MiB_partial_tar_gz;resampled_300s_mean
256800,26.556996166666668,89.00361226666668,10.766666666666667,RANGE_64MiB_partial_tar_gz;resampled_300s_mean
257100,23.426083333333334,88.03395066666667,11.233333333333333,RANGE_64MiB_partial_tar_gz;resampled_300s_mean
257400,24.497213199999997,86.68420753333334,11.533333333333333,RANGE_64MiB_partial_tar_gz;resampled_300s_mean
257700,23.086006633333334,88.53742513333333,11.166666666666666,RANGE_64MiB_partial_tar_gz;resampled_300s_mean
258000,20.122178333333334,86.32082916666667,11.8,RANGE_64MiB_partial_tar_gz;resampled_300s_mean
258300,20.7704028,85.45130176666666,10.733333333333333,RANGE_64MiB_partial_tar_gz;resampled_300s_mean
258600,20.924789766666667,86.41508816666666,11.066666666666666,RANGE_64MiB_partial_tar_gz;resampled_300s_mean
258900,23.2179621,89.8177088,11.366666666666667,RANGE_64MiB_partial_tar_gz;resampled_300s_mean
259200,23.904447899999997,90.87236993333333,11.066666666666666,RANGE_64MiB_partial_tar_gz;resampled_300s_mean
259500,31.9159545,90.09203793333333,11.033333333333333,RANGE_64MiB_partial_tar_gz;resampled_300s_mean
259800,29.116350466666667,85.55647083333334,11.066666666666666,RANGE_64MiB_partial_tar_gz;resampled_300s_mean
260100,31.73049746666667,88.91422686666667,10.3,RANGE_64MiB_partial_tar_gz;resampled_300s_mean
260400,33.01582786666667,88.00428813333333,12.3,RANGE_64MiB_partial_tar_gz;resampled_300s_mean
260700,38.99110223333333,88.4022336,11.4,RANGE_64MiB_partial_tar_gz;resampled_300s_mean
261000,36.65213266666667,86.76607646666666,10.666666666666666,RANGE_64MiB_partial_tar_gz;resampled_300s_mean
261300,26.771408,82.19502973333333,10.033333333333333,RANGE_64MiB_partial_tar_gz;resampled_300s_mean
261600,29.8845397,84.62711203333333,10.2,RANGE_64MiB_partial_tar_gz;resampled_300s_mean
261900,26.477625566666667,83.86172103333334,10.833333333333334,RANGE_64MiB_partial_tar_gz;resampled_300s_mean
262200,22.230071733333332,81.56142616666666,11.2,RANGE_64MiB_partial_tar_gz;resampled_300s_mean
262500,23.518704300000003,83.5790046,11.5,RANGE_64MiB_partial_tar_gz;resampled_300s_mean
262800,36.9935219,87.89589403333333,11.8,RANGE_64MiB_partial_tar_gz;resampled_300s_mean
263100,29.262288166666668,84.71080230000001,11.666666666666666,RANGE_64MiB_partial_tar_gz;resampled_300s_mean
263400,25.5913463,81.03162316666666,11.3,RANGE_64MiB_partial_tar_gz;resampled_300s_mean
263700,24.1985734,82.46092166666668,11.3,RANGE_64MiB_partial_tar_gz;resampled_300s_mean
264000,37.115655233333335,88.69426023333334,10.6,RANGE_64MiB_partial_tar_gz;resampled_300s_mean
264300,29.926340733333333,84.07836999999999,11.966666666666667,RANGE_64MiB_partial_tar_gz;resampled_300s_mean
264600,36.22064876666666,87.67164413333333,10.933333333333334,RANGE_64MiB_partial_tar_gz;resampled_300s_mean
264900,32.346643066666665,86.7196254,10.866666666666667,RANGE_64MiB_partial_tar_gz;resampled_300s_mean
265200,35.63172373333334,85.97726166666666,10.933333333333334,RANGE_64MiB_partial_tar_gz;resampled_300s_mean
265500,30.87585646666667,81.6194125,11.6,RANGE_64MiB_partial_tar_gz;resampled_300s_mean
265800,28.112705866666666,81.81267163333334,11.333333333333334,RANGE_64MiB_partial_tar_gz;resampled_300s_mean
266100,30.976102033333333,81.0325407,11.266666666666667,RANGE_64MiB_partial_tar_gz;resampled_300s_mean
266400,32.45497533333334,83.12192843333334,10.333333333333334,RANGE_64MiB_partial_tar_gz;resampled_300s_mean
266700,34.842119933333336,82.58699056666666,12.1,RANGE_64MiB_partial_tar_gz;resampled_300s_mean
267000,34.2050494,82.63784363333335,11.9,RANGE_64MiB_partial_tar_gz;resampled_300s_mean
267300,32.6667532,84.30050913333334,11.6,RANGE_64MiB_partial_tar_gz;resampled_300s_mean
267600,30.269852,83.29571363333334,11.5,RANGE_64MiB_partial_tar_gz;resampled_300s_mean
267900,33.709186233333334,83.39786556666667,11.5,RANGE_64MiB_partial_tar_gz;resampled_300s_mean
268200,30.7874837,83.8340347,11.5,RANGE_64MiB_partial_tar_gz;resampled_300s_mean
268500,29.057665333333333,84.19004763333334,11.033333333333333,RANGE_64MiB_partial_tar_gz;resampled_300s_mean
268800,26.69900853333333,83.52524843333335,12.066666666666666,RANGE_64MiB_partial_tar_gz;resampled_300s_mean
269100,27.610856966666667,81.71075803333333,11.033333333333333,RANGE_64MiB_partial_tar_gz;resampled_300s_mean
269400,22.341824366666668,80.70621653333333,10.6,RANGE_64MiB_partial_tar_gz;resampled_300s_mean
269700,24.619225833333335,83.7102694,10.833333333333334,RANGE_64MiB_partial_tar_gz;resampled_300s_mean
270000,27.9847057,84.4362048,10.4,RANGE_64MiB_partial_tar_gz;resampled_300s_mean
270300,33.57732716666666,85.64771143333334,11.666666666666666,RANGE_64MiB_partial_tar_gz;resampled_300s_mean
270600,33.713879633333335,88.2099098,12.666666666666666,RANGE_64MiB_partial_tar_gz;resampled_300s_mean
270900,35.97496423333334,88.42639496666668,10.766666666666667,RANGE_64MiB_partial_tar_gz;resampled_300s_mean
271200,33.966208,86.72631863333332,11.466666666666667,RANGE_64MiB_partial_tar_gz;resampled_300s_mean
271500,34.69274756666667,87.09886156666667,10.133333333333333,RANGE_64MiB_partial_tar_gz;resampled_300s_mean
271800,34.416794333333335,87.34854686666667,11.0,RANGE_64MiB_partial_tar_gz;resampled_300s_mean
272100,36.2150889,86.09020563333334,11.033333333333333,RANGE_64MiB_partial_tar_gz;resampled_300s_mean
272400,36.95404873333334,86.97121396666667,11.8,RANGE_64MiB_partial_tar_gz;resampled_300s_mean
272700,37.33804323333333,85.80360233333334,11.966666666666667,RANGE_64MiB_partial_tar_gz;resampled_300s_mean
273000,38.274741899999995,85.62793123333334,10.6,RANGE_64MiB_partial_tar_gz;resampled_300s_mean
273300,35.29360796666666,84.55123573333334,11.366666666666667,RANGE_64MiB_partial_tar_gz;resampled_300s_mean
273600,39.295444733333326,86.42202876666667,10.8,RANGE_64MiB_partial_tar_gz;resampled_300s_mean
273900,42.015821566666666,86.73993446666667,11.1,RANGE_64MiB_partial_tar_gz;resampled_300s_mean
274200,39.80480846666667,85.328096,10.1,RANGE_64MiB_partial_tar_gz;resampled_300s_mean
274500,35.78116693333333,84.45318556666666,9.666666666666666,RANGE_64MiB_partial_tar_gz;resampled_300s_mean
274800,37.0925722,85.07655559999999,10.966666666666667,RANGE_64MiB_partial_tar_gz;resampled_300s_mean
275100,35.01904913333333,85.10357456666667,10.733333333333333,RANGE_64MiB_partial_tar_gz;resampled_300s_mean
275400,32.01712033333333,82.99646923333333,10.3,RANGE_64MiB_partial_tar_gz;resampled_300s_mean
275700,35.83622103333334,83.9403763,11.0,RANGE_64MiB_partial_tar_gz;resampled_300s_mean
276000,34.24697163333334,86.88769206666666,10.8,RANGE_64MiB_partial_tar_gz;resampled_300s_mean
276300,29.462705000000003,86.68006393333333,11.466666666666667,RANGE_64MiB_partial_tar_gz;resampled_300s_mean
276600,35.41416306666667,88.60303739999999,10.3,RANGE_64MiB_partial_tar_gz;resampled_300s_mean
276900,35.175532100000005,85.61554893333333,10.666666666666666,RANGE_64MiB_partial_tar_gz;resampled_300s_mean
277200,34.040216566666665,86.6019869,10.633333333333333,RANGE_64MiB_partial_tar_gz;resampled_300s_mean
277500,38.631865266666665,85.6178419,11.0,RANGE_64MiB_partial_tar_gz;resampled_300s_mean
277800,34.471168899999995,85.8211256,10.733333333333333,RANGE_64MiB_partial_tar_gz;resampled_300s_mean
278100,33.884101666666666,87.95437613333334,11.933333333333334,RANGE_64MiB_partial_tar_gz;resampled_300s_mean
278400,28.0858887,83.94181896666667,10.833333333333334,RANGE_64MiB_partial_tar_gz;resampled_300s_mean
278700,30.639700366666666,86.11075736666666,11.633333333333333,RANGE_64MiB_partial_tar_gz;resampled_300s_mean
279000,32.5705607,87.16460149999999,10.733333333333333,RANGE_64MiB_partial_tar_gz;resampled_300s_mean
279300,33.673295333333336,86.21911696666666,11.1,RANGE_64MiB_partial_tar_gz;resampled_300s_mean
279600,31.255858733333334,88.27362306666667,11.466666666666667,RANGE_64MiB_partial_tar_gz;resampled_300s_mean
279900,39.59210086666667,88.50926293333333,10.833333333333334,RANGE_64MiB_partial_tar_gz;resampled_300s_mean
280200,39.82023753333333,87.59551483333333,11.233333333333333,RANGE_64MiB_partial_tar_gz;resampled_300s_mean
280500,41.15990673333333,87.86350829999999,11.266666666666667,RANGE_64MiB_partial_tar_gz;resampled_300s_mean
280800,54.73178206666667,90.7885975,12.666666666666666,RANGE_64MiB_partial_tar_gz;resampled_300s_mean
281100,47.31355216666667,86.88171293333333,11.466666666666667,RANGE_64MiB_partial_tar_gz;resampled_300s_mean
281400,40.0968296,85.04065596666666,9.433333333333334,RANGE_64MiB_partial_tar_gz;resampled_300s_mean
281700,39.4482333,85.1048922,10.7,RANGE_64MiB_partial_tar_gz;resampled_300s_mean
282000,40.810331866666665,85.83828936666667,10.566666666666666,RANGE_64MiB_partial_tar_gz;resampled_300s_mean
282300,49.77328586666667,86.3883776,11.266666666666667,RANGE_64MiB_partial_tar_gz;resampled_300s_mean
282600,70.2737523,90.87291733333333,11.166666666666666,RANGE_64MiB_partial_tar_gz;resampled_300s_mean
282900,68.5211635,88.47534143333334,10.733333333333333,RANGE_64MiB_partial_tar_gz;resampled_300s_mean
283200,50.43238866666666,86.9344661,10.333333333333334,RANGE_64MiB_partial_tar_gz;resampled_300s_mean
283500,55.41916136666667,89.1964489,11.666666666666666,RANGE_64MiB_partial_tar_gz;resampled_300s_mean
283800,56.45830766666666,87.62573739999999,11.066666666666666,RANGE_64MiB_partial_tar_gz;resampled_300s_mean
284100,52.03129753333334,87.59087183333332,10.2,RANGE_64MiB_partial_tar_gz;resampled_300s_mean
284400,52.1187851,86.72674476666666,10.633333333333333,RANGE_64MiB_partial_tar_gz;resampled_300s_mean
284700,48.862507433333334,88.80769266666667,10.666666666666666,RANGE_64MiB_partial_tar_gz;resampled_300s_mean
285000,50.34273436666667,86.21187926666667,10.5,RANGE_64MiB_partial_tar_gz;resampled_300s_mean
285300,53.1191392,87.27672013333334,10.8,RANGE_64MiB_partial_tar_gz;resampled_300s_mean
285600,49.456250700000005,84.52455450000001,11.633333333333333,RANGE_64MiB_partial_tar_gz;resampled_300s_mean
285900,50.49792636666667,84.34674203333334,11.266666666666667,RANGE_64MiB_partial_tar_gz;resampled_300s_mean
286200,53.914616900000006,84.5020279,10.466666666666667,RANGE_64MiB_partial_tar_gz;resampled_300s_mean
286500,47.286379933333336,84.97481186666667,11.033333333333333,RANGE_64MiB_partial_tar_gz;resampled_300s_mean
286800,41.689960633333335,82.3051324,11.433333333333334,RANGE_64MiB_partial_tar_gz;resampled_300s_mean
287100,46.852180966666666,83.21940473333333,11.166666666666666,RANGE_64MiB_partial_tar_gz;resampled_300s_mean
287400,40.89717966666667,79.8566555,10.7,RANGE_64MiB_partial_tar_gz;resampled_300s_mean
287700,39.893710899999995,83.59264843333334,10.3,RANGE_64MiB_partial_tar_gz;resampled_300s_mean
288000,48.37990263333334,86.0007704,10.966666666666667,RANGE_64MiB_partial_tar_gz;resampled_300s_mean
288300,45.59659286666667,86.86056153333334,10.9,RANGE_64MiB_partial_tar_gz;resampled_300s_mean
288600,43.6950253,84.38375133333334,10.366666666666667,RANGE_64MiB_partial_tar_gz;resampled_300s_mean
288900,46.87448053333333,85.20345123333333,11.1,RANGE_64MiB_partial_tar_gz;resampled_300s_mean
289200,45.9207981,82.98444166666667,10.5,RANGE_64MiB_partial_tar_gz;resampled_300s_mean
289500,37.751340733333336,82.04333643333332,11.1,RANGE_64MiB_partial_tar_gz;resampled_300s_mean
289800,37.4250978,81.94138196666667,11.266666666666667,RANGE_64MiB_partial_tar_gz;resampled_300s_mean
290100,37.3992383,80.80754096666666,11.633333333333333,RANGE_64MiB_partial_tar_gz;resampled_300s_mean
290400,50.42931863333333,86.13293556666667,11.466666666666667,RANGE_64MiB_partial_tar_gz;resampled_300s_mean
290700,46.054429,86.2477241,11.433333333333334,RANGE_64MiB_partial_tar_gz;resampled_300s_mean
291000,44.90854686666667,85.54948806666667,10.566666666666666,RANGE_64MiB_partial_tar_gz;resampled_300s_mean
291300,43.2181995,86.27017653333334,11.666666666666666,RANGE_64MiB_partial_tar_gz;resampled_300s_mean
291600,54.4596842,89.1558063,10.533333333333333,RANGE_64MiB_partial_tar_gz;resampled_300s_mean
291900,54.1348051,89.53451539999999,11.833333333333334,RANGE_64MiB_partial_tar_gz;resampled_300s_mean
292200,49.14428926666667,84.2197209,10.033333333333333,RANGE_64MiB_partial_tar_gz;resampled_300s_mean
292500,48.06030246666667,79.87134673333334,11.633333333333333,RANGE_64MiB_partial_tar_gz;resampled_300s_mean
292800,44.4067533,80.89795203333333,11.566666666666666,RANGE_64MiB_partial_tar_gz;resampled_300s_mean
293100,45.0701307,81.96754156666665,10.733333333333333,RANGE_64MiB_partial_tar_gz;resampled_300s_mean
293400,41.80968226666666,81.61812556666668,11.266666666666667,RANGE_64MiB_partial_tar_gz;resampled_300s_mean
293700,42.656973099999995,81.74397476666667,10.6,RANGE_64MiB_partial_tar_gz;resampled_300s_mean
294000,39.54934876666666,80.49750283333333,10.233333333333333,RANGE_64MiB_partial_tar_gz;resampled_300s_mean
294300,39.68521046666667,81.7320022,11.266666666666667,RANGE_64MiB_partial_tar_gz;resampled_300s_mean
294600,36.305378366666666,81.26224413333333,11.2,RANGE_64MiB_partial_tar_gz;resampled_300s_mean
294900,40.35768243333334,79.25480493333333,11.433333333333334,RANGE_64MiB_partial_tar_gz;resampled_300s_mean
295200,43.9221994,84.16600199999999,11.266666666666667,RANGE_64MiB_partial_tar_gz;resampled_300s_mean
295500,39.641518,83.96315793333333,12.3,RANGE_64MiB_partial_tar_gz;resampled_300s_mean
295800,37.95350436666667,81.42850786666666,12.0,RANGE_64MiB_partial_tar_gz;resampled_300s_mean
296100,36.32842333333333,78.86483223333333,10.7,RANGE_64MiB_partial_tar_gz;resampled_300s_mean
296400,38.3139495,81.31352096666666,11.433333333333334,RANGE_64MiB_partial_tar_gz;resampled_300s_mean
296700,36.61632406666667,82.55803386666666,11.466666666666667,RANGE_64MiB_partial_tar_gz;resampled_300s_mean
297000,32.606671,80.81352841379311,11.03448275862069,RANGE_64MiB_partial_tar_gz;resampled_300s_mean
297300,35.106608566666665,82.05909023333334,11.133333333333333,RANGE_64MiB_partial_tar_gz;resampled_300s_mean
297600,37.80685536666667,81.05269150000001,10.533333333333333,RANGE_64MiB_partial_tar_gz;resampled_300s_mean
297900,40.28935523333334,84.68887273333333,11.366666666666667,RANGE_64MiB_partial_tar_gz;resampled_300s_mean
298200,42.0114025,85.78312343333333,11.1,RANGE_64MiB_partial_tar_gz;resampled_300s_mean
298500,39.08098566666667,84.42591093333334,10.4,RANGE_64MiB_partial_tar_gz;resampled_300s_mean
298800,44.608519533333336,86.83139406666666,12.766666666666667,RANGE_64MiB_partial_tar_gz;resampled_300s_mean
299100,45.1219288,85.81854036666667,11.033333333333333,RANGE_64MiB_partial_tar_gz;resampled_300s_mean
299400,40.53469353333333,85.81473933333334,11.233333333333333,RANGE_64MiB_partial_tar_gz;resampled_300s_mean
299700,46.94721606666667,88.64088913333333,11.533333333333333,RANGE_64MiB_partial_tar_gz;resampled_300s_mean
300000,37.82377793333333,86.4237836,11.333333333333334,RANGE_64MiB_partial_tar_gz;resampled_300s_mean
300300,33.877419100000004,83.32195576666666,10.133333333333333,RANGE_64MiB_partial_tar_gz;resampled_300s_mean
300600,32.85219,86.52883106666667,11.766666666666667,RANGE_64MiB_partial_tar_gz;resampled_300s_mean
300900,31.289942733333337,84.96017263333333,10.066666666666666,RANGE_64MiB_partial_tar_gz;resampled_300s_mean
301200,37.3035652,86.30147473333334,11.833333333333334,RANGE_64MiB_partial_tar_gz;resampled_300s_mean
301500,39.55425016666666,88.95500503333332,12.133333333333333,RANGE_64MiB_partial_tar_gz;resampled_300s_mean
301800,36.31403746666667,88.16534313333334,10.933333333333334,RANGE_64MiB_partial_tar_gz;resampled_300s_mean
302100,34.65465963333334,87.2439786,9.833333333333334,RANGE_64MiB_partial_tar_gz;resampled_300s_mean
302400,35.8758633,88.3079795,11.0,RANGE_64MiB_partial_tar_gz;resampled_300s_mean
302700,43.22927213333333,90.18748480000001,11.033333333333333,RANGE_64MiB_partial_tar_gz;resampled_300s_mean
303000,41.1736845,89.02648573333333,10.066666666666666,RANGE_64MiB_partial_tar_gz;resampled_300s_mean
303300,40.113785799999995,89.46965879999999,10.066666666666666,RANGE_64MiB_partial_tar_gz;resampled_300s_mean
303600,35.110633666666665,87.46858863333334,10.766666666666667,RANGE_64MiB_partial_tar_gz;resampled_300s_mean
303900,34.8247714,88.94645116666668,10.7,RANGE_64MiB_partial_tar_gz;resampled_300s_mean
304200,43.90741706666667,87.665746,9.733333333333333,RANGE_64MiB_partial_tar_gz;resampled_300s_mean
304500,45.09662376666667,89.25371503333332,11.233333333333333,RANGE_64MiB_partial_tar_gz;resampled_300s_mean
304800,36.5354958,87.99223886666667,11.8,RANGE_64MiB_partial_tar_gz;resampled_300s_mean
305100,36.57413593333333,88.25707976666666,10.366666666666667,RANGE_64MiB_partial_tar_gz;resampled_300s_mean
305400,41.29547883333333,89.9250844,11.366666666666667,RANGE_64MiB_partial_tar_gz;resampled_300s_mean
305700,37.628954199999995,86.3868304,10.466666666666667,RANGE_64MiB_partial_tar_gz;resampled_300s_mean
306000,31.5777926,86.35644986666667,10.4,RANGE_64MiB_partial_tar_gz;resampled_300s_mean
306300,31.233518800000002,85.92362113333334,10.933333333333334,RANGE_64MiB_partial_tar_gz;resampled_300s_mean
306600,40.13215063333333,88.17321426666668,11.066666666666666,RANGE_64MiB_partial_tar_gz;resampled_300s_mean
306900,35.6320475,86.34255686666667,11.433333333333334,RANGE_64MiB_partial_tar_gz;resampled_300s_mean
307200,40.6344112,87.4111831,10.3,RANGE_64MiB_partial_tar_gz;resampled_300s_mean
307500,37.167357233333334,84.16382506666667,11.4,RANGE_64MiB_partial_tar_gz;resampled_300s_mean
307800,33.60138963333333,83.84231079999999,10.9,RANGE_64MiB_partial_tar_gz;resampled_300s_mean
308100,37.38293386666667,87.00028566666667,11.766666666666667,RANGE_64MiB_partial_tar_gz;resampled_300s_mean
308400,36.63392516666667,87.57005176666667,11.366666666666667,RANGE_64MiB_partial_tar_gz;resampled_300s_mean
308700,39.79332646666667,87.17420693333334,10.7,RANGE_64MiB_partial_tar_gz;resampled_300s_mean
309000,49.0915194,89.03965503333333,10.566666666666666,RANGE_64MiB_partial_tar_gz;resampled_300s_mean
309300,43.9971587,87.5817465,11.633333333333333,RANGE_64MiB_partial_tar_gz;resampled_300s_mean
309600,47.89405506666667,88.46892039999999,10.7,RANGE_64MiB_partial_tar_gz;resampled_300s_mean
309900,45.05466166666667,88.86606830000001,10.7,RANGE_64MiB_partial_tar_gz;resampled_300s_mean
310200,40.736202766666665,87.31354119999999,11.133333333333333,RANGE_64MiB_partial_tar_gz;resampled_300s_mean
310500,42.21617083333333,87.94038996666667,10.566666666666666,RANGE_64MiB_partial_tar_gz;resampled_300s_mean
310800,37.00447393333333,86.39840703333333,9.533333333333333,RANGE_64MiB_partial_tar_gz;resampled_300s_mean
311100,36.11852913333333,86.68548206666667,11.6,RANGE_64MiB_partial_tar_gz;resampled_300s_mean
311400,37.85393966666666,86.65384173333334,10.7,RANGE_64MiB_partial_tar_gz;resampled_300s_mean
311700,37.08697176666667,85.14186753333334,10.7,RANGE_64MiB_partial_tar_gz;resampled_300s_mean
312000,33.8361102,85.83515166666666,11.7,RANGE_64MiB_partial_tar_gz;resampled_300s_mean
312300,31.334130833333333,85.96892486666667,11.2,RANGE_64MiB_partial_tar_gz;resampled_300s_mean
312600,32.14980513333333,84.6982229,10.933333333333334,RANGE_64MiB_partial_tar_gz;resampled_300s_mean
312900,32.89576733333333,85.58945526666666,11.466666666666667,RANGE_64MiB_partial_tar_gz;resampled_300s_mean
313200,36.63741976666667,88.19487653333334,10.866666666666667,RANGE_64MiB_partial_tar_gz;resampled_300s_mean
313500,31.43605923333333,85.93938133333333,12.0,RANGE_64MiB_partial_tar_gz;resampled_300s_mean
313800,34.92581343333333,88.97616403333333,11.366666666666667,RANGE_64MiB_partial_tar_gz;resampled_300s_mean
314100,37.542694866666665,85.38988036666666,11.466666666666667,RANGE_64MiB_partial_tar_gz;resampled_300s_mean
314400,31.842953833333336,83.37797986666666,12.133333333333333,RANGE_64MiB_partial_tar_gz;resampled_300s_mean
314700,37.57493196666667,83.07369313333334,11.4,RANGE_64MiB_partial_tar_gz;resampled_300s_mean
315000,33.0129406,84.70347113333334,10.966666666666667,RANGE_64MiB_partial_tar_gz;resampled_300s_mean
315300,30.469232766666668,84.35752646666667,10.366666666666667,RANGE_64MiB_partial_tar_gz;resampled_300s_mean
315600,27.3401401,83.06920923333334,10.833333333333334,RANGE_64MiB_partial_tar_gz;resampled_300s_mean
315900,28.1528259,81.06909426666667,11.066666666666666,RANGE_64MiB_partial_tar_gz;resampled_300s_mean
316200,27.280052266666665,83.04429023333334,10.8,RANGE_64MiB_partial_tar_gz;resampled_300s_mean
316500,31.450529500000002,86.20572746666667,11.433333333333334,RANGE_64MiB_partial_tar_gz;resampled_300s_mean
316800,33.51770273333333,84.41632466666667,10.966666666666667,RANGE_64MiB_partial_tar_gz;resampled_300s_mean
317100,37.2811488,86.58752209999999,11.6,RANGE_64MiB_partial_tar_gz;resampled_300s_mean
317400,30.732110733333332,82.67829149999999,11.066666666666666,RANGE_64MiB_partial_tar_gz;resampled_300s_mean
317700,32.16245343333333,84.74826943333333,10.866666666666667,RANGE_64MiB_partial_tar_gz;resampled_300s_mean
318000,31.276053733333335,84.83328,11.366666666666667,RANGE_64MiB_partial_tar_gz;resampled_300s_mean
318300,35.848149066666664,84.25287796666666,11.466666666666667,RANGE_64MiB_partial_tar_gz;resampled_300s_mean
318600,35.4369541,86.1329274,10.833333333333334,RANGE_64MiB_partial_tar_gz;resampled_300s_mean
318900,31.103912633333334,83.49799603333332,11.466666666666667,RANGE_64MiB_partial_tar_gz;resampled_300s_mean
319200,31.979905233333334,84.81127623333333,11.1,RANGE_64MiB_partial_tar_gz;resampled_300s_mean
319500,32.0504783,83.92773436666667,10.766666666666667,RANGE_64MiB_partial_tar_gz;resampled_300s_mean
319800,32.736601066666665,83.18799026666667,11.5,RANGE_64MiB_partial_tar_gz;resampled_300s_mean
320100,30.6235901,85.40332853333332,11.366666666666667,RANGE_64MiB_partial_tar_gz;resampled_300s_mean
320400,29.527842466666666,83.55107123333333,9.733333333333333,RANGE_64MiB_partial_tar_gz;resampled_300s_mean
320700,33.64986493333333,83.62244576666667,11.333333333333334,RANGE_64MiB_partial_tar_gz;resampled_300s_mean
321000,25.646334866666667,81.76395033333333,11.4,RANGE_64MiB_partial_tar_gz;resampled_300s_mean
321300,33.0750866,84.86178096666667,9.566666666666666,RANGE_64MiB_partial_tar_gz;resampled_300s_mean
321600,35.68204883333333,88.5650215,11.133333333333333,RANGE_64MiB_partial_tar_gz;resampled_300s_mean
321900,36.5951752,88.28778266666667,10.866666666666667,RANGE_64MiB_partial_tar_gz;resampled_300s_mean
322200,31.43177976666667,86.10864466666666,11.133333333333333,RANGE_64MiB_partial_tar_gz;resampled_300s_mean
322500,27.9890838,84.39815796666667,10.866666666666667,RANGE_64MiB_partial_tar_gz;resampled_300s_mean
322800,26.608197766666667,84.0879054,11.466666666666667,RANGE_64MiB_partial_tar_gz;resampled_300s_mean
323100,26.63311003333333,84.99593633333333,10.866666666666667,RANGE_64MiB_partial_tar_gz;resampled_300s_mean
323400,23.296848833333335,84.28686823333334,10.4,RANGE_64MiB_partial_tar_gz;resampled_300s_mean
323700,25.3009107,84.5199597,10.2,RANGE_64MiB_partial_tar_gz;resampled_300s_mean
324000,31.0460739,85.9479948,10.066666666666666,RANGE_64MiB_partial_tar_gz;resampled_300s_mean
324300,29.848409433333334,86.0228431,10.9,RANGE_64MiB_partial_tar_gz;resampled_300s_mean
324600,29.954051433333333,87.08837943333333,9.033333333333333,RANGE_64MiB_partial_tar_gz;resampled_300s_mean
324900,32.55426523333333,86.3159768,11.333333333333334,RANGE_64MiB_partial_tar_gz;resampled_300s_mean
325200,29.679902833333337,86.6489035,10.266666666666667,RANGE_64MiB_partial_tar_gz;resampled_300s_mean
325500,27.374512666666664,83.51041283333333,10.366666666666667,RANGE_64MiB_partial_tar_gz;resampled_300s_mean
325800,26.958686033333333,86.61639573333333,11.833333333333334,RANGE_64MiB_partial_tar_gz;resampled_300s_mean
326100,24.958453066666667,85.48982343333334,10.9,RANGE_64MiB_partial_tar_gz;resampled_300s_mean
326400,26.477166133333334,85.55582096666667,11.5,RANGE_64MiB_partial_tar_gz;resampled_300s_mean
326700,24.290523633333333,84.676612,11.633333333333333,RANGE_64MiB_partial_tar_gz;resampled_300s_mean
327000,26.3234836,85.45184073333333,12.3,RANGE_64MiB_partial_tar_gz;resampled_300s_mean
327300,27.9700096,87.45197116666667,10.466666666666667,RANGE_64MiB_partial_tar_gz;resampled_300s_mean
327600,26.7579237,88.33420616666668,10.633333333333333,RANGE_64MiB_partial_tar_gz;resampled_300s_mean
327900,26.730803700000003,87.2791758,11.0,RANGE_64MiB_partial_tar_gz;resampled_300s_mean
328200,23.905001033333335,86.31865893333334,10.733333333333333,RANGE_64MiB_partial_tar_gz;resampled_300s_mean
328500,28.70801253333333,85.91654556666667,10.1,RANGE_64MiB_partial_tar_gz;resampled_300s_mean
328800,24.950470733333336,87.34770746666666,11.366666666666667,RANGE_64MiB_partial_tar_gz;resampled_300s_mean
329100,25.7804472,87.6747401,11.133333333333333,RANGE_64MiB_partial_tar_gz;resampled_300s_mean
329400,27.58674673333333,86.60886576666667,11.733333333333333,RANGE_64MiB_partial_tar_gz;resampled_300s_mean
329700,29.474413799999997,89.38295573333333,11.5,RANGE_64MiB_partial_tar_gz;resampled_300s_mean
330000,24.505020133333336,86.61799293333334,11.466666666666667,RANGE_64MiB_partial_tar_gz;resampled_300s_mean
330300,28.7008809,87.72131603333334,11.833333333333334,RANGE_64MiB_partial_tar_gz;resampled_300s_mean
330600,32.3475496,88.4253439,10.266666666666667,RANGE_64MiB_partial_tar_gz;resampled_300s_mean
330900,27.475529733333335,86.0366991,10.933333333333334,RANGE_64MiB_partial_tar_gz;resampled_300s_mean
331200,27.27817256666667,87.5153748,10.466666666666667,RANGE_64MiB_partial_tar_gz;resampled_300s_mean
331500,26.440948066666667,85.7634038,10.433333333333334,RANGE_64MiB_partial_tar_gz;resampled_300s_mean
331800,25.130434266666665,84.85437383333333,10.933333333333334,RANGE_64MiB_partial_tar_gz;resampled_300s_mean
332100,31.435634133333334,87.08493543333334,9.4,RANGE_64MiB_partial_tar_gz;resampled_300s_mean
332400,26.199473566666665,84.09059376666667,11.633333333333333,RANGE_64MiB_partial_tar_gz;resampled_300s_mean
332700,22.385222600000002,84.3765266,11.433333333333334,RANGE_64MiB_partial_tar_gz;resampled_300s_mean
333000,25.221481700000002,83.52022403333334,11.6,RANGE_64MiB_partial_tar_gz;resampled_300s_mean
333300,22.78684516666667,85.87346953333333,11.7,RANGE_64MiB_partial_tar_gz;resampled_300s_mean
333600,26.629900033333335,87.20770193333333,10.933333333333334,RANGE_64MiB_partial_tar_gz;resampled_300s_mean
333900,29.08694876666667,88.1277289,10.9,RANGE_64MiB_partial_tar_gz;resampled_300s_mean
334200,27.625950699999997,85.0549538,11.466666666666667,RANGE_64MiB_partial_tar_gz;resampled_300s_mean
334500,29.065506366666668,88.32517406666668,9.2,RANGE_64MiB_partial_tar_gz;resampled_300s_mean
334800,31.062872233333334,87.51245776666666,10.966666666666667,RANGE_64MiB_partial_tar_gz;resampled_300s_mean
335100,29.771872966666667,86.11703313333334,10.7,RANGE_64MiB_partial_tar_gz;resampled_300s_mean
335400,28.535236766666667,84.8436732,10.733333333333333,RANGE_64MiB_partial_tar_gz;resampled_300s_mean
335700,32.012214,85.60477636666666,10.766666666666667,RANGE_64MiB_partial_tar_gz;resampled_300s_mean
336000,30.8627063,85.60249816666666,11.433333333333334,RANGE_64MiB_partial_tar_gz;resampled_300s_mean
336300,28.3033131,85.13037643333334,12.366666666666667,RANGE_64MiB_partial_tar_gz;resampled_300s_mean
336600,32.150658433333334,88.41663313333333,11.833333333333334,RANGE_64MiB_partial_tar_gz;resampled_300s_mean
336900,33.2491214,87.96281716666667,10.8,RANGE_64MiB_partial_tar_gz;resampled_300s_mean
337200,31.090130733333336,88.12831843333333,11.6,RANGE_64MiB_partial_tar_gz;resampled_300s_mean
337500,31.136176799999998,86.27420609999999,11.433333333333334,RANGE_64MiB_partial_tar_gz;resampled_300s_mean
337800,35.27077206666666,89.09617786666666,11.666666666666666,RANGE_64MiB_partial_tar_gz;resampled_300s_mean
338100,28.872070466666667,87.47715840000001,10.9,RANGE_64MiB_partial_tar_gz;resampled_300s_mean
338400,37.2822498,88.23272333333333,10.8,RANGE_64MiB_partial_tar_gz;resampled_300s_mean
338700,34.61616536666667,88.65874643333333,10.9,RANGE_64MiB_partial_tar_gz;resampled_300s_mean
339000,28.88176286666667,85.99041600000001,11.566666666666666,RANGE_64MiB_partial_tar_gz;resampled_300s_mean
339300,29.290040299999998,84.81054066666667,11.366666666666667,RANGE_64MiB_partial_tar_gz;resampled_300s_mean
339600,32.20950656666667,86.87029386666667,11.933333333333334,RANGE_64MiB_partial_tar_gz;resampled_300s_mean
339900,30.246970666666666,86.37456536666667,11.733333333333333,RANGE_64MiB_partial_tar_gz;resampled_300s_mean
340200,28.73128386666667,86.7176398,10.366666666666667,RANGE_64MiB_partial_tar_gz;resampled_300s_mean
340500,26.605413066666664,86.26684153333333,11.833333333333334,RANGE_64MiB_partial_tar_gz;resampled_300s_mean
340800,27.997867766666666,87.8211623,11.5,RANGE_64MiB_partial_tar_gz;resampled_300s_mean
341100,25.005685533333335,83.9290713,10.766666666666667,RANGE_64MiB_partial_tar_gz;resampled_300s_mean
341400,28.034657566666667,87.34285816666667,11.033333333333333,RANGE_64MiB_partial_tar_gz;resampled_300s_mean
341700,28.045223833333335,88.43375253333333,10.766666666666667,RANGE_64MiB_partial_tar_gz;resampled_300s_mean
342000,29.849749866666667,87.51974136666666,11.566666666666666,RANGE_64MiB_partial_tar_gz;resampled_300s_mean
342300,27.1227179,87.25207266666666,10.566666666666666,RANGE_64MiB_partial_tar_gz;resampled_300s_mean
342600,30.513358766666666,87.64502786666667,11.7,RANGE_64MiB_partial_tar_gz;resampled_300s_mean
342900,30.4359209,86.73824726666666,11.933333333333334,RANGE_64MiB_partial_tar_gz;resampled_300s_mean
343200,28.186089499999998,86.65849226666666,9.866666666666667,RANGE_64MiB_partial_tar_gz;resampled_300s_mean
343500,27.1698525,86.62618923333333,10.966666666666667,RANGE_64MiB_partial_tar_gz;resampled_300s_mean
343800,31.347018633333334,87.2673786,11.566666666666666,RANGE_64MiB_partial_tar_gz;resampled_300s_mean
344100,24.9548076,84.99376116666667,11.633333333333333,RANGE_64MiB_partial_tar_gz;resampled_300s_mean
344400,26.845931933333336,88.0717617,10.566666666666666,RANGE_64MiB_partial_tar_gz;resampled_300s_mean
344700,25.1761433,87.89109356666667,10.533333333333333,RANGE_64MiB_partial_tar_gz;resampled_300s_mean
345000,26.833083166666665,87.21490423333333,10.7,RANGE_64MiB_partial_tar_gz;resampled_300s_mean
345300,26.178934133333332,87.73101133333333,10.4,RANGE_64MiB_partial_tar_gz;resampled_300s_mean
345600,29.3999074,87.43320106666667,10.633333333333333,RANGE_64MiB_partial_tar_gz;resampled_300s_mean
345900,34.25728093333333,88.4704801,11.6,RANGE_64MiB_partial_tar_gz;resampled_300s_mean
346200,31.23414873333333,85.39841276666667,11.133333333333333,RANGE_64MiB_partial_tar_gz;resampled_300s_mean
346500,35.559806099999996,86.43892810000001,11.966666666666667,RANGE_64MiB_partial_tar_gz;resampled_300s_mean
346800,38.234281499999994,83.83882063333334,10.633333333333333,RANGE_64MiB_partial_tar_gz;resampled_300s_mean
347100,34.53942063333333,85.12732276666667,10.333333333333334,RANGE_64MiB_partial_tar_gz;resampled_300s_mean
347400,34.664332566666666,86.0700013,12.2,RANGE_64MiB_partial_tar_gz;resampled_300s_mean
347700,30.50145673333333,86.3777798,10.6,RANGE_64MiB_partial_tar_gz;resampled_300s_mean
348000,26.28967383333333,82.22396463333332,11.233333333333333,RANGE_64MiB_partial_tar_gz;resampled_300s_mean
348300,30.549926966666664,85.2232492,11.2,RANGE_64MiB_partial_tar_gz;resampled_300s_mean
348600,26.23114413333333,83.07148263333333,11.8,RANGE_64MiB_partial_tar_gz;resampled_300s_mean
348900,30.172336633333334,82.96208366666666,11.5,RANGE_64MiB_partial_tar_gz;resampled_300s_mean
349200,30.388705466666668,84.85493303333332,11.2,RANGE_64MiB_partial_tar_gz;resampled_300s_mean
349500,29.1250607,88.12376846666666,11.8,RANGE_64MiB_partial_tar_gz;resampled_300s_mean
349800,29.79375536666667,85.88468296666666,11.6,RANGE_64MiB_partial_tar_gz;resampled_300s_mean
350100,30.3283111,84.55950483333332,11.266666666666667,RANGE_64MiB_partial_tar_gz;resampled_300s_mean
350400,33.5272795,86.79005866666667,11.0,RANGE_64MiB_partial_tar_gz;resampled_300s_mean
350700,32.449872,84.7394251,11.066666666666666,RANGE_64MiB_partial_tar_gz;resampled_300s_mean
351000,26.6893101,82.26958020000001,12.0,RANGE_64MiB_partial_tar_gz;resampled_300s_mean
351300,24.82325116666667,80.9833612,12.0,RANGE_64MiB_partial_tar_gz;resampled_300s_mean
351600,25.541475633333334,81.64872723333333,12.366666666666667,RANGE_64MiB_partial_tar_gz;resampled_300s_mean
351900,32.822868666666665,82.87127656666667,11.6,RANGE_64MiB_partial_tar_gz;resampled_300s_mean
352200,29.963763233333335,85.8778863,11.966666666666667,RANGE_64MiB_partial_tar_gz;resampled_300s_mean
352500,26.9025997,83.6423321,10.866666666666667,RANGE_64MiB_partial_tar_gz;resampled_300s_mean
352800,31.447826000000003,85.3895989,9.733333333333333,RANGE_64MiB_partial_tar_gz;resampled_300s_mean
353100,26.260389966666665,85.28973533333333,11.266666666666667,RANGE_64MiB_partial_tar_gz;resampled_300s_mean
353400,28.386390333333335,86.70352383333334,11.566666666666666,RANGE_64MiB_partial_tar_gz;resampled_300s_mean
353700,26.72732873333333,83.62010246666667,10.566666666666666,RANGE_64MiB_partial_tar_gz;resampled_300s_mean
354000,29.070311866666668,83.42237096666666,10.566666666666666,RANGE_64MiB_partial_tar_gz;resampled_300s_mean
354300,26.025520866666668,84.12723926666668,10.433333333333334,RANGE_64MiB_partial_tar_gz;resampled_300s_mean
354600,25.419310066666664,85.5954383,11.433333333333334,RANGE_64MiB_partial_tar_gz;resampled_300s_mean
354900,24.61237356666667,83.03088356666667,11.1,RANGE_64MiB_partial_tar_gz;resampled_300s_mean
355200,25.359766166666667,84.04500603333332,12.1,RANGE_64MiB_partial_tar_gz;resampled_300s_mean
355500,26.533022033333335,86.35161356666667,10.366666666666667,RANGE_64MiB_partial_tar_gz;resampled_300s_mean
355800,22.71992026666667,84.69763906666667,12.266666666666667,RANGE_64MiB_partial_tar_gz;resampled_300s_mean
356100,23.852057366666667,85.4384543,11.566666666666666,RANGE_64MiB_partial_tar_gz;resampled_300s_mean
356400,32.77625103333333,87.89489713333334,10.733333333333333,RANGE_64MiB_partial_tar_gz;resampled_300s_mean
356700,35.89152356666667,88.56226903333332,11.066666666666666,RANGE_64MiB_partial_tar_gz;resampled_300s_mean
357000,42.883203,88.15629933333334,11.833333333333334,RANGE_64MiB_partial_tar_gz;resampled_300s_mean
357300,37.119349533333335,89.60832863333333,11.1,RANGE_64MiB_partial_tar_gz;resampled_300s_mean
357600,36.3881167,89.96461559999999,11.0,RANGE_64MiB_partial_tar_gz;resampled_300s_mean
357900,38.30630886666667,86.61302013333334,11.533333333333333,RANGE_64MiB_partial_tar_gz;resampled_300s_mean
358200,37.18286496666666,86.13521703333335,10.3,RANGE_64MiB_partial_tar_gz;resampled_300s_mean
358500,38.9070065,86.07838073333333,11.266666666666667,RANGE_64MiB_partial_tar_gz;resampled_300s_mean
358800,39.18175956666666,85.33554633333333,11.166666666666666,RANGE_64MiB_partial_tar_gz;resampled_300s_mean
359100,45.5766212,88.0002892,12.3,RANGE_64MiB_partial_tar_gz;resampled_300s_mean
359400,45.81206543333334,86.88316936666666,10.966666666666667,RANGE_64MiB_partial_tar_gz;resampled_300s_mean
359700,41.658863733333334,86.53067666666668,10.533333333333333,RANGE_64MiB_partial_tar_gz;resampled_300s_mean
360000,46.41922413333334,87.97829270000001,10.566666666666666,RANGE_64MiB_partial_tar_gz;resampled_300s_mean
360300,42.2567593,89.27848903333333,9.933333333333334,RANGE_64MiB_partial_tar_gz;resampled_300s_mean
360600,37.00321233333333,84.17249243333335,10.466666666666667,RANGE_64MiB_partial_tar_gz;resampled_300s_mean
360900,42.28343113333334,86.08105126666666,11.766666666666667,RANGE_64MiB_partial_tar_gz;resampled_300s_mean
361200,41.80379993333334,85.9340993,10.433333333333334,RANGE_64MiB_partial_tar_gz;resampled_300s_mean
361500,53.20078,86.69805530000001,11.3,RANGE_64MiB_partial_tar_gz;resampled_300s_mean
361800,45.714161833333335,84.9046172,10.966666666666667,RANGE_64MiB_partial_tar_gz;resampled_300s_mean
362100,48.068404,86.01641169999999,11.233333333333333,RANGE_64MiB_partial_tar_gz;resampled_300s_mean
362400,44.961203966666666,85.88516639999999,11.266666666666667,RANGE_64MiB_partial_tar_gz;resampled_300s_mean
362700,45.3894603,84.03357423333334,11.266666666666667,RANGE_64MiB_partial_tar_gz;resampled_300s_mean
363000,47.026447966666666,87.20951996666666,11.2,RANGE_64MiB_partial_tar_gz;resampled_300s_mean
363300,44.03495696666666,83.9366481,10.9,RANGE_64MiB_partial_tar_gz;resampled_300s_mean
363600,41.511277533333335,86.107399,11.366666666666667,RANGE_64MiB_partial_tar_gz;resampled_300s_mean
363900,50.338299533333334,86.5840319,11.466666666666667,RANGE_64MiB_partial_tar_gz;resampled_300s_mean
364200,41.194284466666666,83.00409923333333,9.9,RANGE_64MiB_partial_tar_gz;resampled_300s_mean
364500,42.7308326,83.9083429,11.033333333333333,RANGE_64MiB_partial_tar_gz;resampled_300s_mean
364800,36.80634806666667,84.17910936666667,11.4,RANGE_64MiB_partial_tar_gz;resampled_300s_mean
365100,47.37445306666667,87.42217503333333,11.266666666666667,RANGE_64MiB_partial_tar_gz;resampled_300s_mean
365400,54.14434453333333,89.2385323,12.333333333333334,RANGE_64MiB_partial_tar_gz;resampled_300s_mean
365700,68.41356420000001,88.86764166666667,11.533333333333333,RANGE_64MiB_partial_tar_gz;resampled_300s_mean
366000,71.31176106666666,87.79879460000001,10.4,RANGE_64MiB_partial_tar_gz;resampled_300s_mean
366300,63.4723009,85.98244913333333,11.666666666666666,RANGE_64MiB_partial_tar_gz;resampled_300s_mean
366600,55.110062666666664,84.7009707,11.566666666666666,RANGE_64MiB_partial_tar_gz;resampled_300s_mean
366900,61.172730533333336,88.70852,11.6,RANGE_64MiB_partial_tar_gz;resampled_300s_mean
367200,54.7669876,86.75541589999999,10.766666666666667,RANGE_64MiB_partial_tar_gz;resampled_300s_mean
367500,55.11084766666667,87.43232846666666,9.866666666666667,RANGE_64MiB_partial_tar_gz;resampled_300s_mean
367800,49.725682633333335,85.8286561,10.7,RANGE_64MiB_partial_tar_gz;resampled_300s_mean
368100,52.195474366666666,86.2915746,10.833333333333334,RANGE_64MiB_partial_tar_gz;resampled_300s_mean
368400,55.11982296666667,87.17719486666667,11.133333333333333,RANGE_64MiB_partial_tar_gz;resampled_300s_mean
368700,55.35454296666667,87.33221386666668,10.833333333333334,RANGE_64MiB_partial_tar_gz;resampled_300s_mean
369000,57.226699233333335,87.76010686666667,11.533333333333333,RANGE_64MiB_partial_tar_gz;resampled_300s_mean
369300,54.24076496666667,86.24511456666667,10.0,RANGE_64MiB_partial_tar_gz;resampled_300s_mean
369600,55.30636476666667,87.69291263333334,9.833333333333334,RANGE_64MiB_partial_tar_gz;resampled_300s_mean
369900,53.4783421,86.67119233333332,10.733333333333333,RANGE_64MiB_partial_tar_gz;resampled_300s_mean
370200,52.35626223333334,86.89214756666667,11.633333333333333,RANGE_64MiB_partial_tar_gz;resampled_300s_mean
370500,52.6115336,87.31651603333333,9.966666666666667,RANGE_64MiB_partial_tar_gz;resampled_300s_mean
370800,51.8872048,87.48093596666666,9.933333333333334,RANGE_64MiB_partial_tar_gz;resampled_300s_mean
371100,52.09655333333333,88.66017756666666,10.2,RANGE_64MiB_partial_tar_gz;resampled_300s_mean
371400,45.18161376666667,86.27569056666667,11.5,RANGE_64MiB_partial_tar_gz;resampled_300s_mean
371700,49.49756643333333,87.45570599999999,10.3,RANGE_64MiB_partial_tar_gz;resampled_300s_mean
372000,48.69697576666667,86.56241206666667,11.533333333333333,RANGE_64MiB_partial_tar_gz;resampled_300s_mean
372300,52.4220021,86.13907373333333,11.2,RANGE_64MiB_partial_tar_gz;resampled_300s_mean
372600,54.28625316666667,87.08193243333334,10.6,RANGE_64MiB_partial_tar_gz;resampled_300s_mean
372900,53.0220637,87.30437323333334,11.433333333333334,RANGE_64MiB_partial_tar_gz;resampled_300s_mean
373200,53.368538066666666,88.40389493333333,11.1,RANGE_64MiB_partial_tar_gz;resampled_300s_mean
373500,49.99953223333333,86.73233076666666,10.866666666666667,RANGE_64MiB_partial_tar_gz;resampled_300s_mean
373800,50.909810300000004,88.62634906666668,11.766666666666667,RANGE_64MiB_partial_tar_gz;resampled_300s_mean
374100,48.5189478,84.59360726666667,11.233333333333333,RANGE_64MiB_partial_tar_gz;resampled_300s_mean
374400,55.43470516666667,88.31581926666667,12.0,RANGE_64MiB_partial_tar_gz;resampled_300s_mean
374700,49.34295843333334,87.12110793333333,10.8,RANGE_64MiB_partial_tar_gz;resampled_300s_mean
375000,54.294951033333334,88.03752416666666,10.833333333333334,RANGE_64MiB_partial_tar_gz;resampled_300s_mean
375300,46.04864153333333,88.93142156666666,11.333333333333334,RANGE_64MiB_partial_tar_gz;resampled_300s_mean
375600,44.658681099999995,88.82690046666667,9.866666666666667,RANGE_64MiB_partial_tar_gz;resampled_300s_mean
375900,50.03903196666667,89.53354420000001,10.366666666666667,RANGE_64MiB_partial_tar_gz;resampled_300s_mean
376200,52.1642504,89.5194182,10.4,RANGE_64MiB_partial_tar_gz;resampled_300s_mean
376500,48.9461844,88.99452076666667,11.133333333333333,RANGE_64MiB_partial_tar_gz;resampled_300s_mean
376800,50.60800276666667,86.91016800000001,10.433333333333334,RANGE_64MiB_partial_tar_gz;resampled_300s_mean
377100,48.16670943333334,88.1271495,10.833333333333334,RANGE_64MiB_partial_tar_gz;resampled_300s_mean
377400,50.812439899999994,86.08599056666667,10.866666666666667,RANGE_64MiB_partial_tar_gz;resampled_300s_mean
377700,42.98346706666667,83.83589126666668,11.5,RANGE_64MiB_partial_tar_gz;resampled_300s_mean
378000,52.838447566666666,87.48136246666667,11.366666666666667,RANGE_64MiB_partial_tar_gz;resampled_300s_mean
378300,44.116933233333334,85.2527044,11.033333333333333,RANGE_64MiB_partial_tar_gz;resampled_300s_mean
378600,45.11544966666667,84.4567805,11.7,RANGE_64MiB_partial_tar_gz;resampled_300s_mean
378900,47.12766813333334,85.80154163333333,10.0,RANGE_64MiB_partial_tar_gz;resampled_300s_mean
379200,46.818121866666665,86.1939519,10.666666666666666,RANGE_64MiB_partial_tar_gz;resampled_300s_mean
379500,46.766693933333336,86.846812,11.2,RANGE_64MiB_partial_tar_gz;resampled_300s_mean
379800,49.599545766666665,86.44599886666667,10.9,RANGE_64MiB_partial_tar_gz;resampled_300s_mean
380100,41.737341799999996,85.5346694,11.133333333333333,RANGE_64MiB_partial_tar_gz;resampled_300s_mean
380400,42.82296746666667,88.8133183,11.6,RANGE_64MiB_partial_tar_gz;resampled_300s_mean
380700,51.57586893333334,88.29356576666667,11.366666666666667,RANGE_64MiB_partial_tar_gz;resampled_300s_mean
381000,46.6587919,86.01837853333333,10.933333333333334,RANGE_64MiB_partial_tar_gz;resampled_300s_mean
381300,51.77556276666667,91.56538046666667,10.933333333333334,RANGE_64MiB_partial_tar_gz;resampled_300s_mean
381600,48.95865476666667,88.31419513333334,11.133333333333333,RANGE_64MiB_partial_tar_gz;resampled_300s_mean
381900,46.968653333333336,86.68606483333333,11.9,RANGE_64MiB_partial_tar_gz;resampled_300s_mean
382200,45.31611973333334,87.68127003333333,10.3,RANGE_64MiB_partial_tar_gz;resampled_300s_mean
382500,45.1252238,88.87815443333334,11.2,RANGE_64MiB_partial_tar_gz;resampled_300s_mean
382800,45.183194699999994,87.58891053333333,11.4,RANGE_64MiB_partial_tar_gz;resampled_300s_mean
383100,43.06505123333333,87.36492956666666,10.4,RANGE_64MiB_partial_tar_gz;resampled_300s_mean
383400,40.729480366666664,86.6973876,10.666666666666666,RANGE_64MiB_partial_tar_gz;resampled_300s_mean
383700,40.810924033333336,85.79594083333333,10.866666666666667,RANGE_64MiB_partial_tar_gz;resampled_300s_mean
384000,39.462912233333334,86.81996643333333,10.7,RANGE_64MiB_partial_tar_gz;resampled_300s_mean
384300,42.524136766666665,88.4247235,10.833333333333334,RANGE_64MiB_partial_tar_gz;resampled_300s_mean
384600,38.344388800000004,87.89238023333334,11.433333333333334,RANGE_64MiB_partial_tar_gz;resampled_300s_mean
384900,37.97875036666667,88.86387280000001,10.433333333333334,RANGE_64MiB_partial_tar_gz;resampled_300s_mean
385200,41.120120899999996,86.43165896666666,10.633333333333333,RANGE_64MiB_partial_tar_gz;resampled_300s_mean
385500,43.8729183,87.11975120000001,11.266666666666667,RANGE_64MiB_partial_tar_gz;resampled_300s_mean
385800,40.55473606666667,86.19059306666666,11.6,RANGE_64MiB_partial_tar_gz;resampled_300s_mean
386100,45.483275400000004,89.99830153333333,9.9,RANGE_64MiB_partial_tar_gz;resampled_300s_mean
386400,41.703261733333335,87.4777804,11.3,RANGE_64MiB_partial_tar_gz;resampled_300s_mean
386700,46.2369171,89.95241143333332,10.766666666666667,RANGE_64MiB_partial_tar_gz;resampled_300s_mean
387000,45.32992153333333,88.68350476666666,10.433333333333334,RANGE_64MiB_partial_tar_gz;resampled_300s_mean
387300,43.5409734,88.4549825,10.7,RANGE_64MiB_partial_tar_gz;resampled_300s_mean
387600,54.09487393333333,88.82150396666667,11.066666666666666,RANGE_64MiB_partial_tar_gz;resampled_300s_mean
387900,41.361988333333336,87.26146323333334,10.433333333333334,RANGE_64MiB_partial_tar_gz;resampled_300s_mean
388200,38.6882202,87.2817812,11.933333333333334,RANGE_64MiB_partial_tar_gz;resampled_300s_mean
388500,38.551358433333334,87.7869155,12.333333333333334,RANGE_64MiB_partial_tar_gz;resampled_300s_mean
388800,39.25774283333333,86.5715573,11.433333333333334,RANGE_64MiB_partial_tar_gz;resampled_300s_mean
389100,42.57130506666667,88.62422506666667,11.833333333333334,RANGE_64MiB_partial_tar_gz;resampled_300s_mean
389400,39.51158973333334,87.04703863333334,11.066666666666666,RANGE_64MiB_partial_tar_gz;resampled_300s_mean
389700,44.06463183333334,86.71391803333333,11.233333333333333,RANGE_64MiB_partial_tar_gz;resampled_300s_mean
390000,40.542271199999995,86.64142766666667,10.3,RANGE_64MiB_partial_tar_gz;resampled_300s_mean
390300,40.4988387,86.5461819,10.566666666666666,RANGE_64MiB_partial_tar_gz;resampled_300s_mean
390600,38.80155313333333,85.7851533,11.2,RANGE_64MiB_partial_tar_gz;resampled_300s_mean
390900,36.144139,85.83143883333334,11.033333333333333,RANGE_64MiB_partial_tar_gz;resampled_300s_mean
391200,41.400217399999995,86.4962668,11.166666666666666,RANGE_64MiB_partial_tar_gz;resampled_300s_mean
391500,37.446196699999994,86.79788066666667,10.833333333333334,RANGE_64MiB_partial_tar_gz;resampled_300s_mean
391800,35.620979633333334,85.68035753333334,11.833333333333334,RANGE_64MiB_partial_tar_gz;resampled_300s_mean
392100,32.79083163333333,84.98371103333334,10.966666666666667,RANGE_64MiB_partial_tar_gz;resampled_300s_mean
392400,31.060247133333334,83.04776386666667,11.4,RANGE_64MiB_partial_tar_gz;resampled_300s_mean
392700,38.7682186,87.2076018,11.6,RANGE_64MiB_partial_tar_gz;resampled_300s_mean
393000,39.75602236666667,86.06405646666667,11.633333333333333,RANGE_64MiB_partial_tar_gz;resampled_300s_mean
393300,40.711755499999995,87.49964853333333,10.7,RANGE_64MiB_partial_tar_gz;resampled_300s_mean
393600,44.9658821,88.17542713333334,11.033333333333333,RANGE_64MiB_partial_tar_gz;resampled_300s_mean
393900,41.645428833333334,87.01559776666666,11.833333333333334,RANGE_64MiB_partial_tar_gz;resampled_300s_mean
394200,41.23365443333333,84.63674250000001,11.1,RANGE_64MiB_partial_tar_gz;resampled_300s_mean
394500,38.4568254,85.24856303333333,10.7,RANGE_64MiB_partial_tar_gz;resampled_300s_mean
394800,41.0658737,86.01096836666667,10.866666666666667,RANGE_64MiB_partial_tar_gz;resampled_300s_mean
395100,37.89589076666667,84.4108332,11.6,RANGE_64MiB_partial_tar_gz;resampled_300s_mean
395400,38.960762300000006,87.8763809,11.133333333333333,RANGE_64MiB_partial_tar_gz;resampled_300s_mean
395700,41.42225716666667,89.28352686666668,11.666666666666666,RANGE_64MiB_partial_tar_gz;resampled_300s_mean
396000,46.47337026666666,88.8178445,12.8,RANGE_64MiB_partial_tar_gz;resampled_300s_mean
396300,47.4051144,88.06865103333332,11.466666666666667,RANGE_64MiB_partial_tar_gz;resampled_300s_mean
396600,44.633566699999996,88.5942329,9.833333333333334,RANGE_64MiB_partial_tar_gz;resampled_300s_mean
396900,42.337431,86.88760646666667,10.666666666666666,RANGE_64MiB_partial_tar_gz;resampled_300s_mean
397200,43.4969033,86.60572683333334,11.533333333333333,RANGE_64MiB_partial_tar_gz;resampled_300s_mean
397500,42.63087326666666,84.98934063333333,11.733333333333333,RANGE_64MiB_partial_tar_gz;resampled_300s_mean
397800,41.081739066666664,86.68938113333334,10.5,RANGE_64MiB_partial_tar_gz;resampled_300s_mean
398100,39.41579466666667,85.11122323333333,11.1,RANGE_64MiB_partial_tar_gz;resampled_300s_mean
398400,41.0345666,86.34160123333332,11.866666666666667,RANGE_64MiB_partial_tar_gz;resampled_300s_mean
398700,39.385030300000004,85.6338218,11.3,RANGE_64MiB_partial_tar_gz;resampled_300s_mean
399000,40.72674143333334,87.58347956666667,10.833333333333334,RANGE_64MiB_partial_tar_gz;resampled_300s_mean
399300,38.40914756666667,87.04949020000001,10.5,RANGE_64MiB_partial_tar_gz;resampled_300s_mean
399600,36.93606376666666,87.0316272,11.3,RANGE_64MiB_partial_tar_gz;resampled_300s_mean
399900,35.7552032,86.56146269999999,10.3,RANGE_64MiB_partial_tar_gz;resampled_300s_mean
400200,31.8137408,86.5027444,11.366666666666667,RANGE_64MiB_partial_tar_gz;resampled_300s_mean
400500,35.498636733333335,88.05938103333332,11.266666666666667,RANGE_64MiB_partial_tar_gz;resampled_300s_mean
400800,33.8920874,87.38520749999999,11.5,RANGE_64MiB_partial_tar_gz;resampled_300s_mean
401100,34.2004256,87.54443296666666,11.166666666666666,RANGE_64MiB_partial_tar_gz;resampled_300s_mean
401400,31.34504863333333,84.37520256666667,9.9,RANGE_64MiB_partial_tar_gz;resampled_300s_mean
401700,33.123934033333335,85.9993571,10.4,RANGE_64MiB_partial_tar_gz;resampled_300s_mean
402000,30.463027066666665,87.73694676666668,12.366666666666667,RANGE_64MiB_partial_tar_gz;resampled_300s_mean
402300,32.363524766666664,86.52312713333335,11.533333333333333,RANGE_64MiB_partial_tar_gz;resampled_300s_mean
402600,32.96367166666667,88.52915426666667,11.8,RANGE_64MiB_partial_tar_gz;resampled_300s_mean
402900,25.420220233333335,84.12553593333334,11.1,RANGE_64MiB_partial_tar_gz;resampled_300s_mean
403200,28.69829713333333,87.3232746,10.866666666666667,RANGE_64MiB_partial_tar_gz;resampled_300s_mean
403500,28.311447833333332,88.9549823,10.566666666666666,RANGE_64MiB_partial_tar_gz;resampled_300s_mean
403800,26.967936599999998,86.76303326666667,11.8,RANGE_64MiB_partial_tar_gz;resampled_300s_mean
404100,31.9800562,90.7383525,11.733333333333333,RANGE_64MiB_partial_tar_gz;resampled_300s_mean
404400,27.111672166666665,87.1221673,11.1,RANGE_64MiB_partial_tar_gz;resampled_300s_mean
404700,25.3619367,86.18414523333333,10.1,RANGE_64MiB_partial_tar_gz;resampled_300s_mean
405000,28.188086666666667,88.38156816666667,11.066666666666666,RANGE_64MiB_partial_tar_gz;resampled_300s_mean
405300,23.82094023333333,87.36521339999999,10.866666666666667,RANGE_64MiB_partial_tar_gz;resampled_300s_mean
405600,24.838705433333335,89.47742453333333,11.133333333333333,RANGE_64MiB_partial_tar_gz;resampled_300s_mean
405900,23.084261833333336,90.01828766666668,11.3,RANGE_64MiB_partial_tar_gz;resampled_300s_mean
406200,24.658786066666668,88.7755238,11.5,RANGE_64MiB_partial_tar_gz;resampled_300s_mean
406500,27.475493233333335,89.27583920000001,11.4,RANGE_64MiB_partial_tar_gz;resampled_300s_mean
406800,26.940621533333335,88.443338,10.266666666666667,RANGE_64MiB_partial_tar_gz;resampled_300s_mean
407100,26.298767533333333,86.5145023,10.566666666666666,RANGE_64MiB_partial_tar_gz;resampled_300s_mean
407400,25.359416166666666,86.82921710000001,11.3,RANGE_64MiB_partial_tar_gz;resampled_300s_mean
407700,22.722996966666663,86.87546676666666,10.166666666666666,RANGE_64MiB_partial_tar_gz;resampled_300s_mean
408000,23.031257166666666,86.82702126666666,11.433333333333334,RANGE_64MiB_partial_tar_gz;resampled_300s_mean
408300,21.31067446666667,86.79807323333333,10.766666666666667,RANGE_64MiB_partial_tar_gz;resampled_300s_mean
408600,23.6372311,87.0780012,11.266666666666667,RANGE_64MiB_partial_tar_gz;resampled_300s_mean
408900,23.224860433333333,88.62996953333332,12.3,RANGE_64MiB_partial_tar_gz;resampled_300s_mean
409200,23.3991341,86.565487,11.366666666666667,RANGE_64MiB_partial_tar_gz;resampled_300s_mean
409500,24.491673600000002,87.3839383,10.9,RANGE_64MiB_partial_tar_gz;resampled_300s_mean
409800,27.24930703333333,88.62417456666667,11.666666666666666,RANGE_64MiB_partial_tar_gz;resampled_300s_mean
410100,29.3119057,88.59098403333334,10.8,RANGE_64MiB_partial_tar_gz;resampled_300s_mean
410400,29.610262033333335,87.42588163333333,11.566666666666666,RANGE_64MiB_partial_tar_gz;resampled_300s_mean
410700,27.25527513333333,86.74896140000001,10.933333333333334,RANGE_64MiB_partial_tar_gz;resampled_300s_mean
411000,23.8138661,88.91961169999999,11.333333333333334,RANGE_64MiB_partial_tar_gz;resampled_300s_mean
411300,30.340317333333335,91.00358336666666,10.9,RANGE_64MiB_partial_tar_gz;resampled_300s_mean
411600,24.53543823333333,87.10968533333333,12.233333333333333,RANGE_64MiB_partial_tar_gz;resampled_300s_mean
411900,26.269779733333333,88.84968533333334,11.266666666666667,RANGE_64MiB_partial_tar_gz;resampled_300s_mean
412200,27.359355333333333,87.5613434,11.9,RANGE_64MiB_partial_tar_gz;resampled_300s_mean
412500,22.825381366666665,86.9848022,12.633333333333333,RANGE_64MiB_partial_tar_gz;resampled_300s_mean
412800,22.153100900000002,87.7403414,10.833333333333334,RANGE_64MiB_partial_tar_gz;resampled_300s_mean
413100,25.225035533333333,88.76392746666667,10.366666666666667,RANGE_64MiB_partial_tar_gz;resampled_300s_mean
413400,24.6545419,86.26326443333333,11.933333333333334,RANGE_64MiB_partial_tar_gz;resampled_300s_mean
413700,24.106424633333333,88.0748502,10.533333333333333,RANGE_64MiB_partial_tar_gz;resampled_300s_mean
414000,24.4201997,88.18266539999999,10.666666666666666,RANGE_64MiB_partial_tar_gz;resampled_300s_mean
414300,26.186587533333334,89.75441893333333,11.266666666666667,RANGE_64MiB_partial_tar_gz;resampled_300s_mean
414600,25.075795133333333,87.85837573333333,11.566666666666666,RANGE_64MiB_partial_tar_gz;resampled_300s_mean
414900,23.8169458,88.64675533333335,10.7,RANGE_64MiB_partial_tar_gz;resampled_300s_mean
415200,28.747547366666666,88.30422990000001,10.433333333333334,RANGE_64MiB_partial_tar_gz;resampled_300s_mean
415500,26.18559893333333,85.21031633333334,11.3,RANGE_64MiB_partial_tar_gz;resampled_300s_mean
415800,26.1921734,88.69642640000001,11.1,RANGE_64MiB_partial_tar_gz;resampled_300s_mean
416100,26.043481033333332,85.84097926666666,10.4,RANGE_64MiB_partial_tar_gz;resampled_300s_mean
416400,22.695925133333333,88.07867540000001,11.133333333333333,RANGE_64MiB_partial_tar_gz;resampled_300s_mean
416700,26.242901099999997,88.79417133333332,10.166666666666666,RANGE_64MiB_partial_tar_gz;resampled_300s_mean
417000,25.1778426,89.3761627,11.233333333333333,RANGE_64MiB_partial_tar_gz;resampled_300s_mean
417300,21.464498366666664,87.31371853333333,10.333333333333334,RANGE_64MiB_partial_tar_gz;resampled_300s_mean
417600,24.215854933333333,88.8041946,11.166666666666666,RANGE_64MiB_partial_tar_gz;resampled_300s_mean
417900,27.110655366666666,88.5729844,11.233333333333333,RANGE_64MiB_partial_tar_gz;resampled_300s_mean
418200,23.165491499999998,88.355362,12.066666666666666,RANGE_64MiB_partial_tar_gz;resampled_300s_mean
418500,26.812037566666667,87.87948893333333,11.866666666666667,RANGE_64MiB_partial_tar_gz;resampled_300s_mean
418800,23.257773166666666,89.11764276666666,11.133333333333333,RANGE_64MiB_partial_tar_gz;resampled_300s_mean
419100,26.9234795,90.35734346666666,11.466666666666667,RANGE_64MiB_partial_tar_gz;resampled_300s_mean
419400,29.554564733333333,89.58860766666666,10.533333333333333,RANGE_64MiB_partial_tar_gz;resampled_300s_mean
419700,26.917859266666667,87.42443436666666,11.0,RANGE_64MiB_partial_tar_gz;resampled_300s_mean
420000,27.383041966666667,88.07434766666667,11.133333333333333,RANGE_64MiB_partial_tar_gz;resampled_300s_mean
420300,31.2451296,88.1363803,12.6,RANGE_64MiB_partial_tar_gz;resampled_300s_mean
420600,31.837830766666666,88.48031463333334,10.866666666666667,RANGE_64MiB_partial_tar_gz;resampled_300s_mean
420900,28.33388066666667,90.57298886666668,12.966666666666667,RANGE_64MiB_partial_tar_gz;resampled_300s_mean
421200,27.556680933333332,89.14633816666667,11.4,RANGE_64MiB_partial_tar_gz;resampled_300s_mean
421500,29.10614186666667,88.33660786666665,10.8,RANGE_64MiB_partial_tar_gz;resampled_300s_mean
421800,27.5625265,89.68181013333333,11.933333333333334,RANGE_64MiB_partial_tar_gz;resampled_300s_mean
422100,30.7157284,88.1227466,11.133333333333333,RANGE_64MiB_partial_tar_gz;resampled_300s_mean
422400,26.612865,88.08272836666667,11.4,RANGE_64MiB_partial_tar_gz;resampled_300s_mean
422700,26.829987766666665,89.86071506666667,10.166666666666666,RANGE_64MiB_partial_tar_gz;resampled_300s_mean
423000,27.000662233333333,87.8117605,11.933333333333334,RANGE_64MiB_partial_tar_gz;resampled_300s_mean
423300,23.572552166666664,85.262558,11.366666666666667,RANGE_64MiB_partial_tar_gz;resampled_300s_mean
423600,26.8956318,89.71284043333334,11.633333333333333,RANGE_64MiB_partial_tar_gz;resampled_300s_mean
423900,26.9390307,88.2241342,11.666666666666666,RANGE_64MiB_partial_tar_gz;resampled_300s_mean
424200,25.1995544,88.05690303333333,10.566666666666666,RANGE_64MiB_partial_tar_gz;resampled_300s_mean
424500,21.436396133333332,87.75862346666666,10.9,RANGE_64MiB_partial_tar_gz;resampled_300s_mean
424800,26.83078073333333,89.39922823333333,11.366666666666667,RANGE_64MiB_partial_tar_gz;resampled_300s_mean
425100,25.76707993333333,88.86913236666666,11.3,RANGE_64MiB_partial_tar_gz;resampled_300s_mean
425400,22.647884466666667,89.10387866666666,10.7,RANGE_64MiB_partial_tar_gz;resampled_300s_mean
425700,22.8080599,87.37752446666667,11.333333333333334,RANGE_64MiB_partial_tar_gz;resampled_300s_mean
426000,22.975010966666666,87.56492493333333,11.033333333333333,RANGE_64MiB_partial_tar_gz;resampled_300s_mean
426300,27.512765533333333,88.68122966666667,11.233333333333333,RANGE_64MiB_partial_tar_gz;resampled_300s_mean
426600,24.7398611,88.63559596666667,10.6,RANGE_64MiB_partial_tar_gz;resampled_300s_mean
426900,23.643245966666665,86.42319043333333,11.666666666666666,RANGE_64MiB_partial_tar_gz;resampled_300s_mean
427200,23.296462733333332,90.5871497,11.966666666666667,RANGE_64MiB_partial_tar_gz;resampled_300s_mean
427500,24.46422706666667,90.85196816666667,10.866666666666667,RANGE_64MiB_partial_tar_gz;resampled_300s_mean
427800,22.734071966666665,88.83506603333333,11.2,RANGE_64MiB_partial_tar_gz;resampled_300s_mean
428100,20.2109097,89.8316492,10.333333333333334,RANGE_64MiB_partial_tar_gz;resampled_300s_mean
428400,25.563742033333334,90.3080538,11.966666666666667,RANGE_64MiB_partial_tar_gz;resampled_300s_mean
428700,23.475369666666666,88.78974726666667,11.0,RANGE_64MiB_partial_tar_gz;resampled_300s_mean
429000,24.043925166666668,88.66087393333333,11.9,RANGE_64MiB_partial_tar_gz;resampled_300s_mean
429300,25.257160433333333,89.7761883,11.7,RANGE_64MiB_partial_tar_gz;resampled_300s_mean
429600,24.763673266666668,87.41824356666666,10.5,RANGE_64MiB_partial_tar_gz;resampled_300s_mean
429900,23.1217557,88.29442569999999,10.333333333333334,RANGE_64MiB_partial_tar_gz;resampled_300s_mean
430200,25.434054,88.71209286666667,10.7,RANGE_64MiB_partial_tar_gz;resampled_300s_mean
430500,22.625686933333334,86.5717502,11.366666666666667,RANGE_64MiB_partial_tar_gz;resampled_300s_mean
430800,19.218887400000003,86.28961023333333,11.133333333333333,RANGE_64MiB_partial_tar_gz;resampled_300s_mean
431100,23.926344766666666,89.77305973333334,10.9,RANGE_64MiB_partial_tar_gz;resampled_300s_mean
431400,22.396794800000002,87.7833024,10.9,RANGE_64MiB_partial_tar_gz;resampled_300s_mean
431700,21.365959200000002,85.88655003333334,12.333333333333334,RANGE_64MiB_partial_tar_gz;resampled_300s_mean
432000,24.6382594,87.95601026666667,11.533333333333333,RANGE_64MiB_partial_tar_gz;resampled_300s_mean
432300,31.779057299999998,89.80995966666666,10.4,RANGE_64MiB_partial_tar_gz;resampled_300s_mean
432600,30.372718966666664,88.65815366666668,11.533333333333333,RANGE_64MiB_partial_tar_gz;resampled_300s_mean
432900,28.631856466666665,86.9614528,11.7,RANGE_64MiB_partial_tar_gz;resampled_300s_mean
433200,29.53700823333333,89.10312616666667,11.466666666666667,RANGE_64MiB_partial_tar_gz;resampled_300s_mean
433500,28.204268066666668,86.9781896,11.266666666666667,RANGE_64MiB_partial_tar_gz;resampled_300s_mean
433800,27.901782866666668,87.3818784,11.2,RANGE_64MiB_partial_tar_gz;resampled_300s_mean
434100,34.65062866666666,85.7132559,12.366666666666667,RANGE_64MiB_partial_tar_gz;resampled_300s_mean
434400,39.197038533333334,87.85780453333334,9.766666666666667,RANGE_64MiB_partial_tar_gz;resampled_300s_mean
434700,26.782166800000002,83.86723466666668,11.666666666666666,RANGE_64MiB_partial_tar_gz;resampled_300s_mean
435000,24.690603866666667,86.29173943333333,10.866666666666667,RANGE_64MiB_partial_tar_gz;resampled_300s_mean
435300,24.399913666666667,86.34097696666666,10.033333333333333,RANGE_64MiB_partial_tar_gz;resampled_300s_mean
435600,26.178501266666668,85.3289346,10.166666666666666,RANGE_64MiB_partial_tar_gz;resampled_300s_mean
435900,24.192404833333335,84.5022825,11.466666666666667,RANGE_64MiB_partial_tar_gz;resampled_300s_mean
436200,35.9467835,89.83718139999999,10.933333333333334,RANGE_64MiB_partial_tar_gz;resampled_300s_mean
436500,36.757421799999996,88.07198416666667,9.933333333333334,RANGE_64MiB_partial_tar_gz;resampled_300s_mean
436800,31.75740096666667,84.45092686666666,11.033333333333333,RANGE_64MiB_partial_tar_gz;resampled_300s_mean
437100,35.23387683333333,82.03556326666667,12.533333333333333,RANGE_64MiB_partial_tar_gz;resampled_300s_mean
437400,26.846395500000003,82.40608243333332,10.9,RANGE_64MiB_partial_tar_gz;resampled_300s_mean
437700,27.424771033333332,82.91121126666667,11.466666666666667,RANGE_64MiB_partial_tar_gz;resampled_300s_mean
438000,32.4141263,84.46152783333334,11.133333333333333,RANGE_64MiB_partial_tar_gz;resampled_300s_mean
438300,26.034415000000003,83.320403,11.0,RANGE_64MiB_partial_tar_gz;resampled_300s_mean
438600,25.602954399999998,81.49941256666666,11.566666666666666,RANGE_64MiB_partial_tar_gz;resampled_300s_mean
438900,23.338062466666667,83.4324006,10.666666666666666,RANGE_64MiB_partial_tar_gz;resampled_300s_mean
439200,31.552478699999998,84.299853,10.733333333333333,RANGE_64MiB_partial_tar_gz;resampled_300s_mean
439500,31.192574166666667,86.15011496666666,11.266666666666667,RANGE_64MiB_partial_tar_gz;resampled_300s_mean
439800,32.69530556666667,85.4499562,11.6,RANGE_64MiB_partial_tar_gz;resampled_300s_mean
440100,31.04039476666667,87.23250553333334,10.8,RANGE_64MiB_partial_tar_gz;resampled_300s_mean
440400,32.10380253333334,86.0690512,11.433333333333334,RANGE_64MiB_partial_tar_gz;resampled_300s_mean
440700,33.6403816,86.09523886666666,12.1,RANGE_64MiB_partial_tar_gz;resampled_300s_mean
441000,26.8708795,86.31400993333334,11.7,RANGE_64MiB_partial_tar_gz;resampled_300s_mean
441300,25.782978433333334,82.51793406666667,11.133333333333333,RANGE_64MiB_partial_tar_gz;resampled_300s_mean
441600,25.444692666666665,83.71533186666667,11.533333333333333,RANGE_64MiB_partial_tar_gz;resampled_300s_mean
441900,38.057634799999995,85.1545469,11.233333333333333,RANGE_64MiB_partial_tar_gz;resampled_300s_mean
442200,30.794599100000003,82.64703466666667,10.466666666666667,RANGE_64MiB_partial_tar_gz;resampled_300s_mean
442500,35.669830266666665,86.2913122,11.866666666666667,RANGE_64MiB_partial_tar_gz;resampled_300s_mean
442800,37.7072948,88.40523556666668,10.133333333333333,RANGE_64MiB_partial_tar_gz;resampled_300s_mean
443100,33.1963171,85.74823096666667,10.8,RANGE_64MiB_partial_tar_gz;resampled_300s_mean
443400,36.73556636666667,87.32463366666666,11.433333333333334,RANGE_64MiB_partial_tar_gz;resampled_300s_mean
443700,37.87857966666666,87.5599118,11.466666666666667,RANGE_64MiB_partial_tar_gz;resampled_300s_mean
444000,34.99138726666667,86.5099075,11.633333333333333,RANGE_64MiB_partial_tar_gz;resampled_300s_mean
444300,36.94804246666667,86.5459031,10.066666666666666,RANGE_64MiB_partial_tar_gz;resampled_300s_mean
444600,40.35748543333333,88.86232656666667,11.466666666666667,RANGE_64MiB_partial_tar_gz;resampled_300s_mean
444900,33.098161,86.79718096666667,10.766666666666667,RANGE_64MiB_partial_tar_gz;resampled_300s_mean
445200,35.45699196666667,86.28142703333333,11.466666666666667,RANGE_64MiB_partial_tar_gz;resampled_300s_mean
445500,33.61157273333333,85.19647213333333,11.266666666666667,RANGE_64MiB_partial_tar_gz;resampled_300s_mean
445800,30.553172099999998,86.4774736,10.466666666666667,RANGE_64MiB_partial_tar_gz;resampled_300s_mean
446100,39.4514811,88.28501179999999,10.433333333333334,RANGE_64MiB_partial_tar_gz;resampled_300s_mean
446400,39.50912743333333,88.33816816666668,11.733333333333333,RANGE_64MiB_partial_tar_gz;resampled_300s_mean
446700,38.418478033333336,87.65415646666666,11.0,RANGE_64MiB_partial_tar_gz;resampled_300s_mean
447000,41.41423626666666,87.22324186666667,11.566666666666666,RANGE_64MiB_partial_tar_gz;resampled_300s_mean
447300,44.6403328,87.91962133333332,12.166666666666666,RANGE_64MiB_partial_tar_gz;resampled_300s_mean
447600,45.55142566666667,86.46326423333333,10.033333333333333,RANGE_64MiB_partial_tar_gz;resampled_300s_mean
447900,44.42883496666666,87.63293373333333,12.2,RANGE_64MiB_partial_tar_gz;resampled_300s_mean
448200,40.628190866666664,85.51526123333333,11.8,RANGE_64MiB_partial_tar_gz;resampled_300s_mean
448500,33.51892073333333,83.9903264,12.0,RANGE_64MiB_partial_tar_gz;resampled_300s_mean
448800,37.75775253333333,85.53952843333333,11.2,RANGE_64MiB_partial_tar_gz;resampled_300s_mean
449100,32.7678571,83.36968279999999,10.766666666666667,RANGE_64MiB_partial_tar_gz;resampled_300s_mean
449400,35.2426898,86.81036526666666,11.866666666666667,RANGE_64MiB_partial_tar_gz;resampled_300s_mean
449700,35.052755366666666,87.72857733333333,10.833333333333334,RANGE_64MiB_partial_tar_gz;resampled_300s_mean
450000,46.9972242,88.11716143333334,11.133333333333333,RANGE_64MiB_partial_tar_gz;resampled_300s_mean
450300,41.86187313333333,85.8856965,10.433333333333334,RANGE_64MiB_partial_tar_gz;resampled_300s_mean
450600,37.996285066666665,86.4746779,11.033333333333333,RANGE_64MiB_partial_tar_gz;resampled_300s_mean
450900,31.55384413333333,84.8905322,10.833333333333334,RANGE_64MiB_partial_tar_gz;resampled_300s_mean
451200,38.27022636666666,87.7104451,12.266666666666667,RANGE_64MiB_partial_tar_gz;resampled_300s_mean
451500,31.959441066666667,84.88403776666668,11.066666666666666,RANGE_64MiB_partial_tar_gz;resampled_300s_mean
451800,28.76362956666667,87.22640046666668,11.566666666666666,RANGE_64MiB_partial_tar_gz;resampled_300s_mean
452100,39.43013693333333,86.2880771,10.866666666666667,RANGE_64MiB_partial_tar_gz;resampled_300s_mean
452400,42.1377209,89.96559963333334,11.0,RANGE_64MiB_partial_tar_gz;resampled_300s_mean
452700,44.851416699999994,89.85632406666667,11.033333333333333,RANGE_64MiB_partial_tar_gz;resampled_300s_mean
453000,49.069463000000006,90.04569863333333,11.233333333333333,RANGE_64MiB_partial_tar_gz;resampled_300s_mean
453300,52.31681656666667,88.7411271,9.933333333333334,RANGE_64MiB_partial_tar_gz;resampled_300s_mean
453600,55.23675276666667,86.46285446666667,11.5,RANGE_64MiB_partial_tar_gz;resampled_300s_mean
453900,72.24280863333334,89.38475383333333,11.833333333333334,RANGE_64MiB_partial_tar_gz;resampled_300s_mean
454200,71.7630523,87.19221130000001,12.066666666666666,RANGE_64MiB_partial_tar_gz;resampled_300s_mean
454500,57.2559292,85.80609726666667,11.866666666666667,RANGE_64MiB_partial_tar_gz;resampled_300s_mean
454800,49.0775584,86.51282646666667,11.866666666666667,RANGE_64MiB_partial_tar_gz;resampled_300s_mean
455100,53.58307953333333,86.05916266666667,9.433333333333334,RANGE_64MiB_partial_tar_gz;resampled_300s_mean
455400,51.64616913333334,85.05348443333334,10.7,RANGE_64MiB_partial_tar_gz;resampled_300s_mean
455700,57.69214603333333,88.0908286,11.166666666666666,RANGE_64MiB_partial_tar_gz;resampled_300s_mean
456000,50.85068643333333,86.69343933333333,10.4,RANGE_64MiB_partial_tar_gz;resampled_300s_mean
456300,52.19302806666667,85.2627737,11.966666666666667,RANGE_64MiB_partial_tar_gz;resampled_300s_mean
456600,52.630961166666665,84.69511716666666,11.033333333333333,RANGE_64MiB_partial_tar_gz;resampled_300s_mean
456900,57.6387306,89.2418212,10.8,RANGE_64MiB_partial_tar_gz;resampled_300s_mean
457200,55.237217666666666,88.44223083333333,11.1,RANGE_64MiB_partial_tar_gz;resampled_300s_mean
457500,47.15670313333333,86.2486025,11.233333333333333,RANGE_64MiB_partial_tar_gz;resampled_300s_mean
457800,49.46054396666667,85.76995303333334,10.5,RANGE_64MiB_partial_tar_gz;resampled_300s_mean
458100,56.363358633333334,86.05499106666666,11.233333333333333,RANGE_64MiB_partial_tar_gz;resampled_300s_mean
458400,55.69365623333333,88.48996606666667,11.333333333333334,RANGE_64MiB_partial_tar_gz;resampled_300s_mean
458700,53.03075593333333,88.42388609999999,10.333333333333334,RANGE_64MiB_partial_tar_gz;resampled_300s_mean
459000,45.6552494,82.68740923333333,10.733333333333333,RANGE_64MiB_partial_tar_gz;resampled_300s_mean
459300,48.20470413333333,84.93653946666667,11.866666666666667,RANGE_64MiB_partial_tar_gz;resampled_300s_mean
459600,43.73254326666667,83.01463003333333,11.4,RANGE_64MiB_partial_tar_gz;resampled_300s_mean
459900,38.862165766666664,82.70192656666667,10.033333333333333,RANGE_64MiB_partial_tar_gz;resampled_300s_mean
460200,44.2724505,82.40357863333334,10.833333333333334,RANGE_64MiB_partial_tar_gz;resampled_300s_mean
460500,44.71169673333333,85.54931473333333,12.066666666666666,RANGE_64MiB_partial_tar_gz;resampled_300s_mean
460800,47.87824476666666,84.41249636666666,12.266666666666667,RANGE_64MiB_partial_tar_gz;resampled_300s_mean
461100,35.59706473333333,82.3724123,11.366666666666667,RANGE_64MiB_partial_tar_gz;resampled_300s_mean
461400,34.34696243333334,83.2012205,11.8,RANGE_64MiB_partial_tar_gz;resampled_300s_mean
461700,37.995600233333334,84.20252816666667,11.933333333333334,RANGE_64MiB_partial_tar_gz;resampled_300s_mean
462000,37.449328799999996,83.99413363333333,11.866666666666667,RANGE_64MiB_partial_tar_gz;resampled_300s_mean
462300,42.146207233333335,85.5758041,10.9,RANGE_64MiB_partial_tar_gz;resampled_300s_mean
462600,43.264086199999994,85.20366756666667,9.933333333333334,RANGE_64MiB_partial_tar_gz;resampled_300s_mean
462900,34.62566523333333,82.17647436666667,11.066666666666666,RANGE_64MiB_partial_tar_gz;resampled_300s_mean
463200,35.8913362,84.63799730000001,11.166666666666666,RANGE_64MiB_partial_tar_gz;resampled_300s_mean
463500,41.27514103333333,84.57543546666668,10.833333333333334,RANGE_64MiB_partial_tar_gz;resampled_300s_mean
463800,41.9493274,84.37498483333334,11.866666666666667,RANGE_64MiB_partial_tar_gz;resampled_300s_mean
464100,40.567592233333336,84.40049723333333,10.833333333333334,RANGE_64MiB_partial_tar_gz;resampled_300s_mean
464400,52.25679546666667,88.02824216666666,11.466666666666667,RANGE_64MiB_partial_tar_gz;resampled_300s_mean
464700,43.30298166666667,87.30796553333333,11.0,RANGE_64MiB_partial_tar_gz;resampled_300s_mean
465000,43.83215933333334,84.1792581,11.2,RANGE_64MiB_partial_tar_gz;resampled_300s_mean
465300,45.21322406666666,82.943466,10.166666666666666,RANGE_64MiB_partial_tar_gz;resampled_300s_mean
465600,45.143626133333335,84.11370166666667,11.366666666666667,RANGE_64MiB_partial_tar_gz;resampled_300s_mean
465900,46.11956563333333,85.09451056666667,12.033333333333333,RANGE_64MiB_partial_tar_gz;resampled_300s_mean
466200,42.18974856666667,85.0145192,11.266666666666667,RANGE_64MiB_partial_tar_gz;resampled_300s_mean
466500,41.58300666666666,83.37652463333333,12.1,RANGE_64MiB_partial_tar_gz;resampled_300s_mean
466800,41.034977866666665,84.35493916666665,12.0,RANGE_64MiB_partial_tar_gz;resampled_300s_mean
467100,36.1760973,83.7704287,11.533333333333333,RANGE_64MiB_partial_tar_gz;resampled_300s_mean
467400,35.9973185,84.48445620000001,11.3,RANGE_64MiB_partial_tar_gz;resampled_300s_mean
467700,34.48549153333333,84.1476804,11.1,RANGE_64MiB_partial_tar_gz;resampled_300s_mean
468000,37.14536126666667,84.09986323333332,10.333333333333334,RANGE_64MiB_partial_tar_gz;resampled_300s_mean
468300,38.9718448,84.674445,10.7,RANGE_64MiB_partial_tar_gz;resampled_300s_mean
468600,36.844172400000005,83.87340736666667,11.166666666666666,RANGE_64MiB_partial_tar_gz;resampled_300s_mean
468900,37.028722,83.21467546666666,11.466666666666667,RANGE_64MiB_partial_tar_gz;resampled_300s_mean
469200,37.929052766666665,82.88850563333334,11.166666666666666,RANGE_64MiB_partial_tar_gz;resampled_300s_mean
469500,41.220054499999996,85.42555516666667,11.533333333333333,RANGE_64MiB_partial_tar_gz;resampled_300s_mean
469800,40.8023605,85.9232656,11.466666666666667,RANGE_64MiB_partial_tar_gz;resampled_300s_mean
470100,38.319132599999996,86.4805827,10.833333333333334,RANGE_64MiB_partial_tar_gz;resampled_300s_mean
470400,36.32743366666667,88.24261413333333,11.066666666666666,RANGE_64MiB_partial_tar_gz;resampled_300s_mean
470700,37.96082386666667,85.14447603333333,10.633333333333333,RANGE_64MiB_partial_tar_gz;resampled_300s_mean
471000,32.523023333333335,84.11053453333334,10.566666666666666,RANGE_64MiB_partial_tar_gz;resampled_300s_mean
471300,36.454272966666665,83.1397769,12.0,RANGE_64MiB_partial_tar_gz;resampled_300s_mean
471600,34.5386659,87.46199306666668,11.1,RANGE_64MiB_partial_tar_gz;resampled_300s_mean
471900,37.960955266666666,84.95559920000001,11.933333333333334,RANGE_64MiB_partial_tar_gz;resampled_300s_mean
472200,37.6130379,85.4229823,11.8,RANGE_64MiB_partial_tar_gz;resampled_300s_mean
472500,38.57572553333333,84.7274657,11.066666666666666,RANGE_64MiB_partial_tar_gz;resampled_300s_mean
472800,38.64414513333334,83.48732116666666,10.433333333333334,RANGE_64MiB_partial_tar_gz;resampled_300s_mean
473100,37.300917766666664,84.43301369999999,11.533333333333333,RANGE_64MiB_partial_tar_gz;resampled_300s_mean
473400,38.03784406666667,86.1290643,12.033333333333333,RANGE_64MiB_partial_tar_gz;resampled_300s_mean
473700,36.50529263333333,84.45920036666666,10.833333333333334,RANGE_64MiB_partial_tar_gz;resampled_300s_mean
474000,36.78466973333333,86.3514708,11.8,RANGE_64MiB_partial_tar_gz;resampled_300s_mean
474300,38.600820533333334,87.12773006666666,10.266666666666667,RANGE_64MiB_partial_tar_gz;resampled_300s_mean
474600,33.59737173333333,85.57175433333333,11.0,RANGE_64MiB_partial_tar_gz;resampled_300s_mean
474900,34.37789963333333,85.84237986666668,11.1,RANGE_64MiB_partial_tar_gz;resampled_300s_mean
475200,41.37781053333333,85.8944934,11.433333333333334,RANGE_64MiB_partial_tar_gz;resampled_300s_mean
475500,40.03582303333334,84.42435153333332,11.166666666666666,RANGE_64MiB_partial_tar_gz;resampled_300s_mean
475800,38.651935200000004,83.83216793333332,11.9,RANGE_64MiB_partial_tar_gz;resampled_300s_mean
476100,38.258415633333335,84.98166396666667,10.6,RANGE_64MiB_partial_tar_gz;resampled_300s_mean
476400,33.50865086666667,84.69007576666667,11.366666666666667,RANGE_64MiB_partial_tar_gz;resampled_300s_mean
476700,29.718934133333335,83.2500203,11.333333333333334,RANGE_64MiB_partial_tar_gz;resampled_300s_mean
477000,31.98346013333333,86.43103586666666,11.166666666666666,RANGE_64MiB_partial_tar_gz;resampled_300s_mean
477300,29.1113385,84.67261839999999,11.233333333333333,RANGE_64MiB_partial_tar_gz;resampled_300s_mean
477600,29.2627944,84.4685402,11.333333333333334,RANGE_64MiB_partial_tar_gz;resampled_300s_mean
477900,29.699805833333336,86.7866736,11.333333333333334,RANGE_64MiB_partial_tar_gz;resampled_300s_mean
478200,30.80994133333333,85.32082766666667,11.733333333333333,RANGE_64MiB_partial_tar_gz;resampled_300s_mean
478500,29.252094166666666,86.48575516666666,11.133333333333333,RANGE_64MiB_partial_tar_gz;resampled_300s_mean
478800,31.179266900000002,88.44829253333334,11.466666666666667,RANGE_64MiB_partial_tar_gz;resampled_300s_mean
479100,37.0782461,86.7121529,12.033333333333333,RANGE_64MiB_partial_tar_gz;resampled_300s_mean
479400,36.44626146666667,86.27506976666668,10.233333333333333,RANGE_64MiB_partial_tar_gz;resampled_300s_mean
479700,34.885598433333335,86.10430286666666,12.3,RANGE_64MiB_partial_tar_gz;resampled_300s_mean
480000,29.189220799999998,87.9100853,10.2,RANGE_64MiB_partial_tar_gz;resampled_300s_mean
480300,27.5418331,86.8049103,11.0,RANGE_64MiB_partial_tar_gz;resampled_300s_mean
480600,27.533412366666667,85.74808696666668,12.2,RANGE_64MiB_partial_tar_gz;resampled_300s_mean
480900,25.469843599999997,85.55268076666667,11.2,RANGE_64MiB_partial_tar_gz;resampled_300s_mean
481200,28.314294566666668,87.70103876666667,11.9,RANGE_64MiB_partial_tar_gz;resampled_300s_mean
481500,28.582802466666667,85.55174480000001,10.6,RANGE_64MiB_partial_tar_gz;resampled_300s_mean
481800,27.8384153,84.9296374,10.733333333333333,RANGE_64MiB_partial_tar_gz;resampled_300s_mean
482100,30.184584933333333,86.40182003333332,10.733333333333333,RANGE_64MiB_partial_tar_gz;resampled_300s_mean
482400,30.427228966666668,88.01165673333334,10.966666666666667,RANGE_64MiB_partial_tar_gz;resampled_300s_mean
482700,28.72314353333333,86.70517790000001,11.533333333333333,RANGE_64MiB_partial_tar_gz;resampled_300s_mean
483000,28.1517519,85.3897435,12.066666666666666,RANGE_64MiB_partial_tar_gz;resampled_300s_mean
483300,28.7384596,87.2235751,11.5,RANGE_64MiB_partial_tar_gz;resampled_300s_mean
483600,27.0698543,86.52507043333334,10.8,RANGE_64MiB_partial_tar_gz;resampled_300s_mean
483900,27.999684133333336,89.13284006666666,11.166666666666666,RANGE_64MiB_partial_tar_gz;resampled_300s_mean
484200,29.585076700000002,87.75254656666667,10.1,RANGE_64MiB_partial_tar_gz;resampled_300s_mean
484500,26.040571866666667,86.1306486,11.466666666666667,RANGE_64MiB_partial_tar_gz;resampled_300s_mean
484800,24.974521966666668,85.7071048,10.733333333333333,RANGE_64MiB_partial_tar_gz;resampled_300s_mean
485100,26.724454700000003,86.97820046666668,11.233333333333333,RANGE_64MiB_partial_tar_gz;resampled_300s_mean
485400,26.882308366666667,87.71346343333333,12.033333333333333,RANGE_64MiB_partial_tar_gz;resampled_300s_mean
485700,26.90047463333333,88.07558913333334,10.833333333333334,RANGE_64MiB_partial_tar_gz;resampled_300s_mean
486000,30.728567100000003,89.91722180000001,10.733333333333333,RANGE_64MiB_partial_tar_gz;resampled_300s_mean
486300,27.6838989,86.54832043333333,10.166666666666666,RANGE_64MiB_partial_tar_gz;resampled_300s_mean
486600,27.986216966666667,87.5679358,10.766666666666667,RANGE_64MiB_partial_tar_gz;resampled_300s_mean
486900,26.797040033333335,87.9529118,12.133333333333333,RANGE_64MiB_partial_tar_gz;resampled_300s_mean
487200,29.146539366666666,87.26699043333333,11.5,RANGE_64MiB_partial_tar_gz;resampled_300s_mean
487500,29.67353646666667,87.66493820000001,10.9,RANGE_64MiB_partial_tar_gz;resampled_300s_mean
487800,28.551261566666664,88.08678863333333,11.1,RANGE_64MiB_partial_tar_gz;resampled_300s_mean
488100,27.331474566666667,86.48527633333333,10.5,RANGE_64MiB_partial_tar_gz;resampled_300s_mean
488400,29.435208166666666,86.27118856666667,11.266666666666667,RANGE_64MiB_partial_tar_gz;resampled_300s_mean
488700,32.63258616666666,89.61532713333332,11.966666666666667,RANGE_64MiB_partial_tar_gz;resampled_300s_mean
489000,25.224264166666668,86.1472525,10.8,RANGE_64MiB_partial_tar_gz;resampled_300s_mean
489300,28.268777166666666,86.8574543,11.3,RANGE_64MiB_partial_tar_gz;resampled_300s_mean
489600,27.0151143,85.99641996666666,11.333333333333334,RANGE_64MiB_partial_tar_gz;resampled_300s_mean
489900,28.217491166666665,88.6063218,11.133333333333333,RANGE_64MiB_partial_tar_gz;resampled_300s_mean
490200,25.635643366666667,86.71081876666668,11.233333333333333,RANGE_64MiB_partial_tar_gz;resampled_300s_mean
490500,33.24140236666667,87.73855996666666,11.566666666666666,RANGE_64MiB_partial_tar_gz;resampled_300s_mean
490800,29.3911441,85.82278233333334,10.866666666666667,RANGE_64MiB_partial_tar_gz;resampled_300s_mean
491100,27.373384066666667,86.16609666666666,11.1,RANGE_64MiB_partial_tar_gz;resampled_300s_mean
491400,28.881507633333335,86.2819202,10.633333333333333,RANGE_64MiB_partial_tar_gz;resampled_300s_mean
491700,25.3009408,87.16808896666666,11.0,RANGE_64MiB_partial_tar_gz;resampled_300s_mean
492000,25.9809007,86.17488223333334,11.433333333333334,RANGE_64MiB_partial_tar_gz;resampled_300s_mean
492300,25.454491733333334,86.93256716666666,11.566666666666666,RANGE_64MiB_partial_tar_gz;resampled_300s_mean
492600,25.945868333333333,88.82122016666668,11.9,RANGE_64MiB_partial_tar_gz;resampled_300s_mean
492900,23.237725866666665,84.42754916666667,11.966666666666667,RANGE_64MiB_partial_tar_gz;resampled_300s_mean
493200,24.848209233333332,89.19371076666667,11.2,RANGE_64MiB_partial_tar_gz;resampled_300s_mean
493500,25.693646166666667,87.26758773333333,10.933333333333334,RANGE_64MiB_partial_tar_gz;resampled_300s_mean
493800,22.284371766666666,84.84575020000001,11.933333333333334,RANGE_64MiB_partial_tar_gz;resampled_300s_mean
494100,25.911173833333336,87.15112043333333,10.9,RANGE_64MiB_partial_tar_gz;resampled_300s_mean
494400,22.062327200000002,85.730293,12.066666666666666,RANGE_64MiB_partial_tar_gz;resampled_300s_mean
494700,22.2991626,88.31048066666668,11.3,RANGE_64MiB_partial_tar_gz;resampled_300s_mean
495000,24.895515233333334,87.0567987,12.466666666666667,RANGE_64MiB_partial_tar_gz;resampled_300s_mean
495300,23.8011263,85.86470906666666,11.633333333333333,RANGE_64MiB_partial_tar_gz;resampled_300s_mean
495600,27.280167300000002,87.913489,10.7,RANGE_64MiB_partial_tar_gz;resampled_300s_mean
495900,28.4345491,86.85874836666667,11.833333333333334,RANGE_64MiB_partial_tar_gz;resampled_300s_mean
496200,35.778878633333335,87.99494283333334,11.3,RANGE_64MiB_partial_tar_gz;resampled_300s_mean
496500,33.35495606666667,86.31029796666667,11.633333333333333,RANGE_64MiB_partial_tar_gz;resampled_300s_mean
496800,26.62009503333333,86.32672819999999,10.933333333333334,RANGE_64MiB_partial_tar_gz;resampled_300s_mean
497100,20.2591538,84.09305443333332,10.966666666666667,RANGE_64MiB_partial_tar_gz;resampled_300s_mean
497400,22.9720144,85.35223023333333,10.4,RANGE_64MiB_partial_tar_gz;resampled_300s_mean
497700,23.9164192,86.93768363333334,11.1,RANGE_64MiB_partial_tar_gz;resampled_300s_mean
498000,20.67349086666667,88.00544543333334,10.166666666666666,RANGE_64MiB_partial_tar_gz;resampled_300s_mean
498300,19.592171699999998,86.59312126666667,10.766666666666667,RANGE_64MiB_partial_tar_gz;resampled_300s_mean
498600,20.610133599999998,84.43004323333334,11.666666666666666,RANGE_64MiB_partial_tar_gz;resampled_300s_mean
498900,20.1130753,85.44117923333333,11.933333333333334,RANGE_64MiB_partial_tar_gz;resampled_300s_mean
499200,22.81106026666667,86.81704606666668,11.1,RANGE_64MiB_partial_tar_gz;resampled_300s_mean
499500,22.4523985,86.60577706666666,11.6,RANGE_64MiB_partial_tar_gz;resampled_300s_mean
499800,22.498253466666664,86.5716467,11.5,RANGE_64MiB_partial_tar_gz;resampled_300s_mean
500100,21.8085612,90.292969,10.9,RANGE_64MiB_partial_tar_gz;resampled_300s_mean
500400,22.214073499999998,88.16543786666666,11.433333333333334,RANGE_64MiB_partial_tar_gz;resampled_300s_mean
500700,24.276357166666667,87.20523,10.9,RANGE_64MiB_partial_tar_gz;resampled_300s_mean
501000,22.5082822,85.89867246666667,10.433333333333334,RANGE_64MiB_partial_tar_gz;resampled_300s_mean
501300,25.177669033333334,85.51823386666666,10.633333333333333,RANGE_64MiB_partial_tar_gz;resampled_300s_mean
501600,24.18666603333333,88.62994746666666,10.666666666666666,RANGE_64MiB_partial_tar_gz;resampled_300s_mean
501900,19.978295566666667,88.59058246666667,11.2,RANGE_64MiB_partial_tar_gz;resampled_300s_mean
502200,22.5291997,87.39855933333334,11.5,RANGE_64MiB_partial_tar_gz;resampled_300s_mean
502500,22.955120966666666,88.47177446666666,10.933333333333334,RANGE_64MiB_partial_tar_gz;resampled_300s_mean
502800,23.66729013333333,86.6289105,10.433333333333334,RANGE_64MiB_partial_tar_gz;resampled_300s_mean
503100,25.730707066666664,88.21144126666667,10.866666666666667,RANGE_64MiB_partial_tar_gz;resampled_300s_mean
503400,25.236148566666667,90.06140713333335,11.5,RANGE_64MiB_partial_tar_gz;resampled_300s_mean
503700,24.097525800000003,87.12624496666668,11.966666666666667,RANGE_64MiB_partial_tar_gz;resampled_300s_mean
504000,24.848662466666667,86.87907440000001,11.6,RANGE_64MiB_partial_tar_gz;resampled_300s_mean
504300,25.2353351,88.32944626666668,11.0,RANGE_64MiB_partial_tar_gz;resampled_300s_mean
504600,24.329694633333336,86.67184346666666,10.933333333333334,RANGE_64MiB_partial_tar_gz;resampled_300s_mean
504900,24.932161766666663,88.06851873333333,11.233333333333333,RANGE_64MiB_partial_tar_gz;resampled_300s_mean
505200,23.8613145,86.54470633333334,11.033333333333333,RANGE_64MiB_partial_tar_gz;resampled_300s_mean
505500,20.537672933333333,86.49064836666666,11.766666666666667,RANGE_64MiB_partial_tar_gz;resampled_300s_mean
505800,26.613767166666666,87.73229153333334,10.2,RANGE_64MiB_partial_tar_gz;resampled_300s_mean
506100,23.8496852,89.44973546666667,11.433333333333334,RANGE_64MiB_partial_tar_gz;resampled_300s_mean
506400,25.657221766666666,87.3422396,10.2,RANGE_64MiB_partial_tar_gz;resampled_300s_mean
506700,24.52971296666667,88.35714696666668,11.466666666666667,RANGE_64MiB_partial_tar_gz;resampled_300s_mean
507000,22.932042733333333,87.7721547,11.233333333333333,RANGE_64MiB_partial_tar_gz;resampled_300s_mean
507300,26.489888333333333,87.69244033333332,11.033333333333333,RANGE_64MiB_partial_tar_gz;resampled_300s_mean
507600,31.037385733333334,87.47209253333334,11.0,RANGE_64MiB_partial_tar_gz;resampled_300s_mean
507900,26.9277533,89.146404,10.933333333333334,RANGE_64MiB_partial_tar_gz;resampled_300s_mean
508200,22.724084166666668,88.45103476666667,11.133333333333333,RANGE_64MiB_partial_tar_gz;resampled_300s_mean
508500,26.111689266666666,85.73605846666666,11.9,RANGE_64MiB_partial_tar_gz;resampled_300s_mean
508800,24.045857899999998,89.44244506666668,11.9,RANGE_64MiB_partial_tar_gz;resampled_300s_mean
509100,23.686911866666666,86.81085676666666,12.1,RANGE_64MiB_partial_tar_gz;resampled_300s_mean
509400,29.382870566666668,91.98773553333334,10.833333333333334,RANGE_64MiB_partial_tar_gz;resampled_300s_mean
509700,25.129101066666667,88.07884946666667,11.766666666666667,RANGE_64MiB_partial_tar_gz;resampled_300s_mean
510000,25.681228433333334,90.0210865,10.533333333333333,RANGE_64MiB_partial_tar_gz;resampled_300s_mean
510300,26.6876919,89.79185056666667,10.533333333333333,RANGE_64MiB_partial_tar_gz;resampled_300s_mean
510600,26.948041333333332,88.131797,12.033333333333333,RANGE_64MiB_partial_tar_gz;resampled_300s_mean
510900,23.422557766666667,88.56904976666667,10.3,RANGE_64MiB_partial_tar_gz;resampled_300s_mean
511200,30.377069966666667,88.02790586666667,11.633333333333333,RANGE_64MiB_partial_tar_gz;resampled_300s_mean
511500,27.587676633333334,88.95032643333334,10.4,RANGE_64MiB_partial_tar_gz;resampled_300s_mean
511800,25.482453466666666,88.4734736,11.0,RANGE_64MiB_partial_tar_gz;resampled_300s_mean
512100,24.758952833333336,87.54646463333333,10.9,RANGE_64MiB_partial_tar_gz;resampled_300s_mean
512400,22.8119274,88.53188426666667,11.533333333333333,RANGE_64MiB_partial_tar_gz;resampled_300s_mean
512700,29.1289098,88.14942586666666,10.833333333333334,RANGE_64MiB_partial_tar_gz;resampled_300s_mean
513000,28.7207945,89.52544966666666,10.666666666666666,RANGE_64MiB_partial_tar_gz;resampled_300s_mean
513300,25.764762566666665,86.14170646666666,10.0,RANGE_64MiB_partial_tar_gz;resampled_300s_mean
513600,23.973821400000002,88.29621633333333,10.533333333333333,RANGE_64MiB_partial_tar_gz;resampled_300s_mean
513900,22.671946433333336,88.24976586666666,11.966666666666667,RANGE_64MiB_partial_tar_gz;resampled_300s_mean
514200,23.161621033333333,88.7293387,10.766666666666667,RANGE_64MiB_partial_tar_gz;resampled_300s_mean
514500,23.900317299999998,88.93831923333333,10.766666666666667,RANGE_64MiB_partial_tar_gz;resampled_300s_mean
514800,25.015050233333334,88.55911850000001,12.4,RANGE_64MiB_partial_tar_gz;resampled_300s_mean
515100,23.889644766666667,88.7574892,10.633333333333333,RANGE_64MiB_partial_tar_gz;resampled_300s_mean
515400,22.93883183333333,88.4148468,10.9,RANGE_64MiB_partial_tar_gz;resampled_300s_mean
515700,19.779874366666668,88.16624363333334,11.833333333333334,RANGE_64MiB_partial_tar_gz;resampled_300s_mean
516000,22.344529366666666,85.72744089999999,11.033333333333333,RANGE_64MiB_partial_tar_gz;resampled_300s_mean
516300,19.28338216666667,85.82278686666668,12.166666666666666,RANGE_64MiB_partial_tar_gz;resampled_300s_mean
516600,23.018849066666668,86.65226083333333,11.7,RANGE_64MiB_partial_tar_gz;resampled_300s_mean
516900,20.947507666666663,89.5860347,11.033333333333333,RANGE_64MiB_partial_tar_gz;resampled_300s_mean
517200,19.422698566666668,88.18997456666666,11.3,RANGE_64MiB_partial_tar_gz;resampled_300s_mean
517500,20.419561066666667,89.40193500000001,11.566666666666666,RANGE_64MiB_partial_tar_gz;resampled_300s_mean
517800,25.321077566666666,90.26274096666666,10.8,RANGE_64MiB_partial_tar_gz;resampled_300s_mean
518100,22.227174966666666,89.72791763333333,9.733333333333333,RANGE_64MiB_partial_tar_gz;resampled_300s_mean
518400,22.41691493333333,88.55436759999999,11.1,RANGE_64MiB_partial_tar_gz;resampled_300s_mean
518700,30.36874023333333,90.7013262,11.833333333333334,RANGE_64MiB_partial_tar_gz;resampled_300s_mean
519000,32.350238833333336,88.977661,11.033333333333333,RANGE_64MiB_partial_tar_gz;resampled_300s_mean
519300,35.985623933333336,87.45622193333334,11.9,RANGE_64MiB_partial_tar_gz;resampled_300s_mean
519600,37.321278166666666,88.80202613333333,10.466666666666667,RANGE_64MiB_partial_tar_gz;resampled_300s_mean
519900,32.32085993333333,85.3130229,11.333333333333334,RANGE_64MiB_partial_tar_gz;resampled_300s_mean
520200,27.400949466666667,84.55012696666667,11.033333333333333,RANGE_64MiB_partial_tar_gz;resampled_300s_mean
520500,29.050152366666666,81.81963900000001,11.466666666666667,RANGE_64MiB_partial_tar_gz;resampled_300s_mean
520800,32.2522008,83.85361683333333,11.466666666666667,RANGE_64MiB_partial_tar_gz;resampled_300s_mean
521100,34.2307683,84.20737243333333,11.633333333333333,RANGE_64MiB_partial_tar_gz;resampled_300s_mean
521400,33.09009056666667,84.02732323333333,11.266666666666667,RANGE_64MiB_partial_tar_gz;resampled_300s_mean
521700,30.880846599999998,85.9784795,10.933333333333334,RANGE_64MiB_partial_tar_gz;resampled_300s_mean
522000,30.3770889,86.62437846666667,11.066666666666666,RANGE_64MiB_partial_tar_gz;resampled_300s_mean
522300,35.8423503,87.38907606666666,10.2,RANGE_64MiB_partial_tar_gz;resampled_300s_mean
522600,35.4778087,85.86932633333332,11.833333333333334,RANGE_64MiB_partial_tar_gz;resampled_300s_mean
522900,31.406573633333334,81.57484296666667,10.866666666666667,RANGE_64MiB_partial_tar_gz;resampled_300s_mean
523200,23.24087773333333,76.14358650000001,11.033333333333333,RANGE_64MiB_partial_tar_gz;resampled_300s_mean
523500,38.769578566666674,81.14759213333333,10.633333333333333,RANGE_64MiB_partial_tar_gz;resampled_300s_mean
523800,32.80206256666666,80.27938653333334,9.9,RANGE_64MiB_partial_tar_gz;resampled_300s_mean
524100,34.5022114,81.8300518,10.7,RANGE_64MiB_partial_tar_gz;resampled_300s_mean
524400,38.35908563333333,83.4597004,10.566666666666666,RANGE_64MiB_partial_tar_gz;resampled_300s_mean
524700,36.715381099999995,83.99748033333334,10.8,RANGE_64MiB_partial_tar_gz;resampled_300s_mean
525000,37.3158528,82.55055803333333,10.766666666666667,RANGE_64MiB_partial_tar_gz;resampled_300s_mean
525300,35.1327607,82.47422596666667,11.766666666666667,RANGE_64MiB_partial_tar_gz;resampled_300s_mean
525600,34.64442053333333,83.5777731,10.966666666666667,RANGE_64MiB_partial_tar_gz;resampled_300s_mean
525900,39.2271852,84.97301453333333,11.0,RANGE_64MiB_partial_tar_gz;resampled_300s_mean
526200,41.8248301,85.65091313333333,10.733333333333333,RANGE_64MiB_partial_tar_gz;resampled_300s_mean
526500,34.13265873333333,82.38167560000001,10.5,RANGE_64MiB_partial_tar_gz;resampled_300s_mean
526800,37.15637953333333,81.93225073333333,11.166666666666666,RANGE_64MiB_partial_tar_gz;resampled_300s_mean
527100,34.4049982,81.87755503333332,11.5,RANGE_64MiB_partial_tar_gz;resampled_300s_mean
527400,34.82181236666667,83.64368563333332,10.866666666666667,RANGE_64MiB_partial_tar_gz;resampled_300s_mean
527700,26.45677303333333,80.93564043333335,10.933333333333334,RANGE_64MiB_partial_tar_gz;resampled_300s_mean
528000,31.012086733333334,83.00510616666666,11.8,RANGE_64MiB_partial_tar_gz;resampled_300s_mean
528300,32.88452063333333,82.61123766666667,11.433333333333334,RANGE_64MiB_partial_tar_gz;resampled_300s_mean
528600,28.2968745,83.6930462,11.6,RANGE_64MiB_partial_tar_gz;resampled_300s_mean
528900,31.220435166666668,81.18253316666666,11.033333333333333,RANGE_64MiB_partial_tar_gz;resampled_300s_mean
529200,38.189714566666666,86.74012696666666,12.2,RANGE_64MiB_partial_tar_gz;resampled_300s_mean
529500,39.40151453333333,86.41573083333333,11.066666666666666,RANGE_64MiB_partial_tar_gz;resampled_300s_mean
529800,36.81796013333334,85.8283494,11.6,RANGE_64MiB_partial_tar_gz;resampled_300s_mean
530100,36.417632866666665,85.65807313333333,10.366666666666667,RANGE_64MiB_partial_tar_gz;resampled_300s_mean
530400,31.632394266666665,85.82891633333334,11.566666666666666,RANGE_64MiB_partial_tar_gz;resampled_300s_mean
530700,34.296432333333335,85.89317,10.8,RANGE_64MiB_partial_tar_gz;resampled_300s_mean
531000,30.775987166666667,82.95617996666667,11.966666666666667,RANGE_64MiB_partial_tar_gz;resampled_300s_mean
531300,37.3429745,86.13782339999999,11.2,RANGE_64MiB_partial_tar_gz;resampled_300s_mean
531600,42.39784403333333,89.64453753333333,11.166666666666666,RANGE_64MiB_partial_tar_gz;resampled_300s_mean
531900,38.87525933333333,86.66862866666666,11.9,RANGE_64MiB_partial_tar_gz;resampled_300s_mean
532200,41.871682400000005,89.1803762,11.6,RANGE_64MiB_partial_tar_gz;resampled_300s_mean
532500,38.40473133333333,84.76912873333335,10.366666666666667,RANGE_64MiB_partial_tar_gz;resampled_300s_mean
532800,40.5653379,86.99508463333333,10.966666666666667,RANGE_64MiB_partial_tar_gz;resampled_300s_mean
533100,42.80353936666667,88.525547,11.933333333333334,RANGE_64MiB_partial_tar_gz;resampled_300s_mean
533400,41.24152376666667,87.63035273333334,11.1,RANGE_64MiB_partial_tar_gz;resampled_300s_mean
533700,43.7477279,87.89147616666668,10.566666666666666,RANGE_64MiB_partial_tar_gz;resampled_300s_mean
534000,40.521529533333336,87.22033703333334,11.066666666666666,RANGE_64MiB_partial_tar_gz;resampled_300s_mean
534300,44.6141201,88.32382123333333,11.266666666666667,RANGE_64MiB_partial_tar_gz;resampled_300s_mean
534600,36.290912766666665,87.9241023,10.8,RANGE_64MiB_partial_tar_gz;resampled_300s_mean
534900,33.8325885,86.63762053333333,10.966666666666667,RANGE_64MiB_partial_tar_gz;resampled_300s_mean
535200,36.46785316666667,88.19137326666667,11.0,RANGE_64MiB_partial_tar_gz;resampled_300s_mean
535500,42.24884046666667,87.54523596666667,11.433333333333334,RANGE_64MiB_partial_tar_gz;resampled_300s_mean
535800,32.10377603333333,86.01612136666667,11.2,RANGE_64MiB_partial_tar_gz;resampled_300s_mean
536100,34.119491233333335,86.853904,11.166666666666666,RANGE_64MiB_partial_tar_gz;resampled_300s_mean
536400,40.50143546666666,87.28832706666667,11.866666666666667,RANGE_64MiB_partial_tar_gz;resampled_300s_mean
536700,46.595651800000006,89.21822686666665,10.933333333333334,RANGE_64MiB_partial_tar_gz;resampled_300s_mean
537000,45.912338399999996,88.50333593333333,10.633333333333333,RANGE_64MiB_partial_tar_gz;resampled_300s_mean
537300,41.7249411,89.51662353333333,11.4,RANGE_64MiB_partial_tar_gz;resampled_300s_mean
537600,37.78600673333334,87.34380326666665,11.5,RANGE_64MiB_partial_tar_gz;resampled_300s_mean
537900,45.06767596666667,89.00376213333334,10.233333333333333,RANGE_64MiB_partial_tar_gz;resampled_300s_mean
538200,56.67340383333333,89.29905546666667,11.766666666666667,RANGE_64MiB_partial_tar_gz;resampled_300s_mean
538500,50.0791954,88.47253903333333,10.866666666666667,RANGE_64MiB_partial_tar_gz;resampled_300s_mean
538800,52.3625831,88.93485616666666,10.466666666666667,RANGE_64MiB_partial_tar_gz;resampled_300s_mean
539100,52.75655676666667,87.26718346666667,10.8,RANGE_64MiB_partial_tar_gz;resampled_300s_mean
539400,48.18806086666667,87.66073543333333,11.066666666666666,RANGE_64MiB_partial_tar_gz;resampled_300s_mean
539700,44.9652469,88.37875436666667,12.133333333333333,RANGE_64MiB_partial_tar_gz;resampled_300s_mean
540000,52.77427933333333,90.04618643333333,11.1,RANGE_64MiB_partial_tar_gz;resampled_300s_mean
540300,63.469515200000004,90.6688802,11.4,RANGE_64MiB_partial_tar_gz;resampled_300s_mean
540600,70.48174403333333,90.5263421,11.5,RANGE_64MiB_partial_tar_gz;resampled_300s_mean
540900,72.03525486666668,89.36629003333333,10.966666666666667,RANGE_64MiB_partial_tar_gz;resampled_300s_mean
541200,60.82111853333333,88.505529,10.666666666666666,RANGE_64MiB_partial_tar_gz;resampled_300s_mean
541500,54.74062923333334,88.43818563333333,10.466666666666667,RANGE_64MiB_partial_tar_gz;resampled_300s_mean
541800,52.61883506666666,87.20425566666667,10.566666666666666,RANGE_64MiB_partial_tar_gz;resampled_300s_mean
542100,46.8197509,85.70189869999999,11.333333333333334,RANGE_64MiB_partial_tar_gz;resampled_300s_mean
542400,48.81452706666666,85.47931723333333,10.966666666666667,RANGE_64MiB_partial_tar_gz;resampled_300s_mean
542700,45.27794893333333,86.54411156666667,10.866666666666667,RANGE_64MiB_partial_tar_gz;resampled_300s_mean
543000,55.6496763,88.99339450000001,10.2,RANGE_64MiB_partial_tar_gz;resampled_300s_mean
543300,50.34264983333333,87.62316156666667,10.6,RANGE_64MiB_partial_tar_gz;resampled_300s_mean
543600,55.6778007,88.73695649999999,11.333333333333334,RANGE_64MiB_partial_tar_gz;resampled_300s_mean
543900,51.57270473333333,87.22393579999999,11.2,RANGE_64MiB_partial_tar_gz;resampled_300s_mean
544200,45.45922616666667,84.67675866666667,11.7,RANGE_64MiB_partial_tar_gz;resampled_300s_mean
544500,49.46460163333334,85.0447444,10.766666666666667,RANGE_64MiB_partial_tar_gz;resampled_300s_mean
544800,43.27629043333333,82.19004363333333,11.866666666666667,RANGE_64MiB_partial_tar_gz;resampled_300s_mean
545100,49.413616733333335,85.33877273333333,10.466666666666667,RANGE_64MiB_partial_tar_gz;resampled_300s_mean
545400,57.56477986666666,90.92041703333332,11.166666666666666,RANGE_64MiB_partial_tar_gz;resampled_300s_mean
545700,46.626992566666665,86.23227153333333,9.9,RANGE_64MiB_partial_tar_gz;resampled_300s_mean
546000,44.95666136666667,79.87431743333333,11.033333333333333,RANGE_64MiB_partial_tar_gz;resampled_300s_mean
546300,48.19366813333333,83.63016386666666,9.866666666666667,RANGE_64MiB_partial_tar_gz;resampled_300s_mean
546600,41.17885816666667,81.85623666666667,10.633333333333333,RANGE_64MiB_partial_tar_gz;resampled_300s_mean
546900,40.27260746666666,83.53765696666666,11.8,RANGE_64MiB_partial_tar_gz;resampled_300s_mean
547200,54.62571906666667,88.20277486666667,11.666666666666666,RANGE_64MiB_partial_tar_gz;resampled_300s_mean
547500,44.7854982,88.87316046666666,11.6,RANGE_64MiB_partial_tar_gz;resampled_300s_mean
547800,42.4629675,86.97526683333334,11.666666666666666,RANGE_64MiB_partial_tar_gz;resampled_300s_mean
548100,44.476441,90.79283763333333,11.7,RANGE_64MiB_partial_tar_gz;resampled_300s_mean
548400,48.41100466666667,87.72194689999999,9.866666666666667,RANGE_64MiB_partial_tar_gz;resampled_300s_mean
548700,40.833139433333336,85.93620946666667,10.833333333333334,RANGE_64MiB_partial_tar_gz;resampled_300s_mean
549000,45.9059648,87.36187543333334,11.033333333333333,RANGE_64MiB_partial_tar_gz;resampled_300s_mean
549300,45.023475866666665,88.60812676666666,10.766666666666667,RANGE_64MiB_partial_tar_gz;resampled_300s_mean
549600,41.64776546666667,88.58756546666667,10.6,RANGE_64MiB_partial_tar_gz;resampled_300s_mean
549900,36.75846693333334,86.43047946666667,10.733333333333333,RANGE_64MiB_partial_tar_gz;resampled_300s_mean
550200,41.238866300000005,89.3387103,12.033333333333333,RANGE_64MiB_partial_tar_gz;resampled_300s_mean
550500,38.6521728,87.36238143333334,11.466666666666667,RANGE_64MiB_partial_tar_gz;resampled_300s_mean
550800,49.45331496666667,88.41084076666667,10.566666666666666,RANGE_64MiB_partial_tar_gz;resampled_300s_mean
551100,48.1565532,89.9513924,11.333333333333334,RANGE_64MiB_partial_tar_gz;resampled_300s_mean
551400,44.210734499999994,86.53449303333333,11.166666666666666,RANGE_64MiB_partial_tar_gz;resampled_300s_mean
551700,46.46778883333333,87.6453308,11.766666666666667,RANGE_64MiB_partial_tar_gz;resampled_300s_mean
552000,45.3120962,85.73175756666666,10.833333333333334,RANGE_64MiB_partial_tar_gz;resampled_300s_mean
552300,41.7951522,86.92970740000001,11.033333333333333,RANGE_64MiB_partial_tar_gz;resampled_300s_mean
552600,50.91447733333334,87.30194266666668,11.433333333333334,RANGE_64MiB_partial_tar_gz;resampled_300s_mean
552900,44.268104,85.61656563333332,10.9,RANGE_64MiB_partial_tar_gz;resampled_300s_mean
553200,46.55749506666667,84.2297312,11.466666666666667,RANGE_64MiB_partial_tar_gz;resampled_300s_mean
553500,46.7568699,84.8879762,10.9,RANGE_64MiB_partial_tar_gz;resampled_300s_mean
553800,45.60972376666667,83.74421860000001,11.566666666666666,RANGE_64MiB_partial_tar_gz;resampled_300s_mean
554100,39.7392941,83.07394563333334,10.7,RANGE_64MiB_partial_tar_gz;resampled_300s_mean
554400,49.6710048,87.74414406666666,11.066666666666666,RANGE_64MiB_partial_tar_gz;resampled_300s_mean
554700,47.6603912,89.59688356666668,10.7,RANGE_64MiB_partial_tar_gz;resampled_300s_mean
555000,45.944511633333335,88.29643406666668,11.433333333333334,RANGE_64MiB_partial_tar_gz;resampled_300s_mean
555300,45.2859594,86.89235523333333,10.466666666666667,RANGE_64MiB_partial_tar_gz;resampled_300s_mean
555600,42.31236916666667,86.8190029,11.633333333333333,RANGE_64MiB_partial_tar_gz;resampled_300s_mean
555900,39.00632123333333,86.34511453333333,10.266666666666667,RANGE_64MiB_partial_tar_gz;resampled_300s_mean
556200,37.07511783333334,87.58036133333333,9.866666666666667,RANGE_64MiB_partial_tar_gz;resampled_300s_mean
556500,34.70488493333333,87.1736234,10.3,RANGE_64MiB_partial_tar_gz;resampled_300s_mean
556800,36.91384083333333,88.34156983333334,10.133333333333333,RANGE_64MiB_partial_tar_gz;resampled_300s_mean
557100,39.110878166666666,87.7849224,11.966666666666667,RANGE_64MiB_partial_tar_gz;resampled_300s_mean
557400,37.89336373333333,88.12755373333333,11.2,RANGE_64MiB_partial_tar_gz;resampled_300s_mean
557700,38.20561153333333,88.8366692,10.4,RANGE_64MiB_partial_tar_gz;resampled_300s_mean
558000,44.38393466666666,88.84015670000001,11.166666666666666,RANGE_64MiB_partial_tar_gz;resampled_300s_mean
558300,51.7209949,89.42290849999999,11.133333333333333,RANGE_64MiB_partial_tar_gz;resampled_300s_mean
558600,45.0003757,86.77532206666666,10.833333333333334,RANGE_64MiB_partial_tar_gz;resampled_300s_mean
558900,46.332759200000005,88.99302096666666,10.3,RANGE_64MiB_partial_tar_gz;resampled_300s_mean
559200,44.435674533333334,88.54518043333334,11.466666666666667,RANGE_64MiB_partial_tar_gz;resampled_300s_mean
559500,44.10229846666667,85.87873863333334,11.133333333333333,RANGE_64MiB_partial_tar_gz;resampled_300s_mean
559800,49.55279816666667,89.49817943333333,10.333333333333334,RANGE_64MiB_partial_tar_gz;resampled_300s_mean
560100,44.35293923333334,88.17840116666666,10.866666666666667,RANGE_64MiB_partial_tar_gz;resampled_300s_mean
560400,46.01822453333333,88.56536003333333,10.666666666666666,RANGE_64MiB_partial_tar_gz;resampled_300s_mean
560700,46.654573733333336,89.21507463333333,9.833333333333334,RANGE_64MiB_partial_tar_gz;resampled_300s_mean
561000,43.73526056666667,87.04416906666667,10.066666666666666,RANGE_64MiB_partial_tar_gz;resampled_300s_mean
561300,42.842160899999996,87.16962126666667,11.033333333333333,RANGE_64MiB_partial_tar_gz;resampled_300s_mean
561600,41.013971866666665,86.51055166666667,10.0,RANGE_64MiB_partial_tar_gz;resampled_300s_mean
561900,47.23364153333333,89.2088435,10.8,RANGE_64MiB_partial_tar_gz;resampled_300s_mean
562200,45.81418886666667,89.0059797,10.633333333333333,RANGE_64MiB_partial_tar_gz;resampled_300s_mean
562500,47.02138083333333,89.22419716666667,10.066666666666666,RANGE_64MiB_partial_tar_gz;resampled_300s_mean
562800,40.5344481,87.9975858,10.566666666666666,RANGE_64MiB_partial_tar_gz;resampled_300s_mean
563100,45.9238521,89.34217793333333,10.433333333333334,RANGE_64MiB_partial_tar_gz;resampled_300s_mean
563400,43.64034183333333,88.1161598,10.733333333333333,RANGE_64MiB_partial_tar_gz;resampled_300s_mean
563700,46.04072733333333,89.50756793333333,9.966666666666667,RANGE_64MiB_partial_tar_gz;resampled_300s_mean
564000,41.9426536,88.815475,10.966666666666667,RANGE_64MiB_partial_tar_gz;resampled_300s_mean
564300,42.42107013333334,89.92231006666667,11.633333333333333,RANGE_64MiB_partial_tar_gz;resampled_300s_mean
564600,43.7010399,89.13319323333333,11.766666666666667,RANGE_64MiB_partial_tar_gz;resampled_300s_mean
564900,41.75812463333333,90.35424263333333,10.2,RANGE_64MiB_partial_tar_gz;resampled_300s_mean
565200,44.160434566666666,91.053181,11.766666666666667,RANGE_64MiB_partial_tar_gz;resampled_300s_mean
565500,44.82490143333334,89.60524346666666,10.133333333333333,RANGE_64MiB_partial_tar_gz;resampled_300s_mean
565800,46.619615100000004,89.99937926666666,10.333333333333334,RANGE_64MiB_partial_tar_gz;resampled_300s_mean
566100,48.65036516666667,89.64638153333334,10.966666666666667,RANGE_64MiB_partial_tar_gz;resampled_300s_mean
566400,43.446954,88.26404596666666,11.033333333333333,RANGE_64MiB_partial_tar_gz;resampled_300s_mean
566700,42.17766686666666,89.25128273333333,11.0,RANGE_64MiB_partial_tar_gz;resampled_300s_mean
567000,40.742025,90.07553783333333,10.766666666666667,RANGE_64MiB_partial_tar_gz;resampled_300s_mean
567300,36.76391053333334,87.3022851,10.566666666666666,RANGE_64MiB_partial_tar_gz;resampled_300s_mean
567600,38.97886713333333,90.31088596666667,9.933333333333334,RANGE_64MiB_partial_tar_gz;resampled_300s_mean
567900,36.667987000000004,88.40896823333333,10.3,RANGE_64MiB_partial_tar_gz;resampled_300s_mean
568200,41.146185833333334,89.56378473333332,10.1,RANGE_64MiB_partial_tar_gz;resampled_300s_mean
568500,35.70766533333334,87.94619510000001,10.866666666666667,RANGE_64MiB_partial_tar_gz;resampled_300s_mean
568800,31.426324933333333,86.03006396666666,12.0,RANGE_64MiB_partial_tar_gz;resampled_300s_mean
569100,34.1708906,87.00005996666667,11.0,RANGE_64MiB_partial_tar_gz;resampled_300s_mean
569400,40.095169266666666,89.38172516666667,12.033333333333333,RANGE_64MiB_partial_tar_gz;resampled_300s_mean
569700,41.5425254,90.58551770000001,11.7,RANGE_64MiB_partial_tar_gz;resampled_300s_mean
570000,38.543342966666664,87.95455390000001,11.1,RANGE_64MiB_partial_tar_gz;resampled_300s_mean
570300,36.834690466666665,87.85014016666668,11.733333333333333,RANGE_64MiB_partial_tar_gz;resampled_300s_mean
570600,35.3472352,89.04336830000001,11.466666666666667,RANGE_64MiB_partial_tar_gz;resampled_300s_mean
570900,32.84947906666667,88.18173383333333,10.866666666666667,RANGE_64MiB_partial_tar_gz;resampled_300s_mean
571200,38.939032,88.57762653333333,10.6,RANGE_64MiB_partial_tar_gz;resampled_300s_mean
571500,32.188072399999996,86.5916647,10.366666666666667,RANGE_64MiB_partial_tar_gz;resampled_300s_mean
571800,28.77679273333333,84.95051333333335,11.266666666666667,RANGE_64MiB_partial_tar_gz;resampled_300s_mean
572100,26.53819663333333,84.72958873333333,10.7,RANGE_64MiB_partial_tar_gz;resampled_300s_mean
572400,39.917587000000005,88.73361246666667,10.1,RANGE_64MiB_partial_tar_gz;resampled_300s_mean
572700,43.0677376,89.21725620000001,10.266666666666667,RANGE_64MiB_partial_tar_gz;resampled_300s_mean
573000,36.39398553333333,86.4465551,10.3,RANGE_64MiB_partial_tar_gz;resampled_300s_mean
573300,38.0314611,84.30419943333332,11.966666666666667,RANGE_64MiB_partial_tar_gz;resampled_300s_mean
573600,35.3342195,85.0864403,10.9,RANGE_64MiB_partial_tar_gz;resampled_300s_mean
573900,30.7809797,83.1185701,10.933333333333334,RANGE_64MiB_partial_tar_gz;resampled_300s_mean
574200,35.68992726666667,86.11523043333334,11.266666666666667,RANGE_64MiB_partial_tar_gz;resampled_300s_mean
574500,32.45743663333334,87.034316,11.466666666666667,RANGE_64MiB_partial_tar_gz;resampled_300s_mean
574800,32.6134038,85.736198,11.533333333333333,RANGE_64MiB_partial_tar_gz;resampled_300s_mean
575100,32.35076123333333,85.96270630000001,10.7,RANGE_64MiB_partial_tar_gz;resampled_300s_mean
575400,32.17601903333333,86.1215696,11.633333333333333,RANGE_64MiB_partial_tar_gz;resampled_300s_mean
575700,47.10749226666667,88.45953513333333,11.166666666666666,RANGE_64MiB_partial_tar_gz;resampled_300s_mean
576000,40.869670733333336,85.8005908,10.566666666666666,RANGE_64MiB_partial_tar_gz;resampled_300s_mean
576300,40.68774076666667,87.65490253333334,11.6,RANGE_64MiB_partial_tar_gz;resampled_300s_mean
576600,41.06583316666667,88.29798903333334,12.4,RANGE_64MiB_partial_tar_gz;resampled_300s_mean
576900,38.16109946666666,86.81065996666666,11.1,RANGE_64MiB_partial_tar_gz;resampled_300s_mean
577200,31.679073966666667,85.64611676666667,11.066666666666666,RANGE_64MiB_partial_tar_gz;resampled_300s_mean
577500,31.891335366666667,86.0085677,11.133333333333333,RANGE_64MiB_partial_tar_gz;resampled_300s_mean
577800,30.4570787,84.70882576666666,10.766666666666667,RANGE_64MiB_partial_tar_gz;resampled_300s_mean
578100,30.328366066666664,85.24199296666667,10.7,RANGE_64MiB_partial_tar_gz;resampled_300s_mean
578400,30.639867499999998,85.31016716666666,10.633333333333333,RANGE_64MiB_partial_tar_gz;resampled_300s_mean
578700,33.07741536666666,86.52970023333334,11.066666666666666,RANGE_64MiB_partial_tar_gz;resampled_300s_mean
579000,33.95638793333333,87.11288716666667,10.566666666666666,RANGE_64MiB_partial_tar_gz;resampled_300s_mean
579300,34.22917766666667,88.0412267,11.166666666666666,RANGE_64MiB_partial_tar_gz;resampled_300s_mean
579600,41.84180653333333,88.69263816666667,12.466666666666667,RANGE_64MiB_partial_tar_gz;resampled_300s_mean
579900,40.43745236666667,88.20330013333334,11.066666666666666,RANGE_64MiB_partial_tar_gz;resampled_300s_mean
580200,43.19430693333334,89.0521561,11.633333333333333,RANGE_64MiB_partial_tar_gz;resampled_300s_mean
580500,44.64866013333334,88.15399000000001,11.5,RANGE_64MiB_partial_tar_gz;resampled_300s_mean
580800,42.706548,85.72998743333332,11.033333333333333,RANGE_64MiB_partial_tar_gz;resampled_300s_mean
581100,42.451408666666666,85.74388283333333,9.466666666666667,RANGE_64MiB_partial_tar_gz;resampled_300s_mean
581400,42.78441636666666,84.6239624,10.766666666666667,RANGE_64MiB_partial_tar_gz;resampled_300s_mean
581700,40.3355523,83.97213430000001,11.366666666666667,RANGE_64MiB_partial_tar_gz;resampled_300s_mean
582000,35.00508836666667,82.99144496666666,11.3,RANGE_64MiB_partial_tar_gz;resampled_300s_mean
582300,41.23196373333334,83.84555273333334,11.1,RANGE_64MiB_partial_tar_gz;resampled_300s_mean
582600,36.460293099999994,85.0445586,10.866666666666667,RANGE_64MiB_partial_tar_gz;resampled_300s_mean
582900,34.7111338,82.1881031,11.533333333333333,RANGE_64MiB_partial_tar_gz;resampled_300s_mean
583200,38.7798175,84.44910523333333,11.2,RANGE_64MiB_partial_tar_gz;resampled_300s_mean
583500,34.60441933333333,82.84856466666666,12.866666666666667,RANGE_64MiB_partial_tar_gz;resampled_300s_mean
583800,31.010207933333334,85.35027193333333,12.433333333333334,RANGE_64MiB_partial_tar_gz;resampled_300s_mean
584100,32.10456106666667,84.58916963333333,10.8,RANGE_64MiB_partial_tar_gz;resampled_300s_mean
584400,31.466572900000003,86.2519941,12.133333333333333,RANGE_64MiB_partial_tar_gz;resampled_300s_mean
584700,28.962324266666666,86.61634816666667,11.1,RANGE_64MiB_partial_tar_gz;resampled_300s_mean
585000,30.773710633333334,84.57253833333333,11.7,RANGE_64MiB_partial_tar_gz;resampled_300s_mean
585300,31.2468044,87.15013856666666,10.1,RANGE_64MiB_partial_tar_gz;resampled_300s_mean
585600,28.048059000000002,87.31191106666667,11.5,RANGE_64MiB_partial_tar_gz;resampled_300s_mean
585900,30.244433733333334,85.9151461,11.066666666666666,RANGE_64MiB_partial_tar_gz;resampled_300s_mean
586200,29.4779613,84.9355882,10.433333333333334,RANGE_64MiB_partial_tar_gz;resampled_300s_mean
586500,29.9063069,87.61559216666666,10.2,RANGE_64MiB_partial_tar_gz;resampled_300s_mean
586800,34.45256796666667,86.5638367,12.033333333333333,RANGE_64MiB_partial_tar_gz;resampled_300s_mean
587100,31.3573999,85.47817483333333,11.3,RANGE_64MiB_partial_tar_gz;resampled_300s_mean
587400,34.42368673333333,88.00112283333333,12.066666666666666,RANGE_64MiB_partial_tar_gz;resampled_300s_mean
587700,30.819669066666666,86.29055539999999,11.566666666666666,RANGE_64MiB_partial_tar_gz;resampled_300s_mean
588000,29.980241733333333,84.16235926666667,9.8,RANGE_64MiB_partial_tar_gz;resampled_300s_mean
588300,27.682471266666667,87.12557253333333,10.4,RANGE_64MiB_partial_tar_gz;resampled_300s_mean
588600,29.8269047,87.61815176666666,10.766666666666667,RANGE_64MiB_partial_tar_gz;resampled_300s_mean
588900,31.049459833333334,87.22714443333332,11.266666666666667,RANGE_64MiB_partial_tar_gz;resampled_300s_mean
589200,25.163794333333332,86.43019256666666,11.566666666666666,RANGE_64MiB_partial_tar_gz;resampled_300s_mean
589500,27.401137600000002,87.3065254,11.566666666666666,RANGE_64MiB_partial_tar_gz;resampled_300s_mean
589800,29.624277833333334,88.85727553333332,10.4,RANGE_64MiB_partial_tar_gz;resampled_300s_mean
590100,28.494282966666667,88.24313363333334,11.866666666666667,RANGE_64MiB_partial_tar_gz;resampled_300s_mean
590400,28.294302433333332,87.06189886666667,12.833333333333334,RANGE_64MiB_partial_tar_gz;resampled_300s_mean
590700,33.3765899,85.79731713333334,11.266666666666667,RANGE_64MiB_partial_tar_gz;resampled_300s_mean
591000,30.4966329,83.90022336666667,10.1,RANGE_64MiB_partial_tar_gz;resampled_300s_mean
591300,35.22566133333333,85.97969513333334,11.233333333333333,RANGE_64MiB_partial_tar_gz;resampled_300s_mean
591600,32.17415716666667,85.4457285,10.666666666666666,RANGE_64MiB_partial_tar_gz;resampled_300s_mean
591900,31.976851733333334,84.64988076666667,10.666666666666666,RANGE_64MiB_partial_tar_gz;resampled_300s_mean
592200,31.94725736666667,86.17619893333334,11.033333333333333,RANGE_64MiB_partial_tar_gz;resampled_300s_mean
592500,27.9977008,86.96032996666666,9.6,RANGE_64MiB_partial_tar_gz;resampled_300s_mean
592800,34.343334899999995,85.95812356666667,10.866666666666667,RANGE_64MiB_partial_tar_gz;resampled_300s_mean
593100,36.8399952,85.64343973333332,9.566666666666666,RANGE_64MiB_partial_tar_gz;resampled_300s_mean
593400,27.0424152,85.2167018,10.8,RANGE_64MiB_partial_tar_gz;resampled_300s_mean
593700,23.1325453,83.4769928,11.266666666666667,RANGE_64MiB_partial_tar_gz;resampled_300s_mean
594000,29.1988981,85.48238406666665,11.066666666666666,RANGE_64MiB_partial_tar_gz;resampled_300s_mean
594300,33.683472466666665,86.15054266666667,11.3,RANGE_64MiB_partial_tar_gz;resampled_300s_mean
594600,29.9220063,86.3961896,11.366666666666667,RANGE_64MiB_partial_tar_gz;resampled_300s_mean
594900,31.797337966666664,85.89203153333332,12.066666666666666,RANGE_64MiB_partial_tar_gz;resampled_300s_mean
595200,32.4161183,85.49700916666667,10.7,RANGE_64MiB_partial_tar_gz;resampled_300s_mean
595500,31.128176866666664,85.70182433333333,11.6,RANGE_64MiB_partial_tar_gz;resampled_300s_mean
595800,35.09300786666667,87.38477483333332,10.766666666666667,RANGE_64MiB_partial_tar_gz;resampled_300s_mean
596100,31.313882933333332,85.1840012,11.766666666666667,RANGE_64MiB_partial_tar_gz;resampled_300s_mean
596400,32.88723086666667,84.03055893333334,10.133333333333333,RANGE_64MiB_partial_tar_gz;resampled_300s_mean
596700,30.357760466666665,82.15446286666666,10.133333333333333,RANGE_64MiB_partial_tar_gz;resampled_300s_mean
597000,30.216094933333334,83.31198986666666,10.466666666666667,RANGE_64MiB_partial_tar_gz;resampled_300s_mean
597300,28.1922696,84.9781584,10.733333333333333,RANGE_64MiB_partial_tar_gz;resampled_300s_mean
597600,33.96273943333333,84.39696103333333,10.266666666666667,RANGE_64MiB_partial_tar_gz;resampled_300s_mean
597900,33.036851,88.239687,11.233333333333333,RANGE_64MiB_partial_tar_gz;resampled_300s_mean
598200,28.799866133333335,87.21664466666667,10.866666666666667,RANGE_64MiB_partial_tar_gz;resampled_300s_mean
598500,26.733657400000002,87.4859956,10.466666666666667,RANGE_64MiB_partial_tar_gz;resampled_300s_mean
598800,25.492978666666666,88.0905822,11.566666666666666,RANGE_64MiB_partial_tar_gz;resampled_300s_mean
599100,23.759596833333333,83.6377987,10.333333333333334,RANGE_64MiB_partial_tar_gz;resampled_300s_mean
599400,27.507255333333333,85.2334711,11.033333333333333,RANGE_64MiB_partial_tar_gz;resampled_300s_mean
599700,32.111252533333335,86.90203103333333,11.366666666666667,RANGE_64MiB_partial_tar_gz;resampled_300s_mean
600000,29.707399133333336,85.81243336666667,10.7,RANGE_64MiB_partial_tar_gz;resampled_300s_mean
600300,29.364145633333333,86.92392913333333,10.266666666666667,RANGE_64MiB_partial_tar_gz;resampled_300s_mean
600600,27.132372033333336,84.70169503333334,11.333333333333334,RANGE_64MiB_partial_tar_gz;resampled_300s_mean
600900,25.698858633333334,84.08908196666667,11.433333333333334,RANGE_64MiB_partial_tar_gz;resampled_300s_mean
601200,27.742565133333336,83.55416910000001,11.4,RANGE_64MiB_partial_tar_gz;resampled_300s_mean
601500,24.984320866666668,83.88713333333334,12.4,RANGE_64MiB_partial_tar_gz;resampled_300s_mean
601800,23.564583000000002,82.35974776666667,11.2,RANGE_64MiB_partial_tar_gz;resampled_300s_mean
602100,22.211946599999997,81.43854636666667,11.566666666666666,RANGE_64MiB_partial_tar_gz;resampled_300s_mean
602400,20.014419166666666,83.33279633333333,11.0,RANGE_64MiB_partial_tar_gz;resampled_300s_mean
602700,19.2287256,83.5396497,10.866666666666667,RANGE_64MiB_partial_tar_gz;resampled_300s_mean
603000,21.93744493333333,84.0466073,11.533333333333333,RANGE_64MiB_partial_tar_gz;resampled_300s_mean
603300,34.06928653333333,86.11326596666666,10.933333333333334,RANGE_64MiB_partial_tar_gz;resampled_300s_mean
603600,29.68589163333333,86.07654583333333,10.766666666666667,RANGE_64MiB_partial_tar_gz;resampled_300s_mean
603900,26.181725266666668,85.49407866666667,10.9,RANGE_64MiB_partial_tar_gz;resampled_300s_mean
604200,23.164097799999997,85.49296683333334,11.0,RANGE_64MiB_partial_tar_gz;resampled_300s_mean
604500,23.193042199999997,84.53733906666666,11.566666666666666,RANGE_64MiB_partial_tar_gz;resampled_300s_mean
604800,21.6322763,82.49503866666667,11.866666666666667,RANGE_64MiB_partial_tar_gz;resampled_300s_mean
605100,30.936829666666664,85.85260943333333,9.9,RANGE_64MiB_partial_tar_gz;resampled_300s_mean
605400,32.6207307,87.18685099999999,11.766666666666667,RANGE_64MiB_partial_tar_gz;resampled_300s_mean
605700,32.2560333,87.16622363333335,11.333333333333334,RANGE_64MiB_partial_tar_gz;resampled_300s_mean
606000,31.545081466666666,86.33710760000001,10.033333333333333,RANGE_64MiB_partial_tar_gz;resampled_300s_mean
606300,31.64786793333333,88.39231296666667,10.3,RANGE_64MiB_partial_tar_gz;resampled_300s_mean
606600,29.989970966666665,86.50866833333333,11.233333333333333,RANGE_64MiB_partial_tar_gz;resampled_300s_mean
606900,26.656551333333333,84.63031336666667,10.0,RANGE_64MiB_partial_tar_gz;resampled_300s_mean
607200,29.280493333333332,87.07479276666666,11.166666666666666,RANGE_64MiB_partial_tar_gz;resampled_300s_mean
607500,26.5895769,86.47836426666666,11.3,RANGE_64MiB_partial_tar_gz;resampled_300s_mean
607800,24.87589923333333,85.54777323333333,10.933333333333334,RANGE_64MiB_partial_tar_gz;resampled_300s_mean
608100,22.964382866666664,84.24863186666667,11.5,RANGE_64MiB_partial_tar_gz;resampled_300s_mean
608400,31.639963533333333,89.93228416666668,10.7,RANGE_64MiB_partial_tar_gz;resampled_300s_mean
608700,28.120022333333335,86.55691406666666,10.9,RANGE_64MiB_partial_tar_gz;resampled_300s_mean
609000,33.37855476666667,90.45012263333334,11.066666666666666,RANGE_64MiB_partial_tar_gz;resampled_300s_mean
609300,34.34204666666667,88.59711506666667,11.0,RANGE_64MiB_partial_tar_gz;resampled_300s_mean
609600,35.58737766666666,88.12261113333334,12.633333333333333,RANGE_64MiB_partial_tar_gz;resampled_300s_mean
609900,33.32941906666667,87.62301663333332,11.3,RANGE_64MiB_partial_tar_gz;resampled_300s_mean
610200,30.444216733333334,86.01267706666667,11.6,RANGE_64MiB_partial_tar_gz;resampled_300s_mean
610500,31.317960833333334,84.92770143333334,11.533333333333333,RANGE_64MiB_partial_tar_gz;resampled_300s_mean
610800,33.987986766666666,85.80345483333333,11.7,RANGE_64MiB_partial_tar_gz;resampled_300s_mean
611100,34.1314622,88.0385233,10.933333333333334,RANGE_64MiB_partial_tar_gz;resampled_300s_mean
611400,33.077393666666666,86.37924466666666,10.266666666666667,RANGE_64MiB_partial_tar_gz;resampled_300s_mean
611700,41.05947376666666,90.13323763333332,11.766666666666667,RANGE_64MiB_partial_tar_gz;resampled_300s_mean
612000,40.5011032,90.67043199999999,11.333333333333334,RANGE_64MiB_partial_tar_gz;resampled_300s_mean
612300,36.33331483333333,86.4443543,10.233333333333333,RANGE_64MiB_partial_tar_gz;resampled_300s_mean
612600,28.0876909,84.37717833333333,10.8,RANGE_64MiB_partial_tar_gz;resampled_300s_mean
612900,28.375386066666668,85.58304493333334,11.5,RANGE_64MiB_partial_tar_gz;resampled_300s_mean
613200,28.6978776,85.35080656666668,11.566666666666666,RANGE_64MiB_partial_tar_gz;resampled_300s_mean
613500,33.4474438,82.75847646666666,10.7,RANGE_64MiB_partial_tar_gz;resampled_300s_mean
613800,26.154080099999998,86.1080898,10.466666666666667,RANGE_64MiB_partial_tar_gz;resampled_300s_mean
614100,24.915331833333333,86.08340846666667,11.0,RANGE_64MiB_partial_tar_gz;resampled_300s_mean
614400,32.2527214,87.5432721,10.4,RANGE_64MiB_partial_tar_gz;resampled_300s_mean
614700,28.015740833333332,84.50164523333333,10.233333333333333,RANGE_64MiB_partial_tar_gz;resampled_300s_mean
615000,31.279334633333335,83.89588873333334,10.366666666666667,RANGE_64MiB_partial_tar_gz;resampled_300s_mean
615300,32.5362473,86.7201836,10.633333333333333,RANGE_64MiB_partial_tar_gz;resampled_300s_mean
615600,38.945124666666665,89.0838838,10.966666666666667,RANGE_64MiB_partial_tar_gz;resampled_300s_mean
615900,31.962474766666666,86.88166356666667,11.166666666666666,RANGE_64MiB_partial_tar_gz;resampled_300s_mean
616200,35.68775933333333,89.21844273333333,12.3,RANGE_64MiB_partial_tar_gz;resampled_300s_mean
616500,33.100329800000004,89.58933236666667,10.7,RANGE_64MiB_partial_tar_gz;resampled_300s_mean
616800,26.149926,86.18500176666666,10.6,RANGE_64MiB_partial_tar_gz;resampled_300s_mean
617100,28.2475017,86.5853154,10.8,RANGE_64MiB_partial_tar_gz;resampled_300s_mean
617400,31.898958,87.69635876666666,10.933333333333334,RANGE_64MiB_partial_tar_gz;resampled_300s_mean
617700,39.13409333333333,87.9172878,10.633333333333333,RANGE_64MiB_partial_tar_gz;resampled_300s_mean
618000,42.43606366666666,90.4111041,9.533333333333333,RANGE_64MiB_partial_tar_gz;resampled_300s_mean
618300,40.72610603333333,90.90969246666667,10.8,RANGE_64MiB_partial_tar_gz;resampled_300s_mean
618600,39.6341368,89.70801663333333,10.733333333333333,RANGE_64MiB_partial_tar_gz;resampled_300s_mean
618900,39.2305187,91.2363156,10.933333333333334,RANGE_64MiB_partial_tar_gz;resampled_300s_mean
619200,37.4269083,89.95218603333333,10.7,RANGE_64MiB_partial_tar_gz;resampled_300s_mean
619500,33.855859200000005,87.2831199,11.8,RANGE_64MiB_partial_tar_gz;resampled_300s_mean
619800,40.303380700000005,88.40769879999999,11.033333333333333,RANGE_64MiB_partial_tar_gz;resampled_300s_mean
620100,43.38280626666666,89.5377241,9.733333333333333,RANGE_64MiB_partial_tar_gz;resampled_300s_mean
620400,40.10275823333333,88.94884376666667,10.566666666666666,RANGE_64MiB_partial_tar_gz;resampled_300s_mean
620700,45.18407093333334,91.2469053,11.733333333333333,RANGE_64MiB_partial_tar_gz;resampled_300s_mean
621000,43.640287199999996,89.21124280000001,12.2,RANGE_64MiB_partial_tar_gz;resampled_300s_mean
621300,35.679430133333334,88.2770931,10.833333333333334,RANGE_64MiB_partial_tar_gz;resampled_300s_mean
621600,39.021710533333334,86.98907000000001,10.733333333333333,RANGE_64MiB_partial_tar_gz;resampled_300s_mean
621900,38.790939200000004,89.07759323333333,11.6,RANGE_64MiB_partial_tar_gz;resampled_300s_mean
622200,49.6296841,90.0528816,10.4,RANGE_64MiB_partial_tar_gz;resampled_300s_mean
622500,39.0441325,88.98179223333334,11.733333333333333,RANGE_64MiB_partial_tar_gz;resampled_300s_mean
622800,36.54875536666667,86.93148456666667,10.466666666666667,RANGE_64MiB_partial_tar_gz;resampled_300s_mean
623100,49.4761582,91.26947856666668,11.233333333333333,RANGE_64MiB_partial_tar_gz;resampled_300s_mean
623400,47.326088066666664,90.67563046666668,10.8,RANGE_64MiB_partial_tar_gz;resampled_300s_mean
623700,39.567510133333336,91.01303143333332,11.633333333333333,RANGE_64MiB_partial_tar_gz;resampled_300s_mean
624000,32.426414333333334,86.90472396666668,10.833333333333334,RANGE_64MiB_partial_tar_gz;resampled_300s_mean
624300,37.88401403333333,88.16704836666666,10.866666666666667,RANGE_64MiB_partial_tar_gz;resampled_300s_mean
624600,43.85956096666666,89.87789823333333,11.733333333333333,RANGE_64MiB_partial_tar_gz;resampled_300s_mean
624900,47.785114633333336,89.82897016666668,12.0,RANGE_64MiB_partial_tar_gz;resampled_300s_mean
625200,48.545875,91.0400958,11.233333333333333,RANGE_64MiB_partial_tar_gz;resampled_300s_mean
625500,54.185416833333335,90.13981616666666,11.633333333333333,RANGE_64MiB_partial_tar_gz;resampled_300s_mean
625800,58.36488076666667,92.87762793333333,11.633333333333333,RANGE_64MiB_partial_tar_gz;resampled_300s_mean
626100,77.10116119999999,90.74311436666667,11.3,RANGE_64MiB_partial_tar_gz;resampled_300s_mean
626400,74.42746430000001,92.77252610000001,11.0,RANGE_64MiB_partial_tar_gz;resampled_300s_mean
626700,57.34663796666667,89.14327863333332,11.466666666666667,RANGE_64MiB_partial_tar_gz;resampled_300s_mean
627000,52.165101,87.9681295,11.533333333333333,RANGE_64MiB_partial_tar_gz;resampled_300s_mean
627300,53.71418473333333,89.24432746666666,10.466666666666667,RANGE_64MiB_partial_tar_gz;resampled_300s_mean
627600,53.73918316666666,89.66017153333334,11.0,RANGE_64MiB_partial_tar_gz;resampled_300s_mean
627900,51.66824763333333,88.3107832,9.866666666666667,RANGE_64MiB_partial_tar_gz;resampled_300s_mean
628200,53.67463326666667,87.1267254,10.633333333333333,RANGE_64MiB_partial_tar_gz;resampled_300s_mean
628500,57.09218693333333,89.3856344,10.733333333333333,RANGE_64MiB_partial_tar_gz;resampled_300s_mean
628800,55.65625893333333,91.34117973333333,11.066666666666666,RANGE_64MiB_partial_tar_gz;resampled_300s_mean
629100,48.65585466666666,89.2349996,10.066666666666666,RANGE_64MiB_partial_tar_gz;resampled_300s_mean
629400,50.529125799999996,88.76862386666667,10.7,RANGE_64MiB_partial_tar_gz;resampled_300s_mean
629700,52.0169862,87.83047833333333,11.2,RANGE_64MiB_partial_tar_gz;resampled_300s_mean
630000,54.882083433333335,87.38356623333334,12.066666666666666,RANGE_64MiB_partial_tar_gz;resampled_300s_mean
630300,55.548949,88.91095279999999,10.366666666666667,RANGE_64MiB_partial_tar_gz;resampled_300s_mean
630600,50.224742033333335,87.6898458,11.266666666666667,RANGE_64MiB_partial_tar_gz;resampled_300s_mean
630900,58.041707200000005,89.21478343333334,11.633333333333333,RANGE_64MiB_partial_tar_gz;resampled_300s_mean
631200,57.46579976666667,89.74035493333334,11.433333333333334,RANGE_64MiB_partial_tar_gz;resampled_300s_mean
631500,57.3838656,91.3791044,11.0,RANGE_64MiB_partial_tar_gz;resampled_300s_mean
631800,52.85662996666667,87.06241823333333,11.233333333333333,RANGE_64MiB_partial_tar_gz;resampled_300s_mean
632100,52.658842899999996,84.54908716666667,10.7,RANGE_64MiB_partial_tar_gz;resampled_300s_mean
632400,49.83620603333333,84.27712156666666,11.5,RANGE_64MiB_partial_tar_gz;resampled_300s_mean
632700,45.122006133333336,85.01488346666666,11.6,RANGE_64MiB_partial_tar_gz;resampled_300s_mean
633000,45.19661563333333,86.31532803333333,11.333333333333334,RANGE_64MiB_partial_tar_gz;resampled_300s_mean
633300,43.368392066666665,85.6854664,10.533333333333333,RANGE_64MiB_partial_tar_gz;resampled_300s_mean
633600,53.48740156666667,88.43211133333332,11.666666666666666,RANGE_64MiB_partial_tar_gz;resampled_300s_mean
633900,47.9950764,84.9372882,10.4,RANGE_64MiB_partial_tar_gz;resampled_300s_mean
634200,42.71764866666667,83.95445013333332,11.0,RANGE_64MiB_partial_tar_gz;resampled_300s_mean
634500,41.91125063333333,85.62700906666667,12.166666666666666,RANGE_64MiB_partial_tar_gz;resampled_300s_mean
634800,42.3312281,85.05704983333334,10.333333333333334,RANGE_64MiB_partial_tar_gz;resampled_300s_mean
635100,40.694882,84.36096746666666,11.366666666666667,RANGE_64MiB_partial_tar_gz;resampled_300s_mean
635400,38.38917643333333,84.09973706666666,11.166666666666666,RANGE_64MiB_partial_tar_gz;resampled_300s_mean
635700,39.66727160000001,85.4816796,11.666666666666666,RANGE_64MiB_partial_tar_gz;resampled_300s_mean
636000,39.70981596666666,85.36587903333334,10.5,RANGE_64MiB_partial_tar_gz;resampled_300s_mean
636300,37.342457599999996,83.4638744,11.866666666666667,RANGE_64MiB_partial_tar_gz;resampled_300s_mean
636600,36.60186913333334,83.56585783333334,10.066666666666666,RANGE_64MiB_partial_tar_gz;resampled_300s_mean
636900,36.01061943333333,84.22598663333333,11.0,RANGE_64MiB_partial_tar_gz;resampled_300s_mean
637200,52.206948366666666,88.06427036666668,11.833333333333334,RANGE_64MiB_partial_tar_gz;resampled_300s_mean
637500,45.0628523,87.02700703333333,11.7,RANGE_64MiB_partial_tar_gz;resampled_300s_mean
637800,44.87393476666667,85.89741323333332,11.433333333333334,RANGE_64MiB_partial_tar_gz;resampled_300s_mean
638100,46.666132700000006,86.21015396666667,10.666666666666666,RANGE_64MiB_partial_tar_gz;resampled_300s_mean
638400,43.49045003333333,86.35341283333334,11.566666666666666,RANGE_64MiB_partial_tar_gz;resampled_300s_mean
638700,47.87046906666667,86.42729233333333,11.233333333333333,RANGE_64MiB_partial_tar_gz;resampled_300s_mean
639000,40.804494633333334,84.56156743333332,11.4,RANGE_64MiB_partial_tar_gz;resampled_300s_mean
639300,39.279730066666666,86.05349983333333,11.033333333333333,RANGE_64MiB_partial_tar_gz;resampled_300s_mean
639600,40.88142353333333,89.1790326,11.1,RANGE_64MiB_partial_tar_gz;resampled_300s_mean
639900,35.09780966666666,85.9858925,10.966666666666667,RANGE_64MiB_partial_tar_gz;resampled_300s_mean
640200,37.618861700000004,85.40156223333334,10.866666666666667,RANGE_64MiB_partial_tar_gz;resampled_300s_mean
640500,34.894449533333336,87.08752840000001,11.433333333333334,RANGE_64MiB_partial_tar_gz;resampled_300s_mean
640800,40.81090643333334,87.5729755,11.033333333333333,RANGE_64MiB_partial_tar_gz;resampled_300s_mean
641100,41.363150233333336,88.1512041,11.266666666666667,RANGE_64MiB_partial_tar_gz;resampled_300s_mean
641400,36.42021956666667,86.20092003333335,11.3,RANGE_64MiB_partial_tar_gz;resampled_300s_mean
641700,36.556109799999994,84.79323836666667,12.2,RANGE_64MiB_partial_tar_gz;resampled_300s_mean
642000,40.00654886666667,86.88078123333334,11.233333333333333,RANGE_64MiB_partial_tar_gz;resampled_300s_mean
642300,39.9945275,88.3314915,10.366666666666667,RANGE_64MiB_partial_tar_gz;resampled_300s_mean
642600,36.22642776666667,88.26397913333334,10.733333333333333,RANGE_64MiB_partial_tar_gz;resampled_300s_mean
642900,39.62126916666667,89.62923323333332,10.166666666666666,RANGE_64MiB_partial_tar_gz;resampled_300s_mean
643200,39.394646800000004,90.11545403333334,11.433333333333334,RANGE_64MiB_partial_tar_gz;resampled_300s_mean
643500,45.32873096666666,91.74007886666666,12.0,RANGE_64MiB_partial_tar_gz;resampled_300s_mean
643800,38.976285,89.67076463333333,10.4,RANGE_64MiB_partial_tar_gz;resampled_300s_mean
644100,45.1769054,90.15836983333334,11.1,RANGE_64MiB_partial_tar_gz;resampled_300s_mean
644400,49.295205366666664,91.13489216666667,11.2,RANGE_64MiB_partial_tar_gz;resampled_300s_mean
644700,51.158547033333335,89.62565296666666,11.3,RANGE_64MiB_partial_tar_gz;resampled_300s_mean
645000,45.13534103333333,87.99880653333334,12.0,RANGE_64MiB_partial_tar_gz;resampled_300s_mean
645300,42.221488199999996,89.1445865,11.066666666666666,RANGE_64MiB_partial_tar_gz;resampled_300s_mean
645600,46.91448106666667,89.13254923333334,9.666666666666666,RANGE_64MiB_partial_tar_gz;resampled_300s_mean
645900,44.60004203333333,89.12373816666667,10.766666666666667,RANGE_64MiB_partial_tar_gz;resampled_300s_mean
646200,47.1455903,90.39394113333333,12.0,RANGE_64MiB_partial_tar_gz;resampled_300s_mean
646500,38.46110706666666,87.33479823333333,10.4,RANGE_64MiB_partial_tar_gz;resampled_300s_mean
646800,39.166338366666665,89.4199753,10.666666666666666,RANGE_64MiB_partial_tar_gz;resampled_300s_mean
647100,49.072068800000004,92.07819646666667,11.1,RANGE_64MiB_partial_tar_gz;resampled_300s_mean
647400,50.059005899999995,91.56462353333333,10.9,RANGE_64MiB_partial_tar_gz;resampled_300s_mean
647700,40.027909333333334,88.1333104,11.6,RANGE_64MiB_partial_tar_gz;resampled_300s_mean
648000,46.6797859,89.9469108,10.8,RANGE_64MiB_partial_tar_gz;resampled_300s_mean
648300,44.1277104,89.49908633333332,10.666666666666666,RANGE_64MiB_partial_tar_gz;resampled_300s_mean
648600,40.12649016666667,90.2282707,11.0,RANGE_64MiB_partial_tar_gz;resampled_300s_mean
648900,36.35327946666666,88.19434363333333,11.033333333333333,RANGE_64MiB_partial_tar_gz;resampled_300s_mean
649200,36.70867186666667,88.42246133333333,11.666666666666666,RANGE_64MiB_partial_tar_gz;resampled_300s_mean
649500,36.37991576666666,89.01926386666668,11.633333333333333,RANGE_64MiB_partial_tar_gz;resampled_300s_mean
649800,37.24741673333333,89.6999202,10.633333333333333,RANGE_64MiB_partial_tar_gz;resampled_300s_mean
650100,35.30423896666667,88.78703716666668,10.333333333333334,RANGE_64MiB_partial_tar_gz;resampled_300s_mean
650400,35.492044433333334,89.4823477,9.366666666666667,RANGE_64MiB_partial_tar_gz;resampled_300s_mean
650700,38.88666563333334,91.07363446666666,9.8,RANGE_64MiB_partial_tar_gz;resampled_300s_mean
651000,36.8293988,89.0289731,9.866666666666667,RANGE_64MiB_partial_tar_gz;resampled_300s_mean
651300,36.515953233333335,91.55991976666668,10.466666666666667,RANGE_64MiB_partial_tar_gz;resampled_300s_mean
651600,35.139606,89.59443703333334,10.0,RANGE_64MiB_partial_tar_gz;resampled_300s_mean
651900,41.587121499999995,89.7314408,8.633333333333333,RANGE_64MiB_partial_tar_gz;resampled_300s_mean
652200,43.91875056666667,90.54079243333334,7.7,RANGE_64MiB_partial_tar_gz;resampled_300s_mean
652500,39.63058326666667,89.02129143333333,7.266666666666667,RANGE_64MiB_partial_tar_gz;resampled_300s_mean
652800,38.29065833333333,89.70149556666667,7.733333333333333,RANGE_64MiB_partial_tar_gz;resampled_300s_mean
653100,35.38155363333333,89.73573353333333,6.7,RANGE_64MiB_partial_tar_gz;resampled_300s_mean
653400,35.468005,89.92578886666666,7.433333333333334,RANGE_64MiB_partial_tar_gz;resampled_300s_mean
653700,41.72517706666667,90.33484486666666,7.4,RANGE_64MiB_partial_tar_gz;resampled_300s_mean
654000,37.789836666666666,90.79489163333332,9.366666666666667,RANGE_64MiB_partial_tar_gz;resampled_300s_mean
654300,35.699016566666664,90.48573796666666,10.833333333333334,RANGE_64MiB_partial_tar_gz;resampled_300s_mean
654600,36.2226588,91.20525416666666,10.666666666666666,RANGE_64MiB_partial_tar_gz;resampled_300s_mean
654900,35.68205506666666,91.96000206666666,10.533333333333333,RANGE_64MiB_partial_tar_gz;resampled_300s_mean
655200,36.8914853,90.49827103333334,11.3,RANGE_64MiB_partial_tar_gz;resampled_300s_mean
655500,40.668201966666665,90.70094756666667,11.566666666666666,RANGE_64MiB_partial_tar_gz;resampled_300s_mean
655800,36.60328193333333,88.77011906666667,10.3,RANGE_64MiB_partial_tar_gz;resampled_300s_mean
656100,39.50962006666667,90.2503115,11.466666666666667,RANGE_64MiB_partial_tar_gz;resampled_300s_mean
656400,35.3180323,88.99570103333333,11.866666666666667,RANGE_64MiB_partial_tar_gz;resampled_300s_mean
656700,35.972277633333334,88.57442533333332,10.966666666666667,RANGE_64MiB_partial_tar_gz;resampled_300s_mean
657000,37.98990773333333,89.64082703333334,11.433333333333334,RANGE_64MiB_partial_tar_gz;resampled_300s_mean
657300,39.512473766666666,91.67822956666667,10.666666666666666,RANGE_64MiB_partial_tar_gz;resampled_300s_mean
657600,36.55235593333334,91.27210083333333,10.533333333333333,RANGE_64MiB_partial_tar_gz;resampled_300s_mean
657900,37.05323696666667,90.38166,10.666666666666666,RANGE_64MiB_partial_tar_gz;resampled_300s_mean
658200,36.35420383333334,90.29367903333333,11.266666666666667,RANGE_64MiB_partial_tar_gz;resampled_300s_mean
658500,42.31716673333334,89.33415016666666,11.733333333333333,RANGE_64MiB_partial_tar_gz;resampled_300s_mean
658800,40.6518122,90.94063736666666,12.4,RANGE_64MiB_partial_tar_gz;resampled_300s_mean
659100,43.0719607,89.03620966666668,11.366666666666667,RANGE_64MiB_partial_tar_gz;resampled_300s_mean
659400,39.01445446666666,88.72800903333334,11.466666666666667,RANGE_64MiB_partial_tar_gz;resampled_300s_mean
659700,37.70241886666667,87.0262602,10.333333333333334,RANGE_64MiB_partial_tar_gz;resampled_300s_mean
660000,33.23298883333334,87.42504319999999,11.7,RANGE_64MiB_partial_tar_gz;resampled_300s_mean
660300,34.1372639,88.42035433333334,11.733333333333333,RANGE_64MiB_partial_tar_gz;resampled_300s_mean
660600,31.57460316666667,87.25728566666666,9.933333333333334,RANGE_64MiB_partial_tar_gz;resampled_300s_mean
660900,37.18114083333333,88.2700435,10.8,RANGE_64MiB_partial_tar_gz;resampled_300s_mean
661200,28.106062766666664,88.43037523333334,11.6,RANGE_64MiB_partial_tar_gz;resampled_300s_mean
661500,29.176579333333333,87.6809543,10.5,RANGE_64MiB_partial_tar_gz;resampled_300s_mean
661800,29.0947154,87.60647526666666,10.0,RANGE_64MiB_partial_tar_gz;resampled_300s_mean
662100,31.299996099999998,89.5153293,11.366666666666667,RANGE_64MiB_partial_tar_gz;resampled_300s_mean
662400,40.7542865,90.39287399999999,11.133333333333333,RANGE_64MiB_partial_tar_gz;resampled_300s_mean
662700,35.7382941,88.57258336666668,10.766666666666667,RANGE_64MiB_partial_tar_gz;resampled_300s_mean
663000,35.9754833,87.91993773333334,10.8,RANGE_64MiB_partial_tar_gz;resampled_300s_mean
663300,33.3661137,90.05144783333334,11.133333333333333,RANGE_64MiB_partial_tar_gz;resampled_300s_mean
663600,31.348604299999998,88.88357826666667,11.866666666666667,RANGE_64MiB_partial_tar_gz;resampled_300s_mean
663900,30.6184458,89.37821430000001,10.533333333333333,RANGE_64MiB_partial_tar_gz;resampled_300s_mean
664200,28.493227233333336,89.07024796666666,11.466666666666667,RANGE_64MiB_partial_tar_gz;resampled_300s_mean
664500,31.153855533333335,91.42673886666667,11.0,RANGE_64MiB_partial_tar_gz;resampled_300s_mean
664800,31.681692766666668,92.26060523333334,11.3,RANGE_64MiB_partial_tar_gz;resampled_300s_mean
665100,34.5403803,92.5670992,10.366666666666667,RANGE_64MiB_partial_tar_gz;resampled_300s_mean
665400,32.431448233333334,91.29012733333334,11.0,RANGE_64MiB_partial_tar_gz;resampled_300s_mean
665700,36.52926823333333,90.52933973333333,11.0,RANGE_64MiB_partial_tar_gz;resampled_300s_mean
666000,44.073961366666666,91.75841326666666,11.433333333333334,RANGE_64MiB_partial_tar_gz;resampled_300s_mean
666300,39.76722733333334,90.33534086666667,11.7,RANGE_64MiB_partial_tar_gz;resampled_300s_mean
666600,36.9327409,89.39389729999999,11.0,RANGE_64MiB_partial_tar_gz;resampled_300s_mean
666900,42.586472699999995,92.01708406666667,11.4,RANGE_64MiB_partial_tar_gz;resampled_300s_mean
667200,33.104506666666666,89.17178623333332,10.833333333333334,RANGE_64MiB_partial_tar_gz;resampled_300s_mean
667500,37.71768676666667,89.7455983,11.066666666666666,RANGE_64MiB_partial_tar_gz;resampled_300s_mean
667800,32.20895036666666,89.80123633333332,10.6,RANGE_64MiB_partial_tar_gz;resampled_300s_mean
668100,38.255723833333334,90.81340153333333,10.633333333333333,RANGE_64MiB_partial_tar_gz;resampled_300s_mean
668400,37.1034204,91.66408843333333,10.166666666666666,RANGE_64MiB_partial_tar_gz;resampled_300s_mean
668700,35.985691800000005,91.33504306666667,11.0,RANGE_64MiB_partial_tar_gz;resampled_300s_mean
669000,36.31075236666666,90.0893011,11.1,RANGE_64MiB_partial_tar_gz;resampled_300s_mean
669300,37.797028266666665,93.30145206666666,10.866666666666667,RANGE_64MiB_partial_tar_gz;resampled_300s_mean
669600,41.3456958,91.98971393333333,11.1,RANGE_64MiB_partial_tar_gz;resampled_300s_mean
669900,43.23433933333333,90.73090136666666,10.766666666666667,RANGE_64MiB_partial_tar_gz;resampled_300s_mean
670200,45.1915977,90.01197583333332,10.3,RANGE_64MiB_partial_tar_gz;resampled_300s_mean
670500,44.4985731,91.62883183333334,12.3,RANGE_64MiB_partial_tar_gz;resampled_300s_mean
670800,42.948952133333336,91.20767626666667,11.833333333333334,RANGE_64MiB_partial_tar_gz;resampled_300s_mean
671100,47.685112966666665,91.46283723333333,11.7,RANGE_64MiB_partial_tar_gz;resampled_300s_mean
671400,57.32644103333334,91.80982466666666,11.3,RANGE_64MiB_partial_tar_gz;resampled_300s_mean
671700,48.8423965,90.82429403333335,10.366666666666667,RANGE_64MiB_partial_tar_gz;resampled_300s_mean
672000,47.0118873,91.639315,11.5,RANGE_64MiB_partial_tar_gz;resampled_300s_mean
672300,46.96928926666667,90.63593653333334,10.466666666666667,RANGE_64MiB_partial_tar_gz;resampled_300s_mean
672600,40.28909716666667,90.01629566666666,10.9,RANGE_64MiB_partial_tar_gz;resampled_300s_mean
672900,48.08286473333333,90.88406503333334,10.833333333333334,RANGE_64MiB_partial_tar_gz;resampled_300s_mean
673200,50.99269123333333,93.60254119999999,12.0,RANGE_64MiB_partial_tar_gz;resampled_300s_mean
673500,44.5166244,89.22785883333333,10.866666666666667,RANGE_64MiB_partial_tar_gz;resampled_300s_mean
673800,46.823653566666664,91.2549519,11.933333333333334,RANGE_64MiB_partial_tar_gz;resampled_300s_mean
674100,44.93392756666666,90.12875023333332,11.333333333333334,RANGE_64MiB_partial_tar_gz;resampled_300s_mean
674400,48.41303966666667,91.90237713333333,11.266666666666667,RANGE_64MiB_partial_tar_gz;resampled_300s_mean
674700,39.837198433333334,89.67135503333334,11.066666666666666,RANGE_64MiB_partial_tar_gz;resampled_300s_mean
675000,41.59550496666667,91.52252416666667,11.333333333333334,RANGE_64MiB_partial_tar_gz;resampled_300s_mean
675300,44.79850836666667,91.23913533333332,11.5,RANGE_64MiB_partial_tar_gz;resampled_300s_mean
675600,47.85734123333334,92.81771386666667,10.666666666666666,RANGE_64MiB_partial_tar_gz;resampled_300s_mean
675900,49.08852220000001,92.060053,11.466666666666667,RANGE_64MiB_partial_tar_gz;resampled_300s_mean
676200,46.69583566666667,91.1832124,11.8,RANGE_64MiB_partial_tar_gz;resampled_300s_mean
676500,43.6657283,91.57722383333333,10.866666666666667,RANGE_64MiB_partial_tar_gz;resampled_300s_mean
676800,44.9551131,91.8211413,12.466666666666667,RANGE_64MiB_partial_tar_gz;resampled_300s_mean
677100,38.037462166666664,90.8368545,10.866666666666667,RANGE_64MiB_partial_tar_gz;resampled_300s_mean
677400,43.856398633333335,91.41767743333334,10.366666666666667,RANGE_64MiB_partial_tar_gz;resampled_300s_mean
677700,40.893762333333335,92.04141043333334,8.966666666666667,RANGE_64MiB_partial_tar_gz;resampled_300s_mean
678000,42.604736466666665,92.61132393333334,10.766666666666667,RANGE_64MiB_partial_tar_gz;resampled_300s_mean
678300,43.28842963333333,91.99409973333333,11.0,RANGE_64MiB_partial_tar_gz;resampled_300s_mean
678600,42.082344400000004,93.73284913333333,10.7,RANGE_64MiB_partial_tar_gz;resampled_300s_mean
678900,42.71310783333333,93.42885846666667,12.166666666666666,RANGE_64MiB_partial_tar_gz;resampled_300s_mean
679200,43.823313033333335,92.97598289999999,11.266666666666667,RANGE_64MiB_partial_tar_gz;resampled_300s_mean
679500,41.37105333333333,91.61063433333334,10.8,RANGE_64MiB_partial_tar_gz;resampled_300s_mean
679800,45.25247136666667,93.43795986666667,10.366666666666667,RANGE_64MiB_partial_tar_gz;resampled_300s_mean
680100,46.1719783,91.19203913333334,10.233333333333333,RANGE_64MiB_partial_tar_gz;resampled_300s_mean
680400,42.38075476666666,91.69948163333333,11.766666666666667,RANGE_64MiB_partial_tar_gz;resampled_300s_mean
680700,47.48088333333333,90.76797143333333,10.266666666666667,RANGE_64MiB_partial_tar_gz;resampled_300s_mean
681000,44.67949553333334,91.98591370000001,10.8,RANGE_64MiB_partial_tar_gz;resampled_300s_mean
681300,47.660816833333335,91.1883198,10.9,RANGE_64MiB_partial_tar_gz;resampled_300s_mean
681600,47.8870326,91.9988829,10.6,RANGE_64MiB_partial_tar_gz;resampled_300s_mean
681900,42.83377973333334,89.63013433333334,11.233333333333333,RANGE_64MiB_partial_tar_gz;resampled_300s_mean
682200,47.5522815,91.6410818,11.333333333333334,RANGE_64MiB_partial_tar_gz;resampled_300s_mean
682500,51.53259606666667,93.3361488,11.666666666666666,RANGE_64MiB_partial_tar_gz;resampled_300s_mean
682800,48.556003866666664,91.38194073333334,11.433333333333334,RANGE_64MiB_partial_tar_gz;resampled_300s_mean
683100,46.729451366666666,89.50969690000001,10.633333333333333,RANGE_64MiB_partial_tar_gz;resampled_300s_mean
683400,47.0261225,89.8085502,11.133333333333333,RANGE_64MiB_partial_tar_gz;resampled_300s_mean
683700,43.60872233333334,90.6152701,10.733333333333333,RANGE_64MiB_partial_tar_gz;resampled_300s_mean
684000,51.69390696666667,92.57503126666667,11.833333333333334,RANGE_64MiB_partial_tar_gz;resampled_300s_mean
684300,47.02298186666667,89.65926233333333,10.566666666666666,RANGE_64MiB_partial_tar_gz;resampled_300s_mean
684600,48.744727033333334,88.18985033333334,12.133333333333333,RANGE_64MiB_partial_tar_gz;resampled_300s_mean
684900,45.11519823333333,88.25683716666667,11.266666666666667,RANGE_64MiB_partial_tar_gz;resampled_300s_mean
685200,36.18420026666667,86.04682166666666,10.766666666666667,RANGE_64MiB_partial_tar_gz;resampled_300s_mean
685500,41.0087898,88.69816006666666,10.866666666666667,RANGE_64MiB_partial_tar_gz;resampled_300s_mean
685800,38.8525612,88.20349123333334,10.633333333333333,RANGE_64MiB_partial_tar_gz;resampled_300s_mean
686100,43.296442400000004,89.79901133333333,11.1,RANGE_64MiB_partial_tar_gz;resampled_300s_mean
686400,37.263336233333334,87.8094774,12.0,RANGE_64MiB_partial_tar_gz;resampled_300s_mean
686700,40.52461376666667,87.3081385,10.466666666666667,RANGE_64MiB_partial_tar_gz;resampled_300s_mean
687000,36.55432393333333,88.1542413,11.866666666666667,RANGE_64MiB_partial_tar_gz;resampled_300s_mean
687300,39.5428901,91.03376463333333,11.0,RANGE_64MiB_partial_tar_gz;resampled_300s_mean
687600,35.62886423333334,90.29985086666667,11.3,RANGE_64MiB_partial_tar_gz;resampled_300s_mean
687900,42.3128146,89.22461419999999,10.966666666666667,RANGE_64MiB_partial_tar_gz;resampled_300s_mean
688200,38.7297594,90.00937336666667,11.3,RANGE_64MiB_partial_tar_gz;resampled_300s_mean
688500,45.13947316666667,90.66735333333332,10.166666666666666,RANGE_64MiB_partial_tar_gz;resampled_300s_mean
688800,40.2895136,88.8440663,11.2,RANGE_64MiB_partial_tar_gz;resampled_300s_mean
689100,38.24794693333333,89.54845186666667,11.1,RANGE_64MiB_partial_tar_gz;resampled_300s_mean
689400,34.853246199999994,88.94079173333333,10.933333333333334,RANGE_64MiB_partial_tar_gz;resampled_300s_mean
689700,35.13614363333333,90.0012407,11.133333333333333,RANGE_64MiB_partial_tar_gz;resampled_300s_mean
690000,36.6425525,89.35259763333333,11.3,RANGE_64MiB_partial_tar_gz;resampled_300s_mean
690300,35.233328766666666,89.19263643333333,12.666666666666666,RANGE_64MiB_partial_tar_gz;resampled_300s_mean
690600,37.132929833333336,90.41167463333333,11.266666666666667,RANGE_64MiB_partial_tar_gz;resampled_300s_mean
690900,33.93484696666666,91.92617343333333,11.133333333333333,RANGE_64MiB_partial_tar_gz;resampled_300s_mean
