seq,phase,data_mode,function,runtime,variant,memory_mb,role,pattern,warming,intended_cold,force_cold,rep,block,burst_id,idle_gap_min,t_start,t_start_utc,request_id,status,function_error,error,rtt_ms,duration_ms,billed_ms,init_ms,cold,max_memory_used_mb,report_source,effective_billed_ms,cost_usd
0,package_size,live,python-default,python,default,1024,measure,idle,off,True,update_env,0,,,,1790078041.51,2026-09-22T11:54:01.510+00:00,f18dbde1-d1be-4e93-a5d2-cb69493834da,200,,False,4069.232,31.28,3502,3469.87,True,132,logs,3502.0,4.6893566799999994e-05
1,package_size,live,python-default,python,default,1024,follow_up,idle,off,False,update_env,0,,,,1790078045.581,2026-09-22T11:54:05.580+00:00,cdc5889b-2b38-4e88-bd9a-f8097e9a2572,200,,False,260.345,29.36,30,,False,133,logs,30.0,6.00002e-07
2,package_size,live,nodejs-default,nodejs,default,1024,measure,idle,off,True,update_env,0,,,,1790078048.374,2026-09-22T11:54:08.373+00:00,60122639-542d-4db0-ae05-f651b2cccba3,200,,False,1977.246,270.39,1403,1132.42,True,129,logs,1403.0,1.89067602e-05
3,package_size,live,nodejs-default,nodejs,default,1024,follow_up,idle,off,False,update_env,0,,,,1790078050.352,2026-09-22T11:54:10.351+00:00,32ded5f4-430a-4ebf-9a48-079068b75901,200,,False,336.853,154.96,155,,False,139,logs,155.0,2.2666770000000003e-06
4,package_size,live,java-default,java,default,1024,measure,idle,off,True,update_env,0,,,,1790078053.084,2026-09-22T11:54:13.083+00:00,c8e7c698-a169-406b-be6b-499c861e2d0e,200,,False,1232.755,130.16,896,765.36,True,121,logs,896.0,1.21467264e-05
5,package_size,live,java-default,java,default,1024,follow_up,idle,off,False,update_env,0,,,,1790078054.317,2026-09-22T11:54:14.317+00:00,7fb3358a-0f98-4143-84c0-58e79dee29bd,200,,False,215.857,36.6,37,,False,121,logs,37.0,6.933357999999999e-07
6,package_size,live,nodejs-optimised,nodejs,optimised,1024,measure,idle,off,True,update_env,0,,,,1790078056.942,2026-09-22T11:54:16.941+00:00,d4faf77b-b5d7-467c-bc07-eca4fc2e87ff,200,,False,555.941,150.09,268,117.81,True,79,logs,268.0,3.7733512e-06
7,package_size,live,nodejs-optimised,nodejs,optimised,1024,follow_up,idle,off,False,update_env,0,,,,1790078057.501,2026-09-22T11:54:17.500+00:00,558933c0-fc58-4e1e-be0b-395fe67444a0,200,,False,278.009,95.4,96,,False,79,logs,96.0,1.4800064e-06
8,package_size,live,python-optimised,python,optimised,1024,measure,idle,off,True,update_env,0,,,,1790078060.092,2026-09-22T11:54:20.091+00:00,e3657236-3d8e-432e-b01f-fb5e41422565,200,,False,530.554,32.1,134,101.01,True,41,logs,134.0,1.9866756000000004e-06
9,package_size,live,python-optimised,python,optimised,1024,follow_up,idle,off,False,update_env,0,,,,1790078060.626,2026-09-22T11:54:20.625+00:00,eb0d54b5-76ba-4533-b323-3882720fa272,200,,False,217.153,33.49,34,,False,41,logs,34.0,6.533356e-07
10,package_size,live,java-optimised,java,optimised,1024,measure,idle,off,True,update_env,0,,,,1790078063.268,2026-09-22T11:54:23.268+00:00,528d0c36-73bf-4797-81b7-1ab8e1af6a8f,200,,False,741.874,120.9,454,332.29,True,109,logs,454.0,6.2533636e-06
11,package_size,live,java-optimised,java,optimised,1024,follow_up,idle,off,False,update_env,0,,,,1790078064.011,2026-09-22T11:54:24.011+00:00,2b224da7-df7a-4a81-b307-ff3cd960538a,200,,False,216.027,28.63,29,,False,109,logs,29.0,5.866686000000001e-07
12,package_size,live,java-optimised,java,optimised,1024,measure,idle,off,True,update_env,1,,,,1790078066.352,2026-09-22T11:54:26.351+00:00,16971a82-4a0f-4d9c-960b-4b24608c9d21,200,,False,840.179,117.97,548,429.12,True,109,logs,548.0,7.5067032e-06
13,package_size,live,java-optimised,java,optimised,1024,follow_up,idle,off,False,update_env,1,,,,1790078067.193,2026-09-22T11:54:27.193+00:00,b044ad7b-871f-444f-a460-b39cfbc46990,200,,False,260.905,48.44,49,,False,109,logs,49.0,8.533366e-07
14,package_size,live,python-default,python,default,1024,measure,idle,off,True,update_env,1,,,,1790078069.523,2026-09-22T11:54:29.522+00:00,db6e4ab6-81c6-4d39-b3a8-0d3e74184ffb,200,,False,3986.495,30.59,3509,3477.87,True,132,logs,3509.0,4.69869006e-05
15,package_size,live,python-default,python,default,1024,follow_up,idle,off,False,update_env,1,,,,1790078073.511,2026-09-22T11:54:33.510+00:00,be4f8132-4df0-414b-9334-dd04a8ba57a5,200,,False,197.331,17.93,18,,False,132,logs,18.0,4.400012e-07
16,package_size,live,nodejs-default,nodejs,default,1024,measure,idle,off,True,update_env,1,,,,1790078075.823,2026-09-22T11:54:35.822+00:00,44fc68d5-c36c-4c70-a43a-752165502299,200,,False,1764.001,196.34,1331,1134.01,True,124,logs,1331.0,1.7946755400000002e-05
17,package_size,live,nodejs-default,nodejs,default,1024,follow_up,idle,off,False,update_env,1,,,,1790078077.588,2026-09-22T11:54:37.588+00:00,e6c540b9-06da-4825-8f85-10ae313fe687,200,,False,354.192,172.13,173,,False,131,logs,173.0,2.5066781999999998e-06
18,package_size,live,python-optimised,python,optimised,1024,measure,idle,off,True,update_env,1,,,,1790078080.014,2026-09-22T11:54:40.014+00:00,c5612851-7fe0-4e0a-9092-74959230bd20,200,,False,437.54,29.2,122,92.62,True,43,logs,122.0,1.8266747999999999e-06
19,package_size,live,python-optimised,python,optimised,1024,follow_up,idle,off,False,update_env,1,,,,1790078080.454,2026-09-22T11:54:40.453+00:00,59d48fef-f577-4f2a-8c2e-14ca7c6b1823,200,,False,217.807,26.87,27,,False,43,logs,27.0,5.600018e-07
20,package_size,live,nodejs-optimised,nodejs,optimised,1024,measure,idle,off,True,update_env,1,,,,1790078082.812,2026-09-22T11:54:42.811+00:00,594678ab-4a53-40ae-aad1-8571f19030c6,200,,False,616.568,174.97,321,145.9,True,79,logs,321.0,4.4800214e-06
21,package_size,live,nodejs-optimised,nodejs,optimised,1024,follow_up,idle,off,False,update_env,1,,,,1790078083.43,2026-09-22T11:54:43.430+00:00,e313ca33-6114-47b7-8362-af7dc78fe29c,200,,False,296.304,115.84,116,,False,79,logs,116.0,1.7466744e-06
22,package_size,live,java-default,java,default,1024,measure,idle,off,True,update_env,1,,,,1790078085.913,2026-09-22T11:54:45.912+00:00,fd9e6aba-8b93-4bf6-93e2-259d2182e455,200,,False,1260.631,128.69,906,777.15,True,121,logs,906.0,1.22800604e-05
23,package_size,live,java-default,java,default,1024,follow_up,idle,off,False,update_env,1,,,,1790078087.174,2026-09-22T11:54:47.174+00:00,06ba67a5-4b5b-48f2-b9d3-e4b56d42cca0,200,,False,213.48,39.02,40,,False,121,logs,40.0,7.33336e-07
24,package_size,live,java-optimised,java,optimised,1024,measure,idle,off,True,update_env,2,,,,1790078089.502,2026-09-22T11:54:49.501+00:00,4029df68-9ebd-49a3-86a6-ef77abff9ea6,200,,False,735.442,93.46,425,331.41,True,107,logs,425.0,5.866695e-06
25,package_size,live,java-optimised,java,optimised,1024,follow_up,idle,off,False,update_env,2,,,,1790078090.238,2026-09-22T11:54:50.237+00:00,e2d944a3-def8-4125-b412-9ee5fa79c5d9,200,,False,209.659,28.41,29,,False,107,logs,29.0,5.866686000000001e-07
26,package_size,live,python-optimised,python,optimised,1024,measure,idle,off,True,update_env,2,,,,1790078092.575,2026-09-22T11:54:52.574+00:00,ca268be2-3ad7-46ad-9771-41d3833f73da,200,,False,478.47,19.49,109,89.5,True,41,logs,109.0,1.6533406e-06
27,package_size,live,python-optimised,python,optimised,1024,follow_up,idle,off,False,update_env,2,,,,1790078093.056,2026-09-22T11:54:53.055+00:00,d2d79a66-95f3-43a4-8a2a-7d6a8eff84b8,200,,False,203.143,26.5,27,,False,41,logs,27.0,5.600018e-07
28,package_size,live,nodejs-default,nodejs,default,1024,measure,idle,off,True,update_env,2,,,,1790078095.374,2026-09-22T11:54:55.374+00:00,ddde8ede-e015-4858-8201-8ec5b3a29db9,200,,False,1846.722,234.25,1352,1117.13,True,123,logs,1352.0,1.8226756800000002e-05
29,package_size,live,nodejs-default,nodejs,default,1024,follow_up,idle,off,False,update_env,2,,,,1790078097.223,2026-09-22T11:54:57.222+00:00,18ef5a71-745c-4658-b840-3b68e49d7d69,200,,False,358.68,169.11,170,,False,135,logs,170.0,2.4666780000000003e-06
30,package_size,live,python-default,python,default,1024,measure,idle,off,True,update_env,2,,,,1790078099.75,2026-09-22T11:54:59.750+00:00,f9193b1b-7bff-4bf0-be67-c60d728e4150,200,,False,3987.749,27.29,3499,3470.93,True,132,logs,3499.0,4.68535666e-05
31,package_size,live,python-default,python,default,1024,follow_up,idle,off,False,update_env,2,,,,1790078103.74,2026-09-22T11:55:03.740+00:00,62b1f39e-867f-41ce-aa7d-3e0b0a94758c,200,,False,196.522,19.55,20,,False,132,logs,20.0,4.66668e-07
32,package_size,live,java-default,java,default,1024,measure,idle,off,True,update_env,2,,,,1790078106.138,2026-09-22T11:55:06.137+00:00,7fa8308e-a948-4553-9949-56f39f340e22,200,,False,1218.567,116.81,877,759.71,True,119,logs,877.0,1.18933918e-05
33,package_size,live,java-default,java,default,1024,follow_up,idle,off,False,update_env,2,,,,1790078107.359,2026-09-22T11:55:07.359+00:00,afc30694-aab6-48e5-9643-fd5e64520592,200,,False,232.389,50.36,51,,False,119,logs,51.0,8.800034e-07
34,package_size,live,nodejs-optimised,nodejs,optimised,1024,measure,idle,off,True,update_env,2,,,,1790078109.702,2026-09-22T11:55:09.701+00:00,359912f2-a241-4dfa-8617-eb8cc47ab451,200,,False,639.866,195.01,338,142.9,True,78,logs,338.0,4.7066892e-06
35,package_size,live,nodejs-optimised,nodejs,optimised,1024,follow_up,idle,off,False,update_env,2,,,,1790078110.343,2026-09-22T11:55:10.342+00:00,478c9ee8-f71c-44f7-ba36-cf199608c8a5,200,,False,300.82,124.38,125,,False,78,logs,125.0,1.866675e-06
36,package_size,live,python-optimised,python,optimised,1024,measure,idle,off,True,update_env,3,,,,1790078112.708,2026-09-22T11:55:12.708+00:00,1a9fd455-b8f2-494b-8042-c3b2e80fa37f,200,,False,377.561,27.49,96,67.89,True,42,logs,96.0,1.4800064e-06
37,package_size,live,python-optimised,python,optimised,1024,follow_up,idle,off,False,update_env,3,,,,1790078113.087,2026-09-22T11:55:13.087+00:00,fd211573-b9c0-41a8-8fe0-f213abb5d68a,200,,False,197.462,15.73,16,,False,42,logs,16.0,4.133344e-07
38,package_size,live,python-default,python,default,1024,measure,idle,off,True,update_env,3,,,,1790078115.393,2026-09-22T11:55:15.392+00:00,2953b76c-9543-4e14-a85e-2e3ed14c97d4,200,,False,4081.418,31.01,3526,3494.23,True,134,logs,3526.0,4.72135684e-05
39,package_size,live,python-default,python,default,1024,follow_up,idle,off,False,update_env,3,,,,1790078119.478,2026-09-22T11:55:19.477+00:00,99288d09-9de2-41d8-8c30-f988a24bc279,200,,False,210.494,30.03,31,,False,134,logs,31.0,6.133354e-07
40,package_size,live,java-optimised,java,optimised,1024,measure,idle,off,True,update_env,3,,,,1790078121.865,2026-09-22T11:55:21.865+00:00,2ad113b3-c0a8-46ad-b263-d999d9192213,200,,False,879.173,120.84,542,420.22,True,109,logs,542.0,7.4267028e-06
41,package_size,live,java-optimised,java,optimised,1024,follow_up,idle,off,False,update_env,3,,,,1790078122.747,2026-09-22T11:55:22.747+00:00,8748611c-bce3-4225-b456-af6caf81aeea,200,,False,214.62,36.45,37,,False,109,logs,37.0,6.933357999999999e-07
42,package_size,live,nodejs-default,nodejs,default,1024,measure,idle,off,True,update_env,3,,,,1790078125.018,2026-09-22T11:55:25.018+00:00,6a857a77-8861-4705-9bf3-e5743beac228,200,,False,1723.808,204.8,1293,1087.44,True,126,logs,1293.0,1.74400862e-05
43,package_size,live,nodejs-default,nodejs,default,1024,follow_up,idle,off,False,update_env,3,,,,1790078126.743,2026-09-22T11:55:26.742+00:00,b56057ff-2cbe-4f0b-92e5-6d0e95b60931,200,,False,365.076,169.23,170,,False,132,logs,170.0,2.4666780000000003e-06
44,package_size,live,java-default,java,default,1024,measure,idle,off,True,update_env,3,,,,1790078129.275,2026-09-22T11:55:29.275+00:00,d9a74eba-5abe-4d91-b5ce-590fe105cc45,200,,False,1204.855,126.54,899,772.16,True,121,logs,899.0,1.21867266e-05
45,package_size,live,java-default,java,default,1024,follow_up,idle,off,False,update_env,3,,,,1790078130.481,2026-09-22T11:55:30.480+00:00,374b93f3-275f-402f-a1c8-ce1b1a53af4a,200,,False,294.465,40.77,41,,False,121,logs,41.0,7.466694e-07
46,package_size,live,nodejs-optimised,nodejs,optimised,1024,measure,idle,off,True,update_env,3,,,,1790078132.876,2026-09-22T11:55:32.875+00:00,b20932dc-b63f-4a95-87f1-58593cb7de31,200,,False,649.883,190.75,347,155.63,True,78,logs,347.0,4.826689799999999e-06
47,package_size,live,nodejs-optimised,nodejs,optimised,1024,follow_up,idle,off,False,update_env,3,,,,1790078133.528,2026-09-22T11:55:33.527+00:00,502b912b-f357-4674-8ed6-8c1130503b5f,200,,False,290.08,107.39,108,,False,78,logs,108.0,1.6400072e-06
48,package_size,live,java-optimised,java,optimised,1024,measure,idle,off,True,update_env,4,,,,1790078136.019,2026-09-22T11:55:36.018+00:00,7d2e8f44-b1e7-4747-b7f4-e6f8cbc5886c,200,,False,880.637,141.16,579,437.68,True,109,logs,579.0,7.920038599999999e-06
49,package_size,live,java-optimised,java,optimised,1024,follow_up,idle,off,False,update_env,4,,,,1790078136.903,2026-09-22T11:55:36.902+00:00,8b9122b0-4ae6-4bf4-9296-78cfec4be673,200,,False,286.641,50.03,51,,False,109,logs,51.0,8.800034e-07
50,package_size,live,python-optimised,python,optimised,1024,measure,idle,off,True,update_env,4,,,,1790078139.308,2026-09-22T11:55:39.308+00:00,fab60e1e-ebd7-4902-a12b-871930d5ebaf,200,,False,413.75,28.26,116,87.55,True,42,logs,116.0,1.7466744e-06
51,package_size,live,python-optimised,python,optimised,1024,follow_up,idle,off,False,update_env,4,,,,1790078139.724,2026-09-22T11:55:39.724+00:00,7492e33e-431f-4264-9675-4b99a3d5582c,200,,False,196.891,21.45,22,,False,42,logs,22.0,4.933348e-07
52,package_size,live,nodejs-optimised,nodejs,optimised,1024,measure,idle,off,True,update_env,4,,,,1790078142.048,2026-09-22T11:55:42.047+00:00,4f02445f-2018-41e6-9074-0ae9c3cd4afc,200,,False,786.968,196.2,336,138.82,True,78,logs,336.0,4.6800224e-06
53,package_size,live,nodejs-optimised,nodejs,optimised,1024,follow_up,idle,off,False,update_env,4,,,,1790078142.838,2026-09-22T11:55:42.837+00:00,7b08d6b1-2f4f-49fa-b1a1-cc884b4286de,200,,False,337.041,125.06,126,,False,78,logs,126.0,1.8800084e-06
54,package_size,live,nodejs-default,nodejs,default,1024,measure,idle,off,True,update_env,4,,,,1790078145.358,2026-09-22T11:55:45.357+00:00,8323e38a-6962-4ac4-a12f-8c986b7fa258,200,,False,1776.576,245.48,1356,1110.35,True,124,logs,1356.0,1.8280090400000004e-05
55,package_size,live,nodejs-default,nodejs,default,1024,follow_up,idle,off,False,update_env,4,,,,1790078147.138,2026-09-22T11:55:47.137+00:00,36346ec7-a6ba-417c-8fd2-294f8bb22e67,200,,False,422.794,162.37,163,,False,132,logs,163.0,2.3733442e-06
56,package_size,live,python-default,python,default,1024,measure,idle,off,True,update_env,4,,,,1790078149.734,2026-09-22T11:55:49.734+00:00,392c4c41-a339-411b-8e17-06090609b024,200,,False,3994.283,27.3,3533,3505.15,True,133,logs,3533.0,4.7306902199999995e-05
57,package_size,live,python-default,python,default,1024,follow_up,idle,off,False,update_env,4,,,,1790078153.732,2026-09-22T11:55:53.731+00:00,a5d6455e-f03d-4c31-a2f7-e832c7d3da3b,200,,False,214.131,29.1,30,,False,133,logs,30.0,6.00002e-07
58,package_size,live,java-default,java,default,1024,measure,idle,off,True,update_env,4,,,,1790078156.224,2026-09-22T11:55:56.224+00:00,958e013e-5ad1-4bea-9137-e1c90793f019,200,,False,1306.664,113.29,900,786.24,True,123,logs,900.0,1.2200060000000001e-05
59,package_size,live,java-default,java,default,1024,follow_up,idle,off,False,update_env,4,,,,1790078157.534,2026-09-22T11:55:57.534+00:00,dfc9d8c5-4027-49c7-b2c0-2c5eaf8cace9,200,,False,218.791,44.06,45,,False,123,logs,45.0,8.000029999999999e-07
60,package_size,live,java-optimised,java,optimised,1024,measure,idle,off,True,update_env,5,,,,1790078160.025,2026-09-22T11:56:00.024+00:00,5baa2113-3fa2-49b2-b523-39404d175d07,200,,False,918.963,117.96,548,430.02,True,109,logs,548.0,7.5067032e-06
61,package_size,live,java-optimised,java,optimised,1024,follow_up,idle,off,False,update_env,5,,,,1790078160.945,2026-09-22T11:56:00.944+00:00,4dba848e-afba-43a6-b867-ed766d98f376,200,,False,239.618,39.66,40,,False,109,logs,40.0,7.33336e-07
62,package_size,live,java-default,java,default,1024,measure,idle,off,True,update_env,5,,,,1790078163.297,2026-09-22T11:56:03.297+00:00,6292f8d2-d6f3-4f4d-80a6-93e143a99cc2,200,,False,1298.932,114.12,877,762.51,True,119,logs,877.0,1.18933918e-05
63,package_size,live,java-default,java,default,1024,follow_up,idle,off,False,update_env,5,,,,1790078164.597,2026-09-22T11:56:04.597+00:00,42ece6d9-86e9-46f5-8357-06a4ab76e5dc,200,,False,257.485,36.69,37,,False,119,logs,37.0,6.933357999999999e-07
64,package_size,live,nodejs-default,nodejs,default,1024,measure,idle,off,True,update_env,5,,,,1790078166.967,2026-09-22T11:56:06.966+00:00,336d62bc-5a7e-4b04-a6a8-55060e72a1a8,200,,False,1796.993,234.32,1322,1086.81,True,126,logs,1322.0,1.7826754800000004e-05
65,package_size,live,nodejs-default,nodejs,default,1024,follow_up,idle,off,False,update_env,5,,,,1790078168.765,2026-09-22T11:56:08.765+00:00,4354e3b2-9063-40da-982b-e3792acb1564,200,,False,377.153,191.05,192,,False,136,logs,192.0,2.7600127999999997e-06
66,package_size,live,python-optimised,python,optimised,1024,measure,idle,off,True,update_env,5,,,,1790078171.223,2026-09-22T11:56:11.222+00:00,11beabc8-317f-4fa8-8741-a937249bbf91,200,,False,448.408,26.66,113,85.65,True,42,logs,113.0,1.7066742000000001e-06
67,package_size,live,python-optimised,python,optimised,1024,follow_up,idle,off,False,update_env,5,,,,1790078171.672,2026-09-22T11:56:11.672+00:00,5d3aa5d2-b1d3-4f19-a281-19f0cebd959d,200,,False,203.306,26.04,27,,False,42,logs,27.0,5.600018e-07
68,package_size,live,nodejs-optimised,nodejs,optimised,1024,measure,idle,off,True,update_env,5,,,,1790078174.158,2026-09-22T11:56:14.158+00:00,89d7ed59-3a47-4b83-9570-bc172375ba7e,200,,False,658.335,180.87,320,139.1,True,78,logs,320.0,4.466688e-06
69,package_size,live,nodejs-optimised,nodejs,optimised,1024,follow_up,idle,off,False,update_env,5,,,,1790078174.818,2026-09-22T11:56:14.817+00:00,0ffc7103-a27c-4a80-8f08-aab09abdb330,200,,False,362.132,139.05,140,,False,78,logs,140.0,2.0666760000000002e-06
70,package_size,live,python-default,python,default,1024,measure,idle,off,True,update_env,5,,,,1790078177.331,2026-09-22T11:56:17.330+00:00,4acc0f10-94be-456e-88d3-be77d01006af,200,,False,4065.519,27.07,3576,3548.17,True,133,logs,3576.0,4.78802384e-05
71,package_size,live,python-default,python,default,1024,follow_up,idle,off,False,update_env,5,,,,1790078181.4,2026-09-22T11:56:21.400+00:00,6d8f3b90-2d26-497e-9c06-9252fc15db87,200,,False,231.746,16.23,17,,False,133,logs,17.0,4.266678e-07
72,package_size,live,python-optimised,python,optimised,1024,measure,idle,off,True,update_env,6,,,,1790078183.777,2026-09-22T11:56:23.777+00:00,29e96bbf-cd0b-4bb0-a127-d1b37b8e54e0,200,,False,395.871,16.67,107,89.37,True,41,logs,107.0,1.6266738e-06
73,package_size,live,python-optimised,python,optimised,1024,follow_up,idle,off,False,update_env,6,,,,1790078184.174,2026-09-22T11:56:24.174+00:00,754df96f-bdf9-4286-9cb7-4bd12aec6819,200,,False,196.838,18.14,19,,False,41,logs,19.0,4.533346e-07
74,package_size,live,nodejs-default,nodejs,default,1024,measure,idle,off,True,update_env,6,,,,1790078186.548,2026-09-22T11:56:26.548+00:00,5c7ac365-e01c-4a2b-bef5-817d32fbb0f6,200,,False,1796.657,265.35,1375,1109.08,True,127,logs,1375.0,1.8533425000000003e-05
75,package_size,live,nodejs-default,nodejs,default,1024,follow_up,idle,off,False,update_env,6,,,,1790078188.346,2026-09-22T11:56:28.345+00:00,35e67d0f-1833-46cc-a19f-8766bb947d95,200,,False,361.428,183.63,184,,False,135,logs,184.0,2.6533456e-06
76,package_size,live,java-optimised,java,optimised,1024,measure,idle,off,True,update_env,6,,,,1790078190.849,2026-09-22T11:56:30.848+00:00,33526fd0-dab9-4c45-891d-4c4b2db141b8,200,,False,922.63,127.59,567,439.35,True,109,logs,567.0,7.7600378e-06
77,package_size,live,java-optimised,java,optimised,1024,follow_up,idle,off,False,update_env,6,,,,1790078191.773,2026-09-22T11:56:31.773+00:00,fb02e8d1-7994-4315-bea9-d9e86c769da8,200,,False,218.466,37.91,38,,False,109,logs,38.0,7.066692e-07
78,package_size,live,python-default,python,default,1024,measure,idle,off,True,update_env,6,,,,1790078194.126,2026-09-22T11:56:34.126+00:00,b2efd759-3bf4-40f3-bc20-514de7f61caf,200,,False,3976.803,17.43,3453,3434.89,True,132,logs,3453.0,4.62402302e-05
79,package_size,live,python-default,python,default,1024,follow_up,idle,off,False,update_env,6,,,,1790078198.104,2026-09-22T11:56:38.104+00:00,71ecf257-800a-4ed7-9cc9-4c74758dc829,200,,False,200.331,18.86,19,,False,133,logs,19.0,4.533346e-07
80,package_size,live,java-default,java,default,1024,measure,idle,off,True,update_env,6,,,,1790078200.575,2026-09-22T11:56:40.575+00:00,5be5d506-f81e-4c3b-b797-5c8071799533,200,,False,1244.063,133.45,906,771.79,True,119,logs,906.0,1.22800604e-05
81,package_size,live,java-default,java,default,1024,follow_up,idle,off,False,update_env,6,,,,1790078201.82,2026-09-22T11:56:41.820+00:00,feb57d09-412a-491e-8557-69cefbed9669,200,,False,260.905,50.86,51,,False,119,logs,51.0,8.800034e-07
82,package_size,live,nodejs-optimised,nodejs,optimised,1024,measure,idle,off,True,update_env,6,,,,1790078204.18,2026-09-22T11:56:44.179+00:00,1ad602bd-35f6-4846-aa93-0e0faf466145,200,,False,798.651,196.91,407,209.29,True,80,logs,407.0,5.626693799999999e-06
83,package_size,live,nodejs-optimised,nodejs,optimised,1024,follow_up,idle,off,False,update_env,6,,,,1790078204.98,2026-09-22T11:56:44.979+00:00,7cadfff4-39bb-4fe1-9155-e27060172020,200,,False,316.644,141.16,142,,False,80,logs,142.0,2.0933427999999998e-06
84,package_size,live,nodejs-default,nodejs,default,1024,measure,idle,off,True,update_env,7,,,,1790078207.439,2026-09-22T11:56:47.438+00:00,2dfa8eb1-c1d5-471c-a8a6-191626c26797,200,,False,1807.865,245.19,1372,1126.07,True,123,logs,1372.0,1.8493424800000003e-05
85,package_size,live,nodejs-default,nodejs,default,1024,follow_up,idle,off,False,update_env,7,,,,1790078209.25,2026-09-22T11:56:49.250+00:00,72e63573-eae9-4e2f-a55b-83a18ec24603,200,,False,340.575,164.09,165,,False,130,logs,165.0,2.400011e-06
86,package_size,live,python-default,python,default,1024,measure,idle,off,True,update_env,7,,,,1790078211.859,2026-09-22T11:56:51.859+00:00,aa2e0193-8f6a-4e17-8482-8e2c70f9ecb9,200,,False,3985.547,29.09,3504,3474.35,True,133,logs,3504.0,4.69202336e-05
87,package_size,live,python-default,python,default,1024,follow_up,idle,off,False,update_env,7,,,,1790078215.849,2026-09-22T11:56:55.849+00:00,d9aadda2-21d1-46d8-8e00-074f040b391e,200,,False,195.857,17.3,18,,False,133,logs,18.0,4.400012e-07
88,package_size,live,java-default,java,default,1024,measure,idle,off,True,update_env,7,,,,1790078218.381,2026-09-22T11:56:58.380+00:00,15f74d86-34b6-41f1-892e-176bdbadd803,200,,False,1018.413,110.06,726,615.92,True,123,logs,726.0,9.8800484e-06
89,package_size,live,java-default,java,default,1024,follow_up,idle,off,False,update_env,7,,,,1790078219.402,2026-09-22T11:56:59.401+00:00,aaacfaac-78b1-48b7-8985-e53853d83332,200,,False,210.938,28.61,29,,False,123,logs,29.0,5.866686000000001e-07
90,package_size,live,nodejs-optimised,nodejs,optimised,1024,measure,idle,off,True,update_env,7,,,,1790078221.809,2026-09-22T11:57:01.808+00:00,69af6eda-71a1-4d58-bf1e-eec42c4ff3d0,200,,False,785.249,164.5,284,118.74,True,78,logs,284.0,3.9866856e-06
91,package_size,live,nodejs-optimised,nodejs,optimised,1024,follow_up,idle,off,False,update_env,7,,,,1790078222.597,2026-09-22T11:57:02.597+00:00,8bd712cf-6ff3-4a92-8226-3ebe1b546725,200,,False,282.508,104.89,105,,False,78,logs,105.0,1.600007e-06
92,package_size,live,java-optimised,java,optimised,1024,measure,idle,off,True,update_env,7,,,,1790078225.148,2026-09-22T11:57:05.148+00:00,5a31673d-6291-491a-8764-1ea486c0714e,200,,False,796.692,97.15,440,342.64,True,108,logs,440.0,6.066696e-06
93,package_size,live,java-optimised,java,optimised,1024,follow_up,idle,off,False,update_env,7,,,,1790078225.946,2026-09-22T11:57:05.945+00:00,4e9d1e68-19c6-4d22-b2d8-f10d062a17c9,200,,False,253.3,28.89,29,,False,108,logs,29.0,5.866686000000001e-07
94,package_size,live,python-optimised,python,optimised,1024,measure,idle,off,True,update_env,7,,,,1790078228.397,2026-09-22T11:57:08.397+00:00,4e7a5ae5-0873-4b61-9a6e-b97ac20e3919,200,,False,474.353,18.32,163,144.01,True,41,logs,163.0,2.3733442e-06
95,package_size,live,python-optimised,python,optimised,1024,follow_up,idle,off,False,update_env,7,,,,1790078228.873,2026-09-22T11:57:08.872+00:00,b5905ccf-5a74-4a5b-a793-f862db6f95a2,200,,False,201.9,16.77,17,,False,41,logs,17.0,4.266678e-07
96,package_size,live,nodejs-default,nodejs,default,1024,measure,idle,off,True,update_env,8,,,,1790078231.553,2026-09-22T11:57:11.553+00:00,7d2c9fe6-8740-4787-9bdc-22059fe648d9,200,,False,1516.385,176.89,1062,884.36,True,129,logs,1062.0,1.43600708e-05
97,package_size,live,nodejs-default,nodejs,default,1024,follow_up,idle,off,False,update_env,8,,,,1790078233.071,2026-09-22T11:57:13.071+00:00,736e2c40-9042-4c94-aaf5-d74e29bdad73,200,,False,296.135,119.52,120,,False,139,logs,120.0,1.800008e-06
98,package_size,live,python-optimised,python,optimised,1024,measure,idle,off,True,update_env,8,,,,1790078235.637,2026-09-22T11:57:15.636+00:00,8db2f84e-60d7-491c-b65a-2e3ee2a537c7,200,,False,370.929,14.29,87,72.11,True,41,logs,87.0,1.3600058e-06
99,package_size,live,python-optimised,python,optimised,1024,follow_up,idle,off,False,update_env,8,,,,1790078236.011,2026-09-22T11:57:16.010+00:00,6a13486c-35e6-4359-8416-b308e98a73ac,200,,False,195.727,15.37,16,,False,42,logs,16.0,4.133344e-07
100,package_size,live,java-optimised,java,optimised,1024,measure,idle,off,True,update_env,8,,,,1790078238.982,2026-09-22T11:57:18.981+00:00,798b1c93-90b7-4c4c-8297-d6a98f67e829,200,,False,850.161,125.5,554,427.88,True,109,logs,554.0,7.5867036e-06
101,package_size,live,java-optimised,java,optimised,1024,follow_up,idle,off,False,update_env,8,,,,1790078239.833,2026-09-22T11:57:19.833+00:00,57831081-a58d-4bf4-b63d-2c87bc3afcd8,200,,False,213.979,35.8,36,,False,109,logs,36.0,6.800024e-07
102,package_size,live,nodejs-optimised,nodejs,optimised,1024,measure,idle,off,True,update_env,8,,,,1790078242.354,2026-09-22T11:57:22.353+00:00,a48e2446-17a2-4154-8a4f-d72b7fde61f7,200,,False,541.017,152.53,264,110.62,True,79,logs,264.0,3.7200176000000003e-06
103,package_size,live,nodejs-optimised,nodejs,optimised,1024,follow_up,idle,off,False,update_env,8,,,,1790078242.896,2026-09-22T11:57:22.895+00:00,31261400-d5fd-4f61-8b91-e75b259ba643,200,,False,298.455,110.31,111,,False,79,logs,111.0,1.6800074e-06
104,package_size,live,python-default,python,default,1024,measure,idle,off,True,update_env,8,,,,1790078245.333,2026-09-22T11:57:25.332+00:00,8e7b15dd-f42a-48f6-86b6-41b24c5cde20,200,,False,3139.815,31.74,2767,2735.02,True,133,logs,2767.0,3.70935178e-05
105,package_size,live,python-default,python,default,1024,follow_up,idle,off,False,update_env,8,,,,1790078248.476,2026-09-22T11:57:28.476+00:00,2a99ef8f-42a2-421e-8649-d69b39f7e567,200,,False,195.333,18.31,19,,False,133,logs,19.0,4.533346e-07
106,package_size,live,java-default,java,default,1024,measure,idle,off,True,update_env,8,,,,1790078250.958,2026-09-22T11:57:30.958+00:00,6ca90217-fbad-417c-8e28-9f8bffe33efe,200,,False,1238.472,126.7,900,773.27,True,119,logs,900.0,1.2200060000000001e-05
107,package_size,live,java-default,java,default,1024,follow_up,idle,off,False,update_env,8,,,,1790078252.198,2026-09-22T11:57:32.197+00:00,ac6e2b47-785a-4f04-ae58-d4cc4a4cf91d,200,,False,214.415,37.43,38,,False,119,logs,38.0,7.066692e-07
108,package_size,live,python-optimised,python,optimised,1024,measure,idle,off,True,update_env,9,,,,1790078254.575,2026-09-22T11:57:34.574+00:00,64f56561-63a5-449d-a91a-b6bdc22a1570,200,,False,380.186,12.2,85,72.12,True,41,logs,85.0,1.333339e-06
109,package_size,live,python-optimised,python,optimised,1024,follow_up,idle,off,False,update_env,9,,,,1790078254.956,2026-09-22T11:57:34.955+00:00,6e63dc3e-833d-41fa-a7aa-05561c86f7bd,200,,False,200.805,22.1,23,,False,41,logs,23.0,5.066682e-07
110,package_size,live,java-optimised,java,optimised,1024,measure,idle,off,True,update_env,9,,,,1790078257.356,2026-09-22T11:57:37.356+00:00,b1220d0d-caaa-48b5-9bb7-cbb1f96a0a76,200,,False,824.42,109.74,452,341.56,True,109,logs,452.0,6.2266968e-06
111,package_size,live,java-optimised,java,optimised,1024,follow_up,idle,off,False,update_env,9,,,,1790078258.181,2026-09-22T11:57:38.181+00:00,4668e692-5a4a-4303-862c-d20da07e3724,200,,False,209.764,28.47,29,,False,109,logs,29.0,5.866686000000001e-07
112,package_size,live,python-default,python,default,1024,measure,idle,off,True,update_env,9,,,,1790078260.546,2026-09-22T11:57:40.545+00:00,efe88990-b21b-402b-9000-42ff7bcfd4b3,200,,False,3226.211,15.77,2740,2723.43,True,134,logs,2740.0,3.6733516e-05
113,package_size,live,python-default,python,default,1024,follow_up,idle,off,False,update_env,9,,,,1790078263.773,2026-09-22T11:57:43.772+00:00,df5378a4-7e71-479f-8d95-0cecbccb3410,200,,False,198.316,18.28,19,,False,134,logs,19.0,4.533346e-07
114,package_size,live,nodejs-default,nodejs,default,1024,measure,idle,off,True,update_env,9,,,,1790078266.055,2026-09-22T11:57:46.055+00:00,c6f75b56-fa6a-4786-8a7d-d44fb8e44633,200,,False,1561.661,191.32,1053,860.8,True,124,logs,1053.0,1.4240070199999999e-05
115,package_size,live,nodejs-default,nodejs,default,1024,follow_up,idle,off,False,update_env,9,,,,1790078267.621,2026-09-22T11:57:47.620+00:00,a635e28a-a8b9-44a9-af7c-71f78a5edfc3,200,,False,273.545,94.84,95,,False,134,logs,95.0,1.466673e-06
116,package_size,live,nodejs-optimised,nodejs,optimised,1024,measure,idle,off,True,update_env,9,,,,1790078269.974,2026-09-22T11:57:49.974+00:00,ad5d11be-2cbc-4017-b444-a0ac6d37c4c1,200,,False,604.962,173.56,301,127.11,True,79,logs,301.0,4.2133534e-06
117,package_size,live,nodejs-optimised,nodejs,optimised,1024,follow_up,idle,off,False,update_env,9,,,,1790078270.581,2026-09-22T11:57:50.580+00:00,ed0daa45-9c7b-4190-a7cc-0cf2867ff9d1,200,,False,274.351,98.95,99,,False,79,logs,99.0,1.5200066e-06
118,package_size,live,java-default,java,default,1024,measure,idle,off,True,update_env,9,,,,1790078272.962,2026-09-22T11:57:52.962+00:00,1dcc0e60-127e-49c9-ad27-fdbcac9486fe,200,,False,1209.912,128.0,908,779.84,True,119,logs,908.0,1.23067272e-05
119,package_size,live,java-default,java,default,1024,follow_up,idle,off,False,update_env,9,,,,1790078274.175,2026-09-22T11:57:54.174+00:00,a9b3c724-2645-4692-b860-e62e6f45b09a,200,,False,302.275,51.77,52,,False,119,logs,52.0,8.933368e-07
120,package_size,live,python-optimised,python,optimised,1024,measure,idle,off,True,update_env,10,,,,1790078276.573,2026-09-22T11:57:56.573+00:00,0153c942-f992-433b-973b-d1ee9927dcb3,200,,False,401.413,18.08,111,91.97,True,42,logs,111.0,1.6800074e-06
121,package_size,live,python-optimised,python,optimised,1024,follow_up,idle,off,False,update_env,10,,,,1790078276.977,2026-09-22T11:57:56.977+00:00,e0fac43d-3ee6-4ae8-8645-0fc9e68f6468,200,,False,276.811,29.05,30,,False,42,logs,30.0,6.00002e-07
122,package_size,live,java-default,java,default,1024,measure,idle,off,True,update_env,10,,,,1790078279.425,2026-09-22T11:57:59.425+00:00,11e83853-a4c8-42c6-b046-44ca251c3b5b,200,,False,1027.745,108.99,740,630.4,True,123,logs,740.0,1.0066716e-05
123,package_size,live,java-default,java,default,1024,follow_up,idle,off,False,update_env,10,,,,1790078280.458,2026-09-22T11:58:00.457+00:00,6040657d-3c44-4480-a27c-5f88954548d4,200,,False,270.209,34.89,35,,False,123,logs,35.0,6.666690000000001e-07
124,package_size,live,java-optimised,java,optimised,1024,measure,idle,off,True,update_env,10,,,,1790078282.919,2026-09-22T11:58:02.919+00:00,3ed7500f-0ddb-4e81-b03a-8f72e60ef2ed,200,,False,716.61,103.49,426,322.42,True,107,logs,426.0,5.880028399999999e-06
125,package_size,live,java-optimised,java,optimised,1024,follow_up,idle,off,False,update_env,10,,,,1790078283.639,2026-09-22T11:58:03.638+00:00,a08808dc-60d3-4e4a-8273-8fb9e213d951,200,,False,295.494,35.53,36,,False,107,logs,36.0,6.800024e-07
126,package_size,live,nodejs-default,nodejs,default,1024,measure,idle,off,True,update_env,10,,,,1790078286.208,2026-09-22T11:58:06.207+00:00,5f2cfdda-3018-4885-9016-b948ea0af14b,200,,False,1513.219,140.39,1073,932.05,True,130,logs,1073.0,1.45067382e-05
127,package_size,live,nodejs-default,nodejs,default,1024,follow_up,idle,off,False,update_env,10,,,,1790078287.725,2026-09-22T11:58:07.724+00:00,f6b50bf9-1dfa-4bef-8a8c-332b64950ae2,200,,False,337.753,122.34,123,,False,137,logs,123.0,1.8400082e-06
128,package_size,live,nodejs-optimised,nodejs,optimised,1024,measure,idle,off,True,update_env,10,,,,1790078290.181,2026-09-22T11:58:10.181+00:00,99d47369-1673-402c-b981-cb3ae456128a,200,,False,606.307,158.41,279,120.15,True,79,logs,279.0,3.9200186e-06
129,package_size,live,nodejs-optimised,nodejs,optimised,1024,follow_up,idle,off,False,update_env,10,,,,1790078290.789,2026-09-22T11:58:10.789+00:00,1ce09e74-f564-4260-bace-c81e489298ae,200,,False,278.941,97.17,98,,False,79,logs,98.0,1.5066732e-06
130,package_size,live,python-default,python,default,1024,measure,idle,off,True,update_env,10,,,,1790078293.126,2026-09-22T11:58:13.126+00:00,ac5921a0-292c-4a4c-8637-435a484e337a,200,,False,4071.433,17.62,3577,3558.5,True,133,logs,3577.0,4.78935718e-05
131,package_size,live,python-default,python,default,1024,follow_up,idle,off,False,update_env,10,,,,1790078297.203,2026-09-22T11:58:17.203+00:00,40e749f7-12e3-46b6-b436-d3d1e2986001,200,,False,193.168,18.97,19,,False,133,logs,19.0,4.533346e-07
132,package_size,live,nodejs-default,nodejs,default,1024,measure,idle,off,True,update_env,11,,,,1790078299.601,2026-09-22T11:58:19.601+00:00,6d7956c8-4482-4bd4-81c0-60ac8f66e09b,200,,False,1812.543,248.19,1390,1141.11,True,125,logs,1390.0,1.8733426e-05
133,package_size,live,nodejs-default,nodejs,default,1024,follow_up,idle,off,False,update_env,11,,,,1790078301.416,2026-09-22T11:58:21.416+00:00,6a41ec10-f47d-49ac-988e-6e95d08ec039,200,,False,375.032,192.12,193,,False,134,logs,193.0,2.7733462e-06
134,package_size,live,nodejs-optimised,nodejs,optimised,1024,measure,idle,off,True,update_env,11,,,,1790078303.989,2026-09-22T11:58:23.989+00:00,24812bfa-fbfa-4aa3-8405-85d1bea7f6c5,200,,False,640.166,195.44,338,141.83,True,78,logs,338.0,4.7066892e-06
135,package_size,live,nodejs-optimised,nodejs,optimised,1024,follow_up,idle,off,False,update_env,11,,,,1790078304.633,2026-09-22T11:58:24.632+00:00,b8c3d983-9fae-4d70-bdb5-0130704052b3,200,,False,392.612,131.59,132,,False,78,logs,132.0,1.9600088e-06
136,package_size,live,java-optimised,java,optimised,1024,measure,idle,off,True,update_env,11,,,,1790078307.211,2026-09-22T11:58:27.211+00:00,db0cac59-f757-44ad-b539-bcd255a26bfc,200,,False,852.292,132.48,560,426.86,True,108,logs,560.0,7.666704000000002e-06
137,package_size,live,java-optimised,java,optimised,1024,follow_up,idle,off,False,update_env,11,,,,1790078308.064,2026-09-22T11:58:28.064+00:00,e288b3c6-a136-435b-856e-b0ec25fd68f3,200,,False,232.233,51.16,52,,False,108,logs,52.0,8.933368e-07
138,package_size,live,python-default,python,default,1024,measure,idle,off,True,update_env,11,,,,1790078310.45,2026-09-22T11:58:30.449+00:00,24b252db-ebda-4fba-ac3e-11c1109b5e1c,200,,False,3171.995,20.24,2777,2756.0,True,134,logs,2777.0,3.72268518e-05
139,package_size,live,python-default,python,default,1024,follow_up,idle,off,False,update_env,11,,,,1790078313.625,2026-09-22T11:58:33.625+00:00,7c1e8968-13de-462d-aeaa-9485d32105eb,200,,False,210.473,28.02,29,,False,134,logs,29.0,5.866686000000001e-07
140,package_size,live,python-optimised,python,optimised,1024,measure,idle,off,True,update_env,11,,,,1790078316.109,2026-09-22T11:58:36.109+00:00,5140f30c-8729-4799-ae88-1c5fa4d53553,200,,False,415.641,26.82,118,90.89,True,43,logs,118.0,1.7733412e-06
141,package_size,live,python-optimised,python,optimised,1024,follow_up,idle,off,False,update_env,11,,,,1790078316.526,2026-09-22T11:58:36.525+00:00,74d8fae0-2fb1-4a6d-b056-4e50be8a9bed,200,,False,198.119,15.88,16,,False,43,logs,16.0,4.133344e-07
142,package_size,live,java-default,java,default,1024,measure,idle,off,True,update_env,11,,,,1790078318.792,2026-09-22T11:58:38.791+00:00,96e1bcc7-588d-4146-8f78-cf936cdb6cdb,200,,False,1179.865,112.75,871,758.0,True,121,logs,871.0,1.18133914e-05
143,package_size,live,java-default,java,default,1024,follow_up,idle,off,False,update_env,11,,,,1790078319.973,2026-09-22T11:58:39.972+00:00,beb1b5c1-c3e9-4375-b11a-f06bf227d8d7,200,,False,294.481,46.6,47,,False,121,logs,47.0,8.266698e-07
144,package_size,live,nodejs-default,nodejs,default,1024,measure,idle,off,True,update_env,12,,,,1790078322.413,2026-09-22T11:58:42.412+00:00,d7e8d78f-d61b-44de-a75a-1c22a19738c7,200,,False,1749.964,194.26,1300,1105.0,True,122,logs,1300.0,1.7533420000000002e-05
145,package_size,live,nodejs-default,nodejs,default,1024,follow_up,idle,off,False,update_env,12,,,,1790078324.164,2026-09-22T11:58:44.163+00:00,468f0b44-e4b6-4f6e-9126-aabb58f7d734,200,,False,399.081,151.48,152,,False,128,logs,152.0,2.2266768e-06
146,package_size,live,python-optimised,python,optimised,1024,measure,idle,off,True,update_env,12,,,,1790078326.713,2026-09-22T11:58:46.713+00:00,151facfe-7721-42f9-be28-1f4b04ede88f,200,,False,393.169,19.87,95,74.56,True,42,logs,95.0,1.466673e-06
147,package_size,live,python-optimised,python,optimised,1024,follow_up,idle,off,False,update_env,12,,,,1790078327.11,2026-09-22T11:58:47.109+00:00,07008b86-b441-47ed-849a-0025386a4646,200,,False,195.045,18.28,19,,False,42,logs,19.0,4.533346e-07
148,package_size,live,java-optimised,java,optimised,1024,measure,idle,off,True,update_env,12,,,,1790078329.484,2026-09-22T11:58:49.483+00:00,eab7a076-becf-45af-a1ae-ec214b239497,200,,False,831.482,124.23,542,417.7,True,107,logs,542.0,7.4267028e-06
149,package_size,live,java-optimised,java,optimised,1024,follow_up,idle,off,False,update_env,12,,,,1790078330.317,2026-09-22T11:58:50.316+00:00,fcc84f6d-7d62-4e35-9e0d-478f3707be4c,200,,False,217.415,36.41,37,,False,107,logs,37.0,6.933357999999999e-07
150,package_size,live,java-default,java,default,1024,measure,idle,off,True,update_env,12,,,,1790078332.684,2026-09-22T11:58:52.684+00:00,8f1dfd41-23a9-465d-9100-03c41e68686f,200,,False,1015.191,92.76,661,567.76,True,121,logs,661.0,9.013377400000001e-06
151,package_size,live,java-default,java,default,1024,follow_up,idle,off,False,update_env,12,,,,1790078333.703,2026-09-22T11:58:53.702+00:00,cc083b72-6a21-4503-8421-0d0b31090dc7,200,,False,214.916,38.39,39,,False,121,logs,39.0,7.200026e-07
152,package_size,live,nodejs-optimised,nodejs,optimised,1024,measure,idle,off,True,update_env,12,,,,1790078336.02,2026-09-22T11:58:56.020+00:00,55563b7f-d9e5-4210-bc32-c293dfa8722a,200,,False,580.272,179.47,294,113.78,True,79,logs,294.0,4.1200195999999995e-06
153,package_size,live,nodejs-optimised,nodejs,optimised,1024,follow_up,idle,off,False,update_env,12,,,,1790078336.602,2026-09-22T11:58:56.601+00:00,57b1ee82-d7af-47cb-acb0-025f2e8202a7,200,,False,275.794,97.21,98,,False,79,logs,98.0,1.5066732e-06
154,package_size,live,python-default,python,default,1024,measure,idle,off,True,update_env,12,,,,1790078338.932,2026-09-22T11:58:58.932+00:00,3b7d5c5c-24f8-4c84-a4b7-1e92db5d9bbd,200,,False,3174.925,12.77,2749,2735.27,True,133,logs,2749.0,3.68535166e-05
155,package_size,live,python-default,python,default,1024,follow_up,idle,off,False,update_env,12,,,,1790078342.108,2026-09-22T11:59:02.107+00:00,2c3b2c80-224d-4984-8b38-f68d3da5bcc8,200,,False,198.155,15.3,16,,False,133,logs,16.0,4.133344e-07
156,package_size,live,python-optimised,python,optimised,1024,measure,idle,off,True,update_env,13,,,,1790078344.471,2026-09-22T11:59:04.470+00:00,701c324b-b11b-4661-abfd-667725f7c8c8,200,,False,407.601,20.71,117,95.37,True,42,logs,117.0,1.7600078e-06
157,package_size,live,python-optimised,python,optimised,1024,follow_up,idle,off,False,update_env,13,,,,1790078344.881,2026-09-22T11:59:04.880+00:00,53bbadfd-849b-4b91-b0d7-019519fa1c5c,200,,False,195.865,18.52,19,,False,42,logs,19.0,4.533346e-07
158,package_size,live,nodejs-default,nodejs,default,1024,measure,idle,off,True,update_env,13,,,,1790078347.32,2026-09-22T11:59:07.320+00:00,bd5b528d-f64e-4f4f-8474-0ba04696b42f,200,,False,1866.816,269.28,1399,1129.03,True,127,logs,1399.0,1.8853426600000002e-05
159,package_size,live,nodejs-default,nodejs,default,1024,follow_up,idle,off,False,update_env,13,,,,1790078349.188,2026-09-22T11:59:09.188+00:00,93750224-64f0-43de-be78-6d45005b52d5,200,,False,371.691,191.51,192,,False,136,logs,192.0,2.7600127999999997e-06
160,package_size,live,python-default,python,default,1024,measure,idle,off,True,update_env,13,,,,1790078351.726,2026-09-22T11:59:11.725+00:00,76b9aa3a-95af-44c1-af1b-6364e83b6de0,200,,False,4039.866,27.77,3576,3547.77,True,134,logs,3576.0,4.78802384e-05
161,package_size,live,python-default,python,default,1024,follow_up,idle,off,False,update_env,13,,,,1790078355.767,2026-09-22T11:59:15.766+00:00,d6d4da02-2e49-4c71-a207-1eda74554c91,200,,False,217.945,38.45,39,,False,134,logs,39.0,7.200026e-07
162,package_size,live,nodejs-optimised,nodejs,optimised,1024,measure,idle,off,True,update_env,13,,,,1790078358.175,2026-09-22T11:59:18.175+00:00,f0c50098-cfca-4a4e-b45d-a0ed5f47a586,200,,False,562.909,159.25,276,116.43,True,78,logs,276.0,3.8800184e-06
163,package_size,live,nodejs-optimised,nodejs,optimised,1024,follow_up,idle,off,False,update_env,13,,,,1790078358.739,2026-09-22T11:59:18.739+00:00,a68b4c0c-c6cb-4287-8adf-8520197fd560,200,,False,295.641,111.43,112,,False,79,logs,112.0,1.6933408e-06
164,package_size,live,java-optimised,java,optimised,1024,measure,idle,off,True,update_env,13,,,,1790078361.272,2026-09-22T11:59:21.272+00:00,0f1abba2-b9ad-46c8-84cb-d8e2c3b50be5,200,,False,756.004,112.81,460,346.74,True,109,logs,460.0,6.333364e-06
165,package_size,live,java-optimised,java,optimised,1024,follow_up,idle,off,False,update_env,13,,,,1790078362.032,2026-09-22T11:59:22.032+00:00,c7e40b49-0243-41d1-839b-aff0900fad9b,200,,False,217.87,31.79,32,,False,109,logs,32.0,6.266688e-07
166,package_size,live,java-default,java,default,1024,measure,idle,off,True,update_env,13,,,,1790078364.348,2026-09-22T11:59:24.348+00:00,20adc474-7fb4-4b87-bb94-a62b4a9fe835,200,,False,1172.972,117.38,878,760.59,True,120,logs,878.0,1.19067252e-05
167,package_size,live,java-default,java,default,1024,follow_up,idle,off,False,update_env,13,,,,1790078365.522,2026-09-22T11:59:25.522+00:00,37987391-5bc0-42ee-acd9-bec29c09446f,200,,False,230.273,49.71,50,,False,120,logs,50.0,8.6667e-07
168,package_size,live,python-optimised,python,optimised,1024,measure,idle,off,True,update_env,14,,,,1790078367.977,2026-09-22T11:59:27.976+00:00,a913db7f-518e-449f-9a29-10ae05fd16ce,200,,False,402.537,26.68,115,87.65,True,42,logs,115.0,1.733341e-06
169,package_size,live,python-optimised,python,optimised,1024,follow_up,idle,off,False,update_env,14,,,,1790078368.381,2026-09-22T11:59:28.381+00:00,b30274cf-bf98-418b-b7a8-39df14fbd5c8,200,,False,194.803,18.04,19,,False,42,logs,19.0,4.533346e-07
170,package_size,live,java-default,java,default,1024,measure,idle,off,True,update_env,14,,,,1790078370.637,2026-09-22T11:59:30.637+00:00,d3ecb83e-6e16-4e9f-a9fe-9fd667853146,200,,False,1006.683,110.2,723,612.75,True,121,logs,723.0,9.8400482e-06
171,package_size,live,java-default,java,default,1024,follow_up,idle,off,False,update_env,14,,,,1790078371.648,2026-09-22T11:59:31.647+00:00,6b780443-74b1-419a-a9b5-5c59e01dd38f,200,,False,303.046,28.91,29,,False,121,logs,29.0,5.866686000000001e-07
172,package_size,live,python-default,python,default,1024,measure,idle,off,True,update_env,14,,,,1790078374.088,2026-09-22T11:59:34.087+00:00,8d20566a-be42-4f30-b51a-6a6a2c1d0f4e,200,,False,3978.739,30.23,3520,3489.19,True,132,logs,3520.0,4.7133568e-05
173,package_size,live,python-default,python,default,1024,follow_up,idle,off,False,update_env,14,,,,1790078378.067,2026-09-22T11:59:38.067+00:00,e0e41d87-c9df-44c0-9f8f-a847edff3f02,200,,False,200.189,17.74,18,,False,132,logs,18.0,4.400012e-07
174,package_size,live,nodejs-default,nodejs,default,1024,measure,idle,off,True,update_env,14,,,,1790078380.387,2026-09-22T11:59:40.386+00:00,21d41460-c15e-4a1a-b36f-8c8bec4e5313,200,,False,1452.573,160.62,1044,882.45,True,125,logs,1044.0,1.41200696e-05
175,package_size,live,nodejs-default,nodejs,default,1024,follow_up,idle,off,False,update_env,14,,,,1790078381.84,2026-09-22T11:59:41.839+00:00,4428f99e-660d-472c-a5fa-b06b11f7d1ba,200,,False,373.429,128.87,129,,False,133,logs,129.0,1.9200086e-06
176,package_size,live,nodejs-optimised,nodejs,optimised,1024,measure,idle,off,True,update_env,14,,,,1790078384.293,2026-09-22T11:59:44.293+00:00,b871265f-7dc8-4c5a-bedc-092fa0e9c7aa,200,,False,633.188,193.7,339,144.51,True,79,logs,339.0,4.7200226e-06
177,package_size,live,nodejs-optimised,nodejs,optimised,1024,follow_up,idle,off,False,update_env,14,,,,1790078384.929,2026-09-22T11:59:44.929+00:00,bf459f9a-f950-4a77-b3d9-a9bc6bc8a18f,200,,False,303.233,124.86,125,,False,79,logs,125.0,1.866675e-06
178,package_size,live,java-optimised,java,optimised,1024,measure,idle,off,True,update_env,14,,,,1790078387.38,2026-09-22T11:59:47.379+00:00,3db690f2-d798-43a4-8ed7-d4f8a47d9eb8,200,,False,856.598,124.9,558,432.79,True,111,logs,558.0,7.6400372e-06
179,package_size,live,java-optimised,java,optimised,1024,follow_up,idle,off,False,update_env,14,,,,1790078388.237,2026-09-22T11:59:48.237+00:00,130686be-4393-4b0d-8669-ca41bc54dbfb,200,,False,232.127,44.23,45,,False,111,logs,45.0,8.000029999999999e-07
180,package_size,live,java-optimised,java,optimised,1024,measure,idle,off,True,update_env,15,,,,1790078390.572,2026-09-22T11:59:50.571+00:00,8b406c50-7f2a-4b76-a376-83b8cc6311d9,200,,False,885.242,124.67,555,429.98,True,109,logs,555.0,7.6000370000000005e-06
181,package_size,live,java-optimised,java,optimised,1024,follow_up,idle,off,False,update_env,15,,,,1790078391.46,2026-09-22T11:59:51.459+00:00,5b1aaf53-636e-4d83-868b-f26db5e2119c,200,,False,216.415,36.55,37,,False,109,logs,37.0,6.933357999999999e-07
182,package_size,live,python-optimised,python,optimised,1024,measure,idle,off,True,update_env,15,,,,1790078394.003,2026-09-22T11:59:54.002+00:00,57a3f0c6-a00e-46da-8e55-e614e35c3ad2,200,,False,414.635,30.8,120,88.77,True,42,logs,120.0,1.800008e-06
183,package_size,live,python-optimised,python,optimised,1024,follow_up,idle,off,False,update_env,15,,,,1790078394.419,2026-09-22T11:59:54.418+00:00,c894eb45-2e19-4798-93be-48b7519ecb39,200,,False,195.355,22.65,23,,False,42,logs,23.0,5.066682e-07
184,package_size,live,python-default,python,default,1024,measure,idle,off,True,update_env,15,,,,1790078396.674,2026-09-22T11:59:56.673+00:00,1ce8be96-0524-423b-8b3c-bd8bc6eecb40,200,,False,3986.427,27.52,3543,3514.58,True,133,logs,3543.0,4.74402362e-05
185,package_size,live,python-default,python,default,1024,follow_up,idle,off,False,update_env,15,,,,1790078400.664,2026-09-22T12:00:00.664+00:00,9ac192cf-fd49-421d-aba5-c75ecadafbec,200,,False,213.094,31.51,32,,False,133,logs,32.0,6.266688e-07
186,package_size,live,nodejs-default,nodejs,default,1024,measure,idle,off,True,update_env,15,,,,1790078403.006,2026-09-22T12:00:03.005+00:00,f3f01b24-9566-4346-9b5d-9c5e927ba734,200,,False,1452.065,112.77,1055,941.48,True,124,logs,1055.0,1.4266737e-05
187,package_size,live,nodejs-default,nodejs,default,1024,follow_up,idle,off,False,update_env,15,,,,1790078404.459,2026-09-22T12:00:04.459+00:00,6b5578a8-5b26-4b9e-a4d2-f1a1012a7405,200,,False,308.456,122.84,123,,False,130,logs,123.0,1.8400082e-06
188,package_size,live,nodejs-optimised,nodejs,optimised,1024,measure,idle,off,True,update_env,15,,,,1790078406.886,2026-09-22T12:00:06.886+00:00,227d8bf7-3dba-45f5-ae27-3484169e5840,200,,False,643.178,156.26,277,120.67,True,78,logs,277.0,3.8933518e-06
189,package_size,live,nodejs-optimised,nodejs,optimised,1024,follow_up,idle,off,False,update_env,15,,,,1790078407.533,2026-09-22T12:00:07.533+00:00,94e872ca-2427-4819-aa4b-eb1026283ecd,200,,False,338.203,96.92,97,,False,78,logs,97.0,1.4933398000000001e-06
190,package_size,live,java-default,java,default,1024,measure,idle,off,True,update_env,15,,,,1790078410.006,2026-09-22T12:00:10.006+00:00,3cce09cf-c098-441b-8a2f-b81d5467c2ab,200,,False,1313.141,128.6,900,770.97,True,121,logs,900.0,1.2200060000000001e-05
191,package_size,live,java-default,java,default,1024,follow_up,idle,off,False,update_env,15,,,,1790078411.32,2026-09-22T12:00:11.319+00:00,701c52b7-0a7e-496b-aba9-e307f9c1abbb,200,,False,218.763,36.67,37,,False,121,logs,37.0,6.933357999999999e-07
192,package_size,live,java-default,java,default,1024,measure,idle,off,True,update_env,16,,,,1790078413.635,2026-09-22T12:00:13.635+00:00,79214746-783e-47a8-9a38-35c783387c0b,200,,False,1203.889,126.52,907,780.25,True,119,logs,907.0,1.22933938e-05
193,package_size,live,java-default,java,default,1024,follow_up,idle,off,False,update_env,16,,,,1790078414.84,2026-09-22T12:00:14.840+00:00,798a1aaa-896f-4666-952a-c1a4331a4252,200,,False,215.905,36.83,37,,False,119,logs,37.0,6.933357999999999e-07
194,package_size,live,python-optimised,python,optimised,1024,measure,idle,off,True,update_env,16,,,,1790078417.145,2026-09-22T12:00:17.145+00:00,32256069-9c7b-488f-80ec-26a833fcba0d,200,,False,422.083,17.06,84,66.81,True,41,logs,84.0,1.3200056e-06
195,package_size,live,python-optimised,python,optimised,1024,follow_up,idle,off,False,update_env,16,,,,1790078417.571,2026-09-22T12:00:17.570+00:00,217ffcdd-5e98-402e-b553-746d85b8bb64,200,,False,197.969,19.68,20,,False,41,logs,20.0,4.66668e-07
196,package_size,live,nodejs-default,nodejs,default,1024,measure,idle,off,True,update_env,16,,,,1790078419.975,2026-09-22T12:00:19.975+00:00,9b605880-071f-4efb-b5b6-c78c0da93588,200,,False,1867.66,246.52,1411,1164.38,True,126,logs,1411.0,1.9013427400000004e-05
197,package_size,live,nodejs-default,nodejs,default,1024,follow_up,idle,off,False,update_env,16,,,,1790078421.844,2026-09-22T12:00:21.843+00:00,03d223f3-d41c-4018-ba2a-1d66aa8ae9de,200,,False,439.085,198.98,199,,False,137,logs,199.0,2.8533466e-06
198,package_size,live,python-default,python,default,1024,measure,idle,off,True,update_env,16,,,,1790078424.432,2026-09-22T12:00:24.432+00:00,bd4b4c0b-6148-430e-9f76-c1de8d126e86,200,,False,3170.809,13.14,2751,2737.37,True,132,logs,2751.0,3.68801834e-05
199,package_size,live,python-default,python,default,1024,follow_up,idle,off,False,update_env,16,,,,1790078427.606,2026-09-22T12:00:27.606+00:00,aa1c0628-c45e-4f47-8b9e-f7c822d8c026,200,,False,204.935,11.91,12,,False,133,logs,12.0,3.600008e-07
200,package_size,live,nodejs-optimised,nodejs,optimised,1024,measure,idle,off,True,update_env,16,,,,1790078429.936,2026-09-22T12:00:29.935+00:00,8c7a4366-2ef8-41ce-9156-f7452b1f6cbc,200,,False,638.013,196.52,346,149.13,True,79,logs,346.0,4.8133564e-06
201,package_size,live,nodejs-optimised,nodejs,optimised,1024,follow_up,idle,off,False,update_env,16,,,,1790078430.575,2026-09-22T12:00:30.574+00:00,449fec74-45df-454f-8fc4-955b7806bfda,200,,False,299.173,116.43,117,,False,79,logs,117.0,1.7600078e-06
202,package_size,live,java-optimised,java,optimised,1024,measure,idle,off,True,update_env,16,,,,1790078433.032,2026-09-22T12:00:33.031+00:00,62a82b93-baea-4bc8-b53a-d7f66801a9c2,200,,False,919.264,131.26,563,430.83,True,109,logs,563.0,7.7067042e-06
203,package_size,live,java-optimised,java,optimised,1024,follow_up,idle,off,False,update_env,16,,,,1790078433.952,2026-09-22T12:00:33.951+00:00,a5bf3267-9fb4-45e8-a9ba-9e5ac8567d62,200,,False,227.252,47.11,48,,False,109,logs,48.0,8.400032e-07
204,package_size,live,nodejs-optimised,nodejs,optimised,1024,measure,idle,off,True,update_env,17,,,,1790078436.257,2026-09-22T12:00:36.257+00:00,cf129b64-137a-4b2e-af9a-be7f9da874eb,200,,False,706.759,202.89,352,148.35,True,79,logs,352.0,4.8933568e-06
205,package_size,live,nodejs-optimised,nodejs,optimised,1024,follow_up,idle,off,False,update_env,17,,,,1790078436.965,2026-09-22T12:00:36.964+00:00,b3b525fa-cb11-4e90-9f8c-1cdfd3855588,200,,False,335.953,128.2,129,,False,79,logs,129.0,1.9200086e-06
206,package_size,live,python-optimised,python,optimised,1024,measure,idle,off,True,update_env,17,,,,1790078439.495,2026-09-22T12:00:39.494+00:00,9e62b45b-d931-48e4-bd7d-cb5e6c186317,200,,False,396.328,20.5,94,72.82,True,41,logs,94.0,1.4533396e-06
207,package_size,live,python-optimised,python,optimised,1024,follow_up,idle,off,False,update_env,17,,,,1790078439.893,2026-09-22T12:00:39.892+00:00,c80c1690-d4f1-4efb-a396-6dc1106da591,200,,False,288.592,17.45,18,,False,41,logs,18.0,4.400012e-07
208,package_size,live,java-optimised,java,optimised,1024,measure,idle,off,True,update_env,17,,,,1790078442.299,2026-09-22T12:00:42.299+00:00,f80ed50b-3630-4f73-85eb-7ef80253ca87,200,,False,764.887,106.19,432,325.03,True,109,logs,432.0,5.9600288e-06
209,package_size,live,java-optimised,java,optimised,1024,follow_up,idle,off,False,update_env,17,,,,1790078443.067,2026-09-22T12:00:43.067+00:00,7d78396a-e4f3-4d85-af66-67d22f1f88c9,200,,False,212.649,33.51,34,,False,109,logs,34.0,6.533356e-07
210,package_size,live,python-default,python,default,1024,measure,idle,off,True,update_env,17,,,,1790078445.458,2026-09-22T12:00:45.457+00:00,0f57eb8b-580e-4436-909e-244950da687b,200,,False,3969.049,28.34,3501,3472.19,True,134,logs,3501.0,4.6880233399999995e-05
211,package_size,live,python-default,python,default,1024,follow_up,idle,off,False,update_env,17,,,,1790078449.428,2026-09-22T12:00:49.428+00:00,77702564-e5ba-4470-b127-2f813a354c42,200,,False,197.195,19.97,20,,False,134,logs,20.0,4.66668e-07
212,package_size,live,nodejs-default,nodejs,default,1024,measure,idle,off,True,update_env,17,,,,1790078451.758,2026-09-22T12:00:51.758+00:00,f930a121-df92-422e-82d9-11140e98ac0a,200,,False,1869.723,274.12,1437,1162.68,True,127,logs,1437.0,1.9360095800000004e-05
213,package_size,live,nodejs-default,nodejs,default,1024,follow_up,idle,off,False,update_env,17,,,,1790078453.629,2026-09-22T12:00:53.629+00:00,916a841e-86b3-4c9d-b663-0f811c1332cd,200,,False,348.466,171.62,172,,False,135,logs,172.0,2.4933448000000002e-06
214,package_size,live,java-default,java,default,1024,measure,idle,off,True,update_env,17,,,,1790078456.242,2026-09-22T12:00:56.241+00:00,7fac11b2-fde3-4c61-aafb-c6caa5ccc6b6,200,,False,1233.435,128.9,926,796.32,True,123,logs,926.0,1.2546728400000001e-05
215,package_size,live,java-default,java,default,1024,follow_up,idle,off,False,update_env,17,,,,1790078457.478,2026-09-22T12:00:57.478+00:00,3dacf641-f1ed-402f-902d-10f6ea49edfd,200,,False,235.602,52.48,53,,False,123,logs,53.0,9.066701999999999e-07
216,package_size,live,python-optimised,python,optimised,1024,measure,idle,off,True,update_env,18,,,,1790078459.813,2026-09-22T12:00:59.813+00:00,23c6820e-2305-4bb4-8510-666deddb37a0,200,,False,442.655,33.07,125,91.42,True,41,logs,125.0,1.866675e-06
217,package_size,live,python-optimised,python,optimised,1024,follow_up,idle,off,False,update_env,18,,,,1790078460.257,2026-09-22T12:01:00.256+00:00,c2682606-50ce-4b0a-9898-d677e8d841ba,200,,False,219.948,28.67,29,,False,41,logs,29.0,5.866686000000001e-07
218,package_size,live,python-default,python,default,1024,measure,idle,off,True,update_env,18,,,,1790078462.571,2026-09-22T12:01:02.571+00:00,64f54917-1320-43d5-900f-25630facb06f,200,,False,3243.687,29.45,2847,2817.19,True,134,logs,2847.0,3.81601898e-05
219,package_size,live,python-default,python,default,1024,follow_up,idle,off,False,update_env,18,,,,1790078465.818,2026-09-22T12:01:05.818+00:00,dc479806-9612-421d-af0d-cbc95be86be7,200,,False,196.116,14.07,15,,False,134,logs,15.0,4.00001e-07
220,package_size,live,nodejs-optimised,nodejs,optimised,1024,measure,idle,off,True,update_env,18,,,,1790078468.261,2026-09-22T12:01:08.261+00:00,1a948a9a-86b1-4a7c-9c55-493ab1ed270c,200,,False,682.971,194.63,346,151.15,True,79,logs,346.0,4.8133564e-06
221,package_size,live,nodejs-optimised,nodejs,optimised,1024,follow_up,idle,off,False,update_env,18,,,,1790078468.947,2026-09-22T12:01:08.946+00:00,65a34b6a-e5d2-4a36-8a12-a53c0abc8213,200,,False,300.54,124.7,125,,False,79,logs,125.0,1.866675e-06
222,package_size,live,nodejs-default,nodejs,default,1024,measure,idle,off,True,update_env,18,,,,1790078471.333,2026-09-22T12:01:11.333+00:00,a55839ce-aad0-4ffd-b24f-aaae7af90114,200,,False,1811.335,247.1,1376,1128.67,True,126,logs,1376.0,1.85467584e-05
223,package_size,live,nodejs-default,nodejs,default,1024,follow_up,idle,off,False,update_env,18,,,,1790078473.148,2026-09-22T12:01:13.147+00:00,357d7fac-b7a9-4c6e-bd1f-27cffc28366f,200,,False,432.671,196.17,197,,False,139,logs,197.0,2.8266798e-06
224,package_size,live,java-optimised,java,optimised,1024,measure,idle,off,True,update_env,18,,,,1790078475.835,2026-09-22T12:01:15.834+00:00,521a17f7-ca13-45a0-adfd-789e4df7bf44,200,,False,741.165,122.41,457,334.5,True,109,logs,457.0,6.2933638e-06
225,package_size,live,java-optimised,java,optimised,1024,follow_up,idle,off,False,update_env,18,,,,1790078476.58,2026-09-22T12:01:16.579+00:00,a7fac4eb-a771-4133-b5bb-1621233e0486,200,,False,231.012,34.19,35,,False,109,logs,35.0,6.666690000000001e-07
226,package_size,live,java-default,java,default,1024,measure,idle,off,True,update_env,18,,,,1790078478.931,2026-09-22T12:01:18.931+00:00,fd774598-a46c-4c03-b93a-848e924372f7,200,,False,1204.859,124.78,772,646.71,True,122,logs,772.0,1.0493384800000001e-05
227,package_size,live,java-default,java,default,1024,follow_up,idle,off,False,update_env,18,,,,1790078480.139,2026-09-22T12:01:20.138+00:00,16d7b052-0760-419d-a62d-7267be73cda2,200,,False,209.273,28.67,29,,False,122,logs,29.0,5.866686000000001e-07
228,package_size,live,python-default,python,default,1024,measure,idle,off,True,update_env,19,,,,1790078482.491,2026-09-22T12:01:22.490+00:00,c2109461-5379-4f23-ae56-344767ddfe05,200,,False,4117.399,36.0,3615,3578.69,True,132,logs,3615.0,4.8400241000000003e-05
229,package_size,live,python-default,python,default,1024,follow_up,idle,off,False,update_env,19,,,,1790078486.609,2026-09-22T12:01:26.609+00:00,fcde695a-49d5-474a-bea7-e08cbc665710,200,,False,198.32,20.19,21,,False,133,logs,21.0,4.800014000000001e-07
230,package_size,live,java-default,java,default,1024,measure,idle,off,True,update_env,19,,,,1790078488.982,2026-09-22T12:01:28.982+00:00,7e075fc8-951c-4cf0-ad4f-775118bc23d2,200,,False,1011.77,106.14,729,622.66,True,119,logs,729.0,9.9200486e-06
231,package_size,live,java-default,java,default,1024,follow_up,idle,off,False,update_env,19,,,,1790078489.995,2026-09-22T12:01:29.994+00:00,afd3da43-128d-49cf-9d61-58a744c473b0,200,,False,195.721,19.53,20,,False,119,logs,20.0,4.66668e-07
232,package_size,live,nodejs-default,nodejs,default,1024,measure,idle,off,True,update_env,19,,,,1790078492.283,2026-09-22T12:01:32.282+00:00,e0774a43-6c6e-4839-96cb-e1549e4675a8,200,,False,1543.358,176.12,1104,927.75,True,126,logs,1104.0,1.49200736e-05
233,package_size,live,nodejs-default,nodejs,default,1024,follow_up,idle,off,False,update_env,19,,,,1790078493.827,2026-09-22T12:01:33.827+00:00,31ca11c7-af90-48c0-acc5-c5508982a690,200,,False,286.995,96.52,97,,False,134,logs,97.0,1.4933398000000001e-06
234,package_size,live,nodejs-optimised,nodejs,optimised,1024,measure,idle,off,True,update_env,19,,,,1790078496.208,2026-09-22T12:01:36.208+00:00,f84533f1-2159-4b4b-9ce1-b16dd35d2687,200,,False,638.624,195.83,337,140.73,True,78,logs,337.0,4.6933558e-06
235,package_size,live,nodejs-optimised,nodejs,optimised,1024,follow_up,idle,off,False,update_env,19,,,,1790078496.849,2026-09-22T12:01:36.849+00:00,70224885-144b-48b6-bb40-a17616cadb46,200,,False,297.867,116.55,117,,False,78,logs,117.0,1.7600078e-06
236,package_size,live,python-optimised,python,optimised,1024,measure,idle,off,True,update_env,19,,,,1790078499.278,2026-09-22T12:01:39.277+00:00,7fbab6af-7a86-4a65-99e8-df623b61ad8a,200,,False,598.916,34.71,123,87.68,True,41,logs,123.0,1.8400082e-06
237,package_size,live,python-optimised,python,optimised,1024,follow_up,idle,off,False,update_env,19,,,,1790078499.878,2026-09-22T12:01:39.877+00:00,6d92598a-4fa6-42f8-8b3f-034c52a9f6c0,200,,False,203.197,26.38,27,,False,41,logs,27.0,5.600018e-07
238,package_size,live,java-optimised,java,optimised,1024,measure,idle,off,True,update_env,19,,,,1790078502.352,2026-09-22T12:01:42.351+00:00,5b321edb-3bde-43d1-b559-13a2d465dc36,200,,False,943.723,131.28,560,428.67,True,109,logs,560.0,7.666704000000002e-06
239,package_size,live,java-optimised,java,optimised,1024,follow_up,idle,off,False,update_env,19,,,,1790078503.297,2026-09-22T12:01:43.297+00:00,c6f01e93-b6f0-43e9-8016-a3d45c515d0d,200,,False,249.298,47.02,48,,False,109,logs,48.0,8.400032e-07
240,package_size,live,python-optimised,python,optimised,1024,measure,idle,off,True,update_env,20,,,,1790078505.736,2026-09-22T12:01:45.735+00:00,3bc4ef4f-a95e-413f-8566-e9d7f794c073,200,,False,434.691,21.11,109,87.51,True,41,logs,109.0,1.6533406e-06
241,package_size,live,python-optimised,python,optimised,1024,follow_up,idle,off,False,update_env,20,,,,1790078506.171,2026-09-22T12:01:46.171+00:00,fb608f47-7ee7-4c80-b36e-1b737c7cfa0f,200,,False,200.222,16.61,17,,False,41,logs,17.0,4.266678e-07
242,package_size,live,java-default,java,default,1024,measure,idle,off,True,update_env,20,,,,1790078508.79,2026-09-22T12:01:48.790+00:00,514d45a3-fc3d-4d9c-8991-3c728210834b,200,,False,1307.254,132.27,909,776.05,True,123,logs,909.0,1.2320060600000001e-05
243,package_size,live,java-default,java,default,1024,follow_up,idle,off,False,update_env,20,,,,1790078510.098,2026-09-22T12:01:50.098+00:00,af921161-8120-454b-b891-95ea0ce05c5a,200,,False,264.856,37.68,38,,False,123,logs,38.0,7.066692e-07
244,package_size,live,nodejs-optimised,nodejs,optimised,1024,measure,idle,off,True,update_env,20,,,,1790078512.532,2026-09-22T12:01:52.531+00:00,4fb23f1e-c9f5-4a04-8f3f-4e14dec1cf8d,200,,False,578.533,151.95,269,116.11,True,78,logs,269.0,3.7866846000000006e-06
245,package_size,live,nodejs-optimised,nodejs,optimised,1024,follow_up,idle,off,False,update_env,20,,,,1790078513.111,2026-09-22T12:01:53.110+00:00,f1604966-d085-412e-9647-78d04605fbd4,200,,False,260.218,85.38,86,,False,78,logs,86.0,1.3466724e-06
246,package_size,live,python-default,python,default,1024,measure,idle,off,True,update_env,20,,,,1790078515.508,2026-09-22T12:01:55.508+00:00,158aaf61-e8e4-4182-8807-92d3a0fdd26f,200,,False,4048.993,27.24,3558,3530.56,True,132,logs,3558.0,4.7640237199999996e-05
247,package_size,live,python-default,python,default,1024,follow_up,idle,off,False,update_env,20,,,,1790078519.563,2026-09-22T12:01:59.563+00:00,b4898948-356b-42aa-8a7c-5053ff077f55,200,,False,236.037,16.02,17,,False,133,logs,17.0,4.266678e-07
248,package_size,live,nodejs-default,nodejs,default,1024,measure,idle,off,True,update_env,20,,,,1790078522.097,2026-09-22T12:02:02.097+00:00,c3d0a632-f6b8-4cae-a88a-46a812e97d14,200,,False,1897.526,264.05,1397,1132.52,True,129,logs,1397.0,1.88267598e-05
249,package_size,live,nodejs-default,nodejs,default,1024,follow_up,idle,off,False,update_env,20,,,,1790078523.996,2026-09-22T12:02:03.995+00:00,b4e298e1-46d5-4bde-992b-50130f1dd294,200,,False,526.518,179.3,180,,False,137,logs,180.0,2.600012e-06
250,package_size,live,java-optimised,java,optimised,1024,measure,idle,off,True,update_env,20,,,,1790078526.887,2026-09-22T12:02:06.886+00:00,33569843-53e8-406d-9b41-3af5461b2a7f,200,,False,864.274,111.43,447,334.9,True,107,logs,447.0,6.1600298e-06
251,package_size,live,java-optimised,java,optimised,1024,follow_up,idle,off,False,update_env,20,,,,1790078527.753,2026-09-22T12:02:07.752+00:00,c44a2996-87fb-4913-8683-be138592f40b,200,,False,215.679,28.54,29,,False,107,logs,29.0,5.866686000000001e-07
252,package_size,live,java-default,java,default,1024,measure,idle,off,True,update_env,21,,,,1790078530.21,2026-09-22T12:02:10.209+00:00,932a71d2-6109-4664-bec6-c9e6738632e5,200,,False,1276.183,125.48,904,777.97,True,119,logs,904.0,1.22533936e-05
253,package_size,live,java-default,java,default,1024,follow_up,idle,off,False,update_env,21,,,,1790078531.487,2026-09-22T12:02:11.487+00:00,5b030493-ab73-41a0-8183-db4887d0c136,200,,False,234.14,48.47,49,,False,119,logs,49.0,8.533366e-07
254,package_size,live,python-default,python,default,1024,measure,idle,off,True,update_env,21,,,,1790078533.848,2026-09-22T12:02:13.847+00:00,e93aa802-73d9-4b8b-8828-2be64f165a1c,200,,False,4008.304,30.74,3479,3447.91,True,134,logs,3479.0,4.65868986e-05
255,package_size,live,python-default,python,default,1024,follow_up,idle,off,False,update_env,21,,,,1790078537.857,2026-09-22T12:02:17.856+00:00,16d44ceb-3c32-40fa-8799-0f95c1d94e55,200,,False,213.095,26.47,27,,False,136,logs,27.0,5.600018e-07
256,package_size,live,python-optimised,python,optimised,1024,measure,idle,off,True,update_env,21,,,,1790078540.248,2026-09-22T12:02:20.247+00:00,f69d04a6-41ba-4b70-bc46-d51b1831d669,200,,False,523.34,30.91,117,85.67,True,43,logs,117.0,1.7600078e-06
257,package_size,live,python-optimised,python,optimised,1024,follow_up,idle,off,False,update_env,21,,,,1790078540.771,2026-09-22T12:02:20.771+00:00,2abf991f-fc45-4397-a4ff-84a962925ccb,200,,False,209.701,32.81,33,,False,43,logs,33.0,6.400022e-07
258,package_size,live,nodejs-default,nodejs,default,1024,measure,idle,off,True,update_env,21,,,,1790078543.139,2026-09-22T12:02:23.139+00:00,85df47a7-aa4a-43b9-a81c-3ea929381512,200,,False,1464.581,132.74,1063,929.41,True,126,logs,1063.0,1.43734042e-05
259,package_size,live,nodejs-default,nodejs,default,1024,follow_up,idle,off,False,update_env,21,,,,1790078544.605,2026-09-22T12:02:24.604+00:00,e39b7023-f0cd-4274-adef-a91e51c8f270,200,,False,281.312,97.87,98,,False,133,logs,98.0,1.5066732e-06
260,package_size,live,nodejs-optimised,nodejs,optimised,1024,measure,idle,off,True,update_env,21,,,,1790078547.107,2026-09-22T12:02:27.107+00:00,4ba5e6de-cf24-438b-a54a-c4dede9a4ca8,200,,False,658.895,160.63,279,117.91,True,78,logs,279.0,3.9200186e-06
261,package_size,live,nodejs-optimised,nodejs,optimised,1024,follow_up,idle,off,False,update_env,21,,,,1790078547.767,2026-09-22T12:02:27.767+00:00,68c9225b-59a3-4992-957a-7af4879364d0,200,,False,344.789,99.75,100,,False,78,logs,100.0,1.53334e-06
262,package_size,live,java-optimised,java,optimised,1024,measure,idle,off,True,update_env,21,,,,1790078550.276,2026-09-22T12:02:30.275+00:00,55281fb2-03ca-40e3-806a-6580e808442c,200,,False,1026.698,129.25,568,438.34,True,107,logs,568.0,7.7733712e-06
263,package_size,live,java-optimised,java,optimised,1024,follow_up,idle,off,False,update_env,21,,,,1790078551.303,2026-09-22T12:02:31.303+00:00,0273e7e0-cd95-488f-a986-22086ca365d3,200,,False,219.407,38.69,39,,False,107,logs,39.0,7.200026e-07
264,package_size,live,java-default,java,default,1024,measure,idle,off,True,update_env,22,,,,1790078553.75,2026-09-22T12:02:33.749+00:00,8b0495d7-15d3-4e94-861e-1ad70573c70b,200,,False,1260.721,127.06,925,797.9,True,121,logs,925.0,1.2533395e-05
265,package_size,live,java-default,java,default,1024,follow_up,idle,off,False,update_env,22,,,,1790078555.011,2026-09-22T12:02:35.011+00:00,d2bd4c83-d0b2-4d67-98af-6facc3e42cd7,200,,False,213.679,36.65,37,,False,121,logs,37.0,6.933357999999999e-07
266,package_size,live,nodejs-default,nodejs,default,1024,measure,idle,off,True,update_env,22,,,,1790078557.451,2026-09-22T12:02:37.451+00:00,c37dac87-7fbe-4313-af2a-aa6a50412ed3,200,,False,1542.543,176.68,1136,958.87,True,130,logs,1136.0,1.5346742399999998e-05
267,package_size,live,nodejs-default,nodejs,default,1024,follow_up,idle,off,False,update_env,22,,,,1790078558.998,2026-09-22T12:02:38.998+00:00,0abaa994-ab70-4e19-b52e-e999bd9ad9df,200,,False,294.995,114.79,115,,False,136,logs,115.0,1.733341e-06
268,package_size,live,nodejs-optimised,nodejs,optimised,1024,measure,idle,off,True,update_env,22,,,,1790078561.463,2026-09-22T12:02:41.463+00:00,2a77ca55-6cc5-4e58-85e4-74b8632aba79,200,,False,564.76,146.23,274,127.74,True,80,logs,274.0,3.8533516e-06
269,package_size,live,nodejs-optimised,nodejs,optimised,1024,follow_up,idle,off,False,update_env,22,,,,1790078562.033,2026-09-22T12:02:42.032+00:00,2c5c8bc1-100a-4a00-876d-005b25ce53ec,200,,False,272.041,87.89,88,,False,80,logs,88.0,1.3733392e-06
270,package_size,live,python-optimised,python,optimised,1024,measure,idle,off,True,update_env,22,,,,1790078564.444,2026-09-22T12:02:44.444+00:00,66e60dcd-d596-4dec-bd22-44fe0e1a6db4,200,,False,472.875,22.24,114,91.33,True,41,logs,114.0,1.7200076e-06
271,package_size,live,python-optimised,python,optimised,1024,follow_up,idle,off,False,update_env,22,,,,1790078564.918,2026-09-22T12:02:44.917+00:00,37600259-dd77-4bff-8506-1fff653d29b8,200,,False,198.272,18.39,19,,False,41,logs,19.0,4.533346e-07
272,package_size,live,python-default,python,default,1024,measure,idle,off,True,update_env,22,,,,1790078567.277,2026-09-22T12:02:47.277+00:00,5e40a1b8-a5ba-415c-8a8c-97417e69924f,200,,False,4171.067,27.69,3533,3504.6,True,134,logs,3533.0,4.7306902199999995e-05
273,package_size,live,python-default,python,default,1024,follow_up,idle,off,False,update_env,22,,,,1790078571.452,2026-09-22T12:02:51.451+00:00,48b33b2a-7e3c-4597-989b-5cca6d2c56f7,200,,False,255.369,26.55,27,,False,134,logs,27.0,5.600018e-07
274,package_size,live,java-optimised,java,optimised,1024,measure,idle,off,True,update_env,22,,,,1790078573.866,2026-09-22T12:02:53.866+00:00,bfd30975-0bad-4306-8c3d-9b1e71ad6cf1,200,,False,803.925,125.78,538,411.32,True,107,logs,538.0,7.3733692000000005e-06
275,package_size,live,java-optimised,java,optimised,1024,follow_up,idle,off,False,update_env,22,,,,1790078574.671,2026-09-22T12:02:54.671+00:00,922c4d77-4a4d-4a27-8f76-4f823a419fe9,200,,False,237.354,36.9,37,,False,107,logs,37.0,6.933357999999999e-07
276,package_size,live,python-default,python,default,1024,measure,idle,off,True,update_env,23,,,,1790078576.983,2026-09-22T12:02:56.982+00:00,f6a93e4e-2859-48d1-91ba-7353f6fc58d3,200,,False,3160.582,16.59,2734,2717.27,True,133,logs,2734.0,3.66535156e-05
277,package_size,live,python-default,python,default,1024,follow_up,idle,off,False,update_env,23,,,,1790078580.144,2026-09-22T12:03:00.144+00:00,18cfdd99-b2a2-420a-8d6e-cc1ca12e2ef3,200,,False,199.985,22.03,23,,False,133,logs,23.0,5.066682e-07
278,package_size,live,nodejs-default,nodejs,default,1024,measure,idle,off,True,update_env,23,,,,1790078582.455,2026-09-22T12:03:02.454+00:00,33faf679-9025-44b1-9bb5-360c8fa86df0,200,,False,1835.264,269.5,1375,1105.29,True,126,logs,1375.0,1.8533425000000003e-05
279,package_size,live,nodejs-default,nodejs,default,1024,follow_up,idle,off,False,update_env,23,,,,1790078584.294,2026-09-22T12:03:04.293+00:00,e1244015-a08e-4bc7-8686-06b5f42f9f4a,200,,False,396.436,184.55,185,,False,135,logs,185.0,2.6666790000000003e-06
280,package_size,live,nodejs-optimised,nodejs,optimised,1024,measure,idle,off,True,update_env,23,,,,1790078586.807,2026-09-22T12:03:06.806+00:00,09bfa57a-9430-459f-8756-219f409b14ab,200,,False,654.598,209.46,353,142.56,True,78,logs,353.0,4.906690199999999e-06
281,package_size,live,nodejs-optimised,nodejs,optimised,1024,follow_up,idle,off,False,update_env,23,,,,1790078587.462,2026-09-22T12:03:07.461+00:00,e4d64ef4-eae2-4d25-b439-b2259b7be281,200,,False,305.589,127.56,128,,False,78,logs,128.0,1.9066752000000001e-06
282,package_size,live,java-default,java,default,1024,measure,idle,off,True,update_env,23,,,,1790078590.061,2026-09-22T12:03:10.061+00:00,2f788ccc-f772-4e41-bb05-dc972ded9b43,200,,False,1208.58,130.87,911,779.56,True,121,logs,911.0,1.23467274e-05
283,package_size,live,java-default,java,default,1024,follow_up,idle,off,False,update_env,23,,,,1790078591.271,2026-09-22T12:03:11.270+00:00,7e02cd56-cece-4bce-91f5-746a803463cb,200,,False,235.324,52.52,53,,False,121,logs,53.0,9.066701999999999e-07
284,package_size,live,java-optimised,java,optimised,1024,measure,idle,off,True,update_env,23,,,,1790078593.65,2026-09-22T12:03:13.649+00:00,76c2225d-d2ac-40fc-a79b-93fe427cee1e,200,,False,702.654,93.95,422,327.93,True,109,logs,422.0,5.826694799999999e-06
285,package_size,live,java-optimised,java,optimised,1024,follow_up,idle,off,False,update_env,23,,,,1790078594.353,2026-09-22T12:03:14.352+00:00,3e5d2032-c4f1-41ec-8b46-9ddc8c640777,200,,False,214.777,36.51,37,,False,109,logs,37.0,6.933357999999999e-07
286,package_size,live,python-optimised,python,optimised,1024,measure,idle,off,True,update_env,23,,,,1790078596.782,2026-09-22T12:03:16.781+00:00,38f4ec19-0f6d-44b9-87c5-e56148535cb1,200,,False,407.747,17.19,106,88.39,True,41,logs,106.0,1.6133403999999999e-06
287,package_size,live,python-optimised,python,optimised,1024,follow_up,idle,off,False,update_env,23,,,,1790078597.191,2026-09-22T12:03:17.190+00:00,9606eaac-f565-4c3f-ade2-a75967e4289e,200,,False,296.84,18.91,19,,False,41,logs,19.0,4.533346e-07
288,package_size,live,java-optimised,java,optimised,1024,measure,idle,off,True,update_env,24,,,,1790078599.769,2026-09-22T12:03:19.769+00:00,e88648e5-ea3f-4315-a068-1d3b507da4e4,200,,False,876.871,141.78,572,429.8,True,107,logs,572.0,7.8267048e-06
289,package_size,live,java-optimised,java,optimised,1024,follow_up,idle,off,False,update_env,24,,,,1790078600.649,2026-09-22T12:03:20.648+00:00,69ac5f17-e2bc-4da2-9746-9c9f364fa956,200,,False,216.752,36.83,37,,False,107,logs,37.0,6.933357999999999e-07
290,package_size,live,python-optimised,python,optimised,1024,measure,idle,off,True,update_env,24,,,,1790078602.913,2026-09-22T12:03:22.913+00:00,715fd722-bee7-4caa-a348-0db78a9fd432,200,,False,414.795,27.16,115,87.63,True,42,logs,115.0,1.733341e-06
291,package_size,live,python-optimised,python,optimised,1024,follow_up,idle,off,False,update_env,24,,,,1790078603.329,2026-09-22T12:03:23.328+00:00,4de5b0f8-bdfa-457e-85bd-03a51da91732,200,,False,212.253,30.63,31,,False,42,logs,31.0,6.133354e-07
292,package_size,live,python-default,python,default,1024,measure,idle,off,True,update_env,24,,,,1790078605.626,2026-09-22T12:03:25.625+00:00,d84b008d-26e6-48e4-aef0-3b1263af4391,200,,False,4048.727,28.66,3466,3436.6,True,134,logs,3466.0,4.64135644e-05
293,package_size,live,python-default,python,default,1024,follow_up,idle,off,False,update_env,24,,,,1790078609.676,2026-09-22T12:03:29.675+00:00,bba6f548-040e-485b-84d4-e2b025c3a726,200,,False,212.518,18.68,19,,False,135,logs,19.0,4.533346e-07
294,package_size,live,nodejs-optimised,nodejs,optimised,1024,measure,idle,off,True,update_env,24,,,,1790078611.967,2026-09-22T12:03:31.967+00:00,f9d1c1f6-6f37-4e36-9be9-8d2f1ae39bed,200,,False,635.525,188.69,335,145.46,True,78,logs,335.0,4.6666890000000005e-06
295,package_size,live,nodejs-optimised,nodejs,optimised,1024,follow_up,idle,off,False,update_env,24,,,,1790078612.603,2026-09-22T12:03:32.603+00:00,4430ab5f-842d-4e82-8c18-2635f0f2ed4d,200,,False,301.242,119.09,120,,False,78,logs,120.0,1.800008e-06
296,package_size,live,nodejs-default,nodejs,default,1024,measure,idle,off,True,update_env,24,,,,1790078615.021,2026-09-22T12:03:35.021+00:00,e9b49514-e0fe-4205-ba36-1da97fbe8207,200,,False,1846.704,283.61,1412,1127.88,True,130,logs,1412.0,1.90267608e-05
297,package_size,live,nodejs-default,nodejs,default,1024,follow_up,idle,off,False,update_env,24,,,,1790078616.871,2026-09-22T12:03:36.870+00:00,6906595b-ed98-4f9f-983e-dbe62149a05d,200,,False,482.998,195.65,196,,False,141,logs,196.0,2.8133464000000004e-06
298,package_size,live,java-default,java,default,1024,measure,idle,off,True,update_env,24,,,,1790078619.467,2026-09-22T12:03:39.467+00:00,92f88c88-aa84-4c39-868f-9e71c09a2248,200,,False,1028.221,108.09,743,634.23,True,125,logs,743.0,1.01067162e-05
299,package_size,live,java-default,java,default,1024,follow_up,idle,off,False,update_env,24,,,,1790078620.497,2026-09-22T12:03:40.496+00:00,cc6f45cb-eeee-472a-8671-81ea19e7e1c5,200,,False,216.168,32.51,33,,False,125,logs,33.0,6.400022e-07
300,package_size,live,java-default,java,default,1024,measure,idle,off,True,update_env,25,,,,1790078622.852,2026-09-22T12:03:42.852+00:00,2d374b25-1f61-4507-ba85-d61703a1dc7e,200,,False,1309.99,121.49,909,786.59,True,119,logs,909.0,1.2320060600000001e-05
301,package_size,live,java-default,java,default,1024,follow_up,idle,off,False,update_env,25,,,,1790078624.163,2026-09-22T12:03:44.163+00:00,6a7ea2f3-9eb6-44a3-b2d4-91fbfe318ecb,200,,False,224.624,41.02,42,,False,119,logs,42.0,7.600028e-07
302,package_size,live,python-optimised,python,optimised,1024,measure,idle,off,True,update_env,25,,,,1790078626.555,2026-09-22T12:03:46.554+00:00,657d2a5a-6939-4376-b4aa-dded4a55ac15,200,,False,431.535,30.14,120,89.52,True,41,logs,120.0,1.800008e-06
303,package_size,live,python-optimised,python,optimised,1024,follow_up,idle,off,False,update_env,25,,,,1790078626.99,2026-09-22T12:03:46.990+00:00,4ce78827-987a-4639-8c09-540c39be630b,200,,False,215.156,26.6,27,,False,41,logs,27.0,5.600018e-07
304,package_size,live,java-optimised,java,optimised,1024,measure,idle,off,True,update_env,25,,,,1790078629.38,2026-09-22T12:03:49.379+00:00,0aecabf8-1a3b-4909-adc3-79ed04824dd4,200,,False,860.793,109.53,444,334.09,True,109,logs,444.0,6.1200296e-06
305,package_size,live,java-optimised,java,optimised,1024,follow_up,idle,off,False,update_env,25,,,,1790078630.242,2026-09-22T12:03:50.241+00:00,3da6dd23-f133-4d29-846c-2f2c415cc6aa,200,,False,198.583,19.45,20,,False,109,logs,20.0,4.66668e-07
306,package_size,live,python-default,python,default,1024,measure,idle,off,True,update_env,25,,,,1790078632.726,2026-09-22T12:03:52.725+00:00,21dbf8ab-29b4-480a-847c-b5fe3cf820b8,200,,False,3991.253,26.96,3508,3480.21,True,134,logs,3508.0,4.69735672e-05
307,package_size,live,python-default,python,default,1024,follow_up,idle,off,False,update_env,25,,,,1790078636.721,2026-09-22T12:03:56.720+00:00,18f6c1f4-e56b-4365-b8b6-3008790238f9,200,,False,199.982,17.9,18,,False,134,logs,18.0,4.400012e-07
308,package_size,live,nodejs-optimised,nodejs,optimised,1024,measure,idle,off,True,update_env,25,,,,1790078639.167,2026-09-22T12:03:59.166+00:00,8adb5764-b399-436e-a673-41483c477498,200,,False,716.979,195.34,345,148.68,True,78,logs,345.0,4.800022999999999e-06
309,package_size,live,nodejs-optimised,nodejs,optimised,1024,follow_up,idle,off,False,update_env,25,,,,1790078639.884,2026-09-22T12:03:59.884+00:00,bfcc5b24-9def-4e2e-bf94-c988ba866550,200,,False,408.925,126.03,127,,False,79,logs,127.0,1.8933418e-06
310,package_size,live,nodejs-default,nodejs,default,1024,measure,idle,off,True,update_env,25,,,,1790078642.49,2026-09-22T12:04:02.489+00:00,afe27560-2517-4b4f-9c45-7512ed29b150,200,,False,1582.089,180.58,1136,955.27,True,128,logs,1136.0,1.5346742399999998e-05
311,package_size,live,nodejs-default,nodejs,default,1024,follow_up,idle,off,False,update_env,25,,,,1790078644.075,2026-09-22T12:04:04.074+00:00,56ef7940-8542-45aa-9624-3ebe518b02e2,200,,False,368.383,134.69,135,,False,138,logs,135.0,2.000009e-06
312,package_size,live,python-default,python,default,1024,measure,idle,off,True,update_env,26,,,,1790078646.744,2026-09-22T12:04:06.744+00:00,1f40f35d-e89f-4f8e-b404-7a6d25587285,200,,False,4020.752,17.26,3581,3563.55,True,135,logs,3581.0,4.79469054e-05
313,package_size,live,python-default,python,default,1024,follow_up,idle,off,False,update_env,26,,,,1790078650.767,2026-09-22T12:04:10.766+00:00,bb8a9cab-e646-4c69-a1f6-4cc4b57c92dc,200,,False,196.146,19.52,20,,False,135,logs,20.0,4.66668e-07
314,package_size,live,java-default,java,default,1024,measure,idle,off,True,update_env,26,,,,1790078653.097,2026-09-22T12:04:13.096+00:00,156e8403-d54d-4c1b-9f27-2404a9bc953d,200,,False,1033.405,98.34,733,634.15,True,125,logs,733.0,9.973382199999999e-06
315,package_size,live,java-default,java,default,1024,follow_up,idle,off,False,update_env,26,,,,1790078654.134,2026-09-22T12:04:14.133+00:00,5d412f58-a7b1-4554-8d0c-4ffa0fdf201f,200,,False,209.824,32.15,33,,False,125,logs,33.0,6.400022e-07
316,package_size,live,nodejs-optimised,nodejs,optimised,1024,measure,idle,off,True,update_env,26,,,,1790078656.471,2026-09-22T12:04:16.470+00:00,aa4280c1-ddb4-4feb-b0e0-69443d12f97b,200,,False,695.902,205.63,324,117.96,True,80,logs,324.0,4.5200216e-06
317,package_size,live,nodejs-optimised,nodejs,optimised,1024,follow_up,idle,off,False,update_env,26,,,,1790078657.168,2026-09-22T12:04:17.167+00:00,4f027cdc-8438-4af5-9925-ebbe0fb35fda,200,,False,329.824,109.66,110,,False,80,logs,110.0,1.666674e-06
318,package_size,live,python-optimised,python,optimised,1024,measure,idle,off,True,update_env,26,,,,1790078659.687,2026-09-22T12:04:19.687+00:00,4ed11e33-73ce-463d-a937-49ea5239f71f,200,,False,471.607,30.29,121,90.26,True,41,logs,121.0,1.8133414e-06
319,package_size,live,python-optimised,python,optimised,1024,follow_up,idle,off,False,update_env,26,,,,1790078660.16,2026-09-22T12:04:20.159+00:00,983fe01b-343b-49da-8cbc-289af3f88a3c,200,,False,208.712,22.5,23,,False,41,logs,23.0,5.066682e-07
320,package_size,live,java-optimised,java,optimised,1024,measure,idle,off,True,update_env,26,,,,1790078662.541,2026-09-22T12:04:22.540+00:00,316dfef0-b17a-41b3-a942-e2d57a4a04d3,200,,False,760.002,98.21,426,326.99,True,109,logs,426.0,5.880028399999999e-06
321,package_size,live,java-optimised,java,optimised,1024,follow_up,idle,off,False,update_env,26,,,,1790078663.302,2026-09-22T12:04:23.301+00:00,1d261fde-597d-488e-9000-e5eae44a691d,200,,False,206.317,28.4,29,,False,109,logs,29.0,5.866686000000001e-07
322,package_size,live,nodejs-default,nodejs,default,1024,measure,idle,off,True,update_env,26,,,,1790078665.563,2026-09-22T12:04:25.563+00:00,6c208119-56c5-4679-b1a8-daa43802bcfc,200,,False,1786.567,253.14,1350,1096.51,True,126,logs,1350.0,1.820009e-05
323,package_size,live,nodejs-default,nodejs,default,1024,follow_up,idle,off,False,update_env,26,,,,1790078667.352,2026-09-22T12:04:27.352+00:00,3efefdc4-b8e2-418d-8745-e3b647ae409c,200,,False,337.722,157.09,158,,False,133,logs,158.0,2.3066771999999997e-06
324,package_size,live,nodejs-default,nodejs,default,1024,measure,idle,off,True,update_env,27,,,,1790078669.848,2026-09-22T12:04:29.847+00:00,c2b29ca9-f5f3-431e-a022-476ea8510edd,200,,False,1805.289,260.95,1362,1100.59,True,125,logs,1362.0,1.8360090800000003e-05
325,package_size,live,nodejs-default,nodejs,default,1024,follow_up,idle,off,False,update_env,27,,,,1790078671.654,2026-09-22T12:04:31.653+00:00,21a0868a-586f-47ef-a461-68042430ff53,200,,False,378.604,197.01,198,,False,136,logs,198.0,2.8400132000000004e-06
326,package_size,live,python-optimised,python,optimised,1024,measure,idle,off,True,update_env,27,,,,1790078674.175,2026-09-22T12:04:34.174+00:00,5d940c7a-45b2-400c-8412-5163841cd268,200,,False,524.384,29.93,119,88.2,True,41,logs,119.0,1.7866746e-06
327,package_size,live,python-optimised,python,optimised,1024,follow_up,idle,off,False,update_env,27,,,,1790078674.7,2026-09-22T12:04:34.700+00:00,85873852-b7f7-4b52-af40-57ad198ff3d0,200,,False,208.146,27.71,28,,False,41,logs,28.0,5.733352e-07
328,package_size,live,nodejs-optimised,nodejs,optimised,1024,measure,idle,off,True,update_env,27,,,,1790078677.16,2026-09-22T12:04:37.159+00:00,f3889398-afbe-409f-ba79-34ea0e4867ca,200,,False,639.154,205.03,347,141.28,True,78,logs,347.0,4.826689799999999e-06
329,package_size,live,nodejs-optimised,nodejs,optimised,1024,follow_up,idle,off,False,update_env,27,,,,1790078677.8,2026-09-22T12:04:37.800+00:00,7f0702b8-e43a-45d2-99ba-b9878e02a534,200,,False,363.085,136.36,137,,False,78,logs,137.0,2.0266758e-06
330,package_size,live,java-optimised,java,optimised,1024,measure,idle,off,True,update_env,27,,,,1790078680.328,2026-09-22T12:04:40.327+00:00,97582bc2-4051-4e70-8411-665d74dd3aa0,200,,False,737.843,104.87,443,337.93,True,108,logs,443.0,6.1066962e-06
331,package_size,live,java-optimised,java,optimised,1024,follow_up,idle,off,False,update_env,27,,,,1790078681.068,2026-09-22T12:04:41.068+00:00,d9642a8f-46eb-434e-9294-63a425ec01cc,200,,False,216.409,34.09,35,,False,108,logs,35.0,6.666690000000001e-07
332,package_size,live,python-default,python,default,1024,measure,idle,off,True,update_env,27,,,,1790078683.466,2026-09-22T12:04:43.466+00:00,5c41e08a-da7f-4334-b336-ec40658bb030,200,,False,3931.356,27.8,3467,3438.97,True,133,logs,3467.0,4.64268978e-05
333,package_size,live,python-default,python,default,1024,follow_up,idle,off,False,update_env,27,,,,1790078687.401,2026-09-22T12:04:47.400+00:00,48d5e3de-3f1f-463b-b8e8-ed9435072994,200,,False,206.177,20.2,21,,False,133,logs,21.0,4.800014000000001e-07
334,package_size,live,java-default,java,default,1024,measure,idle,off,True,update_env,27,,,,1790078689.793,2026-09-22T12:04:49.792+00:00,ff51c7a9-cc21-45fb-b53c-2c3a35c70448,200,,False,1234.4,118.07,911,792.5,True,110,logs,911.0,1.23467274e-05
335,package_size,live,java-default,java,default,1024,follow_up,idle,off,False,update_env,27,,,,1790078691.027,2026-09-22T12:04:51.027+00:00,6288efad-ffc8-422b-b07f-353db42a0795,200,,False,218.172,36.96,37,,False,110,logs,37.0,6.933357999999999e-07
336,package_size,live,nodejs-optimised,nodejs,optimised,1024,measure,idle,off,True,update_env,28,,,,1790078693.348,2026-09-22T12:04:53.347+00:00,e07812b3-c895-4e01-83bc-6e52b70d0800,200,,False,624.317,182.6,327,144.01,True,78,logs,327.0,4.5600218e-06
337,package_size,live,nodejs-optimised,nodejs,optimised,1024,follow_up,idle,off,False,update_env,28,,,,1790078693.974,2026-09-22T12:04:53.974+00:00,5e3ef2ff-719d-45bf-b1db-162500de16f8,200,,False,290.473,107.84,108,,False,78,logs,108.0,1.6400072e-06
338,package_size,live,nodejs-default,nodejs,default,1024,measure,idle,off,True,update_env,28,,,,1790078696.389,2026-09-22T12:04:56.388+00:00,203ccc85-4b1a-4456-989a-aa1910553c9c,200,,False,1519.641,140.81,1086,944.27,True,128,logs,1086.0,1.46800724e-05
339,package_size,live,nodejs-default,nodejs,default,1024,follow_up,idle,off,False,update_env,28,,,,1790078697.915,2026-09-22T12:04:57.914+00:00,750c8286-6f1e-4c57-bf9d-39b29ab8818e,200,,False,267.623,91.57,92,,False,134,logs,92.0,1.4266728e-06
340,package_size,live,java-optimised,java,optimised,1024,measure,idle,off,True,update_env,28,,,,1790078700.432,2026-09-22T12:05:00.431+00:00,14a257e0-b77a-4dc7-a5dd-5faa52568b1d,200,,False,854.131,129.31,555,424.73,True,107,logs,555.0,7.6000370000000005e-06
341,package_size,live,java-optimised,java,optimised,1024,follow_up,idle,off,False,update_env,28,,,,1790078701.287,2026-09-22T12:05:01.286+00:00,1819458e-8eef-410c-865a-6c119f5bc364,200,,False,247.035,48.55,49,,False,107,logs,49.0,8.533366e-07
342,package_size,live,java-default,java,default,1024,measure,idle,off,True,update_env,28,,,,1790078703.835,2026-09-22T12:05:03.835+00:00,08795aa2-d2d4-405f-8259-cb01db581d11,200,,False,1200.269,126.94,884,756.49,True,119,logs,884.0,1.19867256e-05
343,package_size,live,java-default,java,default,1024,follow_up,idle,off,False,update_env,28,,,,1790078705.037,2026-09-22T12:05:05.036+00:00,90305278-96f8-4d42-9292-8e5d33a5daec,200,,False,233.076,52.28,53,,False,119,logs,53.0,9.066701999999999e-07
344,package_size,live,python-optimised,python,optimised,1024,measure,idle,off,True,update_env,28,,,,1790078707.42,2026-09-22T12:05:07.419+00:00,04e52754-b573-4b70-8fa6-fd9fedf2808c,200,,False,387.192,14.55,91,76.08,True,41,logs,91.0,1.4133393999999999e-06
345,package_size,live,python-optimised,python,optimised,1024,follow_up,idle,off,False,update_env,28,,,,1790078707.807,2026-09-22T12:05:07.807+00:00,c5e5aab1-a388-4b8f-a650-10eca9128021,200,,False,216.426,17.14,18,,False,41,logs,18.0,4.400012e-07
346,package_size,live,python-default,python,default,1024,measure,idle,off,True,update_env,28,,,,1790078710.12,2026-09-22T12:05:10.119+00:00,2ab42d2d-37a4-4491-8529-a2a897940392,200,,False,3227.653,16.57,2799,2782.09,True,134,logs,2799.0,3.75201866e-05
347,package_size,live,python-default,python,default,1024,follow_up,idle,off,False,update_env,28,,,,1790078713.348,2026-09-22T12:05:13.347+00:00,e3ed961f-7aeb-47e6-a4ed-c56621b28a45,200,,False,197.341,21.39,22,,False,134,logs,22.0,4.933348e-07
348,package_size,live,java-default,java,default,1024,measure,idle,off,True,update_env,29,,,,1790078715.693,2026-09-22T12:05:15.693+00:00,02fe7276-faba-45d7-8cfc-3837bb479974,200,,False,1245.076,128.6,921,792.1,True,119,logs,921.0,1.24800614e-05
349,package_size,live,java-default,java,default,1024,follow_up,idle,off,False,update_env,29,,,,1790078716.939,2026-09-22T12:05:16.938+00:00,d01edf03-beac-4d2b-afe8-02f4b44a8722,200,,False,222.595,37.09,38,,False,119,logs,38.0,7.066692e-07
350,package_size,live,java-optimised,java,optimised,1024,measure,idle,off,True,update_env,29,,,,1790078719.393,2026-09-22T12:05:19.392+00:00,f5f6114a-198e-4645-95ac-688ed9e45def,200,,False,736.64,97.11,440,342.58,True,109,logs,440.0,6.066696e-06
351,package_size,live,java-optimised,java,optimised,1024,follow_up,idle,off,False,update_env,29,,,,1790078720.13,2026-09-22T12:05:20.130+00:00,fb6d68ba-6467-4546-a796-20adca0afe3f,200,,False,214.449,36.64,37,,False,109,logs,37.0,6.933357999999999e-07
352,package_size,live,nodejs-optimised,nodejs,optimised,1024,measure,idle,off,True,update_env,29,,,,1790078722.442,2026-09-22T12:05:22.441+00:00,26f7e000-ad0c-4875-a59f-00f3f9e91291,200,,False,561.402,156.79,273,115.31,True,79,logs,273.0,3.8400182000000005e-06
353,package_size,live,nodejs-optimised,nodejs,optimised,1024,follow_up,idle,off,False,update_env,29,,,,1790078723.004,2026-09-22T12:05:23.003+00:00,0b4f0cf0-0a5b-4b16-aacb-031eb6faf1c8,200,,False,282.214,106.57,107,,False,79,logs,107.0,1.6266738e-06
354,package_size,live,python-optimised,python,optimised,1024,measure,idle,off,True,update_env,29,,,,1790078725.447,2026-09-22T12:05:25.446+00:00,4ac6a89b-48d1-4a56-99d3-8ca8f089b585,200,,False,449.068,27.72,120,91.47,True,41,logs,120.0,1.800008e-06
355,package_size,live,python-optimised,python,optimised,1024,follow_up,idle,off,False,update_env,29,,,,1790078725.897,2026-09-22T12:05:25.896+00:00,eb27dd45-a15f-4f76-8424-bf863618fa5f,200,,False,208.959,29.67,30,,False,41,logs,30.0,6.00002e-07
356,package_size,live,python-default,python,default,1024,measure,idle,off,True,update_env,29,,,,1790078728.295,2026-09-22T12:05:28.294+00:00,e4ea31ec-1960-4083-a5af-fc71314c5ac1,200,,False,4026.929,27.76,3539,3510.32,True,134,logs,3539.0,4.73869026e-05
357,package_size,live,python-default,python,default,1024,follow_up,idle,off,False,update_env,29,,,,1790078732.323,2026-09-22T12:05:32.322+00:00,cc0e96b6-579b-4e7b-bb7e-e32735593906,200,,False,208.562,20.2,21,,False,134,logs,21.0,4.800014000000001e-07
358,package_size,live,nodejs-default,nodejs,default,1024,measure,idle,off,True,update_env,29,,,,1790078734.762,2026-09-22T12:05:34.762+00:00,bf603f73-5be1-4e53-b8b9-0780f32897ae,200,,False,1860.356,249.37,1375,1125.12,True,122,logs,1375.0,1.8533425000000003e-05
359,package_size,live,nodejs-default,nodejs,default,1024,follow_up,idle,off,False,update_env,29,,,,1790078736.626,2026-09-22T12:05:36.626+00:00,109df224-56ec-4309-a74a-752da8b9dacb,200,,False,348.181,164.44,165,,False,131,logs,165.0,2.400011e-06
0,runtime_compare,live,java-optimised,java,optimised,1024,measure,idle,off,True,update_env,0,,,,1790078740.277,2026-09-22T12:05:40.276+00:00,9774896c-10ab-48c1-99b2-09411d27d162,200,,False,778.34,108.93,439,329.08,True,107,logs,439.0,6.0533626e-06
1,runtime_compare,live,java-optimised,java,optimised,1024,follow_up,idle,off,False,update_env,0,,,,1790078741.057,2026-09-22T12:05:41.056+00:00,f57d61a9-0dbd-423b-9a92-f79d0762dc90,200,,False,190.503,18.15,19,,False,107,logs,19.0,4.533346e-07
2,runtime_compare,live,nodejs-optimised,nodejs,optimised,1024,measure,idle,off,True,update_env,0,,,,1790078743.708,2026-09-22T12:05:43.708+00:00,5040b04a-6e5f-4d91-91c9-a1f29302d316,200,,False,683.186,207.6,359,150.59,True,78,logs,359.0,4.9866906e-06
3,runtime_compare,live,nodejs-optimised,nodejs,optimised,1024,follow_up,idle,off,False,update_env,0,,,,1790078744.392,2026-09-22T12:05:44.392+00:00,b192362d-6bde-4d13-8469-8b85e6eaecbe,200,,False,332.167,131.61,132,,False,78,logs,132.0,1.9600088e-06
4,runtime_compare,live,python-optimised,python,optimised,1024,measure,idle,off,True,update_env,0,,,,1790078747.068,2026-09-22T12:05:47.068+00:00,16647e2a-6593-4d3f-a689-f14d4ece11fc,200,,False,440.21,17.84,106,88.12,True,41,logs,106.0,1.6133403999999999e-06
5,runtime_compare,live,python-optimised,python,optimised,1024,follow_up,idle,off,False,update_env,0,,,,1790078747.509,2026-09-22T12:05:47.509+00:00,7aa1076b-2656-4e69-9ed9-9a5933e490c6,200,,False,200.642,26.63,27,,False,41,logs,27.0,5.600018e-07
6,runtime_compare,live,java-optimised,java,optimised,1024,measure,idle,off,True,update_env,1,,,,1790078749.785,2026-09-22T12:05:49.785+00:00,7cbf7a30-2156-4fa6-a4a5-3c91efdb2420,200,,False,741.91,119.71,470,349.96,True,107,logs,470.0,6.466698e-06
7,runtime_compare,live,java-optimised,java,optimised,1024,follow_up,idle,off,False,update_env,1,,,,1790078750.528,2026-09-22T12:05:50.528+00:00,4ab8d4cb-8d51-4322-94c2-d07b4ffd8b0a,200,,False,201.581,28.45,29,,False,107,logs,29.0,5.866686000000001e-07
8,runtime_compare,live,nodejs-optimised,nodejs,optimised,1024,measure,idle,off,True,update_env,1,,,,1790078752.841,2026-09-22T12:05:52.841+00:00,1a50aa58-ecd0-4e80-950c-242effbfe885,200,,False,603.903,195.87,340,143.83,True,79,logs,340.0,4.733356e-06
9,runtime_compare,live,nodejs-optimised,nodejs,optimised,1024,follow_up,idle,off,False,update_env,1,,,,1790078753.45,2026-09-22T12:05:53.450+00:00,359cdb02-0744-4c34-880c-b5edfe604ac7,200,,False,313.474,141.37,142,,False,79,logs,142.0,2.0933427999999998e-06
10,runtime_compare,live,python-optimised,python,optimised,1024,measure,idle,off,True,update_env,1,,,,1790078755.833,2026-09-22T12:05:55.833+00:00,71ab7321-a8fb-4bee-b785-4b74d8048737,200,,False,480.105,21.78,92,69.96,True,42,logs,92.0,1.4266728e-06
11,runtime_compare,live,python-optimised,python,optimised,1024,follow_up,idle,off,False,update_env,1,,,,1790078756.317,2026-09-22T12:05:56.316+00:00,7477f9f5-6666-4597-8f09-91ff71b6bd5e,200,,False,203.007,30.44,31,,False,42,logs,31.0,6.133354e-07
12,runtime_compare,live,java-optimised,java,optimised,1024,measure,idle,off,True,update_env,2,,,,1790078758.633,2026-09-22T12:05:58.632+00:00,f1e1be9d-3638-4c83-ae23-8e422188f926,200,,False,771.165,94.32,406,310.95,True,109,logs,406.0,5.6133604e-06
13,runtime_compare,live,java-optimised,java,optimised,1024,follow_up,idle,off,False,update_env,2,,,,1790078759.405,2026-09-22T12:05:59.405+00:00,756577f7-ddf7-47a9-afa7-8091bbfb2e9a,200,,False,217.396,35.28,36,,False,109,logs,36.0,6.800024e-07
14,runtime_compare,live,python-optimised,python,optimised,1024,measure,idle,off,True,update_env,2,,,,1790078761.721,2026-09-22T12:06:01.721+00:00,4dbe6166-d849-447f-968a-ef06c4e59012,200,,False,414.13,20.05,110,89.39,True,42,logs,110.0,1.666674e-06
15,runtime_compare,live,python-optimised,python,optimised,1024,follow_up,idle,off,False,update_env,2,,,,1790078762.139,2026-09-22T12:06:02.138+00:00,9c5246df-ac86-4e55-b5eb-d1f85f29d392,200,,False,211.154,17.0,17,,False,42,logs,17.0,4.266678e-07
16,runtime_compare,live,nodejs-optimised,nodejs,optimised,1024,measure,idle,off,True,update_env,2,,,,1790078764.41,2026-09-22T12:06:04.410+00:00,3a709deb-aac9-4c7c-9cc7-b4c4520c2152,200,,False,761.2,195.38,346,149.86,True,79,logs,346.0,4.8133564e-06
17,runtime_compare,live,nodejs-optimised,nodejs,optimised,1024,follow_up,idle,off,False,update_env,2,,,,1790078765.172,2026-09-22T12:06:05.172+00:00,5c69acad-71a9-4824-bc16-3396e1cbb5a9,200,,False,334.455,130.71,131,,False,79,logs,131.0,1.9466754e-06
18,runtime_compare,live,python-optimised,python,optimised,1024,measure,idle,off,True,update_env,3,,,,1790078767.58,2026-09-22T12:06:07.580+00:00,89b394a1-4fb7-4e55-b7c9-6833583e5511,200,,False,419.881,28.8,123,93.9,True,41,logs,123.0,1.8400082e-06
19,runtime_compare,live,python-optimised,python,optimised,1024,follow_up,idle,off,False,update_env,3,,,,1790078768.001,2026-09-22T12:06:08.001+00:00,fb042c6f-f5eb-47ec-a574-3d586702549f,200,,False,200.373,26.84,27,,False,41,logs,27.0,5.600018e-07
20,runtime_compare,live,java-optimised,java,optimised,1024,measure,idle,off,True,update_env,3,,,,1790078770.309,2026-09-22T12:06:10.308+00:00,206f77df-f5d7-4a35-8ad5-0341b465b830,200,,False,1308.04,134.18,1005,870.68,True,109,logs,1005.0,1.3600066999999998e-05
21,runtime_compare,live,java-optimised,java,optimised,1024,follow_up,idle,off,False,update_env,3,,,,1790078771.62,2026-09-22T12:06:11.620+00:00,a3660144-8e87-438a-b04c-21f7cb3d0eee,200,,False,226.671,52.05,53,,False,109,logs,53.0,9.066701999999999e-07
22,runtime_compare,live,nodejs-optimised,nodejs,optimised,1024,measure,idle,off,True,update_env,3,,,,1790078774.084,2026-09-22T12:06:14.083+00:00,03582d2a-e88e-4a4b-9905-4c12b3d0a3f1,200,,False,630.23,186.85,335,147.38,True,78,logs,335.0,4.6666890000000005e-06
23,runtime_compare,live,nodejs-optimised,nodejs,optimised,1024,follow_up,idle,off,False,update_env,3,,,,1790078774.717,2026-09-22T12:06:14.717+00:00,9af63fec-c730-4c05-8d29-691a86ac66b7,200,,False,291.327,119.03,120,,False,79,logs,120.0,1.800008e-06
24,runtime_compare,live,nodejs-optimised,nodejs,optimised,1024,measure,idle,off,True,update_env,4,,,,1790078777.139,2026-09-22T12:06:17.139+00:00,009e264b-0a33-420f-b2e9-4df6e71a6308,200,,False,647.545,194.12,346,151.17,True,78,logs,346.0,4.8133564e-06
25,runtime_compare,live,nodejs-optimised,nodejs,optimised,1024,follow_up,idle,off,False,update_env,4,,,,1790078777.79,2026-09-22T12:06:17.789+00:00,3011bde2-8fd7-45c7-a5d3-3c8bf8c70112,200,,False,338.889,124.88,125,,False,78,logs,125.0,1.866675e-06
26,runtime_compare,live,python-optimised,python,optimised,1024,measure,idle,off,True,update_env,4,,,,1790078780.377,2026-09-22T12:06:20.377+00:00,78cd0b6c-8121-4d58-9ede-05ed62c0efe2,200,,False,378.132,26.93,106,78.3,True,41,logs,106.0,1.6133403999999999e-06
27,runtime_compare,live,python-optimised,python,optimised,1024,follow_up,idle,off,False,update_env,4,,,,1790078780.756,2026-09-22T12:06:20.756+00:00,112f285e-5963-4b2a-a7f0-032bce395bc1,200,,False,197.723,23.28,24,,False,41,logs,24.0,5.200016e-07
28,runtime_compare,live,java-optimised,java,optimised,1024,measure,idle,off,True,update_env,4,,,,1790078783.064,2026-09-22T12:06:23.064+00:00,cb53fe6d-0f97-43d2-bec1-910796dedcda,200,,False,707.826,92.09,427,334.2,True,111,logs,427.0,5.8933618e-06
29,runtime_compare,live,java-optimised,java,optimised,1024,follow_up,idle,off,False,update_env,4,,,,1790078783.773,2026-09-22T12:06:23.773+00:00,1a995a79-4f46-4186-b10c-c0003a7f8444,200,,False,201.976,28.73,29,,False,111,logs,29.0,5.866686000000001e-07
30,runtime_compare,live,nodejs-optimised,nodejs,optimised,1024,measure,idle,off,True,update_env,5,,,,1790078786.144,2026-09-22T12:06:26.144+00:00,694fd7ef-5c8d-4998-a56d-4819b8b765a7,200,,False,656.27,204.11,361,155.95,True,79,logs,361.0,5.0133574e-06
31,runtime_compare,live,nodejs-optimised,nodejs,optimised,1024,follow_up,idle,off,False,update_env,5,,,,1790078786.802,2026-09-22T12:06:26.801+00:00,75f52549-085e-44d1-baac-7f494f380096,200,,False,388.615,125.36,126,,False,79,logs,126.0,1.8800084e-06
32,runtime_compare,live,python-optimised,python,optimised,1024,measure,idle,off,True,update_env,5,,,,1790078789.288,2026-09-22T12:06:29.288+00:00,420312d1-5aca-48f0-9d48-f6e92f322c88,200,,False,418.33,16.79,109,91.97,True,41,logs,109.0,1.6533406e-06
33,runtime_compare,live,python-optimised,python,optimised,1024,follow_up,idle,off,False,update_env,5,,,,1790078789.708,2026-09-22T12:06:29.708+00:00,d0b87380-3b95-4a61-8212-280595818885,200,,False,200.577,28.78,29,,False,41,logs,29.0,5.866686000000001e-07
34,runtime_compare,live,java-optimised,java,optimised,1024,measure,idle,off,True,update_env,5,,,,1790078791.974,2026-09-22T12:06:31.974+00:00,f0d76b4e-41f4-4a8a-a6b5-7f2914428b23,200,,False,897.479,135.13,590,454.5,True,107,logs,590.0,8.066706e-06
35,runtime_compare,live,java-optimised,java,optimised,1024,follow_up,idle,off,False,update_env,5,,,,1790078792.874,2026-09-22T12:06:32.873+00:00,3f721653-917e-4676-a188-321788a7a36a,200,,False,209.674,38.7,39,,False,107,logs,39.0,7.200026e-07
36,runtime_compare,live,python-optimised,python,optimised,1024,measure,idle,off,True,update_env,6,,,,1790078795.136,2026-09-22T12:06:35.136+00:00,dc9370d9-cff9-417d-8bf7-9e337ef3763b,200,,False,443.894,26.93,99,72.05,True,42,logs,99.0,1.5200066e-06
37,runtime_compare,live,python-optimised,python,optimised,1024,follow_up,idle,off,False,update_env,6,,,,1790078795.582,2026-09-22T12:06:35.582+00:00,2f9e5d74-cb5c-49b3-9168-8eff22453c1d,200,,False,195.751,23.17,24,,False,42,logs,24.0,5.200016e-07
38,runtime_compare,live,nodejs-optimised,nodejs,optimised,1024,measure,idle,off,True,update_env,6,,,,1790078797.9,2026-09-22T12:06:37.900+00:00,8186dac0-b613-4fb8-a19e-ef24c21895b6,200,,False,733.331,210.22,356,144.94,True,78,logs,356.0,4.9466903999999995e-06
39,runtime_compare,live,nodejs-optimised,nodejs,optimised,1024,follow_up,idle,off,False,update_env,6,,,,1790078798.635,2026-09-22T12:06:38.634+00:00,3435ec0d-aab2-4e74-a41f-ea0e411d0d4b,200,,False,299.817,125.9,126,,False,78,logs,126.0,1.8800084e-06
40,runtime_compare,live,java-optimised,java,optimised,1024,measure,idle,off,True,update_env,6,,,,1790078801.172,2026-09-22T12:06:41.172+00:00,b490280d-aa98-4544-87a9-628a4ead8c33,200,,False,904.194,147.96,605,456.48,True,109,logs,605.0,8.266706999999999e-06
41,runtime_compare,live,java-optimised,java,optimised,1024,follow_up,idle,off,False,update_env,6,,,,1790078802.078,2026-09-22T12:06:42.077+00:00,8e01f262-1160-4fca-8adf-5872a3344e02,200,,False,215.099,42.0,42,,False,109,logs,42.0,7.600028e-07
42,runtime_compare,live,java-optimised,java,optimised,1024,measure,idle,off,True,update_env,7,,,,1790078804.409,2026-09-22T12:06:44.409+00:00,2edcf4b6-af35-4948-b1dc-77e2e8130fc1,200,,False,845.986,117.94,563,444.14,True,107,logs,563.0,7.7067042e-06
43,runtime_compare,live,java-optimised,java,optimised,1024,follow_up,idle,off,False,update_env,7,,,,1790078805.257,2026-09-22T12:06:45.256+00:00,64422574-ca97-404c-90da-92604f10895f,200,,False,209.389,39.03,40,,False,107,logs,40.0,7.33336e-07
44,runtime_compare,live,nodejs-optimised,nodejs,optimised,1024,measure,idle,off,True,update_env,7,,,,1790078807.639,2026-09-22T12:06:47.638+00:00,b40464b5-31de-4ecd-bca9-b8af91b86e05,200,,False,564.662,151.86,274,121.95,True,78,logs,274.0,3.8533516e-06
45,runtime_compare,live,nodejs-optimised,nodejs,optimised,1024,follow_up,idle,off,False,update_env,7,,,,1790078808.208,2026-09-22T12:06:48.207+00:00,99f0be9b-7368-4474-8f91-9b23d828972c,200,,False,273.184,101.33,102,,False,78,logs,102.0,1.5600068e-06
46,runtime_compare,live,python-optimised,python,optimised,1024,measure,idle,off,True,update_env,7,,,,1790078810.676,2026-09-22T12:06:50.675+00:00,c234de5f-2f17-4396-b11d-420febf8433e,200,,False,418.905,21.75,116,93.76,True,41,logs,116.0,1.7466744e-06
47,runtime_compare,live,python-optimised,python,optimised,1024,follow_up,idle,off,False,update_env,7,,,,1790078811.095,2026-09-22T12:06:51.095+00:00,128275aa-c157-43a6-a1d7-f40a47831ed3,200,,False,212.723,20.33,21,,False,41,logs,21.0,4.800014000000001e-07
48,runtime_compare,live,nodejs-optimised,nodejs,optimised,1024,measure,idle,off,True,update_env,8,,,,1790078813.526,2026-09-22T12:06:53.525+00:00,767116b7-900c-47c4-a98a-4b9461bba2b0,200,,False,542.855,150.24,266,115.41,True,78,logs,266.0,3.7466844000000002e-06
49,runtime_compare,live,nodejs-optimised,nodejs,optimised,1024,follow_up,idle,off,False,update_env,8,,,,1790078814.069,2026-09-22T12:06:54.068+00:00,26eb4dd9-f3dd-412b-81ab-9ef519bd904d,200,,False,271.883,100.29,101,,False,78,logs,101.0,1.5466734e-06
50,runtime_compare,live,java-optimised,java,optimised,1024,measure,idle,off,True,update_env,8,,,,1790078816.467,2026-09-22T12:06:56.467+00:00,a71b9451-b02e-4942-b537-2e03697842e7,200,,False,871.282,134.96,577,441.14,True,107,logs,577.0,7.8933718e-06
51,runtime_compare,live,java-optimised,java,optimised,1024,follow_up,idle,off,False,update_env,8,,,,1790078817.341,2026-09-22T12:06:57.340+00:00,a2629cf9-e302-4124-85d8-d4897c21a1dc,200,,False,257.911,47.03,48,,False,107,logs,48.0,8.400032e-07
52,runtime_compare,live,python-optimised,python,optimised,1024,measure,idle,off,True,update_env,8,,,,1790078819.697,2026-09-22T12:06:59.697+00:00,2946ce8e-d7a2-4ee7-93ec-6373d1af708b,200,,False,415.72,33.17,127,93.75,True,41,logs,127.0,1.8933418e-06
53,runtime_compare,live,python-optimised,python,optimised,1024,follow_up,idle,off,False,update_env,8,,,,1790078820.113,2026-09-22T12:07:00.113+00:00,ba2bcc38-cae1-415b-a269-3e6747343b53,200,,False,184.854,16.52,17,,False,41,logs,17.0,4.266678e-07
54,runtime_compare,live,nodejs-optimised,nodejs,optimised,1024,measure,idle,off,True,update_env,9,,,,1790078822.397,2026-09-22T12:07:02.397+00:00,5f094ba6-96bc-47f3-bf6c-0f0820fc6c4f,200,,False,606.928,195.45,340,144.39,True,79,logs,340.0,4.733356e-06
55,runtime_compare,live,nodejs-optimised,nodejs,optimised,1024,follow_up,idle,off,False,update_env,9,,,,1790078823.007,2026-09-22T12:07:03.006+00:00,f1be7cda-7ca8-41f2-a1ba-d973eff2d3b7,200,,False,361.055,111.21,112,,False,79,logs,112.0,1.6933408e-06
56,runtime_compare,live,python-optimised,python,optimised,1024,measure,idle,off,True,update_env,9,,,,1790078825.629,2026-09-22T12:07:05.628+00:00,53a1df3c-511b-47a4-8627-a0305c4e9262,200,,False,390.311,21.32,98,75.96,True,41,logs,98.0,1.5066732e-06
57,runtime_compare,live,python-optimised,python,optimised,1024,follow_up,idle,off,False,update_env,9,,,,1790078826.02,2026-09-22T12:07:06.019+00:00,a2458d5e-57b6-4fc1-94fd-c2c048c8225b,200,,False,236.202,26.57,27,,False,41,logs,27.0,5.600018e-07
58,runtime_compare,live,java-optimised,java,optimised,1024,measure,idle,off,True,update_env,9,,,,1790078828.535,2026-09-22T12:07:08.535+00:00,8139ac67-ad82-45c2-a83d-764d09272ea2,200,,False,219.424,50.67,51,,False,107,logs,51.0,8.800034e-07
59,runtime_compare,live,java-optimised,java,optimised,1024,follow_up,idle,off,False,update_env,9,,,,1790078828.755,2026-09-22T12:07:08.755+00:00,3a32c6a9-9cd2-49b4-9249-5d96fd428daf,200,,False,199.244,28.63,29,,False,107,logs,29.0,5.866686000000001e-07
60,runtime_compare,live,nodejs-optimised,nodejs,optimised,1024,measure,idle,off,True,update_env,10,,,,1790078831.0,2026-09-22T12:07:10.999+00:00,e85daacc-6b8b-452d-8625-db277c3960b5,200,,False,625.808,190.75,334,142.99,True,79,logs,334.0,4.6533556e-06
61,runtime_compare,live,nodejs-optimised,nodejs,optimised,1024,follow_up,idle,off,False,update_env,10,,,,1790078831.626,2026-09-22T12:07:11.626+00:00,5d2b63da-da2f-4ccd-be84-9209da040fad,200,,False,299.304,124.31,125,,False,79,logs,125.0,1.866675e-06
62,runtime_compare,live,java-optimised,java,optimised,1024,measure,idle,off,True,update_env,10,,,,1790078834.213,2026-09-22T12:07:14.212+00:00,58fceeb6-f4b8-4edc-9047-c8b049479bf8,200,,False,722.033,110.26,443,332.04,True,108,logs,443.0,6.1066962e-06
63,runtime_compare,live,java-optimised,java,optimised,1024,follow_up,idle,off,False,update_env,10,,,,1790078834.936,2026-09-22T12:07:14.936+00:00,87d72d12-c3e3-421d-bcd3-04c2a05b9da9,200,,False,202.048,28.47,29,,False,108,logs,29.0,5.866686000000001e-07
64,runtime_compare,live,python-optimised,python,optimised,1024,measure,idle,off,True,update_env,10,,,,1790078837.317,2026-09-22T12:07:17.317+00:00,f5254e0f-44d2-400f-99fd-608ecf9a9922,200,,False,410.694,32.48,123,90.05,True,41,logs,123.0,1.8400082e-06
65,runtime_compare,live,python-optimised,python,optimised,1024,follow_up,idle,off,False,update_env,10,,,,1790078837.728,2026-09-22T12:07:17.728+00:00,0a1a2d06-cdad-4bbe-b8d5-6e3d482e6d3d,200,,False,189.37,16.39,17,,False,41,logs,17.0,4.266678e-07
66,runtime_compare,live,java-optimised,java,optimised,1024,measure,idle,off,True,update_env,11,,,,1790078840.146,2026-09-22T12:07:20.146+00:00,72bc5afe-dcef-40a4-b2cb-8577fdf7b84b,200,,False,854.082,122.33,544,420.76,True,109,logs,544.0,7.4533696e-06
67,runtime_compare,live,java-optimised,java,optimised,1024,follow_up,idle,off,False,update_env,11,,,,1790078841.002,2026-09-22T12:07:21.002+00:00,a73e37ee-40e1-4aa9-a1e1-31f9e1eb4adc,200,,False,232.335,47.37,48,,False,109,logs,48.0,8.400032e-07
68,runtime_compare,live,python-optimised,python,optimised,1024,measure,idle,off,True,update_env,11,,,,1790078843.336,2026-09-22T12:07:23.335+00:00,7d53638e-ad8b-46cf-bb94-114c127408b7,200,,False,481.349,27.75,118,89.79,True,41,logs,118.0,1.7733412e-06
69,runtime_compare,live,python-optimised,python,optimised,1024,follow_up,idle,off,False,update_env,11,,,,1790078843.818,2026-09-22T12:07:23.818+00:00,cf255132-7e47-40e3-85d3-dd240b16a878,200,,False,204.978,27.6,28,,False,41,logs,28.0,5.733352e-07
70,runtime_compare,live,nodejs-optimised,nodejs,optimised,1024,measure,idle,off,True,update_env,11,,,,1790078846.133,2026-09-22T12:07:26.132+00:00,e286af3a-be4c-4f3c-8ae3-16dfc9982520,200,,False,603.771,186.9,309,121.34,True,79,logs,309.0,4.3200205999999995e-06
71,runtime_compare,live,nodejs-optimised,nodejs,optimised,1024,follow_up,idle,off,False,update_env,11,,,,1790078846.738,2026-09-22T12:07:26.737+00:00,4f981f66-563c-487c-a0b5-3ce7e138425a,200,,False,285.759,112.45,113,,False,79,logs,113.0,1.7066742000000001e-06
72,runtime_compare,live,nodejs-optimised,nodejs,optimised,1024,measure,idle,off,True,update_env,12,,,,1790078849.077,2026-09-22T12:07:29.077+00:00,df95b17e-0796-4466-87e8-5e5de4d1a284,200,,False,562.282,159.21,275,114.81,True,79,logs,275.0,3.866685e-06
73,runtime_compare,live,nodejs-optimised,nodejs,optimised,1024,follow_up,idle,off,False,update_env,12,,,,1790078849.643,2026-09-22T12:07:29.642+00:00,14c73241-903d-4ed3-985d-dbfa2a221b22,200,,False,267.368,86.34,87,,False,79,logs,87.0,1.3600058e-06
74,runtime_compare,live,python-optimised,python,optimised,1024,measure,idle,off,True,update_env,12,,,,1790078852.107,2026-09-22T12:07:32.107+00:00,c80dd644-c48f-4e34-a389-7d2b0871553f,200,,False,395.465,15.57,90,73.77,True,41,logs,90.0,1.4000059999999999e-06
75,runtime_compare,live,python-optimised,python,optimised,1024,follow_up,idle,off,False,update_env,12,,,,1790078852.504,2026-09-22T12:07:32.503+00:00,59f5eaf0-d287-4242-a3bb-de43e1d4c647,200,,False,273.413,23.7,24,,False,41,logs,24.0,5.200016e-07
76,runtime_compare,live,java-optimised,java,optimised,1024,measure,idle,off,True,update_env,12,,,,1790078854.927,2026-09-22T12:07:34.927+00:00,d97a214f-2090-45c4-9c4c-a12721866c77,200,,False,754.508,109.08,460,350.13,True,110,logs,460.0,6.333364e-06
77,runtime_compare,live,java-optimised,java,optimised,1024,follow_up,idle,off,False,update_env,12,,,,1790078855.683,2026-09-22T12:07:35.682+00:00,aec481e3-afda-4f03-b0de-7f4eb831f667,200,,False,199.892,28.37,29,,False,110,logs,29.0,5.866686000000001e-07
78,runtime_compare,live,python-optimised,python,optimised,1024,measure,idle,off,True,update_env,13,,,,1790078858.001,2026-09-22T12:07:38.000+00:00,d5657dd1-81b3-4188-bcf6-3480ede1caec,200,,False,373.746,26.83,99,71.24,True,41,logs,99.0,1.5200066e-06
79,runtime_compare,live,python-optimised,python,optimised,1024,follow_up,idle,off,False,update_env,13,,,,1790078858.377,2026-09-22T12:07:38.377+00:00,7d380bfe-7a9b-4aa3-887d-8c1d97cf79c8,200,,False,197.044,23.44,24,,False,42,logs,24.0,5.200016e-07
80,runtime_compare,live,java-optimised,java,optimised,1024,measure,idle,off,True,update_env,13,,,,1790078860.657,2026-09-22T12:07:40.657+00:00,84548c1e-282c-4a6d-8442-1c95a316c812,200,,False,755.813,117.92,465,346.29,True,109,logs,465.0,6.400031e-06
81,runtime_compare,live,java-optimised,java,optimised,1024,follow_up,idle,off,False,update_env,13,,,,1790078861.414,2026-09-22T12:07:41.414+00:00,e823ffd2-f80a-471f-bfee-1a0f6df6a36c,200,,False,273.157,28.81,29,,False,109,logs,29.0,5.866686000000001e-07
82,runtime_compare,live,nodejs-optimised,nodejs,optimised,1024,measure,idle,off,True,update_env,13,,,,1790078863.779,2026-09-22T12:07:43.779+00:00,2c7bc663-fe48-492d-9480-9fc85da0518f,200,,False,619.068,184.19,327,142.17,True,78,logs,327.0,4.5600218e-06
83,runtime_compare,live,nodejs-optimised,nodejs,optimised,1024,follow_up,idle,off,False,update_env,13,,,,1790078864.401,2026-09-22T12:07:44.401+00:00,be1733ce-9502-4aad-9f8f-0ca89e4bfeb2,200,,False,410.438,116.46,117,,False,78,logs,117.0,1.7600078e-06
84,runtime_compare,live,nodejs-optimised,nodejs,optimised,1024,measure,idle,off,True,update_env,14,,,,1790078866.883,2026-09-22T12:07:46.883+00:00,179dd5f6-ad43-437d-b3b5-4c122891acf7,200,,False,617.473,209.6,329,119.34,True,79,logs,329.0,4.5866886e-06
85,runtime_compare,live,nodejs-optimised,nodejs,optimised,1024,follow_up,idle,off,False,update_env,14,,,,1790078867.506,2026-09-22T12:07:47.505+00:00,7999efd6-9959-4218-918a-c156290bcb09,200,,False,277.344,102.86,103,,False,79,logs,103.0,1.5733402e-06
86,runtime_compare,live,java-optimised,java,optimised,1024,measure,idle,off,True,update_env,14,,,,1790078869.86,2026-09-22T12:07:49.860+00:00,e85d73f9-95fa-4bc9-96ce-39fbb859346e,200,,False,750.344,126.47,465,338.26,True,95,logs,465.0,6.400031e-06
87,runtime_compare,live,java-optimised,java,optimised,1024,follow_up,idle,off,False,update_env,14,,,,1790078870.614,2026-09-22T12:07:50.613+00:00,d7713468-44ec-4b08-8b7f-3ee34cbf1f1b,200,,False,212.857,33.6,34,,False,95,logs,34.0,6.533356e-07
88,runtime_compare,live,python-optimised,python,optimised,1024,measure,idle,off,True,update_env,14,,,,1790078872.906,2026-09-22T12:07:52.906+00:00,22fb6388-f294-4de5-97bf-e807d46c56fd,200,,False,370.513,12.4,87,74.41,True,41,logs,87.0,1.3600058e-06
89,runtime_compare,live,python-optimised,python,optimised,1024,follow_up,idle,off,False,update_env,14,,,,1790078873.278,2026-09-22T12:07:53.278+00:00,2176e684-91f3-4b7f-80cf-5d7cb20c9df0,200,,False,193.024,25.53,26,,False,41,logs,26.0,5.466683999999999e-07
90,runtime_compare,live,java-optimised,java,optimised,1024,measure,idle,off,True,update_env,15,,,,1790078875.682,2026-09-22T12:07:55.681+00:00,d8e76229-0bdf-4305-96e6-20c28ed74980,200,,False,712.938,106.53,437,329.79,True,107,logs,437.0,6.026695799999999e-06
91,runtime_compare,live,java-optimised,java,optimised,1024,follow_up,idle,off,False,update_env,15,,,,1790078876.396,2026-09-22T12:07:56.396+00:00,c8925c11-3f49-433a-9a64-7dae877532f8,200,,False,200.03,29.71,30,,False,107,logs,30.0,6.00002e-07
92,runtime_compare,live,nodejs-optimised,nodejs,optimised,1024,measure,idle,off,True,update_env,15,,,,1790078878.742,2026-09-22T12:07:58.741+00:00,f5850f60-2d14-4ab1-9275-afa8d779506c,200,,False,637.662,195.42,347,151.04,True,78,logs,347.0,4.826689799999999e-06
93,runtime_compare,live,nodejs-optimised,nodejs,optimised,1024,follow_up,idle,off,False,update_env,15,,,,1790078879.381,2026-09-22T12:07:59.380+00:00,688da531-2fee-4e71-b860-e438654b8836,200,,False,326.656,112.94,113,,False,78,logs,113.0,1.7066742000000001e-06
94,runtime_compare,live,python-optimised,python,optimised,1024,measure,idle,off,True,update_env,15,,,,1790078881.82,2026-09-22T12:08:01.820+00:00,0928503b-a329-494b-bc5f-344a4fc1dd68,200,,False,448.414,26.96,122,94.2,True,41,logs,122.0,1.8266747999999999e-06
95,runtime_compare,live,python-optimised,python,optimised,1024,follow_up,idle,off,False,update_env,15,,,,1790078882.271,2026-09-22T12:08:02.271+00:00,0fc1e83e-c206-4968-b7bd-f6f2065ecc7e,200,,False,199.522,26.19,27,,False,41,logs,27.0,5.600018e-07
96,runtime_compare,live,python-optimised,python,optimised,1024,measure,idle,off,True,update_env,16,,,,1790078884.709,2026-09-22T12:08:04.709+00:00,9efb7939-3979-4bb6-9c4a-58a8d680d1b0,200,,False,376.999,22.61,98,75.1,True,42,logs,98.0,1.5066732e-06
97,runtime_compare,live,python-optimised,python,optimised,1024,follow_up,idle,off,False,update_env,16,,,,1790078885.087,2026-09-22T12:08:05.087+00:00,402e0188-456a-47e9-81c6-b05387c366b2,200,,False,197.387,21.13,22,,False,42,logs,22.0,4.933348e-07
98,runtime_compare,live,nodejs-optimised,nodejs,optimised,1024,measure,idle,off,True,update_env,16,,,,1790078887.42,2026-09-22T12:08:07.420+00:00,7eea2fe9-1258-4591-b6fb-fa3f3c24f9ac,200,,False,584.371,182.57,291,108.14,True,79,logs,291.0,4.0800194e-06
99,runtime_compare,live,nodejs-optimised,nodejs,optimised,1024,follow_up,idle,off,False,update_env,16,,,,1790078888.009,2026-09-22T12:08:08.008+00:00,28fdb375-3f74-44fc-89fa-0536cd80265d,200,,False,275.566,97.32,98,,False,79,logs,98.0,1.5066732e-06
100,runtime_compare,live,java-optimised,java,optimised,1024,measure,idle,off,True,update_env,16,,,,1790078890.564,2026-09-22T12:08:10.564+00:00,fd9ed3ef-f0f1-4dd1-97cb-acd1624e43cf,200,,False,960.762,115.86,545,428.99,True,111,logs,545.0,7.466703000000001e-06
101,runtime_compare,live,java-optimised,java,optimised,1024,follow_up,idle,off,False,update_env,16,,,,1790078891.526,2026-09-22T12:08:11.526+00:00,e5d0f249-8885-4080-bbd4-46093df2da16,200,,False,210.208,37.15,38,,False,111,logs,38.0,7.066692e-07
102,runtime_compare,live,java-optimised,java,optimised,1024,measure,idle,off,True,update_env,17,,,,1790078894.045,2026-09-22T12:08:14.044+00:00,61b28fbe-32ca-4989-af91-3b1e38d75b00,200,,False,1008.449,142.03,564,421.73,True,110,logs,564.0,7.7200376e-06
103,runtime_compare,live,java-optimised,java,optimised,1024,follow_up,idle,off,False,update_env,17,,,,1790078895.054,2026-09-22T12:08:15.054+00:00,bb9996ea-6f1c-4e39-88fe-213f6402a486,200,,False,224.65,48.8,49,,False,110,logs,49.0,8.533366e-07
104,runtime_compare,live,python-optimised,python,optimised,1024,measure,idle,off,True,update_env,17,,,,1790078897.566,2026-09-22T12:08:17.566+00:00,10cfcc99-40a5-4de7-9164-94b4a93a959c,200,,False,410.439,17.49,108,90.06,True,41,logs,108.0,1.6400072e-06
105,runtime_compare,live,python-optimised,python,optimised,1024,follow_up,idle,off,False,update_env,17,,,,1790078897.978,2026-09-22T12:08:17.977+00:00,b96eb130-73d5-4a9d-ada6-cfdf30f69387,200,,False,197.701,27.76,28,,False,41,logs,28.0,5.733352e-07
106,runtime_compare,live,nodejs-optimised,nodejs,optimised,1024,measure,idle,off,True,update_env,17,,,,1790078900.44,2026-09-22T12:08:20.439+00:00,a08ea05f-8546-401f-86a7-60ce0130c56a,200,,False,568.14,156.7,279,121.33,True,79,logs,279.0,3.9200186e-06
107,runtime_compare,live,nodejs-optimised,nodejs,optimised,1024,follow_up,idle,off,False,update_env,17,,,,1790078901.009,2026-09-22T12:08:21.009+00:00,7baec3cb-b9e9-4bff-8952-cc4f9d523648,200,,False,268.64,100.21,101,,False,79,logs,101.0,1.5466734e-06
108,runtime_compare,live,nodejs-optimised,nodejs,optimised,1024,measure,idle,off,True,update_env,18,,,,1790078903.331,2026-09-22T12:08:23.330+00:00,b50ea933-11f6-401f-b1d3-5ccd5b7c591c,200,,False,638.36,197.77,345,147.01,True,79,logs,345.0,4.800022999999999e-06
109,runtime_compare,live,nodejs-optimised,nodejs,optimised,1024,follow_up,idle,off,False,update_env,18,,,,1790078903.973,2026-09-22T12:08:23.972+00:00,42fca767-09e6-49df-acf2-58abcd734ff0,200,,False,312.049,125.11,126,,False,79,logs,126.0,1.8800084e-06
110,runtime_compare,live,java-optimised,java,optimised,1024,measure,idle,off,True,update_env,18,,,,1790078906.443,2026-09-22T12:08:26.443+00:00,c06204f1-838e-4cea-a35d-f3b33c42c5f8,200,,False,697.558,97.51,415,316.95,True,109,logs,415.0,5.733360999999999e-06
111,runtime_compare,live,java-optimised,java,optimised,1024,follow_up,idle,off,False,update_env,18,,,,1790078907.143,2026-09-22T12:08:27.142+00:00,71177b11-86f3-4bfe-bb47-3f06175789e4,200,,False,212.748,34.76,35,,False,109,logs,35.0,6.666690000000001e-07
112,runtime_compare,live,python-optimised,python,optimised,1024,measure,idle,off,True,update_env,18,,,,1790078909.6,2026-09-22T12:08:29.599+00:00,19ed3f00-d878-4df2-85ae-eefe587abaa8,200,,False,420.731,18.66,89,70.33,True,42,logs,89.0,1.3866726e-06
113,runtime_compare,live,python-optimised,python,optimised,1024,follow_up,idle,off,False,update_env,18,,,,1790078910.022,2026-09-22T12:08:30.021+00:00,206bdc79-a5ba-474e-b7e2-3ad8fc11a53f,200,,False,195.905,21.77,22,,False,42,logs,22.0,4.933348e-07
114,runtime_compare,live,nodejs-optimised,nodejs,optimised,1024,measure,idle,off,True,update_env,19,,,,1790078912.274,2026-09-22T12:08:32.273+00:00,fe8f03aa-cdc1-46ea-938b-16579244eef9,200,,False,596.736,154.66,270,114.8,True,77,logs,270.0,3.800018e-06
115,runtime_compare,live,nodejs-optimised,nodejs,optimised,1024,follow_up,idle,off,False,update_env,19,,,,1790078912.872,2026-09-22T12:08:32.872+00:00,3c804f11-4040-4dc9-9913-8ce53c93f38f,200,,False,271.688,94.39,95,,False,77,logs,95.0,1.466673e-06
116,runtime_compare,live,python-optimised,python,optimised,1024,measure,idle,off,True,update_env,19,,,,1790078915.349,2026-09-22T12:08:35.348+00:00,73d3e5ca-b587-4de6-9c95-9aec515dc7f2,200,,False,468.211,17.06,103,85.2,True,41,logs,103.0,1.5733402e-06
117,runtime_compare,live,python-optimised,python,optimised,1024,follow_up,idle,off,False,update_env,19,,,,1790078915.818,2026-09-22T12:08:35.818+00:00,063cd2f7-790e-4783-a8b8-e30717ba3234,200,,False,188.536,16.41,17,,False,41,logs,17.0,4.266678e-07
118,runtime_compare,live,java-optimised,java,optimised,1024,measure,idle,off,True,update_env,19,,,,1790078918.267,2026-09-22T12:08:38.266+00:00,dff7cade-20b8-4f31-9b97-6d879637a4cd,200,,False,855.738,131.12,572,440.81,True,107,logs,572.0,7.8267048e-06
119,runtime_compare,live,java-optimised,java,optimised,1024,follow_up,idle,off,False,update_env,19,,,,1790078919.126,2026-09-22T12:08:39.125+00:00,45cd8a99-c1d4-4996-844a-98f0d13ca5e8,200,,False,209.924,41.96,42,,False,107,logs,42.0,7.600028e-07
120,runtime_compare,live,python-optimised,python,optimised,1024,measure,idle,off,True,update_env,20,,,,1790078921.409,2026-09-22T12:08:41.409+00:00,c2fdab43-f334-4244-92e7-96a1891d0dde,200,,False,417.831,34.01,124,89.05,True,41,logs,124.0,1.8533416e-06
121,runtime_compare,live,python-optimised,python,optimised,1024,follow_up,idle,off,False,update_env,20,,,,1790078921.828,2026-09-22T12:08:41.827+00:00,b954dabb-29f6-4bb6-b67b-70b9c29595a5,200,,False,198.352,18.54,19,,False,41,logs,19.0,4.533346e-07
122,runtime_compare,live,java-optimised,java,optimised,1024,measure,idle,off,True,update_env,20,,,,1790078924.099,2026-09-22T12:08:44.099+00:00,61774754-b3ef-48b5-8761-cef4bd298fbc,200,,False,834.365,127.15,544,416.49,True,107,logs,544.0,7.4533696e-06
123,runtime_compare,live,java-optimised,java,optimised,1024,follow_up,idle,off,False,update_env,20,,,,1790078924.935,2026-09-22T12:08:44.934+00:00,3a38deb0-798b-4bf0-808c-81133bf4f847,200,,False,212.804,37.07,38,,False,107,logs,38.0,7.066692e-07
124,runtime_compare,live,nodejs-optimised,nodejs,optimised,1024,measure,idle,off,True,update_env,20,,,,1790078927.29,2026-09-22T12:08:47.289+00:00,4daa9043-e3aa-4c9a-b021-5361ef1e1c7c,200,,False,652.724,200.85,347,145.59,True,79,logs,347.0,4.826689799999999e-06
125,runtime_compare,live,nodejs-optimised,nodejs,optimised,1024,follow_up,idle,off,False,update_env,20,,,,1790078927.946,2026-09-22T12:08:47.945+00:00,704bd2ee-325b-41f9-a99d-900b89ac8bf4,200,,False,313.576,139.03,140,,False,79,logs,140.0,2.0666760000000002e-06
126,runtime_compare,live,python-optimised,python,optimised,1024,measure,idle,off,True,update_env,21,,,,1790078930.323,2026-09-22T12:08:50.323+00:00,418debc1-df5c-4213-a9b8-c5ec544882e0,200,,False,453.867,18.05,115,96.41,True,41,logs,115.0,1.733341e-06
127,runtime_compare,live,python-optimised,python,optimised,1024,follow_up,idle,off,False,update_env,21,,,,1790078930.778,2026-09-22T12:08:50.777+00:00,37a64b26-b61c-4822-b5a8-7c2d7766e5c0,200,,False,257.502,20.13,21,,False,41,logs,21.0,4.800014000000001e-07
128,runtime_compare,live,java-optimised,java,optimised,1024,measure,idle,off,True,update_env,21,,,,1790078933.245,2026-09-22T12:08:53.244+00:00,f59046b9-21f8-454f-8270-9b7189ff5b04,200,,False,855.372,122.86,555,431.45,True,107,logs,555.0,7.6000370000000005e-06
129,runtime_compare,live,java-optimised,java,optimised,1024,follow_up,idle,off,False,update_env,21,,,,1790078934.101,2026-09-22T12:08:54.101+00:00,bc43de3e-0668-4612-ba28-d53e35582d2a,200,,False,216.023,41.85,42,,False,107,logs,42.0,7.600028e-07
130,runtime_compare,live,nodejs-optimised,nodejs,optimised,1024,measure,idle,off,True,update_env,21,,,,1790078936.538,2026-09-22T12:08:56.538+00:00,6548348e-651b-4f73-b411-c273023305d7,200,,False,599.33,175.19,312,136.26,True,79,logs,312.0,4.3600208e-06
131,runtime_compare,live,nodejs-optimised,nodejs,optimised,1024,follow_up,idle,off,False,update_env,21,,,,1790078937.139,2026-09-22T12:08:57.139+00:00,8e225ce7-7366-4bf5-b28b-a293972fb223,200,,False,272.834,101.2,102,,False,79,logs,102.0,1.5600068e-06
132,runtime_compare,live,nodejs-optimised,nodejs,optimised,1024,measure,idle,off,True,update_env,22,,,,1790078939.619,2026-09-22T12:08:59.618+00:00,1950203b-8a53-4605-a4b2-e8c4ab762e7f,200,,False,665.344,179.81,332,152.15,True,78,logs,332.0,4.6266888e-06
133,runtime_compare,live,nodejs-optimised,nodejs,optimised,1024,follow_up,idle,off,False,update_env,22,,,,1790078940.285,2026-09-22T12:09:00.285+00:00,100a50fe-fc16-4aa3-969e-1ebb2c6c290e,200,,False,353.001,123.6,124,,False,79,logs,124.0,1.8533416e-06
134,runtime_compare,live,python-optimised,python,optimised,1024,measure,idle,off,True,update_env,22,,,,1790078942.708,2026-09-22T12:09:02.708+00:00,d806184d-6568-43a7-8b7f-636a25b856f2,200,,False,446.658,27.98,105,76.4,True,41,logs,105.0,1.600007e-06
135,runtime_compare,live,python-optimised,python,optimised,1024,follow_up,idle,off,False,update_env,22,,,,1790078943.158,2026-09-22T12:09:03.158+00:00,a41d95d4-cc06-42f0-ab86-4c9ef56b17fd,200,,False,196.831,23.26,24,,False,41,logs,24.0,5.200016e-07
136,runtime_compare,live,java-optimised,java,optimised,1024,measure,idle,off,True,update_env,22,,,,1790078945.605,2026-09-22T12:09:05.604+00:00,a1cbd604-d011-4b93-8906-5bd4a8e4b2f5,200,,False,767.207,110.35,448,337.34,True,107,logs,448.0,6.1733631999999995e-06
137,runtime_compare,live,java-optimised,java,optimised,1024,follow_up,idle,off,False,update_env,22,,,,1790078946.374,2026-09-22T12:09:06.373+00:00,1ab1bd52-8f63-4796-95b0-808b165437c6,200,,False,202.912,18.56,19,,False,107,logs,19.0,4.533346e-07
138,runtime_compare,live,nodejs-optimised,nodejs,optimised,1024,measure,idle,off,True,update_env,23,,,,1790078948.706,2026-09-22T12:09:08.706+00:00,e6c34920-8acf-4f31-b0de-eab0c271336c,200,,False,564.179,162.47,282,118.93,True,79,logs,282.0,3.9600188e-06
139,runtime_compare,live,nodejs-optimised,nodejs,optimised,1024,follow_up,idle,off,False,update_env,23,,,,1790078949.273,2026-09-22T12:09:09.273+00:00,87fca877-b731-452b-b706-78beb60718fa,200,,False,279.413,107.62,108,,False,79,logs,108.0,1.6400072e-06
140,runtime_compare,live,python-optimised,python,optimised,1024,measure,idle,off,True,update_env,23,,,,1790078951.712,2026-09-22T12:09:11.712+00:00,b82b4657-dbb8-45d4-b682-dee88d2f5d16,200,,False,398.882,17.18,109,91.15,True,41,logs,109.0,1.6533406e-06
141,runtime_compare,live,python-optimised,python,optimised,1024,follow_up,idle,off,False,update_env,23,,,,1790078952.112,2026-09-22T12:09:12.112+00:00,5863d370-d822-485f-98c4-dc127d297e9c,200,,False,230.107,26.75,27,,False,41,logs,27.0,5.600018e-07
142,runtime_compare,live,java-optimised,java,optimised,1024,measure,idle,off,True,update_env,23,,,,1790078954.495,2026-09-22T12:09:14.495+00:00,4c1458e5-f4a7-4195-b5a5-1c15e2ab949c,200,,False,2237.758,132.31,549,416.4,True,107,logs,549.0,7.520036600000001e-06
143,runtime_compare,live,java-optimised,java,optimised,1024,follow_up,idle,off,False,update_env,23,,,,1790078956.737,2026-09-22T12:09:16.737+00:00,21fdbfdd-edca-45b9-b478-26c0eb5bed5c,200,,False,213.715,43.29,44,,False,107,logs,44.0,7.866696e-07
144,runtime_compare,live,java-optimised,java,optimised,1024,measure,idle,off,True,update_env,24,,,,1790078959.088,2026-09-22T12:09:19.088+00:00,1fd948d0-7df5-49b2-a643-229bf84d217d,200,,False,903.49,121.01,550,428.78,True,107,logs,550.0,7.53337e-06
145,runtime_compare,live,java-optimised,java,optimised,1024,follow_up,idle,off,False,update_env,24,,,,1790078959.993,2026-09-22T12:09:19.993+00:00,8897584b-595a-4148-9463-974a96586cae,200,,False,216.503,37.66,38,,False,107,logs,38.0,7.066692e-07
146,runtime_compare,live,python-optimised,python,optimised,1024,measure,idle,off,True,update_env,24,,,,1790078962.307,2026-09-22T12:09:22.306+00:00,7fff6b90-a949-457c-a998-aa88af17eb11,200,,False,405.359,17.03,121,103.22,True,41,logs,121.0,1.8133414e-06
147,runtime_compare,live,python-optimised,python,optimised,1024,follow_up,idle,off,False,update_env,24,,,,1790078962.712,2026-09-22T12:09:22.712+00:00,d9f735b9-30b6-4d60-9dd1-44b67ae5ba6c,200,,False,193.698,22.66,23,,False,41,logs,23.0,5.066682e-07
148,runtime_compare,live,nodejs-optimised,nodejs,optimised,1024,measure,idle,off,True,update_env,24,,,,1790078965.007,2026-09-22T12:09:25.006+00:00,508403d2-2a98-421c-8c2b-31826f32b9f2,200,,False,614.593,178.44,325,146.23,True,79,logs,325.0,4.533355e-06
149,runtime_compare,live,nodejs-optimised,nodejs,optimised,1024,follow_up,idle,off,False,update_env,24,,,,1790078965.623,2026-09-22T12:09:25.622+00:00,bdc2a4c1-05ea-4236-aefc-18d77b66bf17,200,,False,354.185,122.93,123,,False,79,logs,123.0,1.8400082e-06
150,runtime_compare,live,java-optimised,java,optimised,1024,measure,idle,off,True,update_env,25,,,,1790078968.084,2026-09-22T12:09:28.083+00:00,7fcd545c-0ee5-4108-82f4-32f69d42715f,200,,False,811.542,123.09,526,401.94,True,111,logs,526.0,7.2133684e-06
151,runtime_compare,live,java-optimised,java,optimised,1024,follow_up,idle,off,False,update_env,25,,,,1790078968.898,2026-09-22T12:09:28.898+00:00,871652ab-da19-4dcb-bec0-e1a256e444e7,200,,False,311.338,43.05,44,,False,111,logs,44.0,7.866696e-07
152,runtime_compare,live,nodejs-optimised,nodejs,optimised,1024,measure,idle,off,True,update_env,25,,,,1790078971.26,2026-09-22T12:09:31.260+00:00,9a65d6f7-1c33-44c9-a729-edf8efca9cc0,200,,False,612.965,186.03,331,144.46,True,78,logs,331.0,4.6133554e-06
153,runtime_compare,live,nodejs-optimised,nodejs,optimised,1024,follow_up,idle,off,False,update_env,25,,,,1790078971.874,2026-09-22T12:09:31.874+00:00,4a6318b8-07ee-4f9b-bfd3-3bc4e97bf118,200,,False,283.139,110.23,111,,False,78,logs,111.0,1.6800074e-06
154,runtime_compare,live,python-optimised,python,optimised,1024,measure,idle,off,True,update_env,25,,,,1790078974.243,2026-09-22T12:09:34.243+00:00,e09cae80-91ab-49f6-accb-5878b18d6e9a,200,,False,390.8,25.53,100,74.36,True,41,logs,100.0,1.53334e-06
155,runtime_compare,live,python-optimised,python,optimised,1024,follow_up,idle,off,False,update_env,25,,,,1790078974.634,2026-09-22T12:09:34.634+00:00,f0447f49-35eb-4b93-a563-c47ba95eccef,200,,False,252.852,14.92,15,,False,41,logs,15.0,4.00001e-07
156,runtime_compare,live,python-optimised,python,optimised,1024,measure,idle,off,True,update_env,26,,,,1790078976.987,2026-09-22T12:09:36.986+00:00,b1c79ed2-1392-44ce-8aaa-abeb4eba3500,200,,False,422.022,33.5,125,91.11,True,41,logs,125.0,1.866675e-06
157,runtime_compare,live,python-optimised,python,optimised,1024,follow_up,idle,off,False,update_env,26,,,,1790078977.411,2026-09-22T12:09:37.410+00:00,42002f56-40ab-4e32-acb3-94f644e35086,200,,False,198.987,26.31,27,,False,41,logs,27.0,5.600018e-07
158,runtime_compare,live,nodejs-optimised,nodejs,optimised,1024,measure,idle,off,True,update_env,26,,,,1790078979.679,2026-09-22T12:09:39.678+00:00,da4d7639-4405-4994-be6a-d95d861d54ab,200,,False,657.237,208.01,358,149.15,True,79,logs,358.0,4.9733571999999994e-06
159,runtime_compare,live,nodejs-optimised,nodejs,optimised,1024,follow_up,idle,off,False,update_env,26,,,,1790078980.338,2026-09-22T12:09:40.337+00:00,4942ac57-2843-42a1-8474-5da939e050e1,200,,False,340.171,126.52,127,,False,79,logs,127.0,1.8933418e-06
160,runtime_compare,live,java-optimised,java,optimised,1024,measure,idle,off,True,update_env,26,,,,1790078982.753,2026-09-22T12:09:42.753+00:00,5fb3ceaa-b113-4a8d-b4f2-fb2a4709803a,200,,False,881.969,122.39,558,434.74,True,107,logs,558.0,7.6400372e-06
161,runtime_compare,live,java-optimised,java,optimised,1024,follow_up,idle,off,False,update_env,26,,,,1790078983.641,2026-09-22T12:09:43.640+00:00,390c6859-c692-47cf-acd1-e5982b0943a3,200,,False,214.659,43.26,44,,False,107,logs,44.0,7.866696e-07
162,runtime_compare,live,python-optimised,python,optimised,1024,measure,idle,off,True,update_env,27,,,,1790078985.984,2026-09-22T12:09:45.984+00:00,da4b7240-0d11-4a1e-8f7e-f4c99daaa417,200,,False,585.363,16.81,108,90.59,True,41,logs,108.0,1.6400072e-06
163,runtime_compare,live,python-optimised,python,optimised,1024,follow_up,idle,off,False,update_env,27,,,,1790078986.572,2026-09-22T12:09:46.571+00:00,121c9e65-0b26-4517-9a38-f2f2e6cf6ce1,200,,False,196.104,20.43,21,,False,41,logs,21.0,4.800014000000001e-07
164,runtime_compare,live,nodejs-optimised,nodejs,optimised,1024,measure,idle,off,True,update_env,27,,,,1790078989.245,2026-09-22T12:09:49.244+00:00,a7abda94-79b7-4e58-a467-5b3e0c93fa8d,200,,False,596.827,173.47,314,140.37,True,78,logs,314.0,4.3866876e-06
165,runtime_compare,live,nodejs-optimised,nodejs,optimised,1024,follow_up,idle,off,False,update_env,27,,,,1790078989.844,2026-09-22T12:09:49.843+00:00,3abd4469-0d5b-41ca-8f58-823c493dfb0e,200,,False,444.778,117.98,118,,False,78,logs,118.0,1.7733412e-06
166,runtime_compare,live,java-optimised,java,optimised,1024,measure,idle,off,True,update_env,27,,,,1790078993.237,2026-09-22T12:09:53.237+00:00,1a6d1d6f-8a7b-42a6-8048-cfbcd2857a33,200,,False,846.015,129.81,563,432.29,True,107,logs,563.0,7.7067042e-06
167,runtime_compare,live,java-optimised,java,optimised,1024,follow_up,idle,off,False,update_env,27,,,,1790078994.086,2026-09-22T12:09:54.086+00:00,a17c6d58-9e52-496b-b464-80aad7281e2e,200,,False,398.487,36.55,37,,False,107,logs,37.0,6.933357999999999e-07
168,runtime_compare,live,python-optimised,python,optimised,1024,measure,idle,off,True,update_env,28,,,,1790078997.193,2026-09-22T12:09:57.193+00:00,a7fd68dc-9a4c-4ef4-873d-7f9b8c81a4de,200,,False,434.066,16.75,106,88.29,True,41,logs,106.0,1.6133403999999999e-06
169,runtime_compare,live,python-optimised,python,optimised,1024,follow_up,idle,off,False,update_env,28,,,,1790078997.629,2026-09-22T12:09:57.628+00:00,7dfbf0f6-b87b-469a-9047-5cb246bf7b04,200,,False,195.896,22.58,23,,False,41,logs,23.0,5.066682e-07
170,runtime_compare,live,nodejs-optimised,nodejs,optimised,1024,measure,idle,off,True,update_env,28,,,,1790078999.956,2026-09-22T12:09:59.955+00:00,dc20bc85-6578-414a-bc04-0acece1d182e,200,,False,690.691,195.96,398,201.59,True,80,logs,398.0,5.5066932e-06
171,runtime_compare,live,nodejs-optimised,nodejs,optimised,1024,follow_up,idle,off,False,update_env,28,,,,1790079000.649,2026-09-22T12:10:00.649+00:00,29ef03a1-1cb0-43f0-a611-332ae92a6ce4,200,,False,283.41,113.72,114,,False,80,logs,114.0,1.7200076e-06
172,runtime_compare,live,java-optimised,java,optimised,1024,measure,idle,off,True,update_env,28,,,,1790079003.209,2026-09-22T12:10:03.208+00:00,3206523c-1a07-4166-944f-7a897f5320da,200,,False,913.904,141.99,562,419.69,True,107,logs,562.0,7.6933708e-06
173,runtime_compare,live,java-optimised,java,optimised,1024,follow_up,idle,off,False,update_env,28,,,,1790079004.123,2026-09-22T12:10:04.123+00:00,51ed90ff-5ec9-485b-b5df-97b09a961307,200,,False,213.586,38.58,39,,False,107,logs,39.0,7.200026e-07
174,runtime_compare,live,nodejs-optimised,nodejs,optimised,1024,measure,idle,off,True,update_env,29,,,,1790079006.607,2026-09-22T12:10:06.606+00:00,7c12fa83-a29a-4681-97a1-3749ae2120b4,200,,False,986.496,186.42,324,137.1,True,78,logs,324.0,4.5200216e-06
175,runtime_compare,live,nodejs-optimised,nodejs,optimised,1024,follow_up,idle,off,False,update_env,29,,,,1790079007.597,2026-09-22T12:10:07.596+00:00,770833cf-414f-47aa-a91b-4c51c89a92a7,200,,False,523.009,116.21,117,,False,78,logs,117.0,1.7600078e-06
176,runtime_compare,live,java-optimised,java,optimised,1024,measure,idle,off,True,update_env,29,,,,1790079010.539,2026-09-22T12:10:10.539+00:00,91284f48-a575-4017-8f3f-09bb5d74e246,200,,False,836.532,130.97,550,418.39,True,109,logs,550.0,7.53337e-06
177,runtime_compare,live,java-optimised,java,optimised,1024,follow_up,idle,off,False,update_env,29,,,,1790079011.377,2026-09-22T12:10:11.377+00:00,b0541a1a-b515-4308-a127-987ac4c1a862,200,,False,213.264,37.08,38,,False,109,logs,38.0,7.066692e-07
178,runtime_compare,live,python-optimised,python,optimised,1024,measure,idle,off,True,update_env,29,,,,1790079013.703,2026-09-22T12:10:13.702+00:00,0c3f741e-c5fa-4fad-8c8f-072cf606a5b9,200,,False,707.527,28.62,128,98.84,True,42,logs,128.0,1.9066752000000001e-06
179,runtime_compare,live,python-optimised,python,optimised,1024,follow_up,idle,off,False,update_env,29,,,,1790079014.414,2026-09-22T12:10:14.413+00:00,3295efe7-bca2-4d95-8565-68fae170188e,200,,False,516.364,15.91,16,,False,42,logs,16.0,4.133344e-07
