seed,phase,window,start,label,injection_id,category,block,burst,cold_starts,invocations,throttles,score_d1_ocsvm,pred_d1_ocsvm,score_d1_iforest,pred_d1_iforest,score_d1_primary,pred_d1_primary,score_d2_transfer,pred_d2_transfer,score_d3_thresholds,pred_d3_thresholds,score_d4_novel,pred_d4_novel
2027,B,0,1780358400.0,False,-1,,0,False,0.0,8.0,0.0,-0.9722569470726024,False,0.46548628890024835,False,-0.9722569470726024,False,0.8146204355576085,True,0.19482822418212892,False,-0.9722569470726024,False
2027,B,1,1780358460.0,False,-1,,0,False,0.0,8.0,0.0,-1.379831776253523,False,0.4337576544606699,False,-1.379831776253523,False,0.8146204355576085,True,0.17769033908843995,False,-1.379831776253523,False
2027,B,2,1780358520.0,False,-1,,0,False,0.0,10.0,0.0,-0.7786286720304174,False,0.43932889402502384,False,-0.7786286720304174,False,0.4893257225979959,False,0.11549503803253174,False,-0.7786286720304174,False
2027,B,3,1780358580.0,False,-1,,0,False,0.0,13.0,0.0,-1.9637969513389502,False,0.3907654127131207,False,-1.9637969513389502,False,0.16541466366673443,False,0.15984096527099606,False,-1.9637969513389502,False
2027,B,4,1780358640.0,False,-1,,0,False,0.0,12.0,0.0,-2.201045661509144,False,0.40448251740922914,False,-2.201045661509144,False,0.2386920822861176,False,0.1643219232559204,False,-2.201045661509144,False
2027,B,5,1780358700.0,False,-1,,0,False,0.0,15.0,0.0,-1.1513236067280594,False,0.39831185778574285,False,-1.1513236067280594,False,0.08358208903295893,False,0.14510650634765623,False,-1.1513236067280594,False
2027,B,6,1780358760.0,False,-1,,0,False,0.0,15.0,0.0,-1.4724311310312999,False,0.3988040995145488,False,-1.4724311310312999,False,0.08358208903295893,False,0.15953826904296875,False,-1.4724311310312999,False
2027,B,7,1780358820.0,False,-1,,0,False,0.0,8.0,0.0,-0.8575994943642149,False,0.43432297839983475,False,-0.8575994943642149,False,0.8146204355576085,True,0.13062617778778077,False,-0.8575994943642149,False
2027,B,8,1780358880.0,False,-1,,0,False,0.0,12.0,0.0,-1.3994050216209528,False,0.4211809895732369,False,-1.3994050216209528,False,0.2386920822861176,False,0.17688088417053222,False,-1.3994050216209528,False
2027,B,9,1780358940.0,False,-1,,0,False,0.0,7.0,0.0,-0.15386709316386682,False,0.5260903977208164,False,-0.15386709316386682,False,0.9231861899451542,True,0.10410027503967285,False,-0.15386709316386682,False
2027,B,10,1780359000.0,False,-1,,0,False,0.0,13.0,0.0,-1.8815163865505617,False,0.3907275949942202,False,-1.8815163865505617,False,0.16541466366673443,False,0.1550634384155273,False,-1.8815163865505617,False
2027,B,11,1780359060.0,True,0,resource_exhaustion,0,False,0.0,7.0,0.0,5.518385678268923,True,0.5856349075426396,False,5.518385678268923,True,0.9231861899451542,True,0.2940594196319579,False,5.518385678268923,True
2027,B,12,1780359120.0,True,0,resource_exhaustion,0,False,3.0,13.0,0.0,5.518385678268923,True,0.7025066551282346,True,5.518385678268923,True,1.0,True,3000000000.0,True,5.518385678268923,True
2027,B,13,1780359180.0,True,0,resource_exhaustion,0,False,2.0,16.0,0.0,5.518385678268923,True,0.685273095278338,False,5.518385678268923,True,1.0,True,1999999999.9999998,True,5.518385678268923,True
2027,B,14,1780359240.0,True,0,resource_exhaustion,0,False,2.0,11.0,0.0,5.518385678268923,True,0.7001395034405624,True,5.518385678268923,True,1.0,True,1999999999.9999998,True,5.518385678268923,True
2027,B,15,1780359300.0,False,-1,,0,False,0.0,10.0,0.0,-1.5451930934635865,False,0.41080603873313926,False,-1.5451930934635865,False,0.4893257225979959,False,0.1520524024963379,False,-1.5451930934635865,False
2027,B,16,1780359360.0,False,-1,,0,False,0.0,10.0,0.0,-0.39091137927715813,False,0.4690111358254411,False,-0.39091137927715813,False,0.4893257225979959,False,0.23673713207244873,False,-0.39091137927715813,False
2027,B,17,1780359420.0,False,-1,,0,False,0.0,12.0,0.0,-1.320190258652575,False,0.41844627196562245,False,-1.320190258652575,False,0.2386920822861176,False,0.13064975738525392,False,-1.320190258652575,False
2027,B,18,1780359480.0,False,-1,,0,False,0.0,17.0,0.0,-1.8931388789905164,False,0.3798276280230461,False,-1.8931388789905164,False,0.04603583753820504,False,0.15506305694580078,False,-1.8931388789905164,False
2027,B,19,1780359540.0,False,-1,,0,False,0.0,7.0,0.0,-1.31559993076063,False,0.468690934877871,False,-1.31559993076063,False,0.9231861899451542,True,0.13031320571899413,False,-1.31559993076063,False
2027,B,20,1780359600.0,False,-1,,0,False,0.0,11.0,0.0,-1.5629549981440052,False,0.4192629436395201,False,-1.5629549981440052,False,0.34528727623408134,False,0.17722702026367188,False,-1.5629549981440052,False
2027,B,21,1780359660.0,False,-1,,0,False,0.0,7.0,0.0,-1.5771932094464365,False,0.42175497768315273,False,-1.5771932094464365,False,0.9231861899451542,True,0.14003291130065917,False,-1.5771932094464365,False
2027,B,22,1780359720.0,False,-1,,0,False,0.0,11.0,0.0,-1.0297369616708085,False,0.46287638565045713,False,-1.0297369616708085,False,0.34528727623408134,False,0.11336064338684082,False,-1.0297369616708085,False
2027,B,23,1780359780.0,False,-1,,0,False,0.0,11.0,0.0,0.6290654762143664,False,0.46311632055651464,False,0.6290654762143664,False,0.34528727623408134,False,0.13337850570678714,False,0.6290654762143664,False
2027,B,24,1780359840.0,False,-1,,0,False,0.0,12.0,0.0,-1.9271946396762516,False,0.4001575784145533,False,-1.9271946396762516,False,0.2386920822861176,False,0.14980428218841552,False,-1.9271946396762516,False
2027,B,25,1780359900.0,True,1,permission_denied,0,False,0.0,9.0,0.0,-0.8384474364229781,False,0.4108828962630403,False,-0.8384474364229781,False,1.0,True,999999999.9999999,True,-0.8384474364229781,True
2027,B,26,1780359960.0,True,1,permission_denied,0,False,0.0,8.0,0.0,2.2660287505280725,True,0.4422508528324454,False,2.2660287505280725,True,1.0,True,5000000000.0,True,2.2660287505280725,True
2027,B,27,1780360020.0,True,1,permission_denied,0,False,0.0,11.0,0.0,1.7655449347438887,True,0.41842928550126474,False,1.7655449347438887,True,1.0,True,5000000000.0,True,1.7655449347438887,True
2027,B,28,1780360080.0,True,1,permission_denied,0,False,0.0,12.0,0.0,0.15385551385783636,False,0.4398762925781067,False,0.15385551385783636,False,1.0,True,1999999999.9999998,True,0.15385551385783636,True
2027,B,29,1780360140.0,False,-1,,0,False,0.0,6.0,0.0,-0.31012293186902085,False,0.47867835378258095,False,-0.31012293186902085,False,0.9770168771360997,True,0.11539971828460693,False,-0.31012293186902085,False
2027,B,30,1780360200.0,False,-1,,0,False,0.0,6.0,0.0,-0.47875300130541554,False,0.4996875474175245,False,-0.47875300130541554,False,0.9770168771360997,True,0.11149907112121583,False,-0.47875300130541554,False
2027,B,31,1780360260.0,False,-1,,0,False,0.0,13.0,0.0,-1.3094370124182202,False,0.42618451456408557,False,-1.3094370124182202,False,0.16541466366673443,False,0.19912309646606438,False,-1.3094370124182202,False
2027,B,32,1780360320.0,False,-1,,0,False,0.0,11.0,0.0,-0.09145862828395401,False,0.44939396060870235,False,-0.09145862828395401,False,0.34528727623408134,False,0.12747645378112793,False,-0.09145862828395401,False
2027,B,33,1780360380.0,False,-1,,0,False,0.0,5.0,0.0,-1.3580998685346666,False,0.4572799254386674,False,-1.3580998685346666,False,0.9955296766967997,True,0.14328231811523437,False,-1.3580998685346666,False
2027,B,34,1780360440.0,False,-1,,0,False,0.0,10.0,0.0,-1.4320009108266412,False,0.42342713847300684,False,-1.4320009108266412,False,0.4893257225979959,False,0.14798421859741212,False,-1.4320009108266412,False
2027,B,35,1780360500.0,False,-1,,0,False,0.0,7.0,0.0,-1.6704590048791,False,0.4200351224419956,False,-1.6704590048791,False,0.9231861899451542,True,0.13832478523254393,False,-1.6704590048791,False
2027,B,36,1780360560.0,True,2,resource_exhaustion,0,False,0.0,11.0,0.0,5.518385678268923,True,0.5467522449063414,False,5.518385678268923,True,0.34528727623408134,False,0.20434474945068362,False,5.518385678268923,True
2027,B,37,1780360620.0,True,2,resource_exhaustion,0,False,0.0,14.0,0.0,5.518385678268923,True,0.5626827698701157,False,5.518385678268923,True,0.11637879250025024,False,0.2928511381149292,False,5.518385678268923,True
2027,B,38,1780360680.0,True,2,resource_exhaustion,0,False,1.0,8.0,0.0,5.518385678268923,True,0.6849163111063847,False,5.518385678268923,True,1.0,True,999999999.9999999,True,5.518385678268923,True
2027,B,39,1780360740.0,True,2,resource_exhaustion,0,False,1.0,9.0,0.0,5.518385678268923,True,0.6810770213762617,False,5.518385678268923,True,1.0,True,999999999.9999999,True,5.518385678268923,True
2027,B,40,1780360800.0,False,-1,,0,False,0.0,15.0,0.0,-1.3923047416316718,False,0.39281744688280157,False,-1.3923047416316718,False,0.08358208903295893,False,0.14143815040588378,False,-1.3923047416316718,False
2027,B,41,1780360860.0,False,-1,,0,False,0.0,7.0,0.0,-0.600660462843817,False,0.46112089791902955,False,-0.600660462843817,False,0.9231861899451542,True,0.1262650966644287,False,-0.600660462843817,False
2027,B,42,1780360920.0,False,-1,,0,False,0.0,7.0,0.0,-1.5838619277086101,False,0.4284986837846297,False,-1.5838619277086101,False,0.9231861899451542,True,0.16457443237304686,False,-1.5838619277086101,False
2027,B,43,1780360980.0,False,-1,,0,False,0.0,11.0,0.0,-1.4718655877568354,False,0.4079664940747671,False,-1.4718655877568354,False,0.34528727623408134,False,0.1321406364440918,False,-1.4718655877568354,False
2027,B,44,1780361040.0,False,-1,,0,False,0.0,6.0,0.0,-1.4680141969972764,False,0.4317383649893654,False,-1.4680141969972764,False,0.9770168771360997,True,0.15778589248657227,False,-1.4680141969972764,False
2027,B,45,1780361100.0,False,-1,,0,False,0.0,9.0,0.0,-0.9002688626298632,False,0.423544231629169,False,-0.9002688626298632,False,0.6577756959520332,True,0.13895702362060547,False,-0.9002688626298632,False
2027,B,46,1780361160.0,False,-1,,0,False,0.0,11.0,0.0,-1.8549466611148535,False,0.4150114647396617,False,-1.8549466611148535,False,0.34528727623408134,False,0.1325852870941162,False,-1.8549466611148535,False
2027,B,47,1780361220.0,False,-1,,0,False,0.0,13.0,0.0,-1.3493685929252317,False,0.4098437450575776,False,-1.3493685929252317,False,0.16541466366673443,False,0.12410240173339843,False,-1.3493685929252317,False
2027,B,48,1780361280.0,False,-1,,0,False,0.0,13.0,0.0,-1.1275469406202916,False,0.4062602415195999,False,-1.1275469406202916,False,0.16541466366673443,False,0.1584757804870605,False,-1.1275469406202916,False
2027,B,49,1780361340.0,True,3,resource_exhaustion,0,False,2.0,12.0,0.0,5.518385678268923,True,0.6984794818406254,True,5.518385678268923,True,1.0,True,1999999999.9999998,True,5.518385678268923,True
2027,B,50,1780361400.0,True,3,resource_exhaustion,0,False,2.0,7.0,0.0,5.518385678268923,True,0.7030966127872417,True,5.518385678268923,True,1.0,True,1999999999.9999998,True,5.518385678268923,True
2027,B,51,1780361460.0,True,3,resource_exhaustion,0,False,1.0,7.0,0.0,5.518385678268923,True,0.6904091359793672,False,5.518385678268923,True,1.0,True,999999999.9999999,True,5.518385678268923,True
2027,B,52,1780361520.0,True,3,resource_exhaustion,0,False,1.0,8.0,0.0,5.518385678268923,True,0.6675075346451462,False,5.518385678268923,True,1.0,True,999999999.9999999,True,5.518385678268923,True
2027,B,53,1780361580.0,False,-1,,0,False,0.0,9.0,0.0,-1.0585963223673485,False,0.4281790005344925,False,-1.0585963223673485,False,0.6577756959520332,True,0.1538247108459473,False,-1.0585963223673485,False
2027,B,54,1780361640.0,False,-1,,0,False,0.0,10.0,0.0,-0.6790731151327067,False,0.43588570111174013,False,-0.6790731151327067,False,0.4893257225979959,False,0.14912421703338624,False,-0.6790731151327067,False
2027,B,55,1780361700.0,False,-1,,0,False,0.0,7.0,0.0,-1.6144279654965068,False,0.41916730379782086,False,-1.6144279654965068,False,0.9231861899451542,True,0.13864521980285643,False,-1.6144279654965068,False
2027,B,56,1780361760.0,False,-1,,0,False,0.0,9.0,0.0,-1.4072205349008433,False,0.42760028146131723,False,-1.4072205349008433,False,0.6577756959520332,True,0.1717198371887207,False,-1.4072205349008433,False
2027,B,57,1780361820.0,False,-1,,0,False,0.0,10.0,0.0,-0.9467530306052403,False,0.4299042465276427,False,-0.9467530306052403,False,0.4893257225979959,False,0.1580066680908203,False,-0.9467530306052403,False
2027,B,58,1780361880.0,False,-1,,0,False,0.0,5.0,0.0,-0.5945832586724089,False,0.48704061290062123,False,-0.5945832586724089,False,0.9955296766967997,True,0.1212381362915039,False,-0.5945832586724089,False
2027,B,59,1780361940.0,False,-1,,0,False,0.0,7.0,0.0,-0.9199579531383355,False,0.4596904004182071,False,-0.9199579531383355,False,0.9231861899451542,True,0.16970605850219722,False,-0.9199579531383355,False
2027,B,60,1780362000.0,True,4,config_error,0,False,0.0,9.0,0.0,-0.18630621896833865,False,0.42145109483228493,False,-0.18630621896833865,False,1.0,True,1999999999.9999998,True,-0.18630621896833865,True
2027,B,61,1780362060.0,True,4,config_error,0,False,0.0,10.0,0.0,4.183347502980196,True,0.4896981879635557,False,4.183347502980196,True,1.3874644334595143e-09,False,9000000000.0,True,4.183347502980196,True
2027,B,62,1780362120.0,True,4,config_error,0,False,0.0,10.0,0.0,4.212228383639515,True,0.500614908734133,False,4.212228383639515,True,1.3874644334595143e-09,False,9000000000.0,True,4.212228383639515,True
2027,B,63,1780362180.0,True,4,config_error,0,False,0.0,7.0,0.0,3.2553683153827038,True,0.4725784334748361,False,3.2553683153827038,True,0.050744523270001715,False,6000000000.0,True,3.2553683153827038,True
2027,B,64,1780362240.0,False,-1,,0,False,0.0,5.0,0.0,-0.4137977971009281,False,0.4984117484843873,False,-0.4137977971009281,False,0.9955296766967997,True,0.10714025497436523,False,-0.4137977971009281,False
2027,B,65,1780362300.0,False,-1,,0,False,0.0,7.0,0.0,-1.1520732271411918,False,0.45005227571287876,False,-1.1520732271411918,False,0.9231861899451542,True,0.12881035804748533,False,-1.1520732271411918,False
2027,B,66,1780362360.0,False,-1,,0,False,0.0,8.0,0.0,-1.4923479874630141,False,0.4304089598208487,False,-1.4923479874630141,False,0.8146204355576085,True,0.1559448719024658,False,-1.4923479874630141,False
2027,B,67,1780362420.0,False,-1,,0,False,0.0,11.0,0.0,-1.3177999173357895,False,0.4087343436879249,False,-1.3177999173357895,False,0.34528727623408134,False,0.1360373497009277,False,-1.3177999173357895,False
2027,B,68,1780362480.0,False,-1,,0,False,0.0,10.0,0.0,-1.2857714899189832,False,0.4315116229641841,False,-1.2857714899189832,False,0.4893257225979959,False,0.14419155120849608,False,-1.2857714899189832,False
2027,B,69,1780362540.0,False,-1,,0,False,0.0,14.0,0.0,0.4269653573297463,False,0.4744174426776626,False,0.4269653573297463,False,0.11637879250025024,False,0.24364233016967762,False,0.4269653573297463,False
2027,B,70,1780362600.0,False,-1,,0,False,0.0,8.0,0.0,-1.6786544954574714,False,0.4157081951921184,False,-1.6786544954574714,False,0.8146204355576085,True,0.15391163825988768,False,-1.6786544954574714,False
2027,B,71,1780362660.0,False,-1,,0,False,0.0,11.0,0.0,-1.5773212949977626,False,0.4130271111362961,False,-1.5773212949977626,False,0.34528727623408134,False,0.1358942985534668,False,-1.5773212949977626,False
2027,B,72,1780362720.0,True,5,permission_denied,0,False,0.0,11.0,0.0,1.2843786499160172,True,0.4125611233494935,False,1.2843786499160172,True,1.0,True,3999999999.9999995,True,1.2843786499160172,True
2027,B,73,1780362780.0,True,5,permission_denied,0,False,0.0,14.0,0.0,1.0550212741896914,False,0.42879812674227097,False,1.0550212741896914,False,1.0,True,3000000000.0,True,1.0550212741896914,True
2027,B,74,1780362840.0,True,5,permission_denied,0,False,0.0,9.0,0.0,1.8793003013871847,True,0.4696716879042727,False,1.8793003013871847,True,1.0,True,3999999999.9999995,True,1.8793003013871847,True
2027,B,75,1780362900.0,True,5,permission_denied,0,False,0.0,18.0,0.0,2.3817586155573522,True,0.39340430716975544,False,2.3817586155573522,True,1.0,True,7000000000.0,True,2.3817586155573522,True
2027,B,76,1780362960.0,True,5,permission_denied,0,False,0.0,9.0,0.0,0.13062368484814435,False,0.5009612668743374,False,0.13062368484814435,False,0.6577756959520332,True,0.23768901824951172,False,0.13062368484814435,False
2027,B,77,1780363020.0,False,-1,,0,False,0.0,9.0,0.0,-0.5391965008208226,False,0.4332661214623715,False,-0.5391965008208226,False,0.6577756959520332,True,0.12344112396240234,False,-0.5391965008208226,False
2027,B,78,1780363080.0,False,-1,,0,False,0.0,7.0,0.0,-1.239737667547267,False,0.4461747005333629,False,-1.239737667547267,False,0.9231861899451542,True,0.12353534698486326,False,-1.239737667547267,False
2027,B,79,1780363140.0,False,-1,,0,True,0.0,51.0,0.0,0.06852328096874594,False,0.5285362710107449,False,0.06852328096874594,False,0.0006412660174264388,False,0.15976428985595703,False,0.06852328096874594,False
2027,B,80,1780363200.0,False,-1,,0,True,0.0,90.0,0.0,-0.18037622273898357,False,0.6120742736243038,False,-0.18037622273898357,False,0.00012969474553384922,False,0.17098546028137193,False,-0.18037622273898357,False
2027,B,81,1780363260.0,False,-1,,0,True,1.0,47.0,0.0,0.10293519164249076,False,0.647833303461235,False,0.10293519164249076,False,5.834631428816746e-07,False,0.13991165161132812,False,0.10293519164249076,False
2027,B,82,1780363320.0,True,6,permission_denied,0,False,0.0,5.0,0.0,-0.551838182081581,False,0.466489070236142,False,-0.551838182081581,False,1.0,True,999999999.9999999,True,-0.551838182081581,True
2027,B,83,1780363380.0,True,6,permission_denied,0,False,0.0,8.0,0.0,2.1229957892825557,True,0.43564273792866703,False,2.1229957892825557,True,1.0,True,5000000000.0,True,2.1229957892825557,True
2027,B,84,1780363440.0,True,6,permission_denied,0,False,0.0,12.0,0.0,2.049544290678987,True,0.456533892075597,False,2.049544290678987,True,1.0,True,3999999999.9999995,True,2.049544290678987,True
2027,B,85,1780363500.0,True,6,permission_denied,0,False,0.0,4.0,0.0,0.4757296924691037,False,0.5716236519953698,False,0.4757296924691037,False,1.0,True,999999999.9999999,True,0.4757296924691037,True
2027,B,86,1780363560.0,True,6,permission_denied,0,False,0.0,7.0,0.0,-1.4843174589593993,False,0.42504384906776616,False,-1.4843174589593993,False,0.9231861899451542,True,0.1269479751586914,False,-1.4843174589593993,False
2027,B,87,1780363620.0,False,-1,,0,False,0.0,9.0,0.0,-1.094660812779824,False,0.4152767186837904,False,-1.094660812779824,False,0.6577756959520332,True,0.13997411727905273,False,-1.094660812779824,False
2027,B,88,1780363680.0,False,-1,,0,False,0.0,7.0,0.0,-1.6015285907911787,False,0.44405744083003545,False,-1.6015285907911787,False,0.9231861899451542,True,0.1569350719451904,False,-1.6015285907911787,False
2027,B,89,1780363740.0,False,-1,,0,False,0.0,4.0,0.0,-0.2355852506579259,False,0.5637913378918978,False,-0.2355852506579259,False,0.9995550565058623,True,0.10720298290252686,False,-0.2355852506579259,False
2027,B,90,1780363800.0,False,-1,,0,False,0.0,12.0,0.0,-1.493452247489862,False,0.4097818059244232,False,-1.493452247489862,False,0.2386920822861176,False,0.16459712982177738,False,-1.493452247489862,False
2027,B,91,1780363860.0,False,-1,,0,False,0.0,7.0,0.0,-1.7240147505272292,False,0.4194234568074119,False,-1.7240147505272292,False,0.9231861899451542,True,0.13878979682922363,False,-1.7240147505272292,False
2027,B,92,1780363920.0,False,-1,,0,False,0.0,11.0,0.0,-0.8767137046603057,False,0.42415410851710444,False,-0.8767137046603057,False,0.34528727623408134,False,0.1560342311859131,False,-0.8767137046603057,False
2027,B,93,1780363980.0,False,-1,,0,False,0.0,10.0,0.0,-1.2670975921367438,False,0.4091481328054659,False,-1.2670975921367438,False,0.4893257225979959,False,0.1305764436721802,False,-1.2670975921367438,False
2027,B,94,1780364040.0,False,-1,,0,False,0.0,8.0,0.0,-1.8830501692743251,False,0.42413435105962527,False,-1.8830501692743251,False,0.8146204355576085,True,0.15189974308013912,False,-1.8830501692743251,False
2027,B,95,1780364100.0,True,7,config_error,0,False,0.0,15.0,0.0,-0.8076555280070483,False,0.4038049662014364,False,-0.8076555280070483,False,0.08358208903295893,False,0.1410351276397705,False,-0.8076555280070483,False
2027,B,96,1780364160.0,True,7,config_error,0,False,0.0,11.0,0.0,3.6882753264139305,True,0.4489877266377744,False,3.6882753264139305,True,3.848932782888971e-09,False,9000000000.0,True,3.6882753264139305,True
2027,B,97,1780364220.0,True,7,config_error,0,False,0.0,6.0,0.0,3.880373601510592,True,0.4709595386165462,False,3.880373601510592,True,0.008279883286895516,False,6000000000.0,True,3.880373601510592,True
2027,B,98,1780364280.0,True,7,config_error,0,False,0.0,6.0,0.0,2.1096487938074966,True,0.5125509686930987,False,2.1096487938074966,True,0.9999999997948579,True,3999999999.9999995,True,2.1096487938074966,True
2027,B,99,1780364340.0,False,-1,,0,False,0.0,6.0,0.0,-1.2229800605773642,False,0.4648509673525768,False,-1.2229800605773642,False,0.9770168771360997,True,0.1246633529663086,False,-1.2229800605773642,False
2027,B,100,1780364400.0,False,-1,,0,False,0.0,5.0,0.0,-0.41198477621775265,False,0.4825271023922173,False,-0.41198477621775265,False,0.9955296766967997,True,0.18150415420532226,False,-0.41198477621775265,False
2027,B,101,1780364460.0,False,-1,,0,False,0.0,6.0,0.0,-1.4576503002579368,False,0.4310992133924327,False,-1.4576503002579368,False,0.9770168771360997,True,0.1361769437789917,False,-1.4576503002579368,False
2027,B,102,1780364520.0,False,-1,,0,False,0.0,8.0,0.0,-1.4856998405291977,False,0.4163024099142848,False,-1.4856998405291977,False,0.8146204355576085,True,0.13947732448577882,False,-1.4856998405291977,False
2027,B,103,1780364580.0,False,-1,,0,False,0.0,12.0,0.0,-1.5798954311378166,False,0.42095385373476973,False,-1.5798954311378166,False,0.2386920822861176,False,0.1404104232788086,False,-1.5798954311378166,False
2027,B,104,1780364640.0,False,-1,,0,False,0.0,5.0,0.0,-0.6918563872122103,False,0.4802030358354188,False,-0.6918563872122103,False,0.9955296766967997,True,0.11565427780151369,False,-0.6918563872122103,False
2027,B,105,1780364700.0,False,-1,,0,False,0.0,7.0,0.0,-1.7613853250487477,False,0.4210962453610889,False,-1.7613853250487477,False,0.9231861899451542,True,0.15282006263732908,False,-1.7613853250487477,False
2027,B,106,1780364760.0,True,8,dependency_timeout,0,False,0.0,5.0,0.0,5.319022412353703,True,0.5313901522901806,False,5.319022412353703,True,0.9955296766967997,True,0.49901742935180665,False,5.319022412353703,True
2027,B,107,1780364820.0,True,8,dependency_timeout,0,False,1.0,8.0,0.0,5.518385678268923,True,0.6585416988306251,False,5.518385678268923,True,1.0,True,999999999.9999999,True,5.518385678268923,True
2027,B,108,1780364880.0,True,8,dependency_timeout,0,False,0.0,4.0,0.0,5.044810268031763,True,0.5602416238419607,False,5.044810268031763,True,0.9995550565058623,True,0.4214605093002319,False,5.044810268031763,True
2027,B,109,1780364940.0,False,-1,,0,False,0.0,5.0,0.0,1.5691014529857283,True,0.5519634971444284,False,1.5691014529857283,True,0.9955296766967997,True,0.11475210189819336,False,1.5691014529857283,True
2027,B,110,1780365000.0,False,-1,,0,False,0.0,9.0,0.0,-1.907547687461502,False,0.4165345973020749,False,-1.907547687461502,False,0.6577756959520332,True,0.137744140625,False,-1.907547687461502,False
2027,B,111,1780365060.0,False,-1,,0,False,0.0,15.0,0.0,-1.1925406185141263,False,0.4300995454019783,False,-1.1925406185141263,False,0.08358208903295893,False,0.1932340621948242,False,-1.1925406185141263,False
2027,B,112,1780365120.0,False,-1,,0,False,0.0,7.0,0.0,-1.1581582273939315,False,0.4307992050038885,False,-1.1581582273939315,False,0.9231861899451542,True,0.1312929630279541,False,-1.1581582273939315,False
2027,B,113,1780365180.0,False,-1,,0,False,0.0,8.0,0.0,-0.8882665544114836,False,0.45992653579673987,False,-0.8882665544114836,False,0.8146204355576085,True,0.20102927684783933,False,-0.8882665544114836,False
2027,B,114,1780365240.0,False,-1,,0,False,0.0,7.0,0.0,-0.9493002445486685,False,0.4378151157827903,False,-0.9493002445486685,False,0.9231861899451542,True,0.11767325401306153,False,-0.9493002445486685,False
2027,B,115,1780365300.0,False,-1,,0,False,0.0,8.0,0.0,-1.6159982906644323,False,0.41327012090732207,False,-1.6159982906644323,False,0.8146204355576085,True,0.14512524604797364,False,-1.6159982906644323,False
2027,B,116,1780365360.0,False,-1,,0,False,0.0,10.0,0.0,-1.4279967980791,False,0.4207103907861667,False,-1.4279967980791,False,0.4893257225979959,False,0.17682740688323975,False,-1.4279967980791,False
2027,B,117,1780365420.0,False,-1,,0,False,0.0,7.0,0.0,-1.1794617606795912,False,0.43434081913974426,False,-1.1794617606795912,False,0.9231861899451542,True,0.12002673149108885,False,-1.1794617606795912,False
2027,B,118,1780365480.0,True,9,config_error,0,False,0.0,5.0,0.0,1.3769820225496803,True,0.49366725202212525,False,1.3769820225496803,True,1.0,True,3000000000.0,True,1.3769820225496803,True
2027,B,119,1780365540.0,True,9,config_error,0,False,0.0,9.0,0.0,4.559102799438365,True,0.4506959621148038,False,4.559102799438365,True,3.88759609052754e-10,False,9000000000.0,True,4.559102799438365,True
2027,B,120,1780365600.0,True,9,config_error,0,False,0.0,7.0,0.0,3.2353228219238637,True,0.47352685265620015,False,3.2353228219238637,True,0.050744523270001715,False,6000000000.0,True,3.2353228219238637,True
2027,B,121,1780365660.0,True,9,config_error,0,False,0.0,6.0,0.0,1.001052472990402,False,0.49897626153544666,False,1.001052472990402,False,1.0,True,1999999999.9999998,True,1.001052472990402,True
2027,B,122,1780365720.0,False,-1,,0,False,0.0,2.0,0.0,-0.9205316705594235,False,0.6133882176822176,False,-0.9205316705594235,False,0.999999982548223,True,0.11109421253204346,False,-0.9205316705594235,False
2027,B,123,1780365780.0,False,-1,,0,False,0.0,11.0,0.0,-0.8428847987985675,False,0.43267862588950684,False,-0.8428847987985675,False,0.34528727623408134,False,0.12192559242248535,False,-0.8428847987985675,False
2027,B,124,1780365840.0,False,-1,,0,False,0.0,5.0,0.0,0.6166224441545749,False,0.5125794168814983,False,0.6166224441545749,False,0.9955296766967997,True,0.2159977912902832,False,0.6166224441545749,False
2027,B,125,1780365900.0,False,-1,,0,False,0.0,8.0,0.0,-1.707225444833795,False,0.4151357645581923,False,-1.707225444833795,False,0.8146204355576085,True,0.15515077114105225,False,-1.707225444833795,False
2027,B,126,1780365960.0,False,-1,,0,False,0.0,9.0,0.0,-1.717360954479699,False,0.4037221753114297,False,-1.717360954479699,False,0.6577756959520332,True,0.1563232421875,False,-1.717360954479699,False
2027,B,127,1780366020.0,False,-1,,0,False,0.0,3.0,0.0,-0.9588942063066526,False,0.5529896059368062,False,-0.9588942063066526,False,0.9999873715994484,True,0.11148490905761718,False,-0.9588942063066526,False
2027,B,128,1780366080.0,True,10,dependency_timeout,0,False,0.0,4.0,0.0,5.518290915778581,True,0.5729893242411105,False,5.518290915778581,True,0.9995550565058623,True,1.0683096170425412,True,5.518290915778581,True
2027,B,129,1780366140.0,True,10,dependency_timeout,0,False,3.0,7.0,0.0,5.518385678268923,True,0.7055046430785216,True,5.518385678268923,True,1.0,True,5000000000.0,True,5.518385678268923,True
2027,B,130,1780366200.0,True,10,dependency_timeout,0,False,1.0,4.0,0.0,5.518385678268923,True,0.7030656473302298,True,5.518385678268923,True,1.0,True,1999999999.9999998,True,5.518385678268923,True
2027,B,131,1780366260.0,True,10,dependency_timeout,0,False,1.0,11.0,0.0,5.518385678268923,True,0.6510813701384067,False,5.518385678268923,True,1.0,True,1999999999.9999998,True,5.518385678268923,True
2027,B,132,1780366320.0,True,10,dependency_timeout,0,False,0.0,4.0,0.0,5.518385678268923,True,0.6162251131889354,False,5.518385678268923,True,1.0,True,1999999999.9999998,True,5.518385678268923,True
2027,B,133,1780366380.0,False,-1,,0,False,0.0,5.0,0.0,-1.3467102910442108,False,0.4633117806128359,False,-1.3467102910442108,False,0.9955296766967997,True,0.14880075454711914,False,-1.3467102910442108,False
2027,B,134,1780366440.0,False,-1,,0,False,0.0,8.0,0.0,-1.3391967862139902,False,0.43053871037084035,False,-1.3391967862139902,False,0.8146204355576085,True,0.14700691699981688,False,-1.3391967862139902,False
2027,B,135,1780366500.0,False,-1,,0,False,0.0,5.0,0.0,-1.0639478447866297,False,0.5068401998932387,False,-1.0639478447866297,False,0.9955296766967997,True,0.16675128936767578,False,-1.0639478447866297,False
2027,B,136,1780366560.0,False,-1,,0,False,0.0,2.0,0.0,0.3777151961812715,False,0.6408239654082021,False,0.3777151961812715,False,0.999999982548223,True,0.1225316047668457,False,0.3777151961812715,False
2027,B,137,1780366620.0,False,-1,,0,False,0.0,5.0,0.0,-1.337745444194967,False,0.4663696806563658,False,-1.337745444194967,False,0.9955296766967997,True,0.14612245559692386,False,-1.337745444194967,False
2027,B,138,1780366680.0,False,-1,,0,False,0.0,8.0,0.0,-1.5675014004717394,False,0.4338049282687699,False,-1.5675014004717394,False,0.8146204355576085,True,0.16817808151245117,False,-1.5675014004717394,False
2027,B,139,1780366740.0,False,-1,,0,False,0.0,10.0,0.0,-1.1727514522997744,False,0.4174780743416011,False,-1.1727514522997744,False,0.4893257225979959,False,0.12705354690551757,False,-1.1727514522997744,False
2027,B,140,1780366800.0,False,-1,,0,False,0.0,9.0,0.0,-1.3314879457272966,False,0.4372172181699034,False,-1.3314879457272966,False,0.6577756959520332,True,0.1500568389892578,False,-1.3314879457272966,False
2027,B,141,1780366860.0,False,-1,,0,False,0.0,4.0,0.0,-0.9760644942358683,False,0.49901659947797544,False,-0.9760644942358683,False,0.9995550565058623,True,0.12068948745727541,False,-0.9760644942358683,False
2027,B,142,1780366920.0,False,-1,,0,False,0.0,7.0,0.0,-1.379441199391625,False,0.4247408421696829,False,-1.379441199391625,False,0.9231861899451542,True,0.14441089630126952,False,-1.379441199391625,False
2027,B,143,1780366980.0,False,-1,,0,False,0.0,7.0,0.0,-1.6539911450853593,False,0.42584983605373533,False,-1.6539911450853593,False,0.9231861899451542,True,0.15710868835449218,False,-1.6539911450853593,False
2027,B,144,1780367040.0,True,11,dependency_timeout,0,False,0.0,4.0,0.0,5.501516409612272,True,0.5959277819162034,False,5.501516409612272,True,0.999646546780698,True,999999999.9999999,True,5.501516409612272,True
2027,B,145,1780367100.0,True,11,dependency_timeout,0,False,0.0,5.0,0.0,5.518385678268923,True,0.5842013166561203,False,5.518385678268923,True,1.0,True,0.7517551183700562,False,5.518385678268923,True
2027,B,146,1780367160.0,True,11,dependency_timeout,0,False,1.0,9.0,0.0,5.518385678268923,True,0.6607018382220354,False,5.518385678268923,True,1.0,True,3999999999.9999995,True,5.518385678268923,True
2027,B,147,1780367220.0,True,11,dependency_timeout,0,False,0.0,5.0,0.0,5.518385678080915,True,0.5715419076815406,False,5.518385678080915,True,0.9955296766967997,True,0.7648121833801269,False,5.518385678080915,True
2027,B,148,1780367280.0,False,-1,,1,False,0.0,4.0,0.0,-1.2963274465509462,False,0.4938788066810955,False,-1.2963274465509462,False,0.9995550565058623,True,0.1234435796737671,False,-1.2963274465509462,False
2027,B,149,1780367340.0,False,-1,,1,False,0.0,8.0,0.0,-1.4498029307528917,False,0.4258086521776343,False,-1.4498029307528917,False,0.8146204355576085,True,0.15243144035339357,False,-1.4498029307528917,False
2027,B,150,1780367400.0,False,-1,,1,False,0.0,4.0,0.0,0.1656803378789542,False,0.5475307657299275,False,0.1656803378789542,False,0.9995550565058623,True,0.12606756687164306,False,0.1656803378789542,False
2027,B,151,1780367460.0,False,-1,,1,False,0.0,6.0,0.0,-0.9980012305875281,False,0.4402533213836452,False,-0.9980012305875281,False,0.9770168771360997,True,0.12067115306854247,False,-0.9980012305875281,False
2027,B,152,1780367520.0,False,-1,,1,False,0.0,7.0,0.0,-1.7324109804029897,False,0.42210279078076623,False,-1.7324109804029897,False,0.9231861899451542,True,0.13549633026123045,False,-1.7324109804029897,False
2027,B,153,1780367580.0,True,12,permission_denied,1,False,0.0,5.0,0.0,-0.0839237555242347,False,0.48586028258297487,False,-0.0839237555242347,False,1.0,True,999999999.9999999,True,-0.0839237555242347,True
2027,B,154,1780367640.0,True,12,permission_denied,1,False,0.0,4.0,0.0,0.829310773878964,False,0.5455710449992401,False,0.829310773878964,False,1.0,True,1999999999.9999998,True,0.829310773878964,True
2027,B,155,1780367700.0,True,12,permission_denied,1,False,0.0,8.0,0.0,0.6287691758348357,False,0.44836664620170474,False,0.6287691758348357,False,1.0,True,1999999999.9999998,True,0.6287691758348357,True
2027,B,156,1780367760.0,True,12,permission_denied,1,False,0.0,7.0,0.0,0.30139122690284026,False,0.4345127160314637,False,0.30139122690284026,False,1.0,True,1999999999.9999998,True,0.30139122690284026,True
2027,B,157,1780367820.0,False,-1,,1,False,0.0,7.0,0.0,-1.62154510358301,False,0.42224448271840437,False,-1.62154510358301,False,0.9231861899451542,True,0.1444925308227539,False,-1.62154510358301,False
2027,B,158,1780367880.0,False,-1,,1,False,0.0,9.0,0.0,-1.2906091960951809,False,0.40844464710108014,False,-1.2906091960951809,False,0.6577756959520332,True,0.14358701705932617,False,-1.2906091960951809,False
2027,B,159,1780367940.0,False,-1,,1,False,0.0,2.0,0.0,-0.8981105542253163,False,0.6255279038599739,False,-0.8981105542253163,False,0.999999982548223,True,0.0955554962158203,False,-0.8981105542253163,False
2027,B,160,1780368000.0,False,-1,,1,False,0.0,9.0,0.0,-1.5973089245812808,False,0.42173225750401183,False,-1.5973089245812808,False,0.6577756959520332,True,0.13225183486938477,False,-1.5973089245812808,False
2027,B,161,1780368060.0,False,-1,,1,False,0.0,3.0,0.0,-0.7121976798575931,False,0.5818940558587324,False,-0.7121976798575931,False,0.9999873715994484,True,0.15717411041259768,False,-0.7121976798575931,False
2027,B,162,1780368120.0,False,-1,,1,False,0.0,0.0,0.0,5.518385678268923,True,0.735561001013417,True,5.518385678268923,True,6.309836012821085e-84,False,0.0,False,5.518385678268923,True
2027,B,163,1780368180.0,False,-1,,1,False,0.0,5.0,0.0,-0.7042458631141351,False,0.5117743139285788,False,-0.7042458631141351,False,0.9955296766967997,True,0.1735149383544922,False,-0.7042458631141351,False
2027,B,164,1780368240.0,False,-1,,1,False,0.0,8.0,0.0,-0.7686851941534583,False,0.4694870118943191,False,-0.7686851941534583,False,0.8146204355576085,True,0.15884463787078856,False,-0.7686851941534583,False
2027,B,165,1780368300.0,True,13,config_error,1,False,0.0,6.0,0.0,3.138729005303184,True,0.5121135775776707,False,3.138729005303184,True,0.9987007390093353,True,5000000000.0,True,3.138729005303184,True
2027,B,166,1780368360.0,True,13,config_error,1,False,0.0,6.0,0.0,4.0335937159809605,True,0.49061090041652206,False,4.0335937159809605,True,0.008279883286895516,False,6000000000.0,True,4.0335937159809605,True
2027,B,167,1780368420.0,True,13,config_error,1,False,0.0,9.0,0.0,3.161454711816451,True,0.46176247031906714,False,3.161454711816451,True,0.00014220184090093355,False,7000000000.0,True,3.161454711816451,True
2027,B,168,1780368480.0,False,-1,,1,False,0.0,7.0,0.0,-1.5216204437208622,False,0.4270388981354502,False,-1.5216204437208622,False,0.9231861899451542,True,0.15942640304565428,False,-1.5216204437208622,False
2027,B,169,1780368540.0,False,-1,,1,False,0.0,4.0,0.0,-0.3972820889009201,False,0.5301362502532024,False,-0.3972820889009201,False,0.9995550565058623,True,0.09296221733093261,False,-0.3972820889009201,False
2027,B,170,1780368600.0,False,-1,,1,False,0.0,6.0,0.0,-1.5038900800809607,False,0.439174182542655,False,-1.5038900800809607,False,0.9770168771360997,True,0.1462007761001587,False,-1.5038900800809607,False
2027,B,171,1780368660.0,False,-1,,1,False,0.0,8.0,0.0,-1.742800134941585,False,0.41253797908594164,False,-1.742800134941585,False,0.8146204355576085,True,0.13665003776550294,False,-1.742800134941585,False
2027,B,172,1780368720.0,False,-1,,1,False,0.0,4.0,0.0,-0.1174232968064306,False,0.5720389404614592,False,-0.1174232968064306,False,0.9995550565058623,True,0.09097599983215333,False,-0.1174232968064306,False
2027,B,173,1780368780.0,False,-1,,1,False,0.0,9.0,0.0,-1.6411885724345447,False,0.3998350194464319,False,-1.6411885724345447,False,0.6577756959520332,True,0.14106388092041017,False,-1.6411885724345447,False
2027,B,174,1780368840.0,False,-1,,1,False,0.0,3.0,0.0,-0.8414701177812107,False,0.5743263854252939,False,-0.8414701177812107,False,0.9999873715994484,True,0.15968971252441405,False,-0.8414701177812107,False
2027,B,175,1780368900.0,False,-1,,1,False,0.0,3.0,0.0,-0.5173951966768442,False,0.5677915289568873,False,-0.5173951966768442,False,0.9999873715994484,True,0.1232847213745117,False,-0.5173951966768442,False
2027,B,176,1780368960.0,False,-1,,1,False,0.0,5.0,0.0,0.26858139465096187,False,0.5170364767837466,False,0.26858139465096187,False,0.9955296766967997,True,0.13062162399291993,False,0.26858139465096187,False
2027,B,177,1780369020.0,False,-1,,1,False,0.0,5.0,0.0,-1.1567810023931653,False,0.5006375309844532,False,-1.1567810023931653,False,0.9955296766967997,True,0.16087007522583008,False,-1.1567810023931653,False
2027,B,178,1780369080.0,False,-1,,1,False,0.0,4.0,0.0,-1.0894918609469126,False,0.5259349196351661,False,-1.0894918609469126,False,0.9995550565058623,True,0.1219388961791992,False,-1.0894918609469126,False
2027,B,179,1780369140.0,True,14,resource_exhaustion,1,False,1.0,6.0,0.0,5.518385678268923,True,0.6710812396534306,False,5.518385678268923,True,1.0,True,999999999.9999999,True,5.518385678268923,True
2027,B,180,1780369200.0,True,14,resource_exhaustion,1,False,2.0,6.0,0.0,5.518385678268923,True,0.7118761244937624,True,5.518385678268923,True,1.0,True,999999999.9999999,True,5.518385678268923,True
2027,B,181,1780369260.0,True,14,resource_exhaustion,1,False,0.0,3.0,0.0,-0.8036368408597747,False,0.5301364295044377,False,-0.8036368408597747,False,0.9999873715994484,True,0.1414857864379883,False,-0.8036368408597747,False
2027,B,182,1780369320.0,False,-1,,1,False,0.0,4.0,0.0,-0.5206844548470642,False,0.5210163921118425,False,-0.5206844548470642,False,0.9995550565058623,True,0.10920422077178955,False,-0.5206844548470642,False
2027,B,183,1780369380.0,False,-1,,1,False,0.0,9.0,0.0,-1.7156102391639694,False,0.42161632196928334,False,-1.7156102391639694,False,0.6577756959520332,True,0.15529441833496094,False,-1.7156102391639694,False
2027,B,184,1780369440.0,False,-1,,1,False,0.0,8.0,0.0,-1.5498292226133685,False,0.43798176863903504,False,-1.5498292226133685,False,0.8146204355576085,True,0.1431702852249145,False,-1.5498292226133685,False
2027,B,185,1780369500.0,False,-1,,1,False,0.0,4.0,0.0,0.9030140191442113,False,0.5806000149379299,False,0.9030140191442113,False,0.9995550565058623,True,0.1000908613204956,False,0.9030140191442113,False
2027,B,186,1780369560.0,False,-1,,1,False,0.0,2.0,0.0,0.9466071742478297,False,0.6187701956754146,False,0.9466071742478297,False,0.999999982548223,True,0.10125191211700439,False,0.9466071742478297,False
2027,B,187,1780369620.0,False,-1,,1,False,0.0,6.0,0.0,-0.5435566982046156,False,0.4768358631629049,False,-0.5435566982046156,False,0.9770168771360997,True,0.11651229858398439,False,-0.5435566982046156,False
2027,B,188,1780369680.0,False,-1,,1,False,0.0,8.0,0.0,-1.2190074280670213,False,0.4525627547762059,False,-1.2190074280670213,False,0.8146204355576085,True,0.18158631324768065,False,-1.2190074280670213,False
2027,B,189,1780369740.0,False,-1,,1,False,0.0,4.0,0.0,2.363303065701889,True,0.5475690487313091,False,2.363303065701889,True,0.9995550565058623,True,0.14586172103881836,False,2.363303065701889,True
2027,B,190,1780369800.0,False,-1,,1,False,0.0,3.0,0.0,-0.47592274046611216,False,0.5367782035957865,False,-0.47592274046611216,False,0.9999873715994484,True,0.12549443244934083,False,-0.47592274046611216,False
2027,B,191,1780369860.0,False,-1,,1,False,0.0,4.0,0.0,-1.1063762902929186,False,0.5062031672034656,False,-1.1063762902929186,False,0.9995550565058623,True,0.12507014274597167,False,-1.1063762902929186,False
2027,B,192,1780369920.0,True,15,permission_denied,1,False,0.0,3.0,0.0,-0.5145726827513286,False,0.5507253889853467,False,-0.5145726827513286,False,0.9999873715994484,True,0.12277522087097167,False,-0.5145726827513286,False
2027,B,193,1780369980.0,True,15,permission_denied,1,False,0.0,6.0,0.0,0.4934004548932336,False,0.45991117716234037,False,0.4934004548932336,False,1.0,True,1999999999.9999998,True,0.4934004548932336,True
2027,B,194,1780370040.0,True,15,permission_denied,1,False,0.0,4.0,0.0,1.613283940693587,True,0.5548970237701151,False,1.613283940693587,True,1.0,True,3000000000.0,True,1.613283940693587,True
2027,B,195,1780370100.0,True,15,permission_denied,1,False,0.0,5.0,0.0,0.24539936623980996,False,0.5094694871465907,False,0.24539936623980996,False,1.0,True,999999999.9999999,True,0.24539936623980996,True
2027,B,196,1780370160.0,False,-1,,1,False,0.0,5.0,0.0,0.27179582060691576,False,0.5505315902646742,False,0.27179582060691576,False,0.9955296766967997,True,0.09167842864990235,False,0.27179582060691576,False
2027,B,197,1780370220.0,False,-1,,1,False,0.0,1.0,0.0,3.312258974788982,True,0.7053148049840985,True,3.312258974788982,True,1.0,True,0.10246753692626952,False,3.312258974788982,True
2027,B,198,1780370280.0,False,-1,,1,False,0.0,1.0,0.0,1.4646031006644975,True,0.7076844271165614,True,1.4646031006644975,True,1.0,True,0.1412200927734375,False,1.4646031006644975,True
2027,B,199,1780370340.0,False,-1,,1,False,0.0,2.0,0.0,1.1609380676672973,True,0.6500973736911247,False,1.1609380676672973,True,0.999999982548223,True,0.09386408329010008,False,1.1609380676672973,True
2027,B,200,1780370400.0,False,-1,,1,False,0.0,3.0,0.0,-1.0360596668474846,False,0.541769332759516,False,-1.0360596668474846,False,0.9999873715994484,True,0.10863213539123535,False,-1.0360596668474846,False
2027,B,201,1780370460.0,False,-1,,1,False,0.0,5.0,0.0,-1.3689519051467265,False,0.4590133800455232,False,-1.3689519051467265,False,0.9955296766967997,True,0.13405265808105468,False,-1.3689519051467265,False
2027,B,202,1780370520.0,False,-1,,1,False,0.0,8.0,0.0,-1.3385037456703106,False,0.4274521732856936,False,-1.3385037456703106,False,0.8146204355576085,True,0.15120377540588378,False,-1.3385037456703106,False
2027,B,203,1780370580.0,False,-1,,1,False,0.0,7.0,0.0,0.11832968703178359,False,0.4904961643150337,False,0.11832968703178359,False,0.9231861899451542,True,0.12676005363464354,False,0.11832968703178359,False
2027,B,204,1780370640.0,True,16,dependency_timeout,1,False,0.0,7.0,0.0,5.518385669188179,True,0.5374977902479859,False,5.518385669188179,True,0.9231861899451542,True,0.5971556186676026,False,5.518385669188179,True
2027,B,205,1780370700.0,True,16,dependency_timeout,1,False,0.0,3.0,0.0,5.518385678268923,True,0.6471560997516198,False,5.518385678268923,True,1.0,True,999999999.9999999,True,5.518385678268923,True
2027,B,206,1780370760.0,True,16,dependency_timeout,1,False,1.0,5.0,0.0,5.518385678268923,True,0.678586384948609,False,5.518385678268923,True,1.0,True,1999999999.9999998,True,5.518385678268923,True
2027,B,207,1780370820.0,True,16,dependency_timeout,1,False,0.0,3.0,0.0,5.518385678268923,True,0.6846085704000567,False,5.518385678268923,True,1.0,True,999999999.9999999,True,5.518385678268923,True
2027,B,208,1780370880.0,False,-1,,1,False,0.0,8.0,0.0,-0.6745216795294402,False,0.43695330820315137,False,-0.6745216795294402,False,0.8146204355576085,True,0.12602474689483642,False,-0.6745216795294402,False
2027,B,209,1780370940.0,False,-1,,1,False,1.0,7.0,0.0,2.793091179130227,True,0.6316118579789499,False,2.793091179130227,True,1.0732119709155879e-05,False,0.17588338851928711,False,2.793091179130227,False
2027,B,210,1780371000.0,False,-1,,1,False,0.0,3.0,0.0,-1.0774924167611681,False,0.5298790431120736,False,-1.0774924167611681,False,0.9999873715994484,True,0.12435622215270997,False,-1.0774924167611681,False
2027,B,211,1780371060.0,False,-1,,1,False,0.0,8.0,0.0,-1.010611534009934,False,0.4218403562489165,False,-1.010611534009934,False,0.8146204355576085,True,0.12457301616668703,False,-1.010611534009934,False
2027,B,212,1780371120.0,False,-1,,1,False,0.0,8.0,0.0,-0.5251334877150322,False,0.45679034469655044,False,-0.5251334877150322,False,0.8146204355576085,True,0.11658473014831543,False,-0.5251334877150322,False
2027,B,213,1780371180.0,False,-1,,1,False,0.0,5.0,0.0,-1.2560839458108228,False,0.476449528996315,False,-1.2560839458108228,False,0.9955296766967997,True,0.14694719314575194,False,-1.2560839458108228,False
2027,B,214,1780371240.0,False,-1,,1,False,0.0,6.0,0.0,-1.5041065829367897,False,0.44134718085135355,False,-1.5041065829367897,False,0.9770168771360997,True,0.1505897045135498,False,-1.5041065829367897,False
2027,B,215,1780371300.0,False,-1,,1,False,0.0,4.0,0.0,-1.1434792890418883,False,0.5082188523266948,False,-1.1434792890418883,False,0.9995550565058623,True,0.1339984893798828,False,-1.1434792890418883,False
2027,B,216,1780371360.0,True,17,config_error,1,False,0.0,6.0,0.0,1.2172077149109768,True,0.469881188621717,False,1.2172077149109768,True,1.0,True,3000000000.0,True,1.2172077149109768,True
2027,B,217,1780371420.0,True,17,config_error,1,False,0.0,9.0,0.0,4.516365269386384,True,0.4627624188798118,False,4.516365269386384,True,3.88759609052754e-10,False,9000000000.0,True,4.516365269386384,True
2027,B,218,1780371480.0,True,17,config_error,1,False,0.0,2.0,0.0,2.7132882412268495,True,0.6338299036650957,False,2.7132882412268495,True,1.0,True,1999999999.9999998,True,2.7132882412268495,True
2027,B,219,1780371540.0,True,17,config_error,1,False,0.0,6.0,0.0,1.098853857683551,False,0.4752702328823834,False,1.098853857683551,False,1.0,True,3000000000.0,True,1.098853857683551,True
2027,B,220,1780371600.0,False,-1,,1,False,0.0,3.0,0.0,-0.8556698861031693,False,0.5441102527943787,False,-0.8556698861031693,False,0.9999873715994484,True,0.1092781066894531,False,-0.8556698861031693,False
2027,B,221,1780371660.0,False,-1,,1,False,0.0,5.0,0.0,-1.0943267189580919,False,0.4754602483565834,False,-1.0943267189580919,False,0.9955296766967997,True,0.15796871185302735,False,-1.0943267189580919,False
2027,B,222,1780371720.0,False,-1,,1,False,0.0,4.0,0.0,-0.7363902603632084,False,0.5471705904099123,False,-0.7363902603632084,False,0.9995550565058623,True,0.11431543827056885,False,-0.7363902603632084,False
2027,B,223,1780371780.0,False,-1,,1,False,0.0,4.0,0.0,-0.1496114305101024,False,0.5204221165261017,False,-0.1496114305101024,False,0.9995550565058623,True,0.11292278766632079,False,-0.1496114305101024,False
2027,B,224,1780371840.0,False,-1,,1,False,0.0,3.0,0.0,5.460819236930443,True,0.6171941199469461,False,5.460819236930443,True,0.9999873715994484,True,0.09579377174377442,False,5.460819236930443,True
2027,B,225,1780371900.0,False,-1,,1,False,0.0,8.0,0.0,-1.764091434905584,False,0.4144435865906637,False,-1.764091434905584,False,0.8146204355576085,True,0.13525805473327634,False,-1.764091434905584,False
2027,B,226,1780371960.0,False,-1,,1,False,0.0,6.0,0.0,-1.4362608298317427,False,0.4372094682073319,False,-1.4362608298317427,False,0.9770168771360997,True,0.14325845241546634,False,-1.4362608298317427,False
2027,B,227,1780372020.0,False,-1,,1,False,0.0,6.0,0.0,-0.9869293826044201,False,0.44157508234483067,False,-0.9869293826044201,False,0.9770168771360997,True,0.16533339023590088,False,-0.9869293826044201,False
2027,B,228,1780372080.0,True,18,dependency_timeout,1,True,1.0,13.0,0.0,0.6279798959873162,False,0.6019051163135052,False,0.6279798959873162,False,5.528859370504525e-06,False,3000000000.0,True,0.6279798959873162,False
2027,B,229,1780372140.0,True,18,dependency_timeout,1,True,6.0,53.0,0.0,5.518385678268923,True,0.6986308826077215,True,5.518385678268923,True,1.0,True,22000000000.0,True,5.518385678268923,True
2027,B,230,1780372200.0,True,18,dependency_timeout,1,True,8.0,46.0,0.0,5.518385678268923,True,0.683931698159124,False,5.518385678268923,True,1.0,True,19000000000.0,True,5.518385678268923,True
2027,B,231,1780372260.0,True,18,dependency_timeout,1,False,0.0,7.0,0.0,5.518385678268923,True,0.5186111105553165,False,5.518385678268923,True,1.0,True,999999999.9999999,True,5.518385678268923,True
2027,B,232,1780372320.0,False,-1,,1,False,0.0,7.0,0.0,-1.529917167703787,False,0.42666674321089093,False,-1.529917167703787,False,0.9231861899451542,True,0.13000502586364743,False,-1.529917167703787,False
2027,B,233,1780372380.0,False,-1,,1,False,0.0,0.0,0.0,5.518385678268923,True,0.735561001013417,True,5.518385678268923,True,6.309836012821085e-84,False,0.0,False,5.518385678268923,True
2027,B,234,1780372440.0,False,-1,,1,False,0.0,4.0,0.0,-1.1988564770136492,False,0.5118707212465458,False,-1.1988564770136492,False,0.9995550565058623,True,0.11362090110778808,False,-1.1988564770136492,False
2027,B,235,1780372500.0,False,-1,,1,False,0.0,9.0,0.0,-0.32160174991029145,False,0.44994069489823213,False,-0.32160174991029145,False,0.6577756959520332,True,0.13650569915771485,False,-0.32160174991029145,False
2027,B,236,1780372560.0,False,-1,,1,False,0.0,1.0,0.0,1.5458072991586578,True,0.6725960815075017,False,1.5458072991586578,True,1.0,True,0.11624813079833984,False,1.5458072991586578,True
2027,B,237,1780372620.0,False,-1,,1,False,0.0,6.0,0.0,-1.330261486434349,False,0.4657050594816983,False,-1.330261486434349,False,0.9770168771360997,True,0.12386119365692139,False,-1.330261486434349,False
2027,B,238,1780372680.0,False,-1,,1,False,0.0,6.0,0.0,-1.5498136823103206,False,0.4268638171029714,False,-1.5498136823103206,False,0.9770168771360997,True,0.13846814632415771,False,-1.5498136823103206,False
2027,B,239,1780372740.0,False,-1,,1,False,0.0,8.0,0.0,-1.4684114617630968,False,0.4131118760685764,False,-1.4684114617630968,False,0.8146204355576085,True,0.13861677646636963,False,-1.4684114617630968,False
2027,B,240,1780372800.0,False,-1,,1,False,0.0,8.0,0.0,-1.4340158434566534,False,0.42799252390315967,False,-1.4340158434566534,False,0.8146204355576085,True,0.15149121284484862,False,-1.4340158434566534,False
2027,B,241,1780372860.0,True,19,permission_denied,1,False,0.0,4.0,0.0,2.231256795809843,True,0.565619988004283,False,2.231256795809843,True,1.0,True,3000000000.0,True,2.231256795809843,True
2027,B,242,1780372920.0,True,19,permission_denied,1,False,0.0,10.0,0.0,1.9003744917095746,True,0.4332783052953445,False,1.9003744917095746,True,1.0,True,5000000000.0,True,1.9003744917095746,True
2027,B,243,1780372980.0,True,19,permission_denied,1,False,0.0,8.0,0.0,0.1728053079482086,False,0.4387056842562483,False,0.1728053079482086,False,1.0,True,1999999999.9999998,True,0.1728053079482086,True
2027,B,244,1780373040.0,True,19,permission_denied,1,False,0.0,6.0,0.0,-0.7274554845900161,False,0.4680399996757313,False,-0.7274554845900161,False,1.0,True,999999999.9999999,True,-0.7274554845900161,True
2027,B,245,1780373100.0,False,-1,,1,False,0.0,5.0,0.0,-1.3283708127400207,False,0.46701777564813,False,-1.3283708127400207,False,0.9955296766967997,True,0.13756065368652343,False,-1.3283708127400207,False
2027,B,246,1780373160.0,False,-1,,1,False,0.0,4.0,0.0,-0.3399650564493246,False,0.5588112418375542,False,-0.3399650564493246,False,0.9995550565058623,True,0.09641335010528565,False,-0.3399650564493246,False
2027,B,247,1780373220.0,False,-1,,1,False,0.0,5.0,0.0,-0.5118507200493196,False,0.49254974886957265,False,-0.5118507200493196,False,0.9955296766967997,True,0.10171403884887695,False,-0.5118507200493196,False
2027,B,248,1780373280.0,False,-1,,1,False,0.0,1.0,0.0,0.6840513541410838,False,0.6755368998684865,False,0.6840513541410838,False,1.0,True,0.10360002517700195,False,0.6840513541410838,False
2027,B,249,1780373340.0,False,-1,,1,False,0.0,3.0,0.0,-0.47452424680201233,False,0.5576763720635586,False,-0.47452424680201233,False,0.9999873715994484,True,0.13706960678100585,False,-0.47452424680201233,False
2027,B,250,1780373400.0,True,20,config_error,1,False,0.0,8.0,0.0,-1.9180042880694987,False,0.4122302015086221,False,-1.9180042880694987,False,0.8146204355576085,True,0.1547292947769165,False,-1.9180042880694987,False
2027,B,251,1780373460.0,True,20,config_error,1,False,0.0,9.0,0.0,4.5670730247897895,True,0.4769100384050177,False,4.5670730247897895,True,3.88759609052754e-10,False,9000000000.0,True,4.5670730247897895,True
2027,B,252,1780373520.0,True,20,config_error,1,False,0.0,6.0,0.0,3.0075199470400995,True,0.560441246166148,False,3.0075199470400995,True,0.9999999997948579,True,3999999999.9999995,True,3.0075199470400995,True
2027,B,253,1780373580.0,False,-1,,1,False,0.0,7.0,0.0,-1.1600596761445114,False,0.4684097698580701,False,-1.1600596761445114,False,0.9231861899451542,True,0.11826019287109374,False,-1.1600596761445114,False
2027,B,254,1780373640.0,False,-1,,1,False,0.0,5.0,0.0,0.19629105746605013,False,0.5337128350957134,False,0.19629105746605013,False,0.9955296766967997,True,0.17890634536743164,False,0.19629105746605013,False
2027,B,255,1780373700.0,False,-1,,1,False,0.0,5.0,0.0,-1.0598239150355928,False,0.4840299144610664,False,-1.0598239150355928,False,0.9955296766967997,True,0.11316452026367188,False,-1.0598239150355928,False
2027,B,256,1780373760.0,False,-1,,1,False,0.0,4.0,0.0,-1.1487230631945096,False,0.4939008876317008,False,-1.1487230631945096,False,0.9995550565058623,True,0.13649086952209472,False,-1.1487230631945096,False
2027,B,257,1780373820.0,False,-1,,1,False,0.0,1.0,0.0,1.5462201606173323,True,0.7010872654434974,True,1.5462201606173323,True,1.0,True,0.10831832885742188,False,1.5462201606173323,True
2027,B,258,1780373880.0,False,-1,,1,False,0.0,7.0,0.0,-0.4432564322827295,False,0.46119704292650576,False,-0.4432564322827295,False,0.9231861899451542,True,0.11353888511657714,False,-0.4432564322827295,False
2027,B,259,1780373940.0,False,-1,,1,False,0.0,2.0,0.0,-0.6820787618375705,False,0.6190518309052433,False,-0.6820787618375705,False,0.999999982548223,True,0.12477822303771971,False,-0.6820787618375705,False
2027,B,260,1780374000.0,False,-1,,1,False,0.0,5.0,0.0,-0.9133224176021768,False,0.516974114482076,False,-0.9133224176021768,False,0.9955296766967997,True,0.10589714050292968,False,-0.9133224176021768,False
2027,B,261,1780374060.0,False,-1,,1,False,0.0,3.0,0.0,0.0012865367761420998,False,0.5505983353233526,False,0.0012865367761420998,False,0.9999873715994484,True,0.15578083992004393,False,0.0012865367761420998,False
2027,B,262,1780374120.0,False,-1,,1,False,0.0,4.0,0.0,-1.2430531996730565,False,0.49501984465804283,False,-1.2430531996730565,False,0.9995550565058623,True,0.13765640258789064,False,-1.2430531996730565,False
2027,B,263,1780374180.0,True,21,resource_exhaustion,1,False,0.0,8.0,0.0,5.518385678268923,True,0.5522345040508303,False,5.518385678268923,True,0.8146204355576085,True,0.2242832899093628,False,5.518385678268923,True
2027,B,264,1780374240.0,True,21,resource_exhaustion,1,False,2.0,4.0,0.0,5.518385678268923,True,0.7421410504524327,True,5.518385678268923,True,1.0,True,1999999999.9999998,True,5.518385678268923,True
2027,B,265,1780374300.0,True,21,resource_exhaustion,1,False,0.0,3.0,0.0,5.518385678268923,True,0.6239181968915104,False,5.518385678268923,True,0.9999873715994484,True,0.17113170623779297,False,5.518385678268923,True
2027,B,266,1780374360.0,True,21,resource_exhaustion,1,False,1.0,5.0,0.0,5.518385678268923,True,0.6776808819358653,False,5.518385678268923,True,1.0,True,999999999.9999999,True,5.518385678268923,True
2027,B,267,1780374420.0,True,21,resource_exhaustion,1,False,0.0,7.0,0.0,5.518385678268914,True,0.49803020189075853,False,5.518385678268914,True,0.9231861899451542,True,0.16621336936950684,False,5.518385678268914,True
2027,B,268,1780374480.0,False,-1,,1,False,0.0,3.0,0.0,-0.6590806745362645,False,0.5339894918498039,False,-0.6590806745362645,False,0.9999873715994484,True,0.14244422912597657,False,-0.6590806745362645,False
2027,B,269,1780374540.0,False,-1,,1,False,0.0,5.0,0.0,0.3849162156560393,False,0.5112682030020161,False,0.3849162156560393,False,0.9955296766967997,True,0.18299427032470703,False,0.3849162156560393,False
2027,B,270,1780374600.0,False,-1,,1,False,0.0,11.0,0.0,-2.0225239077443824,False,0.4002413658617333,False,-2.0225239077443824,False,0.34528727623408134,False,0.1469430923461914,False,-2.0225239077443824,False
2027,B,271,1780374660.0,False,-1,,1,False,0.0,6.0,0.0,-1.3303781860374997,False,0.43154074302917866,False,-1.3303781860374997,False,0.9770168771360997,True,0.12971615791320804,False,-1.3303781860374997,False
2027,B,272,1780374720.0,False,-1,,1,False,0.0,6.0,0.0,-0.8944861293808728,False,0.47422916273171445,False,-0.8944861293808728,False,0.9770168771360997,True,0.16553914546966553,False,-0.8944861293808728,False
2027,B,273,1780374780.0,False,-1,,1,False,0.0,4.0,0.0,-1.0682261862184808,False,0.5047924975105549,False,-1.0682261862184808,False,0.9995550565058623,True,0.12951927185058593,False,-1.0682261862184808,False
2027,B,274,1780374840.0,True,22,resource_exhaustion,1,False,0.0,7.0,0.0,5.518385678268923,True,0.5523415516079568,False,5.518385678268923,True,0.9231861899451542,True,0.26014142036437987,False,5.518385678268923,True
2027,B,275,1780374900.0,True,22,resource_exhaustion,1,False,2.0,7.0,0.0,5.518385678268923,True,0.7030966127872417,True,5.518385678268923,True,1.0,True,1999999999.9999998,True,5.518385678268923,True
2027,B,276,1780374960.0,True,22,resource_exhaustion,1,False,4.0,8.0,0.0,5.518385678268923,True,0.7207327290959186,True,5.518385678268923,True,1.0,True,3999999999.9999995,True,5.518385678268923,True
2027,B,277,1780375020.0,True,22,resource_exhaustion,1,False,1.0,4.0,0.0,5.518385678268923,True,0.7189125788850793,True,5.518385678268923,True,1.0,True,999999999.9999999,True,5.518385678268923,True
2027,B,278,1780375080.0,False,-1,,1,False,0.0,1.0,0.0,0.99563801735491,False,0.7130652109980349,True,0.99563801735491,False,1.0,True,0.08491039276123047,False,0.99563801735491,False
2027,B,279,1780375140.0,False,-1,,1,False,0.0,6.0,0.0,-0.8160158804170417,False,0.4738766114271068,False,-0.8160158804170417,False,0.9770168771360997,True,0.11656546592712402,False,-0.8160158804170417,False
2027,B,280,1780375200.0,False,-1,,1,False,0.0,3.0,0.0,-0.9121847989532217,False,0.5434342291953237,False,-0.9121847989532217,False,0.9999873715994484,True,0.12662224769592284,False,-0.9121847989532217,False
2027,B,281,1780375260.0,False,-1,,1,False,0.0,2.0,0.0,4.080272833865537,True,0.6644555372584358,False,4.080272833865537,True,0.999999982548223,True,0.06753127574920655,False,4.080272833865537,True
2027,B,282,1780375320.0,False,-1,,1,False,0.0,2.0,0.0,0.1375768632025265,False,0.6081473025288873,False,0.1375768632025265,False,0.999999982548223,True,0.106681489944458,False,0.1375768632025265,False
2027,B,283,1780375380.0,False,-1,,1,False,0.0,5.0,0.0,0.9201381601387801,False,0.5331330762329144,False,0.9201381601387801,False,0.9955296766967997,True,0.12102298736572265,False,0.9201381601387801,False
2027,B,284,1780375440.0,False,-1,,1,False,0.0,9.0,0.0,-1.0388632073292134,False,0.4644952419334158,False,-1.0388632073292134,False,0.6577756959520332,True,0.15904293060302735,False,-1.0388632073292134,False
2027,B,285,1780375500.0,False,-1,,1,False,0.0,4.0,0.0,3.693075270868831,True,0.6045181792802569,False,3.693075270868831,True,0.9995550565058623,True,0.08187065124511719,False,3.693075270868831,True
2027,B,286,1780375560.0,False,-1,,1,False,0.0,6.0,0.0,-0.9083737857685277,False,0.46033671564962697,False,-0.9083737857685277,False,0.9770168771360997,True,0.12212622165679932,False,-0.9083737857685277,False
2027,B,287,1780375620.0,True,23,dependency_timeout,1,False,1.0,8.0,0.0,5.518385678268923,True,0.6621289765248403,False,5.518385678268923,True,1.0,True,999999999.9999999,True,5.518385678268923,True
2027,B,288,1780375680.0,True,23,dependency_timeout,1,False,0.0,5.0,0.0,5.518385678268923,True,0.6099324737587849,False,5.518385678268923,True,1.0,True,999999999.9999999,True,5.518385678268923,True
2027,B,289,1780375740.0,True,23,dependency_timeout,1,False,1.0,3.0,0.0,5.518385678268923,True,0.6944255956314852,False,5.518385678268923,True,1.0,True,999999999.9999999,True,5.518385678268923,True
2027,B,290,1780375800.0,False,-1,,2,False,0.0,8.0,0.0,-1.4368079994525784,False,0.4195045554578208,False,-1.4368079994525784,False,0.8146204355576085,True,0.14303100109100342,False,-1.4368079994525784,False
2027,B,291,1780375860.0,False,-1,,2,False,0.0,6.0,0.0,-1.2609187076979138,False,0.47808105210777596,False,-1.2609187076979138,False,0.9770168771360997,True,0.11902964115142822,False,-1.2609187076979138,False
2027,B,292,1780375920.0,False,-1,,2,False,0.0,7.0,0.0,-1.5965326424010824,False,0.42044478711533334,False,-1.5965326424010824,False,0.9231861899451542,True,0.13673906326293944,False,-1.5965326424010824,False
2027,B,293,1780375980.0,False,-1,,2,False,0.0,8.0,0.0,-0.48857956745048625,False,0.47173631078962863,False,-0.48857956745048625,False,0.8146204355576085,True,0.16800928115844727,False,-0.48857956745048625,False
2027,B,294,1780376040.0,False,-1,,2,False,0.0,9.0,0.0,-1.9466235475271292,False,0.41146745882667685,False,-1.9466235475271292,False,0.6577756959520332,True,0.1651081085205078,False,-1.9466235475271292,False
2027,B,295,1780376100.0,False,-1,,2,False,0.0,2.0,0.0,-0.03074790718346776,False,0.6306493265883015,False,-0.03074790718346776,False,0.999999982548223,True,0.11585819721221924,False,-0.03074790718346776,False
2027,B,296,1780376160.0,True,24,permission_denied,2,False,0.0,3.0,0.0,-0.46299334715054474,False,0.5560925679297671,False,-0.46299334715054474,False,1.0,True,999999999.9999999,True,-0.46299334715054474,True
2027,B,297,1780376220.0,True,24,permission_denied,2,False,0.0,4.0,0.0,-0.45289589055663093,False,0.5023483660339169,False,-0.45289589055663093,False,1.0,True,999999999.9999999,True,-0.45289589055663093,True
2027,B,298,1780376280.0,True,24,permission_denied,2,True,0.0,9.0,0.0,2.9431997747590013,True,0.5399163507094037,False,2.9431997747590013,True,1.0,True,3000000000.0,True,2.9431997747590013,True
2027,B,299,1780376340.0,True,24,permission_denied,2,True,0.0,65.0,0.0,4.902179722026672,True,0.5594554692967549,False,4.902179722026672,True,1.0,True,27000000000.0,True,4.902179722026672,True
2027,B,300,1780376400.0,True,24,permission_denied,2,True,0.0,57.0,0.0,4.5140998124545275,True,0.5438401950845227,False,4.5140998124545275,True,1.0,True,18000000000.0,True,4.5140998124545275,True
2027,B,301,1780376460.0,False,-1,,2,False,0.0,6.0,0.0,-0.6471630352224853,False,0.46273230526187425,False,-0.6471630352224853,False,0.9770168771360997,True,0.1407889127731323,False,-0.6471630352224853,False
2027,B,302,1780376520.0,False,-1,,2,False,0.0,7.0,0.0,-1.538576014017698,False,0.4219080414780212,False,-1.538576014017698,False,0.9231861899451542,True,0.12960195541381833,False,-1.538576014017698,False
2027,B,303,1780376580.0,False,-1,,2,False,0.0,6.0,0.0,-0.845276553136662,False,0.44429818105730834,False,-0.845276553136662,False,0.9770168771360997,True,0.1180887222290039,False,-0.845276553136662,False
2027,B,304,1780376640.0,False,-1,,2,False,0.0,4.0,0.0,-0.0058835358808559945,False,0.5500883302796645,False,-0.0058835358808559945,False,0.9995550565058623,True,0.11884558200836182,False,-0.0058835358808559945,False
2027,B,305,1780376700.0,False,-1,,2,False,0.0,12.0,0.0,-1.053817765053501,False,0.42228492734540046,False,-1.053817765053501,False,0.2386920822861176,False,0.15715835094451905,False,-1.053817765053501,False
2027,B,306,1780376760.0,True,25,config_error,2,False,0.0,5.0,0.0,-0.576290456942985,False,0.486300583806797,False,-0.576290456942985,False,1.0,True,999999999.9999999,True,-0.576290456942985,True
2027,B,307,1780376820.0,True,25,config_error,2,False,0.0,7.0,0.0,3.235141435114492,True,0.47436448653364316,False,3.235141435114492,True,0.050744523270001715,False,6000000000.0,True,3.235141435114492,True
2027,B,308,1780376880.0,True,25,config_error,2,False,0.0,5.0,0.0,1.7022931090725182,True,0.5234013573202385,False,1.7022931090725182,True,1.0,True,3000000000.0,True,1.7022931090725182,True
2027,B,309,1780376940.0,True,25,config_error,2,False,0.0,8.0,0.0,3.50131515100001,True,0.4615863396785789,False,3.50131515100001,True,4.0133640998317715e-05,False,7000000000.0,True,3.50131515100001,True
2027,B,310,1780377000.0,True,25,config_error,2,False,0.0,7.0,0.0,0.2409634020522935,False,0.434810726549223,False,0.2409634020522935,False,1.0,True,1999999999.9999998,True,0.2409634020522935,True
2027,B,311,1780377060.0,False,-1,,2,False,0.0,9.0,0.0,-0.683710668304971,False,0.4240796767344306,False,-0.683710668304971,False,0.6577756959520332,True,0.12649688720703126,False,-0.683710668304971,False
2027,B,312,1780377120.0,False,-1,,2,False,0.0,7.0,0.0,-0.7427922945333645,False,0.4802856368538087,False,-0.7427922945333645,False,0.9231861899451542,True,0.110955810546875,False,-0.7427922945333645,False
2027,B,313,1780377180.0,False,-1,,2,False,0.0,3.0,0.0,0.42507408853682627,False,0.5897644256350805,False,0.42507408853682627,False,0.9999873715994484,True,0.16043901443481445,False,0.42507408853682627,False
2027,B,314,1780377240.0,False,-1,,2,False,0.0,1.0,0.0,1.5902039405424748,True,0.7086761042923477,True,1.5902039405424748,True,1.0,True,0.14633655548095703,False,1.5902039405424748,True
2027,B,315,1780377300.0,False,-1,,2,False,0.0,6.0,0.0,0.027356519493098475,False,0.5140510464736429,False,0.027356519493098475,False,0.9770168771360997,True,0.09120368957519531,False,0.027356519493098475,False
2027,B,316,1780377360.0,False,-1,,2,False,0.0,5.0,0.0,-1.2724064445330932,False,0.45725964808705505,False,-1.2724064445330932,False,0.9955296766967997,True,0.1308055877685547,False,-1.2724064445330932,False
2027,B,317,1780377420.0,False,-1,,2,False,0.0,4.0,0.0,-1.1836591390042512,False,0.4986705706726049,False,-1.1836591390042512,False,0.9995550565058623,True,0.13464651107788084,False,-1.1836591390042512,False
2027,B,318,1780377480.0,False,-1,,2,False,0.0,8.0,0.0,-0.29330027573898665,False,0.45085786456207294,False,-0.29330027573898665,False,0.8146204355576085,True,0.10936350822448729,False,-0.29330027573898665,False
2027,B,319,1780377540.0,True,26,resource_exhaustion,2,False,0.0,5.0,0.0,5.518385678268923,True,0.6202449857455536,False,5.518385678268923,True,0.9955296766967997,True,0.24188098907470704,False,5.518385678268923,True
2027,B,320,1780377600.0,True,26,resource_exhaustion,2,False,0.0,4.0,0.0,5.518385678268923,True,0.649281454734666,False,5.518385678268923,True,0.9995550565058623,True,0.25066685676574707,False,5.518385678268923,True
2027,B,321,1780377660.0,True,26,resource_exhaustion,2,False,1.0,6.0,0.0,5.518385678268923,True,0.6918964822885195,False,5.518385678268923,True,1.0,True,999999999.9999999,True,5.518385678268923,True
2027,B,322,1780377720.0,False,-1,,2,False,0.0,2.0,0.0,-0.9571496825249168,False,0.6104794171927284,False,-0.9571496825249168,False,0.999999982548223,True,0.10483675003051758,False,-0.9571496825249168,False
2027,B,323,1780377780.0,False,-1,,2,False,0.0,8.0,0.0,-1.3446719530214066,False,0.42615869224196257,False,-1.3446719530214066,False,0.8146204355576085,True,0.16941592693328858,False,-1.3446719530214066,False
2027,B,324,1780377840.0,False,-1,,2,False,0.0,14.0,0.0,-1.9859105767100855,False,0.41569388541791585,False,-1.9859105767100855,False,0.11637879250025024,False,0.18744380474090572,False,-1.9859105767100855,False
2027,B,325,1780377900.0,False,-1,,2,False,0.0,9.0,0.0,-1.9643306761045993,False,0.4003846191878114,False,-1.9643306761045993,False,0.6577756959520332,True,0.14981775283813475,False,-1.9643306761045993,False
2027,B,326,1780377960.0,False,-1,,2,False,0.0,4.0,0.0,0.2864978524242545,False,0.5315500330619447,False,0.2864978524242545,False,0.9995550565058623,True,0.11784472465515139,False,0.2864978524242545,False
2027,B,327,1780378020.0,False,-1,,2,False,0.0,10.0,0.0,-0.8253070335297048,False,0.4243149173717328,False,-0.8253070335297048,False,0.4893257225979959,False,0.11897501945495606,False,-0.8253070335297048,False
2027,B,328,1780378080.0,False,-1,,2,False,0.0,5.0,0.0,-1.2391916881852607,False,0.49319323520396136,False,-1.2391916881852607,False,0.9955296766967997,True,0.1641387939453125,False,-1.2391916881852607,False
2027,B,329,1780378140.0,False,-1,,2,False,0.0,10.0,0.0,-1.1055198403570161,False,0.4185859143816294,False,-1.1055198403570161,False,0.4893257225979959,False,0.12164382934570313,False,-1.1055198403570161,False
2027,B,330,1780378200.0,True,27,dependency_timeout,2,False,0.0,2.0,0.0,5.518385678268923,True,0.7042477810559966,True,5.518385678268923,True,1.0,True,999999999.9999999,True,5.518385678268923,True
2027,B,331,1780378260.0,True,27,dependency_timeout,2,False,2.0,6.0,0.0,5.518385678268923,True,0.7031519594686979,True,5.518385678268923,True,1.0,True,3999999999.9999995,True,5.518385678268923,True
2027,B,332,1780378320.0,True,27,dependency_timeout,2,False,2.0,10.0,0.0,5.518385678268923,True,0.6714316903915915,False,5.518385678268923,True,1.0,True,3999999999.9999995,True,5.518385678268923,True
2027,B,333,1780378380.0,False,-1,,2,False,0.0,7.0,0.0,0.3915916969096722,False,0.486346019427663,False,0.3915916969096722,False,0.9231861899451542,True,0.2158515930175781,False,0.3915916969096722,False
2027,B,334,1780378440.0,False,-1,,2,False,0.0,6.0,0.0,-0.7497349714978654,False,0.474374423931463,False,-0.7497349714978654,False,0.9770168771360997,True,0.12518632411956787,False,-0.7497349714978654,False
2027,B,335,1780378500.0,False,-1,,2,False,0.0,4.0,0.0,-0.7013970938569996,False,0.5284450478494618,False,-0.7013970938569996,False,0.9995550565058623,True,0.09820733070373536,False,-0.7013970938569996,False
2027,B,336,1780378560.0,False,-1,,2,False,0.0,6.0,0.0,-1.4037153004113305,False,0.44400467144352745,False,-1.4037153004113305,False,0.9770168771360997,True,0.1655747890472412,False,-1.4037153004113305,False
2027,B,337,1780378620.0,False,-1,,2,False,0.0,8.0,0.0,-1.1293371138832216,False,0.446553925803233,False,-1.1293371138832216,False,0.8146204355576085,True,0.15424137115478517,False,-1.1293371138832216,False
2027,B,338,1780378680.0,True,28,permission_denied,2,False,0.0,8.0,0.0,-0.33483496467963025,False,0.4261995822746441,False,-0.33483496467963025,False,1.0,True,999999999.9999999,True,-0.33483496467963025,True
2027,B,339,1780378740.0,True,28,permission_denied,2,False,0.0,6.0,0.0,0.12107675179868416,False,0.4603124922189673,False,0.12107675179868416,False,1.0,True,1999999999.9999998,True,0.12107675179868416,True
2027,B,340,1780378800.0,True,28,permission_denied,2,False,0.0,7.0,0.0,0.4144877005316623,False,0.4398525681375811,False,0.4144877005316623,False,1.0,True,1999999999.9999998,True,0.4144877005316623,True
2027,B,341,1780378860.0,True,28,permission_denied,2,False,0.0,3.0,0.0,-0.13187429015444252,False,0.5588922578598086,False,-0.13187429015444252,False,1.0,True,999999999.9999999,True,-0.13187429015444252,True
2027,B,342,1780378920.0,False,-1,,2,False,0.0,8.0,0.0,-1.6887130840387066,False,0.4109519798122783,False,-1.6887130840387066,False,0.8146204355576085,True,0.14482672214508055,False,-1.6887130840387066,False
2027,B,343,1780378980.0,False,-1,,2,False,0.0,3.0,0.0,-0.8262671853683861,False,0.5786473946579602,False,-0.8262671853683861,False,0.9999873715994484,True,0.13853220939636232,False,-0.8262671853683861,False
2027,B,344,1780379040.0,False,-1,,2,False,0.0,4.0,0.0,-0.9762022278720783,False,0.5015220453598626,False,-0.9762022278720783,False,0.9995550565058623,True,0.13449547290802003,False,-0.9762022278720783,False
2027,B,345,1780379100.0,False,-1,,2,False,0.0,10.0,0.0,-1.6723023370384746,False,0.42251509232222234,False,-1.6723023370384746,False,0.4893257225979959,False,0.144576358795166,False,-1.6723023370384746,False
2027,B,346,1780379160.0,False,-1,,2,False,0.0,8.0,0.0,-0.7184870897470015,False,0.48214276248637067,False,-0.7184870897470015,False,0.8146204355576085,True,0.1169647455215454,False,-0.7184870897470015,False
2027,B,347,1780379220.0,False,-1,,2,False,0.0,11.0,0.0,-1.8637121854241894,False,0.40099240862475455,False,-1.8637121854241894,False,0.34528727623408134,False,0.14209818840026853,False,-1.8637121854241894,False
2027,B,348,1780379280.0,False,-1,,2,False,0.0,2.0,0.0,0.8094369495183207,False,0.6105328963359994,False,0.8094369495183207,False,0.999999982548223,True,0.15408544540405272,False,0.8094369495183207,False
2027,B,349,1780379340.0,False,-1,,2,False,0.0,5.0,0.0,-0.9668588274204479,False,0.4960421194163159,False,-0.9668588274204479,False,0.9955296766967997,True,0.10444040298461914,False,-0.9668588274204479,False
2027,B,350,1780379400.0,True,29,permission_denied,2,False,0.0,7.0,0.0,0.19148959359638873,False,0.4275517792677215,False,0.19148959359638873,False,1.0,True,1999999999.9999998,True,0.19148959359638873,True
2027,B,351,1780379460.0,True,29,permission_denied,2,False,0.0,5.0,0.0,0.6744164507937498,False,0.49627149926402014,False,0.6744164507937498,False,1.0,True,1999999999.9999998,True,0.6744164507937498,True
2027,B,352,1780379520.0,True,29,permission_denied,2,False,0.0,7.0,0.0,-0.1689535148044632,False,0.4494790790154578,False,-0.1689535148044632,False,1.0,True,999999999.9999999,True,-0.1689535148044632,True
2027,B,353,1780379580.0,True,29,permission_denied,2,False,0.0,9.0,0.0,-0.15695277171175004,False,0.40906092374221714,False,-0.15695277171175004,False,1.0,True,1999999999.9999998,True,-0.15695277171175004,True
2027,B,354,1780379640.0,False,-1,,2,False,0.0,5.0,0.0,-0.4127415075469818,False,0.49869253075988207,False,-0.4127415075469818,False,0.9955296766967997,True,0.134896183013916,False,-0.4127415075469818,False
2027,B,355,1780379700.0,False,-1,,2,False,0.0,5.0,0.0,-0.7804553567622694,False,0.47582531803238215,False,-0.7804553567622694,False,0.9955296766967997,True,0.11212892532348633,False,-0.7804553567622694,False
2027,B,356,1780379760.0,False,-1,,2,False,0.0,4.0,0.0,-0.9750935208485219,False,0.5067371893042926,False,-0.9750935208485219,False,0.9995550565058623,True,0.13113410472869874,False,-0.9750935208485219,False
2027,B,357,1780379820.0,False,-1,,2,False,0.0,10.0,0.0,-2.04373468506299,False,0.4032835814509245,False,-2.04373468506299,False,0.4893257225979959,False,0.15555934906005858,False,-2.04373468506299,False
2027,B,358,1780379880.0,False,-1,,2,False,0.0,7.0,0.0,-1.0081626748907064,False,0.44284421700067667,False,-1.0081626748907064,False,0.9231861899451542,True,0.14876804351806638,False,-1.0081626748907064,False
2027,B,359,1780379940.0,False,-1,,2,False,0.0,5.0,0.0,-1.1388811027092371,False,0.4592529348015296,False,-1.1388811027092371,False,0.9955296766967997,True,0.12342624664306641,False,-1.1388811027092371,False
2027,B,360,1780380000.0,False,-1,,2,False,0.0,11.0,0.0,-1.4517276115221494,False,0.4262159434075327,False,-1.4517276115221494,False,0.34528727623408134,False,0.18553233146667483,False,-1.4517276115221494,False
2027,B,361,1780380060.0,True,30,resource_exhaustion,2,False,0.0,7.0,0.0,5.518385678268923,True,0.5834719850712776,False,5.518385678268923,True,0.9231861899451542,True,0.25062623023986813,False,5.518385678268923,True
2027,B,362,1780380120.0,True,30,resource_exhaustion,2,False,1.0,7.0,0.0,5.518385678268923,True,0.6904091359793672,False,5.518385678268923,True,1.0,True,999999999.9999999,True,5.518385678268923,True
2027,B,363,1780380180.0,True,30,resource_exhaustion,2,False,0.0,5.0,0.0,5.518385678268923,True,0.5703869832960062,False,5.518385678268923,True,0.9955296766967997,True,0.1726917266845703,False,5.518385678268923,True
2027,B,364,1780380240.0,False,-1,,2,False,0.0,11.0,0.0,-0.6602214467552994,False,0.42357237492005156,False,-0.6602214467552994,False,0.34528727623408134,False,0.12524676322937012,False,-0.6602214467552994,False
2027,B,365,1780380300.0,False,-1,,2,False,0.0,9.0,0.0,-1.817135184430934,False,0.4123256381244586,False,-1.817135184430934,False,0.6577756959520332,True,0.17100467681884765,False,-1.817135184430934,False
2027,B,366,1780380360.0,False,-1,,2,False,0.0,1.0,0.0,3.699751733577658,True,0.7003007907248999,True,3.699751733577658,True,1.0,True,0.0816488265991211,False,3.699751733577658,True
2027,B,367,1780380420.0,False,-1,,2,False,0.0,5.0,0.0,-0.7324548164726945,False,0.4814443076917988,False,-0.7324548164726945,False,0.9955296766967997,True,0.110443115234375,False,-0.7324548164726945,False
2027,B,368,1780380480.0,False,-1,,2,False,0.0,8.0,0.0,-0.632890918117722,False,0.4709783674817051,False,-0.632890918117722,False,0.8146204355576085,True,0.17156684398651123,False,-0.632890918117722,False
2027,B,369,1780380540.0,True,31,dependency_timeout,2,False,0.0,8.0,0.0,-1.6101117146547894,False,0.44139254966446545,False,-1.6101117146547894,False,0.8146204355576085,True,0.1589212656021118,False,-1.6101117146547894,False
2027,B,370,1780380600.0,True,31,dependency_timeout,2,False,0.0,4.0,0.0,5.518385678268923,True,0.620904426520112,False,5.518385678268923,True,1.0,True,1999999999.9999998,True,5.518385678268923,True
2027,B,371,1780380660.0,True,31,dependency_timeout,2,False,0.0,6.0,0.0,5.518385678268923,True,0.5622067437632885,False,5.518385678268923,True,1.0,True,1999999999.9999998,True,5.518385678268923,True
2027,B,372,1780380720.0,True,31,dependency_timeout,2,False,0.0,9.0,0.0,5.518385678268923,True,0.5331119296336211,False,5.518385678268923,True,1.0,True,3000000000.0,True,5.518385678268923,True
2027,B,373,1780380780.0,False,-1,,2,False,0.0,6.0,0.0,-0.5490420627012744,False,0.48540852003474366,False,-0.5490420627012744,False,0.9770168771360997,True,0.14522290229797363,False,-0.5490420627012744,False
2027,B,374,1780380840.0,False,-1,,2,False,0.0,9.0,0.0,-1.4718020115856998,False,0.4024628447428457,False,-1.4718020115856998,False,0.6577756959520332,True,0.1349057197570801,False,-1.4718020115856998,False
2027,B,375,1780380900.0,False,-1,,2,False,0.0,9.0,0.0,-1.637752487699104,False,0.3985049953985441,False,-1.637752487699104,False,0.6577756959520332,True,0.1473825454711914,False,-1.637752487699104,False
2027,B,376,1780380960.0,False,-1,,2,False,0.0,9.0,0.0,-1.4264610215556797,False,0.4049341773052118,False,-1.4264610215556797,False,0.6577756959520332,True,0.1337306022644043,False,-1.4264610215556797,False
2027,B,377,1780381020.0,False,-1,,2,False,0.0,6.0,0.0,-1.4745151463634665,False,0.43230572694995334,False,-1.4745151463634665,False,0.9770168771360997,True,0.14275193214416504,False,-1.4745151463634665,False
2027,B,378,1780381080.0,False,-1,,2,False,0.0,7.0,0.0,-0.9621330862260908,False,0.42984990492487424,False,-0.9621330862260908,False,0.9231861899451542,True,0.1250464916229248,False,-0.9621330862260908,False
2027,B,379,1780381140.0,False,-1,,2,False,0.0,5.0,0.0,-0.5530124040635185,False,0.48773244493239987,False,-0.5530124040635185,False,0.9955296766967997,True,0.11850719451904297,False,-0.5530124040635185,False
2027,B,380,1780381200.0,True,32,resource_exhaustion,2,False,0.0,5.0,0.0,5.518385678268923,True,0.6213385879203475,False,5.518385678268923,True,0.9955296766967997,True,0.2710942268371582,False,5.518385678268923,True
2027,B,381,1780381260.0,True,32,resource_exhaustion,2,False,1.0,11.0,0.0,5.518385678268923,True,0.6758053641672246,False,5.518385678268923,True,1.0,True,999999999.9999999,True,5.518385678268923,True
2027,B,382,1780381320.0,True,32,resource_exhaustion,2,False,0.0,13.0,0.0,5.5183856782688085,True,0.4721277756454789,False,5.5183856782688085,True,0.16541466366673443,False,0.14858646392822267,False,5.5183856782688085,True
2027,B,383,1780381380.0,False,-1,,2,False,0.0,10.0,0.0,-1.8011114749182333,False,0.41199436217845753,False,-1.8011114749182333,False,0.4893257225979959,False,0.1364614486694336,False,-1.8011114749182333,False
2027,B,384,1780381440.0,False,-1,,2,False,0.0,7.0,0.0,-1.0180208999422966,False,0.44259645921607543,False,-1.0180208999422966,False,0.9231861899451542,True,0.14798965454101562,False,-1.0180208999422966,False
2027,B,385,1780381500.0,False,-1,,2,False,0.0,8.0,0.0,-0.49831632267524295,False,0.48288594208800106,False,-0.49831632267524295,False,0.8146204355576085,True,0.17732930183410645,False,-0.49831632267524295,False
2027,B,386,1780381560.0,False,-1,,2,False,0.0,4.0,0.0,-1.0511928489635016,False,0.5117577214311317,False,-1.0511928489635016,False,0.9995550565058623,True,0.126509690284729,False,-1.0511928489635016,False
2027,B,387,1780381620.0,False,-1,,2,False,0.0,9.0,0.0,-1.086390008320448,False,0.41755138208331977,False,-1.086390008320448,False,0.6577756959520332,True,0.14202423095703126,False,-1.086390008320448,False
2027,B,388,1780381680.0,False,-1,,2,False,1.0,10.0,0.0,1.3127370239913434,True,0.599349541235456,False,1.3127370239913434,True,5.838128403041265e-06,False,0.1612955093383789,False,1.3127370239913434,False
2027,B,389,1780381740.0,False,-1,,2,False,0.0,14.0,0.0,-1.2281220045189087,False,0.3959302259251615,False,-1.2281220045189087,False,0.11637879250025024,False,0.13479702472686766,False,-1.2281220045189087,False
2027,B,390,1780381800.0,False,-1,,2,False,0.0,6.0,0.0,-1.0635195853614112,False,0.46053417235041116,False,-1.0635195853614112,False,0.9770168771360997,True,0.14474570751190186,False,-1.0635195853614112,False
2027,B,391,1780381860.0,True,33,dependency_timeout,2,False,0.0,11.0,0.0,5.518385678268923,True,0.516381545425952,False,5.518385678268923,True,1.0,True,1999999999.9999998,True,5.518385678268923,True
2027,B,392,1780381920.0,True,33,dependency_timeout,2,True,6.0,49.0,0.0,5.518385678268923,True,0.6893823203646537,False,5.518385678268923,True,1.0,True,22000000000.0,True,5.518385678268923,True
2027,B,393,1780381980.0,True,33,dependency_timeout,2,True,9.0,91.0,0.0,5.518385678268923,True,0.7373557472050234,True,5.518385678268923,True,1.0,True,38000000000.0,True,5.518385678268923,True
2027,B,394,1780382040.0,True,33,dependency_timeout,2,True,4.0,44.0,0.0,5.518385678268923,True,0.6807662435267107,False,5.518385678268923,True,1.0,True,10000000000.0,True,5.518385678268923,True
2027,B,395,1780382100.0,False,-1,,2,False,0.0,14.0,0.0,-1.1869328077298897,False,0.4010017417901075,False,-1.1869328077298897,False,0.11637879250025024,False,0.13382675647735595,False,-1.1869328077298897,False
2027,B,396,1780382160.0,False,-1,,2,False,0.0,6.0,0.0,-0.7081576155233256,False,0.461394819042497,False,-0.7081576155233256,False,0.9770168771360997,True,0.13602137565612793,False,-0.7081576155233256,False
2027,B,397,1780382220.0,False,-1,,2,False,0.0,11.0,0.0,-1.2801420642939023,False,0.43757891646946434,False,-1.2801420642939023,False,0.34528727623408134,False,0.1192469596862793,False,-1.2801420642939023,False
2027,B,398,1780382280.0,False,-1,,2,False,0.0,5.0,0.0,-0.3291458630774615,False,0.49775490136400014,False,-0.3291458630774615,False,0.9955296766967997,True,0.11921987533569336,False,-0.3291458630774615,False
2027,B,399,1780382340.0,False,-1,,2,False,0.0,12.0,0.0,-1.7617563776013512,False,0.4143276467281299,False,-1.7617563776013512,False,0.2386920822861176,False,0.18043317794799807,False,-1.7617563776013512,False
2027,B,400,1780382400.0,False,-1,,2,False,0.0,9.0,0.0,-1.5905758022936132,False,0.40176699338807936,False,-1.5905758022936132,False,0.6577756959520332,True,0.14633922576904296,False,-1.5905758022936132,False
2027,B,401,1780382460.0,False,-1,,2,False,0.0,3.0,0.0,-0.298076705441054,False,0.5613824108253374,False,-0.298076705441054,False,0.9999873715994484,True,0.13953161239624026,False,-0.298076705441054,False
2027,B,402,1780382520.0,False,-1,,2,False,0.0,5.0,0.0,0.5596061022971925,False,0.5129069569219213,False,0.5596061022971925,False,0.9955296766967997,True,0.19391746520996095,False,0.5596061022971925,False
2027,B,403,1780382580.0,True,34,config_error,2,False,0.0,10.0,0.0,3.4752035338258094,True,0.5064888455413111,False,3.4752035338258094,True,0.0003894393853898789,False,7000000000.0,True,3.4752035338258094,True
2027,B,404,1780382640.0,True,34,config_error,2,False,0.0,9.0,0.0,4.543686584225856,True,0.4828565736361309,False,4.543686584225856,True,3.88759609052754e-10,False,9000000000.0,True,4.543686584225856,True
2027,B,405,1780382700.0,True,34,config_error,2,False,0.0,1.0,0.0,4.445185970451391,True,0.7062253877190736,True,4.445185970451391,True,1.0,True,999999999.9999999,True,4.445185970451391,True
2027,B,406,1780382760.0,True,34,config_error,2,False,0.0,5.0,0.0,0.8114715781385966,False,0.5242087679644722,False,0.8114715781385966,False,1.0,True,1999999999.9999998,True,0.8114715781385966,True
2027,B,407,1780382820.0,False,-1,,2,False,0.0,7.0,0.0,0.016868233662529875,False,0.49864272200428505,False,0.016868233662529875,False,0.9231861899451542,True,0.14567914009094238,False,0.016868233662529875,False
2027,B,408,1780382880.0,False,-1,,2,False,0.0,10.0,0.0,-1.7909179550496521,False,0.41965152866733135,False,-1.7909179550496521,False,0.4893257225979959,False,0.13552086353302,False,-1.7909179550496521,False
2027,B,409,1780382940.0,False,-1,,2,False,0.0,12.0,0.0,-1.9350925754818755,False,0.39946035141641,False,-1.9350925754818755,False,0.2386920822861176,False,0.14824333190917968,False,-1.9350925754818755,False
2027,B,410,1780383000.0,False,-1,,2,False,0.0,10.0,0.0,-1.8376060888764894,False,0.41904296948171244,False,-1.8376060888764894,False,0.4893257225979959,False,0.13762383460998534,False,-1.8376060888764894,False
2027,B,411,1780383060.0,False,-1,,2,False,0.0,11.0,0.0,-1.199582681615115,False,0.4270205205907542,False,-1.199582681615115,False,0.34528727623408134,False,0.17487764358520508,False,-1.199582681615115,False
2027,B,412,1780383120.0,False,-1,,2,False,0.0,13.0,0.0,-1.464739614732383,False,0.3946612802883549,False,-1.464739614732383,False,0.16541466366673443,False,0.13768024444580076,False,-1.464739614732383,False
2027,B,413,1780383180.0,True,35,config_error,2,False,0.0,6.0,0.0,1.2909088709028858,True,0.47406957594331084,False,1.2909088709028858,True,1.0,True,3000000000.0,True,1.2909088709028858,True
2027,B,414,1780383240.0,True,35,config_error,2,False,0.0,8.0,0.0,3.5577015533403076,True,0.49742222860437985,False,3.5577015533403076,True,4.0133640998317715e-05,False,7000000000.0,True,3.5577015533403076,True
2027,B,415,1780383300.0,True,35,config_error,2,False,0.0,11.0,0.0,4.249976709846273,True,0.45206704071202036,False,4.249976709846273,True,2.953613571304064e-11,False,10000000000.0,True,4.249976709846273,True
2027,B,416,1780383360.0,True,35,config_error,2,False,0.0,7.0,0.0,0.27685815246013856,False,0.4444016974114009,False,0.27685815246013856,False,1.0,True,1999999999.9999998,True,0.27685815246013856,True
2027,B,417,1780383420.0,False,-1,,3,False,0.0,4.0,0.0,-0.04957062484015928,False,0.5695117528233203,False,-0.04957062484015928,False,0.9995550565058623,True,0.08971142768859863,False,-0.04957062484015928,False
2027,B,418,1780383480.0,False,-1,,3,False,0.0,10.0,0.0,-1.4909190952988176,False,0.4065143952610513,False,-1.4909190952988176,False,0.4893257225979959,False,0.1311988115310669,False,-1.4909190952988176,False
2027,B,419,1780383540.0,False,-1,,3,False,0.0,7.0,0.0,-0.6443813046267204,False,0.45585411101257206,False,-0.6443813046267204,False,0.9231861899451542,True,0.10873990058898927,False,-0.6443813046267204,False
2027,B,420,1780383600.0,False,-1,,3,False,0.0,14.0,0.0,-2.0020556514761605,False,0.4134462306815188,False,-2.0020556514761605,False,0.11637879250025024,False,0.17401564121246338,False,-2.0020556514761605,False
2027,B,421,1780383660.0,False,-1,,3,False,0.0,7.0,0.0,-1.6863679129250944,False,0.4229529120604784,False,-1.6863679129250944,False,0.9231861899451542,True,0.15886216163635253,False,-1.6863679129250944,False
2027,B,422,1780383720.0,False,-1,,3,False,0.0,12.0,0.0,-1.3622172091689873,False,0.4062792044801897,False,-1.3622172091689873,False,0.2386920822861176,False,0.14158809185028076,False,-1.3622172091689873,False
2027,B,423,1780383780.0,False,-1,,3,False,0.0,10.0,0.0,-1.882354755882126,False,0.4037805798207344,False,-1.882354755882126,False,0.4893257225979959,False,0.1547908067703247,False,-1.882354755882126,False
2027,B,424,1780383840.0,False,-1,,3,False,0.0,14.0,0.0,-1.695959457983955,False,0.39247222418908906,False,-1.695959457983955,False,0.11637879250025024,False,0.15285139083862304,False,-1.695959457983955,False
2027,B,425,1780383900.0,False,-1,,3,False,0.0,11.0,0.0,-1.6503781481962827,False,0.40137687662676114,False,-1.6503781481962827,False,0.34528727623408134,False,0.146528959274292,False,-1.6503781481962827,False
2027,B,426,1780383960.0,False,-1,,3,False,0.0,11.0,0.0,-1.6388637496152176,False,0.41137299845253744,False,-1.6388637496152176,False,0.34528727623408134,False,0.1453254222869873,False,-1.6388637496152176,False
2027,B,427,1780384020.0,True,36,permission_denied,3,False,0.0,10.0,0.0,0.668967022505571,False,0.4365644672807489,False,0.668967022505571,False,1.0,True,3000000000.0,True,0.668967022505571,True
2027,B,428,1780384080.0,True,36,permission_denied,3,False,0.0,9.0,0.0,0.6401437997259807,False,0.4133037173570597,False,0.6401437997259807,False,1.0,True,3000000000.0,True,0.6401437997259807,True
2027,B,429,1780384140.0,True,36,permission_denied,3,False,0.0,9.0,0.0,0.14830906863354976,False,0.4101429140010332,False,0.14830906863354976,False,1.0,True,1999999999.9999998,True,0.14830906863354976,True
2027,B,430,1780384200.0,True,36,permission_denied,3,False,0.0,10.0,0.0,1.0690796875932378,False,0.4975556435090861,False,1.0690796875932378,False,0.4893257225979959,False,0.25959081649780275,False,1.0690796875932378,False
2027,B,431,1780384260.0,False,-1,,3,False,0.0,15.0,0.0,-1.8037016773652752,False,0.4034920230032332,False,-1.8037016773652752,False,0.08358208903295893,False,0.1491603374481201,False,-1.8037016773652752,False
2027,B,432,1780384320.0,False,-1,,3,False,0.0,7.0,0.0,-1.0049307186136893,False,0.4442962002047941,False,-1.0049307186136893,False,0.9231861899451542,True,0.1140864372253418,False,-1.0049307186136893,False
2027,B,433,1780384380.0,False,-1,,3,False,0.0,8.0,0.0,-1.1790621267608339,False,0.44812659217348744,False,-1.1790621267608339,False,0.8146204355576085,True,0.11903009414672852,False,-1.1790621267608339,False
2027,B,434,1780384440.0,False,-1,,3,False,0.0,12.0,0.0,-1.9280030773999792,False,0.40645926281640515,False,-1.9280030773999792,False,0.2386920822861176,False,0.15787122249603272,False,-1.9280030773999792,False
2027,B,435,1780384500.0,False,-1,,3,False,0.0,7.0,0.0,-0.7873886493823994,False,0.45703054666140486,False,-0.7873886493823994,False,0.9231861899451542,True,0.1152756690979004,False,-0.7873886493823994,False
2027,B,436,1780384560.0,False,-1,,3,False,0.0,10.0,0.0,-1.7684333697074166,False,0.4009037672192465,False,-1.7684333697074166,False,0.4893257225979959,False,0.1486095666885376,False,-1.7684333697074166,False
2027,B,437,1780384620.0,False,-1,,3,False,0.0,9.0,0.0,-1.7425101949315733,False,0.41598504949923665,False,-1.7425101949315733,False,0.6577756959520332,True,0.1315011978149414,False,-1.7425101949315733,False
2027,B,438,1780384680.0,False,-1,,3,False,0.0,9.0,0.0,-0.9184070188113962,False,0.46664522649443624,False,-0.9184070188113962,False,0.6577756959520332,True,0.13990488052368164,False,-0.9184070188113962,False
2027,B,439,1780384740.0,False,-1,,3,False,0.0,9.0,0.0,-0.3125502975959522,False,0.4550605009540395,False,-0.3125502975959522,False,0.6577756959520332,True,0.11256408691406249,False,-0.3125502975959522,False
2027,B,440,1780384800.0,False,-1,,3,False,0.0,13.0,0.0,-1.7812618975955798,False,0.41628186903744097,False,-1.7812618975955798,False,0.16541466366673443,False,0.17085256576538083,False,-1.7812618975955798,False
2027,B,441,1780384860.0,False,-1,,3,False,0.0,13.0,0.0,-0.9347906630859013,False,0.40748625568082886,False,-0.9347906630859013,False,0.16541466366673443,False,0.1359304428100586,False,-0.9347906630859013,False
2027,B,442,1780384920.0,True,37,config_error,3,False,0.0,13.0,0.0,2.8300680025823186,True,0.42448980654808494,False,2.8300680025823186,True,0.0037919629060418247,False,7000000000.0,True,2.8300680025823186,True
2027,B,443,1780384980.0,True,37,config_error,3,False,0.0,8.0,0.0,4.41369443406928,True,0.46555856701408527,False,4.41369443406928,True,3.383332090847629e-08,False,7999999999.999999,True,4.41369443406928,True
2027,B,444,1780385040.0,True,37,config_error,3,False,0.0,11.0,0.0,-0.3426290801732348,False,0.41228145421222656,False,-0.3426290801732348,False,1.0,True,1999999999.9999998,True,-0.3426290801732348,True
2027,B,445,1780385100.0,False,-1,,3,False,0.0,11.0,0.0,-1.6716498066608656,False,0.40968136205519484,False,-1.6716498066608656,False,0.34528727623408134,False,0.1365220546722412,False,-1.6716498066608656,False
2027,B,446,1780385160.0,False,-1,,3,False,0.0,8.0,0.0,-1.369790368523324,False,0.43083099191204344,False,-1.369790368523324,False,0.8146204355576085,True,0.1604100227355957,False,-1.369790368523324,False
2027,B,447,1780385220.0,False,-1,,3,False,0.0,6.0,0.0,-1.1984265833069232,False,0.4772736881985692,False,-1.1984265833069232,False,0.9770168771360997,True,0.13566231727600098,False,-1.1984265833069232,False
2027,B,448,1780385280.0,False,-1,,3,False,0.0,9.0,0.0,-0.8014583504504236,False,0.4238823017257404,False,-0.8014583504504236,False,0.6577756959520332,True,0.11684703826904297,False,-0.8014583504504236,False
2027,B,449,1780385340.0,False,-1,,3,False,0.0,12.0,0.0,-1.989100155499357,False,0.4156528596722677,False,-1.989100155499357,False,0.2386920822861176,False,0.14613373279571534,False,-1.989100155499357,False
2027,B,450,1780385400.0,False,-1,,3,False,0.0,9.0,0.0,-1.9672387826471178,False,0.4013809672466777,False,-1.9672387826471178,False,0.6577756959520332,True,0.14326372146606445,False,-1.9672387826471178,False
2027,B,451,1780385460.0,True,38,permission_denied,3,False,0.0,7.0,0.0,-0.5400539416438361,False,0.4317309199776982,False,-0.5400539416438361,False,1.0,True,999999999.9999999,True,-0.5400539416438361,True
2027,B,452,1780385520.0,True,38,permission_denied,3,False,1.0,11.0,0.0,2.747034870663059,True,0.6017675376348023,False,2.747034870663059,True,1.0,True,3000000000.0,True,2.747034870663059,True
2027,B,453,1780385580.0,True,38,permission_denied,3,False,0.0,12.0,0.0,0.7753225176313521,False,0.42345290228237686,False,0.7753225176313521,False,1.0,True,3000000000.0,True,0.7753225176313521,True
2027,B,454,1780385640.0,True,38,permission_denied,3,False,0.0,13.0,0.0,2.855488135770748,True,0.418209101789964,False,2.855488135770748,True,1.0,True,7000000000.0,True,2.855488135770748,True
2027,B,455,1780385700.0,True,38,permission_denied,3,False,0.0,13.0,0.0,-0.737253785973456,False,0.4180633133540684,False,-0.737253785973456,False,0.16541466366673443,False,0.15727443695068358,False,-0.737253785973456,False
2027,B,456,1780385760.0,False,-1,,3,False,0.0,11.0,0.0,-1.2068816025144988,False,0.42037731966383707,False,-1.2068816025144988,False,0.34528727623408134,False,0.16125273704528809,False,-1.2068816025144988,False
2027,B,457,1780385820.0,False,-1,,3,False,0.0,13.0,0.0,-1.8676258692002436,False,0.39129760938110153,False,-1.8676258692002436,False,0.16541466366673443,False,0.1497941017150879,False,-1.8676258692002436,False
2027,B,458,1780385880.0,False,-1,,3,False,0.0,9.0,0.0,-1.3942338192663621,False,0.4086886711883273,False,-1.3942338192663621,False,0.6577756959520332,True,0.15124969482421874,False,-1.3942338192663621,False
2027,B,459,1780385940.0,False,-1,,3,False,0.0,10.0,0.0,-1.3949150274761548,False,0.45720535237585985,False,-1.3949150274761548,False,0.4893257225979959,False,0.127882719039917,False,-1.3949150274761548,False
2027,B,460,1780386000.0,False,-1,,3,False,0.0,9.0,0.0,0.8364651733495077,False,0.48856629050687855,False,0.8364651733495077,False,0.6577756959520332,True,0.13015012741088866,False,0.8364651733495077,False
2027,B,461,1780386060.0,True,39,permission_denied,3,False,0.0,11.0,0.0,-0.9832055063510348,False,0.41299534494615986,False,-0.9832055063510348,False,0.34528727623408134,False,0.14254307746887207,False,-0.9832055063510348,False
2027,B,462,1780386120.0,True,39,permission_denied,3,False,0.0,9.0,0.0,2.3310312027991213,True,0.4351562387686853,False,2.3310312027991213,True,1.0,True,5000000000.0,True,2.3310312027991213,True
2027,B,463,1780386180.0,True,39,permission_denied,3,False,0.0,16.0,0.0,3.1143395583204545,True,0.40344412675962915,False,3.1143395583204545,True,1.0,True,9000000000.0,True,3.1143395583204545,True
2027,B,464,1780386240.0,True,39,permission_denied,3,False,0.0,3.0,0.0,-0.48832442782153684,False,0.5621313665140557,False,-0.48832442782153684,False,1.0,True,999999999.9999999,True,-0.48832442782153684,True
2027,B,465,1780386300.0,False,-1,,3,False,0.0,12.0,0.0,-0.6363866092335755,False,0.44120949940825416,False,-0.6363866092335755,False,0.2386920822861176,False,0.11808032989501953,False,-0.6363866092335755,False
2027,B,466,1780386360.0,False,-1,,3,False,0.0,10.0,0.0,-0.8737164966755335,False,0.4337507830873827,False,-0.8737164966755335,False,0.4893257225979959,False,0.13849275112152098,False,-0.8737164966755335,False
2027,B,467,1780386420.0,False,-1,,3,False,0.0,12.0,0.0,-0.8171728223675183,False,0.41829833747179734,False,-0.8171728223675183,False,0.2386920822861176,False,0.1429133176803589,False,-0.8171728223675183,False
2027,B,468,1780386480.0,False,-1,,3,False,0.0,9.0,0.0,-0.984001500886154,False,0.43124083676713787,False,-0.984001500886154,False,0.6577756959520332,True,0.1619047164916992,False,-0.984001500886154,False
2027,B,469,1780386540.0,False,-1,,3,False,0.0,12.0,0.0,-1.8300126146913351,False,0.404359664688113,False,-1.8300126146913351,False,0.2386920822861176,False,0.13927500247955324,False,-1.8300126146913351,False
2027,B,470,1780386600.0,False,-1,,3,False,0.0,8.0,0.0,-1.053050435707517,False,0.4377997610671731,False,-1.053050435707517,False,0.8146204355576085,True,0.11489324569702149,False,-1.053050435707517,False
2027,B,471,1780386660.0,False,-1,,3,False,0.0,11.0,0.0,-1.4779146460625512,False,0.42964362473864803,False,-1.4779146460625512,False,0.34528727623408134,False,0.12170982360839844,False,-1.4779146460625512,False
2027,B,472,1780386720.0,True,40,resource_exhaustion,3,False,1.0,15.0,0.0,5.518385678268923,True,0.6457786920581235,False,5.518385678268923,True,1.0,True,999999999.9999999,True,5.518385678268923,True
2027,B,473,1780386780.0,True,40,resource_exhaustion,3,False,3.0,14.0,0.0,5.518385678268923,True,0.7045639463478087,True,5.518385678268923,True,1.0,True,3999999999.9999995,True,5.518385678268923,True
2027,B,474,1780386840.0,True,40,resource_exhaustion,3,False,1.0,9.0,0.0,5.518385678268923,True,0.6786068855880353,False,5.518385678268923,True,6.976429136269749e-06,False,0.26429109573364257,False,5.518385678268923,False
2027,B,475,1780386900.0,True,40,resource_exhaustion,3,False,3.0,9.0,0.0,5.518385678268923,True,0.7134751513015365,True,5.518385678268923,True,1.0,True,3000000000.0,True,5.518385678268923,True
2027,B,476,1780386960.0,False,-1,,3,False,0.0,9.0,0.0,-1.5098833256446023,False,0.4074741804890498,False,-1.5098833256446023,False,0.6577756959520332,True,0.14100399017333984,False,-1.5098833256446023,False
2027,B,477,1780387020.0,False,-1,,3,False,0.0,13.0,0.0,-1.154373482550377,False,0.44949563581025986,False,-1.154373482550377,False,0.16541466366673443,False,0.14526205062866213,False,-1.154373482550377,False
2027,B,478,1780387080.0,False,-1,,3,False,0.0,9.0,0.0,-1.638030028969399,False,0.4347395935265882,False,-1.638030028969399,False,0.6577756959520332,True,0.14761428833007811,False,-1.638030028969399,False
2027,B,479,1780387140.0,False,-1,,3,False,0.0,10.0,0.0,-1.9520528616141464,False,0.4099639603168904,False,-1.9520528616141464,False,0.4893257225979959,False,0.13894498348236084,False,-1.9520528616141464,False
2027,B,480,1780387200.0,False,-1,,3,False,0.0,12.0,0.0,-1.3414379911423655,False,0.4453054956679561,False,-1.3414379911423655,False,0.2386920822861176,False,0.12508931159973147,False,-1.3414379911423655,False
2027,B,481,1780387260.0,False,-1,,3,False,1.0,16.0,0.0,-0.09141079214681191,False,0.5944238657785064,False,-0.09141079214681191,False,2.721252786312443e-06,False,0.14524388313293457,False,-0.09141079214681191,False
2027,B,482,1780387320.0,False,-1,,3,False,0.0,9.0,0.0,-1.153383775345909,False,0.4288858907421534,False,-1.153383775345909,False,0.6577756959520332,True,0.187607479095459,False,-1.153383775345909,False
2027,B,483,1780387380.0,True,41,dependency_timeout,3,False,0.0,12.0,0.0,5.518385678268923,True,0.5152967891183599,False,5.518385678268923,True,1.0,True,3000000000.0,True,5.518385678268923,True
2027,B,484,1780387440.0,True,41,dependency_timeout,3,False,3.0,18.0,0.0,5.518385678268923,True,0.6588537030018111,False,5.518385678268923,True,1.0,True,9000000000.0,True,5.518385678268923,True
2027,B,485,1780387500.0,True,41,dependency_timeout,3,False,0.0,10.0,0.0,5.518385678268923,True,0.5239597150243067,False,5.518385678268923,True,1.0,True,1999999999.9999998,True,5.518385678268923,True
2027,B,486,1780387560.0,True,41,dependency_timeout,3,False,0.0,15.0,0.0,5.518385678268923,True,0.5041149968567664,False,5.518385678268923,True,1.0,True,1999999999.9999998,True,5.518385678268923,True
2027,B,487,1780387620.0,False,-1,,3,False,0.0,12.0,0.0,-1.059497342999177,False,0.41378688974519984,False,-1.059497342999177,False,0.2386920822861176,False,0.13283107280731202,False,-1.059497342999177,False
2027,B,488,1780387680.0,False,-1,,3,False,0.0,11.0,0.0,-1.5204216201602065,False,0.4340978558663041,False,-1.5204216201602065,False,0.34528727623408134,False,0.12512636184692383,False,-1.5204216201602065,False
2027,B,489,1780387740.0,False,-1,,3,False,0.0,10.0,0.0,-1.3348693875553304,False,0.40944140283943437,False,-1.3348693875553304,False,0.4893257225979959,False,0.1297449588775635,False,-1.3348693875553304,False
2027,B,490,1780387800.0,False,-1,,3,False,0.0,14.0,0.0,-2.1324204955261052,False,0.3901961358734731,False,-2.1324204955261052,False,0.11637879250025024,False,0.15182459354400632,False,-2.1324204955261052,False
2027,B,491,1780387860.0,False,-1,,3,False,0.0,14.0,0.0,-2.0096875591333276,False,0.38727483187687606,False,-2.0096875591333276,False,0.11637879250025024,False,0.15133333206176758,False,-2.0096875591333276,False
2027,B,492,1780387920.0,False,-1,,3,True,0.0,31.0,0.0,-0.18570641402284238,False,0.45023495102219613,False,-0.18570641402284238,False,0.0035614529717428794,False,0.2126641273498535,False,-0.18570641402284238,False
2027,B,493,1780387980.0,False,-1,,3,True,0.0,134.0,0.0,0.5570599226863546,False,0.6870460990373803,False,0.5570599226863546,False,4.939175761512184e-05,False,0.20418207645416256,False,0.5570599226863546,False
2027,B,494,1780388040.0,False,-1,,3,True,0.0,112.0,0.0,-0.04826974911085369,False,0.6526379119154745,False,-0.04826974911085369,False,7.481948940195614e-05,False,0.17253763675689698,False,-0.04826974911085369,False
2027,B,495,1780388100.0,False,-1,,3,False,0.0,14.0,0.0,-1.8022485757263436,False,0.40485172943340436,False,-1.8022485757263436,False,0.11637879250025024,False,0.14909355640411376,False,-1.8022485757263436,False
2027,B,496,1780388160.0,False,-1,,3,False,0.0,13.0,0.0,-1.6686866146895571,False,0.398806127756346,False,-1.6686866146895571,False,0.16541466366673443,False,0.16271591186523438,False,-1.6686866146895571,False
2027,B,497,1780388220.0,True,42,resource_exhaustion,3,False,0.0,10.0,0.0,5.518385678268923,True,0.4892698782822638,False,5.518385678268923,True,0.4893257225979959,False,0.15052876472473145,False,5.518385678268923,True
2027,B,498,1780388280.0,True,42,resource_exhaustion,3,False,1.0,14.0,0.0,5.518385678268923,True,0.6723093933710305,False,5.518385678268923,True,1.0,True,1999999999.9999998,True,5.518385678268923,True
2027,B,499,1780388340.0,True,42,resource_exhaustion,3,False,2.0,12.0,0.0,5.518385678268923,True,0.6972501059492191,False,5.518385678268923,True,1.0,True,3000000000.0,True,5.518385678268923,True
2027,B,500,1780388400.0,True,42,resource_exhaustion,3,False,1.0,9.0,0.0,5.518385678268923,True,0.6305591392248825,False,5.518385678268923,True,6.976429136269749e-06,False,0.17745332717895507,False,5.518385678268923,False
2027,B,501,1780388460.0,False,-1,,3,False,0.0,14.0,0.0,-1.6396840025820927,False,0.397343672167091,False,-1.6396840025820927,False,0.11637879250025024,False,0.14529340267181395,False,-1.6396840025820927,False
2027,B,502,1780388520.0,False,-1,,3,False,0.0,12.0,0.0,-2.1752697762453845,False,0.4088782766846419,False,-2.1752697762453845,False,0.2386920822861176,False,0.17004022598266602,False,-2.1752697762453845,False
2027,B,503,1780388580.0,False,-1,,3,False,0.0,9.0,0.0,-1.7868224334968836,False,0.4241602328769851,False,-1.7868224334968836,False,0.6577756959520332,True,0.13266639709472655,False,-1.7868224334968836,False
2027,B,504,1780388640.0,False,-1,,3,False,0.0,10.0,0.0,-1.132219414066875,False,0.41316450234584084,False,-1.132219414066875,False,0.4893257225979959,False,0.1360189437866211,False,-1.132219414066875,False
2027,B,505,1780388700.0,False,-1,,3,False,0.0,13.0,0.0,-1.8773698442705387,False,0.40153776241404243,False,-1.8773698442705387,False,0.16541466366673443,False,0.17274503707885738,False,-1.8773698442705387,False
2027,B,506,1780388760.0,False,-1,,3,False,0.0,9.0,0.0,-1.0432691311822069,False,0.47370647461736703,False,-1.0432691311822069,False,0.6577756959520332,True,0.11379842758178711,False,-1.0432691311822069,False
2027,B,507,1780388820.0,False,-1,,3,False,0.0,12.0,0.0,-2.0521254261682147,False,0.40343555318677954,False,-2.0521254261682147,False,0.2386920822861176,False,0.14427652359008789,False,-2.0521254261682147,False
2027,B,508,1780388880.0,False,-1,,3,False,0.0,13.0,0.0,-1.25232079227417,False,0.4081964531725028,False,-1.25232079227417,False,0.16541466366673443,False,0.15867538452148433,False,-1.25232079227417,False
2027,B,509,1780388940.0,False,-1,,3,False,0.0,21.0,0.0,-2.05738561296009,False,0.38199795463800534,False,-2.05738561296009,False,0.01753670998300967,False,0.1581854820251465,False,-2.05738561296009,False
2027,B,510,1780389000.0,False,-1,,3,False,0.0,16.0,0.0,-1.5548715870814052,False,0.3850851707182761,False,-1.5548715870814052,False,0.06136610726127483,False,0.13989555835723877,False,-1.5548715870814052,False
2027,B,511,1780389060.0,True,43,dependency_timeout,3,False,0.0,10.0,0.0,5.518385474407078,True,0.5201417719821112,False,5.518385474407078,True,0.4893257225979959,False,0.842029619216919,False,5.518385474407078,True
2027,B,512,1780389120.0,True,43,dependency_timeout,3,False,1.0,17.0,0.0,5.518385678268923,True,0.6283529476446428,False,5.518385678268923,True,1.0,True,6000000000.0,True,5.518385678268923,True
2027,B,513,1780389180.0,True,43,dependency_timeout,3,False,1.0,10.0,0.0,5.518385678268923,True,0.6594614646933843,False,5.518385678268923,True,1.0,True,3999999999.9999995,True,5.518385678268923,True
2027,B,514,1780389240.0,True,43,dependency_timeout,3,False,2.0,12.0,0.0,5.518385678268923,True,0.6744690410878741,False,5.518385678268923,True,1.0,True,3999999999.9999995,True,5.518385678268923,True
2027,B,515,1780389300.0,True,43,dependency_timeout,3,False,0.0,17.0,0.0,-1.5433818867456566,False,0.40669307245051617,False,-1.5433818867456566,False,0.04603583753820504,False,0.13724613189697266,False,-1.5433818867456566,False
2027,B,516,1780389360.0,False,-1,,3,False,0.0,13.0,0.0,-1.80298229080653,False,0.40421415227212953,False,-1.80298229080653,False,0.16541466366673443,False,0.1323617935180664,False,-1.80298229080653,False
2027,B,517,1780389420.0,False,-1,,3,False,0.0,16.0,0.0,-1.0177472934595233,False,0.4010552971166397,False,-1.0177472934595233,False,0.06136610726127483,False,0.1263244152069092,False,-1.0177472934595233,False
2027,B,518,1780389480.0,False,-1,,3,False,0.0,14.0,0.0,-2.057653233049944,False,0.39129451085555206,False,-2.057653233049944,False,0.11637879250025024,False,0.1512136936187744,False,-2.057653233049944,False
2027,B,519,1780389540.0,False,-1,,3,False,0.0,13.0,0.0,-1.437154866871997,False,0.4203818211981483,False,-1.437154866871997,False,0.16541466366673443,False,0.19052543640136718,False,-1.437154866871997,False
2027,B,520,1780389600.0,False,-1,,3,False,0.0,14.0,0.0,-2.1152167092963055,False,0.3972310831171981,False,-2.1152167092963055,False,0.11637879250025024,False,0.163953685760498,False,-2.1152167092963055,False
2027,B,521,1780389660.0,True,44,config_error,3,False,0.0,17.0,0.0,4.023351422231367,True,0.41012594640512184,False,4.023351422231367,True,7.9732547833852e-13,False,12000000000.0,True,4.023351422231367,True
2027,B,522,1780389720.0,True,44,config_error,3,False,0.0,12.0,0.0,4.428126237051175,True,0.47692822774339727,False,4.428126237051175,True,1.1115891362291669e-12,False,11000000000.0,True,4.428126237051175,True
2027,B,523,1780389780.0,True,44,config_error,3,False,0.0,20.0,0.0,4.803864240374324,True,0.41214564174658885,False,4.803864240374324,True,1.0886787123323448e-18,False,18000000000.0,True,4.803864240374324,True
2027,B,524,1780389840.0,True,44,config_error,3,False,0.0,7.0,0.0,3.219240912833547,True,0.4707842276637186,False,3.219240912833547,True,0.050744523270001715,False,6000000000.0,True,3.219240912833547,True
2027,B,525,1780389900.0,True,44,config_error,3,False,0.0,17.0,0.0,1.3914200569354245,True,0.4173015016138019,False,1.3914200569354245,True,1.0,True,3000000000.0,True,1.3914200569354245,True
2027,B,526,1780389960.0,False,-1,,3,False,0.0,16.0,0.0,-1.4508565362309573,False,0.4031699508255626,False,-1.4508565362309573,False,0.06136610726127483,False,0.17960715293884275,False,-1.4508565362309573,False
2027,B,527,1780390020.0,False,-1,,3,False,0.0,21.0,0.0,0.21426349787990606,False,0.4493729356332547,False,0.21426349787990606,False,0.01753670998300967,False,0.2535438537597657,False,0.21426349787990606,False
2027,B,528,1780390080.0,False,-1,,3,False,0.0,16.0,0.0,-1.6412243697776754,False,0.38805144306409295,False,-1.6412243697776754,False,0.06136610726127483,False,0.15929853916168213,False,-1.6412243697776754,False
2027,B,529,1780390140.0,False,-1,,3,False,0.0,10.0,0.0,-1.1535379451914185,False,0.4265010370492528,False,-1.1535379451914185,False,0.4893257225979959,False,0.16286976337432862,False,-1.1535379451914185,False
2027,B,530,1780390200.0,False,-1,,3,False,0.0,12.0,0.0,-1.4710014576458033,False,0.41947628127540304,False,-1.4710014576458033,False,0.2386920822861176,False,0.12385797500610352,False,-1.4710014576458033,False
2027,B,531,1780390260.0,False,-1,,3,False,0.0,17.0,0.0,-1.5246038362273602,False,0.4118947753554984,False,-1.5246038362273602,False,0.04603583753820504,False,0.1312723159790039,False,-1.5246038362273602,False
2027,B,532,1780390320.0,False,-1,,3,False,1.0,19.0,0.0,-0.1784387332181847,False,0.5940636523862867,False,-0.1784387332181847,False,2.090090488397442e-06,False,0.13995132446289063,False,-0.1784387332181847,False
2027,B,533,1780390380.0,False,-1,,3,False,0.0,9.0,0.0,-1.7607620083735291,False,0.4123366434437014,False,-1.7607620083735291,False,0.6577756959520332,True,0.1708277702331543,False,-1.7607620083735291,False
2027,B,534,1780390440.0,False,-1,,3,False,0.0,21.0,0.0,-1.4913018449116446,False,0.38061414360725454,False,-1.4913018449116446,False,0.01753670998300967,False,0.14064741134643555,False,-1.4913018449116446,False
2027,B,535,1780390500.0,False,-1,,3,False,0.0,10.0,0.0,-1.1666777970538593,False,0.4415934213030642,False,-1.1666777970538593,False,0.4893257225979959,False,0.12023024559020996,False,-1.1666777970538593,False
2027,B,536,1780390560.0,True,45,config_error,3,False,0.0,20.0,0.0,0.35245007787762184,False,0.3839170334277403,False,0.35245007787762184,False,1.0,True,1999999999.9999998,True,0.35245007787762184,True
2027,B,537,1780390620.0,True,45,config_error,3,False,0.0,24.0,0.0,4.900209269726985,True,0.4152516940239101,False,4.900209269726985,True,3.434847688747947e-20,False,21000000000.0,True,4.900209269726985,True
2027,B,538,1780390680.0,True,45,config_error,3,False,0.0,17.0,0.0,4.172747760735383,True,0.43796346182212076,False,4.172747760735383,True,3.514203200497473e-14,False,13000000000.0,True,4.172747760735383,True
2027,B,539,1780390740.0,True,45,config_error,3,False,0.0,18.0,0.0,3.6598594381229317,True,0.43444785715625256,False,3.6598594381229317,True,4.193733738538204e-11,False,11000000000.0,True,3.6598594381229317,True
2027,B,540,1780390800.0,False,-1,,3,False,0.0,10.0,0.0,-1.9205169162674771,False,0.4307306260931465,False,-1.9205169162674771,False,0.4893257225979959,False,0.17873146533966064,False,-1.9205169162674771,False
2027,B,541,1780390860.0,False,-1,,3,False,0.0,17.0,0.0,-0.9517504293449965,False,0.3974392185388195,False,-0.9517504293449965,False,0.04603583753820504,False,0.13157806396484376,False,-0.9517504293449965,False
2027,B,542,1780390920.0,False,-1,,3,False,0.0,8.0,0.0,-1.437867211340457,False,0.4319596829662955,False,-1.437867211340457,False,0.8146204355576085,True,0.18490381240844728,False,-1.437867211340457,False
2027,B,543,1780390980.0,False,-1,,3,False,0.0,16.0,0.0,-1.9428191034783397,False,0.37980423547012304,False,-1.9428191034783397,False,0.06136610726127483,False,0.1495004892349243,False,-1.9428191034783397,False
2027,B,544,1780391040.0,False,-1,,3,False,0.0,18.0,0.0,-1.0564848373103919,False,0.44426326993193704,False,-1.0564848373103919,False,0.03523827401382033,False,0.22589616775512686,False,-1.0564848373103919,False
2027,B,545,1780391100.0,False,-1,,3,False,0.0,16.0,0.0,-1.5525675111786112,False,0.38818776288993745,False,-1.5525675111786112,False,0.06136610726127483,False,0.1512880325317383,False,-1.5525675111786112,False
2027,B,546,1780391160.0,False,-1,,3,False,0.0,19.0,0.0,-1.1272581181722519,False,0.4022249018690871,False,-1.1272581181722519,False,0.02747592131132894,False,0.12715258598327636,False,-1.1272581181722519,False
2027,B,547,1780391220.0,False,-1,,3,False,1.0,15.0,0.0,1.2144141148806478,True,0.6184891935873421,False,1.2144141148806478,True,3.0114222785487467e-06,False,0.12143712043762209,False,1.2144141148806478,False
2027,B,548,1780391280.0,False,-1,,3,False,0.0,14.0,0.0,-1.815308497236555,False,0.4184753559502729,False,-1.815308497236555,False,0.11637879250025024,False,0.19523165225982664,False,-1.815308497236555,False
2027,B,549,1780391340.0,False,-1,,3,False,0.0,12.0,0.0,-1.8490677124535333,False,0.3997271936273952,False,-1.8490677124535333,False,0.2386920822861176,False,0.15349037647247316,False,-1.8490677124535333,False
2027,B,550,1780391400.0,True,46,resource_exhaustion,3,False,3.0,21.0,0.0,5.518385678268923,True,0.6779298237805232,False,5.518385678268923,True,1.0,True,3999999999.9999995,True,5.518385678268923,True
2027,B,551,1780391460.0,True,46,resource_exhaustion,3,False,3.0,13.0,0.0,5.518385678268923,True,0.70221977307022,True,5.518385678268923,True,1.0,True,3000000000.0,True,5.518385678268923,True
2027,B,552,1780391520.0,True,46,resource_exhaustion,3,False,0.0,16.0,0.0,5.518385678268923,True,0.5557330648007887,False,5.518385678268923,True,1.0,True,999999999.9999999,True,5.518385678268923,True
2027,B,553,1780391580.0,True,46,resource_exhaustion,3,False,2.0,18.0,0.0,5.518385678268923,True,0.6783533905727995,False,5.518385678268923,True,1.0,True,999999999.9999999,True,5.518385678268923,True
2027,B,554,1780391640.0,False,-1,,3,False,0.0,14.0,0.0,-1.4040475284957425,False,0.4157967775761211,False,-1.4040475284957425,False,0.11637879250025024,False,0.1260202169418335,False,-1.4040475284957425,False
2027,B,555,1780391700.0,False,-1,,3,False,0.0,14.0,0.0,-1.5229923112299417,False,0.4326219747052474,False,-1.5229923112299417,False,0.11637879250025024,False,0.20846109390258785,False,-1.5229923112299417,False
2027,B,556,1780391760.0,False,-1,,3,False,0.0,20.0,0.0,-1.8680424122922759,False,0.3766757272744959,False,-1.8680424122922759,False,0.02178535080051661,False,0.14587225914001464,False,-1.8680424122922759,False
2027,B,557,1780391820.0,False,-1,,3,False,0.0,8.0,0.0,-1.69954533790541,False,0.42073035746006315,False,-1.69954533790541,False,0.8146204355576085,True,0.1383108377456665,False,-1.69954533790541,False
2027,B,558,1780391880.0,False,-1,,3,False,0.0,20.0,0.0,-1.5865177594269282,False,0.37875814093533133,False,-1.5865177594269282,False,0.02178535080051661,False,0.13718433380126954,False,-1.5865177594269282,False
2027,B,559,1780391940.0,False,-1,,3,False,0.0,10.0,0.0,-1.7482445776220157,False,0.4162089864922171,False,-1.7482445776220157,False,0.4893257225979959,False,0.16275391578674317,False,-1.7482445776220157,False
2027,B,560,1780392000.0,False,-1,,3,False,0.0,15.0,0.0,-1.8484462872581187,False,0.4211064651656984,False,-1.8484462872581187,False,0.08358208903295893,False,0.17487621307373047,False,-1.8484462872581187,False
2027,B,561,1780392060.0,False,-1,,3,False,0.0,8.0,0.0,-1.6783404545632434,False,0.4213835834960144,False,-1.6783404545632434,False,0.8146204355576085,True,0.16963977813720704,False,-1.6783404545632434,False
2027,B,562,1780392120.0,False,-1,,3,False,0.0,16.0,0.0,-0.9287160802331371,False,0.404336350955053,False,-0.9287160802331371,False,0.06136610726127483,False,0.14204442501068115,False,-0.9287160802331371,False
2027,B,563,1780392180.0,False,-1,,3,False,0.0,25.0,0.0,-1.0800344222577118,False,0.3777205165799471,False,-1.0800344222577118,False,0.008335797912300833,False,0.13933143615722654,False,-1.0800344222577118,False
2027,B,564,1780392240.0,True,47,dependency_timeout,3,False,0.0,13.0,0.0,5.518385678268923,True,0.4867964983752035,False,5.518385678268923,True,1.0,True,999999999.9999999,True,5.518385678268923,True
2027,B,565,1780392300.0,True,47,dependency_timeout,3,False,4.0,18.0,0.0,5.518385678268923,True,0.6856249695617045,False,5.518385678268923,True,1.0,True,9000000000.0,True,5.518385678268923,True
2027,B,566,1780392360.0,True,47,dependency_timeout,3,False,0.0,19.0,0.0,5.518385678268923,True,0.49178674111018006,False,5.518385678268923,True,1.0,True,6000000000.0,True,5.518385678268923,True
2027,B,567,1780392420.0,True,47,dependency_timeout,3,False,0.0,8.0,0.0,-0.9994688449847144,False,0.4478371560054171,False,-0.9994688449847144,False,0.8146204355576085,True,0.15140378475189212,False,-0.9994688449847144,False
2027,B,568,1780392480.0,False,-1,,4,False,0.0,15.0,0.0,-2.105495739100218,False,0.39062492311433844,False,-2.105495739100218,False,0.08358208903295893,False,0.1661923885345459,False,-2.105495739100218,False
2027,B,569,1780392540.0,False,-1,,4,False,0.0,15.0,0.0,-1.3603791156740845,False,0.39547145387814964,False,-1.3603791156740845,False,0.08358208903295893,False,0.1467811107635498,False,-1.3603791156740845,False
2027,B,570,1780392600.0,False,-1,,4,False,0.0,19.0,0.0,-1.924671581969318,False,0.3887225848359576,False,-1.924671581969318,False,0.02747592131132894,False,0.14498939514160156,False,-1.924671581969318,False
2027,B,571,1780392660.0,False,-1,,4,False,0.0,17.0,0.0,-1.591794297324248,False,0.39258533057407163,False,-1.591794297324248,False,0.04603583753820504,False,0.14842453002929687,False,-1.591794297324248,False
2027,B,572,1780392720.0,False,-1,,4,False,0.0,22.0,0.0,-2.050223779675119,False,0.3759673110422864,False,-2.050223779675119,False,0.014310715402948726,False,0.1591560125350952,False,-2.050223779675119,False
2027,B,573,1780392780.0,False,-1,,4,False,0.0,15.0,0.0,-1.332540931928576,False,0.4114026572483524,False,-1.332540931928576,False,0.08358208903295893,False,0.1770540714263916,False,-1.332540931928576,False
2027,B,574,1780392840.0,False,-1,,4,False,0.0,14.0,0.0,-1.8102397319485481,False,0.403433866346897,False,-1.8102397319485481,False,0.11637879250025024,False,0.14979283809661864,False,-1.8102397319485481,False
2027,B,575,1780392900.0,False,-1,,4,False,0.0,17.0,0.0,0.22829477458818204,False,0.47207731280945125,False,0.22829477458818204,False,0.04603583753820504,False,0.1065598487854004,False,0.22829477458818204,False
2027,B,576,1780392960.0,False,-1,,4,False,1.0,16.0,0.0,0.04484689827570687,False,0.5829707068480668,False,0.04484689827570687,False,2.721252786312443e-06,False,0.17530763149261475,False,0.04484689827570687,False
2027,B,577,1780393020.0,False,-1,,4,False,0.0,17.0,0.0,-1.8473096949076417,False,0.40450386894962514,False,-1.8473096949076417,False,0.04603583753820504,False,0.19628944396972656,False,-1.8473096949076417,False
2027,B,578,1780393080.0,True,48,dependency_timeout,4,False,0.0,23.0,0.0,5.518385678268923,True,0.44777223263183513,False,5.518385678268923,True,1.0,True,999999999.9999999,True,5.518385678268923,True
2027,B,579,1780393140.0,True,48,dependency_timeout,4,False,0.0,14.0,0.0,5.518385678268923,True,0.5157625856810693,False,5.518385678268923,True,1.0,True,6000000000.0,True,5.518385678268923,True
2027,B,580,1780393200.0,True,48,dependency_timeout,4,False,1.0,20.0,0.0,5.518385678268923,True,0.6287345197333135,False,5.518385678268923,True,1.0,True,12000000000.0,True,5.518385678268923,True
2027,B,581,1780393260.0,True,48,dependency_timeout,4,False,3.0,11.0,0.0,5.518385678268923,True,0.6810339969588423,False,5.518385678268923,True,1.0,True,3000000000.0,True,5.518385678268923,True
2027,B,582,1780393320.0,True,48,dependency_timeout,4,False,0.0,16.0,0.0,-1.0496284540465268,False,0.3911223645237731,False,-1.0496284540465268,False,0.06136610726127483,False,0.14196312427520752,False,-1.0496284540465268,False
2027,B,583,1780393380.0,False,-1,,4,False,0.0,17.0,0.0,-1.8707474640903419,False,0.405064528957155,False,-1.8707474640903419,False,0.04603583753820504,False,0.19174318313598632,False,-1.8707474640903419,False
2027,B,584,1780393440.0,False,-1,,4,False,0.0,15.0,0.0,-1.643418215735303,False,0.3954682673799444,False,-1.643418215735303,False,0.08358208903295893,False,0.1652919292449951,False,-1.643418215735303,False
2027,B,585,1780393500.0,False,-1,,4,False,0.0,27.0,0.0,-1.6505496817419418,False,0.3752249799403601,False,-1.6505496817419418,False,0.006098006664813888,False,0.16104598045349117,False,-1.6505496817419418,False
2027,B,586,1780393560.0,False,-1,,4,False,0.0,18.0,0.0,-1.815199180650021,False,0.38900829588262764,False,-1.815199180650021,False,0.03523827401382033,False,0.14045860767364501,False,-1.815199180650021,False
2027,B,587,1780393620.0,False,-1,,4,False,0.0,14.0,0.0,-1.0989540005030358,False,0.4033287209233846,False,-1.0989540005030358,False,0.11637879250025024,False,0.15217092037200924,False,-1.0989540005030358,False
2027,B,588,1780393680.0,False,-1,,4,False,1.0,23.0,0.0,-0.17994003276097903,False,0.579408144142568,False,-0.17994003276097903,False,1.5747568348730556e-06,False,0.19201278686523438,False,-0.17994003276097903,False
2027,B,589,1780393740.0,False,-1,,4,False,0.0,17.0,0.0,-1.5634321330049739,False,0.384517373658591,False,-1.5634321330049739,False,0.04603583753820504,False,0.15404758453369138,False,-1.5634321330049739,False
2027,B,590,1780393800.0,False,-1,,4,False,0.0,22.0,0.0,-1.3314525947373808,False,0.39850700719467236,False,-1.3314525947373808,False,0.014310715402948726,False,0.16827774047851562,False,-1.3314525947373808,False
2027,B,591,1780393860.0,False,-1,,4,False,0.0,13.0,0.0,-1.4190981196665486,False,0.40230903306943666,False,-1.4190981196665486,False,0.16541466366673443,False,0.15839052200317383,False,-1.4190981196665486,False
2027,B,592,1780393920.0,True,49,permission_denied,4,False,0.0,17.0,0.0,1.0683525539400884,False,0.39143375689923604,False,1.0683525539400884,False,1.0,True,3000000000.0,True,1.0683525539400884,True
2027,B,593,1780393980.0,True,49,permission_denied,4,False,0.0,25.0,0.0,2.688005499887185,True,0.38052495070158343,False,2.688005499887185,True,1.0,True,7999999999.999999,True,2.688005499887185,True
2027,B,594,1780394040.0,True,49,permission_denied,4,False,0.0,19.0,0.0,3.0412498692207652,True,0.3958003343257276,False,3.0412498692207652,True,1.0,True,9000000000.0,True,3.0412498692207652,True
2027,B,595,1780394100.0,True,49,permission_denied,4,False,0.0,20.0,0.0,0.9832510063745277,False,0.37895930184959437,False,0.9832510063745277,False,1.0,True,3999999999.9999995,True,0.9832510063745277,True
2027,B,596,1780394160.0,False,-1,,4,False,0.0,16.0,0.0,-0.8854235582644074,False,0.40137159476136974,False,-0.8854235582644074,False,0.06136610726127483,False,0.1268891096115112,False,-0.8854235582644074,False
2027,B,597,1780394220.0,False,-1,,4,False,0.0,13.0,0.0,-1.7352045578813131,False,0.40988314609553034,False,-1.7352045578813131,False,0.16541466366673443,False,0.17074232101440426,False,-1.7352045578813131,False
2027,B,598,1780394280.0,False,-1,,4,False,0.0,22.0,0.0,-1.2240517971206861,False,0.38090022417194513,False,-1.2240517971206861,False,0.014310715402948726,False,0.1439575433731079,False,-1.2240517971206861,False
2027,B,599,1780394340.0,False,-1,,4,False,0.0,14.0,0.0,-1.30761235911294,False,0.400405562507928,False,-1.30761235911294,False,0.11637879250025024,False,0.15624752044677734,False,-1.30761235911294,False
2027,B,600,1780394400.0,False,-1,,4,False,0.0,25.0,0.0,-1.4971185677164804,False,0.3763562575144071,False,-1.4971185677164804,False,0.008335797912300833,False,0.14679813385009763,False,-1.4971185677164804,False
2027,B,601,1780394460.0,False,-1,,4,False,0.0,13.0,0.0,-1.7708370369175492,False,0.4012584253020611,False,-1.7708370369175492,False,0.16541466366673443,False,0.13694505691528316,False,-1.7708370369175492,False
2027,B,602,1780394520.0,True,50,config_error,4,False,0.0,12.0,0.0,0.2066259639136705,False,0.43671923961306086,False,0.2066259639136705,False,1.0,True,1999999999.9999998,True,0.2066259639136705,True
2027,B,603,1780394580.0,True,50,config_error,4,False,0.0,22.0,0.0,4.957255197157979,True,0.4255422423862825,False,4.957255197157979,True,7.525589051660908e-20,False,20000000000.0,True,4.957255197157979,True
2027,B,604,1780394640.0,True,50,config_error,4,False,0.0,18.0,0.0,5.0932489951657205,True,0.49618417471260673,False,5.0932489951657205,True,2.6925761204737416e-18,False,16999999999.999998,True,5.0932489951657205,True
2027,B,605,1780394700.0,True,50,config_error,4,False,0.0,20.0,0.0,-1.0997304266540633,False,0.391440052318733,False,-1.0997304266540633,False,0.02178535080051661,False,0.16122963428497314,False,-1.0997304266540633,False
2027,B,606,1780394760.0,False,-1,,4,False,0.0,24.0,0.0,-1.3347520905224268,False,0.3880700604232337,False,-1.3347520905224268,False,0.009877380947878855,False,0.1675751447677612,False,-1.3347520905224268,False
2027,B,607,1780394820.0,False,-1,,4,False,0.0,23.0,0.0,-0.8348043059670065,False,0.3912002808419495,False,-0.8348043059670065,False,0.011823046139068316,False,0.13286247253417968,False,-0.8348043059670065,False
2027,B,608,1780394880.0,False,-1,,4,False,0.0,24.0,0.0,-1.5717568309408279,False,0.39365485872182576,False,-1.5717568309408279,False,0.009877380947878855,False,0.1705559015274048,False,-1.5717568309408279,False
2027,B,609,1780394940.0,False,-1,,4,False,0.0,10.0,0.0,-1.2186530057528548,False,0.42832553459383066,False,-1.2186530057528548,False,0.4893257225979959,False,0.11820154190063477,False,-1.2186530057528548,False
2027,B,610,1780395000.0,False,-1,,4,False,0.0,17.0,0.0,-0.803480438986452,False,0.40630786566562266,False,-0.803480438986452,False,0.04603583753820504,False,0.1322066307067871,False,-0.803480438986452,False
2027,B,611,1780395060.0,False,-1,,4,False,0.0,12.0,0.0,-1.3562728182858859,False,0.4031376003614988,False,-1.3562728182858859,False,0.2386920822861176,False,0.14304795265197753,False,-1.3562728182858859,False
2027,B,612,1780395120.0,True,51,resource_exhaustion,4,False,0.0,19.0,0.0,5.518385678268923,True,0.4784458255017068,False,5.518385678268923,True,0.02747592131132894,False,0.19908976554870605,False,5.518385678268923,True
2027,B,613,1780395180.0,True,51,resource_exhaustion,4,False,5.0,22.0,0.0,5.518385678268923,True,0.6788137345120934,False,5.518385678268923,True,1.0,True,3999999999.9999995,True,5.518385678268923,True
2027,B,614,1780395240.0,True,51,resource_exhaustion,4,False,0.0,21.0,0.0,5.518385678268923,True,0.55058476571397,False,5.518385678268923,True,0.01753670998300967,False,0.27683305740356445,False,5.518385678268923,True
2027,B,615,1780395300.0,True,51,resource_exhaustion,4,False,3.0,18.0,0.0,5.518385678268923,True,0.6843673304846545,False,5.518385678268923,True,1.0,True,3999999999.9999995,True,5.518385678268923,True
2027,B,616,1780395360.0,False,-1,,4,False,0.0,23.0,0.0,-1.8850943709469945,False,0.39565966156906013,False,-1.8850943709469945,False,0.011823046139068316,False,0.16911935806274414,False,-1.8850943709469945,False
2027,B,617,1780395420.0,False,-1,,4,False,0.0,19.0,0.0,-0.8760858155707885,False,0.4104413196642738,False,-0.8760858155707885,False,0.02747592131132894,False,0.1349841594696045,False,-0.8760858155707885,False
2027,B,618,1780395480.0,False,-1,,4,False,0.0,26.0,0.0,-1.402269974078452,False,0.3779183993441548,False,-1.402269974078452,False,0.007099809747377114,False,0.1430034637451172,False,-1.402269974078452,False
2027,B,619,1780395540.0,False,-1,,4,False,0.0,19.0,0.0,-2.1078773765705696,False,0.383442059358984,False,-2.1078773765705696,False,0.02747592131132894,False,0.15430078506469727,False,-2.1078773765705696,False
2027,B,620,1780395600.0,False,-1,,4,False,0.0,18.0,0.0,-0.8705421244117311,False,0.40454545438979633,False,-0.8705421244117311,False,0.03523827401382033,False,0.16244277954101563,False,-0.8705421244117311,False
2027,B,621,1780395660.0,False,-1,,4,False,0.0,20.0,0.0,-2.1703103961069505,False,0.37846173155315804,False,-2.1703103961069505,False,0.02178535080051661,False,0.1708030223846435,False,-2.1703103961069505,False
2027,B,622,1780395720.0,False,-1,,4,False,0.0,18.0,0.0,-1.42701292752324,False,0.42252110797773856,False,-1.42701292752324,False,0.03523827401382033,False,0.13857529163360593,False,-1.42701292752324,False
2027,B,623,1780395780.0,False,-1,,4,False,0.0,12.0,0.0,-1.4106174946091565,False,0.4131415469735354,False,-1.4106174946091565,False,0.2386920822861176,False,0.12980046272277831,False,-1.4106174946091565,False
2027,B,624,1780395840.0,True,52,config_error,4,False,0.0,28.0,0.0,1.1547223732032137,True,0.37658828944974687,False,1.1547223732032137,True,0.9999999999999993,True,3999999999.9999995,True,1.1547223732032137,True
2027,B,625,1780395900.0,True,52,config_error,4,False,0.0,22.0,0.0,5.171493171235213,True,0.45928270496555734,False,5.171493171235213,True,1.366711283139067e-20,False,21000000000.0,True,5.171493171235213,True
2027,B,626,1780395960.0,True,52,config_error,4,False,0.0,18.0,0.0,4.270371273181769,True,0.42641573232992686,False,4.270371273181769,True,3.4493439734654705e-15,False,14000000000.0,True,4.270371273181769,True
2027,B,627,1780396020.0,False,-1,,4,False,0.0,19.0,0.0,-1.862604237888866,False,0.3795711771698976,False,-1.862604237888866,False,0.02747592131132894,False,0.16189632415771485,False,-1.862604237888866,False
2027,B,628,1780396080.0,False,-1,,4,False,0.0,16.0,0.0,-2.052369188586736,False,0.38837932066653363,False,-2.052369188586736,False,0.06136610726127483,False,0.1722419261932373,False,-2.052369188586736,False
2027,B,629,1780396140.0,False,-1,,4,False,0.0,18.0,0.0,-1.8954356108791446,False,0.38994278184368647,False,-1.8954356108791446,False,0.03523827401382033,False,0.17742769718170162,False,-1.8954356108791446,False
2027,B,630,1780396200.0,False,-1,,4,False,0.0,21.0,0.0,-1.4002421351551284,False,0.387604309930169,False,-1.4002421351551284,False,0.01753670998300967,False,0.1674661636352539,False,-1.4002421351551284,False
2027,B,631,1780396260.0,False,-1,,4,False,0.0,16.0,0.0,-0.607109461864181,False,0.4060251368399765,False,-0.607109461864181,False,0.06136610726127483,False,0.14599370956420898,False,-0.607109461864181,False
2027,B,632,1780396320.0,False,-1,,4,False,0.0,19.0,0.0,-0.9546139116862937,False,0.3960648843601814,False,-0.9546139116862937,False,0.02747592131132894,False,0.1576982021331787,False,-0.9546139116862937,False
2027,B,633,1780396380.0,False,-1,,4,False,0.0,13.0,0.0,-2.022349646735692,False,0.40368492957502133,False,-2.022349646735692,False,0.16541466366673443,False,0.17651252746582027,False,-2.022349646735692,False
2027,B,634,1780396440.0,False,-1,,4,False,0.0,21.0,0.0,-1.3769528877177564,False,0.39288788314198814,False,-1.3769528877177564,False,0.01753670998300967,False,0.1880292892456055,False,-1.3769528877177564,False
2027,B,635,1780396500.0,False,-1,,4,False,0.0,15.0,0.0,-1.9309632962991046,False,0.39475811644842285,False,-1.9309632962991046,False,0.08358208903295893,False,0.1582388401031494,False,-1.9309632962991046,False
2027,B,636,1780396560.0,True,53,config_error,4,False,0.0,15.0,0.0,4.148690989918393,True,0.4518244678403373,False,4.148690989918393,True,2.756693211096537e-13,False,12000000000.0,True,4.148690989918393,True
2027,B,637,1780396620.0,True,53,config_error,4,False,0.0,28.0,0.0,5.189583701096919,True,0.4609866584088696,False,5.189583701096919,True,1.7307910598676452e-22,False,26000000000.0,True,5.189583701096919,True
2027,B,638,1780396680.0,True,53,config_error,4,False,0.0,18.0,0.0,4.010014503730823,True,0.42623007795536505,False,4.010014503730823,True,5.62972976102919e-14,False,13000000000.0,True,4.010014503730823,True
2027,B,639,1780396740.0,False,-1,,4,False,0.0,23.0,0.0,-1.7676216631995914,False,0.38070346988497844,False,-1.7676216631995914,False,0.011823046139068316,False,0.1487738609313965,False,-1.7676216631995914,False
2027,B,640,1780396800.0,False,-1,,4,False,0.0,20.0,0.0,-1.641184950067628,False,0.39097422193985804,False,-1.641184950067628,False,0.02178535080051661,False,0.14596805572509763,False,-1.641184950067628,False
2027,B,641,1780396860.0,False,-1,,4,False,0.0,22.0,0.0,-1.5066968477424743,False,0.3859926802462213,False,-1.5066968477424743,False,0.014310715402948726,False,0.1534717082977295,False,-1.5066968477424743,False
2027,B,642,1780396920.0,False,-1,,4,False,0.0,26.0,0.0,-1.0350109380124906,False,0.4148987280059841,False,-1.0350109380124906,False,0.007099809747377114,False,0.1481306552886963,False,-1.0350109380124906,False
2027,B,643,1780396980.0,False,-1,,4,False,0.0,20.0,0.0,-1.880364475245968,False,0.3802871892048654,False,-1.880364475245968,False,0.02178535080051661,False,0.14393057823181152,False,-1.880364475245968,False
2027,B,644,1780397040.0,False,-1,,4,False,0.0,19.0,0.0,-0.02352973986027873,False,0.4198230671847888,False,-0.02352973986027873,False,0.02747592131132894,False,0.16107044219970704,False,-0.02352973986027873,False
2027,B,645,1780397100.0,False,-1,,4,False,0.0,28.0,0.0,-1.1419613485374613,False,0.38171970681086487,False,-1.1419613485374613,False,0.005277869151926005,False,0.1554541826248169,False,-1.1419613485374613,False
2027,B,646,1780397160.0,True,54,permission_denied,4,False,0.0,23.0,0.0,2.226762533757487,True,0.3909591142253608,False,2.226762533757487,True,1.0,True,6000000000.0,True,2.226762533757487,True
2027,B,647,1780397220.0,True,54,permission_denied,4,False,1.0,19.0,0.0,3.1030103196246297,True,0.583530648788264,False,3.1030103196246297,True,1.0,True,7000000000.0,True,3.1030103196246297,True
2027,B,648,1780397280.0,True,54,permission_denied,4,False,0.0,20.0,0.0,1.488061211756074,True,0.4169672562522655,False,1.488061211756074,True,1.0,True,3000000000.0,True,1.488061211756074,True
2027,B,649,1780397340.0,False,-1,,4,False,0.0,12.0,0.0,-1.9396592004012012,False,0.414506148027645,False,-1.9396592004012012,False,0.2386920822861176,False,0.1603486776351929,False,-1.9396592004012012,False
2027,B,650,1780397400.0,False,-1,,4,False,0.0,27.0,0.0,-1.5044923757531858,False,0.3787713862652504,False,-1.5044923757531858,False,0.006098006664813888,False,0.1433022975921631,False,-1.5044923757531858,False
2027,B,651,1780397460.0,False,-1,,4,True,0.0,24.0,0.0,-1.8727075320688273,False,0.3728967402304407,False,-1.8727075320688273,False,0.009877380947878855,False,0.16613633632659908,False,-1.8727075320688273,False
2027,B,652,1780397520.0,False,-1,,4,True,0.0,233.0,0.0,0.3588412720642511,False,0.7178404133945241,True,0.3588412720642511,False,1.5718351406130785e-05,False,0.16713895797729494,False,0.3588412720642511,False
2027,B,653,1780397580.0,False,-1,,4,True,0.0,214.0,0.0,2.028220543775622,True,0.7290513064648039,True,2.028220543775622,True,1.851865195862371e-05,False,0.1561273097991943,False,2.028220543775622,True
2027,B,654,1780397640.0,False,-1,,4,False,0.0,15.0,0.0,-1.8058425647983274,False,0.4050967576558741,False,-1.8058425647983274,False,0.08358208903295893,False,0.17161827087402343,False,-1.8058425647983274,False
2027,B,655,1780397700.0,False,-1,,4,False,0.0,17.0,0.0,-1.9335745270695561,False,0.3986124813007065,False,-1.9335745270695561,False,0.04603583753820504,False,0.14534435272216797,False,-1.9335745270695561,False
2027,B,656,1780397760.0,False,-1,,4,False,0.0,15.0,0.0,-0.8912777348399219,False,0.4095917754291447,False,-0.8912777348399219,False,0.08358208903295893,False,0.15019688606262208,False,-0.8912777348399219,False
2027,B,657,1780397820.0,False,-1,,4,False,0.0,27.0,0.0,-1.0647727203854664,False,0.38888995429467504,False,-1.0647727203854664,False,0.006098006664813888,False,0.13326468467712402,False,-1.0647727203854664,False
2027,B,658,1780397880.0,False,-1,,4,False,0.0,30.0,0.0,-1.3095433269462253,False,0.38818893351295686,False,-1.3095433269462253,False,0.004035630564043479,False,0.15414016246795656,False,-1.3095433269462253,False
2027,B,659,1780397940.0,True,55,permission_denied,4,False,0.0,24.0,0.0,1.978224346737678,True,0.41347973427412565,False,1.978224346737678,True,1.0,True,5000000000.0,True,1.978224346737678,True
2027,B,660,1780398000.0,True,55,permission_denied,4,False,0.0,17.0,0.0,2.9574994364461826,True,0.39474183104572996,False,2.9574994364461826,True,1.0,True,7999999999.999999,True,2.9574994364461826,True
2027,B,661,1780398060.0,True,55,permission_denied,4,False,0.0,28.0,0.0,3.5019497109297273,True,0.39488624984474224,False,3.5019497109297273,True,1.0,True,11000000000.0,True,3.5019497109297273,True
2027,B,662,1780398120.0,True,55,permission_denied,4,False,0.0,19.0,0.0,1.4659869271404071,True,0.4080236689775691,False,1.4659869271404071,True,1.0,True,3999999999.9999995,True,1.4659869271404071,True
2027,B,663,1780398180.0,False,-1,,4,False,0.0,19.0,0.0,-2.117044053342977,False,0.3865417977694859,False,-2.117044053342977,False,0.02747592131132894,False,0.15791983604431153,False,-2.117044053342977,False
2027,B,664,1780398240.0,False,-1,,4,False,0.0,23.0,0.0,-0.6312982844692687,False,0.4077043660468157,False,-0.6312982844692687,False,0.011823046139068316,False,0.1394760608673096,False,-0.6312982844692687,False
2027,B,665,1780398300.0,False,-1,,4,False,0.0,20.0,0.0,-1.8441091937240701,False,0.37268974252218195,False,-1.8441091937240701,False,0.02178535080051661,False,0.15713868141174314,False,-1.8441091937240701,False
2027,B,666,1780398360.0,False,-1,,4,False,0.0,21.0,0.0,-2.0018297493428845,False,0.3800193895096978,False,-2.0018297493428845,False,0.01753670998300967,False,0.16731548309326175,False,-2.0018297493428845,False
2027,B,667,1780398420.0,False,-1,,4,False,0.0,36.0,0.0,-1.122989331650941,False,0.44409723837838117,False,-1.122989331650941,False,0.0020548178291087465,False,0.16609275341033936,False,-1.122989331650941,False
2027,B,668,1780398480.0,False,-1,,4,False,0.0,21.0,0.0,-1.591025584703421,False,0.38245662296429006,False,-1.591025584703421,False,0.01753670998300967,False,0.13789653778076172,False,-1.591025584703421,False
2027,B,669,1780398540.0,False,-1,,4,False,0.0,28.0,0.0,-1.8117611356721763,False,0.3827838845854056,False,-1.8117611356721763,False,0.005277869151926005,False,0.18057265281677246,False,-1.8117611356721763,False
2027,B,670,1780398600.0,False,-1,,4,False,0.0,22.0,0.0,-1.5332535812804995,False,0.39690285873550624,False,-1.5332535812804995,False,0.014310715402948726,False,0.17647936344146725,False,-1.5332535812804995,False
2027,B,671,1780398660.0,False,-1,,4,False,0.0,21.0,0.0,-1.0874280788497588,False,0.39474905219359435,False,-1.0874280788497588,False,0.01753670998300967,False,0.16539287567138672,False,-1.0874280788497588,False
2027,B,672,1780398720.0,False,-1,,4,False,0.0,24.0,0.0,-0.27831614906437885,False,0.42862881075587117,False,-0.27831614906437885,False,0.009877380947878855,False,0.11777105331420898,False,-0.27831614906437885,False
2027,B,673,1780398780.0,False,-1,,4,False,0.0,23.0,0.0,-0.9875603529606156,False,0.4057190194625628,False,-0.9875603529606156,False,0.011823046139068316,False,0.17012887001037597,False,-0.9875603529606156,False
2027,B,674,1780398840.0,True,56,resource_exhaustion,4,False,1.0,19.0,0.0,5.518385678268923,True,0.6454843445923917,False,5.518385678268923,True,1.0,True,999999999.9999999,True,5.518385678268923,True
2027,B,675,1780398900.0,True,56,resource_exhaustion,4,False,3.0,18.0,0.0,5.518385678268923,True,0.6843193173570681,False,5.518385678268923,True,1.0,True,3000000000.0,True,5.518385678268923,True
2027,B,676,1780398960.0,True,56,resource_exhaustion,4,False,3.0,19.0,0.0,5.518385678268923,True,0.6812321532958038,False,5.518385678268923,True,1.0,True,3000000000.0,True,5.518385678268923,True
2027,B,677,1780399020.0,True,56,resource_exhaustion,4,False,0.0,16.0,0.0,5.518385678268923,True,0.5558686338817836,False,5.518385678268923,True,0.06136610726127483,False,0.4149687290191649,False,5.518385678268923,True
2027,B,678,1780399080.0,False,-1,,4,False,0.0,19.0,0.0,-1.9103518711925505,False,0.3791476723991192,False,-1.9103518711925505,False,0.02747592131132894,False,0.14549107551574708,False,-1.9103518711925505,False
2027,B,679,1780399140.0,False,-1,,4,False,0.0,25.0,0.0,-1.783179932062783,False,0.3872363714824919,False,-1.783179932062783,False,0.008335797912300833,False,0.17755670547485347,False,-1.783179932062783,False
2027,B,680,1780399200.0,False,-1,,4,False,0.0,21.0,0.0,-0.7748395859553447,False,0.4233710675758831,False,-0.7748395859553447,False,0.01753670998300967,False,0.12847232818603516,False,-0.7748395859553447,False
2027,B,681,1780399260.0,False,-1,,4,False,0.0,20.0,0.0,-1.518477988631191,False,0.3794093224516538,False,-1.518477988631191,False,0.02178535080051661,False,0.1392503023147583,False,-1.518477988631191,False
2027,B,682,1780399320.0,False,-1,,4,False,1.0,23.0,0.0,-1.1935352013585128,False,0.571445848759284,False,-1.1935352013585128,False,1.5747568348730556e-06,False,0.16025295257568362,False,-1.1935352013585128,False
2027,B,683,1780399380.0,False,-1,,4,False,0.0,28.0,0.0,-1.5944715797672906,False,0.3784211020522436,False,-1.5944715797672906,False,0.005277869151926005,False,0.164300274848938,False,-1.5944715797672906,False
2027,B,684,1780399440.0,False,-1,,4,False,0.0,26.0,0.0,-1.544110254483603,False,0.3828248239441444,False,-1.544110254483603,False,0.007099809747377114,False,0.1514732837677002,False,-1.544110254483603,False
2027,B,685,1780399500.0,True,57,dependency_timeout,4,False,0.0,17.0,0.0,5.518385678268923,True,0.4946743740249871,False,5.518385678268923,True,1.0,True,3999999999.9999995,True,5.518385678268923,True
2027,B,686,1780399560.0,True,57,dependency_timeout,4,False,1.0,17.0,0.0,5.518385678268923,True,0.629643694438083,False,5.518385678268923,True,1.0,True,7000000000.0,True,5.518385678268923,True
2027,B,687,1780399620.0,True,57,dependency_timeout,4,False,2.0,21.0,0.0,5.518385678268923,True,0.6586028934148906,False,5.518385678268923,True,1.0,True,9000000000.0,True,5.518385678268923,True
2027,B,688,1780399680.0,False,-1,,4,False,0.0,22.0,0.0,-1.7969873761862054,False,0.3771816793368045,False,-1.7969873761862054,False,0.014310715402948726,False,0.14610037803649903,False,-1.7969873761862054,False
2027,B,689,1780399740.0,False,-1,,4,False,0.0,25.0,0.0,-1.981370276139307,False,0.3736591452590087,False,-1.981370276139307,False,0.008335797912300833,False,0.16496829986572265,False,-1.981370276139307,False
2027,B,690,1780399800.0,False,-1,,4,False,0.0,22.0,0.0,-1.614456171167392,False,0.3915426688340755,False,-1.614456171167392,False,0.014310715402948726,False,0.16915159225463866,False,-1.614456171167392,False
2027,B,691,1780399860.0,False,-1,,4,False,0.0,14.0,0.0,-0.8370263224676693,False,0.4309463251315374,False,-0.8370263224676693,False,0.11637879250025024,False,0.11752467155456543,False,-0.8370263224676693,False
2027,B,692,1780399920.0,False,-1,,4,False,0.0,26.0,0.0,-0.835644843610277,False,0.4189437599290236,False,-0.835644843610277,False,0.007099809747377114,False,0.14234840869903564,False,-0.835644843610277,False
2027,B,693,1780399980.0,False,-1,,4,False,0.0,14.0,0.0,-1.9505493865082713,False,0.38908458466107826,False,-1.9505493865082713,False,0.11637879250025024,False,0.14778990745544432,False,-1.9505493865082713,False
2027,B,694,1780400040.0,False,-1,,4,False,0.0,22.0,0.0,-1.5240882237563094,False,0.3768912295374832,False,-1.5240882237563094,False,0.014310715402948726,False,0.14537837505340576,False,-1.5240882237563094,False
2027,B,695,1780400100.0,False,-1,,4,False,0.0,15.0,0.0,-1.7128977478886371,False,0.4210384021665309,False,-1.7128977478886371,False,0.08358208903295893,False,0.19472956657409665,False,-1.7128977478886371,False
2027,B,696,1780400160.0,True,58,dependency_timeout,4,False,3.0,21.0,0.0,5.518385678268923,True,0.6617489474435996,False,5.518385678268923,True,1.0,True,7000000000.0,True,5.518385678268923,True
2027,B,697,1780400220.0,True,58,dependency_timeout,4,False,3.0,18.0,0.0,5.518385678268923,True,0.6687577911786508,False,5.518385678268923,True,1.0,True,9000000000.0,True,5.518385678268923,True
2027,B,698,1780400280.0,True,58,dependency_timeout,4,False,1.0,21.0,0.0,5.518385678268923,True,0.6283948681581024,False,5.518385678268923,True,1.0,True,5000000000.0,True,5.518385678268923,True
2027,B,699,1780400340.0,True,58,dependency_timeout,4,False,0.0,18.0,0.0,5.518385678268923,True,0.4548753302267068,False,5.518385678268923,True,1.0,True,999999999.9999999,True,5.518385678268923,True
2027,B,700,1780400400.0,False,-1,,4,False,0.0,21.0,0.0,-1.5873977764181921,False,0.37325004573049503,False,-1.5873977764181921,False,0.01753670998300967,False,0.14273786544799805,False,-1.5873977764181921,False
2027,B,701,1780400460.0,False,-1,,4,False,0.0,23.0,0.0,-2.011496256134901,False,0.38191618790004517,False,-2.011496256134901,False,0.011823046139068316,False,0.17533097267150882,False,-2.011496256134901,False
2027,B,702,1780400520.0,False,-1,,4,False,0.0,29.0,0.0,-1.004975148068091,False,0.3950762401580686,False,-1.004975148068091,False,0.004600255196217414,False,0.15469961166381835,False,-1.004975148068091,False
2027,B,703,1780400580.0,False,-1,,4,False,0.0,23.0,0.0,-1.749097333270135,False,0.3839434896083957,False,-1.749097333270135,False,0.011823046139068316,False,0.15287532806396484,False,-1.749097333270135,False
2027,B,704,1780400640.0,False,-1,,4,False,0.0,21.0,0.0,-1.746654186538482,False,0.3993400353146548,False,-1.746654186538482,False,0.01753670998300967,False,0.1554102897644043,False,-1.746654186538482,False
2027,B,705,1780400700.0,False,-1,,4,False,0.0,24.0,0.0,-1.0704233210608072,False,0.3830590387416781,False,-1.0704233210608072,False,0.009877380947878855,False,0.1415789842605591,False,-1.0704233210608072,False
2027,B,706,1780400760.0,False,-1,,4,False,0.0,22.0,0.0,-1.467353098599725,False,0.3787121659255929,False,-1.467353098599725,False,0.014310715402948726,False,0.15762434005737302,False,-1.467353098599725,False
2027,B,707,1780400820.0,False,-1,,4,False,0.0,28.0,0.0,-1.8263937934520884,False,0.3864671348120117,False,-1.8263937934520884,False,0.005277869151926005,False,0.1747245311737061,False,-1.8263937934520884,False
2027,B,708,1780400880.0,False,-1,,4,False,0.0,23.0,0.0,-1.601648333789936,False,0.37921375079458725,False,-1.601648333789936,False,0.011823046139068316,False,0.14264006614685062,False,-1.601648333789936,False
2027,B,709,1780400940.0,True,59,resource_exhaustion,4,False,3.0,21.0,0.0,5.518385678268923,True,0.6770471457731008,False,5.518385678268923,True,1.0,True,3999999999.9999995,True,5.518385678268923,True
2027,B,710,1780401000.0,True,59,resource_exhaustion,4,False,3.0,17.0,0.0,5.518385678268923,True,0.6852972816392956,False,5.518385678268923,True,1.0,True,999999999.9999999,True,5.518385678268923,True
2027,B,711,1780401060.0,True,59,resource_exhaustion,4,False,1.0,30.0,0.0,5.518385678268923,True,0.6525872628303337,False,5.518385678268923,True,1.0,True,1999999999.9999998,True,5.518385678268923,True
2027,B,712,1780401120.0,False,-1,,5,False,0.0,19.0,0.0,-0.1747395607911022,False,0.4167719359646283,False,-0.1747395607911022,False,0.02747592131132894,False,0.1581742286682129,False,-0.1747395607911022,False
2027,B,713,1780401180.0,False,-1,,5,False,0.0,21.0,0.0,-1.2915495041519147,False,0.39256160874249163,False,-1.2915495041519147,False,0.01753670998300967,False,0.1667943000793457,False,-1.2915495041519147,False
2027,B,714,1780401240.0,False,-1,,5,False,0.0,26.0,0.0,-1.6657196924563298,False,0.3789404098550836,False,-1.6657196924563298,False,0.007099809747377114,False,0.18251657485961917,False,-1.6657196924563298,False
2027,B,715,1780401300.0,False,-1,,5,False,0.0,17.0,0.0,-1.0319931811419139,False,0.390405176992937,False,-1.0319931811419139,False,0.04603583753820504,False,0.13605804443359376,False,-1.0319931811419139,False
2027,B,716,1780401360.0,False,-1,,5,False,0.0,18.0,0.0,-1.2400685020582625,False,0.40440552509793387,False,-1.2400685020582625,False,0.03523827401382033,False,0.1252425193786621,False,-1.2400685020582625,False
2027,B,717,1780401420.0,False,-1,,5,False,0.0,21.0,0.0,-1.7561188692599572,False,0.39456120989647053,False,-1.7561188692599572,False,0.01753670998300967,False,0.18445873260498047,False,-1.7561188692599572,False
2027,B,718,1780401480.0,True,60,config_error,5,False,0.0,21.0,0.0,2.65489266033438,True,0.39935762311940987,False,2.65489266033438,True,0.9985985035949376,True,6000000000.0,True,2.65489266033438,True
2027,B,719,1780401540.0,True,60,config_error,5,False,0.0,28.0,0.0,4.970880573779018,True,0.4110046254127338,False,4.970880573779018,True,2.0115797263322194e-21,False,24000000000.0,True,4.970880573779018,True
2027,B,720,1780401600.0,True,60,config_error,5,False,1.0,28.0,0.0,5.326087871258392,True,0.5847214695128121,False,5.326087871258392,True,2.8251460460407114e-21,False,27000000000.0,True,5.326087871258392,True
2027,B,721,1780401660.0,True,60,config_error,5,False,0.0,26.0,0.0,4.820438847917721,True,0.4396380378427519,False,4.820438847917721,True,1.5177564865104745e-16,False,21000000000.0,True,4.820438847917721,True
2027,B,722,1780401720.0,True,60,config_error,5,False,0.0,24.0,0.0,1.69842340338819,True,0.3893463875595068,False,1.69842340338819,True,0.9999999999996458,True,5000000000.0,True,1.69842340338819,True
2027,B,723,1780401780.0,False,-1,,5,True,1.0,238.0,0.0,1.753946030462545,True,0.7599714706959467,True,1.753946030462545,True,1.0793894622274715e-07,False,0.17535574436187745,False,1.753946030462545,False
2027,B,724,1780401840.0,False,-1,,5,True,0.0,270.0,0.0,0.25652899450146105,False,0.7245321482100008,True,0.25652899450146105,False,1.1942956448641125e-05,False,0.1875000238418579,False,0.25652899450146105,False
2027,B,725,1780401900.0,False,-1,,5,True,0.0,47.0,0.0,-0.7886494788651186,False,0.5243959473219715,False,-0.7886494788651186,False,0.000831241048094849,False,0.18795928955078123,False,-0.7886494788651186,False
2027,B,726,1780401960.0,False,-1,,5,False,0.0,23.0,0.0,-1.0980872071997156,False,0.3863220032397522,False,-1.0980872071997156,False,0.011823046139068316,False,0.1576512336730957,False,-1.0980872071997156,False
2027,B,727,1780402020.0,False,-1,,5,False,0.0,23.0,0.0,-2.011578424246588,False,0.3797784426792265,False,-2.011578424246588,False,0.011823046139068316,False,0.1590582847595215,False,-2.011578424246588,False
2027,B,728,1780402080.0,False,-1,,5,False,0.0,26.0,0.0,-1.8435931520241864,False,0.3706707153669494,False,-1.8435931520241864,False,0.007099809747377114,False,0.15698432922363278,False,-1.8435931520241864,False
2027,B,729,1780402140.0,False,-1,,5,False,0.0,35.0,0.0,-1.0037482005975402,False,0.4170639949503237,False,-1.0037482005975402,False,0.0022735686514638908,False,0.16399011611938477,False,-1.0037482005975402,False
2027,B,730,1780402200.0,True,61,permission_denied,5,False,0.0,27.0,0.0,3.654054964493248,True,0.3982696527274352,False,3.654054964493248,True,1.0,True,11000000000.0,True,3.654054964493248,True
2027,B,731,1780402260.0,True,61,permission_denied,5,False,0.0,30.0,0.0,3.631246878429974,True,0.4262973456987115,False,3.631246878429974,True,1.0,True,10000000000.0,True,3.631246878429974,True
2027,B,732,1780402320.0,True,61,permission_denied,5,False,0.0,19.0,0.0,2.8616906508473945,True,0.4098307592402741,False,2.8616906508473945,True,1.0,True,7999999999.999999,True,2.8616906508473945,True
2027,B,733,1780402380.0,True,61,permission_denied,5,False,0.0,30.0,0.0,1.3970112444336378,True,0.44783329025066276,False,1.3970112444336378,True,1.0,True,3000000000.0,True,1.3970112444336378,True
2027,B,734,1780402440.0,False,-1,,5,False,0.0,28.0,0.0,-0.9722032570942156,False,0.38475962829127913,False,-0.9722032570942156,False,0.005277869151926005,False,0.1577375888824463,False,-0.9722032570942156,False
2027,B,735,1780402500.0,False,-1,,5,False,0.0,20.0,0.0,-1.494188349990404,False,0.37671818736548063,False,-1.494188349990404,False,0.02178535080051661,False,0.15737295150756833,False,-1.494188349990404,False
2027,B,736,1780402560.0,False,-1,,5,False,0.0,20.0,0.0,-1.8060703533822,False,0.37688488141230253,False,-1.8060703533822,False,0.02178535080051661,False,0.16463198661804196,False,-1.8060703533822,False
2027,B,737,1780402620.0,False,-1,,5,False,0.0,19.0,0.0,-2.0090628136101207,False,0.3811500576743094,False,-2.0090628136101207,False,0.02747592131132894,False,0.15629076957702637,False,-2.0090628136101207,False
2027,B,738,1780402680.0,False,-1,,5,False,0.0,27.0,0.0,-0.19324961054685907,False,0.3984794190726292,False,-0.19324961054685907,False,0.006098006664813888,False,0.16289973258972165,False,-0.19324961054685907,False
2027,B,739,1780402740.0,False,-1,,5,False,0.0,28.0,0.0,-1.0382619618632125,False,0.3984442443251545,False,-1.0382619618632125,False,0.005277869151926005,False,0.14524476528167726,False,-1.0382619618632125,False
2027,B,740,1780402800.0,False,-1,,5,False,0.0,27.0,0.0,-1.4905322950315822,False,0.38576082287897556,False,-1.4905322950315822,False,0.006098006664813888,False,0.15473475456237792,False,-1.4905322950315822,False
2027,B,741,1780402860.0,True,62,config_error,5,False,0.0,24.0,0.0,4.884100139313194,True,0.4056422575797782,False,4.884100139313194,True,7.57547065043972e-17,False,21000000000.0,True,4.884100139313194,True
2027,B,742,1780402920.0,True,62,config_error,5,False,0.0,21.0,0.0,5.0927814468996555,True,0.43096803701290215,False,5.0927814468996555,True,9.927939918824241e-17,False,20000000000.0,True,5.0927814468996555,True
2027,B,743,1780402980.0,True,62,config_error,5,False,0.0,32.0,0.0,5.436830891257859,True,0.4407342551235129,False,5.436830891257859,True,1.3265016561731718e-21,False,31999999999.999996,True,5.436830891257859,True
2027,B,744,1780403040.0,True,62,config_error,5,False,0.0,28.0,0.0,4.375700361197497,True,0.4184671421147651,False,4.375700361197497,True,3.2832995161817914e-13,False,16999999999.999998,True,4.375700361197497,True
2027,B,745,1780403100.0,False,-1,,5,False,0.0,34.0,0.0,-0.531252464420815,False,0.4455041992997972,False,-0.531252464420815,False,0.002525946561051813,False,0.16459739208221444,False,-0.531252464420815,False
2027,B,746,1780403160.0,False,-1,,5,False,0.0,38.0,0.0,-0.11226960413105314,False,0.46571797634159895,False,-0.11226960413105314,False,0.0016974148233034653,False,0.12851176261901856,False,-0.11226960413105314,False
2027,B,747,1780403220.0,False,-1,,5,False,0.0,22.0,0.0,-1.548818016657317,False,0.3877590746161763,False,-1.548818016657317,False,0.014310715402948726,False,0.13650777339935302,False,-1.548818016657317,False
2027,B,748,1780403280.0,False,-1,,5,False,0.0,31.0,0.0,-1.7295436375844444,False,0.3939609264615933,False,-1.7295436375844444,False,0.0035614529717428794,False,0.1753511428833007,False,-1.7295436375844444,False
2027,B,749,1780403340.0,False,-1,,5,False,0.0,21.0,0.0,-1.8368664958243865,False,0.37637171292208493,False,-1.8368664958243865,False,0.01753670998300967,False,0.1622467041015625,False,-1.8368664958243865,False
2027,B,750,1780403400.0,False,-1,,5,False,0.0,25.0,0.0,-0.9906990602869472,False,0.42594197282424645,False,-0.9906990602869472,False,0.008335797912300833,False,0.21884279251098626,False,-0.9906990602869472,False
2027,B,751,1780403460.0,False,-1,,5,False,0.0,26.0,0.0,-1.5888256830475793,False,0.3902229731744433,False,-1.5888256830475793,False,0.007099809747377114,False,0.19102334976196292,False,-1.5888256830475793,False
2027,B,752,1780403520.0,False,-1,,5,False,0.0,23.0,0.0,-1.4506541592944577,False,0.38170537314175657,False,-1.4506541592944577,False,0.011823046139068316,False,0.15635786056518555,False,-1.4506541592944577,False
2027,B,753,1780403580.0,False,-1,,5,False,0.0,31.0,0.0,-0.3787965662647901,False,0.4464381863099137,False,-0.3787965662647901,False,0.0035614529717428794,False,0.21398496627807614,False,-0.3787965662647901,False
2027,B,754,1780403640.0,True,63,dependency_timeout,5,False,1.0,24.0,0.0,5.518385678268923,True,0.6152408283114477,False,5.518385678268923,True,1.0,True,999999999.9999999,True,5.518385678268923,True
2027,B,755,1780403700.0,True,63,dependency_timeout,5,False,2.0,21.0,0.0,5.518385678268923,True,0.6496478811392518,False,5.518385678268923,True,1.0,True,6000000000.0,True,5.518385678268923,True
2027,B,756,1780403760.0,True,63,dependency_timeout,5,False,2.0,25.0,0.0,5.518385678268923,True,0.6488606963989253,False,5.518385678268923,True,1.0,True,10000000000.0,True,5.518385678268923,True
2027,B,757,1780403820.0,True,63,dependency_timeout,5,False,5.0,40.0,0.0,5.518385678268923,True,0.6740731394880981,False,5.518385678268923,True,1.0,True,12000000000.0,True,5.518385678268923,True
2027,B,758,1780403880.0,False,-1,,5,False,0.0,24.0,0.0,-1.3051551108125983,False,0.38604134461427014,False,-1.3051551108125983,False,0.009877380947878855,False,0.13465857505798337,False,-1.3051551108125983,False
2027,B,759,1780403940.0,False,-1,,5,False,0.0,28.0,0.0,-0.7675337455709208,False,0.3894134919703853,False,-0.7675337455709208,False,0.005277869151926005,False,0.14067511558532714,False,-0.7675337455709208,False
2027,B,760,1780404000.0,False,-1,,5,False,0.0,27.0,0.0,-1.5581962433165284,False,0.38326673328239363,False,-1.5581962433165284,False,0.006098006664813888,False,0.1715169906616211,False,-1.5581962433165284,False
2027,B,761,1780404060.0,False,-1,,5,False,0.0,17.0,0.0,-2.1149324772170504,False,0.38973098906533,False,-2.1149324772170504,False,0.04603583753820504,False,0.1517648696899414,False,-2.1149324772170504,False
2027,B,762,1780404120.0,False,-1,,5,False,0.0,18.0,0.0,-1.3441441520379511,False,0.41217076658070534,False,-1.3441441520379511,False,0.03523827401382033,False,0.1819340705871581,False,-1.3441441520379511,False
2027,B,763,1780404180.0,False,-1,,5,False,0.0,22.0,0.0,-0.448925763991765,False,0.39836695944727507,False,-0.448925763991765,False,0.014310715402948726,False,0.1318122386932373,False,-0.448925763991765,False
2027,B,764,1780404240.0,False,-1,,5,False,0.0,27.0,0.0,-1.0049789556247388,False,0.4086687935773434,False,-1.0049789556247388,False,0.006098006664813888,False,0.19431433677673338,False,-1.0049789556247388,False
2027,B,765,1780404300.0,False,-1,,5,False,0.0,20.0,0.0,-2.077740704578302,False,0.39182393863615256,False,-2.077740704578302,False,0.02178535080051661,False,0.17063894271850583,False,-2.077740704578302,False
2027,B,766,1780404360.0,False,-1,,5,False,0.0,27.0,0.0,-0.7643846718948115,False,0.40155950841824445,False,-0.7643846718948115,False,0.006098006664813888,False,0.1728747367858886,False,-0.7643846718948115,False
2027,B,767,1780404420.0,True,64,config_error,5,False,0.0,36.0,0.0,5.104252683838272,True,0.4746381494494277,False,5.104252683838272,True,9.897337201061736e-20,False,29000000000.0,True,5.104252683838272,True
2027,B,768,1780404480.0,True,64,config_error,5,False,0.0,27.0,0.0,4.914569960113317,True,0.40380313398383405,False,4.914569960113317,True,1.0952263531215645e-17,False,23000000000.0,True,4.914569960113317,True
2027,B,769,1780404540.0,True,64,config_error,5,False,0.0,24.0,0.0,5.354861773921427,True,0.4333279680936614,False,5.354861773921427,True,6.35799163333241e-19,False,24000000000.0,True,5.354861773921427,True
2027,B,770,1780404600.0,True,64,config_error,5,False,0.0,30.0,0.0,4.2328700279682945,True,0.41095183747405656,False,4.2328700279682945,True,6.256770783497754e-10,False,14000000000.0,True,4.2328700279682945,True
2027,B,771,1780404660.0,False,-1,,5,False,0.0,31.0,0.0,-1.5835030950492754,False,0.3955613363685,False,-1.5835030950492754,False,0.0035614529717428794,False,0.16982603073120117,False,-1.5835030950492754,False
2027,B,772,1780404720.0,False,-1,,5,False,0.0,25.0,0.0,-1.8512636676752132,False,0.37809724723286053,False,-1.8512636676752132,False,0.008335797912300833,False,0.16012783050537105,False,-1.8512636676752132,False
2027,B,773,1780404780.0,False,-1,,5,False,0.0,27.0,0.0,-1.0846867817406523,False,0.39907942885467823,False,-1.0846867817406523,False,0.006098006664813888,False,0.1934020996093749,False,-1.0846867817406523,False
2027,B,774,1780404840.0,False,-1,,5,False,0.0,26.0,0.0,-1.8988889771624091,False,0.37315158022535316,False,-1.8988889771624091,False,0.007099809747377114,False,0.15990078449249268,False,-1.8988889771624091,False
2027,B,775,1780404900.0,False,-1,,5,False,0.0,33.0,0.0,-0.23949657502721156,False,0.4209814886412142,False,-0.23949657502721156,False,0.0028187155458383314,False,0.14486074447631836,False,-0.23949657502721156,False
2027,B,776,1780404960.0,False,-1,,5,False,0.0,29.0,0.0,-1.531307854091736,False,0.3854433421954266,False,-1.531307854091736,False,0.004600255196217414,False,0.14743623733520508,False,-1.531307854091736,False
2027,B,777,1780405020.0,False,-1,,5,False,0.0,23.0,0.0,-1.7855994111351627,False,0.3943686656730547,False,-1.7855994111351627,False,0.011823046139068316,False,0.15379271507263184,False,-1.7855994111351627,False
2027,B,778,1780405080.0,True,65,resource_exhaustion,5,False,0.0,27.0,0.0,5.518385678268923,True,0.5196864174317037,False,5.518385678268923,True,0.006098006664813888,False,0.22248601913452146,False,5.518385678268923,True
2027,B,779,1780405140.0,True,65,resource_exhaustion,5,False,4.0,23.0,0.0,5.518385678268923,True,0.6764767055457519,False,5.518385678268923,True,1.0,True,3999999999.9999995,True,5.518385678268923,True
2027,B,780,1780405200.0,True,65,resource_exhaustion,5,False,3.0,30.0,0.0,5.518385678268923,True,0.679721450071179,False,5.518385678268923,True,1.0,True,3000000000.0,True,5.518385678268923,True
2027,B,781,1780405260.0,True,65,resource_exhaustion,5,False,4.0,23.0,0.0,5.518385678268923,True,0.6764767055457519,False,5.518385678268923,True,1.0,True,3999999999.9999995,True,5.518385678268923,True
2027,B,782,1780405320.0,False,-1,,5,False,0.0,27.0,0.0,-1.590372131255985,False,0.37602873007334175,False,-1.590372131255985,False,0.006098006664813888,False,0.16337609291076652,False,-1.590372131255985,False
2027,B,783,1780405380.0,False,-1,,5,False,0.0,21.0,0.0,-1.5515922535763886,False,0.3768967891120517,False,-1.5515922535763886,False,0.01753670998300967,False,0.15741014480590823,False,-1.5515922535763886,False
2027,B,784,1780405440.0,False,-1,,5,False,1.0,27.0,0.0,-0.9353634045456047,False,0.5608481864662854,False,-0.9353634045456047,False,1.2521734467837222e-06,False,0.14732661247253417,False,-0.9353634045456047,False
2027,B,785,1780405500.0,False,-1,,5,False,0.0,28.0,0.0,-1.5767808382393254,False,0.3834775827301763,False,-1.5767808382393254,False,0.005277869151926005,False,0.14747288227081298,False,-1.5767808382393254,False
2027,B,786,1780405560.0,False,-1,,5,False,0.0,37.0,0.0,-1.3486388065145798,False,0.42706923203010255,False,-1.3486388065145798,False,0.0018642420051004464,False,0.16043920516967775,False,-1.3486388065145798,False
2027,B,787,1780405620.0,False,-1,,5,False,0.0,28.0,0.0,-0.7141775883350867,False,0.42305096793966945,False,-0.7141775883350867,False,0.005277869151926005,False,0.2025218963623047,False,-0.7141775883350867,False
2027,B,788,1780405680.0,False,-1,,5,False,0.0,29.0,0.0,-1.256528121216106,False,0.3892650905909014,False,-1.256528121216106,False,0.004600255196217414,False,0.14100189208984376,False,-1.256528121216106,False
2027,B,789,1780405740.0,True,66,permission_denied,5,False,0.0,30.0,0.0,3.832761651296873,True,0.41606177962005103,False,3.832761651296873,True,1.0,True,11000000000.0,True,3.832761651296873,True
2027,B,790,1780405800.0,True,66,permission_denied,5,False,0.0,27.0,0.0,3.9594147486977045,True,0.39007922363447306,False,3.9594147486977045,True,1.0,True,14000000000.0,True,3.9594147486977045,True
2027,B,791,1780405860.0,True,66,permission_denied,5,False,0.0,29.0,0.0,3.9545946085755794,True,0.38642222475513033,False,3.9545946085755794,True,1.0,True,14000000000.0,True,3.9545946085755794,True
2027,B,792,1780405920.0,True,66,permission_denied,5,False,0.0,17.0,0.0,2.9706509225769837,True,0.42961506333057453,False,2.9706509225769837,True,1.0,True,6000000000.0,True,2.9706509225769837,True
2027,B,793,1780405980.0,False,-1,,5,False,0.0,34.0,0.0,-1.2682331289982178,False,0.42073743089422844,False,-1.2682331289982178,False,0.002525946561051813,False,0.1586414098739624,False,-1.2682331289982178,False
2027,B,794,1780406040.0,False,-1,,5,False,0.0,32.0,0.0,-1.5072123229326877,False,0.3915052236471712,False,-1.5072123229326877,False,0.0031603316622729675,False,0.1587779521942139,False,-1.5072123229326877,False
2027,B,795,1780406100.0,False,-1,,5,False,0.0,35.0,0.0,-1.0296747374083655,False,0.4355718347349668,False,-1.0296747374083655,False,0.0022735686514638908,False,0.20311264991760244,False,-1.0296747374083655,False
2027,B,796,1780406160.0,False,-1,,5,False,0.0,23.0,0.0,-1.3294612116416458,False,0.3856240083966584,False,-1.3294612116416458,False,0.011823046139068316,False,0.1383981704711914,False,-1.3294612116416458,False
2027,B,797,1780406220.0,False,-1,,5,False,0.0,24.0,0.0,-1.1691270239648581,False,0.4026536406513259,False,-1.1691270239648581,False,0.009877380947878855,False,0.18785152435302735,False,-1.1691270239648581,False
2027,B,798,1780406280.0,False,-1,,5,False,0.0,25.0,0.0,-1.846707206037661,False,0.3904794508408911,False,-1.846707206037661,False,0.008335797912300833,False,0.18462476730346672,False,-1.846707206037661,False
2027,B,799,1780406340.0,False,-1,,5,False,0.0,28.0,0.0,-1.8522894652664252,False,0.38124847752515206,False,-1.8522894652664252,False,0.005277869151926005,False,0.17952885627746584,False,-1.8522894652664252,False
2027,B,800,1780406400.0,True,67,dependency_timeout,5,False,1.0,22.0,0.0,5.518385678268923,True,0.6163082929273566,False,5.518385678268923,True,1.0,True,5000000000.0,True,5.518385678268923,True
2027,B,801,1780406460.0,True,67,dependency_timeout,5,False,4.0,26.0,0.0,5.518385678268923,True,0.6583385308938979,False,5.518385678268923,True,1.0,True,10000000000.0,True,5.518385678268923,True
2027,B,802,1780406520.0,True,67,dependency_timeout,5,False,3.0,27.0,0.0,5.518385678268923,True,0.6594859341431288,False,5.518385678268923,True,1.0,True,11000000000.0,True,5.518385678268923,True
2027,B,803,1780406580.0,True,67,dependency_timeout,5,False,0.0,24.0,0.0,5.518385678268923,True,0.4961869121712467,False,5.518385678268923,True,1.0,True,5000000000.0,True,5.518385678268923,True
2027,B,804,1780406640.0,False,-1,,5,False,0.0,36.0,0.0,-1.0053396944179518,False,0.4322111748661752,False,-1.0053396944179518,False,0.0020548178291087465,False,0.16734707355499265,False,-1.0053396944179518,False
2027,B,805,1780406700.0,False,-1,,5,False,0.0,35.0,0.0,-1.5655094838013532,False,0.4055468319052034,False,-1.5655094838013532,False,0.0022735686514638908,False,0.16597504615783676,False,-1.5655094838013532,False
2027,B,806,1780406760.0,False,-1,,5,False,0.0,24.0,0.0,-1.1332324970714849,False,0.3800656434299798,False,-1.1332324970714849,False,0.009877380947878855,False,0.1454106569290161,False,-1.1332324970714849,False
2027,B,807,1780406820.0,False,-1,,5,False,0.0,30.0,0.0,-0.9073047612192404,False,0.39967537206155357,False,-0.9073047612192404,False,0.004035630564043479,False,0.14787826538085938,False,-0.9073047612192404,False
2027,B,808,1780406880.0,False,-1,,5,False,0.0,26.0,0.0,-1.8414748810586792,False,0.38517221932725487,False,-1.8414748810586792,False,0.007099809747377114,False,0.16598403453826904,False,-1.8414748810586792,False
2027,B,809,1780406940.0,False,-1,,5,False,0.0,27.0,0.0,-1.0933105190638122,False,0.3929619851932654,False,-1.0933105190638122,False,0.006098006664813888,False,0.1664888381958008,False,-1.0933105190638122,False
2027,B,810,1780407000.0,False,-1,,5,False,0.0,36.0,0.0,-1.1813258129290851,False,0.42341159818410046,False,-1.1813258129290851,False,0.0020548178291087465,False,0.16043412685394284,False,-1.1813258129290851,False
2027,B,811,1780407060.0,True,68,dependency_timeout,5,False,1.0,30.0,0.0,5.518385678268923,True,0.6272085547061339,False,5.518385678268923,True,1.0,True,10000000000.0,True,5.518385678268923,True
2027,B,812,1780407120.0,True,68,dependency_timeout,5,False,6.0,32.0,0.0,5.518385678268923,True,0.6815481241278057,False,5.518385678268923,True,1.0,True,11000000000.0,True,5.518385678268923,True
2027,B,813,1780407180.0,True,68,dependency_timeout,5,False,1.0,29.0,0.0,5.518385678268923,True,0.6258579050550189,False,5.518385678268923,True,1.0,True,15000000000.0,True,5.518385678268923,True
2027,B,814,1780407240.0,True,68,dependency_timeout,5,False,3.0,41.0,0.0,5.518385678268923,True,0.677056462133259,False,5.518385678268923,True,1.0,True,11000000000.0,True,5.518385678268923,True
2027,B,815,1780407300.0,False,-1,,5,False,0.0,30.0,0.0,-1.456983431004815,False,0.3909646750460923,False,-1.456983431004815,False,0.004035630564043479,False,0.16755461692810059,False,-1.456983431004815,False
2027,B,816,1780407360.0,False,-1,,5,False,0.0,30.0,0.0,-1.0392359312143267,False,0.39819976817785857,False,-1.0392359312143267,False,0.004035630564043479,False,0.14701693058013918,False,-1.0392359312143267,False
2027,B,817,1780407420.0,False,-1,,5,False,0.0,30.0,0.0,-1.6061325027117617,False,0.3885809840988463,False,-1.6061325027117617,False,0.004035630564043479,False,0.15644595623016358,False,-1.6061325027117617,False
2027,B,818,1780407480.0,False,-1,,5,False,0.0,24.0,0.0,-0.46793705539115393,False,0.4074515137825475,False,-0.46793705539115393,False,0.009877380947878855,False,0.16611745357513427,False,-0.46793705539115393,False
2027,B,819,1780407540.0,False,-1,,5,False,0.0,34.0,0.0,-0.5768779678113214,False,0.42992950598208535,False,-0.5768779678113214,False,0.002525946561051813,False,0.17779142856597904,False,-0.5768779678113214,False
2027,B,820,1780407600.0,False,-1,,5,False,0.0,24.0,0.0,-1.5596718798557543,False,0.37552813085803255,False,-1.5596718798557543,False,0.009877380947878855,False,0.15529923439025878,False,-1.5596718798557543,False
2027,B,821,1780407660.0,False,-1,,5,False,0.0,29.0,0.0,-1.4806138288336674,False,0.39026717368449737,False,-1.4806138288336674,False,0.004600255196217414,False,0.14595575332641603,False,-1.4806138288336674,False
2027,B,822,1780407720.0,True,69,resource_exhaustion,5,False,3.0,27.0,0.0,5.518385678268923,True,0.6782011172471792,False,5.518385678268923,True,1.0,True,3999999999.9999995,True,5.518385678268923,True
2027,B,823,1780407780.0,True,69,resource_exhaustion,5,False,8.0,40.0,0.0,5.518385678268923,True,0.6938674039183401,False,5.518385678268923,True,1.0,True,7999999999.999999,True,5.518385678268923,True
2027,B,824,1780407840.0,True,69,resource_exhaustion,5,False,3.0,30.0,0.0,5.518385678268923,True,0.6801814959151695,False,5.518385678268923,True,1.0,True,3000000000.0,True,5.518385678268923,True
2027,B,825,1780407900.0,True,69,resource_exhaustion,5,False,3.0,37.0,0.0,5.518385678268923,True,0.6862460701489138,False,5.518385678268923,True,1.0,True,1999999999.9999998,True,5.518385678268923,True
2027,B,826,1780407960.0,False,-1,,5,False,0.0,33.0,0.0,-1.4114781084034318,False,0.39710917725381695,False,-1.4114781084034318,False,0.0028187155458383314,False,0.1514908790588379,False,-1.4114781084034318,False
2027,B,827,1780408020.0,False,-1,,5,False,0.0,37.0,0.0,-0.9501595204408231,False,0.4312650906845049,False,-0.9501595204408231,False,0.0018642420051004464,False,0.1510199546813965,False,-0.9501595204408231,False
2027,B,828,1780408080.0,False,-1,,5,False,0.0,29.0,0.0,-0.9590491075630405,False,0.3960012183715858,False,-0.9590491075630405,False,0.004600255196217414,False,0.14824867248535156,False,-0.9590491075630405,False
2027,B,829,1780408140.0,False,-1,,5,False,0.0,34.0,0.0,-1.565329714055336,False,0.405700788105122,False,-1.565329714055336,False,0.002525946561051813,False,0.17488398551940917,False,-1.565329714055336,False
2027,B,830,1780408200.0,False,-1,,5,False,0.0,39.0,0.0,-1.0394801897093329,False,0.45305318650012605,False,-1.0394801897093329,False,0.0015507182896148262,False,0.15142397880554198,False,-1.0394801897093329,False
2027,B,831,1780408260.0,False,-1,,5,False,0.0,33.0,0.0,-1.118746511285872,False,0.41345317313570773,False,-1.118746511285872,False,0.0028187155458383314,False,0.17485742568969725,False,-1.118746511285872,False
2027,B,832,1780408320.0,False,-1,,5,False,0.0,30.0,0.0,-1.167229704863737,False,0.4264529044526657,False,-1.167229704863737,False,0.004035630564043479,False,0.17157042026519775,False,-1.167229704863737,False
2027,B,833,1780408380.0,True,70,resource_exhaustion,5,False,0.0,41.0,0.0,5.518385678268923,True,0.5971563445374591,False,5.518385678268923,True,0.0013063257071608866,False,0.32990789413452176,False,5.518385678268923,True
2027,B,834,1780408440.0,True,70,resource_exhaustion,5,False,2.0,20.0,0.0,5.518385678268923,True,0.6784580005780959,False,5.518385678268923,True,1.0,True,3999999999.9999995,True,5.518385678268923,True
2027,B,835,1780408500.0,True,70,resource_exhaustion,5,False,7.0,26.0,0.0,5.518385678268923,True,0.6786310189361573,False,5.518385678268923,True,1.0,True,5000000000.0,True,5.518385678268923,True
2027,B,836,1780408560.0,True,70,resource_exhaustion,5,False,5.0,27.0,0.0,5.518385678268923,True,0.6794404856883666,False,5.518385678268923,True,1.0,True,6000000000.0,True,5.518385678268923,True
2027,B,837,1780408620.0,True,70,resource_exhaustion,5,False,0.0,29.0,0.0,5.518385678268923,True,0.517639143156943,False,5.518385678268923,True,1.0,True,0.2772952318191529,False,5.518385678268923,True
2027,B,838,1780408680.0,False,-1,,5,False,0.0,32.0,0.0,-0.718063896433752,False,0.43994334968736404,False,-0.718063896433752,False,0.0031603316622729675,False,0.21341612339019775,False,-0.718063896433752,False
2027,B,839,1780408740.0,False,-1,,5,False,0.0,29.0,0.0,-0.96434865742971,False,0.39019123770436637,False,-0.96434865742971,False,0.004600255196217414,False,0.14054107666015622,False,-0.96434865742971,False
2027,B,840,1780408800.0,False,-1,,5,False,0.0,24.0,0.0,-1.7743804820812787,False,0.3937365658898371,False,-1.7743804820812787,False,0.009877380947878855,False,0.19335877895355222,False,-1.7743804820812787,False
2027,B,841,1780408860.0,False,-1,,5,False,0.0,31.0,0.0,-1.5582157564024541,False,0.3995008614007932,False,-1.5582157564024541,False,0.0035614529717428794,False,0.176729679107666,False,-1.5582157564024541,False
2027,B,842,1780408920.0,False,-1,,5,False,1.0,29.0,0.0,-0.7706808706361521,False,0.5708977485830521,False,-0.7706808706361521,False,1.1333389661981002e-06,False,0.1508772850036621,False,-0.7706808706361521,False
2027,B,843,1780408980.0,False,-1,,5,False,0.0,35.0,0.0,-0.7871969311496123,False,0.4327244527251914,False,-0.7871969311496123,False,0.0022735686514638908,False,0.15381407737731934,False,-0.7871969311496123,False
2027,B,844,1780409040.0,False,-1,,5,False,0.0,33.0,0.0,-1.3406349635708965,False,0.4022262194899442,False,-1.3406349635708965,False,0.0028187155458383314,False,0.16760759353637694,False,-1.3406349635708965,False
2027,B,845,1780409100.0,False,-1,,5,False,0.0,33.0,0.0,-1.654139756908389,False,0.3997907200747946,False,-1.654139756908389,False,0.0028187155458383314,False,0.16586380004882811,False,-1.654139756908389,False
2027,B,846,1780409160.0,False,-1,,5,False,0.0,27.0,0.0,-0.7945285503337693,False,0.3976402557838216,False,-0.7945285503337693,False,0.006098006664813888,False,0.12942938804626464,False,-0.7945285503337693,False
2027,B,847,1780409220.0,True,71,permission_denied,5,False,0.0,34.0,0.0,-0.4420756583919099,False,0.4134159016122818,False,-0.4420756583919099,False,1.0,True,999999999.9999999,True,-0.4420756583919099,True
2027,B,848,1780409280.0,True,71,permission_denied,5,False,0.0,35.0,0.0,4.319740173185968,True,0.41432295868788305,False,4.319740173185968,True,1.0,True,16999999999.999998,True,4.319740173185968,True
2027,B,849,1780409340.0,True,71,permission_denied,5,False,0.0,19.0,0.0,2.648990662315481,True,0.4265290189721598,False,2.648990662315481,True,1.0,True,6000000000.0,True,2.648990662315481,True
2027,B,850,1780409400.0,True,71,permission_denied,5,False,0.0,23.0,0.0,2.023737623223347,True,0.3790999357163652,False,2.023737623223347,True,1.0,True,6000000000.0,True,2.023737623223347,True
2027,B,851,1780409460.0,True,71,permission_denied,5,False,0.0,19.0,0.0,-1.519966494118556,False,0.38244324184125417,False,-1.519966494118556,False,0.02747592131132894,False,0.13977375030517578,False,-1.519966494118556,False
2027,B,852,1780409520.0,False,-1,,6,False,0.0,25.0,0.0,-1.6099418511186343,False,0.377501216395666,False,-1.6099418511186343,False,0.008335797912300833,False,0.15578651428222653,False,-1.6099418511186343,False
2027,B,853,1780409580.0,False,-1,,6,False,0.0,36.0,0.0,-0.48048341950065687,False,0.4540487923368113,False,-0.48048341950065687,False,0.0020548178291087465,False,0.1375797986984253,False,-0.48048341950065687,False
2027,B,854,1780409640.0,False,-1,,6,False,0.0,28.0,0.0,-0.5095767645477256,False,0.41256114152264123,False,-0.5095767645477256,False,0.005277869151926005,False,0.127229905128479,False,-0.5095767645477256,False
2027,B,855,1780409700.0,False,-1,,6,False,0.0,33.0,0.0,-0.7564039939547014,False,0.4167656766130461,False,-0.7564039939547014,False,0.0028187155458383314,False,0.16766881942749023,False,-0.7564039939547014,False
2027,B,856,1780409760.0,False,-1,,6,False,0.0,33.0,0.0,-1.6366187350540544,False,0.396930529143125,False,-1.6366187350540544,False,0.0028187155458383314,False,0.1683828353881836,False,-1.6366187350540544,False
2027,B,857,1780409820.0,False,-1,,6,False,0.0,24.0,0.0,-1.577080009163816,False,0.3794040625298628,False,-1.577080009163816,False,0.009877380947878855,False,0.15871672630310057,False,-1.577080009163816,False
2027,B,858,1780409880.0,False,-1,,6,False,0.0,32.0,0.0,-1.561951361024664,False,0.398503524362876,False,-1.561951361024664,False,0.0031603316622729675,False,0.15762681961059571,False,-1.561951361024664,False
2027,B,859,1780409940.0,False,-1,,6,False,0.0,30.0,0.0,-1.6256370444964094,False,0.39095422993068757,False,-1.6256370444964094,False,0.004035630564043479,False,0.17863066196441657,False,-1.6256370444964094,False
2027,B,860,1780410000.0,True,72,dependency_timeout,6,False,1.0,30.0,0.0,5.518385678268923,True,0.6025302505148062,False,5.518385678268923,True,1.0,True,1999999999.9999998,True,5.518385678268923,True
2027,B,861,1780410060.0,True,72,dependency_timeout,6,False,2.0,24.0,0.0,5.518385678268923,True,0.6472689234009664,False,5.518385678268923,True,1.0,True,11000000000.0,True,5.518385678268923,True
2027,B,862,1780410120.0,True,72,dependency_timeout,6,False,3.0,33.0,0.0,5.518385678268923,True,0.6687685707236077,False,5.518385678268923,True,1.0,True,16999999999.999998,True,5.518385678268923,True
2027,B,863,1780410180.0,True,72,dependency_timeout,6,False,3.0,26.0,0.0,5.518385678268923,True,0.6519891184602518,False,5.518385678268923,True,1.0,True,7999999999.999999,True,5.518385678268923,True
2027,B,864,1780410240.0,True,72,dependency_timeout,6,False,0.0,39.0,0.0,5.518385678268923,True,0.4963076253250705,False,5.518385678268923,True,1.0,True,1999999999.9999998,True,5.518385678268923,True
2027,B,865,1780410300.0,False,-1,,6,False,0.0,24.0,0.0,-0.7935615973195498,False,0.43711053537765426,False,-0.7935615973195498,False,0.009877380947878855,False,0.19784502983093258,False,-0.7935615973195498,False
2027,B,866,1780410360.0,False,-1,,6,False,0.0,23.0,0.0,-0.8920852100398413,False,0.3884646935533531,False,-0.8920852100398413,False,0.011823046139068316,False,0.14690027236938477,False,-0.8920852100398413,False
2027,B,867,1780410420.0,False,-1,,6,False,0.0,26.0,0.0,-1.2543856870634302,False,0.3793582320130738,False,-1.2543856870634302,False,0.007099809747377114,False,0.13614296913146973,False,-1.2543856870634302,False
2027,B,868,1780410480.0,False,-1,,6,False,0.0,36.0,0.0,-1.2061744033989257,False,0.4226869235151797,False,-1.2061744033989257,False,0.0020548178291087465,False,0.15651261806488034,False,-1.2061744033989257,False
2027,B,869,1780410540.0,False,-1,,6,False,0.0,36.0,0.0,-1.2998991318184157,False,0.4160144283913548,False,-1.2998991318184157,False,0.0020548178291087465,False,0.15519046783447263,False,-1.2998991318184157,False
2027,B,870,1780410600.0,True,73,permission_denied,6,False,0.0,34.0,0.0,1.7797000645699979,True,0.40390894587298215,False,1.7797000645699979,True,1.0,True,5000000000.0,True,1.7797000645699979,True
2027,B,871,1780410660.0,True,73,permission_denied,6,False,0.0,31.0,0.0,4.027383809278759,True,0.4132706617821069,False,4.027383809278759,True,1.0,True,13000000000.0,True,4.027383809278759,True
2027,B,872,1780410720.0,True,73,permission_denied,6,False,0.0,27.0,0.0,3.833645194391797,True,0.3941334223985642,False,3.833645194391797,True,1.0,True,12000000000.0,True,3.833645194391797,True
2027,B,873,1780410780.0,True,73,permission_denied,6,False,0.0,30.0,0.0,4.088391928446395,True,0.41847017023354743,False,4.088391928446395,True,1.0,True,15000000000.0,True,4.088391928446395,True
2027,B,874,1780410840.0,True,73,permission_denied,6,False,0.0,32.0,0.0,2.8867493027500033,True,0.4009782382280019,False,2.8867493027500033,True,1.0,True,7999999999.999999,True,2.8867493027500033,True
2027,B,875,1780410900.0,False,-1,,6,False,0.0,26.0,0.0,-1.0246602705539853,False,0.3850526267931987,False,-1.0246602705539853,False,0.007099809747377114,False,0.1663607358932495,False,-1.0246602705539853,False
2027,B,876,1780410960.0,False,-1,,6,False,0.0,19.0,0.0,-1.5745221806628775,False,0.4072840563713885,False,-1.5745221806628775,False,0.02747592131132894,False,0.1968161106109619,False,-1.5745221806628775,False
2027,B,877,1780411020.0,False,-1,,6,False,0.0,20.0,0.0,-1.9326856199368105,False,0.3802267380587638,False,-1.9326856199368105,False,0.02178535080051661,False,0.1670168399810791,False,-1.9326856199368105,False
2027,B,878,1780411080.0,False,-1,,6,False,0.0,25.0,0.0,-1.5888543204894967,False,0.40149050745157516,False,-1.5888543204894967,False,0.008335797912300833,False,0.16613655090332022,False,-1.5888543204894967,False
2027,B,879,1780411140.0,False,-1,,6,False,0.0,30.0,0.0,-0.8724730474560332,False,0.4077262642854568,False,-0.8724730474560332,False,0.004035630564043479,False,0.16767551898956298,False,-0.8724730474560332,False
2027,B,880,1780411200.0,False,-1,,6,False,0.0,34.0,0.0,-0.44445003309559095,False,0.4346972506127422,False,-0.44445003309559095,False,0.002525946561051813,False,0.1686663866043092,False,-0.44445003309559095,False
2027,B,881,1780411260.0,False,-1,,6,False,0.0,35.0,0.0,-0.5218930945297302,False,0.4309070096900968,False,-0.5218930945297302,False,0.0022735686514638908,False,0.15264887809753416,False,-0.5218930945297302,False
2027,B,882,1780411320.0,False,-1,,6,False,0.0,26.0,0.0,-1.74691833008196,False,0.3689221905064484,False,-1.74691833008196,False,0.007099809747377114,False,0.1616603136062622,False,-1.74691833008196,False
2027,B,883,1780411380.0,False,-1,,6,False,0.0,30.0,0.0,-1.541083742467607,False,0.38688281624867277,False,-1.541083742467607,False,0.004035630564043479,False,0.16019411087036134,False,-1.541083742467607,False
2027,B,884,1780411440.0,True,74,dependency_timeout,6,False,2.0,33.0,0.0,5.518385678268923,True,0.6591121614761479,False,5.518385678268923,True,1.0,True,11000000000.0,True,5.518385678268923,True
2027,B,885,1780411500.0,True,74,dependency_timeout,6,False,2.0,26.0,0.0,5.518385678268923,True,0.648447044233831,False,5.518385678268923,True,1.0,True,13000000000.0,True,5.518385678268923,True
2027,B,886,1780411560.0,True,74,dependency_timeout,6,False,5.0,29.0,0.0,5.518385678268923,True,0.6623509976914641,False,5.518385678268923,True,1.0,True,12000000000.0,True,5.518385678268923,True
2027,B,887,1780411620.0,True,74,dependency_timeout,6,False,4.0,28.0,0.0,5.518385678268923,True,0.6600273565919297,False,5.518385678268923,True,1.0,True,9000000000.0,True,5.518385678268923,True
2027,B,888,1780411680.0,False,-1,,6,False,0.0,22.0,0.0,-1.9651964027204372,False,0.38603015862611406,False,-1.9651964027204372,False,0.014310715402948726,False,0.15337488651275633,False,-1.9651964027204372,False
2027,B,889,1780411740.0,False,-1,,6,False,0.0,34.0,0.0,-1.403935525488583,False,0.4040869679735251,False,-1.403935525488583,False,0.002525946561051813,False,0.1545102119445801,False,-1.403935525488583,False
2027,B,890,1780411800.0,False,-1,,6,False,0.0,25.0,0.0,-1.814409777697433,False,0.376329063824087,False,-1.814409777697433,False,0.008335797912300833,False,0.17143001556396484,False,-1.814409777697433,False
2027,B,891,1780411860.0,False,-1,,6,False,0.0,25.0,0.0,-1.164322546516261,False,0.3830699263279118,False,-1.164322546516261,False,0.008335797912300833,False,0.15510215759277338,False,-1.164322546516261,False
2027,B,892,1780411920.0,False,-1,,6,False,0.0,32.0,0.0,-1.3002430208132045,False,0.4136481206525276,False,-1.3002430208132045,False,0.0031603316622729675,False,0.18759973049163822,False,-1.3002430208132045,False
2027,B,893,1780411980.0,False,-1,,6,False,0.0,24.0,0.0,-1.9718739791135018,False,0.3790085638890581,False,-1.9718739791135018,False,0.009877380947878855,False,0.1768343925476074,False,-1.9718739791135018,False
2027,B,894,1780412040.0,False,-1,,6,False,0.0,32.0,0.0,0.15089846146332153,False,0.46396265485095756,False,0.15089846146332153,False,0.0031603316622729675,False,0.14320921897888186,False,0.15089846146332153,False
2027,B,895,1780412100.0,False,-1,,6,False,0.0,22.0,0.0,-1.5238842829126629,False,0.37556861810529135,False,-1.5238842829126629,False,0.014310715402948726,False,0.1460785388946533,False,-1.5238842829126629,False
2027,B,896,1780412160.0,False,-1,,6,False,0.0,28.0,0.0,-1.2705768358252216,False,0.4123072909429459,False,-1.2705768358252216,False,0.005277869151926005,False,0.2092836141586304,False,-1.2705768358252216,False
2027,B,897,1780412220.0,False,-1,,6,False,0.0,30.0,0.0,-1.3574344639728038,False,0.3922408940253672,False,-1.3574344639728038,False,0.004035630564043479,False,0.16935107707977295,False,-1.3574344639728038,False
2027,B,898,1780412280.0,True,75,resource_exhaustion,6,True,8.0,153.0,0.0,5.518385678268923,True,0.7673427386869683,True,5.518385678268923,True,1.0,True,7000000000.0,True,5.518385678268923,True
2027,B,899,1780412340.0,True,75,resource_exhaustion,6,True,44.0,312.0,0.0,5.518385678268923,True,0.7950892235790921,True,5.518385678268923,True,1.0,True,42000000000.0,True,5.518385678268923,True
2027,B,900,1780412400.0,True,75,resource_exhaustion,6,True,27.0,191.0,0.0,5.518385678268923,True,0.780168500356938,True,5.518385678268923,True,1.0,True,29000000000.0,True,5.518385678268923,True
2027,B,901,1780412460.0,True,75,resource_exhaustion,6,False,3.0,26.0,0.0,5.518385678268923,True,0.6798042273166457,False,5.518385678268923,True,1.0,True,3999999999.9999995,True,5.518385678268923,True
2027,B,902,1780412520.0,False,-1,,6,False,1.0,25.0,0.0,-0.7393903991589008,False,0.5651895698481284,False,-0.7393903991589008,False,1.3964749833258011e-06,False,0.1692959785461426,False,-0.7393903991589008,False
2027,B,903,1780412580.0,False,-1,,6,False,0.0,30.0,0.0,-0.176772401442161,False,0.42091407292939736,False,-0.176772401442161,False,0.004035630564043479,False,0.12789645195007324,False,-0.176772401442161,False
2027,B,904,1780412640.0,False,-1,,6,False,0.0,29.0,0.0,-0.8952558422721966,False,0.4010120763373117,False,-0.8952558422721966,False,0.004600255196217414,False,0.17365961074829095,False,-0.8952558422721966,False
2027,B,905,1780412700.0,False,-1,,6,False,0.0,22.0,0.0,-0.8652486895662648,False,0.40823976884424495,False,-0.8652486895662648,False,0.014310715402948726,False,0.18291592597961423,False,-0.8652486895662648,False
2027,B,906,1780412760.0,False,-1,,6,False,0.0,32.0,0.0,-1.2802041804918467,False,0.4226305637526828,False,-1.2802041804918467,False,0.0031603316622729675,False,0.1921603202819825,False,-1.2802041804918467,False
2027,B,907,1780412820.0,False,-1,,6,False,0.0,29.0,0.0,-1.385886472249978,False,0.39251989870122767,False,-1.385886472249978,False,0.004600255196217414,False,0.14377689361572263,False,-1.385886472249978,False
2027,B,908,1780412880.0,False,-1,,6,False,0.0,32.0,0.0,-0.42666630384060866,False,0.45025806021856973,False,-0.42666630384060866,False,0.0031603316622729675,False,0.21303169727325447,False,-0.42666630384060866,False
2027,B,909,1780412940.0,False,-1,,6,False,0.0,26.0,0.0,-1.5079569878049757,False,0.3741188498991484,False,-1.5079569878049757,False,0.007099809747377114,False,0.1421654224395752,False,-1.5079569878049757,False
2027,B,910,1780413000.0,False,-1,,6,False,0.0,27.0,0.0,-1.4800782581116732,False,0.38635706234438927,False,-1.4800782581116732,False,0.006098006664813888,False,0.1799071788787841,False,-1.4800782581116732,False
2027,B,911,1780413060.0,True,76,dependency_timeout,6,False,2.0,34.0,0.0,5.518385678268923,True,0.649434207841758,False,5.518385678268923,True,1.0,True,6000000000.0,True,5.518385678268923,True
2027,B,912,1780413120.0,True,76,dependency_timeout,6,False,2.0,28.0,0.0,5.518385678268923,True,0.6525384989083435,False,5.518385678268923,True,1.0,True,11000000000.0,True,5.518385678268923,True
2027,B,913,1780413180.0,True,76,dependency_timeout,6,False,3.0,27.0,0.0,5.518385678268923,True,0.653026780621009,False,5.518385678268923,True,1.0,True,7000000000.0,True,5.518385678268923,True
2027,B,914,1780413240.0,True,76,dependency_timeout,6,False,4.0,39.0,0.0,5.518385678268923,True,0.6781918195709966,False,5.518385678268923,True,1.0,True,16999999999.999998,True,5.518385678268923,True
2027,B,915,1780413300.0,True,76,dependency_timeout,6,False,1.0,36.0,0.0,5.518385678268923,True,0.6255781189765685,False,5.518385678268923,True,1.0,True,0.1853979110717772,False,5.518385678268923,True
2027,B,916,1780413360.0,False,-1,,6,False,0.0,32.0,0.0,-0.5573619146603059,False,0.4153084375209767,False,-0.5573619146603059,False,0.0031603316622729675,False,0.13998866081237793,False,-0.5573619146603059,False
2027,B,917,1780413420.0,False,-1,,6,False,0.0,24.0,0.0,-1.9066178549896389,False,0.38539283624633375,False,-1.9066178549896389,False,0.009877380947878855,False,0.17468669414520263,False,-1.9066178549896389,False
2027,B,918,1780413480.0,False,-1,,6,False,0.0,32.0,0.0,-1.4615253584108077,False,0.41021986070418287,False,-1.4615253584108077,False,0.0031603316622729675,False,0.18127205371856697,False,-1.4615253584108077,False
2027,B,919,1780413540.0,False,-1,,6,False,0.0,25.0,0.0,-0.7809743366614006,False,0.39250002871750583,False,-0.7809743366614006,False,0.008335797912300833,False,0.15455570220947265,False,-0.7809743366614006,False
2027,B,920,1780413600.0,False,-1,,6,False,0.0,26.0,0.0,-1.669349136473441,False,0.37189165471111574,False,-1.669349136473441,False,0.007099809747377114,False,0.15665531158447266,False,-1.669349136473441,False
2027,B,921,1780413660.0,True,77,permission_denied,6,False,0.0,22.0,0.0,2.481825190977883,True,0.38009013229014027,False,2.481825190977883,True,1.0,True,7000000000.0,True,2.481825190977883,True
2027,B,922,1780413720.0,True,77,permission_denied,6,False,0.0,25.0,0.0,3.279201099547744,True,0.38867693016443283,False,3.279201099547744,True,1.0,True,9000000000.0,True,3.279201099547744,True
2027,B,923,1780413780.0,True,77,permission_denied,6,False,0.0,28.0,0.0,3.62268938982241,True,0.41064026388860386,False,3.62268938982241,True,1.0,True,10000000000.0,True,3.62268938982241,True
2027,B,924,1780413840.0,True,77,permission_denied,6,False,0.0,28.0,0.0,0.2612666927572471,False,0.4203481650335263,False,0.2612666927572471,False,1.0,True,1999999999.9999998,True,0.2612666927572471,True
2027,B,925,1780413900.0,False,-1,,6,False,0.0,28.0,0.0,-1.3378680873411737,False,0.38595546169342004,False,-1.3378680873411737,False,0.005277869151926005,False,0.14457509517669678,False,-1.3378680873411737,False
2027,B,926,1780413960.0,False,-1,,6,False,0.0,29.0,0.0,-1.0682248360755722,False,0.3901526672645748,False,-1.0682248360755722,False,0.004600255196217414,False,0.13968982696533203,False,-1.0682248360755722,False
2027,B,927,1780414020.0,False,-1,,6,False,0.0,32.0,0.0,-1.0628536254549505,False,0.42200070026337255,False,-1.0628536254549505,False,0.0031603316622729675,False,0.14705290794372558,False,-1.0628536254549505,False
2027,B,928,1780414080.0,False,-1,,6,False,0.0,35.0,0.0,-1.198889960379626,False,0.41173080672136375,False,-1.198889960379626,False,0.0022735686514638908,False,0.1601940631866455,False,-1.198889960379626,False
2027,B,929,1780414140.0,False,-1,,6,False,0.0,30.0,0.0,-1.009294243232632,False,0.40654677871322054,False,-1.009294243232632,False,0.004035630564043479,False,0.17404010295867922,False,-1.009294243232632,False
2027,B,930,1780414200.0,False,-1,,6,False,0.0,38.0,0.0,-0.8339694570597382,False,0.4647325579308087,False,-0.8339694570597382,False,0.0016974148233034653,False,0.14794917106628422,False,-0.8339694570597382,False
2027,B,931,1780414260.0,False,-1,,6,False,0.0,36.0,0.0,-1.4066626335827364,False,0.4299159231881412,False,-1.4066626335827364,False,0.0020548178291087465,False,0.16551673412322998,False,-1.4066626335827364,False
2027,B,932,1780414320.0,False,-1,,6,False,0.0,41.0,0.0,-1.2032578646682133,False,0.4713653242656724,False,-1.2032578646682133,False,0.0013063257071608866,False,0.18642425537109378,False,-1.2032578646682133,False
2027,B,933,1780414380.0,False,-1,,6,False,0.0,35.0,0.0,-0.0378043824039036,False,0.4388702253517282,False,-0.0378043824039036,False,0.0022735686514638908,False,0.14980421066284177,False,-0.0378043824039036,False
2027,B,934,1780414440.0,True,78,config_error,6,False,0.0,37.0,0.0,0.4153621468217237,False,0.43910566799959777,False,0.4153621468217237,False,1.0,True,1999999999.9999998,True,0.4153621468217237,True
2027,B,935,1780414500.0,True,78,config_error,6,False,0.0,31.0,0.0,4.976374026399556,True,0.4106963894738468,False,4.976374026399556,True,7.647510323412682e-19,False,26000000000.0,True,4.976374026399556,True
2027,B,936,1780414560.0,True,78,config_error,6,False,0.0,30.0,0.0,5.207725980698599,True,0.42243733841350073,False,5.207725980698599,True,5.70070782478894e-20,False,28000000000.0,True,5.207725980698599,True
2027,B,937,1780414620.0,True,78,config_error,6,False,0.0,28.0,0.0,3.9369441409092545,True,0.44522975359394185,False,3.9369441409092545,True,1.657482109779371e-07,False,12000000000.0,True,3.9369441409092545,True
2027,B,938,1780414680.0,False,-1,,6,False,0.0,32.0,0.0,-1.1221022117841608,False,0.4193963411986992,False,-1.1221022117841608,False,0.0031603316622729675,False,0.19236199855804453,False,-1.1221022117841608,False
2027,B,939,1780414740.0,False,-1,,6,False,0.0,33.0,0.0,-1.0298366529123744,False,0.41056803523759017,False,-1.0298366529123744,False,0.0028187155458383314,False,0.15023117065429686,False,-1.0298366529123744,False
2027,B,940,1780414800.0,False,-1,,6,False,0.0,34.0,0.0,-0.8026349168100024,False,0.41604076897446074,False,-0.8026349168100024,False,0.002525946561051813,False,0.17327723503112794,False,-0.8026349168100024,False
2027,B,941,1780414860.0,False,-1,,6,False,0.0,38.0,0.0,-0.6741939343504288,False,0.47493959188482376,False,-0.6741939343504288,False,0.0016974148233034653,False,0.21168622970581055,False,-0.6741939343504288,False
2027,B,942,1780414920.0,False,-1,,6,False,0.0,32.0,0.0,-0.7782333054997368,False,0.406145512936455,False,-0.7782333054997368,False,0.0031603316622729675,False,0.14986627101898195,False,-0.7782333054997368,False
2027,B,943,1780414980.0,False,-1,,6,False,0.0,27.0,0.0,-1.3804753449007166,False,0.3737614926097764,False,-1.3804753449007166,False,0.006098006664813888,False,0.15218749046325683,False,-1.3804753449007166,False
2027,B,944,1780415040.0,False,-1,,6,False,0.0,39.0,0.0,-0.9183587919564475,False,0.4534479235013873,False,-0.9183587919564475,False,0.0015507182896148262,False,0.16256990432739254,False,-0.9183587919564475,False
2027,B,945,1780415100.0,True,79,config_error,6,False,0.0,39.0,0.0,4.60231055348199,True,0.45188897293864555,False,4.60231055348199,True,1.3811328488469072e-14,False,20000000000.0,True,4.60231055348199,True
2027,B,946,1780415160.0,True,79,config_error,6,False,0.0,27.0,0.0,5.262017620627654,True,0.434022576379614,False,5.262017620627654,True,1.8860342228102791e-19,False,26000000000.0,True,5.262017620627654,True
2027,B,947,1780415220.0,True,79,config_error,6,False,0.0,24.0,0.0,5.168905108120604,True,0.41889135396924554,False,5.168905108120604,True,3.1973789972420046e-18,False,23000000000.0,True,5.168905108120604,True
2027,B,948,1780415280.0,True,79,config_error,6,False,0.0,35.0,0.0,3.41694906011931,True,0.43313241077813747,False,3.41694906011931,True,0.0018489678258597404,False,10000000000.0,True,3.41694906011931,True
2027,B,949,1780415340.0,False,-1,,6,False,0.0,37.0,0.0,-0.8591986331463923,False,0.43204343845452386,False,-0.8591986331463923,False,0.0018642420051004464,False,0.1455066680908203,False,-0.8591986331463923,False
2027,B,950,1780415400.0,False,-1,,6,False,0.0,42.0,0.0,-0.8184258102525659,False,0.49006417086347365,False,-0.8184258102525659,False,0.0012041168356281572,False,0.17584247589111324,False,-0.8184258102525659,False
2027,B,951,1780415460.0,False,-1,,6,False,0.0,32.0,0.0,-1.0952459134233399,False,0.4293712645065382,False,-1.0952459134233399,False,0.0031603316622729675,False,0.20809969902038575,False,-1.0952459134233399,False
2027,B,952,1780415520.0,False,-1,,6,False,0.0,26.0,0.0,-1.826821305436873,False,0.36993596131829165,False,-1.826821305436873,False,0.007099809747377114,False,0.15536904335021973,False,-1.826821305436873,False
2027,B,953,1780415580.0,False,-1,,6,False,0.0,23.0,0.0,-1.4481535684929385,False,0.3895406691312747,False,-1.4481535684929385,False,0.011823046139068316,False,0.15693068504333496,False,-1.4481535684929385,False
2027,B,954,1780415640.0,False,-1,,6,False,0.0,31.0,0.0,-1.2293488155466683,False,0.4057559100006542,False,-1.2293488155466683,False,0.0035614529717428794,False,0.17148923873901367,False,-1.2293488155466683,False
2027,B,955,1780415700.0,True,80,resource_exhaustion,6,False,3.0,35.0,0.0,5.518385678268923,True,0.6832745223707068,False,5.518385678268923,True,1.0,True,3000000000.0,True,5.518385678268923,True
2027,B,956,1780415760.0,True,80,resource_exhaustion,6,False,7.0,36.0,0.0,5.518385678268923,True,0.6868169869122416,False,5.518385678268923,True,1.0,True,7000000000.0,True,5.518385678268923,True
2027,B,957,1780415820.0,True,80,resource_exhaustion,6,False,7.0,30.0,0.0,5.518385678268923,True,0.6850472933691065,False,5.518385678268923,True,1.0,True,7999999999.999999,True,5.518385678268923,True
2027,B,958,1780415880.0,True,80,resource_exhaustion,6,False,6.0,35.0,0.0,5.518385678268923,True,0.6880673201593277,False,5.518385678268923,True,1.0,True,3999999999.9999995,True,5.518385678268923,True
2027,B,959,1780415940.0,True,80,resource_exhaustion,6,False,3.0,37.0,0.0,5.518385678268923,True,0.6757511362149599,False,5.518385678268923,True,1.0,True,1999999999.9999998,True,5.518385678268923,True
2027,B,960,1780416000.0,False,-1,,6,False,0.0,31.0,0.0,-1.4192010897808425,False,0.39454017344663045,False,-1.4192010897808425,False,0.0035614529717428794,False,0.16507387161254883,False,-1.4192010897808425,False
2027,B,961,1780416060.0,False,-1,,6,False,0.0,23.0,0.0,-1.3435393303488645,False,0.39646199878463473,False,-1.3435393303488645,False,0.011823046139068316,False,0.1842259407043457,False,-1.3435393303488645,False
2027,B,962,1780416120.0,False,-1,,6,False,0.0,20.0,0.0,-1.9869201262159102,False,0.3729489223261943,False,-1.9869201262159102,False,0.02178535080051661,False,0.15864548683166502,False,-1.9869201262159102,False
2027,B,963,1780416180.0,False,-1,,6,False,0.0,40.0,0.0,-0.44753722002427665,False,0.49394661973336157,False,-0.44753722002427665,False,0.0014211762379416927,False,0.14746589660644532,False,-0.44753722002427665,False
2027,B,964,1780416240.0,False,-1,,6,False,0.0,26.0,0.0,-0.7599458529135417,False,0.42690951102527513,False,-0.7599458529135417,False,0.007099809747377114,False,0.13762354850769043,False,-0.7599458529135417,False
2027,B,965,1780416300.0,False,-1,,6,False,0.0,30.0,0.0,-1.2079466997242365,False,0.3913464080588247,False,-1.2079466997242365,False,0.004035630564043479,False,0.14983057975769043,False,-1.2079466997242365,False
2027,B,966,1780416360.0,False,-1,,6,False,0.0,24.0,0.0,-1.8617241715319217,False,0.38668625485252206,False,-1.8617241715319217,False,0.009877380947878855,False,0.18844931125640865,False,-1.8617241715319217,False
2027,B,967,1780416420.0,True,81,permission_denied,6,False,0.0,33.0,0.0,0.7310697888695499,False,0.4043644833413516,False,0.7310697888695499,False,1.0,True,3000000000.0,True,0.7310697888695499,True
2027,B,968,1780416480.0,True,81,permission_denied,6,False,0.0,31.0,0.0,2.2523155608958474,True,0.40284391672413045,False,2.2523155608958474,True,1.0,True,6000000000.0,True,2.2523155608958474,True
2027,B,969,1780416540.0,True,81,permission_denied,6,False,0.0,23.0,0.0,3.318781278474856,True,0.3829834616967767,False,3.318781278474856,True,1.0,True,10000000000.0,True,3.318781278474856,True
2027,B,970,1780416600.0,True,81,permission_denied,6,False,0.0,42.0,0.0,4.018462535445357,True,0.46334059519535553,False,4.018462535445357,True,1.0,True,14000000000.0,True,4.018462535445357,True
2027,B,971,1780416660.0,True,81,permission_denied,6,False,0.0,41.0,0.0,2.4049187860456014,True,0.4534938649837017,False,2.4049187860456014,True,1.0,True,6000000000.0,True,2.4049187860456014,True
2027,B,972,1780416720.0,False,-1,,6,False,0.0,33.0,0.0,-0.3552248791490289,False,0.4372234510495439,False,-0.3552248791490289,False,0.0028187155458383314,False,0.15327081680297852,False,-0.3552248791490289,False
2027,B,973,1780416780.0,False,-1,,6,False,0.0,32.0,0.0,-1.5812718785080122,False,0.39629192285452647,False,-1.5812718785080122,False,0.0031603316622729675,False,0.17073216438293456,False,-1.5812718785080122,False
2027,B,974,1780416840.0,False,-1,,6,False,0.0,32.0,0.0,-1.2839879428164593,False,0.3978077014770685,False,-1.2839879428164593,False,0.0031603316622729675,False,0.1529540538787842,False,-1.2839879428164593,False
2027,B,975,1780416900.0,False,-1,,6,False,0.0,24.0,0.0,-1.8825406949712447,False,0.3835164459199573,False,-1.8825406949712447,False,0.009877380947878855,False,0.17519576549530025,False,-1.8825406949712447,False
2027,B,976,1780416960.0,False,-1,,6,False,0.0,33.0,0.0,-1.0367997510114648,False,0.432622651536341,False,-1.0367997510114648,False,0.0028187155458383314,False,0.16678056716918946,False,-1.0367997510114648,False
2027,B,977,1780417020.0,False,-1,,6,False,0.0,27.0,0.0,-1.343622475850144,False,0.38775849557398384,False,-1.343622475850144,False,0.006098006664813888,False,0.15153617858886714,False,-1.343622475850144,False
2027,B,978,1780417080.0,False,-1,,6,False,0.0,29.0,0.0,-1.5859581705530088,False,0.38932837494976547,False,-1.5859581705530088,False,0.004600255196217414,False,0.15171499252319337,False,-1.5859581705530088,False
2027,B,979,1780417140.0,True,82,resource_exhaustion,6,False,0.0,30.0,0.0,5.518385678268923,True,0.5636118597295603,False,5.518385678268923,True,0.004035630564043479,False,0.3115845203399658,False,5.518385678268923,True
2027,B,980,1780417200.0,True,82,resource_exhaustion,6,False,0.0,27.0,0.0,5.518385678268923,True,0.5537182064856883,False,5.518385678268923,True,1.0,True,999999999.9999999,True,5.518385678268923,True
2027,B,981,1780417260.0,True,82,resource_exhaustion,6,False,0.0,22.0,0.0,5.518385678268923,True,0.46812441857937653,False,5.518385678268923,True,0.014310715402948726,False,0.18362302780151368,False,5.518385678268923,True
2027,B,982,1780417320.0,False,-1,,6,False,0.0,21.0,0.0,-0.6823971151355943,False,0.39643322092263905,False,-0.6823971151355943,False,0.01753670998300967,False,0.13350152969360352,False,-0.6823971151355943,False
2027,B,983,1780417380.0,False,-1,,6,False,0.0,21.0,0.0,-0.8879294565966491,False,0.40987141121684373,False,-0.8879294565966491,False,0.01753670998300967,False,0.18441581726074222,False,-0.8879294565966491,False
2027,B,984,1780417440.0,False,-1,,6,False,0.0,31.0,0.0,-1.2666032707022143,False,0.40058956365651216,False,-1.2666032707022143,False,0.0035614529717428794,False,0.17394495010375977,False,-1.2666032707022143,False
2027,B,985,1780417500.0,False,-1,,6,False,0.0,32.0,0.0,-1.6523391298176557,False,0.399119159913963,False,-1.6523391298176557,False,0.0031603316622729675,False,0.1685935974121094,False,-1.6523391298176557,False
2027,B,986,1780417560.0,False,-1,,6,False,0.0,34.0,0.0,-1.2636578208125373,False,0.4014103299799184,False,-1.2636578208125373,False,0.002525946561051813,False,0.15587847232818605,False,-1.2636578208125373,False
2027,B,987,1780417620.0,False,-1,,6,False,0.0,31.0,0.0,-1.6201002313384425,False,0.3908616499293604,False,-1.6201002313384425,False,0.0035614529717428794,False,0.16286516189575193,False,-1.6201002313384425,False
2027,B,988,1780417680.0,False,-1,,6,False,1.0,23.0,0.0,-0.45180160639464706,False,0.5806308195624892,False,-0.45180160639464706,False,1.5747568348730556e-06,False,0.17144451141357425,False,-0.45180160639464706,False
2027,B,989,1780417740.0,False,-1,,6,False,0.0,32.0,0.0,-0.9585112078212754,False,0.4006731541943668,False,-0.9585112078212754,False,0.0031603316622729675,False,0.13883574008941652,False,-0.9585112078212754,False
2027,B,990,1780417800.0,False,-1,,6,False,0.0,33.0,0.0,-1.2120891163274568,False,0.4045493646313356,False,-1.2120891163274568,False,0.0028187155458383314,False,0.17031421661376953,False,-1.2120891163274568,False
2027,B,991,1780417860.0,False,-1,,6,False,0.0,27.0,0.0,-1.8248857394667768,False,0.37860392765075324,False,-1.8248857394667768,False,0.006098006664813888,False,0.17805414199829092,False,-1.8248857394667768,False
2027,B,992,1780417920.0,True,83,config_error,6,False,0.0,24.0,0.0,5.039816148395216,True,0.4210167880316319,False,5.039816148395216,True,1.5609131280345638e-17,False,22000000000.0,True,5.039816148395216,True
2027,B,993,1780417980.0,True,83,config_error,6,False,0.0,18.0,0.0,5.278392934677134,True,0.4941628656570455,False,5.278392934677134,True,7.34355058345834e-16,False,18000000000.0,True,5.278392934677134,True
2027,B,994,1780418040.0,True,83,config_error,6,False,0.0,35.0,0.0,5.061481791799706,True,0.43694880266278713,False,5.061481791799706,True,7.945726509243825e-20,False,29000000000.0,True,5.061481791799706,True
2027,B,995,1780418100.0,True,83,config_error,6,False,0.0,33.0,0.0,3.40569158805028,True,0.4124061162066404,False,3.40569158805028,True,0.0012393970150365206,False,10000000000.0,True,3.40569158805028,True
2027,B,996,1780418160.0,False,-1,,7,False,0.0,31.0,0.0,-1.670372931642052,False,0.39214433533003235,False,-1.670372931642052,False,0.0035614529717428794,False,0.15887284278869626,False,-1.670372931642052,False
2027,B,997,1780418220.0,False,-1,,7,False,0.0,31.0,0.0,-1.754772916374268,False,0.3940133904938138,False,-1.754772916374268,False,0.0035614529717428794,False,0.1669514179229736,False,-1.754772916374268,False
2027,B,998,1780418280.0,False,-1,,7,False,0.0,34.0,0.0,-0.8052226972474772,False,0.44098271657939575,False,-0.8052226972474772,False,0.002525946561051813,False,0.17458753585815429,False,-0.8052226972474772,False
2027,B,999,1780418340.0,False,-1,,7,False,0.0,28.0,0.0,-1.4528308067320417,False,0.4094324230629788,False,-1.4528308067320417,False,0.005277869151926005,False,0.17852520942687988,False,-1.4528308067320417,False
2027,B,1000,1780418400.0,False,-1,,7,False,0.0,29.0,0.0,-1.847021815820125,False,0.38130681806187716,False,-1.847021815820125,False,0.004600255196217414,False,0.16789579391479492,False,-1.847021815820125,False
2027,B,1001,1780418460.0,False,-1,,7,False,0.0,37.0,0.0,-1.4544302811415326,False,0.4274484553000106,False,-1.4544302811415326,False,0.0018642420051004464,False,0.16486263275146484,False,-1.4544302811415326,False
2027,B,1002,1780418520.0,False,-1,,7,False,0.0,24.0,0.0,-1.2713755767101391,False,0.3774664284590873,False,-1.2713755767101391,False,0.009877380947878855,False,0.15540621280670167,False,-1.2713755767101391,False
2027,B,1003,1780418580.0,False,-1,,7,False,0.0,36.0,0.0,-1.0424907039350257,False,0.42924389135039664,False,-1.0424907039350257,False,0.0020548178291087465,False,0.18063461780548087,False,-1.0424907039350257,False
2027,B,1004,1780418640.0,True,84,permission_denied,7,False,0.0,26.0,0.0,3.2612328855823964,True,0.410548777226671,False,3.2612328855823964,True,1.0,True,9000000000.0,True,3.2612328855823964,True
2027,B,1005,1780418700.0,True,84,permission_denied,7,False,0.0,31.0,0.0,4.023048928118524,True,0.40162776516577703,False,4.023048928118524,True,1.0,True,15000000000.0,True,4.023048928118524,True
2027,B,1006,1780418760.0,True,84,permission_denied,7,False,0.0,36.0,0.0,4.005861003035543,True,0.4306682152653174,False,4.005861003035543,True,1.0,True,14000000000.0,True,4.005861003035543,True
2027,B,1007,1780418820.0,False,-1,,7,False,0.0,26.0,0.0,-0.8684955256561757,False,0.3863103583422181,False,-0.8684955256561757,False,0.007099809747377114,False,0.15698134899139404,False,-0.8684955256561757,False
2027,B,1008,1780418880.0,False,-1,,7,False,0.0,28.0,0.0,-1.728490232394142,False,0.3928514161300286,False,-1.728490232394142,False,0.005277869151926005,False,0.1786973237991333,False,-1.728490232394142,False
2027,B,1009,1780418940.0,False,-1,,7,False,0.0,27.0,0.0,-1.6615559745599517,False,0.37334690165979834,False,-1.6615559745599517,False,0.006098006664813888,False,0.15674695968627927,False,-1.6615559745599517,False
2027,B,1010,1780419000.0,False,-1,,7,False,0.0,28.0,0.0,-1.4451835685463807,False,0.38255126107956877,False,-1.4451835685463807,False,0.005277869151926005,False,0.17904317378997803,False,-1.4451835685463807,False
2027,B,1011,1780419060.0,False,-1,,7,False,0.0,25.0,0.0,-0.6207316991340095,False,0.4186860445462004,False,-0.6207316991340095,False,0.008335797912300833,False,0.12872848510742188,False,-0.6207316991340095,False
2027,B,1012,1780419120.0,False,-1,,7,False,0.0,39.0,0.0,-1.2729658379362974,False,0.4516995376586577,False,-1.2729658379362974,False,0.0015507182896148262,False,0.16594262123107906,False,-1.2729658379362974,False
2027,B,1013,1780419180.0,False,-1,,7,False,0.0,30.0,0.0,-1.0179738966779484,False,0.42070040119625945,False,-1.0179738966779484,False,0.004035630564043479,False,0.14313242435455323,False,-1.0179738966779484,False
2027,B,1014,1780419240.0,False,-1,,7,False,0.0,27.0,0.0,-1.1383654229440952,False,0.3809146315388026,False,-1.1383654229440952,False,0.006098006664813888,False,0.13608789443969727,False,-1.1383654229440952,False
2027,B,1015,1780419300.0,False,-1,,7,False,0.0,31.0,0.0,-1.221856964965804,False,0.3965366576591683,False,-1.221856964965804,False,0.0035614529717428794,False,0.1548142433166504,False,-1.221856964965804,False
2027,B,1016,1780419360.0,True,85,resource_exhaustion,7,False,0.0,35.0,0.0,5.518385678268923,True,0.5392859709174656,False,5.518385678268923,True,0.0022735686514638908,False,0.30152926445007283,False,5.518385678268923,True
2027,B,1017,1780419420.0,True,85,resource_exhaustion,7,False,2.0,23.0,0.0,5.518385678268923,True,0.67448128079048,False,5.518385678268923,True,1.0,True,3000000000.0,True,5.518385678268923,True
2027,B,1018,1780419480.0,True,85,resource_exhaustion,7,False,10.0,27.0,0.0,5.518385678268923,True,0.6804728913767152,False,5.518385678268923,True,1.0,True,9000000000.0,True,5.518385678268923,True
2027,B,1019,1780419540.0,True,85,resource_exhaustion,7,False,2.0,33.0,0.0,5.518385678268923,True,0.6787784075746213,False,5.518385678268923,True,1.0,True,3000000000.0,True,5.518385678268923,True
2027,B,1020,1780419600.0,False,-1,,7,False,0.0,35.0,0.0,-0.8404999757567886,False,0.4178631556224113,False,-0.8404999757567886,False,0.0022735686514638908,False,0.14702215194702148,False,-0.8404999757567886,False
2027,B,1021,1780419660.0,False,-1,,7,False,1.0,24.0,0.0,0.689309071627954,False,0.5937972885499492,False,0.689309071627954,False,1.480701727235601e-06,False,0.15866448879241943,False,0.689309071627954,False
2027,B,1022,1780419720.0,False,-1,,7,False,0.0,31.0,0.0,-0.7264794765353821,False,0.4167982570482038,False,-0.7264794765353821,False,0.0035614529717428794,False,0.14805102348327634,False,-0.7264794765353821,False
2027,B,1023,1780419780.0,False,-1,,7,False,0.0,33.0,0.0,0.1765246406636587,False,0.44086301292740304,False,0.1765246406636587,False,0.0028187155458383314,False,0.1269746780395508,False,0.1765246406636587,False
2027,B,1024,1780419840.0,False,-1,,7,False,0.0,30.0,0.0,-1.5318599357948939,False,0.38837208532125295,False,-1.5318599357948939,False,0.004035630564043479,False,0.16193077564239505,False,-1.5318599357948939,False
2027,B,1025,1780419900.0,False,-1,,7,False,0.0,31.0,0.0,-1.3575487548190397,False,0.40204171230393493,False,-1.3575487548190397,False,0.0035614529717428794,False,0.17870378494262695,False,-1.3575487548190397,False
2027,B,1026,1780419960.0,False,-1,,7,False,0.0,31.0,0.0,-1.2636900236406694,False,0.41585233952708606,False,-1.2636900236406694,False,0.0035614529717428794,False,0.15572452545166016,False,-1.2636900236406694,False
2027,B,1027,1780420020.0,False,-1,,7,False,0.0,34.0,0.0,-0.939343003932426,False,0.4087824050041707,False,-0.939343003932426,False,0.002525946561051813,False,0.14636948108673098,False,-0.939343003932426,False
2027,B,1028,1780420080.0,False,-1,,7,False,0.0,32.0,0.0,-1.3900297862817927,False,0.4198738687333333,False,-1.3900297862817927,False,0.0031603316622729675,False,0.18291471004486085,False,-1.3900297862817927,False
2027,B,1029,1780420140.0,True,86,resource_exhaustion,7,False,0.0,32.0,0.0,5.518385678268923,True,0.4753975203879017,False,5.518385678268923,True,0.0032590421341972976,False,0.20541925430297853,False,5.518385678268923,True
2027,B,1030,1780420200.0,True,86,resource_exhaustion,7,False,1.0,24.0,0.0,5.518385678268923,True,0.6524561572377674,False,5.518385678268923,True,1.0,True,1999999999.9999998,True,5.518385678268923,True
2027,B,1031,1780420260.0,True,86,resource_exhaustion,7,False,6.0,26.0,0.0,5.518385678268923,True,0.6786310189361573,False,5.518385678268923,True,1.0,True,5000000000.0,True,5.518385678268923,True
2027,B,1032,1780420320.0,True,86,resource_exhaustion,7,False,8.0,33.0,0.0,5.518385678268923,True,0.6836843943313599,False,5.518385678268923,True,1.0,True,7999999999.999999,True,5.518385678268923,True
2027,B,1033,1780420380.0,True,86,resource_exhaustion,7,False,3.0,33.0,0.0,5.518385678268923,True,0.6641962230694826,False,5.518385678268923,True,1.0,True,1999999999.9999998,True,5.518385678268923,True
2027,B,1034,1780420440.0,False,-1,,7,False,0.0,43.0,0.0,-0.6694903050147172,False,0.5084102753627577,False,-0.6694903050147172,False,0.0011128343839550189,False,0.1834778785705566,False,-0.6694903050147172,False
2027,B,1035,1780420500.0,False,-1,,7,False,0.0,31.0,0.0,-1.3347146509306889,False,0.404202447149452,False,-1.3347146509306889,False,0.0035614529717428794,False,0.1752047538757324,False,-1.3347146509306889,False
2027,B,1036,1780420560.0,False,-1,,7,False,0.0,25.0,0.0,-1.1928961685881783,False,0.39736919950198435,False,-1.1928961685881783,False,0.008335797912300833,False,0.18109598159790033,False,-1.1928961685881783,False
2027,B,1037,1780420620.0,False,-1,,7,False,0.0,31.0,0.0,-1.412580426135217,False,0.4022232349295627,False,-1.412580426135217,False,0.0035614529717428794,False,0.18049693107604978,False,-1.412580426135217,False
2027,B,1038,1780420680.0,False,-1,,7,False,0.0,18.0,0.0,-1.341015264590883,False,0.38706312629067935,False,-1.341015264590883,False,0.03523827401382033,False,0.13927803039550782,False,-1.341015264590883,False
2027,B,1039,1780420740.0,False,-1,,7,False,0.0,17.0,0.0,-0.28384721299702154,False,0.45314614688635235,False,-0.28384721299702154,False,0.04603583753820504,False,0.22858686447143556,False,-0.28384721299702154,False
2027,B,1040,1780420800.0,False,-1,,7,False,0.0,38.0,0.0,-1.1373233140005876,False,0.46097948878392475,False,-1.1373233140005876,False,0.0016974148233034653,False,0.1861214399337769,False,-1.1373233140005876,False
2027,B,1041,1780420860.0,False,-1,,7,False,0.0,28.0,0.0,-1.5808586681145869,False,0.38148918841372775,False,-1.5808586681145869,False,0.005277869151926005,False,0.16063406467437744,False,-1.5808586681145869,False
2027,B,1042,1780420920.0,False,-1,,7,False,0.0,24.0,0.0,-1.0515146723692865,False,0.4283763651715768,False,-1.0515146723692865,False,0.009877380947878855,False,0.2199110031127929,False,-1.0515146723692865,False
2027,B,1043,1780420980.0,True,87,dependency_timeout,7,False,1.0,38.0,0.0,5.518385678268923,True,0.6481971989674536,False,5.518385678268923,True,1.0,True,7999999999.999999,True,5.518385678268923,True
2027,B,1044,1780421040.0,True,87,dependency_timeout,7,False,3.0,28.0,0.0,5.518385678268923,True,0.6676208880904352,False,5.518385678268923,True,1.0,True,9000000000.0,True,5.518385678268923,True
2027,B,1045,1780421100.0,True,87,dependency_timeout,7,False,3.0,23.0,0.0,5.518385678268923,True,0.6580119870944532,False,5.518385678268923,True,1.0,True,9000000000.0,True,5.518385678268923,True
2027,B,1046,1780421160.0,True,87,dependency_timeout,7,False,0.0,27.0,0.0,5.518385678268923,True,0.43911066161432954,False,5.518385678268923,True,1.0,True,1999999999.9999998,True,5.518385678268923,True
2027,B,1047,1780421220.0,False,-1,,7,False,0.0,15.0,0.0,-1.5909956245289765,False,0.399158202941804,False,-1.5909956245289765,False,0.08358208903295893,False,0.16018242835998536,False,-1.5909956245289765,False
2027,B,1048,1780421280.0,False,-1,,7,False,0.0,31.0,0.0,-0.8553640591885401,False,0.3998746851116493,False,-0.8553640591885401,False,0.0035614529717428794,False,0.14213347434997556,False,-0.8553640591885401,False
2027,B,1049,1780421340.0,False,-1,,7,False,0.0,35.0,0.0,-1.1095468283304628,False,0.4400621999170049,False,-1.1095468283304628,False,0.0022735686514638908,False,0.18266906738281236,False,-1.1095468283304628,False
2027,B,1050,1780421400.0,False,-1,,7,False,0.0,35.0,0.0,0.5646307851278101,False,0.4886878475852533,False,0.5646307851278101,False,0.0022735686514638908,False,0.22171545028686496,False,0.5646307851278101,False
2027,B,1051,1780421460.0,False,-1,,7,False,0.0,31.0,0.0,-1.0948054346226428,False,0.43078558200848477,False,-1.0948054346226428,False,0.0035614529717428794,False,0.20827960968017578,False,-1.0948054346226428,False
2027,B,1052,1780421520.0,False,-1,,7,False,0.0,25.0,0.0,-1.4978610549125655,False,0.3864270336214875,False,-1.4978610549125655,False,0.008335797912300833,False,0.16762714385986321,False,-1.4978610549125655,False
2027,B,1053,1780421580.0,True,88,config_error,7,False,0.0,23.0,0.0,0.039924881496416376,False,0.4107912467358601,False,0.039924881496416376,False,1.0,True,1999999999.9999998,True,0.039924881496416376,True
2027,B,1054,1780421640.0,True,88,config_error,7,False,0.0,36.0,0.0,5.2595041872885515,True,0.4683032002728278,False,5.2595041872885515,True,2.3677797539467355e-21,False,32999999999.999996,True,5.2595041872885515,True
2027,B,1055,1780421700.0,True,88,config_error,7,False,1.0,29.0,0.0,5.2303174535769585,True,0.5812689100489564,False,5.2303174535769585,True,4.8057696359964684e-20,False,27000000000.0,True,5.2303174535769585,True
2027,B,1056,1780421760.0,True,88,config_error,7,False,0.0,40.0,0.0,4.708221962685332,True,0.4479807372811336,False,4.708221962685332,True,1.9865079099479104e-16,False,23000000000.0,True,4.708221962685332,True
2027,B,1057,1780421820.0,False,-1,,7,False,0.0,20.0,0.0,-1.4179770009056787,False,0.3759439270527859,False,-1.4179770009056787,False,0.02178535080051661,False,0.15193524360656738,False,-1.4179770009056787,False
2027,B,1058,1780421880.0,False,-1,,7,False,0.0,30.0,0.0,-1.5090811774488504,False,0.410190262090168,False,-1.5090811774488504,False,0.004035630564043479,False,0.18995618820190432,False,-1.5090811774488504,False
2027,B,1059,1780421940.0,False,-1,,7,False,0.0,33.0,0.0,-1.0598482942883258,False,0.4358843696355756,False,-1.0598482942883258,False,0.0028187155458383314,False,0.17396173477172852,False,-1.0598482942883258,False
2027,B,1060,1780422000.0,False,-1,,7,True,0.0,252.0,0.0,0.6330740650801809,False,0.725035729492306,True,0.6330740650801809,False,1.3562132486899959e-05,False,0.16271212100982677,False,0.6330740650801809,False
2027,B,1061,1780422060.0,False,-1,,7,True,1.0,297.0,0.0,2.0713466630367185,True,0.7656394548939663,True,2.0713466630367185,True,8.899700596782603e-08,False,0.19239835739135785,False,2.0713466630367185,False
2027,B,1062,1780422120.0,False,-1,,7,True,0.0,81.0,0.0,0.2486804795141193,False,0.6070686104980483,False,0.2486804795141193,False,0.00016903434830676958,False,0.1586155891418458,False,0.2486804795141193,False
2027,B,1063,1780422180.0,False,-1,,7,False,0.0,22.0,0.0,-1.2598941364917149,False,0.3808041569000109,False,-1.2598941364917149,False,0.014310715402948726,False,0.15270245075225827,False,-1.2598941364917149,False
2027,B,1064,1780422240.0,False,-1,,7,False,0.0,26.0,0.0,-1.8564019086542602,False,0.3821560758537221,False,-1.8564019086542602,False,0.007099809747377114,False,0.16846895217895508,False,-1.8564019086542602,False
2027,B,1065,1780422300.0,False,-1,,7,False,0.0,29.0,0.0,-1.0008191219456348,False,0.42556799536759976,False,-1.0008191219456348,False,0.004600255196217414,False,0.1779415130615234,False,-1.0008191219456348,False
2027,B,1066,1780422360.0,False,-1,,7,False,0.0,40.0,0.0,0.8563088513663706,False,0.5306459073824356,False,0.8563088513663706,False,0.0014211762379416927,False,0.1868514060974121,False,0.8563088513663706,False
2027,B,1067,1780422420.0,True,89,config_error,7,False,0.0,32.0,0.0,3.8680426214204613,True,0.4079122790274777,False,3.8680426214204613,True,4.205380895484254e-07,False,12000000000.0,True,3.8680426214204613,True
2027,B,1068,1780422480.0,True,89,config_error,7,False,0.0,26.0,0.0,5.223175204713103,True,0.4247085136155758,False,5.223175204713103,True,4.582627481780889e-19,False,25000000000.0,True,5.223175204713103,True
2027,B,1069,1780422540.0,True,89,config_error,7,False,0.0,25.0,0.0,5.377942346302613,True,0.4458573425269905,False,5.377942346302613,True,2.5201855629982886e-19,False,25000000000.0,True,5.377942346302613,True
2027,B,1070,1780422600.0,True,89,config_error,7,False,0.0,33.0,0.0,5.000740703196509,True,0.43649164263663803,False,5.000740703196509,True,4.073133320516243e-19,False,27000000000.0,True,5.000740703196509,True
2027,B,1071,1780422660.0,False,-1,,7,False,0.0,25.0,0.0,-1.2025782258668398,False,0.41703721833262025,False,-1.2025782258668398,False,0.008335797912300833,False,0.2125478744506836,False,-1.2025782258668398,False
2027,B,1072,1780422720.0,False,-1,,7,False,0.0,25.0,0.0,-0.912344125441443,False,0.38806524585804714,False,-0.912344125441443,False,0.008335797912300833,False,0.1597063064575195,False,-0.912344125441443,False
2027,B,1073,1780422780.0,False,-1,,7,False,0.0,28.0,0.0,-0.4234864815661199,False,0.39752664999506665,False,-0.4234864815661199,False,0.005277869151926005,False,0.1422785758972168,False,-0.4234864815661199,False
2027,B,1074,1780422840.0,False,-1,,7,False,0.0,35.0,0.0,-0.729131062628932,False,0.4293319031939711,False,-0.729131062628932,False,0.0022735686514638908,False,0.183771514892578,False,-0.729131062628932,False
2027,B,1075,1780422900.0,False,-1,,7,False,0.0,30.0,0.0,-1.323777212162728,False,0.39275765620574393,False,-1.323777212162728,False,0.004035630564043479,False,0.17629086971282962,False,-1.323777212162728,False
2027,B,1076,1780422960.0,False,-1,,7,False,0.0,33.0,0.0,-1.6342995792257726,False,0.3956238385409083,False,-1.6342995792257726,False,0.0028187155458383314,False,0.16368703842163085,False,-1.6342995792257726,False
2027,B,1077,1780423020.0,False,-1,,7,False,0.0,32.0,0.0,-1.483314901119325,False,0.40223512696939867,False,-1.483314901119325,False,0.0031603316622729675,False,0.15804121494293216,False,-1.483314901119325,False
2027,B,1078,1780423080.0,False,-1,,7,False,0.0,24.0,0.0,-1.22537160673365,False,0.38243290926814866,False,-1.22537160673365,False,0.009877380947878855,False,0.15915923118591307,False,-1.22537160673365,False
2027,B,1079,1780423140.0,False,-1,,7,False,0.0,29.0,0.0,-1.8542614367990495,False,0.38145833521894645,False,-1.8542614367990495,False,0.004600255196217414,False,0.16941633224487304,False,-1.8542614367990495,False
2027,B,1080,1780423200.0,False,-1,,7,False,0.0,37.0,0.0,-1.3061234802976154,False,0.4222990338965097,False,-1.3061234802976154,False,0.0018642420051004464,False,0.1621214866638184,False,-1.3061234802976154,False
2027,B,1081,1780423260.0,False,-1,,7,False,0.0,42.0,0.0,-0.41493242368887984,False,0.49060687898861954,False,-0.41493242368887984,False,0.0012041168356281572,False,0.15120112895965573,False,-0.41493242368887984,False
2027,B,1082,1780423320.0,True,90,permission_denied,7,False,0.0,30.0,0.0,3.20862147721729,True,0.3898517877398331,False,3.20862147721729,True,1.0,True,9000000000.0,True,3.20862147721729,True
2027,B,1083,1780423380.0,True,90,permission_denied,7,False,0.0,26.0,0.0,3.2292503608215255,True,0.3961108616235771,False,3.2292503608215255,True,1.0,True,9000000000.0,True,3.2292503608215255,True
2027,B,1084,1780423440.0,True,90,permission_denied,7,False,0.0,33.0,0.0,4.139251955775648,True,0.4040900006713635,False,4.139251955775648,True,1.0,True,15999999999.999998,True,4.139251955775648,True
2027,B,1085,1780423500.0,True,90,permission_denied,7,False,0.0,30.0,0.0,3.6073226948632557,True,0.3894628737988165,False,3.6073226948632557,True,1.0,True,12000000000.0,True,3.6073226948632557,True
2027,B,1086,1780423560.0,True,90,permission_denied,7,False,0.0,22.0,0.0,-1.8757296106522627,False,0.3865361700052387,False,-1.8757296106522627,False,0.014310715402948726,False,0.1607532024383545,False,-1.8757296106522627,False
2027,B,1087,1780423620.0,False,-1,,7,False,0.0,21.0,0.0,-1.840446400403743,False,0.39468139444718114,False,-1.840446400403743,False,0.01753670998300967,False,0.19569444656372073,False,-1.840446400403743,False
2027,B,1088,1780423680.0,False,-1,,7,False,0.0,22.0,0.0,-1.4970142558618917,False,0.38714784485785075,False,-1.4970142558618917,False,0.014310715402948726,False,0.13638067245483396,False,-1.4970142558618917,False
2027,B,1089,1780423740.0,False,-1,,7,False,0.0,26.0,0.0,-0.5698115581423995,False,0.3902028486584447,False,-0.5698115581423995,False,0.007099809747377114,False,0.15034377574920654,False,-0.5698115581423995,False
2027,B,1090,1780423800.0,False,-1,,7,False,0.0,20.0,0.0,-0.7214902962868832,False,0.39532841220709053,False,-0.7214902962868832,False,0.02178535080051661,False,0.1559598922729492,False,-0.7214902962868832,False
2027,B,1091,1780423860.0,False,-1,,7,False,0.0,28.0,0.0,-0.8837030793016938,False,0.42291540018262186,False,-0.8837030793016938,False,0.005277869151926005,False,0.1780024766921997,False,-0.8837030793016938,False
2027,B,1092,1780423920.0,False,-1,,7,False,0.0,17.0,0.0,-1.683602250409658,False,0.3822288740848191,False,-1.683602250409658,False,0.04603583753820504,False,0.14306058883666992,False,-1.683602250409658,False
2027,B,1093,1780423980.0,False,-1,,7,False,0.0,25.0,0.0,-1.3081171131294695,False,0.38122465133821043,False,-1.3081171131294695,False,0.008335797912300833,False,0.1499652862548828,False,-1.3081171131294695,False
2027,B,1094,1780424040.0,False,-1,,7,False,1.0,23.0,0.0,-0.5145574341362478,False,0.5841465719470761,False,-0.5145574341362478,False,1.5747568348730556e-06,False,0.1476529121398926,False,-0.5145574341362478,False
2027,B,1095,1780424100.0,True,91,permission_denied,7,False,0.0,24.0,0.0,3.48866777894603,True,0.39174662404438537,False,3.48866777894603,True,1.0,True,10000000000.0,True,3.48866777894603,True
2027,B,1096,1780424160.0,True,91,permission_denied,7,False,0.0,26.0,0.0,3.286636882730086,True,0.3884166876365005,False,3.286636882730086,True,1.0,True,9000000000.0,True,3.286636882730086,True
2027,B,1097,1780424220.0,True,91,permission_denied,7,False,0.0,30.0,0.0,1.221919167183417,True,0.38435579848760426,False,1.221919167183417,True,1.0,True,3999999999.9999995,True,1.221919167183417,True
2027,B,1098,1780424280.0,False,-1,,7,False,0.0,32.0,0.0,-1.1872412865739097,False,0.3970548671268262,False,-1.1872412865739097,False,0.0031603316622729675,False,0.15293292999267577,False,-1.1872412865739097,False
2027,B,1099,1780424340.0,False,-1,,7,False,0.0,22.0,0.0,-0.6760724588145957,False,0.44363566278433103,False,-0.6760724588145957,False,0.014310715402948726,False,0.15263359546661373,False,-0.6760724588145957,False
2027,B,1100,1780424400.0,False,-1,,7,False,0.0,29.0,0.0,-1.5625266698825442,False,0.3812535172241427,False,-1.5625266698825442,False,0.004600255196217414,False,0.16360158920288087,False,-1.5625266698825442,False
2027,B,1101,1780424460.0,False,-1,,7,False,0.0,26.0,0.0,-1.9078537944424632,False,0.372064311924516,False,-1.9078537944424632,False,0.007099809747377114,False,0.15783965587615967,False,-1.9078537944424632,False
2027,B,1102,1780424520.0,False,-1,,7,False,0.0,27.0,0.0,-1.5758950647868515,False,0.3892633037832693,False,-1.5758950647868515,False,0.006098006664813888,False,0.18845024108886715,False,-1.5758950647868515,False
2027,B,1103,1780424580.0,True,92,resource_exhaustion,7,False,0.0,29.0,0.0,5.518385678268923,True,0.5174760617850068,False,5.518385678268923,True,1.0,True,999999999.9999999,True,5.518385678268923,True
2027,B,1104,1780424640.0,True,92,resource_exhaustion,7,False,7.0,34.0,0.0,5.518385678268923,True,0.6866952180757474,False,5.518385678268923,True,1.0,True,7000000000.0,True,5.518385678268923,True
2027,B,1105,1780424700.0,True,92,resource_exhaustion,7,False,3.0,29.0,0.0,5.518385678268923,True,0.6806538190284896,False,5.518385678268923,True,1.0,True,3000000000.0,True,5.518385678268923,True
2027,B,1106,1780424760.0,True,92,resource_exhaustion,7,False,4.0,31.0,0.0,5.518385678268923,True,0.6826887962216335,False,5.518385678268923,True,1.0,True,5000000000.0,True,5.518385678268923,True
2027,B,1107,1780424820.0,True,92,resource_exhaustion,7,False,2.0,18.0,0.0,5.518385678268923,True,0.6482343038177091,False,5.518385678268923,True,1.0,True,999999999.9999999,True,5.518385678268923,True
2027,B,1108,1780424880.0,False,-1,,7,False,0.0,31.0,0.0,-1.6085889223788001,False,0.39507928938661313,False,-1.6085889223788001,False,0.0035614529717428794,False,0.16204261779785156,False,-1.6085889223788001,False
2027,B,1109,1780424940.0,False,-1,,7,False,0.0,29.0,0.0,-0.14978338265814184,False,0.414976328907105,False,-0.14978338265814184,False,0.004600255196217414,False,0.1581679344177246,False,-0.14978338265814184,False
2027,B,1110,1780425000.0,False,-1,,7,False,0.0,25.0,0.0,-1.7085072891273096,False,0.37526484570725127,False,-1.7085072891273096,False,0.008335797912300833,False,0.1520792007446289,False,-1.7085072891273096,False
2027,B,1111,1780425060.0,False,-1,,7,False,0.0,22.0,0.0,-1.5834932757184168,False,0.393581183448037,False,-1.5834932757184168,False,0.014310715402948726,False,0.19222447872161863,False,-1.5834932757184168,False
2027,B,1112,1780425120.0,False,-1,,7,False,0.0,26.0,0.0,-1.110422097628807,False,0.3829434448124275,False,-1.110422097628807,False,0.007099809747377114,False,0.13905346393585205,False,-1.110422097628807,False
2027,B,1113,1780425180.0,False,-1,,7,False,0.0,25.0,0.0,-1.2563676450570176,False,0.3959905663992869,False,-1.2563676450570176,False,0.008335797912300833,False,0.13935842514038085,False,-1.2563676450570176,False
2027,B,1114,1780425240.0,False,-1,,7,False,0.0,24.0,0.0,-0.8049063459063461,False,0.41928984067773367,False,-0.8049063459063461,False,0.009877380947878855,False,0.1324476957321167,False,-0.8049063459063461,False
2027,B,1115,1780425300.0,False,-1,,7,False,0.0,21.0,0.0,-1.7611215760341077,False,0.37502671803297255,False,-1.7611215760341077,False,0.01753670998300967,False,0.16360950469970706,False,-1.7611215760341077,False
2027,B,1116,1780425360.0,True,93,config_error,7,False,0.0,32.0,0.0,5.193879196652164,True,0.461598465100913,False,5.193879196652164,True,3.677987491650935e-20,False,29000000000.0,True,5.193879196652164,True
2027,B,1117,1780425420.0,True,93,config_error,7,False,0.0,38.0,0.0,5.407262925490329,True,0.48837511605792505,False,5.407262925490329,True,1.2545235176131905e-22,False,37000000000.0,True,5.407262925490329,True
2027,B,1118,1780425480.0,True,93,config_error,7,False,0.0,20.0,0.0,4.83569702366827,True,0.42536545364509476,False,4.83569702366827,True,2.835198562387168e-15,False,18000000000.0,True,4.83569702366827,True
2027,B,1119,1780425540.0,True,93,config_error,7,False,1.0,28.0,0.0,1.768912893854262,True,0.5643770580991212,False,1.768912893854262,True,1.0,True,3999999999.9999995,True,1.768912893854262,True
2027,B,1120,1780425600.0,False,-1,,7,False,0.0,20.0,0.0,-2.0579143173024725,False,0.3846953294148314,False,-2.0579143173024725,False,0.02178535080051661,False,0.17005500793457032,False,-2.0579143173024725,False
2027,B,1121,1780425660.0,False,-1,,7,False,0.0,15.0,0.0,-1.7660954367325656,False,0.39542231365348557,False,-1.7660954367325656,False,0.08358208903295893,False,0.1613213062286377,False,-1.7660954367325656,False
2027,B,1122,1780425720.0,False,-1,,7,False,0.0,28.0,0.0,-1.4358043919410095,False,0.38235152434555664,False,-1.4358043919410095,False,0.005277869151926005,False,0.14776139259338378,False,-1.4358043919410095,False
2027,B,1123,1780425780.0,False,-1,,7,False,0.0,39.0,0.0,-0.39336512410011704,False,0.45871512303578704,False,-0.39336512410011704,False,0.0015507182896148262,False,0.14397358894348142,False,-0.39336512410011704,False
2027,B,1124,1780425840.0,False,-1,,7,False,0.0,37.0,0.0,-1.0116282853391017,False,0.4380853218564675,False,-1.0116282853391017,False,0.0018642420051004464,False,0.15020313262939453,False,-1.0116282853391017,False
2027,B,1125,1780425900.0,False,-1,,7,False,0.0,27.0,0.0,-0.8251416274792476,False,0.38769821284586076,False,-0.8251416274792476,False,0.006098006664813888,False,0.1480257987976074,False,-0.8251416274792476,False
2027,B,1126,1780425960.0,False,-1,,7,False,0.0,29.0,0.0,-1.3722575193572482,False,0.3919773909140191,False,-1.3722575193572482,False,0.004600255196217414,False,0.15405197143554689,False,-1.3722575193572482,False
2027,B,1127,1780426020.0,False,-1,,7,False,0.0,36.0,0.0,-0.005402138650715038,False,0.4525543235823458,False,-0.005402138650715038,False,0.0020548178291087465,False,0.14293444156646726,False,-0.005402138650715038,False
2027,B,1128,1780426080.0,True,94,dependency_timeout,7,False,2.0,27.0,0.0,5.518385678268923,True,0.6516664134276879,False,5.518385678268923,True,1.0,True,7000000000.0,True,5.518385678268923,True
2027,B,1129,1780426140.0,True,94,dependency_timeout,7,False,5.0,24.0,0.0,5.518385678268923,True,0.6669709448870406,False,5.518385678268923,True,1.0,True,10000000000.0,True,5.518385678268923,True
2027,B,1130,1780426200.0,True,94,dependency_timeout,7,False,1.0,33.0,0.0,5.518385678268923,True,0.6386042125008637,False,5.518385678268923,True,1.0,True,15000000000.0,True,5.518385678268923,True
2027,B,1131,1780426260.0,True,94,dependency_timeout,7,False,0.0,32.0,0.0,5.518385678268923,True,0.5133775759807334,False,5.518385678268923,True,1.0,True,5000000000.0,True,5.518385678268923,True
2027,B,1132,1780426320.0,False,-1,,7,False,0.0,27.0,0.0,-1.4927198963878308,False,0.4113878267992601,False,-1.4927198963878308,False,0.006098006664813888,False,0.18307743072509763,False,-1.4927198963878308,False
2027,B,1133,1780426380.0,False,-1,,7,False,0.0,25.0,0.0,-1.3000148589544942,False,0.38665359280410755,False,-1.3000148589544942,False,0.008335797912300833,False,0.16223440170288084,False,-1.3000148589544942,False
2027,B,1134,1780426440.0,False,-1,,7,False,0.0,23.0,0.0,-1.974694144669492,False,0.3750527051772945,False,-1.974694144669492,False,0.011823046139068316,False,0.1603771209716797,False,-1.974694144669492,False
2027,B,1135,1780426500.0,False,-1,,7,False,0.0,29.0,0.0,-0.659076617706341,False,0.44296236515467907,False,-0.659076617706341,False,0.004600255196217414,False,0.20790100097656247,False,-0.659076617706341,False
2027,B,1136,1780426560.0,False,-1,,7,False,0.0,26.0,0.0,-1.3062440974075535,False,0.3965977055500221,False,-1.3062440974075535,False,0.007099809747377114,False,0.1833188533782959,False,-1.3062440974075535,False
2027,B,1137,1780426620.0,False,-1,,7,False,0.0,28.0,0.0,-1.0768681112835452,False,0.38204043859586895,False,-1.0768681112835452,False,0.005277869151926005,False,0.14890103340148925,False,-1.0768681112835452,False
2027,B,1138,1780426680.0,False,-1,,7,False,0.0,36.0,0.0,-1.3150226810045602,False,0.4153233717449027,False,-1.3150226810045602,False,0.0020548178291087465,False,0.15706598758697507,False,-1.3150226810045602,False
2027,B,1139,1780426740.0,False,-1,,7,False,0.0,24.0,0.0,-1.6352052660728376,False,0.3775476267032484,False,-1.6352052660728376,False,0.009877380947878855,False,0.14307084083557128,False,-1.6352052660728376,False
2027,B,1140,1780426800.0,False,-1,,7,False,0.0,35.0,0.0,-1.2906270716742654,False,0.4095739332061869,False,-1.2906270716742654,False,0.0022735686514638908,False,0.15333647727966307,False,-1.2906270716742654,False
2027,B,1141,1780426860.0,False,-1,,7,False,0.0,22.0,0.0,-0.9201091088006015,False,0.39315614273988214,False,-0.9201091088006015,False,0.014310715402948726,False,0.1311326503753662,False,-0.9201091088006015,False
2027,B,1142,1780426920.0,True,95,dependency_timeout,7,False,0.0,29.0,0.0,5.428451742572434,True,0.45443891184247226,False,5.428451742572434,True,0.004760426236526487,False,999999999.9999999,True,5.428451742572434,True
2027,B,1143,1780426980.0,True,95,dependency_timeout,7,False,1.0,19.0,0.0,5.518385678268923,True,0.6270707441043958,False,5.518385678268923,True,1.0,True,5000000000.0,True,5.518385678268923,True
2027,B,1144,1780427040.0,True,95,dependency_timeout,7,False,0.0,29.0,0.0,5.518385678268923,True,0.49450395324018553,False,5.518385678268923,True,1.0,True,12000000000.0,True,5.518385678268923,True
2027,B,1145,1780427100.0,True,95,dependency_timeout,7,False,2.0,30.0,0.0,5.518385678268923,True,0.6553369902241484,False,5.518385678268923,True,1.0,True,13000000000.0,True,5.518385678268923,True
2027,B,1146,1780427160.0,False,-1,,8,False,0.0,29.0,0.0,-1.3750529849182733,False,0.3861804382928736,False,-1.3750529849182733,False,0.004600255196217414,False,0.17331504821777344,False,-1.3750529849182733,False
2027,B,1147,1780427220.0,False,-1,,8,False,0.0,30.0,0.0,-1.4978942625278906,False,0.40185261456724114,False,-1.4978942625278906,False,0.004035630564043479,False,0.17708449363708495,False,-1.4978942625278906,False
2027,B,1148,1780427280.0,False,-1,,8,False,0.0,27.0,0.0,-1.5905298489483686,False,0.37741971047937906,False,-1.5905298489483686,False,0.006098006664813888,False,0.15860328674316404,False,-1.5905298489483686,False
2027,B,1149,1780427340.0,False,-1,,8,False,0.0,26.0,0.0,-1.439953242168885,False,0.3753327987619692,False,-1.439953242168885,False,0.007099809747377114,False,0.1495605707168579,False,-1.439953242168885,False
2027,B,1150,1780427400.0,False,-1,,8,False,0.0,23.0,0.0,-0.9933845392095648,False,0.3949164045632053,False,-0.9933845392095648,False,0.011823046139068316,False,0.14346437454223634,False,-0.9933845392095648,False
2027,B,1151,1780427460.0,False,-1,,8,False,0.0,27.0,0.0,-1.4357975838161794,False,0.3864499933228885,False,-1.4357975838161794,False,0.006098006664813888,False,0.18583807945251457,False,-1.4357975838161794,False
2027,B,1152,1780427520.0,False,-1,,8,False,0.0,31.0,0.0,-0.6467084536547549,False,0.40897751790576853,False,-0.6467084536547549,False,0.0035614529717428794,False,0.1578207015991211,False,-0.6467084536547549,False
2027,B,1153,1780427580.0,False,-1,,8,False,0.0,26.0,0.0,-1.5065994762672785,False,0.39336448030879256,False,-1.5065994762672785,False,0.007099809747377114,False,0.1720726490020752,False,-1.5065994762672785,False
2027,B,1154,1780427640.0,False,-1,,8,False,1.0,28.0,0.0,-0.5118213379672305,False,0.5710017474514939,False,-0.5118213379672305,False,1.189992494559172e-06,False,0.16804773807525636,False,-0.5118213379672305,False
2027,B,1155,1780427700.0,False,-1,,8,False,0.0,24.0,0.0,-1.1108300553934498,False,0.411137811920518,False,-1.1108300553934498,False,0.009877380947878855,False,0.19910163879394532,False,-1.1108300553934498,False
2027,B,1156,1780427760.0,True,96,permission_denied,8,False,0.0,32.0,0.0,2.986486911870732,True,0.39874957669149164,False,2.986486911870732,True,1.0,True,7999999999.999999,True,2.986486911870732,True
2027,B,1157,1780427820.0,True,96,permission_denied,8,False,0.0,22.0,0.0,3.9506232142596005,True,0.4363624209271313,False,3.9506232142596005,True,1.0,True,12000000000.0,True,3.9506232142596005,True
2027,B,1158,1780427880.0,True,96,permission_denied,8,False,0.0,26.0,0.0,3.912822344355255,True,0.391307903375265,False,3.912822344355255,True,1.0,True,14000000000.0,True,3.912822344355255,True
2027,B,1159,1780427940.0,True,96,permission_denied,8,False,0.0,19.0,0.0,2.5529564368338473,True,0.39170142451683626,False,2.5529564368338473,True,1.0,True,6000000000.0,True,2.5529564368338473,True
2027,B,1160,1780428000.0,False,-1,,8,False,0.0,29.0,0.0,-0.8954838096700719,False,0.3953377815467447,False,-0.8954838096700719,False,0.004600255196217414,False,0.14174804687499998,False,-0.8954838096700719,False
2027,B,1161,1780428060.0,False,-1,,8,False,0.0,29.0,0.0,-1.5330408454773519,False,0.38475703940909667,False,-1.5330408454773519,False,0.004600255196217414,False,0.17801742553710934,False,-1.5330408454773519,False
2027,B,1162,1780428120.0,False,-1,,8,False,0.0,26.0,0.0,-1.449924646574134,False,0.3742894666032983,False,-1.449924646574134,False,0.007099809747377114,False,0.16466200351715088,False,-1.449924646574134,False
2027,B,1163,1780428180.0,False,-1,,8,False,0.0,31.0,0.0,-1.4206967517453482,False,0.41730284388908,False,-1.4206967517453482,False,0.0035614529717428794,False,0.19110131263732907,False,-1.4206967517453482,False
2027,B,1164,1780428240.0,False,-1,,8,False,0.0,29.0,0.0,-1.584847862802727,False,0.39834222951337084,False,-1.584847862802727,False,0.004600255196217414,False,0.19176120758056636,False,-1.584847862802727,False
2027,B,1165,1780428300.0,False,-1,,8,False,0.0,28.0,0.0,-1.3253205692283059,False,0.3771412135127247,False,-1.3253205692283059,False,0.005277869151926005,False,0.1561824083328247,False,-1.3253205692283059,False
2027,B,1166,1780428360.0,False,-1,,8,False,0.0,21.0,0.0,-1.7049052662619708,False,0.3812559505023777,False,-1.7049052662619708,False,0.01753670998300967,False,0.14576053619384766,False,-1.7049052662619708,False
2027,B,1167,1780428420.0,False,-1,,8,False,0.0,26.0,0.0,-0.039467434017230296,False,0.4208660624954012,False,-0.039467434017230296,False,0.007099809747377114,False,0.15893220901489258,False,-0.039467434017230296,False
2027,B,1168,1780428480.0,False,-1,,8,False,0.0,31.0,0.0,-0.861118469754298,False,0.40942837560204826,False,-0.861118469754298,False,0.0035614529717428794,False,0.16975951194763184,False,-0.861118469754298,False
2027,B,1169,1780428540.0,False,-1,,8,False,0.0,21.0,0.0,-0.980142232608487,False,0.39094736531113555,False,-0.980142232608487,False,0.01753670998300967,False,0.15034294128417972,False,-0.980142232608487,False
2027,B,1170,1780428600.0,True,97,resource_exhaustion,8,False,2.0,23.0,0.0,5.518385678268923,True,0.67448128079048,False,5.518385678268923,True,1.0,True,3000000000.0,True,5.518385678268923,True
2027,B,1171,1780428660.0,True,97,resource_exhaustion,8,False,2.0,27.0,0.0,5.518385678268923,True,0.6734882760167149,False,5.518385678268923,True,1.0,True,999999999.9999999,True,5.518385678268923,True
2027,B,1172,1780428720.0,True,97,resource_exhaustion,8,False,2.0,30.0,0.0,5.518385678268923,True,0.6774258839760451,False,5.518385678268923,True,1.0,True,3000000000.0,True,5.518385678268923,True
2027,B,1173,1780428780.0,True,97,resource_exhaustion,8,False,9.0,29.0,0.0,5.518385678268923,True,0.6812222406448346,False,5.518385678268923,True,1.0,True,7999999999.999999,True,5.518385678268923,True
2027,B,1174,1780428840.0,True,97,resource_exhaustion,8,False,0.0,17.0,0.0,5.518385678268922,True,0.5172069862362846,False,5.518385678268922,True,0.04603583753820504,False,0.20588197708129882,False,5.518385678268922,True
2027,B,1175,1780428900.0,False,-1,,8,False,0.0,19.0,0.0,-1.8058699765361128,False,0.38358843793271113,False,-1.8058699765361128,False,0.02747592131132894,False,0.15126442909240723,False,-1.8058699765361128,False
2027,B,1176,1780428960.0,False,-1,,8,False,0.0,29.0,0.0,-1.0256902400815573,False,0.3893765441699635,False,-1.0256902400815573,False,0.004600255196217414,False,0.1423800468444824,False,-1.0256902400815573,False
2027,B,1177,1780429020.0,False,-1,,8,False,0.0,24.0,0.0,-1.6719568701495469,False,0.3763391444549573,False,-1.6719568701495469,False,0.009877380947878855,False,0.15246646404266356,False,-1.6719568701495469,False
2027,B,1178,1780429080.0,False,-1,,8,False,0.0,29.0,0.0,-1.3339538053741826,False,0.38512775002668803,False,-1.3339538053741826,False,0.004600255196217414,False,0.15221405029296875,False,-1.3339538053741826,False
2027,B,1179,1780429140.0,False,-1,,8,False,0.0,28.0,0.0,-1.062052609167794,False,0.3855639393749204,False,-1.062052609167794,False,0.005277869151926005,False,0.13944840431213382,False,-1.062052609167794,False
2027,B,1180,1780429200.0,False,-1,,8,False,0.0,23.0,0.0,-1.2137808707520072,False,0.38533386506257455,False,-1.2137808707520072,False,0.011823046139068316,False,0.1440236568450928,False,-1.2137808707520072,False
2027,B,1181,1780429260.0,False,-1,,8,False,0.0,38.0,0.0,-1.3119173919072393,False,0.45130652684250266,False,-1.3119173919072393,False,0.0016974148233034653,False,0.1690502166748048,False,-1.3119173919072393,False
2027,B,1182,1780429320.0,False,-1,,8,False,0.0,27.0,0.0,-1.429822829591008,False,0.3784913709489394,False,-1.429822829591008,False,0.006098006664813888,False,0.1486124038696289,False,-1.429822829591008,False
2027,B,1183,1780429380.0,True,98,dependency_timeout,8,False,2.0,22.0,0.0,5.518385678268923,True,0.6392136331138856,False,5.518385678268923,True,1.0,True,7000000000.0,True,5.518385678268923,True
2027,B,1184,1780429440.0,True,98,dependency_timeout,8,True,21.0,201.0,2.0,5.518385678268923,True,0.7707400722874659,True,5.518385678268923,True,1.0,True,91000000000.0,True,5.518385678268923,True
2027,B,1185,1780429500.0,True,98,dependency_timeout,8,True,31.0,240.0,0.0,5.518385678268923,True,0.779377125003976,True,5.518385678268923,True,1.0,True,105000000000.0,True,5.518385678268923,True
2027,B,1186,1780429560.0,True,98,dependency_timeout,8,True,9.0,77.0,0.0,5.518385678268923,True,0.7303530915407895,True,5.518385678268923,True,1.0,True,28000000000.0,True,5.518385678268923,True
2027,B,1187,1780429620.0,False,-1,,8,False,0.0,37.0,0.0,-1.3700200731960903,False,0.4257885478259224,False,-1.3700200731960903,False,0.0018642420051004464,False,0.16188583374023438,False,-1.3700200731960903,False
2027,B,1188,1780429680.0,False,-1,,8,False,0.0,19.0,0.0,-1.8034708204075525,False,0.4112183452699526,False,-1.8034708204075525,False,0.02747592131132894,False,0.1827945709228516,False,-1.8034708204075525,False
2027,B,1189,1780429740.0,False,-1,,8,False,0.0,27.0,0.0,-1.4708501169204578,False,0.4122750790424007,False,-1.4708501169204578,False,0.006098006664813888,False,0.18482041358947754,False,-1.4708501169204578,False
2027,B,1190,1780429800.0,False,-1,,8,False,0.0,21.0,0.0,-1.3312898867015743,False,0.39286453971431706,False,-1.3312898867015743,False,0.01840018368460631,False,0.16267385482788085,False,-1.3312898867015743,False
2027,B,1191,1780429860.0,False,-1,,8,False,0.0,27.0,0.0,-1.8388304817479595,False,0.3723125280834975,False,-1.8388304817479595,False,0.005866335475471294,False,0.16328513622283936,False,-1.8388304817479595,False
2027,B,1192,1780429920.0,False,-1,,8,False,0.0,20.0,0.0,-1.9789081683951624,False,0.37522028917648576,False,-1.9789081683951624,False,0.02178535080051661,False,0.14941294193267823,False,-1.9789081683951624,False
2027,B,1193,1780429980.0,False,-1,,8,False,0.0,24.0,0.0,-1.7100819303361972,False,0.3897751029263766,False,-1.7100819303361972,False,0.009877380947878855,False,0.15802333354949952,False,-1.7100819303361972,False
2027,B,1194,1780430040.0,False,-1,,8,False,0.0,26.0,0.0,-1.5444758674899743,False,0.39859201871197114,False,-1.5444758674899743,False,0.007099809747377114,False,0.19824087619781494,False,-1.5444758674899743,False
2027,B,1195,1780430100.0,True,99,config_error,8,False,0.0,27.0,0.0,4.485116786025989,True,0.39831803751296274,False,4.485116786025989,True,3.4899606860389905e-14,False,18000000000.0,True,4.485116786025989,True
2027,B,1196,1780430160.0,True,99,config_error,8,False,0.0,33.0,0.0,5.127431673434459,True,0.4320423704819516,False,5.127431673434459,True,4.874033237159169e-20,False,29000000000.0,True,5.127431673434459,True
2027,B,1197,1780430220.0,True,99,config_error,8,False,0.0,26.0,0.0,4.790163125042369,True,0.431291852691377,False,4.790163125042369,True,1.5177564865104745e-16,False,21000000000.0,True,4.790163125042369,True
2027,B,1198,1780430280.0,True,99,config_error,8,False,0.0,27.0,0.0,5.262444112130426,True,0.4225634004728155,False,5.262444112130426,True,1.8860342228102791e-19,False,26000000000.0,True,5.262444112130426,True
2027,B,1199,1780430340.0,False,-1,,8,False,0.0,24.0,0.0,-1.4822707762218812,False,0.3819841990810226,False,-1.4822707762218812,False,0.009877380947878855,False,0.13811688423156737,False,-1.4822707762218812,False
2027,B,1200,1780430400.0,False,-1,,8,False,0.0,19.0,0.0,-1.4483500720772442,False,0.40990380874901,False,-1.4483500720772442,False,0.02747592131132894,False,0.1970420837402344,False,-1.4483500720772442,False
2027,B,1201,1780430460.0,False,-1,,8,False,0.0,29.0,0.0,-1.8145705495543742,False,0.387286266132332,False,-1.8145705495543742,False,0.004600255196217414,False,0.17295026779174802,False,-1.8145705495543742,False
2027,B,1202,1780430520.0,False,-1,,8,False,0.0,27.0,0.0,-1.7120268899143127,False,0.37159101592841937,False,-1.7120268899143127,False,0.006098006664813888,False,0.16333889961242676,False,-1.7120268899143127,False
2027,B,1203,1780430580.0,False,-1,,8,False,0.0,18.0,0.0,-1.8173180757466207,False,0.38218878080388485,False,-1.8173180757466207,False,0.03523827401382033,False,0.14411056041717527,False,-1.8173180757466207,False
2027,B,1204,1780430640.0,False,-1,,8,False,0.0,22.0,0.0,-1.9263169774654054,False,0.3873162116066225,False,-1.9263169774654054,False,0.014310715402948726,False,0.17737090587615967,False,-1.9263169774654054,False
2027,B,1205,1780430700.0,False,-1,,8,False,0.0,28.0,0.0,-1.332003519641189,False,0.39039116656741596,False,-1.332003519641189,False,0.005277869151926005,False,0.17574687004089357,False,-1.332003519641189,False
2027,B,1206,1780430760.0,False,-1,,8,False,0.0,22.0,0.0,-2.1066116617030506,False,0.38312515440260614,False,-2.1066116617030506,False,0.014310715402948726,False,0.16366050243377683,False,-2.1066116617030506,False
2027,B,1207,1780430820.0,False,-1,,8,False,0.0,20.0,0.0,-1.56048352884165,False,0.37861215038467133,False,-1.56048352884165,False,0.02178535080051661,False,0.14095697402954102,False,-1.56048352884165,False
2027,B,1208,1780430880.0,True,100,config_error,8,False,0.0,16.0,0.0,0.5837150064716585,False,0.4486485256494556,False,0.5837150064716585,False,1.0,True,1999999999.9999998,True,0.5837150064716585,True
2027,B,1209,1780430940.0,True,100,config_error,8,False,0.0,30.0,0.0,5.130340367756037,True,0.44043927929415166,False,5.130340367756037,True,1.80172573724504e-19,False,27000000000.0,True,5.130340367756037,True
2027,B,1210,1780431000.0,True,100,config_error,8,False,0.0,23.0,0.0,4.668150038269315,True,0.41322440420373574,False,4.668150038269315,True,1.5515379551996845e-15,False,19000000000.0,True,4.668150038269315,True
2027,B,1211,1780431060.0,True,100,config_error,8,False,0.0,28.0,0.0,4.9080815069480765,True,0.4426603860428784,False,4.9080815069480765,True,1.487966460582618e-17,False,23000000000.0,True,4.9080815069480765,True
2027,B,1212,1780431120.0,False,-1,,8,False,0.0,23.0,0.0,-1.2856248820758012,False,0.3873599644315601,False,-1.2856248820758012,False,0.011823046139068316,False,0.13411126136779786,False,-1.2856248820758012,False
2027,B,1213,1780431180.0,False,-1,,8,False,0.0,25.0,0.0,-1.332091830102831,False,0.38828518239444987,False,-1.332091830102831,False,0.008335797912300833,False,0.1604401588439941,False,-1.332091830102831,False
2027,B,1214,1780431240.0,False,-1,,8,False,0.0,32.0,0.0,-1.2654535802018207,False,0.4123020183567691,False,-1.2654535802018207,False,0.0031603316622729675,False,0.1513897180557251,False,-1.2654535802018207,False
2027,B,1215,1780431300.0,False,-1,,8,False,0.0,24.0,0.0,-0.8523491223398292,False,0.42243240447803604,False,-0.8523491223398292,False,0.009877380947878855,False,0.13390047550201417,False,-0.8523491223398292,False
2027,B,1216,1780431360.0,False,-1,,8,False,1.0,26.0,0.0,-0.517776478053463,False,0.5642928738384184,False,-0.517776478053463,False,1.3206822616874704e-06,False,0.19023656845092773,False,-0.517776478053463,False
2027,B,1217,1780431420.0,False,-1,,8,False,0.0,26.0,0.0,-1.5267295940918197,False,0.37671835098420564,False,-1.5267295940918197,False,0.007099809747377114,False,0.14205694198608398,False,-1.5267295940918197,False
2027,B,1218,1780431480.0,False,-1,,8,False,0.0,13.0,0.0,-2.10631204853149,False,0.4036555329041886,False,-2.10631204853149,False,0.16541466366673443,False,0.1622137069702148,False,-2.10631204853149,False
2027,B,1219,1780431540.0,False,-1,,8,False,0.0,29.0,0.0,-0.5718217138251038,False,0.4374691118245554,False,-0.5718217138251038,False,0.004600255196217414,False,0.13321962356567382,False,-0.5718217138251038,False
2027,B,1220,1780431600.0,False,-1,,8,False,0.0,15.0,0.0,-2.200436863339708,False,0.40084561820355924,False,-2.200436863339708,False,0.08358208903295893,False,0.17012829780578614,False,-2.200436863339708,False
2027,B,1221,1780431660.0,False,-1,,8,False,0.0,22.0,0.0,-1.1762400116514469,False,0.38069350886893405,False,-1.1762400116514469,False,0.014310715402948726,False,0.13679447174072265,False,-1.1762400116514469,False
2027,B,1222,1780431720.0,True,101,permission_denied,8,False,0.0,30.0,0.0,1.2401286770143498,True,0.38936804592035235,False,1.2401286770143498,True,1.0,True,3999999999.9999995,True,1.2401286770143498,True
2027,B,1223,1780431780.0,True,101,permission_denied,8,False,0.0,15.0,0.0,0.20315753597668973,False,0.4408520617459769,False,0.20315753597668973,False,1.0,True,1999999999.9999998,True,0.20315753597668973,True
2027,B,1224,1780431840.0,True,101,permission_denied,8,False,0.0,16.0,0.0,2.907871696597676,True,0.4210098215946575,False,2.907871696597676,True,1.0,True,7000000000.0,True,2.907871696597676,True
2027,B,1225,1780431900.0,False,-1,,8,False,0.0,24.0,0.0,-1.7164073975041116,False,0.37928699313418307,False,-1.7164073975041116,False,0.009877380947878855,False,0.14497163295745852,False,-1.7164073975041116,False
2027,B,1226,1780431960.0,False,-1,,8,False,0.0,19.0,0.0,-0.9184123699557007,False,0.40375001869487037,False,-0.9184123699557007,False,0.02747592131132894,False,0.17227959632873535,False,-0.9184123699557007,False
2027,B,1227,1780432020.0,False,-1,,8,False,0.0,21.0,0.0,-1.9448792987442527,False,0.37415114996225957,False,-1.9448792987442527,False,0.01753670998300967,False,0.15234899520874023,False,-1.9448792987442527,False
2027,B,1228,1780432080.0,False,-1,,8,False,0.0,28.0,0.0,-1.6542321936344342,False,0.3802366810686596,False,-1.6542321936344342,False,0.005277869151926005,False,0.1676183223724365,False,-1.6542321936344342,False
2027,B,1229,1780432140.0,False,-1,,8,False,0.0,21.0,0.0,-0.3811424848203231,False,0.40011310106136017,False,-0.3811424848203231,False,0.01753670998300967,False,0.14700937271118164,False,-0.3811424848203231,False
2027,B,1230,1780432200.0,False,-1,,8,False,0.0,21.0,0.0,-1.2112501361997543,False,0.3859178777599669,False,-1.2112501361997543,False,0.01753670998300967,False,0.13261842727661133,False,-1.2112501361997543,False
2027,B,1231,1780432260.0,True,102,resource_exhaustion,8,False,4.0,25.0,0.0,5.518385678268923,True,0.6774569925999012,False,5.518385678268923,True,1.0,True,5000000000.0,True,5.518385678268923,True
2027,B,1232,1780432320.0,True,102,resource_exhaustion,8,False,4.0,22.0,0.0,5.518385678268923,True,0.6756742970199894,False,5.518385678268923,True,1.0,True,3999999999.9999995,True,5.518385678268923,True
2027,B,1233,1780432380.0,True,102,resource_exhaustion,8,False,0.0,12.0,0.0,5.518385678268923,True,0.5666437137970454,False,5.518385678268923,True,0.2386920822861176,False,0.24853107929229737,False,5.518385678268923,True
2027,B,1234,1780432440.0,False,-1,,8,False,0.0,18.0,0.0,-1.9646626763249175,False,0.3987737207036093,False,-1.9646626763249175,False,0.03523827401382033,False,0.18909707069396967,False,-1.9646626763249175,False
2027,B,1235,1780432500.0,False,-1,,8,False,0.0,25.0,0.0,-0.9584584132818499,False,0.419840546408938,False,-0.9584584132818499,False,0.008335797912300833,False,0.20942125320434557,False,-0.9584584132818499,False
2027,B,1236,1780432560.0,False,-1,,8,False,0.0,17.0,0.0,-2.054917985570535,False,0.37990781846798916,False,-2.054917985570535,False,0.04603583753820504,False,0.16500988006591796,False,-2.054917985570535,False
2027,B,1237,1780432620.0,False,-1,,8,False,0.0,16.0,0.0,-1.7095989160039835,False,0.39370917488732193,False,-1.7095989160039835,False,0.06136610726127483,False,0.15656566619873047,False,-1.7095989160039835,False
2027,B,1238,1780432680.0,False,-1,,8,False,0.0,17.0,0.0,-1.0887157573579156,False,0.41440271292419495,False,-1.0887157573579156,False,0.04603583753820504,False,0.18328256607055668,False,-1.0887157573579156,False
2027,B,1239,1780432740.0,False,-1,,8,False,0.0,18.0,0.0,-1.1077439093751416,False,0.38989374341277483,False,-1.1077439093751416,False,0.03523827401382033,False,0.14167923927307124,False,-1.1077439093751416,False
2027,B,1240,1780432800.0,False,-1,,8,False,1.0,24.0,0.0,-0.44264762136354996,False,0.5753693843633393,False,-0.44264762136354996,False,1.480701727235601e-06,False,0.1452817678451538,False,-0.44264762136354996,False
2027,B,1241,1780432860.0,False,-1,,8,False,0.0,26.0,0.0,-0.18042152725346927,False,0.44789894557528853,False,-0.18042152725346927,False,0.007099809747377114,False,0.15649139881134033,False,-0.18042152725346927,False
2027,B,1242,1780432920.0,False,-1,,8,False,0.0,23.0,0.0,-0.9158282085752578,False,0.3980845504980652,False,-0.9158282085752578,False,0.011823046139068316,False,0.16137886047363284,False,-0.9158282085752578,False
2027,B,1243,1780432980.0,False,-1,,8,False,0.0,23.0,0.0,-1.6913753677817676,False,0.3757746735960725,False,-1.6913753677817676,False,0.011823046139068316,False,0.15626940727233887,False,-1.6913753677817676,False
2027,B,1244,1780433040.0,True,103,permission_denied,8,False,0.0,14.0,0.0,-1.8653384154398385,False,0.4072580141546606,False,-1.8653384154398385,False,0.11637879250025024,False,0.18624877929687497,False,-1.8653384154398385,False
2027,B,1245,1780433100.0,True,103,permission_denied,8,False,0.0,27.0,0.0,4.203422150180355,True,0.422167467075457,False,4.203422150180355,True,1.0,True,15000000000.0,True,4.203422150180355,True
2027,B,1246,1780433160.0,True,103,permission_denied,8,False,0.0,22.0,0.0,3.2774783663180314,True,0.3983212171675256,False,3.2774783663180314,True,1.0,True,9000000000.0,True,3.2774783663180314,True
2027,B,1247,1780433220.0,True,103,permission_denied,8,False,0.0,22.0,0.0,3.028516234060017,True,0.38713368655825586,False,3.028516234060017,True,1.0,True,9000000000.0,True,3.028516234060017,True
2027,B,1248,1780433280.0,True,103,permission_denied,8,False,0.0,30.0,0.0,1.7762653659545986,True,0.39453100616814657,False,1.7762653659545986,True,1.0,True,5000000000.0,True,1.7762653659545986,True
2027,B,1249,1780433340.0,False,-1,,8,False,0.0,24.0,0.0,-1.215562646957184,False,0.3875655187568475,False,-1.215562646957184,False,0.009877380947878855,False,0.1348478078842163,False,-1.215562646957184,False
2027,B,1250,1780433400.0,False,-1,,8,False,0.0,30.0,0.0,-0.7929667095610329,False,0.4370531372138175,False,-0.7929667095610329,False,0.004035630564043479,False,0.14966108798980715,False,-0.7929667095610329,False
2027,B,1251,1780433460.0,False,-1,,8,False,0.0,24.0,0.0,-1.7698271392267042,False,0.3820784891615724,False,-1.7698271392267042,False,0.009877380947878855,False,0.1735745668411255,False,-1.7698271392267042,False
2027,B,1252,1780433520.0,False,-1,,8,False,0.0,15.0,0.0,-0.9484693518912302,False,0.4008562943627956,False,-0.9484693518912302,False,0.08358208903295893,False,0.13750929832458497,False,-0.9484693518912302,False
2027,B,1253,1780433580.0,False,-1,,8,True,1.0,57.0,0.0,0.7090513541998584,False,0.6702133418440267,False,0.7090513541998584,False,4.7403928109932966e-07,False,0.17686500549316395,False,0.7090513541998584,False
2027,B,1254,1780433640.0,True,104,config_error,8,True,0.0,207.0,0.0,5.417310001918838,True,0.6907827928411109,False,5.417310001918838,True,6.369476660420235e-26,False,83000000000.0,True,5.417310001918838,True
2027,B,1255,1780433700.0,True,104,config_error,8,True,0.0,187.0,0.0,5.513557278462593,True,0.6532075867725661,False,5.513557278462593,True,3.65851833394157e-32,False,179000000000.0,True,5.513557278462593,True
2027,B,1256,1780433760.0,True,104,config_error,8,False,0.0,29.0,0.0,5.010426565504032,True,0.4136797454189022,False,5.010426565504032,True,1.4557904782407299e-18,False,25000000000.0,True,5.010426565504032,True
2027,B,1257,1780433820.0,True,104,config_error,8,False,0.0,19.0,0.0,5.139612143115281,True,0.4955093341119519,False,5.139612143115281,True,1.5543643185727123e-15,False,18000000000.0,True,5.139612143115281,True
2027,B,1258,1780433880.0,True,104,config_error,8,False,0.0,21.0,0.0,1.2801700314163398,True,0.3974607550765122,False,1.2801700314163398,True,1.0,True,3999999999.9999995,True,1.2801700314163398,True
2027,B,1259,1780433940.0,False,-1,,8,False,0.0,21.0,0.0,-1.0758983503553088,False,0.3850140396602822,False,-1.0758983503553088,False,0.01753670998300967,False,0.1585555076599121,False,-1.0758983503553088,False
2027,B,1260,1780434000.0,False,-1,,8,False,0.0,21.0,0.0,-1.5858894906008372,False,0.37124899511256865,False,-1.5858894906008372,False,0.01753670998300967,False,0.15329599380493167,False,-1.5858894906008372,False
2027,B,1261,1780434060.0,False,-1,,8,False,0.0,22.0,0.0,-1.5676025284993562,False,0.37784985918947617,False,-1.5676025284993562,False,0.014310715402948726,False,0.15596117973327633,False,-1.5676025284993562,False
2027,B,1262,1780434120.0,False,-1,,8,False,0.0,20.0,0.0,-1.550752332790509,False,0.3809689779410759,False,-1.550752332790509,False,0.02178535080051661,False,0.15288870334625243,False,-1.550752332790509,False
2027,B,1263,1780434180.0,False,-1,,8,False,0.0,24.0,0.0,-1.5316079687041144,False,0.3744931277700708,False,-1.5316079687041144,False,0.009877380947878855,False,0.14935500621795655,False,-1.5316079687041144,False
2027,B,1264,1780434240.0,False,-1,,8,False,0.0,19.0,0.0,-2.0066841964031656,False,0.3822171519765517,False,-2.0066841964031656,False,0.02747592131132894,False,0.15997014045715333,False,-2.0066841964031656,False
2027,B,1265,1780434300.0,False,-1,,8,False,0.0,16.0,0.0,-2.1718628738089647,False,0.38082222664185755,False,-2.1718628738089647,False,0.06136610726127483,False,0.15635013580322266,False,-2.1718628738089647,False
2027,B,1266,1780434360.0,False,-1,,8,False,0.0,18.0,0.0,-0.5822777517948863,False,0.4130661313534098,False,-0.5822777517948863,False,0.03523827401382033,False,0.12027115821838377,False,-0.5822777517948863,False
2027,B,1267,1780434420.0,True,105,dependency_timeout,8,False,0.0,18.0,0.0,5.518385678268923,True,0.4565372852943119,False,5.518385678268923,True,1.0,True,999999999.9999999,True,5.518385678268923,True
2027,B,1268,1780434480.0,True,105,dependency_timeout,8,False,4.0,22.0,0.0,5.518385678268923,True,0.6651547361252242,False,5.518385678268923,True,1.0,True,9000000000.0,True,5.518385678268923,True
2027,B,1269,1780434540.0,True,105,dependency_timeout,8,False,4.0,18.0,0.0,5.518385678268923,True,0.6572002333529807,False,5.518385678268923,True,1.0,True,6000000000.0,True,5.518385678268923,True
2027,B,1270,1780434600.0,True,105,dependency_timeout,8,False,2.0,30.0,0.0,5.518385678268923,True,0.6522037420847909,False,5.518385678268923,True,1.0,True,6000000000.0,True,5.518385678268923,True
2027,B,1271,1780434660.0,False,-1,,8,False,0.0,20.0,0.0,-1.4183772185738146,False,0.4016103154383022,False,-1.4183772185738146,False,0.02178535080051661,False,0.13337182998657227,False,-1.4183772185738146,False
2027,B,1272,1780434720.0,False,-1,,8,False,0.0,17.0,0.0,-1.836044851001919,False,0.3935261947231389,False,-1.836044851001919,False,0.04603583753820504,False,0.15822429656982423,False,-1.836044851001919,False
2027,B,1273,1780434780.0,False,-1,,8,False,0.0,23.0,0.0,-1.9280948006323255,False,0.37495380192115013,False,-1.9280948006323255,False,0.011823046139068316,False,0.1564833164215088,False,-1.9280948006323255,False
2027,B,1274,1780434840.0,False,-1,,8,False,0.0,16.0,0.0,-1.18456918774889,False,0.4185777945377057,False,-1.18456918774889,False,0.06136610726127483,False,0.1948401927947998,False,-1.18456918774889,False
2027,B,1275,1780434900.0,False,-1,,8,False,0.0,20.0,0.0,-1.2096699848767631,False,0.3818068633701246,False,-1.2096699848767631,False,0.02178535080051661,False,0.14375708103179932,False,-1.2096699848767631,False
2027,B,1276,1780434960.0,False,-1,,8,False,0.0,23.0,0.0,-0.33050723337307897,False,0.43913545790036157,False,-0.33050723337307897,False,0.011823046139068316,False,0.19096984863281252,False,-0.33050723337307897,False
2027,B,1277,1780435020.0,True,106,resource_exhaustion,8,False,0.0,19.0,0.0,5.518385678268923,True,0.520574346394864,False,5.518385678268923,True,1.0,True,999999999.9999999,True,5.518385678268923,True
2027,B,1278,1780435080.0,True,106,resource_exhaustion,8,False,3.0,19.0,0.0,5.518385678268923,True,0.6847664052698033,False,5.518385678268923,True,1.0,True,3999999999.9999995,True,5.518385678268923,True
2027,B,1279,1780435140.0,True,106,resource_exhaustion,8,False,2.0,10.0,0.0,5.518385678268923,True,0.6936763223715554,False,5.518385678268923,True,1.0,True,1999999999.9999998,True,5.518385678268923,True
2027,B,1280,1780435200.0,True,106,resource_exhaustion,8,False,1.0,23.0,0.0,5.518385678268923,True,0.6513007215478358,False,5.518385678268923,True,1.0,True,999999999.9999999,True,5.518385678268923,True
2027,B,1281,1780435260.0,False,-1,,8,False,0.0,15.0,0.0,-1.6857847789218914,False,0.4190257965753874,False,-1.6857847789218914,False,0.08358208903295893,False,0.19490704536437986,False,-1.6857847789218914,False
2027,B,1282,1780435320.0,False,-1,,8,False,0.0,17.0,0.0,-2.1400585570051778,False,0.39143645888397016,False,-2.1400585570051778,False,0.04603583753820504,False,0.15252904891967772,False,-2.1400585570051778,False
2027,B,1283,1780435380.0,False,-1,,8,False,0.0,25.0,0.0,-1.2594640349079045,False,0.38486399278295536,False,-1.2594640349079045,False,0.008335797912300833,False,0.16793537139892575,False,-1.2594640349079045,False
2027,B,1284,1780435440.0,False,-1,,8,False,0.0,22.0,0.0,-1.8637686642674671,False,0.38532974779786977,False,-1.8637686642674671,False,0.014310715402948726,False,0.16936311721801758,False,-1.8637686642674671,False
2027,B,1285,1780435500.0,False,-1,,8,False,0.0,17.0,0.0,-1.873844035258891,False,0.3893238444122258,False,-1.873844035258891,False,0.04603583753820504,False,0.17593278884887695,False,-1.873844035258891,False
2027,B,1286,1780435560.0,False,-1,,8,False,0.0,20.0,0.0,-1.4853000127927531,False,0.38150740328191196,False,-1.4853000127927531,False,0.02178535080051661,False,0.13557615280151367,False,-1.4853000127927531,False
2027,B,1287,1780435620.0,False,-1,,8,False,0.0,21.0,0.0,-1.0488393419438191,False,0.3902565706913789,False,-1.0488393419438191,False,0.01753670998300967,False,0.15909528732299805,False,-1.0488393419438191,False
2027,B,1288,1780435680.0,True,107,dependency_timeout,8,False,3.0,21.0,0.0,5.518385678268923,True,0.6519111049554931,False,5.518385678268923,True,1.0,True,7999999999.999999,True,5.518385678268923,True
2027,B,1289,1780435740.0,True,107,dependency_timeout,8,False,3.0,26.0,0.0,5.518385678268923,True,0.6586839630192924,False,5.518385678268923,True,1.0,True,12000000000.0,True,5.518385678268923,True
2027,B,1290,1780435800.0,True,107,dependency_timeout,8,False,2.0,17.0,0.0,5.518385678268923,True,0.6602894743890997,False,5.518385678268923,True,1.0,True,7000000000.0,True,5.518385678268923,True
2027,B,1291,1780435860.0,True,107,dependency_timeout,8,False,2.0,20.0,0.0,5.518385678268923,True,0.6565611215074647,False,5.518385678268923,True,1.0,True,6000000000.0,True,5.518385678268923,True
2027,B,1292,1780435920.0,False,-1,,9,False,0.0,26.0,0.0,-1.6194189647610857,False,0.3717282998265632,False,-1.6194189647610857,False,0.007099809747377114,False,0.16460299491882324,False,-1.6194189647610857,False
2027,B,1293,1780435980.0,False,-1,,9,False,0.0,20.0,0.0,-1.367255710081479,False,0.37556717812307566,False,-1.367255710081479,False,0.02178535080051661,False,0.14287385940551756,False,-1.367255710081479,False
2027,B,1294,1780436040.0,False,-1,,9,False,0.0,19.0,0.0,-1.3132752012831235,False,0.40272215684858365,False,-1.3132752012831235,False,0.02747592131132894,False,0.13109612464904785,False,-1.3132752012831235,False
2027,B,1295,1780436100.0,False,-1,,9,False,0.0,15.0,0.0,-0.7305936550710275,False,0.43677102525966294,False,-0.7305936550710275,False,0.08358208903295893,False,0.12021183967590332,False,-0.7305936550710275,False
2027,B,1296,1780436160.0,False,-1,,9,False,0.0,20.0,0.0,-1.8181738511587309,False,0.3826164159228722,False,-1.8181738511587309,False,0.02178535080051661,False,0.1613781690597534,False,-1.8181738511587309,False
2027,B,1297,1780436220.0,False,-1,,9,False,0.0,20.0,0.0,-1.014675410511539,False,0.4216013786974957,False,-1.014675410511539,False,0.02178535080051661,False,0.20979344844818107,False,-1.014675410511539,False
2027,B,1298,1780436280.0,False,-1,,9,False,0.0,22.0,0.0,-1.2243026847328702,False,0.3864534104846755,False,-1.2243026847328702,False,0.014310715402948726,False,0.14161417484283445,False,-1.2243026847328702,False
2027,B,1299,1780436340.0,False,-1,,9,False,0.0,24.0,0.0,-1.4055867889652873,False,0.38202264445281087,False,-1.4055867889652873,False,0.009877380947878855,False,0.13663651943206787,False,-1.4055867889652873,False
2027,B,1300,1780436400.0,False,-1,,9,False,0.0,18.0,0.0,-2.023589305073532,False,0.39548373912628565,False,-2.023589305073532,False,0.03523827401382033,False,0.153113579750061,False,-2.023589305073532,False
2027,B,1301,1780436460.0,True,108,permission_denied,9,False,0.0,24.0,0.0,2.6324668241092004,True,0.4061400589820374,False,2.6324668241092004,True,1.0,True,6000000000.0,True,2.6324668241092004,True
2027,B,1302,1780436520.0,True,108,permission_denied,9,False,0.0,21.0,0.0,3.0655222642665287,True,0.3794495249053923,False,3.0655222642665287,True,1.0,True,9000000000.0,True,3.0655222642665287,True
2027,B,1303,1780436580.0,True,108,permission_denied,9,False,1.0,18.0,0.0,2.9509124688154915,True,0.5880275583457497,False,2.9509124688154915,True,1.0,True,6000000000.0,True,2.9509124688154915,True
2027,B,1304,1780436640.0,True,108,permission_denied,9,False,0.0,16.0,0.0,1.5407165641526013,True,0.38866755343436254,False,1.5407165641526013,True,1.0,True,5000000000.0,True,1.5407165641526013,True
2027,B,1305,1780436700.0,False,-1,,9,False,0.0,11.0,0.0,-1.6800655563276141,False,0.42542125840066247,False,-1.6800655563276141,False,0.34528727623408134,False,0.15691661834716797,False,-1.6800655563276141,False
2027,B,1306,1780436760.0,False,-1,,9,False,0.0,17.0,0.0,-1.5113685321684747,False,0.3883599749714615,False,-1.5113685321684747,False,0.04603583753820504,False,0.1404958724975586,False,-1.5113685321684747,False
2027,B,1307,1780436820.0,False,-1,,9,False,0.0,21.0,0.0,-1.506132172542129,False,0.375347629068792,False,-1.506132172542129,False,0.01753670998300967,False,0.1553292274475098,False,-1.506132172542129,False
2027,B,1308,1780436880.0,False,-1,,9,False,0.0,19.0,0.0,-1.7062628069806163,False,0.38962750925449746,False,-1.7062628069806163,False,0.02747592131132894,False,0.1366294860839844,False,-1.7062628069806163,False
2027,B,1309,1780436940.0,False,-1,,9,False,1.0,27.0,0.0,-0.5817479136178019,False,0.5704500879040818,False,-0.5817479136178019,False,1.2521734467837222e-06,False,0.15298314094543458,False,-0.5817479136178019,False
2027,B,1310,1780437000.0,False,-1,,9,False,0.0,18.0,0.0,-1.1239752327732146,False,0.40616989479345006,False,-1.1239752327732146,False,0.03523827401382033,False,0.17384634017944334,False,-1.1239752327732146,False
2027,B,1311,1780437060.0,False,-1,,9,False,0.0,19.0,0.0,-1.9355602652415813,False,0.38858198540178873,False,-1.9355602652415813,False,0.02747592131132894,False,0.15082192420959473,False,-1.9355602652415813,False
2027,B,1312,1780437120.0,False,-1,,9,False,0.0,14.0,0.0,-1.5399311128912219,False,0.4077247634883696,False,-1.5399311128912219,False,0.11637879250025024,False,0.1792062282562255,False,-1.5399311128912219,False
2027,B,1313,1780437180.0,False,-1,,9,False,0.0,24.0,0.0,-1.38116788671904,False,0.381293300997976,False,-1.38116788671904,False,0.009877380947878855,False,0.16244595050811766,False,-1.38116788671904,False
2027,B,1314,1780437240.0,False,-1,,9,False,0.0,16.0,0.0,-1.5980784338485865,False,0.39789946115968244,False,-1.5980784338485865,False,0.06136610726127483,False,0.14598643779754636,False,-1.5980784338485865,False
2027,B,1315,1780437300.0,True,109,config_error,9,False,0.0,22.0,0.0,3.136408786448255,True,0.38830445034300953,False,3.136408786448255,True,0.008642454997903963,False,9000000000.0,True,3.136408786448255,True
2027,B,1316,1780437360.0,True,109,config_error,9,False,0.0,27.0,0.0,5.2470534822763915,True,0.42041517883863183,False,5.2470534822763915,True,1.8860342228102791e-19,False,26000000000.0,True,5.2470534822763915,True
2027,B,1317,1780437420.0,True,109,config_error,9,False,0.0,21.0,0.0,5.124156706214384,True,0.44654831847661725,False,5.124156706214384,True,9.927939918824241e-17,False,20000000000.0,True,5.124156706214384,True
2027,B,1318,1780437480.0,True,109,config_error,9,False,0.0,13.0,0.0,2.383801980244171,True,0.4075359771776118,False,2.383801980244171,True,0.9999965255458687,True,6000000000.0,True,2.383801980244171,True
2027,B,1319,1780437540.0,False,-1,,9,False,0.0,21.0,0.0,-1.6550169146776659,False,0.39344361162907837,False,-1.6550169146776659,False,0.01753670998300967,False,0.1860666275024414,False,-1.6550169146776659,False
2027,B,1320,1780437600.0,False,-1,,9,False,0.0,19.0,0.0,-1.6066396111933248,False,0.3909219400536813,False,-1.6066396111933248,False,0.02747592131132894,False,0.1672034740447998,False,-1.6066396111933248,False
2027,B,1321,1780437660.0,False,-1,,9,False,0.0,17.0,0.0,-2.073880045636635,False,0.3851353459260038,False,-2.073880045636635,False,0.04603583753820504,False,0.17658586502075196,False,-2.073880045636635,False
2027,B,1322,1780437720.0,False,-1,,9,False,1.0,24.0,0.0,-0.7964664282680802,False,0.5752004119852212,False,-0.7964664282680802,False,1.480701727235601e-06,False,0.15908529758453369,False,-0.7964664282680802,False
2027,B,1323,1780437780.0,False,-1,,9,False,0.0,18.0,0.0,-1.7423352872091096,False,0.39169572498859245,False,-1.7423352872091096,False,0.03523827401382033,False,0.14180138111114501,False,-1.7423352872091096,False
2027,B,1324,1780437840.0,False,-1,,9,False,0.0,17.0,0.0,-0.9106946159142657,False,0.41806251677247197,False,-0.9106946159142657,False,0.04603583753820504,False,0.19147920608520508,False,-0.9106946159142657,False
2027,B,1325,1780437900.0,True,110,resource_exhaustion,9,False,0.0,17.0,0.0,5.518385678268797,True,0.47243591960300546,False,5.518385678268797,True,0.04603583753820504,False,0.15771589279174805,False,5.518385678268797,True
2027,B,1326,1780437960.0,True,110,resource_exhaustion,9,False,3.0,19.0,0.0,5.518385678268923,True,0.6838404247591868,False,5.518385678268923,True,1.0,True,3999999999.9999995,True,5.518385678268923,True
2027,B,1327,1780438020.0,True,110,resource_exhaustion,9,False,2.0,22.0,0.0,5.518385678268923,True,0.6737204413673564,False,5.518385678268923,True,1.0,True,1999999999.9999998,True,5.518385678268923,True
2027,B,1328,1780438080.0,True,110,resource_exhaustion,9,False,1.0,12.0,0.0,5.518385678268923,True,0.6533989275916942,False,5.518385678268923,True,1.0,True,999999999.9999999,True,5.518385678268923,True
2027,B,1329,1780438140.0,False,-1,,9,False,0.0,18.0,0.0,-1.0657409390300057,False,0.39078604327936106,False,-1.0657409390300057,False,0.03523827401382033,False,0.14959352016448973,False,-1.0657409390300057,False
2027,B,1330,1780438200.0,False,-1,,9,False,0.0,10.0,0.0,-0.03219790248025589,False,0.4699883456812653,False,-0.03219790248025589,False,0.4893257225979959,False,0.20673320293426514,False,-0.03219790248025589,False
2027,B,1331,1780438260.0,False,-1,,9,False,0.0,15.0,0.0,-1.0447081916891223,False,0.4412811949648256,False,-1.0447081916891223,False,0.08358208903295893,False,0.20671601295471187,False,-1.0447081916891223,False
2027,B,1332,1780438320.0,False,-1,,9,False,0.0,13.0,0.0,-2.034478827990875,False,0.390267864688378,False,-2.034478827990875,False,0.16541466366673443,False,0.15882005691528317,False,-2.034478827990875,False
2027,B,1333,1780438380.0,False,-1,,9,False,0.0,18.0,0.0,-1.0657251874705178,False,0.413041098051182,False,-1.0657251874705178,False,0.03523827401382033,False,0.1596715927124023,False,-1.0657251874705178,False
2027,B,1334,1780438440.0,False,-1,,9,False,1.0,24.0,0.0,-0.03637841762882488,False,0.588880879416837,False,-0.03637841762882488,False,1.480701727235601e-06,False,0.1368417263031006,False,-0.03637841762882488,False
2027,B,1335,1780438500.0,False,-1,,9,False,0.0,16.0,0.0,-1.79938351624887,False,0.39235296886232646,False,-1.79938351624887,False,0.06136610726127483,False,0.14283037185668945,False,-1.79938351624887,False
2027,B,1336,1780438560.0,False,-1,,9,False,0.0,11.0,0.0,-1.7644749112595246,False,0.41903302649462487,False,-1.7644749112595246,False,0.34528727623408134,False,0.1800816059112549,False,-1.7644749112595246,False
2027,B,1337,1780438620.0,True,111,resource_exhaustion,9,False,1.0,18.0,0.0,5.518385678268923,True,0.6441511290170646,False,5.518385678268923,True,1.0,True,1999999999.9999998,True,5.518385678268923,True
2027,B,1338,1780438680.0,True,111,resource_exhaustion,9,False,0.0,20.0,0.0,5.518385678268923,True,0.5502754209095335,False,5.518385678268923,True,0.02178535080051661,False,0.30696210861206047,False,5.518385678268923,True
2027,B,1339,1780438740.0,True,111,resource_exhaustion,9,False,2.0,15.0,0.0,5.518385678268923,True,0.6896382098830016,False,5.518385678268923,True,1.0,True,1999999999.9999998,True,5.518385678268923,True
2027,B,1340,1780438800.0,True,111,resource_exhaustion,9,False,4.0,21.0,0.0,5.518385678268923,True,0.6779298237805232,False,5.518385678268923,True,1.0,True,3999999999.9999995,True,5.518385678268923,True
2027,B,1341,1780438860.0,False,-1,,9,False,1.0,14.0,0.0,0.7398163152006489,False,0.5981207710036208,False,0.7398163152006489,False,3.360298970206345e-06,False,0.12251315116882325,False,0.7398163152006489,False
2027,B,1342,1780438920.0,False,-1,,9,False,0.0,17.0,0.0,-0.7599978157400304,False,0.4225807647508099,False,-0.7599978157400304,False,0.04603583753820504,False,0.14615926742553711,False,-0.7599978157400304,False
2027,B,1343,1780438980.0,False,-1,,9,False,0.0,22.0,0.0,-0.43805728275443734,False,0.44164289250915534,False,-0.43805728275443734,False,0.014310715402948726,False,0.17247073650360106,False,-0.43805728275443734,False
2027,B,1344,1780439040.0,False,-1,,9,False,0.0,18.0,0.0,-0.9659564019419724,False,0.40893208981305595,False,-0.9659564019419724,False,0.03523827401382033,False,0.1313943386077881,False,-0.9659564019419724,False
2027,B,1345,1780439100.0,False,-1,,9,False,0.0,25.0,0.0,-1.8140473856059094,False,0.37349913152110975,False,-1.8140473856059094,False,0.008335797912300833,False,0.15791902542114256,False,-1.8140473856059094,False
2027,B,1346,1780439160.0,False,-1,,9,False,0.0,15.0,0.0,-1.8649199765261093,False,0.39106716351207976,False,-1.8649199765261093,False,0.08358208903295893,False,0.15751643180847166,False,-1.8649199765261093,False
2027,B,1347,1780439220.0,False,-1,,9,False,0.0,13.0,0.0,-0.3752449609118633,False,0.42090953721114044,False,-0.3752449609118633,False,0.16541466366673443,False,0.11988344192504885,False,-0.3752449609118633,False
2027,B,1348,1780439280.0,True,112,config_error,9,False,0.0,17.0,0.0,-2.028434807558839,False,0.3806677260128402,False,-2.028434807558839,False,0.04603583753820504,False,0.15071601867675782,False,-2.028434807558839,False
2027,B,1349,1780439340.0,True,112,config_error,9,False,0.0,8.0,0.0,2.4623295174741804,True,0.47696574400276043,False,2.4623295174741804,True,0.9999999972715754,True,5000000000.0,True,2.4623295174741804,True
2027,B,1350,1780439400.0,True,112,config_error,9,False,0.0,21.0,0.0,5.062723173665529,True,0.4250987108936864,False,5.062723173665529,True,9.927939918824241e-17,False,20000000000.0,True,5.062723173665529,True
2027,B,1351,1780439460.0,True,112,config_error,9,False,0.0,21.0,0.0,5.296365003840811,True,0.4162178020528405,False,5.296365003840811,True,1.4879754926392885e-17,False,21000000000.0,True,5.296365003840811,True
2027,B,1352,1780439520.0,True,112,config_error,9,False,0.0,21.0,0.0,2.8231054286383017,True,0.37597616516318494,False,2.8231054286383017,True,0.6555196365840366,True,7999999999.999999,True,2.8231054286383017,True
2027,B,1353,1780439580.0,False,-1,,9,False,0.0,22.0,0.0,-1.6736685439487227,False,0.39791067397185764,False,-1.6736685439487227,False,0.014310715402948726,False,0.16839597225189207,False,-1.6736685439487227,False
2027,B,1354,1780439640.0,False,-1,,9,False,0.0,20.0,0.0,-1.9118630498038964,False,0.37756506781679144,False,-1.9118630498038964,False,0.02178535080051661,False,0.1637418746948242,False,-1.9118630498038964,False
2027,B,1355,1780439700.0,False,-1,,9,False,0.0,24.0,0.0,-1.1840966682294942,False,0.39972022549686403,False,-1.1840966682294942,False,0.009877380947878855,False,0.13969275951385496,False,-1.1840966682294942,False
2027,B,1356,1780439760.0,False,-1,,9,False,0.0,18.0,0.0,-1.691269443698892,False,0.4199754131627514,False,-1.691269443698892,False,0.03523827401382033,False,0.15730748176574708,False,-1.691269443698892,False
2027,B,1357,1780439820.0,False,-1,,9,False,0.0,13.0,0.0,0.13986464788057162,False,0.45295776380153485,False,0.13986464788057162,False,0.16541466366673443,False,0.10937652587890626,False,0.13986464788057162,False
2027,B,1358,1780439880.0,False,-1,,9,False,0.0,13.0,0.0,-2.153593537293114,False,0.39174967741415295,False,-2.153593537293114,False,0.16541466366673443,False,0.1573989868164062,False,-2.153593537293114,False
2027,B,1359,1780439940.0,False,-1,,9,False,0.0,13.0,0.0,-1.6636507837212857,False,0.41123654663083803,False,-1.6636507837212857,False,0.16541466366673443,False,0.13056020736694335,False,-1.6636507837212857,False
2027,B,1360,1780440000.0,False,-1,,9,False,0.0,13.0,0.0,-1.5260369227184718,False,0.3955062593996122,False,-1.5260369227184718,False,0.16541466366673443,False,0.14066152572631835,False,-1.5260369227184718,False
2027,B,1361,1780440060.0,True,113,dependency_timeout,9,False,2.0,15.0,0.0,5.518366683027393,True,0.6407265849620853,False,5.518366683027393,True,2.351222009163771e-11,False,999999999.9999999,True,5.518366683027393,False
2027,B,1362,1780440120.0,True,113,dependency_timeout,9,False,0.0,16.0,0.0,5.518385678268923,True,0.5012377406317834,False,5.518385678268923,True,1.0,True,3999999999.9999995,True,5.518385678268923,True
2027,B,1363,1780440180.0,True,113,dependency_timeout,9,False,1.0,15.0,0.0,5.518385678268923,True,0.6420027027960342,False,5.518385678268923,True,1.0,True,7000000000.0,True,5.518385678268923,True
2027,B,1364,1780440240.0,True,113,dependency_timeout,9,False,1.0,15.0,0.0,5.518385678268923,True,0.658191695719319,False,5.518385678268923,True,1.0,True,7000000000.0,True,5.518385678268923,True
2027,B,1365,1780440300.0,True,113,dependency_timeout,9,False,1.0,17.0,0.0,5.518385678268923,True,0.632190675791643,False,5.518385678268923,True,1.0,True,3999999999.9999995,True,5.518385678268923,True
2027,B,1366,1780440360.0,False,-1,,9,False,0.0,12.0,0.0,-1.4854532416356419,False,0.4090760424374704,False,-1.4854532416356419,False,0.2386920822861176,False,0.13870632648468018,False,-1.4854532416356419,False
2027,B,1367,1780440420.0,False,-1,,9,False,0.0,10.0,0.0,-1.3785657144720194,False,0.4215010100592822,False,-1.3785657144720194,False,0.4893257225979959,False,0.16147263050079347,False,-1.3785657144720194,False
2027,B,1368,1780440480.0,False,-1,,9,False,0.0,14.0,0.0,-0.541087612671217,False,0.4209101873048294,False,-0.541087612671217,False,0.11637879250025024,False,0.12172155380249024,False,-0.541087612671217,False
2027,B,1369,1780440540.0,False,-1,,9,False,0.0,11.0,0.0,-1.5231583347266788,False,0.41633086641847344,False,-1.5231583347266788,False,0.34528727623408134,False,0.12564015388488772,False,-1.5231583347266788,False
2027,B,1370,1780440600.0,False,-1,,9,False,0.0,16.0,0.0,-1.5710773928520894,False,0.4185107679536029,False,-1.5710773928520894,False,0.06136610726127483,False,0.18339824676513672,False,-1.5710773928520894,False
2027,B,1371,1780440660.0,True,114,permission_denied,9,False,0.0,16.0,0.0,-0.9949218758526053,False,0.3864257608173487,False,-0.9949218758526053,False,1.0,True,999999999.9999999,True,-0.9949218758526053,True
2027,B,1372,1780440720.0,True,114,permission_denied,9,False,0.0,7.0,0.0,0.9552282479941834,False,0.45367115453896,False,0.9552282479941834,False,1.0,True,3000000000.0,True,0.9552282479941834,True
2027,B,1373,1780440780.0,True,114,permission_denied,9,False,0.0,18.0,0.0,2.41283247810327,True,0.4063072690354729,False,2.41283247810327,True,1.0,True,7000000000.0,True,2.41283247810327,True
2027,B,1374,1780440840.0,False,-1,,9,False,0.0,19.0,0.0,-1.9292334929505808,False,0.37481692749636525,False,-1.9292334929505808,False,0.02747592131132894,False,0.15416617393493653,False,-1.9292334929505808,False
2027,B,1375,1780440900.0,False,-1,,9,False,0.0,6.0,0.0,-0.5388134406975471,False,0.4722169155002684,False,-0.5388134406975471,False,0.9770168771360997,True,0.13411128520965573,False,-0.5388134406975471,False
2027,B,1376,1780440960.0,False,-1,,9,False,0.0,11.0,0.0,-2.138357169425026,False,0.40699278037614695,False,-2.138357169425026,False,0.34528727623408134,False,0.15405201911926267,False,-2.138357169425026,False
2027,B,1377,1780441020.0,False,-1,,9,False,0.0,14.0,0.0,-1.7019434298707887,False,0.39160265236133623,False,-1.7019434298707887,False,0.11637879250025024,False,0.13963289260864256,False,-1.7019434298707887,False
2027,B,1378,1780441080.0,False,-1,,9,False,0.0,22.0,0.0,-1.4424967617324818,False,0.3949040754411178,False,-1.4424967617324818,False,0.014310715402948726,False,0.1521238327026367,False,-1.4424967617324818,False
2027,B,1379,1780441140.0,False,-1,,9,False,0.0,14.0,0.0,-2.08552672720466,False,0.3911676707367624,False,-2.08552672720466,False,0.11637879250025024,False,0.16338896751403809,False,-2.08552672720466,False
2027,B,1380,1780441200.0,False,-1,,9,False,0.0,16.0,0.0,-2.133328301853366,False,0.38617121848358643,False,-2.133328301853366,False,0.06136610726127483,False,0.15577685832977295,False,-2.133328301853366,False
2027,B,1381,1780441260.0,True,115,permission_denied,9,False,0.0,10.0,0.0,1.5620981200033408,True,0.429551813448203,False,1.5620981200033408,True,1.0,True,3999999999.9999995,True,1.5620981200033408,True
2027,B,1382,1780441320.0,True,115,permission_denied,9,False,0.0,11.0,0.0,2.3941836838000103,True,0.4212501147344408,False,2.3941836838000103,True,1.0,True,6000000000.0,True,2.3941836838000103,True
2027,B,1383,1780441380.0,True,115,permission_denied,9,False,0.0,11.0,0.0,2.0002928240714404,True,0.4346063578499057,False,2.0002928240714404,True,1.0,True,5000000000.0,True,2.0002928240714404,True
2027,B,1384,1780441440.0,True,115,permission_denied,9,False,0.0,16.0,0.0,1.8939144021178622,True,0.39825593686880667,False,1.8939144021178622,True,1.0,True,5000000000.0,True,1.8939144021178622,True
2027,B,1385,1780441500.0,False,-1,,9,False,0.0,13.0,0.0,-1.4739716716038611,False,0.39571882728379215,False,-1.4739716716038611,False,0.16541466366673443,False,0.13723707199096677,False,-1.4739716716038611,False
2027,B,1386,1780441560.0,False,-1,,9,False,0.0,16.0,0.0,-0.9719810071868489,False,0.4079300655893145,False,-0.9719810071868489,False,0.06136610726127483,False,0.15291178226470947,False,-0.9719810071868489,False
2027,B,1387,1780441620.0,False,-1,,9,False,0.0,13.0,0.0,-0.4000156503002792,False,0.4216953683770151,False,-0.4000156503002792,False,0.16541466366673443,False,0.12390851974487305,False,-0.4000156503002792,False
2027,B,1388,1780441680.0,False,-1,,9,False,0.0,16.0,0.0,-1.3148753997169598,False,0.4043097404710295,False,-1.3148753997169598,False,0.06136610726127483,False,0.1302198171615601,False,-1.3148753997169598,False
2027,B,1389,1780441740.0,False,-1,,9,False,0.0,11.0,0.0,-0.5980417814126024,False,0.4356478283462733,False,-0.5980417814126024,False,0.34528727623408134,False,0.1507582664489746,False,-0.5980417814126024,False
2027,B,1390,1780441800.0,False,-1,,9,False,0.0,15.0,0.0,-1.4530926372636426,False,0.4113459141550413,False,-1.4530926372636426,False,0.08358208903295893,False,0.17585010528564454,False,-1.4530926372636426,False
2027,B,1391,1780441860.0,False,-1,,9,False,0.0,19.0,0.0,-1.0946281560314572,False,0.3854353536930452,False,-1.0946281560314572,False,0.02747592131132894,False,0.1379087448120117,False,-1.0946281560314572,False
2027,B,1392,1780441920.0,False,-1,,9,False,0.0,9.0,0.0,-1.8338394590644338,False,0.4244956650491997,False,-1.8338394590644338,False,0.6577756959520332,True,0.1458433151245117,False,-1.8338394590644338,False
2027,B,1393,1780441980.0,False,-1,,9,False,0.0,15.0,0.0,-0.6924541269020477,False,0.4217865464291476,False,-0.6924541269020477,False,0.08358208903295893,False,0.14685301780700682,False,-0.6924541269020477,False
2027,B,1394,1780442040.0,False,-1,,9,True,1.0,61.0,0.0,0.5274437525448263,False,0.6805739003784914,False,0.5274437525448263,False,4.3727812781362156e-07,False,0.16605329513549802,False,0.5274437525448263,False
2027,B,1395,1780442100.0,True,116,config_error,9,True,0.0,134.0,0.0,5.456983377963014,True,0.6421144737774392,False,5.456983377963014,True,4.839272292431646e-28,False,95000000000.0,True,5.456983377963014,True
2027,B,1396,1780442160.0,True,116,config_error,9,True,0.0,106.0,0.0,5.483680747637373,True,0.593303781155911,False,5.483680747637373,True,7.20726367439017e-29,False,97000000000.0,True,5.483680747637373,True
2027,B,1397,1780442220.0,True,116,config_error,9,False,0.0,13.0,0.0,3.8976273525327194,True,0.4378150777107025,False,3.8976273525327194,True,9.649459293606557e-07,False,10000000000.0,True,3.8976273525327194,True
2027,B,1398,1780442280.0,False,-1,,9,False,0.0,18.0,0.0,-1.1915710293395385,False,0.39428516251817597,False,-1.1915710293395385,False,0.03523827401382033,False,0.16337206363677978,False,-1.1915710293395385,False
2027,B,1399,1780442340.0,False,-1,,9,False,0.0,6.0,0.0,-0.9857841646832233,False,0.4549436482787094,False,-0.9857841646832233,False,0.9770168771360997,True,0.13531363010406494,False,-0.9857841646832233,False
2027,B,1400,1780442400.0,False,-1,,9,False,0.0,15.0,0.0,-1.3354423811550342,False,0.4259825621653732,False,-1.3354423811550342,False,0.08358208903295893,False,0.12672328948974612,False,-1.3354423811550342,False
2027,B,1401,1780442460.0,False,-1,,9,False,0.0,11.0,0.0,-0.4443950899969824,False,0.4437979708544981,False,-0.4443950899969824,False,0.34528727623408134,False,0.12442564964294432,False,-0.4443950899969824,False
2027,B,1402,1780442520.0,False,-1,,9,False,0.0,15.0,0.0,-1.4949362672394004,False,0.3975869337687656,False,-1.4949362672394004,False,0.08358208903295893,False,0.13794951438903807,False,-1.4949362672394004,False
2027,B,1403,1780442580.0,False,-1,,9,False,0.0,10.0,0.0,-1.0034019722501872,False,0.4624228481298245,False,-1.0034019722501872,False,0.4893257225979959,False,0.17765774726867675,False,-1.0034019722501872,False
2027,B,1404,1780442640.0,False,-1,,9,False,0.0,11.0,0.0,-0.7831335176206915,False,0.4190177617640385,False,-0.7831335176206915,False,0.34528727623408134,False,0.12655258178710938,False,-0.7831335176206915,False
2027,B,1405,1780442700.0,False,-1,,9,False,0.0,17.0,0.0,-1.0733969517014783,False,0.4156182374869567,False,-1.0733969517014783,False,0.04603583753820504,False,0.12143115997314453,False,-1.0733969517014783,False
2027,B,1406,1780442760.0,True,117,resource_exhaustion,9,False,1.0,15.0,0.0,5.518385678268923,True,0.64720299566754,False,5.518385678268923,True,1.0,True,999999999.9999999,True,5.518385678268923,True
2027,B,1407,1780442820.0,True,117,resource_exhaustion,9,False,2.0,13.0,0.0,5.518385678268923,True,0.68436597594923,False,5.518385678268923,True,1.0,True,1999999999.9999998,True,5.518385678268923,True
2027,B,1408,1780442880.0,True,117,resource_exhaustion,9,False,6.0,20.0,0.0,5.518385678268923,True,0.6821881004276482,False,5.518385678268923,True,1.0,True,6000000000.0,True,5.518385678268923,True
2027,B,1409,1780442940.0,True,117,resource_exhaustion,9,False,2.0,15.0,0.0,5.518385678268923,True,0.67280319034691,False,5.518385678268923,True,1.0,True,1999999999.9999998,True,5.518385678268923,True
2027,B,1410,1780443000.0,False,-1,,9,False,0.0,9.0,0.0,-1.221101131842845,False,0.41361951074788245,False,-1.221101131842845,False,0.6577756959520332,True,0.15519723892211915,False,-1.221101131842845,False
2027,B,1411,1780443060.0,False,-1,,9,False,0.0,11.0,0.0,-1.351579523108243,False,0.4195763097207745,False,-1.351579523108243,False,0.34528727623408134,False,0.12875962257385254,False,-1.351579523108243,False
2027,B,1412,1780443120.0,False,-1,,9,False,1.0,15.0,0.0,-0.34830216075645204,False,0.5811236534672969,False,-0.34830216075645204,False,3.0114222785487467e-06,False,0.14425506591796874,False,-0.34830216075645204,False
2027,B,1413,1780443180.0,False,-1,,9,False,0.0,19.0,0.0,-1.3186733532395252,False,0.3829512738215298,False,-1.3186733532395252,False,0.02747592131132894,False,0.16062655448913574,False,-1.3186733532395252,False
2027,B,1414,1780443240.0,False,-1,,9,False,0.0,20.0,0.0,-1.9886501288285716,False,0.395544987226095,False,-1.9886501288285716,False,0.02178535080051661,False,0.172673225402832,False,-1.9886501288285716,False
2027,B,1415,1780443300.0,False,-1,,9,False,0.0,15.0,0.0,-1.6178249085764032,False,0.4010453693499439,False,-1.6178249085764032,False,0.08358208903295893,False,0.16906933784484862,False,-1.6178249085764032,False
2027,B,1416,1780443360.0,False,-1,,9,False,0.0,13.0,0.0,-1.8883200251467098,False,0.4046287050255884,False,-1.8883200251467098,False,0.16541466366673443,False,0.1727889060974121,False,-1.8883200251467098,False
2027,B,1417,1780443420.0,False,-1,,9,False,0.0,13.0,0.0,-0.3247737990574935,False,0.4420222325981033,False,-0.3247737990574935,False,0.16541466366673443,False,0.17878789901733394,False,-0.3247737990574935,False
2027,B,1418,1780443480.0,True,118,dependency_timeout,9,False,0.0,8.0,0.0,5.518385678268923,True,0.5523975785992246,False,5.518385678268923,True,1.0,True,3999999999.9999995,True,5.518385678268923,True
2027,B,1419,1780443540.0,True,118,dependency_timeout,9,False,0.0,9.0,0.0,5.518385678268923,True,0.5457279798136584,False,5.518385678268923,True,1.0,True,3000000000.0,True,5.518385678268923,True
2027,B,1420,1780443600.0,True,118,dependency_timeout,9,False,2.0,17.0,0.0,5.518385678268923,True,0.6669921509877724,False,5.518385678268923,True,1.0,True,3000000000.0,True,5.518385678268923,True
2027,B,1421,1780443660.0,False,-1,,9,False,0.0,8.0,0.0,-1.5209256260979167,False,0.4203219765025901,False,-1.5209256260979167,False,0.8146204355576085,True,0.13126609325408936,False,-1.5209256260979167,False
2027,B,1422,1780443720.0,False,-1,,9,False,0.0,17.0,0.0,-1.6094067349074104,False,0.4168208453315068,False,-1.6094067349074104,False,0.04603583753820504,False,0.1857156753540039,False,-1.6094067349074104,False
2027,B,1423,1780443780.0,False,-1,,9,False,0.0,6.0,0.0,-0.9025388513359358,False,0.4704042748565153,False,-0.9025388513359358,False,0.9770168771360997,True,0.19082117080688477,False,-0.9025388513359358,False
2027,B,1424,1780443840.0,False,-1,,9,False,0.0,11.0,0.0,-1.8497939287725735,False,0.41702277364699186,False,-1.8497939287725735,False,0.34528727623408134,False,0.13414192199707028,False,-1.8497939287725735,False
2027,B,1425,1780443900.0,False,-1,,9,False,0.0,9.0,0.0,-0.8410513145937832,False,0.4155752822650384,False,-0.8410513145937832,False,0.6577756959520332,True,0.12495803833007812,False,-0.8410513145937832,False
2027,B,1426,1780443960.0,False,-1,,9,False,0.0,11.0,0.0,-1.535194020375898,False,0.408985961255806,False,-1.535194020375898,False,0.34528727623408134,False,0.13195419311523438,False,-1.535194020375898,False
2027,B,1427,1780444020.0,False,-1,,9,False,0.0,15.0,0.0,-1.1246839990838327,False,0.40749118468254725,False,-1.1246839990838327,False,0.08358208903295893,False,0.15698628425598143,False,-1.1246839990838327,False
2027,B,1428,1780444080.0,False,-1,,9,False,0.0,7.0,0.0,-0.9074053555248227,False,0.45024891707885945,False,-0.9074053555248227,False,0.9231861899451542,True,0.18002471923828123,False,-0.9074053555248227,False
2027,B,1429,1780444140.0,True,119,dependency_timeout,9,False,0.0,10.0,0.0,5.518385678268923,True,0.4839315454119719,False,5.518385678268923,True,1.0,True,999999999.9999999,True,5.518385678268923,True
2027,B,1430,1780444200.0,True,119,dependency_timeout,9,False,1.0,17.0,0.0,5.518385678268923,True,0.6350881465671271,False,5.518385678268923,True,1.0,True,7000000000.0,True,5.518385678268923,True
2027,B,1431,1780444260.0,True,119,dependency_timeout,9,False,0.0,9.0,0.0,5.518385678268923,True,0.5718056975449539,False,5.518385678268923,True,1.0,True,1999999999.9999998,True,5.518385678268923,True
2027,B,1432,1780444320.0,True,119,dependency_timeout,9,False,1.0,14.0,0.0,5.518385678268923,True,0.6445161262659908,False,5.518385678268923,True,1.0,True,6000000000.0,True,5.518385678268923,True
2027,B,1433,1780444380.0,False,-1,,10,False,0.0,16.0,0.0,-2.005110993650395,False,0.38663612620833115,False,-2.005110993650395,False,0.06136610726127483,False,0.16523289680480957,False,-2.005110993650395,False
2027,B,1434,1780444440.0,False,-1,,10,False,0.0,12.0,0.0,-1.3345443315996652,False,0.4279026378923915,False,-1.3345443315996652,False,0.2386920822861176,False,0.12197532653808593,False,-1.3345443315996652,False
2027,B,1435,1780444500.0,False,-1,,10,False,0.0,13.0,0.0,-1.7333666491399988,False,0.39077618857452073,False,-1.7333666491399988,False,0.16541466366673443,False,0.14989757537841794,False,-1.7333666491399988,False
2027,B,1436,1780444560.0,False,-1,,10,False,0.0,10.0,0.0,-1.6984724630684385,False,0.4196502342738538,False,-1.6984724630684385,False,0.4893257225979959,False,0.17768216133117676,False,-1.6984724630684385,False
2027,B,1437,1780444620.0,False,-1,,10,False,0.0,13.0,0.0,-1.2720022788215122,False,0.42860773014770676,False,-1.2720022788215122,False,0.16541466366673443,False,0.1344367980957031,False,-1.2720022788215122,False
2027,B,1438,1780444680.0,False,-1,,10,False,0.0,16.0,0.0,-1.781769056027354,False,0.39475286375438035,False,-1.781769056027354,False,0.06136610726127483,False,0.14294016361236572,False,-1.781769056027354,False
2027,B,1439,1780444740.0,True,120,resource_exhaustion,10,False,0.0,12.0,0.0,-1.7051824467738186,False,0.4022560083886303,False,-1.7051824467738186,False,0.2386920822861176,False,0.14034693241119384,False,-1.7051824467738186,False
2027,B,1440,1780444800.0,True,120,resource_exhaustion,10,False,2.0,16.0,0.0,5.518385678268923,True,0.6839156629746175,False,5.518385678268923,True,1.0,True,999999999.9999999,True,5.518385678268923,True
2027,B,1441,1780444860.0,True,120,resource_exhaustion,10,False,0.0,9.0,0.0,5.518385678268923,True,0.5840055145504948,False,5.518385678268923,True,1.0,True,999999999.9999999,True,5.518385678268923,True
2027,B,1442,1780444920.0,True,120,resource_exhaustion,10,False,0.0,9.0,0.0,5.518385678268923,True,0.5771313303321787,False,5.518385678268923,True,0.6577756959520332,True,0.289399528503418,False,5.518385678268923,True
2027,B,1443,1780444980.0,False,-1,,10,False,0.0,6.0,0.0,-1.0560354548091802,False,0.4495146770173314,False,-1.0560354548091802,False,0.9770168771360997,True,0.13750433921813965,False,-1.0560354548091802,False
2027,B,1444,1780445040.0,False,-1,,10,False,1.0,12.0,0.0,0.708375889120461,False,0.5963503191881904,False,0.708375889120461,False,4.3129468557645566e-06,False,0.17568278312683108,False,0.708375889120461,False
2027,B,1445,1780445100.0,False,-1,,10,False,0.0,10.0,0.0,-1.1091642962812633,False,0.4293002838843627,False,-1.1091642962812633,False,0.4893257225979959,False,0.1251009464263916,False,-1.1091642962812633,False
2027,B,1446,1780445160.0,False,-1,,10,False,0.0,13.0,0.0,-1.810579505344025,False,0.4014663368844161,False,-1.810579505344025,False,0.16541466366673443,False,0.14909019470214843,False,-1.810579505344025,False
2027,B,1447,1780445220.0,False,-1,,10,False,0.0,10.0,0.0,-1.9751261459465006,False,0.40683173449060134,False,-1.9751261459465006,False,0.4893257225979959,False,0.14641363620758058,False,-1.9751261459465006,False
2027,B,1448,1780445280.0,False,-1,,10,False,0.0,17.0,0.0,-1.284217452164806,False,0.3856579014245574,False,-1.284217452164806,False,0.04603583753820504,False,0.13856792449951172,False,-1.284217452164806,False
2027,B,1449,1780445340.0,True,121,config_error,10,False,0.0,7.0,0.0,-1.4871792949478788,False,0.46499315647984224,False,-1.4871792949478788,False,0.9231861899451542,True,0.1206334114074707,False,-1.4871792949478788,False
2027,B,1450,1780445400.0,True,121,config_error,10,False,0.0,9.0,0.0,2.5516488470482885,True,0.44168710828060354,False,2.5516488470482885,True,0.9999104252803752,True,6000000000.0,True,2.5516488470482885,True
2027,B,1451,1780445460.0,True,121,config_error,10,False,0.0,11.0,0.0,3.747287461044113,True,0.4443278154535226,False,3.747287461044113,True,2.723465209358135e-05,False,9000000000.0,True,3.747287461044113,True
2027,B,1452,1780445520.0,True,121,config_error,10,False,0.0,10.0,0.0,3.6760220270126718,True,0.46612673845811964,False,3.6760220270126718,True,0.003738565433014719,False,7999999999.999999,True,3.6760220270126718,True
2027,B,1453,1780445580.0,False,-1,,10,False,0.0,11.0,0.0,-1.0333857607513357,False,0.4138796082796235,False,-1.0333857607513357,False,0.34528727623408134,False,0.1351742744445801,False,-1.0333857607513357,False
2027,B,1454,1780445640.0,False,-1,,10,False,0.0,10.0,0.0,-1.0742215987534935,False,0.41402932816169835,False,-1.0742215987534935,False,0.4893257225979959,False,0.13122570514678958,False,-1.0742215987534935,False
2027,B,1455,1780445700.0,False,-1,,10,False,0.0,6.0,0.0,-0.3073382415199344,False,0.499458049008025,False,-0.3073382415199344,False,0.9770168771360997,True,0.18769347667694092,False,-0.3073382415199344,False
2027,B,1456,1780445760.0,False,-1,,10,False,0.0,7.0,0.0,-1.3196212071742242,False,0.433316851492331,False,-1.3196212071742242,False,0.9231861899451542,True,0.161406135559082,False,-1.3196212071742242,False
2027,B,1457,1780445820.0,False,-1,,10,False,0.0,11.0,0.0,-1.3460460981428293,False,0.4362329088767298,False,-1.3460460981428293,False,0.34528727623408134,False,0.11854195594787598,False,-1.3460460981428293,False
2027,B,1458,1780445880.0,False,-1,,10,False,0.0,10.0,0.0,-1.5243576603347666,False,0.41047906141334506,False,-1.5243576603347666,False,0.4893257225979959,False,0.13226771354675293,False,-1.5243576603347666,False
2027,B,1459,1780445940.0,False,-1,,10,True,0.0,39.0,0.0,-1.019876745701513,False,0.4523555327363227,False,-1.019876745701513,False,0.0015507182896148262,False,0.17879738807678217,False,-1.019876745701513,False
2027,B,1460,1780446000.0,False,-1,,10,True,1.0,98.0,0.0,1.5547970382586893,True,0.7085423859834721,True,1.5547970382586893,True,2.566505760010896e-07,False,0.16218335628509523,False,1.5547970382586893,False
2027,B,1461,1780446060.0,True,122,dependency_timeout,10,True,9.0,88.0,0.0,5.518385678268923,True,0.7372788699069934,True,5.518385678268923,True,1.0,True,24000000000.0,True,5.518385678268923,True
2027,B,1462,1780446120.0,True,122,dependency_timeout,10,False,0.0,6.0,0.0,5.518385678268923,True,0.5937569243845696,False,5.518385678268923,True,1.0,True,999999999.9999999,True,5.518385678268923,True
2027,B,1463,1780446180.0,True,122,dependency_timeout,10,False,0.0,8.0,0.0,5.518385678268923,True,0.5035659856339755,False,5.518385678268923,True,1.0,True,999999999.9999999,True,5.518385678268923,True
2027,B,1464,1780446240.0,False,-1,,10,False,0.0,17.0,0.0,1.0217196862528652,False,0.49047581303406995,False,1.0217196862528652,False,0.04603583753820504,False,0.21416873931884767,False,1.0217196862528652,False
2027,B,1465,1780446300.0,False,-1,,10,False,0.0,5.0,0.0,-1.0754456007522544,False,0.4715836375256619,False,-1.0754456007522544,False,0.9955296766967997,True,0.16824846267700194,False,-1.0754456007522544,False
2027,B,1466,1780446360.0,False,-1,,10,False,0.0,9.0,0.0,-0.9217772957635031,False,0.41385799416548136,False,-0.9217772957635031,False,0.6577756959520332,True,0.1285243034362793,False,-0.9217772957635031,False
2027,B,1467,1780446420.0,False,-1,,10,False,0.0,10.0,0.0,-1.8778684922721025,False,0.4150615288707689,False,-1.8778684922721025,False,0.4893257225979959,False,0.13456451892852783,False,-1.8778684922721025,False
2027,B,1468,1780446480.0,False,-1,,10,False,0.0,9.0,0.0,-1.0891398319197023,False,0.42458439713326357,False,-1.0891398319197023,False,0.6577756959520332,True,0.12661275863647461,False,-1.0891398319197023,False
2027,B,1469,1780446540.0,False,-1,,10,False,0.0,10.0,0.0,-0.5504440303775349,False,0.4281555175804701,False,-0.5504440303775349,False,0.4893257225979959,False,0.1236447811126709,False,-0.5504440303775349,False
2027,B,1470,1780446600.0,True,123,config_error,10,False,0.0,14.0,0.0,3.861200687336768,True,0.4181758059747831,False,3.861200687336768,True,2.7423593785763673e-08,False,11000000000.0,True,3.861200687336768,True
2027,B,1471,1780446660.0,True,123,config_error,10,False,0.0,8.0,0.0,4.394446477225624,True,0.45884103634964535,False,4.394446477225624,True,0.0002719406290661781,False,7999999999.999999,True,4.394446477225624,True
2027,B,1472,1780446720.0,True,123,config_error,10,False,0.0,12.0,0.0,4.876541087798708,True,0.45032420317332467,False,4.876541087798708,True,1.0128515201856914e-10,False,12000000000.0,True,4.876541087798708,True
2027,B,1473,1780446780.0,True,123,config_error,10,False,0.0,8.0,0.0,2.749257646982828,True,0.491510181711512,False,2.749257646982828,True,0.9999999972715754,True,5000000000.0,True,2.749257646982828,True
2027,B,1474,1780446840.0,False,-1,,10,False,0.0,11.0,0.0,-1.6070339566692429,False,0.43624492738138587,False,-1.6070339566692429,False,0.34528727623408134,False,0.19266629219055176,False,-1.6070339566692429,False
2027,B,1475,1780446900.0,False,-1,,10,False,0.0,13.0,0.0,-1.729893344696241,False,0.40683387579645325,False,-1.729893344696241,False,0.16541466366673443,False,0.13258848190307615,False,-1.729893344696241,False
2027,B,1476,1780446960.0,False,-1,,10,False,0.0,6.0,0.0,-1.4964126703461238,False,0.4535414584337343,False,-1.4964126703461238,False,0.9770168771360997,True,0.12394905090332033,False,-1.4964126703461238,False
2027,B,1477,1780447020.0,False,-1,,10,False,0.0,7.0,0.0,-1.46350482563244,False,0.4386174363272829,False,-1.46350482563244,False,0.9231861899451542,True,0.1585492610931396,False,-1.46350482563244,False
2027,B,1478,1780447080.0,False,-1,,10,False,0.0,8.0,0.0,-0.15245188250643782,False,0.5037747233245471,False,-0.15245188250643782,False,0.8146204355576085,True,0.19828264713287352,False,-0.15245188250643782,False
2027,B,1479,1780447140.0,False,-1,,10,False,0.0,8.0,0.0,-1.399209859941287,False,0.4162380896346887,False,-1.399209859941287,False,0.8146204355576085,True,0.13899462223052977,False,-1.399209859941287,False
2027,B,1480,1780447200.0,False,-1,,10,False,0.0,10.0,0.0,-1.337951625867892,False,0.4120116332270914,False,-1.337951625867892,False,0.4893257225979959,False,0.15238277912139891,False,-1.337951625867892,False
2027,B,1481,1780447260.0,False,-1,,10,False,0.0,8.0,0.0,-1.3541261933149054,False,0.42487087806152646,False,-1.3541261933149054,False,0.8146204355576085,True,0.13270235061645508,False,-1.3541261933149054,False
2027,B,1482,1780447320.0,False,-1,,10,False,0.0,15.0,0.0,-1.420232331182917,False,0.4134590453588673,False,-1.420232331182917,False,0.08358208903295893,False,0.12604975700378418,False,-1.420232331182917,False
2027,B,1483,1780447380.0,False,-1,,10,False,0.0,11.0,0.0,-1.1338662875734649,False,0.43547125624774463,False,-1.1338662875734649,False,0.34528727623408134,False,0.15906643867492676,False,-1.1338662875734649,False
2027,B,1484,1780447440.0,True,124,resource_exhaustion,10,False,0.0,11.0,0.0,5.518385678268923,True,0.4863746130305598,False,5.518385678268923,True,0.34528727623408134,False,0.13563966751098633,False,5.518385678268923,True
2027,B,1485,1780447500.0,True,124,resource_exhaustion,10,False,3.0,10.0,0.0,5.518385678268923,True,0.7130429212462932,True,5.518385678268923,True,1.0,True,3999999999.9999995,True,5.518385678268923,True
2027,B,1486,1780447560.0,True,124,resource_exhaustion,10,False,2.0,14.0,0.0,5.518385678268923,True,0.6962286605385882,False,5.518385678268923,True,1.0,True,999999999.9999999,True,5.518385678268923,True
2027,B,1487,1780447620.0,True,124,resource_exhaustion,10,False,2.0,9.0,0.0,5.518385678268923,True,0.7064161047949948,True,5.518385678268923,True,1.0,True,1999999999.9999998,True,5.518385678268923,True
2027,B,1488,1780447680.0,False,-1,,10,False,0.0,6.0,0.0,-1.2589391613617469,False,0.44076554721264244,False,-1.2589391613617469,False,0.9770168771360997,True,0.14515638351440427,False,-1.2589391613617469,False
2027,B,1489,1780447740.0,False,-1,,10,False,0.0,7.0,0.0,-1.4658147918343927,False,0.43916781219369294,False,-1.4658147918343927,False,0.9231861899451542,True,0.1774490356445312,False,-1.4658147918343927,False
2027,B,1490,1780447800.0,False,-1,,10,False,0.0,12.0,0.0,-1.932516789131741,False,0.40286436693668237,False,-1.932516789131741,False,0.2386920822861176,False,0.1656448841094971,False,-1.932516789131741,False
2027,B,1491,1780447860.0,False,-1,,10,False,0.0,15.0,0.0,-1.4263190034644175,False,0.40341605301542355,False,-1.4263190034644175,False,0.08358208903295893,False,0.17074036598205566,False,-1.4263190034644175,False
2027,B,1492,1780447920.0,False,-1,,10,False,0.0,4.0,0.0,-0.913201547013724,False,0.5117892677865616,False,-0.913201547013724,False,0.9995550565058623,True,0.10788092613220217,False,-0.913201547013724,False
2027,B,1493,1780447980.0,False,-1,,10,False,0.0,7.0,0.0,0.007698365991348766,False,0.5036704729357946,False,0.007698365991348766,False,0.9231861899451542,True,0.14480328559875488,False,0.007698365991348766,False
2027,B,1494,1780448040.0,False,-1,,10,False,0.0,5.0,0.0,-0.9747761287792365,False,0.48886710931049676,False,-0.9747761287792365,False,0.9955296766967997,True,0.1456925392150879,False,-0.9747761287792365,False
2027,B,1495,1780448100.0,False,-1,,10,False,0.0,9.0,0.0,-1.8071472825167545,False,0.4013251545799367,False,-1.8071472825167545,False,0.6577756959520332,True,0.13879871368408203,False,-1.8071472825167545,False
2027,B,1496,1780448160.0,False,-1,,10,False,0.0,14.0,0.0,-1.9394984503871378,False,0.39327775187165565,False,-1.9394984503871378,False,0.11637879250025024,False,0.16051845550537108,False,-1.9394984503871378,False
2027,B,1497,1780448220.0,False,-1,,10,False,0.0,12.0,0.0,-1.7380957058563133,False,0.4141940796408725,False,-1.7380957058563133,False,0.2386920822861176,False,0.17508718967437747,False,-1.7380957058563133,False
2027,B,1498,1780448280.0,False,-1,,10,False,0.0,6.0,0.0,1.1753412232566651,True,0.5274010376379,False,1.1753412232566651,True,0.9770168771360997,True,0.1558626890182495,False,1.1753412232566651,True
2027,B,1499,1780448340.0,True,125,permission_denied,10,False,0.0,4.0,0.0,0.7263307096597824,False,0.5414725877771039,False,0.7263307096597824,False,1.0,True,1999999999.9999998,True,0.7263307096597824,True
2027,B,1500,1780448400.0,True,125,permission_denied,10,False,0.0,11.0,0.0,1.4021419501928927,True,0.4103799126735062,False,1.4021419501928927,True,1.0,True,3999999999.9999995,True,1.4021419501928927,True
2027,B,1501,1780448460.0,True,125,permission_denied,10,False,0.0,12.0,0.0,1.37999595401838,True,0.4241716968062197,False,1.37999595401838,True,1.0,True,3999999999.9999995,True,1.37999595401838,True
2027,B,1502,1780448520.0,False,-1,,10,False,0.0,5.0,0.0,-1.0602870526281727,False,0.4792041664547702,False,-1.0602870526281727,False,0.9955296766967997,True,0.13332004547119142,False,-1.0602870526281727,False
2027,B,1503,1780448580.0,False,-1,,10,False,0.0,9.0,0.0,-1.2990714845257898,False,0.41504607001887334,False,-1.2990714845257898,False,0.6577756959520332,True,0.13123064041137694,False,-1.2990714845257898,False
2027,B,1504,1780448640.0,False,-1,,10,False,0.0,7.0,0.0,-0.8660833441772491,False,0.46768709947502857,False,-0.8660833441772491,False,0.9231861899451542,True,0.10858607292175293,False,-0.8660833441772491,False
2027,B,1505,1780448700.0,False,-1,,10,False,0.0,14.0,0.0,-0.7411371859700955,False,0.4157349119855695,False,-0.7411371859700955,False,0.11637879250025024,False,0.13353343009948732,False,-0.7411371859700955,False
2027,B,1506,1780448760.0,False,-1,,10,False,0.0,8.0,0.0,-1.383344030361946,False,0.42050325198610883,False,-1.383344030361946,False,0.8146204355576085,True,0.15453217029571534,False,-1.383344030361946,False
2027,B,1507,1780448820.0,False,-1,,10,False,0.0,6.0,0.0,-1.2488281565323298,False,0.45078402174930043,False,-1.2488281565323298,False,0.9770168771360997,True,0.17636585235595703,False,-1.2488281565323298,False
2027,B,1508,1780448880.0,False,-1,,10,False,0.0,9.0,0.0,-1.4894651118685784,False,0.4273370127127082,False,-1.4894651118685784,False,0.6577756959520332,True,0.186592960357666,False,-1.4894651118685784,False
2027,B,1509,1780448940.0,False,-1,,10,False,0.0,10.0,0.0,-0.9933922088111746,False,0.41473688354793176,False,-0.9933922088111746,False,0.4893257225979959,False,0.12862138748168944,False,-0.9933922088111746,False
2027,B,1510,1780449000.0,False,-1,,10,False,0.0,13.0,0.0,-1.987172852826328,False,0.40550100312428217,False,-1.987172852826328,False,0.16541466366673443,False,0.17349596023559566,False,-1.987172852826328,False
2027,B,1511,1780449060.0,False,-1,,10,False,0.0,11.0,0.0,-1.8324336639670493,False,0.40308034777980917,False,-1.8324336639670493,False,0.34528727623408134,False,0.13843679428100583,False,-1.8324336639670493,False
2027,B,1512,1780449120.0,False,-1,,10,False,0.0,14.0,0.0,-1.8047588940353707,False,0.39532438397765984,False,-1.8047588940353707,False,0.11637879250025024,False,0.16911048889160157,False,-1.8047588940353707,False
2027,B,1513,1780449180.0,True,126,config_error,10,False,0.0,7.0,0.0,1.086095445719205,False,0.4678351323207751,False,1.086095445719205,False,1.0,True,3000000000.0,True,1.086095445719205,True
2027,B,1514,1780449240.0,True,126,config_error,10,False,0.0,8.0,0.0,2.836757117352549,True,0.4490868758462291,False,2.836757117352549,True,0.9997129885007917,True,6000000000.0,True,2.836757117352549,True
2027,B,1515,1780449300.0,True,126,config_error,10,False,0.0,11.0,0.0,4.785591763836648,True,0.45623236772430464,False,4.785591763836648,True,1.8260522368133235e-09,False,11000000000.0,True,4.785591763836648,True
2027,B,1516,1780449360.0,True,126,config_error,10,False,0.0,11.0,0.0,4.1691845532129985,True,0.44311988743150255,False,4.1691845532129985,True,1.7027987114906128e-07,False,10000000000.0,True,4.1691845532129985,True
2027,B,1517,1780449420.0,True,126,config_error,10,False,0.0,10.0,0.0,0.7356300722748639,False,0.44688960312397824,False,0.7356300722748639,False,1.0,True,3000000000.0,True,0.7356300722748639,True
2027,B,1518,1780449480.0,False,-1,,10,False,0.0,10.0,0.0,-0.9928826044584129,False,0.4262909643980319,False,-0.9928826044584129,False,0.4893257225979959,False,0.15396628379821778,False,-0.9928826044584129,False
2027,B,1519,1780449540.0,False,-1,,10,False,0.0,11.0,0.0,-1.7898578455213299,False,0.41663853700566533,False,-1.7898578455213299,False,0.34528727623408134,False,0.13201737403869632,False,-1.7898578455213299,False
2027,B,1520,1780449600.0,False,-1,,10,False,0.0,9.0,0.0,-0.3624449965576435,False,0.43698425744836444,False,-0.3624449965576435,False,0.6577756959520332,True,0.12303142547607422,False,-0.3624449965576435,False
2027,B,1521,1780449660.0,False,-1,,10,False,0.0,6.0,0.0,-1.481561722120837,False,0.4457411920903967,False,-1.481561722120837,False,0.9770168771360997,True,0.12648558616638184,False,-1.481561722120837,False
2027,B,1522,1780449720.0,False,-1,,10,False,0.0,14.0,0.0,-1.7255361442355985,False,0.3895773316964056,False,-1.7255361442355985,False,0.11637879250025024,False,0.15021998882293702,False,-1.7255361442355985,False
2027,B,1523,1780449780.0,False,-1,,10,False,0.0,11.0,0.0,-1.7228163832976247,False,0.40811750368425637,False,-1.7228163832976247,False,0.34528727623408134,False,0.140164852142334,False,-1.7228163832976247,False
2027,B,1524,1780449840.0,False,-1,,10,False,0.0,13.0,0.0,-1.543582981115521,False,0.42426088291364655,False,-1.543582981115521,False,0.16541466366673443,False,0.19271860122680662,False,-1.543582981115521,False
2027,B,1525,1780449900.0,False,-1,,10,False,0.0,8.0,0.0,-1.3571355314119478,False,0.43171307282131866,False,-1.3571355314119478,False,0.8146204355576085,True,0.17107779979705812,False,-1.3571355314119478,False
2027,B,1526,1780449960.0,True,127,dependency_timeout,10,False,0.0,4.0,0.0,5.518385678268923,True,0.6138334476344891,False,5.518385678268923,True,1.0,True,999999999.9999999,True,5.518385678268923,True
2027,B,1527,1780450020.0,True,127,dependency_timeout,10,False,1.0,4.0,0.0,5.518385678268923,True,0.711057797864822,True,5.518385678268923,True,1.0,True,1999999999.9999998,True,5.518385678268923,True
2027,B,1528,1780450080.0,True,127,dependency_timeout,10,False,1.0,12.0,0.0,5.518385678268923,True,0.6488809096389201,False,5.518385678268923,True,1.0,True,0.7446441650390625,False,5.518385678268923,True
2027,B,1529,1780450140.0,True,127,dependency_timeout,10,False,0.0,11.0,0.0,5.518385678268923,True,0.539611399355388,False,5.518385678268923,True,1.0,True,1999999999.9999998,True,5.518385678268923,True
2027,B,1530,1780450200.0,True,127,dependency_timeout,10,False,0.0,9.0,0.0,5.518385678268923,True,0.5270183314337082,False,5.518385678268923,True,1.0,True,999999999.9999999,True,5.518385678268923,True
2027,B,1531,1780450260.0,False,-1,,10,False,0.0,15.0,0.0,-1.8168447470615066,False,0.4096071930620498,False,-1.8168447470615066,False,0.08358208903295893,False,0.18576607704162598,False,-1.8168447470615066,False
2027,B,1532,1780450320.0,False,-1,,10,False,0.0,7.0,0.0,-0.3985283483770843,False,0.454801690677471,False,-0.3985283483770843,False,0.9231861899451542,True,0.12054376602172852,False,-0.3985283483770843,False
2027,B,1533,1780450380.0,False,-1,,10,False,0.0,14.0,0.0,-2.0257244344370378,False,0.3905887653174013,False,-2.0257244344370378,False,0.11637879250025024,False,0.1625990390777588,False,-2.0257244344370378,False
2027,B,1534,1780450440.0,False,-1,,10,False,0.0,11.0,0.0,-0.7633013423224053,False,0.455023802977881,False,-0.7633013423224053,False,0.34528727623408134,False,0.21740365028381348,False,-0.7633013423224053,False
2027,B,1535,1780450500.0,False,-1,,10,False,0.0,10.0,0.0,-1.701750063367652,False,0.40925194338475207,False,-1.701750063367652,False,0.4893257225979959,False,0.13229866027832032,False,-1.701750063367652,False
2027,B,1536,1780450560.0,False,-1,,10,False,0.0,6.0,0.0,-0.7842965943683691,False,0.4882174509415393,False,-0.7842965943683691,False,0.9770168771360997,True,0.19162225723266602,False,-0.7842965943683691,False
2027,B,1537,1780450620.0,False,-1,,10,False,0.0,8.0,0.0,-0.8784465713703167,False,0.430637934174719,False,-0.8784465713703167,False,0.8146204355576085,True,0.13086791038513185,False,-0.8784465713703167,False
2027,B,1538,1780450680.0,False,-1,,10,False,0.0,3.0,0.0,-0.9112305403019363,False,0.5786884183465674,False,-0.9112305403019363,False,0.9999873715994484,True,0.1491903305053711,False,-0.9112305403019363,False
2027,B,1539,1780450740.0,False,-1,,10,False,0.0,6.0,0.0,-0.8498046465131255,False,0.4846290375734049,False,-0.8498046465131255,False,0.9770168771360997,True,0.12755250930786133,False,-0.8498046465131255,False
2027,B,1540,1780450800.0,False,-1,,10,False,0.0,9.0,0.0,-1.29036311605347,False,0.4186745646277154,False,-1.29036311605347,False,0.6577756959520332,True,0.1676849365234375,False,-1.29036311605347,False
2027,B,1541,1780450860.0,True,128,dependency_timeout,10,False,0.0,8.0,0.0,5.145438987242977,True,0.5020700890620653,False,5.145438987242977,True,0.8339277335949891,True,999999999.9999999,True,5.145438987242977,True
2027,B,1542,1780450920.0,True,128,dependency_timeout,10,False,0.0,4.0,0.0,5.518385678268923,True,0.6196851942924949,False,5.518385678268923,True,1.0,True,999999999.9999999,True,5.518385678268923,True
2027,B,1543,1780450980.0,True,128,dependency_timeout,10,False,1.0,8.0,0.0,5.518367893534558,True,0.6531309600349864,False,5.518367893534558,True,6.265847501930881e-06,False,0.5581989288330077,False,5.518367893534558,False
2027,B,1544,1780451040.0,False,-1,,10,False,0.0,9.0,0.0,-1.2894018169630348,False,0.4097077204947017,False,-1.2894018169630348,False,0.6577756959520332,True,0.14037790298461914,False,-1.2894018169630348,False
2027,B,1545,1780451100.0,False,-1,,10,False,1.0,13.0,0.0,0.1683659984196062,False,0.5896638782122974,False,0.1683659984196062,False,3.7857176374321854e-06,False,0.13464879989624023,False,0.1683659984196062,False
2027,B,1546,1780451160.0,False,-1,,10,False,0.0,8.0,0.0,-1.8625777580577791,False,0.4112661798723182,False,-1.8625777580577791,False,0.8146204355576085,True,0.14136595726013185,False,-1.8625777580577791,False
2027,B,1547,1780451220.0,False,-1,,10,False,0.0,3.0,0.0,1.0189979079918592,False,0.594794502472466,False,1.0189979079918592,False,0.9999873715994484,True,0.16888809204101562,False,1.0189979079918592,False
2027,B,1548,1780451280.0,False,-1,,10,False,0.0,6.0,0.0,-1.007251696482074,False,0.47541091638455707,False,-1.007251696482074,False,0.9770168771360997,True,0.11103653907775879,False,-1.007251696482074,False
2027,B,1549,1780451340.0,False,-1,,10,False,0.0,13.0,0.0,-1.6183916489456625,False,0.40322957301892604,False,-1.6183916489456625,False,0.16541466366673443,False,0.13058719635009763,False,-1.6183916489456625,False
2027,B,1550,1780451400.0,False,-1,,10,False,0.0,9.0,0.0,-0.5466870571237648,False,0.46965300729796844,False,-0.5466870571237648,False,0.6577756959520332,True,0.13915138244628905,False,-0.5466870571237648,False
2027,B,1551,1780451460.0,False,-1,,10,False,0.0,8.0,0.0,-0.8704282223426123,False,0.44601798737473625,False,-0.8704282223426123,False,0.8146204355576085,True,0.14281368255615232,False,-0.8704282223426123,False
2027,B,1552,1780451520.0,False,-1,,10,False,0.0,8.0,0.0,-1.5846233060665575,False,0.44781096522066877,False,-1.5846233060665575,False,0.8146204355576085,True,0.12533810138702392,False,-1.5846233060665575,False
2027,B,1553,1780451580.0,True,129,permission_denied,10,False,0.0,2.0,0.0,-0.7244408804970757,False,0.6272599217643097,False,-0.7244408804970757,False,0.999999982548223,True,0.09254422187805175,False,-0.7244408804970757,False
2027,B,1554,1780451640.0,True,129,permission_denied,10,False,0.0,7.0,0.0,2.3853306495934485,True,0.45928106868933827,False,2.3853306495934485,True,1.0,True,5000000000.0,True,2.3853306495934485,True
2027,B,1555,1780451700.0,True,129,permission_denied,10,False,0.0,11.0,0.0,1.7678443210274706,True,0.4166811448902433,False,1.7678443210274706,True,1.0,True,5000000000.0,True,1.7678443210274706,True
2027,B,1556,1780451760.0,True,129,permission_denied,10,False,0.0,11.0,0.0,2.4212443568860857,True,0.4187126796054214,False,2.4212443568860857,True,1.0,True,6000000000.0,True,2.4212443568860857,True
2027,B,1557,1780451820.0,True,129,permission_denied,10,False,0.0,9.0,0.0,-1.5068619959739102,False,0.4074741804890498,False,-1.5068619959739102,False,0.6577756959520332,True,0.1407773017883301,False,-1.5068619959739102,False
2027,B,1558,1780451880.0,False,-1,,10,False,0.0,9.0,0.0,-1.0542088126289375,False,0.44565652019186214,False,-1.0542088126289375,False,0.6577756959520332,True,0.14095907211303713,False,-1.0542088126289375,False
2027,B,1559,1780451940.0,False,-1,,10,False,0.0,7.0,0.0,-1.1148820271154198,False,0.4273160441284014,False,-1.1148820271154198,False,0.9231861899451542,True,0.1254563808441162,False,-1.1148820271154198,False
2027,B,1560,1780452000.0,False,-1,,10,False,0.0,6.0,0.0,-0.5155801398341664,False,0.4672686157336085,False,-0.5155801398341664,False,0.9770168771360997,True,0.10648679733276367,False,-0.5155801398341664,False
2027,B,1561,1780452060.0,False,-1,,10,False,0.0,8.0,0.0,-1.7949531488298796,False,0.4115354489335226,False,-1.7949531488298796,False,0.8146204355576085,True,0.13901252746582032,False,-1.7949531488298796,False
2027,B,1562,1780452120.0,False,-1,,10,False,0.0,7.0,0.0,-1.603960957301247,False,0.4194804438835994,False,-1.603960957301247,False,0.9231861899451542,True,0.13432512283325196,False,-1.603960957301247,False
2027,B,1563,1780452180.0,False,-1,,10,False,0.0,7.0,0.0,-1.1061478084246135,False,0.45116848882851346,False,-1.1061478084246135,False,0.9231861899451542,True,0.13300476074218748,False,-1.1061478084246135,False
2027,B,1564,1780452240.0,False,-1,,10,False,0.0,4.0,0.0,-0.4259725207552849,False,0.5311793888748055,False,-0.4259725207552849,False,0.9995550565058623,True,0.12342631816864014,False,-0.4259725207552849,False
2027,B,1565,1780452300.0,False,-1,,10,False,0.0,9.0,0.0,-0.20468143554881024,False,0.4761371666265944,False,-0.20468143554881024,False,0.6577756959520332,True,0.19111051559448242,False,-0.20468143554881024,False
2027,B,1566,1780452360.0,False,-1,,10,False,0.0,7.0,0.0,-1.7339631186451827,False,0.41997287516145915,False,-1.7339631186451827,False,0.9231861899451542,True,0.14071550369262695,False,-1.7339631186451827,False
2027,B,1567,1780452420.0,False,-1,,10,False,0.0,4.0,0.0,-1.218201574404035,False,0.4995163675625493,False,-1.218201574404035,False,0.9995550565058623,True,0.131115984916687,False,-1.218201574404035,False
2027,B,1568,1780452480.0,True,130,resource_exhaustion,10,False,0.0,8.0,0.0,5.518385678268923,True,0.533945672449803,False,5.518385678268923,True,0.8146204355576085,True,0.18897292613983155,False,5.518385678268923,True
2027,B,1569,1780452540.0,True,130,resource_exhaustion,10,False,0.0,4.0,0.0,5.518385678268923,True,0.649281454734666,False,5.518385678268923,True,0.9995550565058623,True,0.2508820056915283,False,5.518385678268923,True
2027,B,1570,1780452600.0,True,130,resource_exhaustion,10,False,2.0,6.0,0.0,5.518385678268923,True,0.7185550942212764,True,5.518385678268923,True,1.0,True,1999999999.9999998,True,5.518385678268923,True
2027,B,1571,1780452660.0,True,130,resource_exhaustion,10,False,1.0,3.0,0.0,5.518385678268923,True,0.7308046115906283,True,5.518385678268923,True,1.0,True,999999999.9999999,True,5.518385678268923,True
2027,B,1572,1780452720.0,True,130,resource_exhaustion,10,False,0.0,11.0,0.0,5.518385678268923,True,0.515496461794472,False,5.518385678268923,True,0.34528727623408134,False,0.20940971374511722,False,5.518385678268923,True
2027,B,1573,1780452780.0,False,-1,,10,False,0.0,9.0,0.0,-0.7458753287501425,False,0.4319453429319525,False,-0.7458753287501425,False,0.6577756959520332,True,0.11343650817871094,False,-0.7458753287501425,False
2027,B,1574,1780452840.0,False,-1,,10,False,0.0,8.0,0.0,-0.12116774475314074,False,0.4773104020307521,False,-0.12116774475314074,False,0.8146204355576085,True,0.1534665822982788,False,-0.12116774475314074,False
2027,B,1575,1780452900.0,False,-1,,10,False,0.0,10.0,0.0,-1.7700208366999561,False,0.40421456633882347,False,-1.7700208366999561,False,0.4893257225979959,False,0.15531303882598876,False,-1.7700208366999561,False
2027,B,1576,1780452960.0,False,-1,,10,False,0.0,8.0,0.0,-1.2027499698588215,False,0.43691889278728113,False,-1.2027499698588215,False,0.8146204355576085,True,0.121956729888916,False,-1.2027499698588215,False
2027,B,1577,1780453020.0,False,-1,,10,False,0.0,5.0,0.0,-0.1957000831857858,False,0.5155313907409738,False,-0.1957000831857858,False,0.9955296766967997,True,0.14973621368408202,False,-0.1957000831857858,False
2027,B,1578,1780453080.0,False,-1,,10,False,0.0,5.0,0.0,-1.1073654395926056,False,0.47558511751594557,False,-1.1073654395926056,False,0.9955296766967997,True,0.1652667999267578,False,-1.1073654395926056,False
2027,B,1579,1780453140.0,False,-1,,10,False,0.0,3.0,0.0,0.6741762388159778,False,0.6032801844241245,False,0.6741762388159778,False,0.9999873715994484,True,0.16896634101867675,False,0.6741762388159778,False
2027,B,1580,1780453200.0,False,-1,,10,False,0.0,4.0,0.0,-0.17718214599636628,False,0.5829901333374474,False,-0.17718214599636628,False,0.9995550565058623,True,0.09831540584564208,False,-0.17718214599636628,False
2027,B,1581,1780453260.0,False,-1,,10,False,0.0,8.0,0.0,-1.6232099841339451,False,0.4314187848942641,False,-1.6232099841339451,False,0.8146204355576085,True,0.1343384265899658,False,-1.6232099841339451,False
2027,B,1582,1780453320.0,False,-1,,10,False,0.0,5.0,0.0,-1.183983117792069,False,0.4934370039499987,False,-1.183983117792069,False,0.9955296766967997,True,0.1478982925415039,False,-1.183983117792069,False
2027,B,1583,1780453380.0,True,131,permission_denied,10,False,0.0,7.0,0.0,0.02647564922679191,False,0.4374940266945611,False,0.02647564922679191,False,1.0,True,1999999999.9999998,True,0.02647564922679191,True
2027,B,1584,1780453440.0,True,131,permission_denied,10,False,0.0,6.0,0.0,2.361176354925521,True,0.5526119151854716,False,2.361176354925521,True,1.0,True,3999999999.9999995,True,2.361176354925521,True
2027,B,1585,1780453500.0,True,131,permission_denied,10,False,0.0,6.0,0.0,0.11418942173979829,False,0.46129855805036113,False,0.11418942173979829,False,1.0,True,1999999999.9999998,True,0.11418942173979829,True
2027,B,1586,1780453560.0,False,-1,,11,False,0.0,6.0,0.0,-1.0730051347056788,False,0.47446435141705456,False,-1.0730051347056788,False,0.9770168771360997,True,0.18077731132507324,False,-1.0730051347056788,False
2027,B,1587,1780453620.0,False,-1,,11,False,0.0,5.0,0.0,-0.8189872157053326,False,0.4932471377107597,False,-0.8189872157053326,False,0.9955296766967997,True,0.1137960433959961,False,-0.8189872157053326,False
2027,B,1588,1780453680.0,False,-1,,11,False,0.0,9.0,0.0,-1.951505976562724,False,0.41261045048634043,False,-1.951505976562724,False,0.6577756959520332,True,0.1421771049499512,False,-1.951505976562724,False
2027,B,1589,1780453740.0,False,-1,,11,False,0.0,3.0,0.0,-0.5674574034327895,False,0.5652515782575168,False,-0.5674574034327895,False,0.9999873715994484,True,0.12284154891967773,False,-0.5674574034327895,False
2027,B,1590,1780453800.0,False,-1,,11,False,0.0,7.0,0.0,-1.5396406899655055,False,0.4194847271660671,False,-1.5396406899655055,False,0.9231861899451542,True,0.1359447956085205,False,-1.5396406899655055,False
2027,B,1591,1780453860.0,False,-1,,11,False,0.0,5.0,0.0,-1.411468874084827,False,0.45830796080782255,False,-1.411468874084827,False,0.9955296766967997,True,0.12660484313964843,False,-1.411468874084827,False
2027,B,1592,1780453920.0,False,-1,,11,False,0.0,7.0,0.0,-1.4133057886385334,False,0.4504201016075855,False,-1.4133057886385334,False,0.9231861899451542,True,0.11782135963439941,False,-1.4133057886385334,False
2027,B,1593,1780453980.0,False,-1,,11,False,0.0,5.0,0.0,1.2639254435604892,True,0.5225459398713328,False,1.2639254435604892,True,0.9955296766967997,True,0.14560966491699218,False,1.2639254435604892,True
2027,B,1594,1780454040.0,False,-1,,11,False,0.0,1.0,0.0,0.2745395008720619,False,0.6832465705230175,False,0.2745395008720619,False,1.0,True,0.11386871337890624,False,0.2745395008720619,False
2027,B,1595,1780454100.0,False,-1,,11,False,0.0,7.0,0.0,-1.4391341482353832,False,0.42539267139095155,False,-1.4391341482353832,False,0.9231861899451542,True,0.14545211791992185,False,-1.4391341482353832,False
2027,B,1596,1780454160.0,False,-1,,11,False,0.0,8.0,0.0,-1.6322280580604591,False,0.42448357215438515,False,-1.6322280580604591,False,0.8146204355576085,True,0.14768664836883544,False,-1.6322280580604591,False
2027,B,1597,1780454220.0,True,132,resource_exhaustion,11,False,0.0,5.0,0.0,5.518385678268923,True,0.5473917549963382,False,5.518385678268923,True,0.9955296766967997,True,0.1831493377685547,False,5.518385678268923,True
2027,B,1598,1780454280.0,True,132,resource_exhaustion,11,False,2.0,6.0,0.0,5.518385678268923,True,0.7073317050172747,True,5.518385678268923,True,1.0,True,1999999999.9999998,True,5.518385678268923,True
2027,B,1599,1780454340.0,True,132,resource_exhaustion,11,False,0.0,5.0,0.0,5.518385678268923,True,0.5848100115618424,False,5.518385678268923,True,0.9955296766967997,True,0.22647733688354493,False,5.518385678268923,True
2027,B,1600,1780454400.0,True,132,resource_exhaustion,11,False,0.0,3.0,0.0,5.518385678268923,True,0.6644313896701536,False,5.518385678268923,True,0.9999873715994484,True,0.24157485961914063,False,5.518385678268923,True
2027,B,1601,1780454460.0,False,-1,,11,False,0.0,5.0,0.0,-0.7691525002555375,False,0.4758990938467046,False,-0.7691525002555375,False,0.9955296766967997,True,0.11426172256469724,False,-0.7691525002555375,False
2027,B,1602,1780454520.0,False,-1,,11,False,1.0,8.0,0.0,3.2577191960234013,True,0.6221331571356209,False,3.2577191960234013,True,8.530937904197262e-06,False,0.15082550048828122,False,3.2577191960234013,False
2027,B,1603,1780454580.0,False,-1,,11,False,0.0,7.0,0.0,-1.0267271687263682,False,0.4414848914004349,False,-1.0267271687263682,False,0.9231861899451542,True,0.18523926734924312,False,-1.0267271687263682,False
2027,B,1604,1780454640.0,False,-1,,11,False,0.0,7.0,0.0,-1.428417311766335,False,0.42488198380719894,False,-1.428417311766335,False,0.9231861899451542,True,0.13977417945861814,False,-1.428417311766335,False
2027,B,1605,1780454700.0,False,-1,,11,False,0.0,8.0,0.0,-0.9597340221748638,False,0.4352478119898786,False,-0.9597340221748638,False,0.8146204355576085,True,0.11448707580566406,False,-0.9597340221748638,False
2027,B,1606,1780454760.0,False,-1,,11,False,0.0,8.0,0.0,-0.6262840020236311,False,0.43229192270563394,False,-0.6262840020236311,False,0.8146204355576085,True,0.12406783103942873,False,-0.6262840020236311,False
2027,B,1607,1780454820.0,False,-1,,11,False,0.0,3.0,0.0,-0.5234704803117216,False,0.5439323713899653,False,-0.5234704803117216,False,0.9999873715994484,True,0.12135829925537109,False,-0.5234704803117216,False
2027,B,1608,1780454880.0,False,-1,,11,False,0.0,6.0,0.0,-1.531162170548643,False,0.43341374813976336,False,-1.531162170548643,False,0.9770168771360997,True,0.15501260757446286,False,-1.531162170548643,False
2027,B,1609,1780454940.0,True,133,resource_exhaustion,11,False,0.0,4.0,0.0,5.518385678268923,True,0.6554400144239535,False,5.518385678268923,True,1.0,True,999999999.9999999,True,5.518385678268923,True
2027,B,1610,1780455000.0,True,133,resource_exhaustion,11,False,0.0,3.0,0.0,5.518385678268922,True,0.606943136307859,False,5.518385678268922,True,0.9999873715994484,True,0.1474140644073486,False,5.518385678268922,True
2027,B,1611,1780455060.0,True,133,resource_exhaustion,11,False,1.0,8.0,0.0,5.518385678268923,True,0.6756548435153195,False,5.518385678268923,True,1.0,True,999999999.9999999,True,5.518385678268923,True
2027,B,1612,1780455120.0,False,-1,,11,False,0.0,8.0,0.0,-0.4861060905992991,False,0.456540700327732,False,-0.4861060905992991,False,0.8146204355576085,True,0.14916746616363527,False,-0.4861060905992991,False
2027,B,1613,1780455180.0,False,-1,,11,False,0.0,3.0,0.0,-0.6264615925212951,False,0.5428968886164391,False,-0.6264615925212951,False,0.9999873715994484,True,0.10785479545593261,False,-0.6264615925212951,False
2027,B,1614,1780455240.0,False,-1,,11,False,0.0,8.0,0.0,-1.2290692678909476,False,0.469103246454461,False,-1.2290692678909476,False,0.8146204355576085,True,0.11756334304809571,False,-1.2290692678909476,False
2027,B,1615,1780455300.0,False,-1,,11,False,0.0,11.0,0.0,-1.652299706008697,False,0.43127486203255455,False,-1.652299706008697,False,0.34528727623408134,False,0.13099002838134766,False,-1.652299706008697,False
2027,B,1616,1780455360.0,False,-1,,11,False,0.0,5.0,0.0,-1.2961328730662691,False,0.4532707577816447,False,-1.2961328730662691,False,0.9955296766967997,True,0.12700920104980468,False,-1.2961328730662691,False
2027,B,1617,1780455420.0,False,-1,,11,False,0.0,6.0,0.0,-1.3778992996089734,False,0.4402000124061517,False,-1.3778992996089734,False,0.9770168771360997,True,0.14374065399169922,False,-1.3778992996089734,False
2027,B,1618,1780455480.0,True,134,config_error,11,False,0.0,4.0,0.0,3.020696019989604,True,0.5491634649536151,False,3.020696019989604,True,0.9999999999993223,True,3999999999.9999995,True,3.020696019989604,True
2027,B,1619,1780455540.0,True,134,config_error,11,False,0.0,3.0,0.0,2.5081842096838454,True,0.6001461611064205,False,2.5081842096838454,True,1.0,True,3000000000.0,True,2.5081842096838454,True
2027,B,1620,1780455600.0,True,134,config_error,11,False,0.0,5.0,0.0,3.6510309385679482,True,0.524532970752659,False,3.6510309385679482,True,0.9999994308640248,True,5000000000.0,True,3.6510309385679482,True
2027,B,1621,1780455660.0,False,-1,,11,False,0.0,8.0,0.0,-1.2998316646280372,False,0.4270212179831297,False,-1.2998316646280372,False,0.8146204355576085,True,0.14875466823577882,False,-1.2998316646280372,False
2027,B,1622,1780455720.0,False,-1,,11,False,0.0,6.0,0.0,-0.7112778864767986,False,0.4751477837323432,False,-0.7112778864767986,False,0.9770168771360997,True,0.10897898674011232,False,-0.7112778864767986,False
2027,B,1623,1780455780.0,False,-1,,11,False,0.0,8.0,0.0,-1.5686648996807175,False,0.4265210097375102,False,-1.5686648996807175,False,0.8146204355576085,True,0.13705136775970458,False,-1.5686648996807175,False
2027,B,1624,1780455840.0,False,-1,,11,False,0.0,5.0,0.0,-1.3135796955559655,False,0.48373112946227464,False,-1.3135796955559655,False,0.9955296766967997,True,0.11379642486572265,False,-1.3135796955559655,False
2027,B,1625,1780455900.0,False,-1,,11,False,0.0,7.0,0.0,-1.2062083059012325,False,0.44098060509018716,False,-1.2062083059012325,False,0.9231861899451542,True,0.15221586227416992,False,-1.2062083059012325,False
2027,B,1626,1780455960.0,False,-1,,11,False,0.0,11.0,0.0,-0.7904612910522859,False,0.4305601607839929,False,-0.7904612910522859,False,0.34528727623408134,False,0.14967083930969238,False,-0.7904612910522859,False
2027,B,1627,1780456020.0,True,135,permission_denied,11,False,0.0,6.0,0.0,-1.363987771900204,False,0.43116141842172406,False,-1.363987771900204,False,0.9770168771360997,True,0.13340449333190915,False,-1.363987771900204,False
2027,B,1628,1780456080.0,True,135,permission_denied,11,True,0.0,10.0,0.0,0.5433680202483346,False,0.4009546783998361,False,0.5433680202483346,False,1.0,True,3000000000.0,True,0.5433680202483346,True
2027,B,1629,1780456140.0,True,135,permission_denied,11,True,0.0,45.0,0.0,4.726081642339485,True,0.481891820432109,False,4.726081642339485,True,1.0,True,24000000000.0,True,4.726081642339485,True
2027,B,1630,1780456200.0,True,135,permission_denied,11,True,0.0,54.0,0.0,4.548509522262193,True,0.5127073105783251,False,4.548509522262193,True,1.0,True,20000000000.0,True,4.548509522262193,True
2027,B,1631,1780456260.0,True,135,permission_denied,11,False,0.0,4.0,0.0,1.8349934699154993,True,0.5879301493562685,False,1.8349934699154993,True,1.0,True,999999999.9999999,True,1.8349934699154993,True
2027,B,1632,1780456320.0,False,-1,,11,False,0.0,5.0,0.0,-0.18610132855617234,False,0.5320183473905798,False,-0.18610132855617234,False,0.9955296766967997,True,0.1021942138671875,False,-0.18610132855617234,False
2027,B,1633,1780456380.0,False,-1,,11,False,0.0,4.0,0.0,-0.8911147967825226,False,0.5113925523790268,False,-0.8911147967825226,False,0.9995550565058623,True,0.13972346782684325,False,-0.8911147967825226,False
2027,B,1634,1780456440.0,False,-1,,11,False,0.0,5.0,0.0,-1.378800781375653,False,0.4597631106518887,False,-1.378800781375653,False,0.9955296766967997,True,0.13958654403686524,False,-1.378800781375653,False
2027,B,1635,1780456500.0,False,-1,,11,False,0.0,9.0,0.0,-1.3281031120052749,False,0.4269477757458348,False,-1.3281031120052749,False,0.6577756959520332,True,0.1687925338745117,False,-1.3281031120052749,False
2027,B,1636,1780456560.0,False,-1,,11,False,0.0,6.0,0.0,-1.149784215739647,False,0.4368450854912952,False,-1.149784215739647,False,0.9770168771360997,True,0.12475240230560303,False,-1.149784215739647,False
2027,B,1637,1780456620.0,False,-1,,11,False,0.0,4.0,0.0,0.21814257754741817,False,0.544035279954636,False,0.21814257754741817,False,0.9995550565058623,True,0.12575919628143312,False,0.21814257754741817,False
2027,B,1638,1780456680.0,False,-1,,11,False,0.0,4.0,0.0,-0.9088200715049188,False,0.5253107845421814,False,-0.9088200715049188,False,0.9995550565058623,True,0.10785777568817138,False,-0.9088200715049188,False
2027,B,1639,1780456740.0,False,-1,,11,False,0.0,5.0,0.0,-0.6414221536590894,False,0.5251714900661788,False,-0.6414221536590894,False,0.9955296766967997,True,0.10499534606933592,False,-0.6414221536590894,False
2027,B,1640,1780456800.0,False,-1,,11,False,0.0,3.0,0.0,-0.8090569675904673,False,0.5321754830738974,False,-0.8090569675904673,False,0.9999873715994484,True,0.12195072174072266,False,-0.8090569675904673,False
2027,B,1641,1780456860.0,False,-1,,11,False,0.0,3.0,0.0,0.31434834554928504,False,0.5937073253805784,False,0.31434834554928504,False,0.9999873715994484,True,0.09587826728820803,False,0.31434834554928504,False
2027,B,1642,1780456920.0,True,136,permission_denied,11,False,0.0,3.0,0.0,-0.29804178260936,False,0.5436989595233551,False,-0.29804178260936,False,0.9999873715994484,True,0.11036529541015624,False,-0.29804178260936,False
2027,B,1643,1780456980.0,True,136,permission_denied,11,False,0.0,6.0,0.0,0.3165911069181746,False,0.45454270335164226,False,0.3165911069181746,False,1.0,True,1999999999.9999998,True,0.3165911069181746,True
2027,B,1644,1780457040.0,True,136,permission_denied,11,False,0.0,8.0,0.0,-0.44953942060693386,False,0.43623226894051437,False,-0.44953942060693386,False,1.0,True,999999999.9999999,True,-0.44953942060693386,True
2027,B,1645,1780457100.0,True,136,permission_denied,11,False,0.0,3.0,0.0,-0.678296579678543,False,0.5333298348964508,False,-0.678296579678543,False,0.9999873715994484,True,0.11739158630371094,False,-0.678296579678543,False
2027,B,1646,1780457160.0,False,-1,,11,False,0.0,7.0,0.0,-1.3040947146616375,False,0.4736505828970112,False,-1.3040947146616375,False,0.9231861899451542,True,0.11452560424804688,False,-1.3040947146616375,False
2027,B,1647,1780457220.0,False,-1,,11,False,0.0,9.0,0.0,-0.6879113964355801,False,0.4423826570520049,False,-0.6879113964355801,False,0.6577756959520332,True,0.1510558128356934,False,-0.6879113964355801,False
2027,B,1648,1780457280.0,False,-1,,11,False,0.0,6.0,0.0,-1.5879418513664998,False,0.4271578118513597,False,-1.5879418513664998,False,0.9770168771360997,True,0.13621819019317624,False,-1.5879418513664998,False
2027,B,1649,1780457340.0,False,-1,,11,False,0.0,4.0,0.0,-1.172560585826834,False,0.5140185041701082,False,-1.172560585826834,False,0.9995550565058623,True,0.1111499786376953,False,-1.172560585826834,False
2027,B,1650,1780457400.0,False,-1,,11,False,0.0,5.0,0.0,-0.8559270194582345,False,0.5153409576762502,False,-0.8559270194582345,False,0.9955296766967997,True,0.11164617538452148,False,-0.8559270194582345,False
2027,B,1651,1780457460.0,False,-1,,11,False,0.0,6.0,0.0,-1.0770276580476077,False,0.46234299438870385,False,-1.0770276580476077,False,0.9770168771360997,True,0.11316287517547607,False,-1.0770276580476077,False
2027,B,1652,1780457520.0,False,-1,,11,False,0.0,4.0,0.0,-1.2159766248831163,False,0.4941656750765811,False,-1.2159766248831163,False,0.9995550565058623,True,0.12185080051422119,False,-1.2159766248831163,False
2027,B,1653,1780457580.0,False,-1,,11,False,0.0,6.0,0.0,-0.3315523391412283,False,0.47356483937768645,False,-0.3315523391412283,False,0.9770168771360997,True,0.12529373168945312,False,-0.3315523391412283,False
2027,B,1654,1780457640.0,True,137,config_error,11,False,0.0,7.0,0.0,-0.013613264827695204,False,0.46062079314144416,False,-0.013613264827695204,False,1.0,True,999999999.9999999,True,-0.013613264827695204,True
2027,B,1655,1780457700.0,True,137,config_error,11,False,0.0,9.0,0.0,4.555359446185338,True,0.4527530068102909,False,4.555359446185338,True,2.551273813376603e-06,False,9000000000.0,True,4.555359446185338,True
2027,B,1656,1780457760.0,True,137,config_error,11,False,0.0,4.0,0.0,3.1053711447339,True,0.5373376643996028,False,3.1053711447339,True,0.9999999999993223,True,3999999999.9999995,True,3.1053711447339,True
2027,B,1657,1780457820.0,True,137,config_error,11,False,0.0,4.0,0.0,0.7183572273045673,False,0.5644935386078704,False,0.7183572273045673,False,1.0,True,1999999999.9999998,True,0.7183572273045673,True
2027,B,1658,1780457880.0,False,-1,,11,False,0.0,8.0,0.0,-1.3252949463506942,False,0.42777604425009946,False,-1.3252949463506942,False,0.8146204355576085,True,0.15095212459564208,False,-1.3252949463506942,False
2027,B,1659,1780457940.0,False,-1,,11,False,0.0,4.0,0.0,-0.2559970109904812,False,0.5592973282707066,False,-0.2559970109904812,False,0.9995550565058623,True,0.16849164962768554,False,-0.2559970109904812,False
2027,B,1660,1780458000.0,False,-1,,11,False,0.0,3.0,0.0,-1.1034404580627486,False,0.5426827988739844,False,-1.1034404580627486,False,0.9999873715994484,True,0.11865158081054687,False,-1.1034404580627486,False
2027,B,1661,1780458060.0,False,-1,,11,False,0.0,4.0,0.0,-0.9855955345599385,False,0.5036993038059583,False,-0.9855955345599385,False,0.9995550565058623,True,0.14269435405731198,False,-0.9855955345599385,False
2027,B,1662,1780458120.0,False,-1,,11,False,0.0,4.0,0.0,-1.099572848988986,False,0.5208752976686305,False,-1.099572848988986,False,0.9995550565058623,True,0.14251916408538817,False,-1.099572848988986,False
2027,B,1663,1780458180.0,False,-1,,11,False,0.0,3.0,0.0,-0.7262725468562641,False,0.5564323041783216,False,-0.7262725468562641,False,0.9999873715994484,True,0.11606597900390625,False,-0.7262725468562641,False
2027,B,1664,1780458240.0,False,-1,,11,False,0.0,4.0,0.0,4.030113737341324,True,0.6131197069417431,False,4.030113737341324,True,0.9995550565058623,True,0.08933796882629397,False,4.030113737341324,True
2027,B,1665,1780458300.0,False,-1,,11,False,0.0,2.0,0.0,2.7327249431060077,True,0.6860032219510984,False,2.7327249431060077,True,0.999999982548223,True,0.08998730182647703,False,2.7327249431060077,True
2027,B,1666,1780458360.0,False,-1,,11,False,0.0,4.0,0.0,0.13411111292423872,False,0.5662438093945972,False,0.13411111292423872,False,0.9995550565058623,True,0.10717952251434328,False,0.13411111292423872,False
2027,B,1667,1780458420.0,True,138,dependency_timeout,11,False,0.0,4.0,0.0,-1.150783299831689,False,0.5001883675867478,False,-1.150783299831689,False,0.9995550565058623,True,0.1309445381164551,False,-1.150783299831689,False
2027,B,1668,1780458480.0,True,138,dependency_timeout,11,False,0.0,6.0,0.0,5.518385678268923,True,0.5806828940902479,False,5.518385678268923,True,1.0,True,5000000000.0,True,5.518385678268923,True
2027,B,1669,1780458540.0,True,138,dependency_timeout,11,False,0.0,4.0,0.0,5.518385678268923,True,0.6236880938625737,False,5.518385678268923,True,1.0,True,3000000000.0,True,5.518385678268923,True
2027,B,1670,1780458600.0,True,138,dependency_timeout,11,False,0.0,7.0,0.0,5.518217239732635,True,0.5037685675194012,False,5.518217239732635,True,0.9231861899451542,True,1.0532426834106443,True,5.518217239732635,True
2027,B,1671,1780458660.0,False,-1,,11,False,0.0,1.0,0.0,0.633317239798429,False,0.7000219945856473,True,0.633317239798429,False,1.0,True,0.12494325637817384,False,0.633317239798429,False
2027,B,1672,1780458720.0,False,-1,,11,False,0.0,4.0,0.0,-0.43694140209357357,False,0.5252154803619707,False,-0.43694140209357357,False,0.9995550565058623,True,0.18183505535125732,False,-0.43694140209357357,False
2027,B,1673,1780458780.0,False,-1,,11,False,0.0,6.0,0.0,-1.1534190796660697,False,0.43515845180012724,False,-1.1534190796660697,False,0.9770168771360997,True,0.14142310619354248,False,-1.1534190796660697,False
2027,B,1674,1780458840.0,False,-1,,11,False,0.0,6.0,0.0,-1.3388084524399204,False,0.4471387987400487,False,-1.3388084524399204,False,0.9770168771360997,True,0.14271199703216553,False,-1.3388084524399204,False
2027,B,1675,1780458900.0,False,-1,,11,False,0.0,9.0,0.0,-1.1832091493602235,False,0.41037350161478947,False,-1.1832091493602235,False,0.6577756959520332,True,0.13716726303100585,False,-1.1832091493602235,False
2027,B,1676,1780458960.0,False,-1,,11,False,0.0,3.0,0.0,5.034659254646375,True,0.612345512517631,False,5.034659254646375,True,0.9999873715994484,True,0.12455244064331056,False,5.034659254646375,True
2027,B,1677,1780459020.0,False,-1,,11,False,0.0,7.0,0.0,-0.9392336746243695,False,0.44528367900504673,False,-0.9392336746243695,False,0.9231861899451542,True,0.14286451339721679,False,-0.9392336746243695,False
2027,B,1678,1780459080.0,False,-1,,11,False,0.0,6.0,0.0,-1.4932232003900925,False,0.4268217176979844,False,-1.4932232003900925,False,0.9770168771360997,True,0.13352024555206302,False,-1.4932232003900925,False
2027,B,1679,1780459140.0,True,139,config_error,11,False,0.0,5.0,0.0,0.693414184626036,False,0.5293002043271421,False,0.693414184626036,False,1.0,True,1999999999.9999998,True,0.693414184626036,True
2027,B,1680,1780459200.0,True,139,config_error,11,False,0.0,2.0,0.0,3.630917038890198,True,0.668932227237995,False,3.630917038890198,True,1.0,True,1999999999.9999998,True,3.630917038890198,True
2027,B,1681,1780459260.0,True,139,config_error,11,False,0.0,5.0,0.0,2.470350525258458,True,0.5032730540146627,False,2.470350525258458,True,0.9999999999999603,True,3999999999.9999995,True,2.470350525258458,True
2027,B,1682,1780459320.0,True,139,config_error,11,False,0.0,5.0,0.0,2.2108359954975376,True,0.5146062757359076,False,2.2108359954975376,True,0.9999999999999603,True,3999999999.9999995,True,2.2108359954975376,True
2027,B,1683,1780459380.0,False,-1,,11,False,0.0,4.0,0.0,-1.1391906039490678,False,0.505349101811562,False,-1.1391906039490678,False,0.9995550565058623,True,0.1316591262817383,False,-1.1391906039490678,False
2027,B,1684,1780459440.0,False,-1,,11,False,0.0,4.0,0.0,-0.01069517560620259,False,0.5310022790588674,False,-0.01069517560620259,False,0.9995550565058623,True,0.14626028537750244,False,-0.01069517560620259,False
2027,B,1685,1780459500.0,False,-1,,11,False,0.0,7.0,0.0,-0.807901624702474,False,0.44287384443382055,False,-0.807901624702474,False,0.9231861899451542,True,0.12644062042236326,False,-0.807901624702474,False
2027,B,1686,1780459560.0,False,-1,,11,False,0.0,6.0,0.0,-1.3712604964945019,False,0.435992611723892,False,-1.3712604964945019,False,0.9770168771360997,True,0.1373504400253296,False,-1.3712604964945019,False
2027,B,1687,1780459620.0,False,-1,,11,False,0.0,6.0,0.0,-0.03656845679188958,False,0.5014238416123598,False,-0.03656845679188958,False,0.9770168771360997,True,0.12406373023986815,False,-0.03656845679188958,False
2027,B,1688,1780459680.0,False,-1,,11,False,0.0,4.0,0.0,1.7496723362914897,True,0.5879953089342422,False,1.7496723362914897,True,0.9995550565058623,True,0.22097921371459958,False,1.7496723362914897,True
2027,B,1689,1780459740.0,False,-1,,11,False,0.0,5.0,0.0,-1.3596796823512483,False,0.4767007052268582,False,-1.3596796823512483,False,0.9955296766967997,True,0.14484939575195313,False,-1.3596796823512483,False
2027,B,1690,1780459800.0,False,-1,,11,False,0.0,7.0,0.0,-0.6885584961898648,False,0.46806736010680033,False,-0.6885584961898648,False,0.9231861899451542,True,0.10376543998718261,False,-0.6885584961898648,False
2027,B,1691,1780459860.0,False,-1,,11,False,0.0,5.0,0.0,-0.9800374461227825,False,0.47109557869711793,False,-0.9800374461227825,False,0.9955296766967997,True,0.12954130172729492,False,-0.9800374461227825,False
2027,B,1692,1780459920.0,False,-1,,11,False,0.0,5.0,0.0,-0.5843776070341082,False,0.49820948597801307,False,-0.5843776070341082,False,0.9955296766967997,True,0.09879541397094725,False,-0.5843776070341082,False
2027,B,1693,1780459980.0,True,140,dependency_timeout,11,False,0.0,4.0,0.0,-0.27561550403696344,False,0.5437342109776109,False,-0.27561550403696344,False,0.9995550565058623,True,0.11172754764556886,False,-0.27561550403696344,False
2027,B,1694,1780460040.0,True,140,dependency_timeout,11,False,1.0,5.0,0.0,5.518385678268923,True,0.6787403072763537,False,5.518385678268923,True,1.0,True,999999999.9999999,True,5.518385678268923,True
2027,B,1695,1780460100.0,True,140,dependency_timeout,11,False,0.0,3.0,0.0,5.518385678266369,True,0.6388072174868821,False,5.518385678266369,True,0.9999873715994484,True,0.6703106880187988,False,5.518385678266369,True
2027,B,1696,1780460160.0,True,140,dependency_timeout,11,False,0.0,4.0,0.0,-1.0433056002084875,False,0.4953922686608878,False,-1.0433056002084875,False,0.9995550565058623,True,0.14270832538604736,False,-1.0433056002084875,False
2027,B,1697,1780460220.0,False,-1,,11,False,0.0,8.0,0.0,-0.4512611979120491,False,0.46372505932424696,False,-0.4512611979120491,False,0.8146204355576085,True,0.12248327732086181,False,-0.4512611979120491,False
2027,B,1698,1780460280.0,False,-1,,11,False,0.0,4.0,0.0,-0.6155612199225642,False,0.5235384858773469,False,-0.6155612199225642,False,0.9995550565058623,True,0.09934945106506347,False,-0.6155612199225642,False
2027,B,1699,1780460340.0,False,-1,,11,False,0.0,4.0,0.0,-0.44661180671057554,False,0.5270384362084589,False,-0.44661180671057554,False,0.9995550565058623,True,0.09765975475311281,False,-0.44661180671057554,False
2027,B,1700,1780460400.0,False,-1,,11,False,0.0,7.0,0.0,-0.9776083007526424,False,0.4415770773817864,False,-0.9776083007526424,False,0.9231861899451542,True,0.13406558036804198,False,-0.9776083007526424,False
2027,B,1701,1780460460.0,False,-1,,11,False,0.0,6.0,0.0,-1.327688575118934,False,0.43428828771608013,False,-1.327688575118934,False,0.9770168771360997,True,0.13211333751678464,False,-1.327688575118934,False
2027,B,1702,1780460520.0,False,-1,,11,False,0.0,4.0,0.0,-0.6939579303009022,False,0.5294989698243019,False,-0.6939579303009022,False,0.9995550565058623,True,0.12815148830413817,False,-0.6939579303009022,False
2027,B,1703,1780460580.0,False,-1,,11,False,0.0,6.0,0.0,-1.0314372457111585,False,0.4470940146560548,False,-1.0314372457111585,False,0.9770168771360997,True,0.11559045314788818,False,-1.0314372457111585,False
2027,B,1704,1780460640.0,True,141,permission_denied,11,False,0.0,8.0,0.0,-1.5009004364942067,False,0.4262543473486833,False,-1.5009004364942067,False,0.8146204355576085,True,0.13424174785614013,False,-1.5009004364942067,False
2027,B,1705,1780460700.0,True,141,permission_denied,11,False,0.0,9.0,0.0,1.5346379899082003,True,0.4309220758593955,False,1.5346379899082003,True,1.0,True,3999999999.9999995,True,1.5346379899082003,True
2027,B,1706,1780460760.0,True,141,permission_denied,11,False,0.0,5.0,0.0,1.6244818364040499,True,0.5208858853818363,False,1.6244818364040499,True,1.0,True,3000000000.0,True,1.6244818364040499,True
2027,B,1707,1780460820.0,True,141,permission_denied,11,False,0.0,9.0,0.0,-0.7546870733338702,False,0.4531562954512438,False,-0.7546870733338702,False,0.6577756959520332,True,0.10676822662353518,False,-0.7546870733338702,False
2027,B,1708,1780460880.0,False,-1,,11,False,0.0,7.0,0.0,-1.4435750272370305,False,0.42350568527465193,False,-1.4435750272370305,False,0.9231861899451542,True,0.12971558570861816,False,-1.4435750272370305,False
2027,B,1709,1780460940.0,False,-1,,11,False,0.0,7.0,0.0,-1.1613010719519279,False,0.46831456577155794,False,-1.1613010719519279,False,0.9231861899451542,True,0.14369568824768064,False,-1.1613010719519279,False
2027,B,1710,1780461000.0,False,-1,,11,False,0.0,6.0,0.0,-0.9543569554768121,False,0.4794319960621577,False,-0.9543569554768121,False,0.9770168771360997,True,0.1322476863861084,False,-0.9543569554768121,False
2027,B,1711,1780461060.0,False,-1,,11,False,0.0,6.0,0.0,0.9958003198455749,False,0.5314647149812796,False,0.9958003198455749,False,0.9770168771360997,True,0.13407552242279053,False,0.9958003198455749,False
2027,B,1712,1780461120.0,False,-1,,11,False,0.0,3.0,0.0,0.6415945741066658,False,0.5758627917012112,False,0.6415945741066658,False,0.9999873715994484,True,0.09494447708129883,False,0.6415945741066658,False
2027,B,1713,1780461180.0,False,-1,,11,False,0.0,5.0,0.0,-1.2465677110679234,False,0.489554121072029,False,-1.2465677110679234,False,0.9955296766967997,True,0.15239677429199217,False,-1.2465677110679234,False
2027,B,1714,1780461240.0,False,-1,,11,False,0.0,4.0,0.0,-0.7327386594743492,False,0.52284246702021,False,-0.7327386594743492,False,0.9995550565058623,True,0.12633185386657714,False,-0.7327386594743492,False
2027,B,1715,1780461300.0,False,-1,,11,False,0.0,7.0,0.0,-0.1526768388877402,False,0.47631100067770615,False,-0.1526768388877402,False,0.9231861899451542,True,0.17352004051208497,False,-0.1526768388877402,False
2027,B,1716,1780461360.0,True,142,dependency_timeout,11,False,0.0,7.0,0.0,5.518385678268923,True,0.5315941414752454,False,5.518385678268923,True,1.0,True,999999999.9999999,True,5.518385678268923,True
2027,B,1717,1780461420.0,True,142,dependency_timeout,11,False,0.0,3.0,0.0,5.518385678268923,True,0.6429451389012396,False,5.518385678268923,True,1.0,True,1999999999.9999998,True,5.518385678268923,True
2027,B,1718,1780461480.0,True,142,dependency_timeout,11,False,0.0,4.0,0.0,5.518385635894808,True,0.5987500196738481,False,5.518385635894808,True,0.999646546780698,True,999999999.9999999,True,5.518385635894808,True
2027,B,1719,1780461540.0,True,142,dependency_timeout,11,False,1.0,4.0,0.0,5.518385678268923,True,0.7002573348954066,True,5.518385678268923,True,1.0,True,999999999.9999999,True,5.518385678268923,True
2027,B,1720,1780461600.0,False,-1,,11,False,0.0,9.0,0.0,-1.5892408624838188,False,0.4008046997954697,False,-1.5892408624838188,False,0.6577756959520332,True,0.14034452438354494,False,-1.5892408624838188,False
2027,B,1721,1780461660.0,False,-1,,11,False,0.0,6.0,0.0,-0.9136074860912577,False,0.46596532803510327,False,-0.9136074860912577,False,0.9770168771360997,True,0.14642715454101562,False,-0.9136074860912577,False
2027,B,1722,1780461720.0,False,-1,,11,False,0.0,5.0,0.0,-1.1688117474069584,False,0.4774375629018368,False,-1.1688117474069584,False,0.9955296766967997,True,0.11107044219970705,False,-1.1688117474069584,False
2027,B,1723,1780461780.0,False,-1,,11,False,0.0,5.0,0.0,-1.3184664519373692,False,0.4745350093006846,False,-1.3184664519373692,False,0.9955296766967997,True,0.14250135421752927,False,-1.3184664519373692,False
2027,B,1724,1780461840.0,False,-1,,11,False,0.0,2.0,0.0,-0.9101582343899253,False,0.6234153610712908,False,-0.9101582343899253,False,0.999999982548223,True,0.09680562019348145,False,-0.9101582343899253,False
2027,B,1725,1780461900.0,False,-1,,11,False,0.0,2.0,0.0,0.9745257978863098,False,0.6646830407471713,False,0.9745257978863098,False,0.999999982548223,True,0.15164406299591066,False,0.9745257978863098,False
2027,B,1726,1780461960.0,False,-1,,11,False,0.0,8.0,0.0,-1.2991548216875604,False,0.44707323418148953,False,-1.2991548216875604,False,0.8146204355576085,True,0.19455368518829347,False,-1.2991548216875604,False
2027,B,1727,1780462020.0,False,-1,,11,False,0.0,4.0,0.0,-0.6840131971400245,False,0.5404186117520654,False,-0.6840131971400245,False,0.9995550565058623,True,0.14631781578063965,False,-0.6840131971400245,False
2027,B,1728,1780462080.0,False,-1,,11,False,0.0,2.0,0.0,-0.50300537409003,False,0.6217341909671232,False,-0.50300537409003,False,0.999999982548223,True,0.12877435684204103,False,-0.50300537409003,False
2027,B,1729,1780462140.0,False,-1,,11,False,0.0,5.0,0.0,-1.2969779324542898,False,0.46203443865068305,False,-1.2969779324542898,False,0.9955296766967997,True,0.13588285446166992,False,-1.2969779324542898,False
2027,B,1730,1780462200.0,False,-1,,11,False,0.0,5.0,0.0,-1.2242538495722384,False,0.46645096410910103,False,-1.2242538495722384,False,0.9955296766967997,True,0.13272142410278318,False,-1.2242538495722384,False
2027,B,1731,1780462260.0,True,143,resource_exhaustion,11,False,0.0,9.0,0.0,5.518385678268923,True,0.5577500713013352,False,5.518385678268923,True,0.6577756959520332,True,0.26224546432495116,False,5.518385678268923,True
2027,B,1732,1780462320.0,True,143,resource_exhaustion,11,False,0.0,3.0,0.0,5.518385678268923,True,0.6642066550926042,False,5.518385678268923,True,0.9999873715994484,True,0.2302517414093017,False,5.518385678268923,True
2027,B,1733,1780462380.0,True,143,resource_exhaustion,11,False,0.0,6.0,0.0,5.518385678268923,True,0.594804827479159,False,5.518385678268923,True,0.9770168771360997,True,0.2496565580368042,False,5.518385678268923,True
2027,B,1734,1780462440.0,True,143,resource_exhaustion,11,False,0.0,8.0,0.0,5.518385678268923,True,0.5623461970681992,False,5.518385678268923,True,0.8146204355576085,True,0.23603477478027343,False,5.518385678268923,True
2027,B,1735,1780462500.0,True,143,resource_exhaustion,11,False,0.0,1.0,0.0,0.30658783296872727,False,0.7024595064111452,True,0.30658783296872727,False,1.0,True,0.08449316024780273,False,0.30658783296872727,False
2027,B,1736,1780462560.0,False,-1,,12,False,0.0,5.0,0.0,-0.6005243964923119,False,0.4835463897188027,False,-0.6005243964923119,False,0.9955296766967997,True,0.11333818435668945,False,-0.6005243964923119,False
2027,B,1737,1780462620.0,False,-1,,12,False,0.0,12.0,0.0,-1.3844309978674287,False,0.40673985642493016,False,-1.3844309978674287,False,0.2386920822861176,False,0.1329709529876709,False,-1.3844309978674287,False
2027,B,1738,1780462680.0,False,-1,,12,False,0.0,4.0,0.0,-0.40578497945859127,False,0.520815547520806,False,-0.40578497945859127,False,0.9995550565058623,True,0.12725510597229003,False,-0.40578497945859127,False
2027,B,1739,1780462740.0,False,-1,,12,False,0.0,6.0,0.0,-1.1797964907317864,False,0.4566826447995652,False,-1.1797964907317864,False,0.9770168771360997,True,0.17671144008636475,False,-1.1797964907317864,False
2027,B,1740,1780462800.0,False,-1,,12,False,0.0,4.0,0.0,-0.642907277610349,False,0.5445168243597949,False,-0.642907277610349,False,0.9995550565058623,True,0.14925031661987304,False,-0.642907277610349,False
2027,B,1741,1780462860.0,False,-1,,12,False,0.0,4.0,0.0,-1.1588235458927914,False,0.49210349117606444,False,-1.1588235458927914,False,0.9995550565058623,True,0.13309204578399655,False,-1.1588235458927914,False
2027,B,1742,1780462920.0,False,-1,,12,False,0.0,6.0,0.0,0.3485736014052856,False,0.48829638450907387,False,0.3485736014052856,False,0.9770168771360997,True,0.16045606136322021,False,0.3485736014052856,False
2027,B,1743,1780462980.0,False,-1,,12,False,1.0,4.0,0.0,3.8610527912440307,True,0.6628404564980618,False,3.8610527912440307,True,2.7070021355993888e-05,False,0.16478507518768307,False,3.8610527912440307,False
2027,B,1744,1780463040.0,True,144,dependency_timeout,12,False,0.0,4.0,0.0,-0.9375185636119268,False,0.49417499960592687,False,-0.9375185636119268,False,0.999646546780698,True,999999999.9999999,True,-0.9375185636119268,False
2027,B,1745,1780463100.0,True,144,dependency_timeout,12,False,2.0,8.0,0.0,5.518385678268923,True,0.6884774322318828,False,5.518385678268923,True,1.0,True,3000000000.0,True,5.518385678268923,True
2027,B,1746,1780463160.0,True,144,dependency_timeout,12,False,0.0,7.0,0.0,5.518385678262019,True,0.5496101445537768,False,5.518385678262019,True,0.9231861899451542,True,0.8964695930480958,False,5.518385678262019,True
2027,B,1747,1780463220.0,True,144,dependency_timeout,12,False,0.0,5.0,0.0,5.5183855036819685,True,0.5955073949327466,False,5.5183855036819685,True,0.9955296766967997,True,0.4595799446105957,False,5.5183855036819685,True
2027,B,1748,1780463280.0,False,-1,,12,False,0.0,1.0,0.0,1.2216116221715465,True,0.7027745894861741,True,1.2216116221715465,True,1.0,True,0.1169753074645996,False,1.2216116221715465,True
2027,B,1749,1780463340.0,False,-1,,12,False,0.0,5.0,0.0,-1.210650600531948,False,0.4940192397880578,False,-1.210650600531948,False,0.9955296766967997,True,0.16744651794433593,False,-1.210650600531948,False
2027,B,1750,1780463400.0,False,-1,,12,False,0.0,7.0,0.0,-0.7139846621665145,False,0.4550954330995873,False,-0.7139846621665145,False,0.9231861899451542,True,0.11780195236206055,False,-0.7139846621665145,False
2027,B,1751,1780463460.0,False,-1,,12,False,0.0,3.0,0.0,0.2375985407594321,False,0.571805099019614,False,0.2375985407594321,False,0.9999873715994484,True,0.10097680091857911,False,0.2375985407594321,False
2027,B,1752,1780463520.0,False,-1,,12,False,0.0,5.0,0.0,-1.0404019964674234,False,0.4722919033566034,False,-1.0404019964674234,False,0.9955296766967997,True,0.1414346694946289,False,-1.0404019964674234,False
2027,B,1753,1780463580.0,False,-1,,12,False,0.0,2.0,0.0,3.8866653911934703,True,0.6723311170699379,False,3.8866653911934703,True,0.999999982548223,True,0.22555854320526122,False,3.8866653911934703,True
2027,B,1754,1780463640.0,False,-1,,12,False,0.0,5.0,0.0,-1.3444742221740826,False,0.48079085241485087,False,-1.3444742221740826,False,0.9955296766967997,True,0.1572087287902832,False,-1.3444742221740826,False
2027,B,1755,1780463700.0,False,-1,,12,False,0.0,8.0,0.0,-1.802779944672607,False,0.4246071087010282,False,-1.802779944672607,False,0.8146204355576085,True,0.16997096538543702,False,-1.802779944672607,False
2027,B,1756,1780463760.0,False,-1,,12,False,0.0,9.0,0.0,-1.1589421585645994,False,0.43395609218208253,False,-1.1589421585645994,False,0.6577756959520332,True,0.19335546493530273,False,-1.1589421585645994,False
2027,B,1757,1780463820.0,False,-1,,12,False,0.0,4.0,0.0,-1.0381605473625477,False,0.5232233354776221,False,-1.0381605473625477,False,0.9995550565058623,True,0.11338520050048828,False,-1.0381605473625477,False
2027,B,1758,1780463880.0,False,-1,,12,False,0.0,6.0,0.0,-1.4116277618211983,False,0.4394383461134071,False,-1.4116277618211983,False,0.9770168771360997,True,0.12445473670959474,False,-1.4116277618211983,False
2027,B,1759,1780463940.0,True,145,dependency_timeout,12,False,1.0,7.0,0.0,5.518385678268923,True,0.6726465195865493,False,5.518385678268923,True,1.0,True,3999999999.9999995,True,5.518385678268923,True
2027,B,1760,1780464000.0,True,145,dependency_timeout,12,False,1.0,6.0,0.0,5.518385678268923,True,0.6727665290401981,False,5.518385678268923,True,1.0,True,1999999999.9999998,True,5.518385678268923,True
2027,B,1761,1780464060.0,True,145,dependency_timeout,12,False,0.0,6.0,0.0,5.518385678268923,True,0.5775201747587504,False,5.518385678268923,True,1.0,True,3000000000.0,True,5.518385678268923,True
2027,B,1762,1780464120.0,True,145,dependency_timeout,12,False,0.0,11.0,0.0,5.518385678268923,True,0.529429129303584,False,5.518385678268923,True,1.0,True,3000000000.0,True,5.518385678268923,True
2027,B,1763,1780464180.0,False,-1,,12,False,0.0,7.0,0.0,-0.804088676223536,False,0.4558996758491878,False,-0.804088676223536,False,0.9231861899451542,True,0.15170350074768063,False,-0.804088676223536,False
2027,B,1764,1780464240.0,False,-1,,12,False,0.0,10.0,0.0,-0.9690161468676255,False,0.42911009733673,False,-0.9690161468676255,False,0.4893257225979959,False,0.15514638423919677,False,-0.9690161468676255,False
2027,B,1765,1780464300.0,False,-1,,12,False,0.0,6.0,0.0,-0.9521248469793875,False,0.44760579098460496,False,-0.9521248469793875,False,0.9770168771360997,True,0.1719578504562378,False,-0.9521248469793875,False
2027,B,1766,1780464360.0,False,-1,,12,False,0.0,4.0,0.0,-1.0980962499606193,False,0.4987380098464212,False,-1.0980962499606193,False,0.9995550565058623,True,0.1459479570388794,False,-1.0980962499606193,False
2027,B,1767,1780464420.0,False,-1,,12,False,0.0,5.0,0.0,-1.27579143660898,False,0.4634383864993715,False,-1.27579143660898,False,0.9955296766967997,True,0.13350133895874022,False,-1.27579143660898,False
2027,B,1768,1780464480.0,False,-1,,12,False,0.0,2.0,0.0,1.1606206237585974,True,0.609855394966956,False,1.1606206237585974,True,0.999999982548223,True,0.16305263042449952,False,1.1606206237585974,True
2027,B,1769,1780464540.0,False,-1,,12,False,0.0,6.0,0.0,-0.739006691646269,False,0.48909752884199476,False,-0.739006691646269,False,0.9770168771360997,True,0.10215246677398682,False,-0.739006691646269,False
2027,B,1770,1780464600.0,False,-1,,12,False,0.0,10.0,0.0,-1.2819371279962706,False,0.44015417620248515,False,-1.2819371279962706,False,0.4893257225979959,False,0.18838005065917968,False,-1.2819371279962706,False
2027,B,1771,1780464660.0,False,-1,,12,False,0.0,6.0,0.0,-1.0264048055447752,False,0.4546853263883052,False,-1.0264048055447752,False,0.9770168771360997,True,0.15094685554504395,False,-1.0264048055447752,False
2027,B,1772,1780464720.0,False,-1,,12,False,0.0,3.0,0.0,-0.7393286298605277,False,0.5722214809412683,False,-0.7393286298605277,False,0.9999873715994484,True,0.09667940139770508,False,-0.7393286298605277,False
2027,B,1773,1780464780.0,True,146,permission_denied,12,False,0.0,2.0,0.0,0.42907115222762027,False,0.655089258720864,False,0.42907115222762027,False,1.0,True,999999999.9999999,True,0.42907115222762027,True
2027,B,1774,1780464840.0,True,146,permission_denied,12,False,0.0,2.0,0.0,4.00146586738121,True,0.6914470031033613,False,4.00146586738121,True,0.999999982548223,True,0.07757370471954346,False,4.00146586738121,True
2027,B,1775,1780464900.0,True,146,permission_denied,12,False,0.0,9.0,0.0,1.3718132031859769,True,0.4314563691579323,False,1.3718132031859769,True,1.0,True,3000000000.0,True,1.3718132031859769,True
2027,B,1776,1780464960.0,True,146,permission_denied,12,False,0.0,9.0,0.0,-1.4387802374981495,False,0.44690106236106725,False,-1.4387802374981495,False,0.6577756959520332,True,0.1191568374633789,False,-1.4387802374981495,False
2027,B,1777,1780465020.0,False,-1,,12,False,0.0,5.0,0.0,-0.9498301220731049,False,0.47734592850755664,False,-0.9498301220731049,False,0.9955296766967997,True,0.1336771011352539,False,-0.9498301220731049,False
2027,B,1778,1780465080.0,False,-1,,12,False,0.0,6.0,0.0,-0.827689278044649,False,0.4516483448320157,False,-0.827689278044649,False,0.9770168771360997,True,0.11406958103179932,False,-0.827689278044649,False
2027,B,1779,1780465140.0,False,-1,,12,False,0.0,8.0,0.0,-1.0976949317776414,False,0.42487480113049536,False,-1.0976949317776414,False,0.8146204355576085,True,0.13796741962432862,False,-1.0976949317776414,False
2027,B,1780,1780465200.0,False,-1,,12,False,0.0,7.0,0.0,-0.39707121237045495,False,0.4588714150954908,False,-0.39707121237045495,False,0.9231861899451542,True,0.1176936149597168,False,-0.39707121237045495,False
2027,B,1781,1780465260.0,False,-1,,12,False,0.0,6.0,0.0,-0.17280035155673446,False,0.4901331845954521,False,-0.17280035155673446,False,0.9770168771360997,True,0.21174538135528567,False,-0.17280035155673446,False
2027,B,1782,1780465320.0,True,147,config_error,12,False,0.0,9.0,0.0,0.02917205722447136,False,0.41004663746060865,False,0.02917205722447136,False,1.0,True,1999999999.9999998,True,0.02917205722447136,True
2027,B,1783,1780465380.0,True,147,config_error,12,True,1.0,51.0,0.0,5.345694143129612,True,0.6406261535526743,False,5.345694143129612,True,4.356886106993158e-24,False,45000000000.0,True,5.345694143129612,True
2027,B,1784,1780465440.0,True,147,config_error,12,True,0.0,75.0,0.0,5.454587499097485,True,0.555076741588689,False,5.454587499097485,True,7.742037025656498e-27,False,69000000000.0,True,5.454587499097485,True
2027,B,1785,1780465500.0,True,147,config_error,12,True,0.0,33.0,0.0,5.13911841172428,True,0.4565432249015748,False,5.13911841172428,True,4.874033237159169e-20,False,29000000000.0,True,5.13911841172428,True
2027,B,1786,1780465560.0,True,147,config_error,12,False,0.0,4.0,0.0,-0.9573921919025565,False,0.5328431455340518,False,-0.9573921919025565,False,0.9995550565058623,True,0.16794199943542482,False,-0.9573921919025565,False
2027,B,1787,1780465620.0,False,-1,,12,False,0.0,4.0,0.0,-1.0665847475890233,False,0.535553279672062,False,-1.0665847475890233,False,0.9995550565058623,True,0.10574710369110107,False,-1.0665847475890233,False
2027,B,1788,1780465680.0,False,-1,,12,False,0.0,7.0,0.0,-0.611766084907468,False,0.4510619806213157,False,-0.611766084907468,False,0.9231861899451542,True,0.1739296436309814,False,-0.611766084907468,False
2027,B,1789,1780465740.0,False,-1,,12,False,0.0,6.0,0.0,-1.0692770296693226,False,0.4501400484054606,False,-1.0692770296693226,False,0.9770168771360997,True,0.142179012298584,False,-1.0692770296693226,False
2027,B,1790,1780465800.0,False,-1,,12,False,0.0,4.0,0.0,-0.603579978254281,False,0.5279489753457367,False,-0.603579978254281,False,0.9995550565058623,True,0.1251887321472168,False,-0.603579978254281,False
2027,B,1791,1780465860.0,False,-1,,12,False,0.0,5.0,0.0,-1.0887354533915365,False,0.5120292537752658,False,-1.0887354533915365,False,0.9955296766967997,True,0.10847673416137693,False,-1.0887354533915365,False
2027,B,1792,1780465920.0,False,-1,,12,False,0.0,6.0,0.0,-1.2869888586234914,False,0.44672750950776163,False,-1.2869888586234914,False,0.9770168771360997,True,0.11964225769042967,False,-1.2869888586234914,False
2027,B,1793,1780465980.0,False,-1,,12,False,0.0,3.0,0.0,-0.5700719495730411,False,0.541324878311163,False,-0.5700719495730411,False,0.9999873715994484,True,0.14439725875854492,False,-0.5700719495730411,False
2027,B,1794,1780466040.0,False,-1,,12,False,0.0,5.0,0.0,-1.1503191308559524,False,0.4586830383433906,False,-1.1503191308559524,False,0.9955296766967997,True,0.12599601745605468,False,-1.1503191308559524,False
2027,B,1795,1780466100.0,True,148,permission_denied,12,False,0.0,7.0,0.0,0.9087147397562987,False,0.4428119066625113,False,0.9087147397562987,False,1.0,True,3000000000.0,True,0.9087147397562987,True
2027,B,1796,1780466160.0,True,148,permission_denied,12,False,0.0,6.0,0.0,0.992571515208315,False,0.48592653257776863,False,0.992571515208315,False,1.0,True,1999999999.9999998,True,0.992571515208315,True
2027,B,1797,1780466220.0,True,148,permission_denied,12,False,0.0,12.0,0.0,3.2009912829662093,True,0.44881735219646873,False,3.2009912829662093,True,1.0,True,7999999999.999999,True,3.2009912829662093,True
2027,B,1798,1780466280.0,True,148,permission_denied,12,False,0.0,9.0,0.0,0.2912432198093766,False,0.42304623177087924,False,0.2912432198093766,False,1.0,True,1999999999.9999998,True,0.2912432198093766,True
2027,B,1799,1780466340.0,True,148,permission_denied,12,False,0.0,3.0,0.0,0.4250506491533992,False,0.5713580187561087,False,0.4250506491533992,False,0.9999873715994484,True,0.0998204231262207,False,0.4250506491533992,False
2027,B,1800,1780466400.0,False,-1,,12,False,0.0,3.0,0.0,-0.8828394809229998,False,0.536933153049101,False,-0.8828394809229998,False,0.9999873715994484,True,0.13344755172729492,False,-0.8828394809229998,False
2027,B,1801,1780466460.0,False,-1,,12,False,0.0,8.0,0.0,0.15183295165675315,False,0.4863247412324774,False,0.15183295165675315,False,0.8146204355576085,True,0.11935958862304685,False,0.15183295165675315,False
2027,B,1802,1780466520.0,False,-1,,12,False,0.0,4.0,0.0,-0.8324003776333289,False,0.5079964925018675,False,-0.8324003776333289,False,0.9995550565058623,True,0.1470004081726074,False,-0.8324003776333289,False
2027,B,1803,1780466580.0,False,-1,,12,False,0.0,7.0,0.0,-0.680784364415163,False,0.4605180370111214,False,-0.680784364415163,False,0.9231861899451542,True,0.11012401580810546,False,-0.680784364415163,False
2027,B,1804,1780466640.0,False,-1,,12,False,0.0,6.0,0.0,-0.7303075365898737,False,0.4741059113826467,False,-0.7303075365898737,False,0.9770168771360997,True,0.11550414562225342,False,-0.7303075365898737,False
2027,B,1805,1780466700.0,True,149,config_error,12,False,0.0,6.0,0.0,1.0934167256903713,False,0.4647719615799168,False,1.0934167256903713,False,1.0,True,3000000000.0,True,1.0934167256903713,True
2027,B,1806,1780466760.0,True,149,config_error,12,False,0.0,15.0,0.0,4.405173272922585,True,0.43668995328182414,False,4.405173272922585,True,4.54499077708565e-11,False,13000000000.0,True,4.405173272922585,True
2027,B,1807,1780466820.0,True,149,config_error,12,False,0.0,9.0,0.0,4.6078835470136035,True,0.46909404333561056,False,4.6078835470136035,True,2.551273813376603e-06,False,9000000000.0,True,4.6078835470136035,True
2027,B,1808,1780466880.0,True,149,config_error,12,False,0.0,5.0,0.0,3.4898812348238635,True,0.5012515428315486,False,3.4898812348238635,True,0.9999994308640248,True,5000000000.0,True,3.4898812348238635,True
2027,B,1809,1780466940.0,True,149,config_error,12,False,0.0,4.0,0.0,-0.3412011802796453,False,0.5441000365949752,False,-0.3412011802796453,False,0.9995550565058623,True,0.10463287830352783,False,-0.3412011802796453,False
2027,B,1810,1780467000.0,False,-1,,12,False,0.0,10.0,0.0,-1.0012859643374847,False,0.4529984364618494,False,-1.0012859643374847,False,0.4893257225979959,False,0.19161972999572754,False,-1.0012859643374847,False
2027,B,1811,1780467060.0,False,-1,,12,False,0.0,12.0,0.0,-0.5596770588433557,False,0.42849469448946237,False,-0.5596770588433557,False,0.2386920822861176,False,0.11890008449554443,False,-0.5596770588433557,False
2027,B,1812,1780467120.0,False,-1,,12,False,0.0,3.0,0.0,-1.2136617194089325,False,0.5467939162785095,False,-1.2136617194089325,False,0.9999873715994484,True,0.10790047645568848,False,-1.2136617194089325,False
2027,B,1813,1780467180.0,False,-1,,12,False,0.0,4.0,0.0,0.20000189769115284,False,0.5829163153535861,False,0.20000189769115284,False,0.9995550565058623,True,0.15620918273925782,False,0.20000189769115284,False
2027,B,1814,1780467240.0,False,-1,,12,False,0.0,5.0,0.0,0.39510987714462864,False,0.5568505936887804,False,0.39510987714462864,False,0.9955296766967997,True,0.2123188018798828,False,0.39510987714462864,False
2027,B,1815,1780467300.0,False,-1,,12,False,0.0,4.0,0.0,-1.208504769911186,False,0.49443240086548523,False,-1.208504769911186,False,0.9995550565058623,True,0.13791191577911374,False,-1.208504769911186,False
2027,B,1816,1780467360.0,False,-1,,12,False,0.0,10.0,0.0,-1.6913275760024291,False,0.4197158127123773,False,-1.6913275760024291,False,0.4893257225979959,False,0.1302933692932129,False,-1.6913275760024291,False
2027,B,1817,1780467420.0,False,-1,,12,False,0.0,14.0,0.0,-1.975975025577191,False,0.38794291216721827,False,-1.975975025577191,False,0.11637879250025024,False,0.14729547500610354,False,-1.975975025577191,False
2027,B,1818,1780467480.0,False,-1,,12,False,0.0,3.0,0.0,-0.5521160541110035,False,0.5900815843578028,False,-0.5521160541110035,False,0.9999873715994484,True,0.14860520362854004,False,-0.5521160541110035,False
2027,B,1819,1780467540.0,False,-1,,12,False,0.0,8.0,0.0,-1.6439243147348455,False,0.4133567991624217,False,-1.6439243147348455,False,0.8146204355576085,True,0.14829533100128173,False,-1.6439243147348455,False
2027,B,1820,1780467600.0,False,-1,,12,False,0.0,7.0,0.0,-0.6972684006681993,False,0.4704120842569116,False,-0.6972684006681993,False,0.9231861899451542,True,0.14572749137878419,False,-0.6972684006681993,False
2027,B,1821,1780467660.0,True,150,resource_exhaustion,12,False,0.0,4.0,0.0,5.518385678268923,True,0.6276295404581692,False,5.518385678268923,True,0.9995550565058623,True,0.19862475395202636,False,5.518385678268923,True
2027,B,1822,1780467720.0,True,150,resource_exhaustion,12,False,3.0,7.0,0.0,5.518385678268923,True,0.7197957736820896,True,5.518385678268923,True,1.0,True,3000000000.0,True,5.518385678268923,True
2027,B,1823,1780467780.0,True,150,resource_exhaustion,12,False,2.0,9.0,0.0,5.518385678268923,True,0.7019832464335309,True,5.518385678268923,True,1.0,True,3000000000.0,True,5.518385678268923,True
2027,B,1824,1780467840.0,True,150,resource_exhaustion,12,False,2.0,8.0,0.0,5.518385678268923,True,0.7048234884159235,True,5.518385678268923,True,1.0,True,999999999.9999999,True,5.518385678268923,True
2027,B,1825,1780467900.0,False,-1,,12,False,0.0,11.0,0.0,-2.173315788860969,False,0.40809359423041935,False,-2.173315788860969,False,0.34528727623408134,False,0.15970349311828613,False,-2.173315788860969,False
2027,B,1826,1780467960.0,False,-1,,12,False,0.0,7.0,0.0,-1.1425818265073238,False,0.4447879007942998,False,-1.1425818265073238,False,0.9231861899451542,True,0.15032262802124025,False,-1.1425818265073238,False
2027,B,1827,1780468020.0,False,-1,,12,False,0.0,3.0,0.0,1.5146496407234942,True,0.5877439621942315,False,1.5146496407234942,True,0.9999873715994484,True,0.08155937194824218,False,1.5146496407234942,True
2027,B,1828,1780468080.0,False,-1,,12,False,0.0,6.0,0.0,-0.7347239277216708,False,0.46268875827916756,False,-0.7347239277216708,False,0.9770168771360997,True,0.1308320760726929,False,-0.7347239277216708,False
2027,B,1829,1780468140.0,False,-1,,12,False,0.0,9.0,0.0,-1.4145916960058527,False,0.4057734303183046,False,-1.4145916960058527,False,0.6577756959520332,True,0.13041629791259765,False,-1.4145916960058527,False
2027,B,1830,1780468200.0,False,-1,,12,False,1.0,7.0,0.0,2.156153088328299,True,0.6088222464828703,False,2.156153088328299,True,1.0732119709155879e-05,False,0.15872268676757811,False,2.156153088328299,False
2027,B,1831,1780468260.0,False,-1,,12,False,0.0,6.0,0.0,-1.5816135333268573,False,0.4449533143861982,False,-1.5816135333268573,False,0.9770168771360997,True,0.1267077922821045,False,-1.5816135333268573,False
2027,B,1832,1780468320.0,True,151,permission_denied,12,False,0.0,6.0,0.0,-0.1999469091127546,False,0.4847604250895898,False,-0.1999469091127546,False,1.0,True,999999999.9999999,True,-0.1999469091127546,True
2027,B,1833,1780468380.0,True,151,permission_denied,12,False,0.0,8.0,0.0,0.9032081940226284,False,0.4209180723675474,False,0.9032081940226284,False,1.0,True,3000000000.0,True,0.9032081940226284,True
2027,B,1834,1780468440.0,True,151,permission_denied,12,False,0.0,10.0,0.0,2.7320387632033025,True,0.4585108907209451,False,2.7320387632033025,True,1.0,True,6000000000.0,True,2.7320387632033025,True
2027,B,1835,1780468500.0,True,151,permission_denied,12,False,0.0,12.0,0.0,1.8585007806947704,True,0.421425332746619,False,1.8585007806947704,True,1.0,True,5000000000.0,True,1.8585007806947704,True
2027,B,1836,1780468560.0,True,151,permission_denied,12,False,0.0,9.0,0.0,-0.23627381493884148,False,0.4181713037920204,False,-0.23627381493884148,False,1.0,True,999999999.9999999,True,-0.23627381493884148,True
2027,B,1837,1780468620.0,False,-1,,12,False,0.0,6.0,0.0,-1.2254789005130906,False,0.437986372551068,False,-1.2254789005130906,False,0.9770168771360997,True,0.1568373441696167,False,-1.2254789005130906,False
2027,B,1838,1780468680.0,False,-1,,12,False,0.0,10.0,0.0,-1.48966842630655,False,0.41152855340218125,False,-1.48966842630655,False,0.4893257225979959,False,0.13066310882568358,False,-1.48966842630655,False
2027,B,1839,1780468740.0,False,-1,,12,False,0.0,7.0,0.0,-0.6525688095781108,False,0.5017832690796264,False,-0.6525688095781108,False,0.9231861899451542,True,0.11850171089172364,False,-0.6525688095781108,False
2027,B,1840,1780468800.0,False,-1,,12,False,0.0,6.0,0.0,-1.0550419548993792,False,0.4410606073006093,False,-1.0550419548993792,False,0.9770168771360997,True,0.16288530826568604,False,-1.0550419548993792,False
2027,B,1841,1780468860.0,False,-1,,12,False,0.0,7.0,0.0,-0.8786191088690236,False,0.4718452096716151,False,-0.8786191088690236,False,0.9231861899451542,True,0.19558176994323728,False,-0.8786191088690236,False
2027,B,1842,1780468920.0,False,-1,,12,False,0.0,8.0,0.0,-1.7339552812572716,False,0.42878966549229114,False,-1.7339552812572716,False,0.8146204355576085,True,0.154995059967041,False,-1.7339552812572716,False
2027,B,1843,1780468980.0,False,-1,,12,False,0.0,7.0,0.0,-1.2103202596081024,False,0.47193839976302665,False,-1.2103202596081024,False,0.9231861899451542,True,0.13984093666076658,False,-1.2103202596081024,False
2027,B,1844,1780469040.0,False,-1,,12,False,0.0,8.0,0.0,-0.2701995557207679,False,0.4605875542157085,False,-0.2701995557207679,False,0.8146204355576085,True,0.15730621814727783,False,-0.2701995557207679,False
2027,B,1845,1780469100.0,True,152,resource_exhaustion,12,False,1.0,10.0,0.0,5.518385678268923,True,0.6553412729508757,False,5.518385678268923,True,1.0,True,999999999.9999999,True,5.518385678268923,True
2027,B,1846,1780469160.0,True,152,resource_exhaustion,12,False,1.0,6.0,0.0,5.518385678268923,True,0.6918964822885195,False,5.518385678268923,True,1.0,True,999999999.9999999,True,5.518385678268923,True
2027,B,1847,1780469220.0,True,152,resource_exhaustion,12,False,1.0,7.0,0.0,5.518385678268923,True,0.6924876076067864,False,5.518385678268923,True,1.0,True,1999999999.9999998,True,5.518385678268923,True
2027,B,1848,1780469280.0,True,152,resource_exhaustion,12,False,2.0,13.0,0.0,5.518385678268923,True,0.68356632951997,False,5.518385678268923,True,1.0,True,999999999.9999999,True,5.518385678268923,True
2027,B,1849,1780469340.0,True,152,resource_exhaustion,12,False,1.0,5.0,0.0,5.518385678268923,True,0.7034990904649229,True,5.518385678268923,True,1.0,True,999999999.9999999,True,5.518385678268923,True
2027,B,1850,1780469400.0,False,-1,,12,False,0.0,11.0,0.0,-1.0539284338948969,False,0.42658007387286284,False,-1.0539284338948969,False,0.34528727623408134,False,0.16884374618530273,False,-1.0539284338948969,False
2027,B,1851,1780469460.0,False,-1,,12,False,0.0,10.0,0.0,-1.149141270661259,False,0.4354613782182528,False,-1.149141270661259,False,0.4893257225979959,False,0.1698817253112793,False,-1.149141270661259,False
2027,B,1852,1780469520.0,False,-1,,12,False,0.0,5.0,0.0,4.817317960379829,True,0.55152931062625,False,4.817317960379829,True,0.9955296766967997,True,0.11815776824951171,False,4.817317960379829,True
2027,B,1853,1780469580.0,False,-1,,12,False,0.0,8.0,0.0,-1.356483120204004,False,0.4142574918803512,False,-1.356483120204004,False,0.8146204355576085,True,0.12744748592376706,False,-1.356483120204004,False
2027,B,1854,1780469640.0,False,-1,,12,False,0.0,7.0,0.0,-0.6157478602317639,False,0.46296532352808895,False,-0.6157478602317639,False,0.9231861899451542,True,0.13321590423583984,False,-0.6157478602317639,False
2027,B,1855,1780469700.0,False,-1,,12,False,0.0,8.0,0.0,-0.9503650847506444,False,0.42500416599430035,False,-0.9503650847506444,False,0.8146204355576085,True,0.12678332328796388,False,-0.9503650847506444,False
2027,B,1856,1780469760.0,True,153,config_error,12,False,1.0,5.0,0.0,3.9609498924152082,True,0.644830124170297,False,3.9609498924152082,True,1.0,True,1999999999.9999998,True,3.9609498924152082,True
2027,B,1857,1780469820.0,True,153,config_error,12,False,0.0,11.0,0.0,3.721230410658684,True,0.4376143805949652,False,3.721230410658684,True,2.723465209358135e-05,False,9000000000.0,True,3.721230410658684,True
2027,B,1858,1780469880.0,True,153,config_error,12,False,0.0,9.0,0.0,2.530417042697155,True,0.4292037471675026,False,2.530417042697155,True,0.9999104252803752,True,6000000000.0,True,2.530417042697155,True
2027,B,1859,1780469940.0,False,-1,,12,False,0.0,9.0,0.0,-1.0038075728125753,False,0.42809937812369186,False,-1.0038075728125753,False,0.6577756959520332,True,0.17838993072509765,False,-1.0038075728125753,False
2027,B,1860,1780470000.0,False,-1,,12,False,0.0,11.0,0.0,-1.464310526924299,False,0.41707035040476004,False,-1.464310526924299,False,0.34528727623408134,False,0.12752008438110352,False,-1.464310526924299,False
2027,B,1861,1780470060.0,False,-1,,12,False,0.0,10.0,0.0,-1.972500213802844,False,0.40788258722067955,False,-1.972500213802844,False,0.4893257225979959,False,0.14659790992736815,False,-1.972500213802844,False
2027,B,1862,1780470120.0,False,-1,,12,False,0.0,7.0,0.0,-0.9965553414740276,False,0.4341761928091185,False,-0.9965553414740276,False,0.9231861899451542,True,0.1255769729614258,False,-0.9965553414740276,False
2027,B,1863,1780470180.0,False,-1,,12,False,0.0,4.0,0.0,-0.6959352410537294,False,0.5510521560863988,False,-0.6959352410537294,False,0.9995550565058623,True,0.14845025539398193,False,-0.6959352410537294,False
2027,B,1864,1780470240.0,False,-1,,12,True,0.0,85.0,0.0,0.8586714615188074,False,0.6405164081371808,False,0.8586714615188074,False,0.0001488882009940576,False,0.18076820373535146,False,0.8586714615188074,False
2027,B,1865,1780470300.0,True,154,dependency_timeout,12,True,8.0,92.0,0.0,5.518385678268923,True,0.7395270381720198,True,5.518385678268923,True,1.0,True,26000000000.0,True,5.518385678268923,True
2027,B,1866,1780470360.0,True,154,dependency_timeout,12,True,1.0,32.0,0.0,5.518385678268923,True,0.6364829689222385,False,5.518385678268923,True,1.0,True,16999999999.999998,True,5.518385678268923,True
2027,B,1867,1780470420.0,True,154,dependency_timeout,12,False,1.0,10.0,0.0,5.518385678268923,True,0.6574700041624217,False,5.518385678268923,True,1.0,True,3999999999.9999995,True,5.518385678268923,True
2027,B,1868,1780470480.0,True,154,dependency_timeout,12,False,1.0,10.0,0.0,5.518385678268923,True,0.6654508635373146,False,5.518385678268923,True,1.0,True,3999999999.9999995,True,5.518385678268923,True
2027,B,1869,1780470540.0,False,-1,,12,False,0.0,6.0,0.0,-1.1353635168422747,False,0.4593246512657563,False,-1.1353635168422747,False,0.9770168771360997,True,0.16690587997436523,False,-1.1353635168422747,False
2027,B,1870,1780470600.0,False,-1,,12,False,0.0,6.0,0.0,0.5871465600960342,False,0.4871977812481521,False,0.5871465600960342,False,0.9770168771360997,True,0.1624511480331421,False,0.5871465600960342,False
2027,B,1871,1780470660.0,False,-1,,12,False,0.0,10.0,0.0,-1.5389618765778144,False,0.41725661306921585,False,-1.5389618765778144,False,0.4893257225979959,False,0.12471735477447511,False,-1.5389618765778144,False
2027,B,1872,1780470720.0,False,-1,,12,False,0.0,11.0,0.0,-1.4688977050359338,False,0.42195398262126715,False,-1.4688977050359338,False,0.34528727623408134,False,0.18376994132995605,False,-1.4688977050359338,False
2027,B,1873,1780470780.0,False,-1,,12,False,0.0,7.0,0.0,-1.6055667818211,False,0.4274285970642597,False,-1.6055667818211,False,0.9231861899451542,True,0.1585037231445312,False,-1.6055667818211,False
2027,B,1874,1780470840.0,False,-1,,12,False,0.0,9.0,0.0,-1.7258401857910588,False,0.41736736096601174,False,-1.7258401857910588,False,0.6577756959520332,True,0.1608652114868164,False,-1.7258401857910588,False
2027,B,1875,1780470900.0,False,-1,,12,False,0.0,12.0,0.0,-1.0687711776407527,False,0.41618027876573727,False,-1.0687711776407527,False,0.2386920822861176,False,0.14492199420928956,False,-1.0687711776407527,False
2027,B,1876,1780470960.0,False,-1,,12,False,0.0,7.0,0.0,-1.12722903615858,False,0.43281616832389264,False,-1.12722903615858,False,0.9231861899451542,True,0.14802522659301756,False,-1.12722903615858,False
2027,B,1877,1780471020.0,False,-1,,12,False,0.0,10.0,0.0,-0.39411184852783787,False,0.49959470356420904,False,-0.39411184852783787,False,0.4893257225979959,False,0.10720546245574951,False,-0.39411184852783787,False
2027,B,1878,1780471080.0,False,-1,,12,False,0.0,10.0,0.0,-1.9999117189790425,False,0.4165678893817626,False,-1.9999117189790425,False,0.4893257225979959,False,0.14986066818237304,False,-1.9999117189790425,False
2027,B,1879,1780471140.0,False,-1,,12,False,0.0,10.0,0.0,-1.5943779401130573,False,0.41930243645863136,False,-1.5943779401130573,False,0.4893257225979959,False,0.1803807258605957,False,-1.5943779401130573,False
2027,B,1880,1780471200.0,True,155,resource_exhaustion,12,False,0.0,14.0,0.0,5.518385678268922,True,0.4814200797323228,False,5.518385678268922,True,0.11637879250025024,False,0.1813841104507446,False,5.518385678268922,True
2027,B,1881,1780471260.0,True,155,resource_exhaustion,12,False,4.0,14.0,0.0,5.518385678268923,True,0.7042762241554913,True,5.518385678268923,True,1.0,True,3999999999.9999995,True,5.518385678268923,True
2027,B,1882,1780471320.0,True,155,resource_exhaustion,12,False,0.0,8.0,0.0,5.518385678268923,True,0.5336782485326772,False,5.518385678268923,True,0.8146204355576085,True,0.19857239723205566,False,5.518385678268923,True
2027,B,1883,1780471380.0,True,155,resource_exhaustion,12,False,0.0,4.0,0.0,5.518385678268923,True,0.6186243221597504,False,5.518385678268923,True,0.9995550565058623,True,0.18885703086853028,False,5.518385678268923,True
2027,B,1884,1780471440.0,True,155,resource_exhaustion,12,False,0.0,18.0,0.0,5.518385678268923,True,0.5223875871777314,False,5.518385678268923,True,0.03523827401382033,False,0.24137680530548092,False,5.518385678268923,True
2027,B,1885,1780471500.0,False,-1,,13,False,0.0,10.0,0.0,-1.6996901092667924,False,0.41902123172887246,False,-1.6996901092667924,False,0.4893257225979959,False,0.17192552089691163,False,-1.6996901092667924,False
2027,B,1886,1780471560.0,False,-1,,13,False,0.0,5.0,0.0,1.3244758765006752,True,0.5353712247454265,False,1.3244758765006752,True,0.9955296766967997,True,0.14721250534057617,False,1.3244758765006752,True
2027,B,1887,1780471620.0,False,-1,,13,False,0.0,10.0,0.0,0.35180981339956663,False,0.4794002002387357,False,0.35180981339956663,False,0.4893257225979959,False,0.09432568550109863,False,0.35180981339956663,False
2027,B,1888,1780471680.0,False,-1,,13,False,0.0,4.0,0.0,-0.5190964128093256,False,0.527192525024471,False,-0.5190964128093256,False,0.9995550565058623,True,0.1788261651992798,False,-0.5190964128093256,False
2027,B,1889,1780471740.0,False,-1,,13,False,0.0,8.0,0.0,-1.0752880696368825,False,0.44144015656490193,False,-1.0752880696368825,False,0.8146204355576085,True,0.11548213958740235,False,-1.0752880696368825,False
2027,B,1890,1780471800.0,False,-1,,13,False,0.0,11.0,0.0,-1.1857093665001477,False,0.4381979799861224,False,-1.1857093665001477,False,0.34528727623408134,False,0.164778470993042,False,-1.1857093665001477,False
2027,B,1891,1780471860.0,False,-1,,13,False,0.0,12.0,0.0,-0.8411807217170635,False,0.41546952420114364,False,-0.8411807217170635,False,0.2386920822861176,False,0.13277416229248046,False,-0.8411807217170635,False
2027,B,1892,1780471920.0,False,-1,,13,False,0.0,12.0,0.0,-1.4141984072307041,False,0.4044589827188646,False,-1.4141984072307041,False,0.2386920822861176,False,0.13500223159790037,False,-1.4141984072307041,False
2027,B,1893,1780471980.0,False,-1,,13,False,0.0,6.0,0.0,-1.3420535927970674,False,0.45600979054430757,False,-1.3420535927970674,False,0.9770168771360997,True,0.15924358367919922,False,-1.3420535927970674,False
2027,B,1894,1780472040.0,True,156,dependency_timeout,13,False,2.0,14.0,0.0,5.518385678268923,True,0.6433855007882864,False,5.518385678268923,True,1.0,True,5000000000.0,True,5.518385678268923,True
2027,B,1895,1780472100.0,True,156,dependency_timeout,13,False,0.0,11.0,0.0,5.518385678268923,True,0.5484420297945087,False,5.518385678268923,True,1.0,True,6000000000.0,True,5.518385678268923,True
2027,B,1896,1780472160.0,True,156,dependency_timeout,13,False,0.0,15.0,0.0,5.518385678268923,True,0.511695616845349,False,5.518385678268923,True,1.0,True,5000000000.0,True,5.518385678268923,True
2027,B,1897,1780472220.0,True,156,dependency_timeout,13,False,0.0,12.0,0.0,5.518385678268923,True,0.5272076164428953,False,5.518385678268923,True,1.0,True,3000000000.0,True,5.518385678268923,True
2027,B,1898,1780472280.0,False,-1,,13,False,0.0,12.0,0.0,-1.8689130234763995,False,0.405461416824292,False,-1.8689130234763995,False,0.2386920822861176,False,0.13633198738098146,False,-1.8689130234763995,False
2027,B,1899,1780472340.0,False,-1,,13,False,0.0,14.0,0.0,-1.2640222726238317,False,0.401848830987482,False,-1.2640222726238317,False,0.11637879250025024,False,0.15927512645721434,False,-1.2640222726238317,False
2027,B,1900,1780472400.0,False,-1,,13,False,0.0,12.0,0.0,-1.583621471282366,False,0.4123389825478273,False,-1.583621471282366,False,0.2386920822861176,False,0.14378709793090821,False,-1.583621471282366,False
2027,B,1901,1780472460.0,False,-1,,13,False,0.0,9.0,0.0,-1.3790522391298943,False,0.40550864077812104,False,-1.3790522391298943,False,0.6577756959520332,True,0.13473663330078126,False,-1.3790522391298943,False
2027,B,1902,1780472520.0,False,-1,,13,False,0.0,14.0,0.0,-1.486053533897569,False,0.3926114083649528,False,-1.486053533897569,False,0.11637879250025024,False,0.14158906936645507,False,-1.486053533897569,False
2027,B,1903,1780472580.0,False,-1,,13,False,0.0,11.0,0.0,-1.9358576799438625,False,0.40093540850213133,False,-1.9358576799438625,False,0.34528727623408134,False,0.15338826179504397,False,-1.9358576799438625,False
2027,B,1904,1780472640.0,False,-1,,13,False,0.0,12.0,0.0,-1.568511923362749,False,0.41796445140425575,False,-1.568511923362749,False,0.2386920822861176,False,0.14411773681640627,False,-1.568511923362749,False
2027,B,1905,1780472700.0,True,157,config_error,13,False,0.0,16.0,0.0,3.8182734370439793,True,0.43484872735733265,False,3.8182734370439793,True,8.833545842856193e-08,False,11000000000.0,True,3.8182734370439793,True
2027,B,1906,1780472760.0,True,157,config_error,13,False,0.0,10.0,0.0,3.4942987035886173,True,0.4516050231849796,False,3.4942987035886173,True,0.003738565433014719,False,7999999999.999999,True,3.4942987035886173,True
2027,B,1907,1780472820.0,True,157,config_error,13,False,0.0,13.0,0.0,4.971734395084441,True,0.4423173661512009,False,4.971734395084441,True,7.981507008459533e-12,False,13000000000.0,True,4.971734395084441,True
2027,B,1908,1780472880.0,True,157,config_error,13,False,0.0,10.0,0.0,2.9504418421286505,True,0.4458932582094627,False,2.9504418421286505,True,0.8173674853551454,True,7000000000.0,True,2.9504418421286505,True
2027,B,1909,1780472940.0,False,-1,,13,False,0.0,10.0,0.0,-1.810807951868206,False,0.4020871035213512,False,-1.810807951868206,False,0.4893257225979959,False,0.14231376647949218,False,-1.810807951868206,False
2027,B,1910,1780473000.0,False,-1,,13,False,0.0,10.0,0.0,-0.9186206087210582,False,0.45599049417911014,False,-0.9186206087210582,False,0.4893257225979959,False,0.1922368288040161,False,-0.9186206087210582,False
2027,B,1911,1780473060.0,False,-1,,13,False,0.0,13.0,0.0,-1.2682729076736736,False,0.40394616424260116,False,-1.2682729076736736,False,0.16541466366673443,False,0.1553725242614746,False,-1.2682729076736736,False
2027,B,1912,1780473120.0,False,-1,,13,False,0.0,17.0,0.0,-0.8095213041111728,False,0.4545403885603883,False,-0.8095213041111728,False,0.04603583753820504,False,0.2161336898803711,False,-0.8095213041111728,False
2027,B,1913,1780473180.0,False,-1,,13,False,0.0,14.0,0.0,-1.664792656465817,False,0.41666569154096383,False,-1.664792656465817,False,0.11637879250025024,False,0.178782057762146,False,-1.664792656465817,False
2027,B,1914,1780473240.0,False,-1,,13,False,0.0,12.0,0.0,-1.9921585287123929,False,0.3974638204758613,False,-1.9921585287123929,False,0.2386920822861176,False,0.15700743198394776,False,-1.9921585287123929,False
2027,B,1915,1780473300.0,False,-1,,13,False,0.0,15.0,0.0,-1.9738969275188047,False,0.4108556698376903,False,-1.9738969275188047,False,0.08358208903295893,False,0.18662042617797855,False,-1.9738969275188047,False
2027,B,1916,1780473360.0,False,-1,,13,False,0.0,7.0,0.0,-1.374211920225017,False,0.42505939887298483,False,-1.374211920225017,False,0.9231861899451542,True,0.13500561714172363,False,-1.374211920225017,False
2027,B,1917,1780473420.0,False,-1,,13,False,0.0,9.0,0.0,-1.8803895083641669,False,0.4051750475584692,False,-1.8803895083641669,False,0.6577756959520332,True,0.1442699432373047,False,-1.8803895083641669,False
2027,B,1918,1780473480.0,False,-1,,13,False,0.0,4.0,0.0,-1.158690051463859,False,0.49750279285515264,False,-1.158690051463859,False,0.9995550565058623,True,0.14511914253234862,False,-1.158690051463859,False
2027,B,1919,1780473540.0,True,158,dependency_timeout,13,False,2.0,13.0,0.0,5.518385678268923,True,0.6471724851333017,False,5.518385678268923,True,1.0,True,3000000000.0,True,5.518385678268923,True
2027,B,1920,1780473600.0,True,158,dependency_timeout,13,False,0.0,12.0,0.0,5.518385678268923,True,0.5310214082881195,False,5.518385678268923,True,1.0,True,7000000000.0,True,5.518385678268923,True
2027,B,1921,1780473660.0,True,158,dependency_timeout,13,False,1.0,11.0,0.0,5.518385678268923,True,0.6591849477587504,False,5.518385678268923,True,1.0,True,3999999999.9999995,True,5.518385678268923,True
2027,B,1922,1780473720.0,True,158,dependency_timeout,13,False,0.0,7.0,0.0,-0.8760786266986402,False,0.45180354802772354,False,-0.8760786266986402,False,0.9231861899451542,True,0.11931910514831542,False,-0.8760786266986402,False
2027,B,1923,1780473780.0,False,-1,,13,False,0.0,7.0,0.0,-1.4499272683763467,False,0.42826931683834135,False,-1.4499272683763467,False,0.9231861899451542,True,0.14029669761657715,False,-1.4499272683763467,False
2027,B,1924,1780473840.0,False,-1,,13,False,0.0,15.0,0.0,-1.6964852506279167,False,0.4047813693395057,False,-1.6964852506279167,False,0.08358208903295893,False,0.13209819793701172,False,-1.6964852506279167,False
2027,B,1925,1780473900.0,False,-1,,13,False,0.0,8.0,0.0,-0.9441084108719826,False,0.4360819935517607,False,-0.9441084108719826,False,0.8146204355576085,True,0.15902755260467527,False,-0.9441084108719826,False
2027,B,1926,1780473960.0,False,-1,,13,False,0.0,14.0,0.0,-2.067597195380082,False,0.4023463245223388,False,-2.067597195380082,False,0.11637879250025024,False,0.15717525482177735,False,-2.067597195380082,False
2027,B,1927,1780474020.0,False,-1,,13,False,0.0,15.0,0.0,-2.0119132691457233,False,0.40238572324631694,False,-2.0119132691457233,False,0.08358208903295893,False,0.17208461761474605,False,-2.0119132691457233,False
2027,B,1928,1780474080.0,False,-1,,13,False,0.0,15.0,0.0,-1.311597124357541,False,0.42779012622237983,False,-1.311597124357541,False,0.08358208903295893,False,0.12879157066345215,False,-1.311597124357541,False
2027,B,1929,1780474140.0,False,-1,,13,False,0.0,9.0,0.0,-0.5725427144922888,False,0.4702194479106576,False,-0.5725427144922888,False,0.6577756959520332,True,0.10366668701171877,False,-0.5725427144922888,False
2027,B,1930,1780474200.0,False,-1,,13,False,0.0,13.0,0.0,-2.1442969289592364,False,0.3934123575411482,False,-2.1442969289592364,False,0.16541466366673443,False,0.14978532791137691,False,-2.1442969289592364,False
2027,B,1931,1780474260.0,False,-1,,13,False,0.0,12.0,0.0,-1.2962160664426952,False,0.41407882353895464,False,-1.2962160664426952,False,0.2386920822861176,False,0.16651899814605714,False,-1.2962160664426952,False
2027,B,1932,1780474320.0,True,159,resource_exhaustion,13,False,0.0,15.0,0.0,5.5183856782689205,True,0.5209062476979187,False,5.5183856782689205,True,0.08358208903295893,False,0.23969793319702148,False,5.5183856782689205,True
2027,B,1933,1780474380.0,True,159,resource_exhaustion,13,False,0.0,12.0,0.0,5.518385678268923,True,0.568090056298023,False,5.518385678268923,True,0.2386920822861176,False,0.2920217275619507,False,5.518385678268923,True
2027,B,1934,1780474440.0,True,159,resource_exhaustion,13,False,2.0,18.0,0.0,5.518385678268923,True,0.6813961986444017,False,5.518385678268923,True,1.0,True,3000000000.0,True,5.518385678268923,True
2027,B,1935,1780474500.0,True,159,resource_exhaustion,13,False,2.0,13.0,0.0,5.518385678268923,True,0.68436597594923,False,5.518385678268923,True,1.0,True,1999999999.9999998,True,5.518385678268923,True
2027,B,1936,1780474560.0,False,-1,,13,False,0.0,12.0,0.0,-1.0292566788906932,False,0.4483469610447766,False,-1.0292566788906932,False,0.2386920822861176,False,0.19202978610992438,False,-1.0292566788906932,False
2027,B,1937,1780474620.0,False,-1,,13,False,0.0,18.0,0.0,-1.9364611157962264,False,0.40939354622592977,False,-1.9364611157962264,False,0.03523827401382033,False,0.16194982528686516,False,-1.9364611157962264,False
2027,B,1938,1780474680.0,False,-1,,13,False,0.0,14.0,0.0,-1.9976317887704758,False,0.392829006445903,False,-1.9976317887704758,False,0.11637879250025024,False,0.1560265064239502,False,-1.9976317887704758,False
2027,B,1939,1780474740.0,False,-1,,13,False,0.0,16.0,0.0,-1.3755325510220242,False,0.4049999429027277,False,-1.3755325510220242,False,0.06136610726127483,False,0.15257906913757324,False,-1.3755325510220242,False
2027,B,1940,1780474800.0,False,-1,,13,False,0.0,16.0,0.0,-1.393885524184685,False,0.38581344520621186,False,-1.393885524184685,False,0.06136610726127483,False,0.14132463932037354,False,-1.393885524184685,False
2027,B,1941,1780474860.0,False,-1,,13,False,0.0,10.0,0.0,-1.2363136907761278,False,0.460038119888054,False,-1.2363136907761278,False,0.4893257225979959,False,0.20078735351562504,False,-1.2363136907761278,False
2027,B,1942,1780474920.0,False,-1,,13,False,0.0,18.0,0.0,-1.5604041927990568,False,0.4320064145155308,False,-1.5604041927990568,False,0.03523827401382033,False,0.17899241447448727,False,-1.5604041927990568,False
2027,B,1943,1780474980.0,False,-1,,13,False,0.0,10.0,0.0,-0.7759464650819528,False,0.418331178683549,False,-0.7759464650819528,False,0.4893257225979959,False,0.12646791934967042,False,-0.7759464650819528,False
2027,B,1944,1780475040.0,True,160,permission_denied,13,False,0.0,11.0,0.0,0.11341628753022981,False,0.41984816805216335,False,0.11341628753022981,False,1.0,True,1999999999.9999998,True,0.11341628753022981,True
2027,B,1945,1780475100.0,True,160,permission_denied,13,False,0.0,11.0,0.0,0.33284919398793633,False,0.4325887730969188,False,0.33284919398793633,False,1.0,True,1999999999.9999998,True,0.33284919398793633,True
2027,B,1946,1780475160.0,True,160,permission_denied,13,False,0.0,12.0,0.0,1.7376944056072752,True,0.42285305589744104,False,1.7376944056072752,True,1.0,True,5000000000.0,True,1.7376944056072752,True
2027,B,1947,1780475220.0,True,160,permission_denied,13,False,0.0,7.0,0.0,-1.6916229160531078,False,0.4374243532826482,False,-1.6916229160531078,False,0.9231861899451542,True,0.1488223075866699,False,-1.6916229160531078,False
2027,B,1948,1780475280.0,False,-1,,13,False,0.0,11.0,0.0,-1.1757424103393346,False,0.42470114873836545,False,-1.1757424103393346,False,0.34528727623408134,False,0.16612696647644043,False,-1.1757424103393346,False
2027,B,1949,1780475340.0,False,-1,,13,False,0.0,13.0,0.0,-2.1563868743688497,False,0.40046067003247426,False,-2.1563868743688497,False,0.16541466366673443,False,0.16840562820434568,False,-2.1563868743688497,False
2027,B,1950,1780475400.0,False,-1,,13,False,0.0,12.0,0.0,-0.598410879176642,False,0.4327108999254506,False,-0.598410879176642,False,0.2386920822861176,False,0.1481262445449829,False,-0.598410879176642,False
2027,B,1951,1780475460.0,False,-1,,13,False,0.0,15.0,0.0,-1.659424509686822,False,0.3899781178275449,False,-1.659424509686822,False,0.08358208903295893,False,0.14570074081420897,False,-1.659424509686822,False
2027,B,1952,1780475520.0,False,-1,,13,False,0.0,17.0,0.0,-1.0446398131887698,False,0.40004611218301594,False,-1.0446398131887698,False,0.04603583753820504,False,0.15842533111572266,False,-1.0446398131887698,False
2027,B,1953,1780475580.0,False,-1,,13,False,0.0,11.0,0.0,-0.7058801747109751,False,0.46804783859897225,False,-0.7058801747109751,False,0.34528727623408134,False,0.21264910697937014,False,-0.7058801747109751,False
2027,B,1954,1780475640.0,False,-1,,13,False,0.0,14.0,0.0,-1.375273877611014,False,0.39739351565111103,False,-1.375273877611014,False,0.11637879250025024,False,0.1319066047668457,False,-1.375273877611014,False
2027,B,1955,1780475700.0,False,-1,,13,False,0.0,14.0,0.0,-1.2921457338895834,False,0.4140618047021906,False,-1.2921457338895834,False,0.11637879250025024,False,0.1766638994216919,False,-1.2921457338895834,False
2027,B,1956,1780475760.0,False,-1,,13,False,0.0,15.0,0.0,-1.4338808547220587,False,0.4045327256715418,False,-1.4338808547220587,False,0.08358208903295893,False,0.16643233299255372,False,-1.4338808547220587,False
2027,B,1957,1780475820.0,False,-1,,13,False,0.0,16.0,0.0,-1.6082902265410581,False,0.3927620980903817,False,-1.6082902265410581,False,0.06136610726127483,False,0.15404009819030762,False,-1.6082902265410581,False
2027,B,1958,1780475880.0,True,161,config_error,13,False,0.0,18.0,0.0,2.1344975021578287,True,0.38803451349594087,False,2.1344975021578287,True,0.9999997389054567,True,6000000000.0,True,2.1344975021578287,True
2027,B,1959,1780475940.0,True,161,config_error,13,False,0.0,13.0,0.0,4.978139450860429,True,0.44159261424734414,False,4.978139450860429,True,7.981507008459533e-12,False,13000000000.0,True,4.978139450860429,True
2027,B,1960,1780476000.0,True,161,config_error,13,False,0.0,13.0,0.0,3.8117983619070905,True,0.4237052543250963,False,3.8117983619070905,True,9.649459293606557e-07,False,10000000000.0,True,3.8117983619070905,True
2027,B,1961,1780476060.0,True,161,config_error,13,False,1.0,20.0,0.0,4.847369480838738,True,0.5896262288980277,False,4.847369480838738,True,7.542767763029734e-15,False,16999999999.999998,True,4.847369480838738,True
2027,B,1962,1780476120.0,True,161,config_error,13,False,0.0,15.0,0.0,-1.5257142571064461,False,0.3893478855414479,False,-1.5257142571064461,False,0.08358208903295893,False,0.13998069763183593,False,-1.5257142571064461,False
2027,B,1963,1780476180.0,False,-1,,13,False,0.0,10.0,0.0,-1.4912927425106712,False,0.412332416270154,False,-1.4912927425106712,False,0.4893257225979959,False,0.1333510637283325,False,-1.4912927425106712,False
2027,B,1964,1780476240.0,False,-1,,13,False,0.0,19.0,0.0,-0.7821836426806863,False,0.411228469645381,False,-0.7821836426806863,False,0.02747592131132894,False,0.17391953468322754,False,-0.7821836426806863,False
2027,B,1965,1780476300.0,False,-1,,13,False,0.0,13.0,0.0,-1.4725071675712051,False,0.39673686546547143,False,-1.4725071675712051,False,0.16541466366673443,False,0.14273977279663086,False,-1.4725071675712051,False
2027,B,1966,1780476360.0,False,-1,,13,False,0.0,10.0,0.0,-1.5406104879462497,False,0.43520276065072405,False,-1.5406104879462497,False,0.4893257225979959,False,0.1923708438873291,False,-1.5406104879462497,False
2027,B,1967,1780476420.0,False,-1,,13,False,0.0,19.0,0.0,-2.1152861186956455,False,0.38218295977463757,False,-2.1152861186956455,False,0.02747592131132894,False,0.15457944869995116,False,-2.1152861186956455,False
2027,B,1968,1780476480.0,False,-1,,13,False,0.0,12.0,0.0,-1.8562158133117688,False,0.4032506177016524,False,-1.8562158133117688,False,0.2386920822861176,False,0.14478414058685302,False,-1.8562158133117688,False
2027,B,1969,1780476540.0,False,-1,,13,False,0.0,16.0,0.0,-0.27396371686161647,False,0.4163833208657267,False,-0.27396371686161647,False,0.06136610726127483,False,0.12789273262023926,False,-0.27396371686161647,False
2027,B,1970,1780476600.0,False,-1,,13,False,0.0,19.0,0.0,-2.023858709096893,False,0.3754241609770612,False,-2.023858709096893,False,0.02747592131132894,False,0.15445117950439452,False,-2.023858709096893,False
2027,B,1971,1780476660.0,False,-1,,13,False,0.0,14.0,0.0,-1.5037402631328813,False,0.4242949553742992,False,-1.5037402631328813,False,0.11637879250025024,False,0.15884053707122803,False,-1.5037402631328813,False
2027,B,1972,1780476720.0,True,162,permission_denied,13,False,0.0,9.0,0.0,-1.1683570534711905,False,0.4050951897213587,False,-1.1683570534711905,False,1.0,True,999999999.9999999,True,-1.1683570534711905,True
2027,B,1973,1780476780.0,True,162,permission_denied,13,False,0.0,17.0,0.0,3.3108299505868177,True,0.40964227725608,False,3.3108299505868177,True,1.0,True,9000000000.0,True,3.3108299505868177,True
2027,B,1974,1780476840.0,True,162,permission_denied,13,False,0.0,11.0,0.0,1.9462487237029675,True,0.4411571587068967,False,1.9462487237029675,True,1.0,True,5000000000.0,True,1.9462487237029675,True
2027,B,1975,1780476900.0,True,162,permission_denied,13,False,0.0,9.0,0.0,0.23023156752881224,False,0.4423260194741943,False,0.23023156752881224,False,1.0,True,1999999999.9999998,True,0.23023156752881224,True
2027,B,1976,1780476960.0,True,162,permission_denied,13,False,0.0,21.0,0.0,3.3831119676581207,True,0.40065256087943646,False,3.3831119676581207,True,1.0,True,10000000000.0,True,3.3831119676581207,True
2027,B,1977,1780477020.0,False,-1,,13,False,0.0,13.0,0.0,-1.111503085313153,False,0.43955557643382287,False,-1.111503085313153,False,0.16541466366673443,False,0.18505344390869138,False,-1.111503085313153,False
2027,B,1978,1780477080.0,False,-1,,13,False,0.0,17.0,0.0,-0.17622078405353214,False,0.49196801992934247,False,-0.17622078405353214,False,0.04603583753820504,False,0.18999166488647462,False,-0.17622078405353214,False
2027,B,1979,1780477140.0,False,-1,,13,False,0.0,13.0,0.0,-1.281669906901577,False,0.40869542387455954,False,-1.281669906901577,False,0.16541466366673443,False,0.16280336380004878,False,-1.281669906901577,False
2027,B,1980,1780477200.0,False,-1,,13,False,0.0,18.0,0.0,-1.8926194860229533,False,0.3791983391015018,False,-1.8926194860229533,False,0.03523827401382033,False,0.15070695877075196,False,-1.8926194860229533,False
2027,B,1981,1780477260.0,False,-1,,13,False,0.0,18.0,0.0,-1.4274364089758391,False,0.41235485107715014,False,-1.4274364089758391,False,0.03523827401382033,False,0.19002285003662106,False,-1.4274364089758391,False
2027,B,1982,1780477320.0,False,-1,,13,False,0.0,12.0,0.0,-1.3800085694884876,False,0.4196192805923778,False,-1.3800085694884876,False,0.2386920822861176,False,0.12387399673461914,False,-1.3800085694884876,False
2027,B,1983,1780477380.0,True,163,config_error,13,False,0.0,11.0,0.0,3.116805876612861,True,0.4494473265373711,False,3.116805876612861,True,0.9148793525747901,True,7000000000.0,True,3.116805876612861,True
2027,B,1984,1780477440.0,True,163,config_error,13,False,0.0,13.0,0.0,4.3449630095838,True,0.472794253630385,False,4.3449630095838,True,1.34369878737721e-08,False,11000000000.0,True,4.3449630095838,True
2027,B,1985,1780477500.0,True,163,config_error,13,False,0.0,17.0,0.0,4.47320208609975,True,0.46459997178492984,False,4.47320208609975,True,7.7188776038306e-12,False,14000000000.0,True,4.47320208609975,True
2027,B,1986,1780477560.0,False,-1,,13,False,0.0,8.0,0.0,-1.2859762949456277,False,0.44512864558992626,False,-1.2859762949456277,False,0.8146204355576085,True,0.1171711206436157,False,-1.2859762949456277,False
2027,B,1987,1780477620.0,False,-1,,13,False,0.0,15.0,0.0,-1.4538179594680543,False,0.4045845415110237,False,-1.4538179594680543,False,0.08358208903295893,False,0.1296626091003418,False,-1.4538179594680543,False
2027,B,1988,1780477680.0,False,-1,,13,False,0.0,14.0,0.0,-2.1704722421912486,False,0.3953077935649749,False,-2.1704722421912486,False,0.11637879250025024,False,0.16983873844146724,False,-2.1704722421912486,False
2027,B,1989,1780477740.0,False,-1,,13,False,0.0,19.0,0.0,-1.7717716352155533,False,0.3863925108782867,False,-1.7717716352155533,False,0.02747592131132894,False,0.16059331893920897,False,-1.7717716352155533,False
2027,B,1990,1780477800.0,False,-1,,13,False,0.0,12.0,0.0,-0.5634808852005948,False,0.44722317531767675,False,-0.5634808852005948,False,0.2386920822861176,False,0.11528959274291992,False,-0.5634808852005948,False
2027,B,1991,1780477860.0,False,-1,,13,False,0.0,13.0,0.0,-1.6772709630263094,False,0.40733299637582976,False,-1.6772709630263094,False,0.16541466366673443,False,0.1804624557495117,False,-1.6772709630263094,False
2027,B,1992,1780477920.0,False,-1,,13,False,0.0,15.0,0.0,-0.8894573072255172,False,0.420300751356383,False,-0.8894573072255172,False,0.08358208903295893,False,0.1238978385925293,False,-0.8894573072255172,False
2027,B,1993,1780477980.0,False,-1,,13,False,0.0,14.0,0.0,-1.7295195859609471,False,0.3981187402780364,False,-1.7295195859609471,False,0.11637879250025024,False,0.15331883430480958,False,-1.7295195859609471,False
2027,B,1994,1780478040.0,False,-1,,13,False,0.0,15.0,0.0,-1.62870219968785,False,0.3883746410189976,False,-1.62870219968785,False,0.08358208903295893,False,0.1440115451812744,False,-1.62870219968785,False
2027,B,1995,1780478100.0,False,-1,,13,False,0.0,21.0,0.0,-0.9702673387761056,False,0.3981764630840943,False,-0.9702673387761056,False,0.01753670998300967,False,0.18236446380615237,False,-0.9702673387761056,False
2027,B,1996,1780478160.0,False,-1,,13,False,0.0,15.0,0.0,-1.7683337999810416,False,0.41353690406510474,False,-1.7683337999810416,False,0.08358208903295893,False,0.1867081642150879,False,-1.7683337999810416,False
2027,B,1997,1780478220.0,True,164,dependency_timeout,13,False,1.0,17.0,0.0,5.518385678268923,True,0.6342875639606919,False,5.518385678268923,True,1.0,True,3000000000.0,True,5.518385678268923,True
2027,B,1998,1780478280.0,True,164,dependency_timeout,13,False,0.0,16.0,0.0,5.518385678268923,True,0.513575993308029,False,5.518385678268923,True,1.0,True,3999999999.9999995,True,5.518385678268923,True
2027,B,1999,1780478340.0,True,164,dependency_timeout,13,False,2.0,21.0,0.0,5.518385678268923,True,0.6615112995390394,False,5.518385678268923,True,1.0,True,5000000000.0,True,5.518385678268923,True
2027,B,2000,1780478400.0,False,-1,,13,False,0.0,12.0,0.0,-1.6157871635253356,False,0.4247497072050139,False,-1.6157871635253356,False,0.2386920822861176,False,0.12879815101623535,False,-1.6157871635253356,False
2027,B,2001,1780478460.0,False,-1,,13,False,0.0,12.0,0.0,-0.5048726904448468,False,0.4474183457771514,False,-0.5048726904448468,False,0.2386920822861176,False,0.17241699695587162,False,-0.5048726904448468,False
2027,B,2002,1780478520.0,False,-1,,13,False,0.0,16.0,0.0,-1.8151343783727754,False,0.3936985845854422,False,-1.8151343783727754,False,0.06136610726127483,False,0.17686748504638672,False,-1.8151343783727754,False
2027,B,2003,1780478580.0,False,-1,,13,False,0.0,16.0,0.0,-1.1584333647330043,False,0.39019146532954574,False,-1.1584333647330043,False,0.06136610726127483,False,0.14159548282623294,False,-1.1584333647330043,False
2027,B,2004,1780478640.0,False,-1,,13,False,0.0,19.0,0.0,-1.1426867969440808,False,0.38915946309112187,False,-1.1426867969440808,False,0.02747592131132894,False,0.15889034271240235,False,-1.1426867969440808,False
2027,B,2005,1780478700.0,False,-1,,13,False,0.0,17.0,0.0,-1.039014789789765,False,0.4067280622284213,False,-1.039014789789765,False,0.04603583753820504,False,0.12228918075561523,False,-1.039014789789765,False
2027,B,2006,1780478760.0,False,-1,,13,False,0.0,16.0,0.0,-2.053928186719374,False,0.3979412656265821,False,-2.053928186719374,False,0.06136610726127483,False,0.1882762908935547,False,-2.053928186719374,False
2027,B,2007,1780478820.0,False,-1,,13,False,0.0,25.0,0.0,-0.3501321271469733,False,0.4104518891626061,False,-0.3501321271469733,False,0.008335797912300833,False,0.14636030197143554,False,-0.3501321271469733,False
2027,B,2008,1780478880.0,False,-1,,13,False,0.0,10.0,0.0,-1.724780260506349,False,0.4167838075663384,False,-1.724780260506349,False,0.4893257225979959,False,0.12965195178985597,False,-1.724780260506349,False
2027,B,2009,1780478940.0,False,-1,,13,False,0.0,12.0,0.0,-1.990242231702263,False,0.40246018246498033,False,-1.990242231702263,False,0.2386920822861176,False,0.15375874042510987,False,-1.990242231702263,False
2027,B,2010,1780479000.0,True,165,resource_exhaustion,13,False,2.0,19.0,0.0,5.518385678268923,True,0.6630667542617894,False,5.518385678268923,True,1.0,True,1999999999.9999998,True,5.518385678268923,True
2027,B,2011,1780479060.0,True,165,resource_exhaustion,13,False,1.0,11.0,0.0,5.518385678268923,True,0.6783248727243557,False,5.518385678268923,True,1.0,True,1999999999.9999998,True,5.518385678268923,True
2027,B,2012,1780479120.0,True,165,resource_exhaustion,13,False,8.0,19.0,0.0,5.518385678268923,True,0.6907754713527572,False,5.518385678268923,True,1.0,True,7999999999.999999,True,5.518385678268923,True
2027,B,2013,1780479180.0,True,165,resource_exhaustion,13,False,0.0,11.0,0.0,5.518385678268923,True,0.5621008960098715,False,5.518385678268923,True,0.34528727623408134,False,0.2751841545104981,False,5.518385678268923,True
2027,B,2014,1780479240.0,False,-1,,13,False,0.0,20.0,0.0,-1.5057250220327,False,0.3848677467074311,False,-1.5057250220327,False,0.02178535080051661,False,0.16244678497314452,False,-1.5057250220327,False
2027,B,2015,1780479300.0,False,-1,,13,False,0.0,13.0,0.0,-2.0212603556652127,False,0.3999463130225749,False,-2.0212603556652127,False,0.16541466366673443,False,0.1533920288085937,False,-2.0212603556652127,False
2027,B,2016,1780479360.0,False,-1,,13,False,0.0,23.0,0.0,-1.8916090024229542,False,0.38129870886656586,False,-1.8916090024229542,False,0.011823046139068316,False,0.15830960273742678,False,-1.8916090024229542,False
2027,B,2017,1780479420.0,False,-1,,13,False,0.0,21.0,0.0,-1.3322716142381488,False,0.407716120408462,False,-1.3322716142381488,False,0.01753670998300967,False,0.19036722183227536,False,-1.3322716142381488,False
2027,B,2018,1780479480.0,False,-1,,13,False,0.0,19.0,0.0,-1.4146715613263412,False,0.39260668961728856,False,-1.4146715613263412,False,0.02747592131132894,False,0.13070182800292968,False,-1.4146715613263412,False
2027,B,2019,1780479540.0,False,-1,,13,False,1.0,23.0,0.0,-1.0637319565282537,False,0.5755214495602865,False,-1.0637319565282537,False,1.5747568348730556e-06,False,0.16729178428649905,False,-1.0637319565282537,False
2027,B,2020,1780479600.0,False,-1,,13,False,0.0,16.0,0.0,-0.5778166578441031,False,0.4531369805287667,False,-0.5778166578441031,False,0.06136610726127483,False,0.11909449100494385,False,-0.5778166578441031,False
2027,B,2021,1780479660.0,False,-1,,13,False,0.0,25.0,0.0,-0.8274290308179104,False,0.4380359531969314,False,-0.8274290308179104,False,0.008335797912300833,False,0.21770477294921853,False,-0.8274290308179104,False
2027,B,2022,1780479720.0,True,166,resource_exhaustion,13,False,1.0,27.0,0.0,5.518385678268923,True,0.651286040211288,False,5.518385678268923,True,1.0,True,1999999999.9999998,True,5.518385678268923,True
2027,B,2023,1780479780.0,True,166,resource_exhaustion,13,False,0.0,16.0,0.0,5.518385678268923,True,0.5558686338817836,False,5.518385678268923,True,0.06136610726127483,False,0.2571253776550293,False,5.518385678268923,True
2027,B,2024,1780479840.0,True,166,resource_exhaustion,13,False,3.0,25.0,0.0,5.518385678268923,True,0.6793697846955393,False,5.518385678268923,True,1.0,True,3999999999.9999995,True,5.518385678268923,True
2027,B,2025,1780479900.0,True,166,resource_exhaustion,13,False,3.0,17.0,0.0,5.518385678268923,True,0.6852972816392956,False,5.518385678268923,True,1.0,True,999999999.9999999,True,5.518385678268923,True
2027,B,2026,1780479960.0,False,-1,,13,False,0.0,18.0,0.0,-0.11821216019368386,False,0.4303468575302933,False,-0.11821216019368386,False,0.03523827401382033,False,0.1727865695953369,False,-0.11821216019368386,False
2027,B,2027,1780480020.0,False,-1,,13,False,0.0,20.0,0.0,-1.716158046679027,False,0.38106072549389713,False,-1.716158046679027,False,0.02178535080051661,False,0.1643587827682495,False,-1.716158046679027,False
2027,B,2028,1780480080.0,False,-1,,13,True,0.0,154.0,0.0,-0.0953440617839556,False,0.6819812202568685,False,-0.0953440617839556,False,3.6359883526975474e-05,False,0.18904385566711424,False,-0.0953440617839556,False
2027,B,2029,1780480140.0,False,-1,,13,True,0.0,184.0,0.0,-0.2526683532251601,False,0.693320544227441,False,-0.2526683532251601,False,2.503359590733483e-05,False,0.17883117198944087,False,-0.2526683532251601,False
2027,B,2030,1780480200.0,False,-1,,13,True,0.0,54.0,0.0,0.35945194964685534,False,0.549162340730462,False,0.35945194964685534,False,0.0005372533669418828,False,0.1626737594604492,False,0.35945194964685534,False
2027,B,2031,1780480260.0,False,-1,,13,False,0.0,17.0,0.0,-1.0731749971913045,False,0.4003705193648835,False,-1.0731749971913045,False,0.04603583753820504,False,0.13357877731323245,False,-1.0731749971913045,False
2027,B,2032,1780480320.0,False,-1,,13,False,0.0,22.0,0.0,-0.5896690219380538,False,0.41957564814386206,False,-0.5896690219380538,False,0.014310715402948726,False,0.18251159191131588,False,-0.5896690219380538,False
2027,B,2033,1780480380.0,False,-1,,13,False,0.0,18.0,0.0,0.099505794718878,False,0.41869612584583127,False,0.099505794718878,False,0.03523827401382033,False,0.15283050537109374,False,0.099505794718878,False
2027,B,2034,1780480440.0,False,-1,,13,False,0.0,17.0,0.0,-1.5776116884533966,False,0.4012836452436227,False,-1.5776116884533966,False,0.04603583753820504,False,0.17753515243530274,False,-1.5776116884533966,False
2027,B,2035,1780480500.0,False,-1,,13,False,0.0,25.0,0.0,-0.7333475079724492,False,0.43129566207877157,False,-0.7333475079724492,False,0.008335797912300833,False,0.22790536880493165,False,-0.7333475079724492,False
2027,B,2036,1780480560.0,False,-1,,13,False,0.0,27.0,0.0,-1.8809501176523336,False,0.38564023586269525,False,-1.8809501176523336,False,0.006098006664813888,False,0.1760043621063232,False,-1.8809501176523336,False
2027,B,2037,1780480620.0,True,167,permission_denied,13,False,0.0,19.0,0.0,3.8660370769007057,True,0.4199002926853979,False,3.8660370769007057,True,1.0,True,10000000000.0,True,3.8660370769007057,True
2027,B,2038,1780480680.0,True,167,permission_denied,13,False,0.0,18.0,0.0,2.064975844665196,True,0.38849361553651446,False,2.064975844665196,True,1.0,True,6000000000.0,True,2.064975844665196,True
2027,B,2039,1780480740.0,True,167,permission_denied,13,False,0.0,21.0,0.0,3.6359463995858174,True,0.41523072867541827,False,3.6359463995858174,True,1.0,True,11000000000.0,True,3.6359463995858174,True
2027,B,2040,1780480800.0,True,167,permission_denied,13,False,0.0,33.0,0.0,-0.680668596205126,False,0.4024005478588548,False,-0.680668596205126,False,1.0,True,999999999.9999999,True,-0.680668596205126,True
2027,B,2041,1780480860.0,False,-1,,14,False,0.0,17.0,0.0,-1.8710052119731344,False,0.39317667161679504,False,-1.8710052119731344,False,0.04603583753820504,False,0.14046144485473633,False,-1.8710052119731344,False
2027,B,2042,1780480920.0,False,-1,,14,False,0.0,20.0,0.0,-0.48176432980537687,False,0.4126356905122189,False,-0.48176432980537687,False,0.02178535080051661,False,0.16802878379821778,False,-0.48176432980537687,False
2027,B,2043,1780480980.0,False,-1,,14,False,0.0,24.0,0.0,-0.8387082835905657,False,0.4034418451198215,False,-0.8387082835905657,False,0.009877380947878855,False,0.1258676528930664,False,-0.8387082835905657,False
2027,B,2044,1780481040.0,False,-1,,14,False,0.0,14.0,0.0,-0.9873004653899029,False,0.41987008418412314,False,-0.9873004653899029,False,0.11637879250025024,False,0.14748756885528563,False,-0.9873004653899029,False
2027,B,2045,1780481100.0,False,-1,,14,False,0.0,20.0,0.0,-1.6420451371544216,False,0.3771320967775581,False,-1.6420451371544216,False,0.02178535080051661,False,0.14870004653930663,False,-1.6420451371544216,False
2027,B,2046,1780481160.0,False,-1,,14,False,0.0,22.0,0.0,-1.6325335158377774,False,0.39374077510686045,False,-1.6325335158377774,False,0.014310715402948726,False,0.16922492980957027,False,-1.6325335158377774,False
2027,B,2047,1780481220.0,False,-1,,14,False,0.0,26.0,0.0,-1.1218774440492023,False,0.41553383391761856,False,-1.1218774440492023,False,0.007099809747377114,False,0.15679121017456055,False,-1.1218774440492023,False
2027,B,2048,1780481280.0,False,-1,,14,False,1.0,17.0,0.0,-0.06580051483073834,False,0.5886508273649016,False,-0.06580051483073834,False,2.4769095193105895e-06,False,0.13735265731811525,False,-0.06580051483073834,False
2027,B,2049,1780481340.0,False,-1,,14,False,0.0,15.0,0.0,-1.2173998411872358,False,0.41455417263405137,False,-1.2173998411872358,False,0.08358208903295893,False,0.1726800441741943,False,-1.2173998411872358,False
2027,B,2050,1780481400.0,True,168,resource_exhaustion,14,False,0.0,21.0,0.0,5.518385678268923,True,0.5293985264521051,False,5.518385678268923,True,1.0,True,999999999.9999999,True,5.518385678268923,True
2027,B,2051,1780481460.0,True,168,resource_exhaustion,14,False,7.0,19.0,0.0,5.518385678268923,True,0.6907754713527572,False,5.518385678268923,True,1.0,True,7000000000.0,True,5.518385678268923,True
2027,B,2052,1780481520.0,True,168,resource_exhaustion,14,False,2.0,18.0,0.0,5.518385678268923,True,0.6787972498314417,False,5.518385678268923,True,1.0,True,1999999999.9999998,True,5.518385678268923,True
2027,B,2053,1780481580.0,True,168,resource_exhaustion,14,False,1.0,22.0,0.0,5.518385678268923,True,0.6461704072220228,False,5.518385678268923,True,1.0,True,999999999.9999999,True,5.518385678268923,True
2027,B,2054,1780481640.0,False,-1,,14,False,0.0,20.0,0.0,-1.2056910596467585,False,0.38513909219733217,False,-1.2056910596467585,False,0.02178535080051661,False,0.1519879102706909,False,-1.2056910596467585,False
2027,B,2055,1780481700.0,False,-1,,14,False,0.0,19.0,0.0,-1.4094474068043041,False,0.40787182364548924,False,-1.4094474068043041,False,0.02747592131132894,False,0.13698630332946776,False,-1.4094474068043041,False
2027,B,2056,1780481760.0,False,-1,,14,False,0.0,19.0,0.0,-1.24343832775551,False,0.40003011595762034,False,-1.24343832775551,False,0.02747592131132894,False,0.17206640243530275,False,-1.24343832775551,False
2027,B,2057,1780481820.0,False,-1,,14,False,0.0,23.0,0.0,-1.8524253216098332,False,0.3813724177881293,False,-1.8524253216098332,False,0.011823046139068316,False,0.15461831092834474,False,-1.8524253216098332,False
2027,B,2058,1780481880.0,False,-1,,14,False,0.0,15.0,0.0,-1.548466319542598,False,0.39975058291348287,False,-1.548466319542598,False,0.08358208903295893,False,0.13211374282836913,False,-1.548466319542598,False
2027,B,2059,1780481940.0,False,-1,,14,False,0.0,20.0,0.0,-1.9275520747739545,False,0.37557577447345547,False,-1.9275520747739545,False,0.02178535080051661,False,0.16029350757598873,False,-1.9275520747739545,False
2027,B,2060,1780482000.0,False,-1,,14,False,0.0,16.0,0.0,-1.4107903629729526,False,0.39746337908139,False,-1.4107903629729526,False,0.06136610726127483,False,0.14111149311065674,False,-1.4107903629729526,False
2027,B,2061,1780482060.0,False,-1,,14,False,0.0,18.0,0.0,-1.7370018930162363,False,0.4045278033376148,False,-1.7370018930162363,False,0.03523827401382033,False,0.1432481288909912,False,-1.7370018930162363,False
2027,B,2062,1780482120.0,True,169,config_error,14,False,0.0,16.0,0.0,2.758995933454878,True,0.4166111607759484,False,2.758995933454878,True,0.9959971782190631,True,7000000000.0,True,2.758995933454878,True
2027,B,2063,1780482180.0,True,169,config_error,14,False,0.0,21.0,0.0,4.530187237236796,True,0.40085050802501176,False,4.530187237236796,True,3.5002260741995246e-14,False,16999999999.999998,True,4.530187237236796,True
2027,B,2064,1780482240.0,True,169,config_error,14,False,0.0,16.0,0.0,5.142157703240942,True,0.43930091061625953,False,5.142157703240942,True,1.7759765210412553e-14,False,15999999999.999998,True,5.142157703240942,True
2027,B,2065,1780482300.0,True,169,config_error,14,False,0.0,20.0,0.0,2.3018682140636932,True,0.41236025315175456,False,2.3018682140636932,True,0.9999998822289188,True,6000000000.0,True,2.3018682140636932,True
2027,B,2066,1780482360.0,False,-1,,14,False,0.0,18.0,0.0,-2.072304472713024,False,0.3852966736972956,False,-2.072304472713024,False,0.03523827401382033,False,0.1580393552780151,False,-2.072304472713024,False
2027,B,2067,1780482420.0,False,-1,,14,False,0.0,15.0,0.0,-1.4753812531316388,False,0.3948927158154283,False,-1.4753812531316388,False,0.08358208903295893,False,0.15371127128601073,False,-1.4753812531316388,False
2027,B,2068,1780482480.0,False,-1,,14,False,1.0,22.0,0.0,-1.1001898787536089,False,0.5702890829173524,False,-1.1001898787536089,False,1.6803449817821717e-06,False,0.15231745243072506,False,-1.1001898787536089,False
2027,B,2069,1780482540.0,False,-1,,14,False,0.0,15.0,0.0,-0.6764736953033781,False,0.44563559524901186,False,-0.6764736953033781,False,0.08358208903295893,False,0.11337499618530274,False,-0.6764736953033781,False
2027,B,2070,1780482600.0,False,-1,,14,False,0.0,17.0,0.0,-1.1478396533556605,False,0.3855625279234249,False,-1.1478396533556605,False,0.04603583753820504,False,0.14377517700195314,False,-1.1478396533556605,False
2027,B,2071,1780482660.0,False,-1,,14,False,0.0,21.0,0.0,-1.4443039922097949,False,0.39706825729037964,False,-1.4443039922097949,False,0.01753670998300967,False,0.15979099273681643,False,-1.4443039922097949,False
2027,B,2072,1780482720.0,False,-1,,14,False,0.0,21.0,0.0,-2.0433011271416106,False,0.373354318453194,False,-2.0433011271416106,False,0.01753670998300967,False,0.1588554382324219,False,-2.0433011271416106,False
2027,B,2073,1780482780.0,False,-1,,14,False,0.0,23.0,0.0,-0.7859697478267789,False,0.3965974243926256,False,-0.7859697478267789,False,0.011823046139068316,False,0.1425801753997803,False,-0.7859697478267789,False
2027,B,2074,1780482840.0,False,-1,,14,False,0.0,15.0,0.0,-1.8983240056128352,False,0.3917303557816766,False,-1.8983240056128352,False,0.08358208903295893,False,0.15727672576904297,False,-1.8983240056128352,False
2027,B,2075,1780482900.0,True,170,permission_denied,14,False,0.0,20.0,0.0,2.0642720105874037,True,0.39196924925924237,False,2.0642720105874037,True,1.0,True,6000000000.0,True,2.0642720105874037,True
2027,B,2076,1780482960.0,True,170,permission_denied,14,False,0.0,18.0,0.0,3.003400956916818,True,0.3957752381068684,False,3.003400956916818,True,1.0,True,9000000000.0,True,3.003400956916818,True
2027,B,2077,1780483020.0,True,170,permission_denied,14,False,0.0,21.0,0.0,3.025398836437763,True,0.3918526182876151,False,3.025398836437763,True,1.0,True,9000000000.0,True,3.025398836437763,True
2027,B,2078,1780483080.0,True,170,permission_denied,14,False,0.0,18.0,0.0,0.22254934012312688,False,0.3894398557045221,False,0.22254934012312688,False,1.0,True,1999999999.9999998,True,0.22254934012312688,True
2027,B,2079,1780483140.0,False,-1,,14,False,0.0,24.0,0.0,-2.0376688780938395,False,0.3806482715531091,False,-2.0376688780938395,False,0.009877380947878855,False,0.17151055335998536,False,-2.0376688780938395,False
2027,B,2080,1780483200.0,False,-1,,14,False,0.0,26.0,0.0,-1.694468179315403,False,0.388337531087764,False,-1.694468179315403,False,0.007099809747377114,False,0.17149806022644043,False,-1.694468179315403,False
2027,B,2081,1780483260.0,False,-1,,14,False,0.0,21.0,0.0,-2.0756222516432317,False,0.3816898473289475,False,-2.0756222516432317,False,0.01753670998300967,False,0.17766523361206055,False,-2.0756222516432317,False
2027,B,2082,1780483320.0,False,-1,,14,False,0.0,25.0,0.0,-1.422659207466702,False,0.38721844649147485,False,-1.422659207466702,False,0.008335797912300833,False,0.18168706893920888,False,-1.422659207466702,False
2027,B,2083,1780483380.0,False,-1,,14,False,0.0,21.0,0.0,-1.8082548498531628,False,0.3810239903744003,False,-1.8082548498531628,False,0.01753670998300967,False,0.15653276443481445,False,-1.8082548498531628,False
2027,B,2084,1780483440.0,True,171,dependency_timeout,14,False,1.0,20.0,0.0,5.518385678268923,True,0.6160752829204957,False,5.518385678268923,True,1.0,True,1999999999.9999998,True,5.518385678268923,True
2027,B,2085,1780483500.0,True,171,dependency_timeout,14,False,2.0,20.0,0.0,5.518385678268923,True,0.6548859500909652,False,5.518385678268923,True,1.0,True,6000000000.0,True,5.518385678268923,True
2027,B,2086,1780483560.0,True,171,dependency_timeout,14,False,4.0,27.0,0.0,5.518385678268923,True,0.6594653885652388,False,5.518385678268923,True,1.0,True,10000000000.0,True,5.518385678268923,True
2027,B,2087,1780483620.0,True,171,dependency_timeout,14,False,0.0,15.0,0.0,5.518385678268923,True,0.5006261118449457,False,5.518385678268923,True,1.0,True,999999999.9999999,True,5.518385678268923,True
2027,B,2088,1780483680.0,False,-1,,14,False,0.0,19.0,0.0,-1.3851927653743008,False,0.3869338216157778,False,-1.3851927653743008,False,0.02747592131132894,False,0.16978511810302735,False,-1.3851927653743008,False
2027,B,2089,1780483740.0,False,-1,,14,False,0.0,19.0,0.0,-0.9449472448301934,False,0.4156705574266341,False,-0.9449472448301934,False,0.02747592131132894,False,0.18408970832824711,False,-0.9449472448301934,False
2027,B,2090,1780483800.0,False,-1,,14,False,0.0,23.0,0.0,-1.6626759269075082,False,0.3780326044699141,False,-1.6626759269075082,False,0.011823046139068316,False,0.14221754074096682,False,-1.6626759269075082,False
2027,B,2091,1780483860.0,False,-1,,14,False,0.0,20.0,0.0,-1.9668923618504373,False,0.3788274649329127,False,-1.9668923618504373,False,0.02178535080051661,False,0.16759471893310543,False,-1.9668923618504373,False
2027,B,2092,1780483920.0,False,-1,,14,False,0.0,10.0,0.0,-1.159339099162933,False,0.4298179590774513,False,-1.159339099162933,False,0.4893257225979959,False,0.18172140121459962,False,-1.159339099162933,False
2027,B,2093,1780483980.0,False,-1,,14,True,0.0,148.0,0.0,0.17442557619057109,False,0.6839872863771123,False,0.17442557619057109,False,3.9631412819648244e-05,False,0.1745901107788086,False,0.17442557619057109,False
2027,B,2094,1780484040.0,False,-1,,14,True,0.0,221.0,0.0,-0.08938471039494011,False,0.7142613528009853,True,-0.08938471039494011,False,1.739638035754867e-05,False,0.18099021911621097,False,-0.08938471039494011,False
2027,B,2095,1780484100.0,False,-1,,14,True,0.0,99.0,0.0,-0.11453943758276797,False,0.6289718977591494,False,-0.11453943758276797,False,0.00010099728802709863,False,0.18073744773864742,False,-0.11453943758276797,False
2027,B,2096,1780484160.0,False,-1,,14,False,0.0,21.0,0.0,-0.7651687247071868,False,0.4031628848126207,False,-0.7651687247071868,False,0.01753670998300967,False,0.13376188278198245,False,-0.7651687247071868,False
2027,B,2097,1780484220.0,False,-1,,14,False,0.0,14.0,0.0,-1.7907630432426638,False,0.39191779815214717,False,-1.7907630432426638,False,0.11637879250025024,False,0.14424264430999753,False,-1.7907630432426638,False
2027,B,2098,1780484280.0,True,172,config_error,14,False,0.0,21.0,0.0,4.957705108148678,True,0.45231216687926457,False,4.957705108148678,True,6.62531105114605e-16,False,19000000000.0,True,4.957705108148678,True
2027,B,2099,1780484340.0,True,172,config_error,14,False,0.0,29.0,0.0,4.7691254619669206,True,0.42163232617996915,False,4.7691254619669206,True,8.05000346624476e-17,False,22000000000.0,True,4.7691254619669206,True
2027,B,2100,1780484400.0,True,172,config_error,14,False,0.0,26.0,0.0,2.1576529739907118,True,0.37347265354763853,False,2.1576529739907118,True,0.9999999825106148,True,6000000000.0,True,2.1576529739907118,True
2027,B,2101,1780484460.0,False,-1,,14,False,0.0,22.0,0.0,-1.6112210719164448,False,0.38725338507201273,False,-1.6112210719164448,False,0.014982088424704625,False,0.1820867538452149,False,-1.6112210719164448,False
2027,B,2102,1780484520.0,False,-1,,14,False,0.0,24.0,0.0,-0.000880480167200659,False,0.4186451201583286,False,-0.000880480167200659,False,0.009449908473512025,False,0.15843586921691896,False,-0.000880480167200659,False
2027,B,2103,1780484580.0,False,-1,,14,False,0.0,25.0,0.0,-0.6802151890955743,False,0.3940851133359786,False,-0.6802151890955743,False,0.008335797912300833,False,0.15339126586914062,False,-0.6802151890955743,False
2027,B,2104,1780484640.0,False,-1,,14,False,0.0,14.0,0.0,-1.444229718098919,False,0.4082898045172946,False,-1.444229718098919,False,0.11637879250025024,False,0.16180391311645503,False,-1.444229718098919,False
2027,B,2105,1780484700.0,False,-1,,14,False,0.0,19.0,0.0,-1.3646971304671869,False,0.3932386613859197,False,-1.3646971304671869,False,0.02747592131132894,False,0.16474857330322265,False,-1.3646971304671869,False
2027,B,2106,1780484760.0,False,-1,,14,False,0.0,20.0,0.0,-1.9819550693761192,False,0.37963983490532965,False,-1.9819550693761192,False,0.02178535080051661,False,0.14756979942321777,False,-1.9819550693761192,False
2027,B,2107,1780484820.0,True,173,permission_denied,14,False,0.0,25.0,0.0,1.7857524350958092,True,0.37732826174669676,False,1.7857524350958092,True,1.0,True,5000000000.0,True,1.7857524350958092,True
2027,B,2108,1780484880.0,True,173,permission_denied,14,False,0.0,18.0,0.0,1.6332178209752932,True,0.3813596445052785,False,1.6332178209752932,True,1.0,True,5000000000.0,True,1.6332178209752932,True
2027,B,2109,1780484940.0,True,173,permission_denied,14,False,0.0,29.0,0.0,3.4662066826024565,True,0.38513403272295493,False,3.4662066826024565,True,1.0,True,11000000000.0,True,3.4662066826024565,True
2027,B,2110,1780485000.0,False,-1,,14,False,0.0,24.0,0.0,-1.6628871965665866,False,0.38052846534493007,False,-1.6628871965665866,False,0.009877380947878855,False,0.16320440769195557,False,-1.6628871965665866,False
2027,B,2111,1780485060.0,False,-1,,14,False,0.0,22.0,0.0,-1.8521402795701345,False,0.3932034888079549,False,-1.8521402795701345,False,0.014310715402948726,False,0.15955142974853515,False,-1.8521402795701345,False
2027,B,2112,1780485120.0,False,-1,,14,False,0.0,24.0,0.0,-1.1721483020059331,False,0.3928068459495384,False,-1.1721483020059331,False,0.009877380947878855,False,0.17411553859710693,False,-1.1721483020059331,False
2027,B,2113,1780485180.0,False,-1,,14,False,0.0,24.0,0.0,-1.1321122517439504,False,0.3924757064399117,False,-1.1321122517439504,False,0.009877380947878855,False,0.13050861358642576,False,-1.1321122517439504,False
2027,B,2114,1780485240.0,False,-1,,14,False,0.0,17.0,0.0,-1.056362612757857,False,0.41770277089037383,False,-1.056362612757857,False,0.04603583753820504,False,0.12058420181274415,False,-1.056362612757857,False
2027,B,2115,1780485300.0,False,-1,,14,False,0.0,18.0,0.0,-1.7737943783033412,False,0.3926691535164224,False,-1.7737943783033412,False,0.03523827401382033,False,0.17526912689208976,False,-1.7737943783033412,False
2027,B,2116,1780485360.0,False,-1,,14,False,0.0,27.0,0.0,-1.9077744366404978,False,0.3734692201360775,False,-1.9077744366404978,False,0.006098006664813888,False,0.16978478431701657,False,-1.9077744366404978,False
2027,B,2117,1780485420.0,False,-1,,14,False,0.0,23.0,0.0,-0.824305508035688,False,0.4381487179059076,False,-0.824305508035688,False,0.011823046139068316,False,0.2288199901580812,False,-0.824305508035688,False
2027,B,2118,1780485480.0,True,174,dependency_timeout,14,False,1.0,13.0,0.0,5.518385678268923,True,0.642480005036608,False,5.518385678268923,True,1.0,True,3999999999.9999995,True,5.518385678268923,True
2027,B,2119,1780485540.0,True,174,dependency_timeout,14,False,0.0,27.0,0.0,5.518385678268923,True,0.4963770539396935,False,5.518385678268923,True,1.0,True,9000000000.0,True,5.518385678268923,True
2027,B,2120,1780485600.0,True,174,dependency_timeout,14,False,2.0,25.0,0.0,5.518385678268923,True,0.6491307524979953,False,5.518385678268923,True,1.0,True,12000000000.0,True,5.518385678268923,True
2027,B,2121,1780485660.0,True,174,dependency_timeout,14,False,0.0,29.0,0.0,5.518385678268923,True,0.4750273570599516,False,5.518385678268923,True,1.0,True,1999999999.9999998,True,5.518385678268923,True
2027,B,2122,1780485720.0,False,-1,,14,False,0.0,21.0,0.0,-1.2893607323889835,False,0.39462660188008314,False,-1.2893607323889835,False,0.01753670998300967,False,0.13878202438354492,False,-1.2893607323889835,False
2027,B,2123,1780485780.0,False,-1,,14,False,0.0,24.0,0.0,-1.0703575202460156,False,0.399522630435933,False,-1.0703575202460156,False,0.009877380947878855,False,0.14080562591552734,False,-1.0703575202460156,False
2027,B,2124,1780485840.0,False,-1,,14,False,0.0,24.0,0.0,-1.777908326349353,False,0.37418885703211735,False,-1.777908326349353,False,0.009877380947878855,False,0.15920462608337402,False,-1.777908326349353,False
2027,B,2125,1780485900.0,False,-1,,14,False,0.0,14.0,0.0,-1.6828062335021619,False,0.399819010873417,False,-1.6828062335021619,False,0.11637879250025024,False,0.1321012496948242,False,-1.6828062335021619,False
2027,B,2126,1780485960.0,False,-1,,14,False,0.0,24.0,0.0,-0.710852017662206,False,0.4158850928276257,False,-0.710852017662206,False,0.009877380947878855,False,0.16573221683502198,False,-0.710852017662206,False
2027,B,2127,1780486020.0,False,-1,,14,False,0.0,22.0,0.0,-1.8494268134140235,False,0.3926468286701811,False,-1.8494268134140235,False,0.014310715402948726,False,0.1897047996520996,False,-1.8494268134140235,False
2027,B,2128,1780486080.0,True,175,dependency_timeout,14,False,3.0,20.0,0.0,5.518385678268923,True,0.6534261169104575,False,5.518385678268923,True,1.0,True,7000000000.0,True,5.518385678268923,True
2027,B,2129,1780486140.0,True,175,dependency_timeout,14,False,3.0,23.0,0.0,5.518385678268923,True,0.6452749936776939,False,5.518385678268923,True,1.0,True,10000000000.0,True,5.518385678268923,True
2027,B,2130,1780486200.0,True,175,dependency_timeout,14,False,3.0,21.0,0.0,5.518385678268923,True,0.6656312579957394,False,5.518385678268923,True,1.0,True,10000000000.0,True,5.518385678268923,True
2027,B,2131,1780486260.0,False,-1,,14,False,0.0,31.0,0.0,-1.063177862164551,False,0.39732501360157546,False,-1.063177862164551,False,0.0035614529717428794,False,0.14286160469055176,False,-1.063177862164551,False
2027,B,2132,1780486320.0,False,-1,,14,False,0.0,20.0,0.0,-1.4025729650676562,False,0.39951675442660994,False,-1.4025729650676562,False,0.02178535080051661,False,0.17602207660675043,False,-1.4025729650676562,False
2027,B,2133,1780486380.0,False,-1,,14,False,0.0,31.0,0.0,-1.7404752059675648,False,0.39084909917776056,False,-1.7404752059675648,False,0.0035614529717428794,False,0.1659553050994873,False,-1.7404752059675648,False
2027,B,2134,1780486440.0,False,-1,,14,False,0.0,24.0,0.0,-0.6138860814518994,False,0.3978635204578393,False,-0.6138860814518994,False,0.009877380947878855,False,0.13342301845550536,False,-0.6138860814518994,False
2027,B,2135,1780486500.0,False,-1,,14,False,0.0,19.0,0.0,-0.9261964697951912,False,0.4390447782151827,False,-0.9261964697951912,False,0.02747592131132894,False,0.2164573669433594,False,-0.9261964697951912,False
2027,B,2136,1780486560.0,False,-1,,14,False,0.0,22.0,0.0,-1.1387979994804924,False,0.3831978024326541,False,-1.1387979994804924,False,0.014310715402948726,False,0.15637249946594237,False,-1.1387979994804924,False
2027,B,2137,1780486620.0,False,-1,,14,False,0.0,25.0,0.0,1.276266244305857,True,0.47816164962521257,False,1.276266244305857,True,0.008335797912300833,False,0.1322953224182129,False,1.276266244305857,True
2027,B,2138,1780486680.0,True,176,resource_exhaustion,14,False,0.0,28.0,0.0,5.518385678268923,True,0.550447539116777,False,5.518385678268923,True,1.0,True,999999999.9999999,True,5.518385678268923,True
2027,B,2139,1780486740.0,True,176,resource_exhaustion,14,False,4.0,24.0,0.0,5.518385678268923,True,0.6752854467904585,False,5.518385678268923,True,1.0,True,6000000000.0,True,5.518385678268923,True
2027,B,2140,1780486800.0,True,176,resource_exhaustion,14,False,4.0,22.0,0.0,5.518385678268923,True,0.6757136152109084,False,5.518385678268923,True,1.0,True,3000000000.0,True,5.518385678268923,True
2027,B,2141,1780486860.0,True,176,resource_exhaustion,14,False,1.0,29.0,0.0,5.518385678268923,True,0.6518421598770889,False,5.518385678268923,True,1.0,True,999999999.9999999,True,5.518385678268923,True
2027,B,2142,1780486920.0,False,-1,,14,False,0.0,18.0,0.0,-1.7748800374530633,False,0.38118058108973624,False,-1.7748800374530633,False,0.03523827401382033,False,0.14752557277679446,False,-1.7748800374530633,False
2027,B,2143,1780486980.0,False,-1,,14,False,0.0,30.0,0.0,-1.6358356772471474,False,0.3828754275354581,False,-1.6358356772471474,False,0.004035630564043479,False,0.16161060333251956,False,-1.6358356772471474,False
2027,B,2144,1780487040.0,False,-1,,14,False,0.0,26.0,0.0,-1.548351393952636,False,0.3957254431832131,False,-1.548351393952636,False,0.007099809747377114,False,0.2012026309967041,False,-1.548351393952636,False
2027,B,2145,1780487100.0,False,-1,,14,False,0.0,19.0,0.0,-1.7451487318290946,False,0.4044943907405902,False,-1.7451487318290946,False,0.02747592131132894,False,0.15190258026123046,False,-1.7451487318290946,False
2027,B,2146,1780487160.0,False,-1,,14,False,0.0,23.0,0.0,-1.1581243175163998,False,0.4187704443023605,False,-1.1581243175163998,False,0.011823046139068316,False,0.14964909553527833,False,-1.1581243175163998,False
2027,B,2147,1780487220.0,False,-1,,14,False,0.0,22.0,0.0,-0.8317662013278264,False,0.38883442117028827,False,-0.8317662013278264,False,0.014310715402948726,False,0.1496816873550415,False,-0.8317662013278264,False
2027,B,2148,1780487280.0,False,-1,,14,False,0.0,19.0,0.0,-0.943410830188026,False,0.401063975246497,False,-0.943410830188026,False,0.02747592131132894,False,0.16757283210754395,False,-0.943410830188026,False
2027,B,2149,1780487340.0,False,-1,,14,False,0.0,18.0,0.0,-0.8383530686106067,False,0.3935942175931245,False,-0.8383530686106067,False,0.03523827401382033,False,0.14164710044860837,False,-0.8383530686106067,False
2027,B,2150,1780487400.0,False,-1,,14,False,0.0,19.0,0.0,-1.9514320772157587,False,0.3855186370972255,False,-1.9514320772157587,False,0.02747592131132894,False,0.17963199615478515,False,-1.9514320772157587,False
2027,B,2151,1780487460.0,False,-1,,14,False,0.0,27.0,0.0,-1.5608172353832286,False,0.376169020485398,False,-1.5608172353832286,False,0.006098006664813888,False,0.14622650146484376,False,-1.5608172353832286,False
2027,B,2152,1780487520.0,True,177,config_error,14,False,0.0,35.0,0.0,0.9549682861801942,False,0.43087353373615495,False,0.9549682861801942,False,1.0,True,3000000000.0,True,0.9549682861801942,True
2027,B,2153,1780487580.0,True,177,config_error,14,False,0.0,24.0,0.0,4.887028246248721,True,0.4015840535893236,False,4.887028246248721,True,7.57547065043972e-17,False,21000000000.0,True,4.887028246248721,True
2027,B,2154,1780487640.0,True,177,config_error,14,False,0.0,26.0,0.0,5.121849728411753,True,0.43313777864564923,False,5.121849728411753,True,1.9116157718062577e-18,False,24000000000.0,True,5.121849728411753,True
2027,B,2155,1780487700.0,True,177,config_error,14,False,1.0,25.0,0.0,4.256940933430084,True,0.5732544192881812,False,4.256940933430084,True,5.196442973883189e-11,False,14000000000.0,True,4.256940933430084,True
2027,B,2156,1780487760.0,False,-1,,14,False,0.0,35.0,0.0,-1.4123501431169876,False,0.4218161294180762,False,-1.4123501431169876,False,0.0022735686514638908,False,0.1902155876159668,False,-1.4123501431169876,False
2027,B,2157,1780487820.0,False,-1,,14,False,0.0,25.0,0.0,-0.5645769477905676,False,0.39221107683878065,False,-0.5645769477905676,False,0.008335797912300833,False,0.13158330917358396,False,-0.5645769477905676,False
2027,B,2158,1780487880.0,False,-1,,14,False,0.0,27.0,0.0,-1.7409554638489722,False,0.3754345789734398,False,-1.7409554638489722,False,0.006098006664813888,False,0.15776391029357908,False,-1.7409554638489722,False
2027,B,2159,1780487940.0,False,-1,,14,False,0.0,28.0,0.0,-1.8148865290993372,False,0.3755776166209124,False,-1.8148865290993372,False,0.005277869151926005,False,0.15758976936340333,False,-1.8148865290993372,False
2027,B,2160,1780488000.0,False,-1,,14,False,0.0,18.0,0.0,-1.5825423796622111,False,0.38251451466592684,False,-1.5825423796622111,False,0.03523827401382033,False,0.1435223817825317,False,-1.5825423796622111,False
2027,B,2161,1780488060.0,True,178,permission_denied,14,False,0.0,26.0,0.0,-1.0071326258838749,False,0.3793737465266067,False,-1.0071326258838749,False,0.007099809747377114,False,0.13964474201202393,False,-1.0071326258838749,False
2027,B,2162,1780488120.0,True,178,permission_denied,14,False,0.0,20.0,0.0,1.6719988622934165,True,0.40763190906182645,False,1.6719988622934165,True,1.0,True,5000000000.0,True,1.6719988622934165,True
2027,B,2163,1780488180.0,True,178,permission_denied,14,False,0.0,21.0,0.0,1.6292097532384777,True,0.3761684911576586,False,1.6292097532384777,True,1.0,True,5000000000.0,True,1.6292097532384777,True
2027,B,2164,1780488240.0,False,-1,,14,False,0.0,22.0,0.0,-1.2729182739934943,False,0.40981989078743114,False,-1.2729182739934943,False,0.014310715402948726,False,0.13895530700683592,False,-1.2729182739934943,False
2027,B,2165,1780488300.0,False,-1,,14,False,0.0,31.0,0.0,-1.089657876064809,False,0.42805746720690074,False,-1.089657876064809,False,0.0035614529717428794,False,0.202580451965332,False,-1.089657876064809,False
2027,B,2166,1780488360.0,False,-1,,14,False,0.0,18.0,0.0,-2.184747077706721,False,0.39754419811295283,False,-2.184747077706721,False,0.03523827401382033,False,0.17753977775573723,False,-2.184747077706721,False
2027,B,2167,1780488420.0,False,-1,,14,True,0.0,36.0,0.0,-1.5156793824748371,False,0.4210290771700248,False,-1.5156793824748371,False,0.0020548178291087465,False,0.16990137100219724,False,-1.5156793824748371,False
2027,B,2168,1780488480.0,False,-1,,14,True,0.0,250.0,0.0,0.47079557429536756,False,0.7270425470550014,True,0.47079557429536756,False,1.3764978470137707e-05,False,0.19459252357482903,False,0.47079557429536756,False
2027,B,2169,1780488540.0,False,-1,,14,True,0.0,227.0,0.0,0.30316642357383117,False,0.7204204481064358,True,0.30316642357383117,False,1.6521787232792368e-05,False,0.18609123229980484,False,0.30316642357383117,False
2027,B,2170,1780488600.0,False,-1,,14,False,0.0,28.0,0.0,-1.6404504291618567,False,0.38795527556634823,False,-1.6404504291618567,False,0.005277869151926005,False,0.16713035106658936,False,-1.6404504291618567,False
2027,B,2171,1780488660.0,False,-1,,14,False,0.0,26.0,0.0,-1.4343425906411262,False,0.38819749464519876,False,-1.4343425906411262,False,0.007099809747377114,False,0.18227756023406982,False,-1.4343425906411262,False
2027,B,2172,1780488720.0,False,-1,,14,False,0.0,23.0,0.0,-1.391241763026545,False,0.42112286621456185,False,-1.391241763026545,False,0.011823046139068316,False,0.21078929901123059,False,-1.391241763026545,False
2027,B,2173,1780488780.0,True,179,resource_exhaustion,14,False,0.0,22.0,0.0,5.518385678268923,True,0.5195192513142244,False,5.518385678268923,True,1.0,True,999999999.9999999,True,5.518385678268923,True
2027,B,2174,1780488840.0,True,179,resource_exhaustion,14,False,2.0,28.0,0.0,5.518385678268923,True,0.6748475458795211,False,5.518385678268923,True,1.0,True,1999999999.9999998,True,5.518385678268923,True
2027,B,2175,1780488900.0,True,179,resource_exhaustion,14,False,2.0,21.0,0.0,5.518385678268923,True,0.6738873732064299,False,5.518385678268923,True,1.0,True,1999999999.9999998,True,5.518385678268923,True
2027,B,2176,1780488960.0,True,179,resource_exhaustion,14,False,5.0,29.0,0.0,5.518385678268923,True,0.6815177445458067,False,5.518385678268923,True,1.0,True,5000000000.0,True,5.518385678268923,True
2027,B,2177,1780489020.0,False,-1,,15,False,0.0,29.0,0.0,-1.4479441265044235,False,0.39158804444566175,False,-1.4479441265044235,False,0.004600255196217414,False,0.14541978836059571,False,-1.4479441265044235,False
2027,B,2178,1780489080.0,False,-1,,15,False,0.0,33.0,0.0,-1.3071349791652578,False,0.414776763661857,False,-1.3071349791652578,False,0.0028187155458383314,False,0.1647862434387207,False,-1.3071349791652578,False
2027,B,2179,1780489140.0,False,-1,,15,False,0.0,26.0,0.0,-0.6976509182824939,False,0.3911972996520199,False,-0.6976509182824939,False,0.007099809747377114,False,0.14878571033477783,False,-0.6976509182824939,False
2027,B,2180,1780489200.0,False,-1,,15,False,0.0,22.0,0.0,-0.7091827957708396,False,0.3895261864896842,False,-0.7091827957708396,False,0.014310715402948726,False,0.1376303434371948,False,-0.7091827957708396,False
2027,B,2181,1780489260.0,False,-1,,15,False,0.0,17.0,0.0,-2.237873382687126,False,0.3864159840370188,False,-2.237873382687126,False,0.04603583753820504,False,0.17171010971069336,False,-2.237873382687126,False
2027,B,2182,1780489320.0,False,-1,,15,False,0.0,25.0,0.0,-2.009722445932473,False,0.3816358770355517,False,-2.009722445932473,False,0.008335797912300833,False,0.1773024559020995,False,-2.009722445932473,False
2027,B,2183,1780489380.0,False,-1,,15,False,0.0,25.0,0.0,-0.7488987242494343,False,0.3964120699192025,False,-0.7488987242494343,False,0.008335797912300833,False,0.12924566268920898,False,-0.7488987242494343,False
2027,B,2184,1780489440.0,False,-1,,15,False,1.0,25.0,0.0,1.1325927515756522,True,0.5941867445398564,False,1.1325927515756522,True,1.3964749833258011e-06,False,0.22241325378417964,False,1.1325927515756522,False
2027,B,2185,1780489500.0,False,-1,,15,False,0.0,23.0,0.0,-1.9663605546013372,False,0.38469857700193966,False,-1.9663605546013372,False,0.011823046139068316,False,0.16065392494201663,False,-1.9663605546013372,False
2027,B,2186,1780489560.0,False,-1,,15,False,0.0,16.0,0.0,-1.302059686283073,False,0.38819590304926654,False,-1.302059686283073,False,0.06136610726127483,False,0.1451777219772339,False,-1.302059686283073,False
2027,B,2187,1780489620.0,True,180,dependency_timeout,15,False,0.0,32.0,0.0,5.463735511250057,True,0.46865719191383837,False,5.463735511250057,True,0.0032590421341972976,False,999999999.9999999,True,5.463735511250057,True
2027,B,2188,1780489680.0,True,180,dependency_timeout,15,False,3.0,27.0,0.0,5.518385678268923,True,0.6574845254591926,False,5.518385678268923,True,1.0,True,11000000000.0,True,5.518385678268923,True
2027,B,2189,1780489740.0,True,180,dependency_timeout,15,False,3.0,24.0,0.0,5.518385678268923,True,0.6522982232432569,False,5.518385678268923,True,1.0,True,9000000000.0,True,5.518385678268923,True
2027,B,2190,1780489800.0,True,180,dependency_timeout,15,False,2.0,21.0,0.0,5.518385678268923,True,0.6327004343704773,False,5.518385678268923,True,1.0,True,3999999999.9999995,True,5.518385678268923,True
2027,B,2191,1780489860.0,False,-1,,15,False,0.0,30.0,0.0,-1.5148579373037876,False,0.39834878495322595,False,-1.5148579373037876,False,0.004035630564043479,False,0.18163492679595947,False,-1.5148579373037876,False
2027,B,2192,1780489920.0,False,-1,,15,False,0.0,23.0,0.0,-1.3064260266306702,False,0.3872419961282262,False,-1.3064260266306702,False,0.011823046139068316,False,0.16060314178466803,False,-1.3064260266306702,False
2027,B,2193,1780489980.0,False,-1,,15,False,0.0,39.0,0.0,-1.3101957946363552,False,0.44879973832385,False,-1.3101957946363552,False,0.0015507182896148262,False,0.16730237007141113,False,-1.3101957946363552,False
2027,B,2194,1780490040.0,False,-1,,15,False,0.0,25.0,0.0,-1.170695834629906,False,0.402461223343968,False,-1.170695834629906,False,0.008335797912300833,False,0.13583011627197264,False,-1.170695834629906,False
2027,B,2195,1780490100.0,False,-1,,15,False,0.0,33.0,0.0,-1.29020431717161,False,0.39931600454261756,False,-1.29020431717161,False,0.0028187155458383314,False,0.1537647247314453,False,-1.29020431717161,False
2027,B,2196,1780490160.0,False,-1,,15,False,0.0,33.0,0.0,-0.8625844159827052,False,0.4096572470657703,False,-0.8625844159827052,False,0.0028187155458383314,False,0.13657493591308592,False,-0.8625844159827052,False
2027,B,2197,1780490220.0,False,-1,,15,False,0.0,33.0,0.0,-0.9944083417013649,False,0.40678462876980365,False,-0.9944083417013649,False,0.0028187155458383314,False,0.14980049133300782,False,-0.9944083417013649,False
2027,B,2198,1780490280.0,False,-1,,15,False,0.0,30.0,0.0,-0.7720122871214734,False,0.4143383896084225,False,-0.7720122871214734,False,0.004035630564043479,False,0.1691138744354248,False,-0.7720122871214734,False
2027,B,2199,1780490340.0,False,-1,,15,False,0.0,20.0,0.0,-1.2027349419011033,False,0.3925318467701742,False,-1.2027349419011033,False,0.02178535080051661,False,0.15111470222473142,False,-1.2027349419011033,False
2027,B,2200,1780490400.0,True,181,dependency_timeout,15,False,0.0,28.0,0.0,5.518385678268923,True,0.4620516392680944,False,5.518385678268923,True,1.0,True,3999999999.9999995,True,5.518385678268923,True
2027,B,2201,1780490460.0,True,181,dependency_timeout,15,False,2.0,23.0,0.0,5.518385678268923,True,0.6529438455299635,False,5.518385678268923,True,1.0,True,6000000000.0,True,5.518385678268923,True
2027,B,2202,1780490520.0,True,181,dependency_timeout,15,False,0.0,31.0,0.0,5.518385678268923,True,0.5160341629480112,False,5.518385678268923,True,1.0,True,7000000000.0,True,5.518385678268923,True
2027,B,2203,1780490580.0,True,181,dependency_timeout,15,False,0.0,22.0,0.0,5.518385678268923,True,0.5023103127552613,False,5.518385678268923,True,1.0,True,5000000000.0,True,5.518385678268923,True
2027,B,2204,1780490640.0,False,-1,,15,False,0.0,27.0,0.0,-1.542786046329141,False,0.3774200632544072,False,-1.542786046329141,False,0.006098006664813888,False,0.1503678798675537,False,-1.542786046329141,False
2027,B,2205,1780490700.0,False,-1,,15,False,0.0,32.0,0.0,-0.8037925804487394,False,0.4099712793842731,False,-0.8037925804487394,False,0.0031603316622729675,False,0.1497452974319458,False,-0.8037925804487394,False
2027,B,2206,1780490760.0,False,-1,,15,False,0.0,33.0,0.0,-0.9117021804598311,False,0.43917530991394527,False,-0.9117021804598311,False,0.0028187155458383314,False,0.20801343917846676,False,-0.9117021804598311,False
2027,B,2207,1780490820.0,False,-1,,15,False,0.0,27.0,0.0,-0.8459161489212681,False,0.4352912270030738,False,-0.8459161489212681,False,0.006327623256786735,False,0.19630794525146483,False,-0.8459161489212681,False
2027,B,2208,1780490880.0,False,-1,,15,False,0.0,24.0,0.0,-1.2330325651688465,False,0.3980365890874861,False,-1.2330325651688465,False,0.009449908473512025,False,0.1809969425201416,False,-1.2330325651688465,False
2027,B,2209,1780490940.0,True,182,resource_exhaustion,15,False,0.0,30.0,0.0,-1.3266727850463447,False,0.3911653109452419,False,-1.3266727850463447,False,0.004035630564043479,False,0.15024354457855224,False,-1.3266727850463447,False
2027,B,2210,1780491000.0,True,182,resource_exhaustion,15,False,2.0,17.0,0.0,5.518385678268923,True,0.6841069978211999,False,5.518385678268923,True,1.0,True,3000000000.0,True,5.518385678268923,True
2027,B,2211,1780491060.0,True,182,resource_exhaustion,15,False,5.0,23.0,0.0,5.518385678268923,True,0.6760608954707878,False,5.518385678268923,True,1.0,True,5000000000.0,True,5.518385678268923,True
2027,B,2212,1780491120.0,True,182,resource_exhaustion,15,False,7.0,23.0,0.0,5.518385678268923,True,0.6806163831481469,False,5.518385678268923,True,1.0,True,7000000000.0,True,5.518385678268923,True
2027,B,2213,1780491180.0,True,182,resource_exhaustion,15,False,1.0,23.0,0.0,5.518385678268923,True,0.6545212916805945,False,5.518385678268923,True,1.0,True,999999999.9999999,True,5.518385678268923,True
2027,B,2214,1780491240.0,False,-1,,15,False,0.0,21.0,0.0,-1.6451519626839577,False,0.3887403494173785,False,-1.6451519626839577,False,0.01753670998300967,False,0.17888402938842773,False,-1.6451519626839577,False
2027,B,2215,1780491300.0,False,-1,,15,False,0.0,24.0,0.0,-2.006148855470813,False,0.38555198321955436,False,-2.006148855470813,False,0.009877380947878855,False,0.1718061923980713,False,-2.006148855470813,False
2027,B,2216,1780491360.0,False,-1,,15,False,0.0,30.0,0.0,-1.2253244503236242,False,0.38942122132179424,False,-1.2253244503236242,False,0.004035630564043479,False,0.15697338581085205,False,-1.2253244503236242,False
2027,B,2217,1780491420.0,False,-1,,15,False,0.0,38.0,0.0,-0.5281237769872575,False,0.4548058130747415,False,-0.5281237769872575,False,0.0016974148233034653,False,0.16333107948303227,False,-0.5281237769872575,False
2027,B,2218,1780491480.0,False,-1,,15,False,0.0,33.0,0.0,-1.3746003033760967,False,0.40497234157724543,False,-1.3746003033760967,False,0.0028187155458383314,False,0.16191892623901366,False,-1.3746003033760967,False
2027,B,2219,1780491540.0,True,183,config_error,15,False,0.0,22.0,0.0,2.909842460607893,True,0.41879291494361737,False,2.909842460607893,True,0.7288451039542463,True,7999999999.999999,True,2.909842460607893,True
2027,B,2220,1780491600.0,True,183,config_error,15,False,0.0,33.0,0.0,5.282106671284124,True,0.4430142934986301,False,5.282106671284124,True,6.412103975507605e-21,False,30999999999.999996,True,5.282106671284124,True
2027,B,2221,1780491660.0,True,183,config_error,15,False,0.0,27.0,0.0,4.964107475988656,True,0.4504074274272926,False,4.964107475988656,True,1.0952263531215645e-17,False,23000000000.0,True,4.964107475988656,True
2027,B,2222,1780491720.0,True,183,config_error,15,False,0.0,33.0,0.0,5.279183446079391,True,0.44366518228544094,False,5.279183446079391,True,6.412103975507605e-21,False,30999999999.999996,True,5.279183446079391,True
2027,B,2223,1780491780.0,True,183,config_error,15,False,0.0,25.0,0.0,0.6374846462823953,False,0.43692854205854864,False,0.6374846462823953,False,1.0,True,1999999999.9999998,True,0.6374846462823953,True
2027,B,2224,1780491840.0,False,-1,,15,False,1.0,34.0,0.0,-0.9544434584951604,False,0.5841954821713179,False,-0.9544434584951604,False,9.125974679147751e-07,False,0.16480886936187747,False,-0.9544434584951604,False
2027,B,2225,1780491900.0,False,-1,,15,False,0.0,27.0,0.0,-1.5745250653423843,False,0.38400785762344614,False,-1.5745250653423843,False,0.006098006664813888,False,0.17789058685302733,False,-1.5745250653423843,False
2027,B,2226,1780491960.0,False,-1,,15,False,0.0,31.0,0.0,-1.1367629334775167,False,0.3936996639738604,False,-1.1367629334775167,False,0.0035614529717428794,False,0.14251351356506348,False,-1.1367629334775167,False
2027,B,2227,1780492020.0,False,-1,,15,False,0.0,32.0,0.0,-1.6314018785241,False,0.39508448938211604,False,-1.6314018785241,False,0.0031603316622729675,False,0.16079754829406742,False,-1.6314018785241,False
2027,B,2228,1780492080.0,False,-1,,15,False,0.0,26.0,0.0,-1.2480545805040917,False,0.37803243589281965,False,-1.2480545805040917,False,0.007099809747377114,False,0.15906691551208496,False,-1.2480545805040917,False
2027,B,2229,1780492140.0,False,-1,,15,False,0.0,31.0,0.0,-1.168438665488691,False,0.42015941870233875,False,-1.168438665488691,False,0.0035614529717428794,False,0.15000724792480466,False,-1.168438665488691,False
2027,B,2230,1780492200.0,False,-1,,15,False,0.0,26.0,0.0,-0.6864108943438989,False,0.4262574488676674,False,-0.6864108943438989,False,0.007099809747377114,False,0.13409674167633057,False,-0.6864108943438989,False
2027,B,2231,1780492260.0,False,-1,,15,False,0.0,32.0,0.0,-1.2738924526351818,False,0.4256467072151341,False,-1.2738924526351818,False,0.0031603316622729675,False,0.19273784160614021,False,-1.2738924526351818,False
2027,B,2232,1780492320.0,False,-1,,15,False,0.0,18.0,0.0,-0.7911784300903113,False,0.40731440298070604,False,-0.7911784300903113,False,0.03523827401382033,False,0.16766340732574464,False,-0.7911784300903113,False
2027,B,2233,1780492380.0,True,184,permission_denied,15,False,0.0,36.0,0.0,2.675403820629635,True,0.48620299614646495,False,2.675403820629635,True,1.0,True,5000000000.0,True,2.675403820629635,True
2027,B,2234,1780492440.0,True,184,permission_denied,15,False,0.0,36.0,0.0,4.131048753239367,True,0.42453267085563273,False,4.131048753239367,True,1.0,True,15000000000.0,True,4.131048753239367,True
2027,B,2235,1780492500.0,True,184,permission_denied,15,False,0.0,45.0,0.0,3.329439781942594,True,0.5254472263084635,False,3.329439781942594,True,1.0,True,7999999999.999999,True,3.329439781942594,True
2027,B,2236,1780492560.0,False,-1,,15,False,0.0,28.0,0.0,-0.7285916451066328,False,0.39186016424181663,False,-0.7285916451066328,False,0.005277869151926005,False,0.1407031774520874,False,-0.7285916451066328,False
2027,B,2237,1780492620.0,False,-1,,15,False,0.0,19.0,0.0,-2.1671294955567575,False,0.38610013389451386,False,-2.1671294955567575,False,0.02747592131132894,False,0.17222843170166016,False,-2.1671294955567575,False
2027,B,2238,1780492680.0,False,-1,,15,False,0.0,36.0,0.0,-1.1802387490677155,False,0.4203709269206947,False,-1.1802387490677155,False,0.0020548178291087465,False,0.14976584911346433,False,-1.1802387490677155,False
2027,B,2239,1780492740.0,False,-1,,15,False,0.0,34.0,0.0,-1.5676068634352154,False,0.4019383863674704,False,-1.5676068634352154,False,0.002525946561051813,False,0.1629033565521241,False,-1.5676068634352154,False
2027,B,2240,1780492800.0,False,-1,,15,False,0.0,17.0,0.0,-1.4850076871838152,False,0.38581947581719356,False,-1.4850076871838152,False,0.04603583753820504,False,0.15581245422363282,False,-1.4850076871838152,False
2027,B,2241,1780492860.0,False,-1,,15,False,0.0,30.0,0.0,-1.1306201458467768,False,0.3953586276965306,False,-1.1306201458467768,False,0.004035630564043479,False,0.16190958023071292,False,-1.1306201458467768,False
2027,B,2242,1780492920.0,False,-1,,15,False,0.0,29.0,0.0,-1.6275782839463737,False,0.38403067754330966,False,-1.6275782839463737,False,0.004600255196217414,False,0.16327161788940425,False,-1.6275782839463737,False
2027,B,2243,1780492980.0,True,185,resource_exhaustion,15,False,1.0,20.0,0.0,5.518385678268923,True,0.6536566781613518,False,5.518385678268923,True,1.0,True,3000000000.0,True,5.518385678268923,True
2027,B,2244,1780493040.0,True,185,resource_exhaustion,15,False,8.0,26.0,0.0,5.518385678268923,True,0.6811725206166404,False,5.518385678268923,True,1.0,True,6000000000.0,True,5.518385678268923,True
2027,B,2245,1780493100.0,True,185,resource_exhaustion,15,False,4.0,28.0,0.0,5.518385678268923,True,0.67906558882218,False,5.518385678268923,True,1.0,True,3999999999.9999995,True,5.518385678268923,True
2027,B,2246,1780493160.0,False,-1,,15,False,1.0,36.0,0.0,-0.5378197922872845,False,0.6037535518577185,False,-0.5378197922872845,False,8.457488016279272e-07,False,0.15468883514404297,False,-0.5378197922872845,False
2027,B,2247,1780493220.0,False,-1,,15,False,0.0,25.0,0.0,-1.0341692188612859,False,0.39780246941553865,False,-1.0341692188612859,False,0.008335797912300833,False,0.17228670120239253,False,-1.0341692188612859,False
2027,B,2248,1780493280.0,False,-1,,15,False,0.0,24.0,0.0,0.1736513711202008,False,0.45549073399895385,False,0.1736513711202008,False,0.009877380947878855,False,0.15338149070739748,False,0.1736513711202008,False
2027,B,2249,1780493340.0,False,-1,,15,False,0.0,29.0,0.0,-0.37155072914130294,False,0.40433099424732993,False,-0.37155072914130294,False,0.004600255196217414,False,0.1431941032409668,False,-0.37155072914130294,False
2027,B,2250,1780493400.0,False,-1,,15,False,0.0,25.0,0.0,-1.9451532349243426,False,0.3785157415391181,False,-1.9451532349243426,False,0.008335797912300833,False,0.16158828735351563,False,-1.9451532349243426,False
2027,B,2251,1780493460.0,False,-1,,15,False,0.0,23.0,0.0,-1.8591712576825197,False,0.3932228704577302,False,-1.8591712576825197,False,0.011823046139068316,False,0.16547083854675293,False,-1.8591712576825197,False
2027,B,2252,1780493520.0,False,-1,,15,False,0.0,27.0,0.0,-1.2554827642168185,False,0.380462000738077,False,-1.2554827642168185,False,0.006098006664813888,False,0.1404407501220703,False,-1.2554827642168185,False
2027,B,2253,1780493580.0,False,-1,,15,False,0.0,19.0,0.0,-1.742837188750011,False,0.4126947586589833,False,-1.742837188750011,False,0.02747592131132894,False,0.17848687171936034,False,-1.742837188750011,False
2027,B,2254,1780493640.0,True,186,resource_exhaustion,15,False,1.0,28.0,0.0,5.518385678268923,True,0.6481350387653989,False,5.518385678268923,True,1.0,True,1999999999.9999998,True,5.518385678268923,True
2027,B,2255,1780493700.0,True,186,resource_exhaustion,15,False,4.0,26.0,0.0,5.518385678268923,True,0.6783286051110495,False,5.518385678268923,True,1.0,True,3000000000.0,True,5.518385678268923,True
2027,B,2256,1780493760.0,True,186,resource_exhaustion,15,False,4.0,34.0,0.0,5.518385678268923,True,0.684432390030066,False,5.518385678268923,True,1.0,True,3999999999.9999995,True,5.518385678268923,True
2027,B,2257,1780493820.0,True,186,resource_exhaustion,15,False,2.0,30.0,0.0,5.518385678268923,True,0.6481574802271857,False,5.518385678268923,True,1.0,True,1999999999.9999998,True,5.518385678268923,True
2027,B,2258,1780493880.0,False,-1,,15,False,0.0,24.0,0.0,-1.8247589234949615,False,0.37733019811822693,False,-1.8247589234949615,False,0.009877380947878855,False,0.16233904361724855,False,-1.8247589234949615,False
2027,B,2259,1780493940.0,False,-1,,15,False,0.0,35.0,0.0,-0.6219258724442858,False,0.4258465507186115,False,-0.6219258724442858,False,0.0022735686514638908,False,0.14830107688903804,False,-0.6219258724442858,False
2027,B,2260,1780494000.0,False,-1,,15,False,0.0,40.0,0.0,-0.9144458695848652,False,0.4645034603657917,False,-0.9144458695848652,False,0.0014211762379416927,False,0.16365270614624022,False,-0.9144458695848652,False
2027,B,2261,1780494060.0,False,-1,,15,False,0.0,27.0,0.0,-1.0915034868762419,False,0.3794967474416456,False,-1.0915034868762419,False,0.006098006664813888,False,0.15119166374206544,False,-1.0915034868762419,False
2027,B,2262,1780494120.0,False,-1,,15,False,0.0,26.0,0.0,-0.9607522752908446,False,0.3811227530057482,False,-0.9607522752908446,False,0.007099809747377114,False,0.14914631843566895,False,-0.9607522752908446,False
2027,B,2263,1780494180.0,True,187,permission_denied,15,False,0.0,31.0,0.0,2.3580579054196202,True,0.4006603656401333,False,2.3580579054196202,True,1.0,True,6000000000.0,True,2.3580579054196202,True
2027,B,2264,1780494240.0,True,187,permission_denied,15,False,0.0,20.0,0.0,3.1533829564795455,True,0.39179976284740403,False,3.1533829564795455,True,1.0,True,9000000000.0,True,3.1533829564795455,True
2027,B,2265,1780494300.0,True,187,permission_denied,15,False,0.0,23.0,0.0,3.4730780833907717,True,0.3970589518999748,False,3.4730780833907717,True,1.0,True,11000000000.0,True,3.4730780833907717,True
2027,B,2266,1780494360.0,True,187,permission_denied,15,False,0.0,18.0,0.0,-2.0136114432716123,False,0.3823943931843814,False,-2.0136114432716123,False,0.03523827401382033,False,0.16154954433441154,False,-2.0136114432716123,False
2027,B,2267,1780494420.0,False,-1,,15,False,0.0,29.0,0.0,-0.1383088054924908,False,0.4193169651046069,False,-0.1383088054924908,False,0.004600255196217414,False,0.16487302780151367,False,-0.1383088054924908,False
2027,B,2268,1780494480.0,False,-1,,15,False,0.0,33.0,0.0,-0.662646037860398,False,0.4145960513181344,False,-0.662646037860398,False,0.0028187155458383314,False,0.15661172866821288,False,-0.662646037860398,False
2027,B,2269,1780494540.0,False,-1,,15,False,0.0,33.0,0.0,-0.8704865274121723,False,0.40882425337173994,False,-0.8704865274121723,False,0.002903806187277626,False,0.15045037269592285,False,-0.8704865274121723,False
2027,B,2270,1780494600.0,False,-1,,15,False,0.0,27.0,0.0,-0.9124775274690231,False,0.3920204647572558,False,-0.9124775274690231,False,0.005866335475471294,False,0.13488054275512695,False,-0.9124775274690231,False
2027,B,2271,1780494660.0,False,-1,,15,False,1.0,33.0,0.0,-1.0149958269242285,False,0.5741910426594974,False,-1.0149958269242285,False,9.499373919982169e-07,False,0.15272283554077148,False,-1.0149958269242285,False
2027,B,2272,1780494720.0,True,188,dependency_timeout,15,False,1.0,32.0,0.0,5.518385678268923,True,0.6369405828983727,False,5.518385678268923,True,1.0,True,10000000000.0,True,5.518385678268923,True
2027,B,2273,1780494780.0,True,188,dependency_timeout,15,False,4.0,24.0,0.0,5.518385678268923,True,0.6528493007352796,False,5.518385678268923,True,1.0,True,7999999999.999999,True,5.518385678268923,True
2027,B,2274,1780494840.0,True,188,dependency_timeout,15,False,4.0,28.0,0.0,5.518385678268923,True,0.6595353767477447,False,5.518385678268923,True,1.0,True,6000000000.0,True,5.518385678268923,True
2027,B,2275,1780494900.0,False,-1,,15,False,0.0,29.0,0.0,-1.8608955324866487,False,0.38148618618301405,False,-1.8608955324866487,False,0.004600255196217414,False,0.1704586029052734,False,-1.8608955324866487,False
2027,B,2276,1780494960.0,False,-1,,15,False,0.0,29.0,0.0,-1.3552430546277012,False,0.3859772337806289,False,-1.3552430546277012,False,0.004600255196217414,False,0.16064615249633785,False,-1.3552430546277012,False
2027,B,2277,1780495020.0,False,-1,,15,False,0.0,29.0,0.0,-0.9237988808382731,False,0.4209831047464207,False,-0.9237988808382731,False,0.004600255196217414,False,0.1692077636718749,False,-0.9237988808382731,False
2027,B,2278,1780495080.0,False,-1,,15,False,0.0,32.0,0.0,-1.6083458940678366,False,0.4054789898962095,False,-1.6083458940678366,False,0.0031603316622729675,False,0.1737750291824341,False,-1.6083458940678366,False
2027,B,2279,1780495140.0,False,-1,,15,False,0.0,20.0,0.0,-2.034700028873245,False,0.39052720000024355,False,-2.034700028873245,False,0.02178535080051661,False,0.18183519840240478,False,-2.034700028873245,False
2027,B,2280,1780495200.0,False,-1,,15,False,0.0,26.0,0.0,-1.111729895304764,False,0.39834272429506284,False,-1.111729895304764,False,0.007099809747377114,False,0.20056366920471191,False,-1.111729895304764,False
2027,B,2281,1780495260.0,True,189,config_error,15,False,0.0,14.0,0.0,2.6642683149177553,True,0.4724549637525538,False,2.6642683149177553,True,0.9999999999794227,True,5000000000.0,True,2.6642683149177553,True
2027,B,2282,1780495320.0,True,189,config_error,15,False,0.0,30.0,0.0,5.126063571140134,True,0.41359118159603403,False,5.126063571140134,True,1.80172573724504e-19,False,27000000000.0,True,5.126063571140134,True
2027,B,2283,1780495380.0,True,189,config_error,15,False,0.0,27.0,0.0,5.016413675684382,True,0.41498315133314,False,5.016413675684382,True,2.789022175380537e-18,False,24000000000.0,True,5.016413675684382,True
2027,B,2284,1780495440.0,True,189,config_error,15,False,0.0,38.0,0.0,4.503629485037742,True,0.4423495411768119,False,4.503629485037742,True,1.1606520705096583e-14,False,20000000000.0,True,4.503629485037742,True
2027,B,2285,1780495500.0,False,-1,,15,False,0.0,22.0,0.0,-1.5529021968353787,False,0.39500764126561877,False,-1.5529021968353787,False,0.014310715402948726,False,0.139839243888855,False,-1.5529021968353787,False
2027,B,2286,1780495560.0,False,-1,,15,False,0.0,22.0,0.0,-2.030868996561006,False,0.386500971046125,False,-2.030868996561006,False,0.014310715402948726,False,0.15829930305480955,False,-2.030868996561006,False
2027,B,2287,1780495620.0,False,-1,,15,False,0.0,36.0,0.0,-0.11214971420947695,False,0.48112946619772756,False,-0.11214971420947695,False,0.0020548178291087465,False,0.21948981285095207,False,-0.11214971420947695,False
2027,B,2288,1780495680.0,False,-1,,15,False,0.0,26.0,0.0,-1.809887156098613,False,0.37384060819911136,False,-1.809887156098613,False,0.007099809747377114,False,0.17480194568634033,False,-1.809887156098613,False
2027,B,2289,1780495740.0,False,-1,,15,False,0.0,35.0,0.0,-1.004110969361701,False,0.40999432171644,False,-1.004110969361701,False,0.0022735686514638908,False,0.15963807106018058,False,-1.004110969361701,False
2027,B,2290,1780495800.0,False,-1,,15,False,0.0,31.0,0.0,-1.4670549683737946,False,0.39386516411501626,False,-1.4670549683737946,False,0.0035614529717428794,False,0.15062642097473142,False,-1.4670549683737946,False
2027,B,2291,1780495860.0,False,-1,,15,False,0.0,38.0,0.0,-0.5082334165688103,False,0.4886793524958921,False,-0.5082334165688103,False,0.0016974148233034653,False,0.22059679031372084,False,-0.5082334165688103,False
2027,B,2292,1780495920.0,False,-1,,15,False,0.0,26.0,0.0,-1.6320194461377397,False,0.37387980777113605,False,-1.6320194461377397,False,0.007099809747377114,False,0.1516258716583252,False,-1.6320194461377397,False
2027,B,2293,1780495980.0,False,-1,,15,False,0.0,34.0,0.0,-1.2702801126616041,False,0.39991832239691155,False,-1.2702801126616041,False,0.002525946561051813,False,0.1522064208984375,False,-1.2702801126616041,False
2027,B,2294,1780496040.0,True,190,permission_denied,15,False,0.0,33.0,0.0,2.222832024606562,True,0.4058707960496657,False,2.222832024606562,True,1.0,True,6000000000.0,True,2.222832024606562,True
2027,B,2295,1780496100.0,True,190,permission_denied,15,False,0.0,33.0,0.0,3.8107248642583094,True,0.40292718474954714,False,3.8107248642583094,True,1.0,True,13000000000.0,True,3.8107248642583094,True
2027,B,2296,1780496160.0,True,190,permission_denied,15,False,0.0,25.0,0.0,3.4769856047068206,True,0.39295106258296997,False,3.4769856047068206,True,1.0,True,11000000000.0,True,3.4769856047068206,True
2027,B,2297,1780496220.0,True,190,permission_denied,15,False,0.0,28.0,0.0,3.0500444769214616,True,0.391400450502782,False,3.0500444769214616,True,1.0,True,9000000000.0,True,3.0500444769214616,True
2027,B,2298,1780496280.0,False,-1,,15,False,0.0,33.0,0.0,-1.387875706005972,False,0.40353068413149085,False,-1.387875706005972,False,0.0028187155458383314,False,0.16430673599243165,False,-1.387875706005972,False
2027,B,2299,1780496340.0,False,-1,,15,False,0.0,33.0,0.0,-0.572596293436253,False,0.4607349686829847,False,-0.572596293436253,False,0.0028187155458383314,False,0.20460653305053708,False,-0.572596293436253,False
2027,B,2300,1780496400.0,False,-1,,15,False,0.0,24.0,0.0,-0.9082307077644609,False,0.3961404413805266,False,-0.9082307077644609,False,0.009877380947878855,False,0.17698271274566652,False,-0.9082307077644609,False
2027,B,2301,1780496460.0,False,-1,,15,False,0.0,22.0,0.0,-1.5594992973488315,False,0.39775097008156296,False,-1.5594992973488315,False,0.014310715402948726,False,0.14133145809173583,False,-1.5594992973488315,False
2027,B,2302,1780496520.0,False,-1,,15,False,0.0,29.0,0.0,-1.6220855914361252,False,0.3982974074031854,False,-1.6220855914361252,False,0.004600255196217414,False,0.17189598083496094,False,-1.6220855914361252,False
2027,B,2303,1780496580.0,False,-1,,15,False,0.0,29.0,0.0,-0.9211325341852588,False,0.3919114811134758,False,-0.9211325341852588,False,0.004600255196217414,False,0.1360917091369629,False,-0.9211325341852588,False
2027,B,2304,1780496640.0,False,-1,,15,False,0.0,25.0,0.0,-0.8487242631987657,False,0.3850246380471469,False,-0.8487242631987657,False,0.008335797912300833,False,0.1421335220336914,False,-0.8487242631987657,False
2027,B,2305,1780496700.0,True,191,config_error,15,False,0.0,34.0,0.0,4.703182666463782,True,0.4583662504089351,False,4.703182666463782,True,5.433334866497738e-15,False,20000000000.0,True,4.703182666463782,True
2027,B,2306,1780496760.0,True,191,config_error,15,False,0.0,38.0,0.0,5.152604804830629,True,0.46565477634516933,False,5.152604804830629,True,9.141139854209302e-21,False,31999999999.999996,True,5.152604804830629,True
2027,B,2307,1780496820.0,True,191,config_error,15,False,0.0,19.0,0.0,4.313229207936003,True,0.4044648081934633,False,4.313229207936003,True,1.4653011709228933e-12,False,15000000000.0,True,4.313229207936003,True
2027,B,2308,1780496880.0,True,191,config_error,15,False,0.0,41.0,0.0,2.33772010081638,True,0.4541798539325943,False,2.33772010081638,True,0.9999999992013835,True,6000000000.0,True,2.33772010081638,True
2027,B,2309,1780496940.0,False,-1,,16,False,0.0,23.0,0.0,-0.483186565663174,False,0.40141894265583034,False,-0.483186565663174,False,0.011823046139068316,False,0.14323921203613282,False,-0.483186565663174,False
2027,B,2310,1780497000.0,False,-1,,16,False,0.0,24.0,0.0,-1.0892145215232523,False,0.4162829141792115,False,-1.0892145215232523,False,0.009877380947878855,False,0.17842233180999753,False,-1.0892145215232523,False
2027,B,2311,1780497060.0,False,-1,,16,False,0.0,27.0,0.0,-1.8537966970944764,False,0.38221328277680894,False,-1.8537966970944764,False,0.006098006664813888,False,0.17576894760131836,False,-1.8537966970944764,False
2027,B,2312,1780497120.0,False,-1,,16,False,1.0,32.0,0.0,-0.45579344172013414,False,0.589436369158492,False,-0.45579344172013414,False,9.902907065684493e-07,False,0.16799914836883548,False,-0.45579344172013414,False
2027,B,2313,1780497180.0,False,-1,,16,False,0.0,23.0,0.0,-1.5448687046750091,False,0.39439274715834244,False,-1.5448687046750091,False,0.011823046139068316,False,0.1894669532775879,False,-1.5448687046750091,False
2027,B,2314,1780497240.0,False,-1,,16,False,0.0,30.0,0.0,-1.4055089914826278,False,0.38848220377499404,False,-1.4055089914826278,False,0.004035630564043479,False,0.1568777322769165,False,-1.4055089914826278,False
2027,B,2315,1780497300.0,False,-1,,16,False,0.0,29.0,0.0,-1.196920846649804,False,0.3914279828503152,False,-1.196920846649804,False,0.004600255196217414,False,0.13813953399658202,False,-1.196920846649804,False
2027,B,2316,1780497360.0,False,-1,,16,False,0.0,39.0,0.0,-0.9653683561487147,False,0.4648911202334374,False,-0.9653683561487147,False,0.0015507182896148262,False,0.19637417793273912,False,-0.9653683561487147,False
2027,B,2317,1780497420.0,False,-1,,16,False,0.0,26.0,0.0,-1.22366536386635,False,0.37422907558969604,False,-1.22366536386635,False,0.007099809747377114,False,0.14220654964447021,False,-1.22366536386635,False
2027,B,2318,1780497480.0,False,-1,,16,False,0.0,20.0,0.0,-1.8930794735539003,False,0.39102415669710766,False,-1.8930794735539003,False,0.02178535080051661,False,0.18054499626159665,False,-1.8930794735539003,False
2027,B,2319,1780497540.0,True,192,permission_denied,16,False,0.0,17.0,0.0,0.8852281836892208,False,0.39316435102343095,False,0.8852281836892208,False,1.0,True,3000000000.0,True,0.8852281836892208,True
2027,B,2320,1780497600.0,True,192,permission_denied,16,False,0.0,36.0,0.0,4.496361160213887,True,0.4611112040437585,False,4.496361160213887,True,1.0,True,15999999999.999998,True,4.496361160213887,True
2027,B,2321,1780497660.0,True,192,permission_denied,16,False,0.0,39.0,0.0,4.420134264372409,True,0.4441541410124886,False,4.420134264372409,True,1.0,True,18000000000.0,True,4.420134264372409,True
2027,B,2322,1780497720.0,True,192,permission_denied,16,False,0.0,34.0,0.0,1.2580707408640004,True,0.40304328901675424,False,1.2580707408640004,True,1.0,True,3999999999.9999995,True,1.2580707408640004,True
2027,B,2323,1780497780.0,False,-1,,16,False,0.0,29.0,0.0,-1.0703171358654942,False,0.4037909062437937,False,-1.0703171358654942,False,0.004600255196217414,False,0.1438448905944824,False,-1.0703171358654942,False
2027,B,2324,1780497840.0,False,-1,,16,False,0.0,24.0,0.0,-2.0290738664073995,False,0.3743067713439557,False,-2.0290738664073995,False,0.009877380947878855,False,0.1603175163269043,False,-2.0290738664073995,False
2027,B,2325,1780497900.0,False,-1,,16,False,0.0,37.0,0.0,-0.9067054113374393,False,0.4309300910240477,False,-0.9067054113374393,False,0.0018642420051004464,False,0.1617156982421875,False,-0.9067054113374393,False
2027,B,2326,1780497960.0,False,-1,,16,False,0.0,35.0,0.0,-1.2230059780326643,False,0.4274977376608806,False,-1.2230059780326643,False,0.0022735686514638908,False,0.1578319072723388,False,-1.2230059780326643,False
2027,B,2327,1780498020.0,False,-1,,16,False,0.0,32.0,0.0,-1.2096659516905923,False,0.41355157204497345,False,-1.2096659516905923,False,0.0031603316622729675,False,0.16025209426879886,False,-1.2096659516905923,False
2027,B,2328,1780498080.0,False,-1,,16,False,0.0,25.0,0.0,-1.7144976058450672,False,0.3775567185333938,False,-1.7144976058450672,False,0.008335797912300833,False,0.16405076980590821,False,-1.7144976058450672,False
2027,B,2329,1780498140.0,False,-1,,16,False,0.0,33.0,0.0,-1.177880427900167,False,0.42110415580588323,False,-1.177880427900167,False,0.0028187155458383314,False,0.16082124710083007,False,-1.177880427900167,False
2027,B,2330,1780498200.0,False,-1,,16,False,0.0,25.0,0.0,-1.8068304331704912,False,0.3869607465799848,False,-1.8068304331704912,False,0.008335797912300833,False,0.19245805740356434,False,-1.8068304331704912,False
2027,B,2331,1780498260.0,True,193,config_error,16,False,0.0,37.0,0.0,0.8852044745895018,False,0.4773659754815653,False,0.8852044745895018,False,1.0,True,1999999999.9999998,True,0.8852044745895018,True
2027,B,2332,1780498320.0,True,193,config_error,16,False,0.0,27.0,0.0,4.797382653314402,True,0.40487617219238753,False,4.797382653314402,True,4.567311961858841e-17,False,22000000000.0,True,4.797382653314402,True
2027,B,2333,1780498380.0,True,193,config_error,16,False,0.0,33.0,0.0,5.261940632863666,True,0.43139272509998766,False,5.261940632863666,True,6.412103975507605e-21,False,30999999999.999996,True,5.261940632863666,True
2027,B,2334,1780498440.0,True,193,config_error,16,True,0.0,255.0,0.0,5.511723693129386,True,0.6763165048865,False,5.511723693129386,True,5.9903602229986865e-33,False,226000000000.0,True,5.511723693129386,True
2027,B,2335,1780498500.0,True,193,config_error,16,True,0.0,281.0,0.0,5.440080080053345,True,0.7093160488813999,True,5.440080080053345,True,1.4513810880484664e-26,False,97000000000.0,True,5.440080080053345,True
2027,B,2336,1780498560.0,False,-1,,16,True,0.0,68.0,0.0,-0.2601138975636532,False,0.5839448612376501,False,-0.2601138975636532,False,0.00027281407993091797,False,0.19119510650634766,False,-0.2601138975636532,False
2027,B,2337,1780498620.0,False,-1,,16,False,0.0,41.0,0.0,-1.2121096686140032,False,0.4689429737640995,False,-1.2121096686140032,False,0.0013063257071608866,False,0.18315362930297854,False,-1.2121096686140032,False
2027,B,2338,1780498680.0,False,-1,,16,False,0.0,25.0,0.0,-1.2590520797268052,False,0.385914875824876,False,-1.2590520797268052,False,0.008335797912300833,False,0.1595861434936523,False,-1.2590520797268052,False
2027,B,2339,1780498740.0,False,-1,,16,False,0.0,26.0,0.0,-1.1352196873392675,False,0.41035288604113007,False,-1.1352196873392675,False,0.007099809747377114,False,0.18159806728363037,False,-1.1352196873392675,False
2027,B,2340,1780498800.0,False,-1,,16,False,0.0,23.0,0.0,-1.6583607764984682,False,0.37788958280589724,False,-1.6583607764984682,False,0.011823046139068316,False,0.15199303627014163,False,-1.6583607764984682,False
2027,B,2341,1780498860.0,True,194,resource_exhaustion,16,False,0.0,24.0,0.0,5.518385678268923,True,0.45471745202444747,False,5.518385678268923,True,0.009877380947878855,False,0.15632047653198242,False,5.518385678268923,True
2027,B,2342,1780498920.0,True,194,resource_exhaustion,16,False,0.0,19.0,0.0,5.518385678268923,True,0.5511838698615201,False,5.518385678268923,True,1.0,True,999999999.9999999,True,5.518385678268923,True
2027,B,2343,1780498980.0,True,194,resource_exhaustion,16,False,4.0,31.0,0.0,5.518385678268923,True,0.681642121987802,False,5.518385678268923,True,1.0,True,3999999999.9999995,True,5.518385678268923,True
2027,B,2344,1780499040.0,True,194,resource_exhaustion,16,False,7.0,29.0,0.0,5.518385678268923,True,0.6819790061492934,False,5.518385678268923,True,1.0,True,6000000000.0,True,5.518385678268923,True
2027,B,2345,1780499100.0,True,194,resource_exhaustion,16,False,3.0,34.0,0.0,5.518385678268923,True,0.6812326969301414,False,5.518385678268923,True,1.0,True,3999999999.9999995,True,5.518385678268923,True
2027,B,2346,1780499160.0,False,-1,,16,False,0.0,29.0,0.0,-1.65614106066334,False,0.37932081602603546,False,-1.65614106066334,False,0.004600255196217414,False,0.15747480392456048,False,-1.65614106066334,False
2027,B,2347,1780499220.0,False,-1,,16,False,0.0,32.0,0.0,-1.1391916091137402,False,0.40587714685960036,False,-1.1391916091137402,False,0.0031603316622729675,False,0.1663923978805542,False,-1.1391916091137402,False
2027,B,2348,1780499280.0,False,-1,,16,False,0.0,29.0,0.0,-1.573556115357606,False,0.3866643684079361,False,-1.573556115357606,False,0.004600255196217414,False,0.15300598144531247,False,-1.573556115357606,False
2027,B,2349,1780499340.0,False,-1,,16,False,0.0,35.0,0.0,-1.1363848946025659,False,0.4147247077943756,False,-1.1363848946025659,False,0.0022735686514638908,False,0.15706758499145507,False,-1.1363848946025659,False
2027,B,2350,1780499400.0,False,-1,,16,False,1.0,25.0,0.0,0.49272078647842665,False,0.5793664948141292,False,0.49272078647842665,False,1.3964749833258011e-06,False,0.19959974288940427,False,0.49272078647842665,False
2027,B,2351,1780499460.0,False,-1,,16,False,0.0,30.0,0.0,-0.8832382207647855,False,0.4049459731254625,False,-0.8832382207647855,False,0.004035630564043479,False,0.13501121997833254,False,-0.8832382207647855,False
2027,B,2352,1780499520.0,True,195,permission_denied,16,False,0.0,32.0,0.0,3.5000261749524424,True,0.4146298675037401,False,3.5000261749524424,True,1.0,True,11000000000.0,True,3.5000261749524424,True
2027,B,2353,1780499580.0,True,195,permission_denied,16,False,0.0,24.0,0.0,3.877965379586,True,0.38834431747511294,False,3.877965379586,True,1.0,True,13000000000.0,True,3.877965379586,True
2027,B,2354,1780499640.0,True,195,permission_denied,16,False,0.0,33.0,0.0,3.75003023415113,True,0.41171581066862034,False,3.75003023415113,True,1.0,True,12000000000.0,True,3.75003023415113,True
2027,B,2355,1780499700.0,True,195,permission_denied,16,False,0.0,25.0,0.0,2.8878008279226814,True,0.4058368750894322,False,2.8878008279226814,True,1.0,True,7000000000.0,True,2.8878008279226814,True
2027,B,2356,1780499760.0,False,-1,,16,False,0.0,23.0,0.0,-1.0058076586250708,False,0.42128963908511224,False,-1.0058076586250708,False,0.011823046139068316,False,0.13395795822143555,False,-1.0058076586250708,False
2027,B,2357,1780499820.0,False,-1,,16,False,0.0,36.0,0.0,-1.3632320594201923,False,0.4201858496087927,False,-1.3632320594201923,False,0.0020548178291087465,False,0.1667046546936035,False,-1.3632320594201923,False
2027,B,2358,1780499880.0,False,-1,,16,False,1.0,31.0,0.0,-0.4673371143128735,False,0.5826066990654449,False,-0.4673371143128735,False,1.0340181461876878e-06,False,0.15706467628479004,False,-0.4673371143128735,False
2027,B,2359,1780499940.0,False,-1,,16,False,0.0,32.0,0.0,-1.3238895245291369,False,0.39903458783807316,False,-1.3238895245291369,False,0.0031603316622729675,False,0.1453842639923096,False,-1.3238895245291369,False
2027,B,2360,1780500000.0,False,-1,,16,False,0.0,33.0,0.0,-1.3642440069960404,False,0.3983757317191044,False,-1.3642440069960404,False,0.0028187155458383314,False,0.16278982162475586,False,-1.3642440069960404,False
2027,B,2361,1780500060.0,False,-1,,16,False,0.0,20.0,0.0,-1.540785234544006,False,0.375297593808669,False,-1.540785234544006,False,0.02178535080051661,False,0.14335067272186275,False,-1.540785234544006,False
2027,B,2362,1780500120.0,False,-1,,16,False,0.0,23.0,0.0,-1.2492460843884112,False,0.3863273274444645,False,-1.2492460843884112,False,0.011823046139068316,False,0.1555638790130615,False,-1.2492460843884112,False
2027,B,2363,1780500180.0,False,-1,,16,False,0.0,39.0,0.0,-1.034325589246376,False,0.45193946719766304,False,-1.034325589246376,False,0.0015507182896148262,False,0.15478267669677734,False,-1.034325589246376,False
2027,B,2364,1780500240.0,False,-1,,16,False,0.0,27.0,0.0,-1.3962998414986805,False,0.3939292742676482,False,-1.3962998414986805,False,0.006098006664813888,False,0.19149641990661614,False,-1.3962998414986805,False
2027,B,2365,1780500300.0,True,196,resource_exhaustion,16,False,0.0,35.0,0.0,5.518385678268923,True,0.5351496007921057,False,5.518385678268923,True,1.0,True,999999999.9999999,True,5.518385678268923,True
2027,B,2366,1780500360.0,True,196,resource_exhaustion,16,False,9.0,36.0,0.0,5.518385678268923,True,0.6896326147405946,False,5.518385678268923,True,1.0,True,9000000000.0,True,5.518385678268923,True
2027,B,2367,1780500420.0,True,196,resource_exhaustion,16,False,5.0,28.0,0.0,5.518385678268923,True,0.6795251907692746,False,5.518385678268923,True,1.0,True,5000000000.0,True,5.518385678268923,True
2027,B,2368,1780500480.0,True,196,resource_exhaustion,16,False,4.0,31.0,0.0,5.518385678268923,True,0.6813361866527038,False,5.518385678268923,True,1.0,True,3000000000.0,True,5.518385678268923,True
2027,B,2369,1780500540.0,True,196,resource_exhaustion,16,False,0.0,34.0,0.0,5.518385678268923,True,0.47702405317517177,False,5.518385678268923,True,0.002525946561051813,False,0.15896530151367189,False,5.518385678268923,True
2027,B,2370,1780500600.0,False,-1,,16,False,0.0,38.0,0.0,-1.2073500602348703,False,0.44705923275786147,False,-1.2073500602348703,False,0.0016974148233034653,False,0.18197720050811772,False,-1.2073500602348703,False
2027,B,2371,1780500660.0,False,-1,,16,False,0.0,31.0,0.0,-1.4511047932105132,False,0.4124488493862714,False,-1.4511047932105132,False,0.0035614529717428794,False,0.19679808616638175,False,-1.4511047932105132,False
2027,B,2372,1780500720.0,False,-1,,16,False,0.0,40.0,0.0,-1.2501962024157303,False,0.4651248892109357,False,-1.2501962024157303,False,0.0014211762379416927,False,0.17196047306060788,False,-1.2501962024157303,False
2027,B,2373,1780500780.0,False,-1,,16,False,0.0,30.0,0.0,-1.1427307664899153,False,0.40230889836161393,False,-1.1427307664899153,False,0.004035630564043479,False,0.15052931308746337,False,-1.1427307664899153,False
2027,B,2374,1780500840.0,False,-1,,16,False,0.0,29.0,0.0,-0.6672602733913333,False,0.409548640245386,False,-0.6672602733913333,False,0.004600255196217414,False,0.13137321472167968,False,-0.6672602733913333,False
2027,B,2375,1780500900.0,False,-1,,16,False,0.0,33.0,0.0,-1.5405024119546988,False,0.4063539996043997,False,-1.5405024119546988,False,0.0028187155458383314,False,0.16183557510375976,False,-1.5405024119546988,False
2027,B,2376,1780500960.0,True,197,permission_denied,16,False,0.0,32.0,0.0,3.281510064055255,True,0.39242987049551553,False,3.281510064055255,True,1.0,True,10000000000.0,True,3.281510064055255,True
2027,B,2377,1780501020.0,True,197,permission_denied,16,False,0.0,26.0,0.0,3.6253901018461123,True,0.40773383117199496,False,3.6253901018461123,True,1.0,True,11000000000.0,True,3.6253901018461123,True
2027,B,2378,1780501080.0,True,197,permission_denied,16,False,0.0,30.0,0.0,3.5487670078218967,True,0.41843978389040126,False,3.5487670078218967,True,1.0,True,10000000000.0,True,3.5487670078218967,True
2027,B,2379,1780501140.0,True,197,permission_denied,16,False,0.0,37.0,0.0,3.6360203328076537,True,0.4360087219312099,False,3.6360203328076537,True,1.0,True,11000000000.0,True,3.6360203328076537,True
2027,B,2380,1780501200.0,False,-1,,16,False,0.0,27.0,0.0,-1.2801742587348475,False,0.3742472847984838,False,-1.2801742587348475,False,0.006098006664813888,False,0.15113267898559568,False,-1.2801742587348475,False
2027,B,2381,1780501260.0,False,-1,,16,False,0.0,27.0,0.0,-1.0186285551743008,False,0.39510926070182967,False,-1.0186285551743008,False,0.006098006664813888,False,0.15737605094909665,False,-1.0186285551743008,False
2027,B,2382,1780501320.0,False,-1,,16,False,0.0,40.0,0.0,-0.880003157569992,False,0.4658327584709768,False,-0.880003157569992,False,0.0014211762379416927,False,0.15768311023712156,False,-0.880003157569992,False
2027,B,2383,1780501380.0,False,-1,,16,False,0.0,34.0,0.0,-1.529501785307719,False,0.40275770706815905,False,-1.529501785307719,False,0.002525946561051813,False,0.17867605686187749,False,-1.529501785307719,False
2027,B,2384,1780501440.0,False,-1,,16,False,0.0,25.0,0.0,-0.9535614922405511,False,0.38590758672751435,False,-0.9535614922405511,False,0.008335797912300833,False,0.15074062347412104,False,-0.9535614922405511,False
2027,B,2385,1780501500.0,False,-1,,16,False,0.0,32.0,0.0,-1.2764735809451464,False,0.4143983255733101,False,-1.2764735809451464,False,0.0031603316622729675,False,0.19179475307464602,False,-1.2764735809451464,False
2027,B,2386,1780501560.0,False,-1,,16,False,0.0,26.0,0.0,-1.4555230171297158,False,0.393189746675271,False,-1.4555230171297158,False,0.007099809747377114,False,0.19579768180847168,False,-1.4555230171297158,False
2027,B,2387,1780501620.0,True,198,config_error,16,False,0.0,33.0,0.0,0.5315912138415326,False,0.48069187360392784,False,0.5315912138415326,False,1.0,True,999999999.9999999,True,0.5315912138415326,True
2027,B,2388,1780501680.0,True,198,config_error,16,False,0.0,41.0,0.0,5.476856567067758,True,0.5149215284347632,False,5.476856567067758,True,1.1691711050632361e-23,False,41000000000.0,True,5.476856567067758,True
2027,B,2389,1780501740.0,True,198,config_error,16,False,0.0,35.0,0.0,5.245329923801942,True,0.4377988233339639,False,5.245329923801942,True,4.484265997436781e-21,False,31999999999.999996,True,5.245329923801942,True
2027,B,2390,1780501800.0,True,198,config_error,16,False,0.0,28.0,0.0,3.5046998729725862,True,0.3854221366138728,False,3.5046998729725862,True,6.222239021271052e-06,False,11000000000.0,True,3.5046998729725862,True
2027,B,2391,1780501860.0,False,-1,,16,False,0.0,32.0,0.0,-0.3538696741498475,False,0.4364837278794547,False,-0.3538696741498475,False,0.0031603316622729675,False,0.1757309198379517,False,-0.3538696741498475,False
2027,B,2392,1780501920.0,False,-1,,16,False,0.0,18.0,0.0,0.5175310204242454,False,0.47464913322876484,False,0.5175310204242454,False,0.03523827401382033,False,0.17621810436248775,False,0.5175310204242454,False
2027,B,2393,1780501980.0,False,-1,,16,False,0.0,31.0,0.0,-0.5115844715516005,False,0.41542120039175223,False,-0.5115844715516005,False,0.0035614529717428794,False,0.14581179618835446,False,-0.5115844715516005,False
2027,B,2394,1780502040.0,False,-1,,16,False,0.0,25.0,0.0,-0.07842599645417003,False,0.44997478405973107,False,-0.07842599645417003,False,0.008335797912300833,False,0.1550227165222168,False,-0.07842599645417003,False
2027,B,2395,1780502100.0,False,-1,,16,False,0.0,35.0,0.0,-0.9031577860531774,False,0.45002985326485173,False,-0.9031577860531774,False,0.0022735686514638908,False,0.18327684402465816,False,-0.9031577860531774,False
2027,B,2396,1780502160.0,False,-1,,16,False,0.0,31.0,0.0,-1.4736386933401544,False,0.3873799158127305,False,-1.4736386933401544,False,0.0035614529717428794,False,0.15436935424804685,False,-1.4736386933401544,False
2027,B,2397,1780502220.0,False,-1,,16,False,0.0,36.0,0.0,-1.1753482152535355,False,0.4219716391559176,False,-1.1753482152535355,False,0.0020548178291087465,False,0.16071081161499023,False,-1.1753482152535355,False
2027,B,2398,1780502280.0,False,-1,,16,False,0.0,21.0,0.0,-1.4769242572562105,False,0.388200707441721,False,-1.4769242572562105,False,0.01753670998300967,False,0.13496780395507812,False,-1.4769242572562105,False
2027,B,2399,1780502340.0,False,-1,,16,False,0.0,32.0,0.0,-1.220472283188224,False,0.4212441367456016,False,-1.220472283188224,False,0.0031603316622729675,False,0.19393928050994877,False,-1.220472283188224,False
2027,B,2400,1780502400.0,False,-1,,16,False,0.0,26.0,0.0,-1.3331267789034058,False,0.38071809820159025,False,-1.3331267789034058,False,0.007099809747377114,False,0.14593303203582764,False,-1.3331267789034058,False
2027,B,2401,1780502460.0,True,199,config_error,16,False,0.0,20.0,0.0,2.3694683879431064,True,0.3971197763456699,False,2.3694683879431064,True,0.9999998822289188,True,6000000000.0,True,2.3694683879431064,True
2027,B,2402,1780502520.0,True,199,config_error,16,False,0.0,23.0,0.0,4.6857931994449675,True,0.41874889908053825,False,4.6857931994449675,True,1.5515379551996845e-15,False,19000000000.0,True,4.6857931994449675,True
2027,B,2403,1780502580.0,True,199,config_error,16,True,0.0,200.0,0.0,5.508265478033494,True,0.6648230964260909,False,5.508265478033494,True,7.510109531863692e-32,False,177000000000.0,True,5.508265478033494,True
2027,B,2404,1780502640.0,True,199,config_error,16,True,1.0,331.0,0.0,5.456984318094497,True,0.7640961137093173,True,5.456984318094497,True,2.2776182426426636e-25,False,84000000000.0,True,5.456984318094497,True
2027,B,2405,1780502700.0,False,-1,,16,True,0.0,128.0,0.0,0.8008054318086124,False,0.6813145162924755,False,0.8008054318086124,False,5.479587293447726e-05,False,0.18622570037841804,False,0.8008054318086124,False
2027,B,2406,1780502760.0,False,-1,,16,False,0.0,40.0,0.0,-0.9247509217172345,False,0.47496061576767123,False,-0.9247509217172345,False,0.0014211762379416927,False,0.18892624378204342,False,-0.9247509217172345,False
2027,B,2407,1780502820.0,False,-1,,16,False,0.0,30.0,0.0,-1.3574018249067947,False,0.41886595820644823,False,-1.3574018249067947,False,0.004035630564043479,False,0.1765965223312378,False,-1.3574018249067947,False
2027,B,2408,1780502880.0,False,-1,,16,False,0.0,27.0,0.0,-1.6143151184390119,False,0.37283916317282284,False,-1.6143151184390119,False,0.006098006664813888,False,0.15197587013244626,False,-1.6143151184390119,False
2027,B,2409,1780502940.0,False,-1,,16,False,0.0,32.0,0.0,-1.0069966952783336,False,0.4059542203405418,False,-1.0069966952783336,False,0.0031603316622729675,False,0.13784351348876953,False,-1.0069966952783336,False
2027,B,2410,1780503000.0,False,-1,,16,False,0.0,37.0,0.0,-0.7515743048618226,False,0.4416241116137688,False,-0.7515743048618226,False,0.0018642420051004464,False,0.1553356170654297,False,-0.7515743048618226,False
2027,B,2411,1780503060.0,False,-1,,16,False,0.0,36.0,0.0,-0.7115789577037193,False,0.46419775776562544,False,-0.7115789577037193,False,0.0020548178291087465,False,0.21652996540069572,False,-0.7115789577037193,False
2027,B,2412,1780503120.0,False,-1,,16,False,0.0,31.0,0.0,-1.648220792979962,False,0.39285179579395174,False,-1.648220792979962,False,0.0035614529717428794,False,0.16054892539978025,False,-1.648220792979962,False
2027,B,2413,1780503180.0,True,200,dependency_timeout,16,False,0.0,29.0,0.0,5.518385678268923,True,0.44574238596780585,False,5.518385678268923,True,1.0,True,3000000000.0,True,5.518385678268923,True
2027,B,2414,1780503240.0,True,200,dependency_timeout,16,False,0.0,28.0,0.0,5.518385678268923,True,0.4971465465492906,False,5.518385678268923,True,1.0,True,9000000000.0,True,5.518385678268923,True
2027,B,2415,1780503300.0,True,200,dependency_timeout,16,False,1.0,33.0,0.0,5.518385678268923,True,0.640936548494788,False,5.518385678268923,True,1.0,True,13000000000.0,True,5.518385678268923,True
2027,B,2416,1780503360.0,True,200,dependency_timeout,16,False,5.0,30.0,0.0,5.518385678268923,True,0.6585922166028446,False,5.518385678268923,True,1.0,True,12000000000.0,True,5.518385678268923,True
2027,B,2417,1780503420.0,True,200,dependency_timeout,16,False,2.0,31.0,0.0,5.518385678268923,True,0.656861258824412,False,5.518385678268923,True,1.0,True,6000000000.0,True,5.518385678268923,True
2027,B,2418,1780503480.0,False,-1,,16,False,0.0,30.0,0.0,-1.4112346890716605,False,0.3884130059749293,False,-1.4112346890716605,False,0.004035630564043479,False,0.16023640632629393,False,-1.4112346890716605,False
2027,B,2419,1780503540.0,False,-1,,16,False,0.0,28.0,0.0,-1.5958900008823242,False,0.38195116396141976,False,-1.5958900008823242,False,0.005277869151926005,False,0.1477819919586182,False,-1.5958900008823242,False
2027,B,2420,1780503600.0,False,-1,,16,False,0.0,29.0,0.0,-1.1939706262952603,False,0.38987298007796,False,-1.1939706262952603,False,0.004600255196217414,False,0.16012191772460938,False,-1.1939706262952603,False
2027,B,2421,1780503660.0,False,-1,,16,False,0.0,27.0,0.0,-1.7410358119638598,False,0.3775609514463195,False,-1.7410358119638598,False,0.006098006664813888,False,0.17502923011779786,False,-1.7410358119638598,False
2027,B,2422,1780503720.0,False,-1,,16,False,0.0,35.0,0.0,-1.1101575436295965,False,0.43256070916578093,False,-1.1101575436295965,False,0.0022735686514638908,False,0.19789061546325673,False,-1.1101575436295965,False
2027,B,2423,1780503780.0,False,-1,,16,False,0.0,25.0,0.0,-1.5532222232227229,False,0.37481863723190917,False,-1.5532222232227229,False,0.008335797912300833,False,0.1443763732910156,False,-1.5532222232227229,False
2027,B,2424,1780503840.0,False,-1,,16,False,0.0,30.0,0.0,-1.290003302302769,False,0.3987345467187481,False,-1.290003302302769,False,0.004035630564043479,False,0.14175288677215575,False,-1.290003302302769,False
2027,B,2425,1780503900.0,True,201,resource_exhaustion,16,False,3.0,35.0,0.0,5.518385678268923,True,0.6841043626153781,False,5.518385678268923,True,1.0,True,3999999999.9999995,True,5.518385678268923,True
2027,B,2426,1780503960.0,True,201,resource_exhaustion,16,False,10.0,34.0,0.0,5.518385678268923,True,0.6884591859095277,False,5.518385678268923,True,1.0,True,10000000000.0,True,5.518385678268923,True
2027,B,2427,1780504020.0,True,201,resource_exhaustion,16,False,7.0,41.0,0.0,5.518385678268923,True,0.6934257818666506,False,5.518385678268923,True,1.0,True,7000000000.0,True,5.518385678268923,True
2027,B,2428,1780504080.0,True,201,resource_exhaustion,16,False,3.0,26.0,0.0,5.518385678268923,True,0.6793617828308175,False,5.518385678268923,True,1.0,True,3000000000.0,True,5.518385678268923,True
2027,B,2429,1780504140.0,False,-1,,16,False,0.0,35.0,0.0,-1.2649375313344775,False,0.4068403535870256,False,-1.2649375313344775,False,0.0022735686514638908,False,0.15795187950134276,False,-1.2649375313344775,False
2027,B,2430,1780504200.0,False,-1,,16,False,0.0,26.0,0.0,-1.1838680609631984,False,0.4197107573113917,False,-1.1838680609631984,False,0.007099809747377114,False,0.20501255989074707,False,-1.1838680609631984,False
2027,B,2431,1780504260.0,False,-1,,16,False,0.0,28.0,0.0,-0.42889002860866476,False,0.44375099951786867,False,-0.42889002860866476,False,0.005277869151926005,False,0.14033699035644534,False,-0.42889002860866476,False
2027,B,2432,1780504320.0,False,-1,,16,False,0.0,26.0,0.0,-1.4577059103592038,False,0.38970630117502914,False,-1.4577059103592038,False,0.007099809747377114,False,0.19333302974700928,False,-1.4577059103592038,False
2027,B,2433,1780504380.0,False,-1,,16,False,0.0,30.0,0.0,-0.5249315954274598,False,0.40421731885005213,False,-0.5249315954274598,False,0.004035630564043479,False,0.13748393058776856,False,-0.5249315954274598,False
2027,B,2434,1780504440.0,False,-1,,16,False,0.0,28.0,0.0,-1.2628303297383585,False,0.38214899217919623,False,-1.2628303297383585,False,0.005277869151926005,False,0.15670716762542727,False,-1.2628303297383585,False
2027,B,2435,1780504500.0,False,-1,,16,False,0.0,33.0,0.0,-0.9463403771426551,False,0.4085521963800596,False,-0.9463403771426551,False,0.0028187155458383314,False,0.13863935470581054,False,-0.9463403771426551,False
2027,B,2436,1780504560.0,False,-1,,16,False,0.0,18.0,0.0,-1.8607452371466309,False,0.39992531781071605,False,-1.8607452371466309,False,0.03523827401382033,False,0.16760854721069335,False,-1.8607452371466309,False
2027,B,2437,1780504620.0,False,-1,,16,False,0.0,31.0,0.0,-1.658005506825364,False,0.3951161912077616,False,-1.658005506825364,False,0.0035614529717428794,False,0.16834187507629395,False,-1.658005506825364,False
2027,B,2438,1780504680.0,False,-1,,16,False,0.0,22.0,0.0,-1.5099431356124215,False,0.3935075583803413,False,-1.5099431356124215,False,0.014310715402948726,False,0.1826327562332153,False,-1.5099431356124215,False
2027,B,2439,1780504740.0,True,202,dependency_timeout,16,False,3.0,32.0,0.0,5.518385678268923,True,0.6685630444067648,False,5.518385678268923,True,1.0,True,10000000000.0,True,5.518385678268923,True
2027,B,2440,1780504800.0,True,202,dependency_timeout,16,False,4.0,30.0,0.0,5.518385678268923,True,0.6656576034697013,False,5.518385678268923,True,1.0,True,12000000000.0,True,5.518385678268923,True
2027,B,2441,1780504860.0,True,202,dependency_timeout,16,False,8.0,35.0,0.0,5.518385678268923,True,0.6757188659413843,False,5.518385678268923,True,1.0,True,15999999999.999998,True,5.518385678268923,True
2027,B,2442,1780504920.0,True,202,dependency_timeout,16,False,1.0,28.0,0.0,5.518385678268923,True,0.6196337585334879,False,5.518385678268923,True,1.0,True,5000000000.0,True,5.518385678268923,True
2027,B,2443,1780504980.0,False,-1,,16,False,0.0,21.0,0.0,-1.0324246208497971,False,0.40791381162115253,False,-1.0324246208497971,False,0.01753670998300967,False,0.18222522735595703,False,-1.0324246208497971,False
2027,B,2444,1780505040.0,False,-1,,16,False,0.0,29.0,0.0,-0.20371310770076345,False,0.4312861120701354,False,-0.20371310770076345,False,0.004600255196217414,False,0.21083841323852537,False,-0.20371310770076345,False
2027,B,2445,1780505100.0,False,-1,,16,False,0.0,32.0,0.0,-0.9710282382666326,False,0.405485144003798,False,-0.9710282382666326,False,0.0031603316622729675,False,0.13708672523498533,False,-0.9710282382666326,False
2027,B,2446,1780505160.0,False,-1,,16,False,0.0,28.0,0.0,-1.656727950325978,False,0.3931901394530909,False,-1.656727950325978,False,0.005277869151926005,False,0.18681647777557375,False,-1.656727950325978,False
2027,B,2447,1780505220.0,False,-1,,16,False,0.0,25.0,0.0,-0.9260105500288374,False,0.4037968640759302,False,-0.9260105500288374,False,0.008335797912300833,False,0.1908830642700194,False,-0.9260105500288374,False
2027,B,2448,1780505280.0,False,-1,,16,False,0.0,28.0,0.0,-0.8107377215725302,False,0.41159115303232685,False,-0.8107377215725302,False,0.005277869151926005,False,0.17659347057342534,False,-0.8107377215725302,False
2027,B,2449,1780505340.0,False,-1,,16,False,0.0,29.0,0.0,-1.299686406032417,False,0.3961124973439803,False,-1.299686406032417,False,0.004600255196217414,False,0.1450710296630859,False,-1.299686406032417,False
2027,B,2450,1780505400.0,False,-1,,16,False,0.0,29.0,0.0,-1.2444060859653963,False,0.3931283776135952,False,-1.2444060859653963,False,0.004600255196217414,False,0.16140670776367189,False,-1.2444060859653963,False
2027,B,2451,1780505460.0,True,203,dependency_timeout,16,False,4.0,32.0,0.0,5.518385678268923,True,0.6695170618591808,False,5.518385678268923,True,1.0,True,13000000000.0,True,5.518385678268923,True
2027,B,2452,1780505520.0,True,203,dependency_timeout,16,False,5.0,24.0,0.0,5.518385678268923,True,0.6524065466748105,False,5.518385678268923,True,1.0,True,9000000000.0,True,5.518385678268923,True
2027,B,2453,1780505580.0,True,203,dependency_timeout,16,False,3.0,24.0,0.0,5.518385678268923,True,0.6548005164437665,False,5.518385678268923,True,1.0,True,11000000000.0,True,5.518385678268923,True
2027,B,2454,1780505640.0,True,203,dependency_timeout,16,False,2.0,35.0,0.0,5.518385678268923,True,0.6545337212225134,False,5.518385678268923,True,1.0,True,6000000000.0,True,5.518385678268923,True
2027,B,2455,1780505700.0,False,-1,,17,False,0.0,33.0,0.0,-0.6895019518357515,False,0.41675245973272923,False,-0.6895019518357515,False,0.0028187155458383314,False,0.13528871536254883,False,-0.6895019518357515,False
2027,B,2456,1780505760.0,False,-1,,17,False,0.0,34.0,0.0,-0.8551338436685292,False,0.4145372136526787,False,-0.8551338436685292,False,0.002525946561051813,False,0.1419670343399048,False,-0.8551338436685292,False
2027,B,2457,1780505820.0,False,-1,,17,False,0.0,28.0,0.0,-1.2177887440782822,False,0.4148259008025429,False,-1.2177887440782822,False,0.005277869151926005,False,0.1519010543823242,False,-1.2177887440782822,False
2027,B,2458,1780505880.0,False,-1,,17,False,0.0,32.0,0.0,-1.4825278673488063,False,0.40698826533042687,False,-1.4825278673488063,False,0.0031603316622729675,False,0.18369746208190918,False,-1.4825278673488063,False
2027,B,2459,1780505940.0,False,-1,,17,False,0.0,29.0,0.0,-1.4523393187154667,False,0.3885852674813315,False,-1.4523393187154667,False,0.004600255196217414,False,0.16324081420898437,False,-1.4523393187154667,False
2027,B,2460,1780506000.0,False,-1,,17,False,0.0,36.0,0.0,-0.9501738434273541,False,0.43161449298453364,False,-0.9501738434273541,False,0.0020548178291087465,False,0.15632891654968262,False,-0.9501738434273541,False
2027,B,2461,1780506060.0,True,204,permission_denied,17,False,0.0,25.0,0.0,-1.8089105420515637,False,0.37092245666349233,False,-1.8089105420515637,False,0.008335797912300833,False,0.1589364051818847,False,-1.8089105420515637,False
2027,B,2462,1780506120.0,True,204,permission_denied,17,False,0.0,29.0,0.0,3.554728441281407,True,0.41576728810663266,False,3.554728441281407,True,1.0,True,11000000000.0,True,3.554728441281407,True
2027,B,2463,1780506180.0,True,204,permission_denied,17,False,0.0,42.0,0.0,4.3054306920514485,True,0.4566022185036276,False,4.3054306920514485,True,1.0,True,16999999999.999998,True,4.3054306920514485,True
2027,B,2464,1780506240.0,True,204,permission_denied,17,False,0.0,23.0,0.0,0.26449045567537155,False,0.39717881803687727,False,0.26449045567537155,False,1.0,True,1999999999.9999998,True,0.26449045567537155,True
2027,B,2465,1780506300.0,False,-1,,17,False,0.0,32.0,0.0,-0.49099905274444566,False,0.45350912870385923,False,-0.49099905274444566,False,0.0031603316622729675,False,0.21743378639221195,False,-0.49099905274444566,False
2027,B,2466,1780506360.0,False,-1,,17,False,0.0,26.0,0.0,-0.6789066059629532,False,0.42966268643705374,False,-0.6789066059629532,False,0.007099809747377114,False,0.18658459186553955,False,-0.6789066059629532,False
2027,B,2467,1780506420.0,False,-1,,17,False,0.0,37.0,0.0,-1.1297371455459464,False,0.4347731632163114,False,-1.1297371455459464,False,0.0018642420051004464,False,0.17425899505615233,False,-1.1297371455459464,False
2027,B,2468,1780506480.0,False,-1,,17,False,0.0,29.0,0.0,-0.8223261879173176,False,0.3956846282794497,False,-0.8223261879173176,False,0.004600255196217414,False,0.1496706962585449,False,-0.8223261879173176,False
2027,B,2469,1780506540.0,False,-1,,17,False,0.0,33.0,0.0,-0.6426048820480963,False,0.41878194947736186,False,-0.6426048820480963,False,0.0028187155458383314,False,0.14187774658203126,False,-0.6426048820480963,False
2027,B,2470,1780506600.0,False,-1,,17,False,0.0,22.0,0.0,-1.6957711021865913,False,0.3764193168790288,False,-1.6957711021865913,False,0.014310715402948726,False,0.15918247699737548,False,-1.6957711021865913,False
2027,B,2471,1780506660.0,False,-1,,17,False,0.0,33.0,0.0,-1.3490017877368548,False,0.41206096423864275,False,-1.3490017877368548,False,0.0028187155458383314,False,0.170998477935791,False,-1.3490017877368548,False
2027,B,2472,1780506720.0,False,-1,,17,False,0.0,25.0,0.0,-1.1338434581855799,False,0.39329315379920055,False,-1.1338434581855799,False,0.008335797912300833,False,0.17518167495727532,False,-1.1338434581855799,False
2027,B,2473,1780506780.0,False,-1,,17,False,1.0,34.0,0.0,-0.9167000303493005,False,0.5859082847873031,False,-0.9167000303493005,False,9.125974679147751e-07,False,0.16819255352020263,False,-0.9167000303493005,False
2027,B,2474,1780506840.0,False,-1,,17,False,0.0,25.0,0.0,-0.8193560438352536,False,0.39865301692885247,False,-0.8193560438352536,False,0.008335797912300833,False,0.18398094177246085,False,-0.8193560438352536,False
2027,B,2475,1780506900.0,False,-1,,17,False,0.0,32.0,0.0,-1.272684737670117,False,0.3974319457000684,False,-1.272684737670117,False,0.0031603316622729675,False,0.14591042995452885,False,-1.272684737670117,False
2027,B,2476,1780506960.0,True,205,dependency_timeout,17,False,1.0,30.0,0.0,5.518385678268923,True,0.6289196265097776,False,5.518385678268923,True,1.0,True,7000000000.0,True,5.518385678268923,True
2027,B,2477,1780507020.0,True,205,dependency_timeout,17,False,3.0,27.0,0.0,5.518385678268923,True,0.6575933882294954,False,5.518385678268923,True,1.0,True,9000000000.0,True,5.518385678268923,True
2027,B,2478,1780507080.0,True,205,dependency_timeout,17,False,7.0,38.0,0.0,5.518385678268923,True,0.6820610955344999,False,5.518385678268923,True,1.0,True,21000000000.0,True,5.518385678268923,True
2027,B,2479,1780507140.0,True,205,dependency_timeout,17,False,2.0,27.0,0.0,5.518385678268923,True,0.623966871499402,False,5.518385678268923,True,1.0,True,5000000000.0,True,5.518385678268923,True
2027,B,2480,1780507200.0,False,-1,,17,False,0.0,50.0,0.0,0.13503709899287486,False,0.5508983209565375,False,0.13503709899287486,False,0.0006824112247552171,False,0.14837882518768308,False,0.13503709899287486,False
2027,B,2481,1780507260.0,False,-1,,17,False,0.0,30.0,0.0,-1.5254901346288712,False,0.3988867069494593,False,-1.5254901346288712,False,0.004035630564043479,False,0.1788127183914185,False,-1.5254901346288712,False
2027,B,2482,1780507320.0,False,-1,,17,False,0.0,29.0,0.0,-1.8439114366204343,False,0.38172339786887166,False,-1.8439114366204343,False,0.004600255196217414,False,0.17761363983154294,False,-1.8439114366204343,False
2027,B,2483,1780507380.0,False,-1,,17,False,0.0,29.0,0.0,-1.3918191736925367,False,0.3961295120636398,False,-1.3918191736925367,False,0.004600255196217414,False,0.15822677612304686,False,-1.3918191736925367,False
2027,B,2484,1780507440.0,False,-1,,17,False,0.0,40.0,0.0,-1.0730489765753086,False,0.46655199323393276,False,-1.0730489765753086,False,0.0014211762379416927,False,0.15897891521453855,False,-1.0730489765753086,False
2027,B,2485,1780507500.0,False,-1,,17,False,0.0,33.0,0.0,-1.0818504509801476,False,0.40871115457522317,False,-1.0818504509801476,False,0.0028187155458383314,False,0.17504959106445311,False,-1.0818504509801476,False
2027,B,2486,1780507560.0,False,-1,,17,False,0.0,24.0,0.0,-1.9424464965099757,False,0.37989984657791126,False,-1.9424464965099757,False,0.009877380947878855,False,0.17906739711761474,False,-1.9424464965099757,False
2027,B,2487,1780507620.0,True,206,resource_exhaustion,17,False,0.0,21.0,0.0,5.518385678268923,True,0.5387488034615998,False,5.518385678268923,True,1.0,True,999999999.9999999,True,5.518385678268923,True
2027,B,2488,1780507680.0,True,206,resource_exhaustion,17,False,6.0,29.0,0.0,5.518385678268923,True,0.6817483363371394,False,5.518385678268923,True,1.0,True,6000000000.0,True,5.518385678268923,True
2027,B,2489,1780507740.0,True,206,resource_exhaustion,17,False,6.0,27.0,0.0,5.518385678268923,True,0.6789938717013065,False,5.518385678268923,True,1.0,True,6000000000.0,True,5.518385678268923,True
2027,B,2490,1780507800.0,True,206,resource_exhaustion,17,False,5.0,42.0,0.0,5.518385678268923,True,0.6985204997564732,True,5.518385678268923,True,1.0,True,3999999999.9999995,True,5.518385678268923,True
2027,B,2491,1780507860.0,False,-1,,17,False,0.0,27.0,0.0,-1.441435546128539,False,0.38194056408357113,False,-1.441435546128539,False,0.006098006664813888,False,0.1422950267791748,False,-1.441435546128539,False
2027,B,2492,1780507920.0,False,-1,,17,False,0.0,28.0,0.0,-1.650843312094561,False,0.37888878232702,False,-1.650843312094561,False,0.005277869151926005,False,0.15549073219299317,False,-1.650843312094561,False
2027,B,2493,1780507980.0,False,-1,,17,False,0.0,32.0,0.0,0.0580015867131074,False,0.4252582778172164,False,0.0580015867131074,False,0.0031603316622729675,False,0.1437812089920044,False,0.0580015867131074,False
2027,B,2494,1780508040.0,False,-1,,17,False,0.0,27.0,0.0,-1.4775975510751778,False,0.3803761077932993,False,-1.4775975510751778,False,0.006098006664813888,False,0.1416463851928711,False,-1.4775975510751778,False
2027,B,2495,1780508100.0,False,-1,,17,False,0.0,27.0,0.0,-1.3576728596685728,False,0.3765672655625487,False,-1.3576728596685728,False,0.006098006664813888,False,0.14486517906188964,False,-1.3576728596685728,False
2027,B,2496,1780508160.0,False,-1,,17,False,0.0,23.0,0.0,-1.8104310670619226,False,0.39846847777899475,False,-1.8104310670619226,False,0.011823046139068316,False,0.19400281906127934,False,-1.8104310670619226,False
2027,B,2497,1780508220.0,False,-1,,17,False,0.0,19.0,0.0,-0.7565827880360869,False,0.431007380750516,False,-0.7565827880360869,False,0.02747592131132894,False,0.11955451965332031,False,-0.7565827880360869,False
2027,B,2498,1780508280.0,False,-1,,17,False,0.0,29.0,0.0,-1.3094948866624527,False,0.3829620195703286,False,-1.3094948866624527,False,0.004600255196217414,False,0.15170631408691404,False,-1.3094948866624527,False
2027,B,2499,1780508340.0,False,-1,,17,False,0.0,29.0,0.0,-1.4161857427823747,False,0.3947580779949924,False,-1.4161857427823747,False,0.004600255196217414,False,0.17916975021362302,False,-1.4161857427823747,False
2027,B,2500,1780508400.0,False,-1,,17,False,0.0,31.0,0.0,-0.7788066452448081,False,0.44370194191028717,False,-0.7788066452448081,False,0.0035614529717428794,False,0.22231197357177734,False,-0.7788066452448081,False
2027,B,2501,1780508460.0,True,207,config_error,17,False,0.0,31.0,0.0,0.9083883169068567,False,0.4236146316773934,False,0.9083883169068567,False,1.0,True,3000000000.0,True,0.9083883169068567,True
2027,B,2502,1780508520.0,True,207,config_error,17,False,0.0,27.0,0.0,5.140364793681848,True,0.4429388365473359,False,5.140364793681848,True,7.354310017856426e-19,False,25000000000.0,True,5.140364793681848,True
2027,B,2503,1780508580.0,True,207,config_error,17,False,0.0,28.0,0.0,5.160710910603912,True,0.4271057715516229,False,5.160710910603912,True,2.9886265517663137e-19,False,26000000000.0,True,5.160710910603912,True
2027,B,2504,1780508640.0,True,207,config_error,17,False,0.0,37.0,0.0,5.162114095373768,True,0.45150008935820435,False,5.162114095373768,True,7.359682188992352e-21,False,31999999999.999996,True,5.162114095373768,True
2027,B,2505,1780508700.0,True,207,config_error,17,False,0.0,33.0,0.0,0.524792987303444,False,0.41183232719835783,False,0.524792987303444,False,1.0,True,1999999999.9999998,True,0.524792987303444,True
2027,B,2506,1780508760.0,False,-1,,17,False,0.0,27.0,0.0,-1.5695301428540445,False,0.3758139411079577,False,-1.5695301428540445,False,0.006098006664813888,False,0.15803904533386232,False,-1.5695301428540445,False
2027,B,2507,1780508820.0,False,-1,,17,False,0.0,26.0,0.0,-1.7761034260003408,False,0.388873314998759,False,-1.7761034260003408,False,0.007099809747377114,False,0.18191218376159668,False,-1.7761034260003408,False
2027,B,2508,1780508880.0,False,-1,,17,False,0.0,33.0,0.0,-0.8765101140510962,False,0.4154870946517284,False,-0.8765101140510962,False,0.0028187155458383314,False,0.15806703567504882,False,-0.8765101140510962,False
2027,B,2509,1780508940.0,False,-1,,17,False,0.0,20.0,0.0,0.28943139723361977,False,0.41875125781861844,False,0.28943139723361977,False,0.02178535080051661,False,0.1484401702880859,False,0.28943139723361977,False
2027,B,2510,1780509000.0,False,-1,,17,False,0.0,29.0,0.0,-0.2126292408432251,False,0.40970693122423013,False,-0.2126292408432251,False,0.004600255196217414,False,0.14397783279418946,False,-0.2126292408432251,False
2027,B,2511,1780509060.0,False,-1,,17,False,0.0,28.0,0.0,-1.0589743231255477,False,0.3927206414239346,False,-1.0589743231255477,False,0.005277869151926005,False,0.17930595874786376,False,-1.0589743231255477,False
2027,B,2512,1780509120.0,False,-1,,17,False,0.0,30.0,0.0,-1.7608583663625952,False,0.3900569190861397,False,-1.7608583663625952,False,0.004035630564043479,False,0.17766981124877929,False,-1.7608583663625952,False
2027,B,2513,1780509180.0,True,208,config_error,17,False,0.0,22.0,0.0,3.4874968829038546,True,0.3920700666328267,False,3.4874968829038546,True,6.922377461869097e-05,False,10000000000.0,True,3.4874968829038546,True
2027,B,2514,1780509240.0,True,208,config_error,17,False,0.0,29.0,0.0,5.112996678334218,True,0.4244141342866464,False,5.112996678334218,True,4.2622567048285103e-19,False,26000000000.0,True,5.112996678334218,True
2027,B,2515,1780509300.0,True,208,config_error,17,False,0.0,24.0,0.0,5.351776081375414,True,0.41568415595522434,False,5.351776081375414,True,6.35799163333241e-19,False,24000000000.0,True,5.351776081375414,True
2027,B,2516,1780509360.0,True,208,config_error,17,False,0.0,36.0,0.0,5.265635164856098,True,0.45088513263170316,False,5.265635164856098,True,2.3677797539467355e-21,False,32999999999.999996,True,5.265635164856098,True
2027,B,2517,1780509420.0,True,208,config_error,17,False,0.0,31.0,0.0,3.8410991763163524,True,0.4377628253472051,False,3.8410991763163524,True,3.377931940727574e-07,False,12000000000.0,True,3.8410991763163524,True
2027,B,2518,1780509480.0,False,-1,,17,False,0.0,35.0,0.0,-1.0302659688962077,False,0.42420316080712545,False,-1.0302659688962077,False,0.0022735686514638908,False,0.17508063316345204,False,-1.0302659688962077,False
2027,B,2519,1780509540.0,False,-1,,17,False,0.0,22.0,0.0,-1.8854810394420447,False,0.38012339904269365,False,-1.8854810394420447,False,0.014310715402948726,False,0.14774532318115235,False,-1.8854810394420447,False
2027,B,2520,1780509600.0,False,-1,,17,False,0.0,29.0,0.0,-1.5314814861305424,False,0.39381867760719536,False,-1.5314814861305424,False,0.004600255196217414,False,0.19096755981445304,False,-1.5314814861305424,False
2027,B,2521,1780509660.0,False,-1,,17,False,0.0,29.0,0.0,-1.4732975380558644,False,0.38100932659886544,False,-1.4732975380558644,False,0.004600255196217414,False,0.16121282577514648,False,-1.4732975380558644,False
2027,B,2522,1780509720.0,False,-1,,17,False,0.0,28.0,0.0,-1.0354562630988955,False,0.40472821589828295,False,-1.0354562630988955,False,0.005277869151926005,False,0.20121889114379887,False,-1.0354562630988955,False
2027,B,2523,1780509780.0,False,-1,,17,False,0.0,24.0,0.0,-1.9256919379520552,False,0.3760938186977854,False,-1.9256919379520552,False,0.009877380947878855,False,0.15332794189453125,False,-1.9256919379520552,False
2027,B,2524,1780509840.0,False,-1,,17,False,0.0,32.0,0.0,-1.2221213481836726,False,0.4027626861664642,False,-1.2221213481836726,False,0.0031603316622729675,False,0.1443505048751831,False,-1.2221213481836726,False
2027,B,2525,1780509900.0,False,-1,,17,False,0.0,26.0,0.0,-1.3517993583802497,False,0.37686180771210187,False,-1.3517993583802497,False,0.007099809747377114,False,0.16193389892578125,False,-1.3517993583802497,False
2027,B,2526,1780509960.0,False,-1,,17,False,0.0,35.0,0.0,-1.3628660246696152,False,0.40489955320913384,False,-1.3628660246696152,False,0.0022735686514638908,False,0.15360054969787595,False,-1.3628660246696152,False
2027,B,2527,1780510020.0,False,-1,,17,False,0.0,30.0,0.0,-1.3429710635905376,False,0.3874122040231469,False,-1.3429710635905376,False,0.004035630564043479,False,0.1514697074890137,False,-1.3429710635905376,False
2027,B,2528,1780510080.0,True,209,dependency_timeout,17,False,2.0,25.0,0.0,5.518385678268923,True,0.6444793282446241,False,5.518385678268923,True,1.0,True,7000000000.0,True,5.518385678268923,True
2027,B,2529,1780510140.0,True,209,dependency_timeout,17,False,4.0,24.0,0.0,5.518385678268923,True,0.6553571690920694,False,5.518385678268923,True,1.0,True,11000000000.0,True,5.518385678268923,True
2027,B,2530,1780510200.0,True,209,dependency_timeout,17,False,2.0,38.0,0.0,5.518385678268923,True,0.6680165564524744,False,5.518385678268923,True,1.0,True,14000000000.0,True,5.518385678268923,True
2027,B,2531,1780510260.0,True,209,dependency_timeout,17,False,1.0,25.0,0.0,5.518385678268923,True,0.626217420019539,False,5.518385678268923,True,1.0,True,7000000000.0,True,5.518385678268923,True
2027,B,2532,1780510320.0,False,-1,,17,False,0.0,29.0,0.0,-1.316048874585647,False,0.38659082241173637,False,-1.316048874585647,False,0.004600255196217414,False,0.1492312431335449,False,-1.316048874585647,False
2027,B,2533,1780510380.0,False,-1,,17,False,0.0,26.0,0.0,1.0005231666697254,False,0.4456041384094327,False,1.0005231666697254,False,0.007099809747377114,False,0.2686959505081177,False,1.0005231666697254,False
2027,B,2534,1780510440.0,False,-1,,17,False,0.0,31.0,0.0,-1.5016570222780077,False,0.38720889448514306,False,-1.5016570222780077,False,0.0035614529717428794,False,0.1578807830810547,False,-1.5016570222780077,False
2027,B,2535,1780510500.0,False,-1,,17,False,0.0,30.0,0.0,-1.4881293773776996,False,0.3927490520120627,False,-1.4881293773776996,False,0.004035630564043479,False,0.15716929435729982,False,-1.4881293773776996,False
2027,B,2536,1780510560.0,False,-1,,17,False,0.0,33.0,0.0,-1.207078312790296,False,0.4078126413244858,False,-1.207078312790296,False,0.0028187155458383314,False,0.1793682098388672,False,-1.207078312790296,False
2027,B,2537,1780510620.0,False,-1,,17,False,0.0,28.0,0.0,-0.09908192123265724,False,0.4045374898814586,False,-0.09908192123265724,False,0.005277869151926005,False,0.1376995325088501,False,-0.09908192123265724,False
2027,B,2538,1780510680.0,True,210,permission_denied,17,False,0.0,31.0,0.0,2.2784667727733887,True,0.41226207063651354,False,2.2784667727733887,True,1.0,True,6000000000.0,True,2.2784667727733887,True
2027,B,2539,1780510740.0,True,210,permission_denied,17,False,0.0,28.0,0.0,2.577762327902915,True,0.4057604068061469,False,2.577762327902915,True,1.0,True,6000000000.0,True,2.577762327902915,True
2027,B,2540,1780510800.0,True,210,permission_denied,17,False,0.0,28.0,0.0,-1.5321022351590141,False,0.37908680406830286,False,-1.5321022351590141,False,0.005277869151926005,False,0.1487518310546875,False,-1.5321022351590141,False
2027,B,2541,1780510860.0,False,-1,,17,False,0.0,37.0,0.0,-1.1923329305748966,False,0.4292101722101361,False,-1.1923329305748966,False,0.0018642420051004464,False,0.1505880355834961,False,-1.1923329305748966,False
2027,B,2542,1780510920.0,False,-1,,17,False,0.0,30.0,0.0,-0.9514489673032616,False,0.4029105234859608,False,-0.9514489673032616,False,0.004035630564043479,False,0.17268989086151126,False,-0.9514489673032616,False
2027,B,2543,1780510980.0,False,-1,,17,False,0.0,16.0,0.0,-1.9848107011243439,False,0.3826122897241173,False,-1.9848107011243439,False,0.06136610726127483,False,0.15105140209197995,False,-1.9848107011243439,False
2027,B,2544,1780511040.0,False,-1,,17,False,0.0,23.0,0.0,-1.4415706865637494,False,0.3789131116867824,False,-1.4415706865637494,False,0.011823046139068316,False,0.1544271469116211,False,-1.4415706865637494,False
2027,B,2545,1780511100.0,False,-1,,17,False,0.0,17.0,0.0,-0.8656366159046502,False,0.40252590053815324,False,-0.8656366159046502,False,0.04603583753820504,False,0.14077301025390626,False,-0.8656366159046502,False
2027,B,2546,1780511160.0,False,-1,,17,False,0.0,26.0,0.0,-1.152112521885666,False,0.38474823530129126,False,-1.152112521885666,False,0.007099809747377114,False,0.16943871974945068,False,-1.152112521885666,False
2027,B,2547,1780511220.0,True,211,resource_exhaustion,17,False,1.0,33.0,0.0,5.518385678268923,True,0.6573050308439501,False,5.518385678268923,True,1.0,True,1999999999.9999998,True,5.518385678268923,True
2027,B,2548,1780511280.0,True,211,resource_exhaustion,17,False,4.0,29.0,0.0,5.518385678268923,True,0.6813449512660131,False,5.518385678268923,True,1.0,True,3000000000.0,True,5.518385678268923,True
2027,B,2549,1780511340.0,True,211,resource_exhaustion,17,False,5.0,22.0,0.0,5.518385678268923,True,0.6811140035610278,False,5.518385678268923,True,1.0,True,6000000000.0,True,5.518385678268923,True
2027,B,2550,1780511400.0,False,-1,,17,False,1.0,38.0,0.0,-0.6779638290956322,False,0.6053448198163534,False,-0.6779638290956322,False,7.876965796734762e-07,False,0.15322902202606203,False,-0.6779638290956322,False
2027,B,2551,1780511460.0,False,-1,,17,False,0.0,30.0,0.0,-1.5342774878905283,False,0.386616452293724,False,-1.5342774878905283,False,0.004035630564043479,False,0.151350736618042,False,-1.5342774878905283,False
2027,B,2552,1780511520.0,False,-1,,17,False,0.0,27.0,0.0,-1.507146112139461,False,0.38997498798663077,False,-1.507146112139461,False,0.006098006664813888,False,0.14808144569396972,False,-1.507146112139461,False
2027,B,2553,1780511580.0,False,-1,,17,False,0.0,26.0,0.0,-1.495595878166026,False,0.3815139904960185,False,-1.495595878166026,False,0.007099809747377114,False,0.1516026258468628,False,-1.495595878166026,False
2027,B,2554,1780511640.0,False,-1,,17,False,0.0,27.0,0.0,-1.0417704507657533,False,0.39202538115668867,False,-1.0417704507657533,False,0.006098006664813888,False,0.14698829650878906,False,-1.0417704507657533,False
2027,B,2555,1780511700.0,False,-1,,17,False,0.0,31.0,0.0,-1.5025716885081248,False,0.3964064770776122,False,-1.5025716885081248,False,0.0035614529717428794,False,0.16197848320007324,False,-1.5025716885081248,False
2027,B,2556,1780511760.0,False,-1,,17,False,0.0,19.0,0.0,-1.9248039341347152,False,0.392121503828677,False,-1.9248039341347152,False,0.02747592131132894,False,0.18206162452697755,False,-1.9248039341347152,False
2027,B,2557,1780511820.0,False,-1,,17,False,0.0,29.0,0.0,-1.4994305276649227,False,0.38484857262093286,False,-1.4994305276649227,False,0.004600255196217414,False,0.1479774475097656,False,-1.4994305276649227,False
2027,B,2558,1780511880.0,False,-1,,17,False,0.0,23.0,0.0,-1.4824691763680056,False,0.39759848999986247,False,-1.4824691763680056,False,0.011823046139068316,False,0.1885151386260987,False,-1.4824691763680056,False
2027,B,2559,1780511940.0,True,212,resource_exhaustion,17,False,0.0,29.0,0.0,5.518385678268923,True,0.5227312953535588,False,5.518385678268923,True,1.0,True,999999999.9999999,True,5.518385678268923,True
2027,B,2560,1780512000.0,True,212,resource_exhaustion,17,False,4.0,31.0,0.0,5.518385678268923,True,0.6817656251734446,False,5.518385678268923,True,1.0,True,3999999999.9999995,True,5.518385678268923,True
2027,B,2561,1780512060.0,True,212,resource_exhaustion,17,False,2.0,25.0,0.0,5.518385678268923,True,0.6748247815856676,False,5.518385678268923,True,1.0,True,1999999999.9999998,True,5.518385678268923,True
2027,B,2562,1780512120.0,True,212,resource_exhaustion,17,False,1.0,27.0,0.0,5.518385678268923,True,0.6503401534852029,False,5.518385678268923,True,1.0,True,999999999.9999999,True,5.518385678268923,True
2027,B,2563,1780512180.0,False,-1,,17,False,0.0,28.0,0.0,-1.69984779877859,False,0.3785500251010361,False,-1.69984779877859,False,0.005277869151926005,False,0.154817533493042,False,-1.69984779877859,False
2027,B,2564,1780512240.0,False,-1,,17,False,1.0,28.0,0.0,-0.5373466777550915,False,0.5700087720351287,False,-0.5373466777550915,False,1.189992494559172e-06,False,0.14251949787139892,False,-0.5373466777550915,False
2027,B,2565,1780512300.0,False,-1,,17,False,0.0,39.0,0.0,-0.6458252969294804,False,0.45562882077824945,False,-0.6458252969294804,False,0.0015507182896148262,False,0.1445305824279785,False,-0.6458252969294804,False
2027,B,2566,1780512360.0,False,-1,,17,False,0.0,29.0,0.0,-1.0609743886775327,False,0.3922005529894702,False,-1.0609743886775327,False,0.004600255196217414,False,0.1696515083312988,False,-1.0609743886775327,False
2027,B,2567,1780512420.0,False,-1,,17,False,0.0,32.0,0.0,-1.3351618047621345,False,0.4052320531746471,False,-1.3351618047621345,False,0.0031603316622729675,False,0.17704470157623295,False,-1.3351618047621345,False
2027,B,2568,1780512480.0,False,-1,,17,False,0.0,18.0,0.0,-1.7198406293146462,False,0.40134603558818427,False,-1.7198406293146462,False,0.03523827401382033,False,0.1489837884902954,False,-1.7198406293146462,False
2027,B,2569,1780512540.0,False,-1,,17,False,0.0,27.0,0.0,-0.8670500440668647,False,0.38336728312378404,False,-0.8670500440668647,False,0.006098006664813888,False,0.1385197162628174,False,-0.8670500440668647,False
2027,B,2570,1780512600.0,False,-1,,17,False,0.0,24.0,0.0,-1.3381406124728876,False,0.3776112967741025,False,-1.3381406124728876,False,0.009877380947878855,False,0.14528863430023192,False,-1.3381406124728876,False
2027,B,2571,1780512660.0,False,-1,,17,False,0.0,30.0,0.0,-0.9071335210351545,False,0.3976022048895673,False,-0.9071335210351545,False,0.004035630564043479,False,0.13721444606781005,False,-0.9071335210351545,False
2027,B,2572,1780512720.0,True,213,dependency_timeout,17,False,1.0,36.0,0.0,5.518385678268923,True,0.6261650455101908,False,5.518385678268923,True,1.0,True,3999999999.9999995,True,5.518385678268923,True
2027,B,2573,1780512780.0,True,213,dependency_timeout,17,False,2.0,30.0,0.0,5.518385678268923,True,0.6559267886163775,False,5.518385678268923,True,1.0,True,12000000000.0,True,5.518385678268923,True
2027,B,2574,1780512840.0,True,213,dependency_timeout,17,False,4.0,22.0,0.0,5.518385678268923,True,0.6533230828605533,False,5.518385678268923,True,1.0,True,10000000000.0,True,5.518385678268923,True
2027,B,2575,1780512900.0,True,213,dependency_timeout,17,False,3.0,28.0,0.0,5.518385678268923,True,0.6740076331382356,False,5.518385678268923,True,1.0,True,7000000000.0,True,5.518385678268923,True
2027,B,2576,1780512960.0,False,-1,,17,False,0.0,33.0,0.0,-1.5042264988935647,False,0.3958937050284144,False,-1.5042264988935647,False,0.0028187155458383314,False,0.15976076126098632,False,-1.5042264988935647,False
2027,B,2577,1780513020.0,False,-1,,17,False,0.0,32.0,0.0,-1.2978611796127275,False,0.4246947844641883,False,-1.2978611796127275,False,0.0031603316622729675,False,0.19620485305786134,False,-1.2978611796127275,False
2027,B,2578,1780513080.0,False,-1,,17,False,0.0,33.0,0.0,-1.0318760913667546,False,0.4047073336818052,False,-1.0318760913667546,False,0.0028187155458383314,False,0.14923505783081054,False,-1.0318760913667546,False
2027,B,2579,1780513140.0,False,-1,,17,False,0.0,21.0,0.0,-1.381657092894348,False,0.40996579461433574,False,-1.381657092894348,False,0.01753670998300967,False,0.14690017700195312,False,-1.381657092894348,False
2027,B,2580,1780513200.0,False,-1,,17,False,0.0,28.0,0.0,-1.391659823700932,False,0.38391290402375455,False,-1.391659823700932,False,0.005277869151926005,False,0.1573899745941162,False,-1.391659823700932,False
2027,B,2581,1780513260.0,False,-1,,17,False,0.0,27.0,0.0,-1.7532402687643431,False,0.3793304024003023,False,-1.7532402687643431,False,0.006098006664813888,False,0.1609260082244873,False,-1.7532402687643431,False
2027,B,2582,1780513320.0,False,-1,,17,False,0.0,23.0,0.0,-0.48732519011321696,False,0.4026707736546327,False,-0.48732519011321696,False,0.011823046139068316,False,0.1494302749633789,False,-0.48732519011321696,False
2027,B,2583,1780513380.0,True,214,permission_denied,17,False,0.0,27.0,0.0,2.63449204825227,True,0.39057051716652263,False,2.63449204825227,True,1.0,True,7000000000.0,True,2.63449204825227,True
2027,B,2584,1780513440.0,True,214,permission_denied,17,False,0.0,20.0,0.0,0.6937458168657482,False,0.3819242705000207,False,0.6937458168657482,False,1.0,True,3000000000.0,True,0.6937458168657482,True
2027,B,2585,1780513500.0,True,214,permission_denied,17,False,0.0,22.0,0.0,2.7698630205843826,True,0.38562218483112365,False,2.7698630205843826,True,1.0,True,7999999999.999999,True,2.7698630205843826,True
2027,B,2586,1780513560.0,True,214,permission_denied,17,False,0.0,23.0,0.0,0.3554678401639153,False,0.37966109115375146,False,0.3554678401639153,False,1.0,True,3000000000.0,True,0.3554678401639153,True
2027,B,2587,1780513620.0,False,-1,,17,False,0.0,34.0,0.0,-0.5265802458292805,False,0.43550299854221897,False,-0.5265802458292805,False,0.002525946561051813,False,0.1506690979003906,False,-0.5265802458292805,False
2027,B,2588,1780513680.0,False,-1,,17,False,0.0,19.0,0.0,-0.6160839993275182,False,0.4107163622254633,False,-0.6160839993275182,False,0.02747592131132894,False,0.16805877685546874,False,-0.6160839993275182,False
2027,B,2589,1780513740.0,False,-1,,17,False,0.0,32.0,0.0,-1.484716237714502,False,0.4107963479892211,False,-1.484716237714502,False,0.0031603316622729675,False,0.1937708377838135,False,-1.484716237714502,False
2027,B,2590,1780513800.0,False,-1,,17,False,0.0,35.0,0.0,-1.3644509558715754,False,0.4118776605336735,False,-1.3644509558715754,False,0.0022735686514638908,False,0.18019680976867672,False,-1.3644509558715754,False
2027,B,2591,1780513860.0,False,-1,,17,False,0.0,32.0,0.0,0.09719819730908164,False,0.4588391552677674,False,0.09719819730908164,False,0.0031603316622729675,False,0.17137706279754641,False,0.09719819730908164,False
2027,B,2592,1780513920.0,False,-1,,17,False,0.0,30.0,0.0,-1.3950503667832024,False,0.39943477925556903,False,-1.3950503667832024,False,0.004035630564043479,False,0.17398715019226077,False,-1.3950503667832024,False
2027,B,2593,1780513980.0,True,215,config_error,17,False,0.0,24.0,0.0,3.618855315949296,True,0.40288072351282067,False,3.618855315949296,True,2.057570119072969e-06,False,11000000000.0,True,3.618855315949296,True
2027,B,2594,1780514040.0,True,215,config_error,17,False,0.0,20.0,0.0,4.449841651981451,True,0.4270497981215724,False,4.449841651981451,True,2.070096585707496e-13,False,15999999999.999998,True,4.449841651981451,True
2027,B,2595,1780514100.0,True,215,config_error,17,False,0.0,25.0,0.0,5.373536679778895,True,0.4419844089472882,False,5.373536679778895,True,2.5201855629982886e-19,False,25000000000.0,True,5.373536679778895,True
2027,B,2596,1780514160.0,True,215,config_error,17,False,0.0,32.0,0.0,4.97652886917273,True,0.41584664542811084,False,4.97652886917273,True,9.880860906102525e-19,False,26000000000.0,True,4.97652886917273,True
2027,B,2597,1780514220.0,True,215,config_error,17,False,0.0,23.0,0.0,3.426780929346682,True,0.38641539457145896,False,3.426780929346682,True,1.505338102432217e-06,False,11000000000.0,True,3.426780929346682,True
2027,B,2598,1780514280.0,False,-1,,18,False,0.0,21.0,0.0,-2.0975816953462907,False,0.3745555160028132,False,-2.0975816953462907,False,0.01753670998300967,False,0.15636873245239258,False,-2.0975816953462907,False
2027,B,2599,1780514340.0,False,-1,,18,False,0.0,20.0,0.0,-1.6713929880759713,False,0.41372068989563193,False,-1.6713929880759713,False,0.02178535080051661,False,0.19564344882965085,False,-1.6713929880759713,False
2027,B,2600,1780514400.0,False,-1,,18,False,0.0,29.0,0.0,-0.6593398142796856,False,0.42019898949729784,False,-0.6593398142796856,False,0.004600255196217414,False,0.12732677459716796,False,-0.6593398142796856,False
2027,B,2601,1780514460.0,False,-1,,18,True,0.0,63.0,0.0,-0.18651209635719912,False,0.582885039140741,False,-0.18651209635719912,False,0.0003393863865290436,False,0.1711004734039307,False,-0.18651209635719912,False
2027,B,2602,1780514520.0,False,-1,,18,True,1.0,257.0,0.0,1.7638101092256422,True,0.7648244345381134,True,1.7638101092256422,True,1.008546283622366e-07,False,0.18142118453979492,False,1.7638101092256422,False
2027,B,2603,1780514580.0,False,-1,,18,True,0.0,240.0,0.0,0.10717375978222954,False,0.7209596025283729,True,0.10717375978222954,False,1.4860727190743628e-05,False,0.1824917793273925,False,0.10717375978222954,False
2027,B,2604,1780514640.0,False,-1,,18,False,0.0,34.0,0.0,-1.5011582338643041,False,0.4055860091267142,False,-1.5011582338643041,False,0.002525946561051813,False,0.16695251464843752,False,-1.5011582338643041,False
2027,B,2605,1780514700.0,False,-1,,18,False,0.0,27.0,0.0,-1.3721412716087116,False,0.3808458449867581,False,-1.3721412716087116,False,0.006098006664813888,False,0.1588404178619385,False,-1.3721412716087116,False
2027,B,2606,1780514760.0,False,-1,,18,False,0.0,40.0,0.0,-1.142203061560081,False,0.4673422974156366,False,-1.142203061560081,False,0.0014211762379416927,False,0.18740484714508054,False,-1.142203061560081,False
2027,B,2607,1780514820.0,True,216,config_error,18,False,0.0,24.0,0.0,4.151948573862047,True,0.3960546050739398,False,4.151948573862047,True,9.441978156652821e-12,False,15000000000.0,True,4.151948573862047,True
2027,B,2608,1780514880.0,True,216,config_error,18,False,0.0,21.0,0.0,5.084135038042294,True,0.4292721801415607,False,5.084135038042294,True,9.927939918824241e-17,False,20000000000.0,True,5.084135038042294,True
2027,B,2609,1780514940.0,True,216,config_error,18,False,0.0,35.0,0.0,5.161788321542787,True,0.43274563257015847,False,5.161788321542787,True,1.1428067257795163e-20,False,30999999999.999996,True,5.161788321542787,True
2027,B,2610,1780515000.0,True,216,config_error,18,False,0.0,21.0,0.0,4.877940313959172,True,0.4109850737006305,False,4.877940313959172,True,6.62531105114605e-16,False,19000000000.0,True,4.877940313959172,True
2027,B,2611,1780515060.0,False,-1,,18,False,0.0,23.0,0.0,-0.5408999166830428,False,0.439741437742601,False,-0.5408999166830428,False,0.011823046139068316,False,0.22582049369812016,False,-0.5408999166830428,False
2027,B,2612,1780515120.0,False,-1,,18,False,0.0,30.0,0.0,-1.3056614677693936,False,0.390518612495425,False,-1.3056614677693936,False,0.004035630564043479,False,0.15704538822174072,False,-1.3056614677693936,False
2027,B,2613,1780515180.0,False,-1,,18,False,0.0,30.0,0.0,-1.6134830577083106,False,0.38818960852640927,False,-1.6134830577083106,False,0.004035630564043479,False,0.16849105358123784,False,-1.6134830577083106,False
2027,B,2614,1780515240.0,False,-1,,18,False,0.0,27.0,0.0,-0.9402098196435631,False,0.40954719132249223,False,-0.9402098196435631,False,0.006098006664813888,False,0.1320866107940674,False,-0.9402098196435631,False
2027,B,2615,1780515300.0,False,-1,,18,False,1.0,29.0,0.0,-0.25677893904562143,False,0.5788494297831049,False,-0.25677893904562143,False,1.1333389661981002e-06,False,0.186033821105957,False,-0.25677893904562143,False
2027,B,2616,1780515360.0,False,-1,,18,False,0.0,36.0,0.0,-1.3797449429711302,False,0.4186002246693979,False,-1.3797449429711302,False,0.0020548178291087465,False,0.1558407545089721,False,-1.3797449429711302,False
2027,B,2617,1780515420.0,False,-1,,18,False,0.0,27.0,0.0,-1.7959659599272113,False,0.38707343992452714,False,-1.7959659599272113,False,0.006098006664813888,False,0.17105083465576165,False,-1.7959659599272113,False
2027,B,2618,1780515480.0,True,217,config_error,18,False,0.0,23.0,0.0,0.393505283556963,False,0.3762893034901144,False,0.393505283556963,False,1.0,True,3000000000.0,True,0.393505283556963,True
2027,B,2619,1780515540.0,True,217,config_error,18,False,0.0,25.0,0.0,4.927747949146622,True,0.4034105933444337,False,4.927747949146622,True,2.3391709261773284e-17,False,22000000000.0,True,4.927747949146622,True
2027,B,2620,1780515600.0,True,217,config_error,18,False,0.0,21.0,0.0,5.063373434631828,True,0.4165808934162964,False,5.063373434631828,True,9.927939918824241e-17,False,20000000000.0,True,5.063373434631828,True
2027,B,2621,1780515660.0,True,217,config_error,18,False,0.0,26.0,0.0,4.987192756834562,True,0.4095719733891109,False,4.987192756834562,True,7.803443938047021e-18,False,23000000000.0,True,4.987192756834562,True
2027,B,2622,1780515720.0,True,217,config_error,18,False,0.0,26.0,0.0,3.8434900648260224,True,0.3978991207910806,False,3.8434900648260224,True,3.961284970341084e-09,False,13000000000.0,True,3.8434900648260224,True
2027,B,2623,1780515780.0,False,-1,,18,False,0.0,26.0,0.0,-1.241039233312672,False,0.37450303133373397,False,-1.241039233312672,False,0.007099809747377114,False,0.14380037784576416,False,-1.241039233312672,False
2027,B,2624,1780515840.0,False,-1,,18,False,0.0,15.0,0.0,-2.232668887109905,False,0.3980706112711366,False,-2.232668887109905,False,0.08358208903295893,False,0.17245268821716309,False,-2.232668887109905,False
2027,B,2625,1780515900.0,False,-1,,18,False,0.0,23.0,0.0,-1.0712818394925172,False,0.38254035647574297,False,-1.0712818394925172,False,0.011823046139068316,False,0.14047036170959473,False,-1.0712818394925172,False
2027,B,2626,1780515960.0,False,-1,,18,False,0.0,27.0,0.0,-0.8755311695817216,False,0.3886265606151742,False,-0.8755311695817216,False,0.006098006664813888,False,0.1392529010772705,False,-0.8755311695817216,False
2027,B,2627,1780516020.0,False,-1,,18,False,0.0,20.0,0.0,-1.084521573972136,False,0.384133660206664,False,-1.084521573972136,False,0.02178535080051661,False,0.13834857940673825,False,-1.084521573972136,False
2027,B,2628,1780516080.0,False,-1,,18,False,0.0,21.0,0.0,-1.9783896927650053,False,0.38108996847527765,False,-1.9783896927650053,False,0.01753670998300967,False,0.16638278961181643,False,-1.9783896927650053,False
2027,B,2629,1780516140.0,False,-1,,18,False,0.0,26.0,0.0,-1.6845348172069805,False,0.376848038255292,False,-1.6845348172069805,False,0.007099809747377114,False,0.1465320587158203,False,-1.6845348172069805,False
2027,B,2630,1780516200.0,False,-1,,18,False,0.0,13.0,0.0,-1.7282465766921398,False,0.41936618036428647,False,-1.7282465766921398,False,0.16541466366673443,False,0.14495096206665037,False,-1.7282465766921398,False
2027,B,2631,1780516260.0,False,-1,,18,False,0.0,24.0,0.0,-1.0155428170273417,False,0.3844043825715713,False,-1.0155428170273417,False,0.009877380947878855,False,0.1454998254776001,False,-1.0155428170273417,False
2027,B,2632,1780516320.0,False,-1,,18,False,0.0,27.0,0.0,-1.212740981404262,False,0.40666689169912645,False,-1.212740981404262,False,0.006098006664813888,False,0.194526720046997,False,-1.212740981404262,False
2027,B,2633,1780516380.0,True,218,resource_exhaustion,18,False,0.0,34.0,0.0,5.518385678268923,True,0.5378054995384285,False,5.518385678268923,True,1.0,True,999999999.9999999,True,5.518385678268923,True
2027,B,2634,1780516440.0,True,218,resource_exhaustion,18,False,8.0,30.0,0.0,5.518385678268923,True,0.6836527496709461,False,5.518385678268923,True,1.0,True,7999999999.999999,True,5.518385678268923,True
2027,B,2635,1780516500.0,True,218,resource_exhaustion,18,False,2.0,23.0,0.0,5.518385678268923,True,0.67448128079048,False,5.518385678268923,True,1.0,True,3000000000.0,True,5.518385678268923,True
2027,B,2636,1780516560.0,True,218,resource_exhaustion,18,False,4.0,21.0,0.0,5.518385678268923,True,0.6763263499399145,False,5.518385678268923,True,1.0,True,3000000000.0,True,5.518385678268923,True
2027,B,2637,1780516620.0,True,218,resource_exhaustion,18,False,0.0,32.0,0.0,-0.10682441329708414,False,0.4585493232659578,False,-0.10682441329708414,False,0.0031603316622729675,False,0.23962974548339858,False,-0.10682441329708414,False
2027,B,2638,1780516680.0,False,-1,,18,False,0.0,26.0,0.0,-1.716710309751031,False,0.3689590766172449,False,-1.716710309751031,False,0.007099809747377114,False,0.1531064510345459,False,-1.716710309751031,False
2027,B,2639,1780516740.0,False,-1,,18,False,0.0,26.0,0.0,-1.7878353923258397,False,0.3736246795057034,False,-1.7878353923258397,False,0.007099809747377114,False,0.1708000898361206,False,-1.7878353923258397,False
2027,B,2640,1780516800.0,False,-1,,18,False,0.0,21.0,0.0,-0.717228818078266,False,0.40230111501931554,False,-0.717228818078266,False,0.01753670998300967,False,0.17076635360717776,False,-0.717228818078266,False
2027,B,2641,1780516860.0,False,-1,,18,False,1.0,25.0,0.0,1.026981418949111,False,0.589729314990148,False,1.026981418949111,False,1.3964749833258011e-06,False,0.20048475265502919,False,1.026981418949111,False
2027,B,2642,1780516920.0,False,-1,,18,False,0.0,21.0,0.0,-0.21503894630392661,False,0.45237401136881394,False,-0.21503894630392661,False,0.01753670998300967,False,0.12877798080444336,False,-0.21503894630392661,False
2027,B,2643,1780516980.0,False,-1,,18,False,0.0,28.0,0.0,-1.3262600962218434,False,0.38155122080417786,False,-1.3262600962218434,False,0.005277869151926005,False,0.15072154998779297,False,-1.3262600962218434,False
2027,B,2644,1780517040.0,False,-1,,18,False,0.0,25.0,0.0,-1.7126475928803586,False,0.3811291297462128,False,-1.7126475928803586,False,0.008335797912300833,False,0.15142774581909174,False,-1.7126475928803586,False
2027,B,2645,1780517100.0,False,-1,,18,False,0.0,18.0,0.0,-0.4766085621894085,False,0.42700769971006863,False,-0.4766085621894085,False,0.03523827401382033,False,0.14621896743774412,False,-0.4766085621894085,False
2027,B,2646,1780517160.0,False,-1,,18,False,0.0,24.0,0.0,-1.5562863001575007,False,0.38727177786428796,False,-1.5562863001575007,False,0.009877380947878855,False,0.16122331619262695,False,-1.5562863001575007,False
2027,B,2647,1780517220.0,True,219,dependency_timeout,18,False,0.0,31.0,0.0,5.518385678268923,True,0.46647224160020134,False,5.518385678268923,True,1.0,True,999999999.9999999,True,5.518385678268923,True
2027,B,2648,1780517280.0,True,219,dependency_timeout,18,False,4.0,28.0,0.0,5.518385678268923,True,0.6588412778000003,False,5.518385678268923,True,1.0,True,15000000000.0,True,5.518385678268923,True
2027,B,2649,1780517340.0,True,219,dependency_timeout,18,False,2.0,25.0,0.0,5.518385678268923,True,0.6462179264763175,False,5.518385678268923,True,1.0,True,15000000000.0,True,5.518385678268923,True
2027,B,2650,1780517400.0,True,219,dependency_timeout,18,False,0.0,23.0,0.0,5.518385678268923,True,0.4834647137319146,False,5.518385678268923,True,1.0,True,1999999999.9999998,True,5.518385678268923,True
2027,B,2651,1780517460.0,False,-1,,18,False,0.0,30.0,0.0,-0.8130706177134188,False,0.413443966611884,False,-0.8130706177134188,False,0.004035630564043479,False,0.15726964473724364,False,-0.8130706177134188,False
2027,B,2652,1780517520.0,False,-1,,18,False,0.0,30.0,0.0,-1.01283389831159,False,0.39405315084990494,False,-1.01283389831159,False,0.004035630564043479,False,0.13757851123809814,False,-1.01283389831159,False
2027,B,2653,1780517580.0,False,-1,,18,False,0.0,22.0,0.0,-1.5595041811873696,False,0.37673502102617207,False,-1.5595041811873696,False,0.014310715402948726,False,0.16180865764617916,False,-1.5595041811873696,False
2027,B,2654,1780517640.0,False,-1,,18,False,0.0,28.0,0.0,-1.1110937632415796,False,0.42096614207003713,False,-1.1110937632415796,False,0.005277869151926005,False,0.17169055938720704,False,-1.1110937632415796,False
2027,B,2655,1780517700.0,False,-1,,18,False,0.0,24.0,0.0,-1.9806661404521346,False,0.37813355111268127,False,-1.9806661404521346,False,0.009877380947878855,False,0.17396533489227295,False,-1.9806661404521346,False
2027,B,2656,1780517760.0,False,-1,,18,False,0.0,28.0,0.0,-1.0743129483788643,False,0.4188694775253782,False,-1.0743129483788643,False,0.005277869151926005,False,0.17519667148590087,False,-1.0743129483788643,False
2027,B,2657,1780517820.0,False,-1,,18,False,0.0,30.0,0.0,-1.0823537481540066,False,0.4117408293125769,False,-1.0823537481540066,False,0.004035630564043479,False,0.18761253356933594,False,-1.0823537481540066,False
2027,B,2658,1780517880.0,False,-1,,18,False,0.0,18.0,0.0,-1.7119494036811327,False,0.38185000454385404,False,-1.7119494036811327,False,0.03523827401382033,False,0.15455527305603028,False,-1.7119494036811327,False
2027,B,2659,1780517940.0,True,220,resource_exhaustion,18,False,2.0,20.0,0.0,5.518385678268923,True,0.6601765400932265,False,5.518385678268923,True,1.0,True,3999999999.9999995,True,5.518385678268923,True
2027,B,2660,1780518000.0,True,220,resource_exhaustion,18,False,6.0,29.0,0.0,5.518385678268923,True,0.680596157061035,False,5.518385678268923,True,1.0,True,5000000000.0,True,5.518385678268923,True
2027,B,2661,1780518060.0,True,220,resource_exhaustion,18,False,4.0,23.0,0.0,5.518385678268923,True,0.6769763418096268,False,5.518385678268923,True,1.0,True,5000000000.0,True,5.518385678268923,True
2027,B,2662,1780518120.0,True,220,resource_exhaustion,18,False,3.0,28.0,0.0,5.518385678268923,True,0.6771472703657923,False,5.518385678268923,True,1.0,True,999999999.9999999,True,5.518385678268923,True
2027,B,2663,1780518180.0,False,-1,,18,False,0.0,25.0,0.0,-1.6499766607868542,False,0.37475518063312163,False,-1.6499766607868542,False,0.008335797912300833,False,0.1575355529785156,False,-1.6499766607868542,False
2027,B,2664,1780518240.0,False,-1,,18,False,0.0,29.0,0.0,-0.7806542661432063,False,0.421693105835357,False,-0.7806542661432063,False,0.004600255196217414,False,0.16621141433715816,False,-0.7806542661432063,False
2027,B,2665,1780518300.0,False,-1,,18,False,0.0,24.0,0.0,-1.01594917872697,False,0.40957500380958906,False,-1.01594917872697,False,0.009877380947878855,False,0.20055899620056153,False,-1.01594917872697,False
2027,B,2666,1780518360.0,False,-1,,18,False,0.0,23.0,0.0,-1.5076882575777777,False,0.41040537757411094,False,-1.5076882575777777,False,0.011823046139068316,False,0.20649690628051762,False,-1.5076882575777777,False
2027,B,2667,1780518420.0,False,-1,,18,True,0.0,194.0,0.0,0.01030880081354546,False,0.6976521105953777,True,0.01030880081354546,False,2.2489620955093152e-05,False,0.16584751605987547,False,0.01030880081354546,False
2027,B,2668,1780518480.0,False,-1,,18,True,0.0,231.0,0.0,-0.12320184111686938,False,0.7150844856601339,True,-0.12320184111686938,False,1.5978755181014116e-05,False,0.17474246025085446,False,-0.12320184111686938,False
2027,B,2669,1780518540.0,True,221,permission_denied,18,True,0.0,57.0,0.0,1.5913932594779339,True,0.5638771429143867,False,1.5913932594779339,True,1.0,True,3000000000.0,True,1.5913932594779339,True
2027,B,2670,1780518600.0,True,221,permission_denied,18,False,0.0,23.0,0.0,2.1530235776836797,True,0.3781763051478602,False,2.1530235776836797,True,1.0,True,6000000000.0,True,2.1530235776836797,True
2027,B,2671,1780518660.0,True,221,permission_denied,18,False,0.0,15.0,0.0,-0.4833409399043669,False,0.3924942112140196,False,-0.4833409399043669,False,1.0,True,1999999999.9999998,True,-0.4833409399043669,True
2027,B,2672,1780518720.0,True,221,permission_denied,18,False,0.0,27.0,0.0,3.7014170648188083,True,0.3860580153767252,False,3.7014170648188083,True,1.0,True,12000000000.0,True,3.7014170648188083,True
2027,B,2673,1780518780.0,True,221,permission_denied,18,False,0.0,24.0,0.0,2.3450943591283355,True,0.39006373920283066,False,2.3450943591283355,True,1.0,True,6000000000.0,True,2.3450943591283355,True
2027,B,2674,1780518840.0,False,-1,,18,False,0.0,19.0,0.0,-1.4608147214628149,False,0.38350192926196147,False,-1.4608147214628149,False,0.02747592131132894,False,0.16238584518432617,False,-1.4608147214628149,False
2027,B,2675,1780518900.0,False,-1,,18,False,0.0,27.0,0.0,-1.4431361456691123,False,0.3739579832378392,False,-1.4431361456691123,False,0.006098006664813888,False,0.15371594429016114,False,-1.4431361456691123,False
2027,B,2676,1780518960.0,False,-1,,18,False,0.0,21.0,0.0,-2.1288340112098574,False,0.3778130355634432,False,-2.1288340112098574,False,0.01753670998300967,False,0.15917730331420898,False,-2.1288340112098574,False
2027,B,2677,1780519020.0,False,-1,,18,False,0.0,28.0,0.0,-1.5225394084753514,False,0.3828949382225231,False,-1.5225394084753514,False,0.005277869151926005,False,0.17552974224090578,False,-1.5225394084753514,False
2027,B,2678,1780519080.0,False,-1,,18,False,0.0,26.0,0.0,-1.557257531555802,False,0.3769589689342779,False,-1.557257531555802,False,0.007099809747377114,False,0.15168845653533936,False,-1.557257531555802,False
2027,B,2679,1780519140.0,False,-1,,18,False,0.0,15.0,0.0,-0.8882367812108329,False,0.4443244296547304,False,-0.8882367812108329,False,0.08358208903295893,False,0.13196463584899903,False,-0.8882367812108329,False
2027,B,2680,1780519200.0,False,-1,,18,False,0.0,16.0,0.0,-0.38761589874570124,False,0.41023700985462175,False,-0.38761589874570124,False,0.06136610726127483,False,0.1340557336807251,False,-0.38761589874570124,False
2027,B,2681,1780519260.0,False,-1,,18,False,0.0,32.0,0.0,-0.909646587939001,False,0.4140613039151034,False,-0.909646587939001,False,0.0031603316622729675,False,0.17680234909057618,False,-0.909646587939001,False
2027,B,2682,1780519320.0,True,222,config_error,18,False,0.0,25.0,0.0,2.819014445121976,True,0.3866998228938059,False,2.819014445121976,True,0.8722217086536207,True,7999999999.999999,True,2.819014445121976,True
2027,B,2683,1780519380.0,True,222,config_error,18,False,0.0,20.0,0.0,4.9093502737455355,True,0.4690753946285995,False,4.9093502737455355,True,2.835198562387168e-15,False,18000000000.0,True,4.9093502737455355,True
2027,B,2684,1780519440.0,True,222,config_error,18,False,0.0,22.0,0.0,4.926764791493799,True,0.416594691321253,False,4.926764791493799,True,1.7300055449007287e-16,False,20000000000.0,True,4.926764791493799,True
2027,B,2685,1780519500.0,True,222,config_error,18,False,0.0,13.0,0.0,2.9328481023578035,True,0.4137999085828744,False,2.9328481023578035,True,0.04040956256683575,False,7999999999.999999,True,2.9328481023578035,True
2027,B,2686,1780519560.0,False,-1,,18,False,0.0,24.0,0.0,-1.8218776750715078,False,0.3873549902094651,False,-1.8218776750715078,False,0.009877380947878855,False,0.1685103416442871,False,-1.8218776750715078,False
2027,B,2687,1780519620.0,False,-1,,18,False,0.0,27.0,0.0,-1.569970460405095,False,0.38603712387936445,False,-1.569970460405095,False,0.006098006664813888,False,0.17040395736694336,False,-1.569970460405095,False
2027,B,2688,1780519680.0,False,-1,,18,False,0.0,23.0,0.0,-0.40351597870225486,False,0.40114338144207146,False,-0.40351597870225486,False,0.011823046139068316,False,0.1355236053466797,False,-0.40351597870225486,False
2027,B,2689,1780519740.0,False,-1,,18,False,0.0,22.0,0.0,-1.577176133313893,False,0.3935174174736478,False,-1.577176133313893,False,0.014310715402948726,False,0.16125464439392087,False,-1.577176133313893,False
2027,B,2690,1780519800.0,False,-1,,18,False,0.0,22.0,0.0,-1.968446118551551,False,0.3735889603593408,False,-1.968446118551551,False,0.014310715402948726,False,0.1629329204559326,False,-1.968446118551551,False
2027,B,2691,1780519860.0,False,-1,,18,False,1.0,14.0,0.0,-0.07381703674435247,False,0.589610973611392,False,-0.07381703674435247,False,3.360298970206345e-06,False,0.14379699230194093,False,-0.07381703674435247,False
2027,B,2692,1780519920.0,False,-1,,18,False,0.0,19.0,0.0,-1.922420131724211,False,0.37707657119484633,False,-1.922420131724211,False,0.02747592131132894,False,0.14602417945861818,False,-1.922420131724211,False
2027,B,2693,1780519980.0,False,-1,,18,False,0.0,13.0,0.0,-1.9858608879716027,False,0.39387471600571544,False,-1.9858608879716027,False,0.16541466366673443,False,0.14653358459472657,False,-1.9858608879716027,False
2027,B,2694,1780520040.0,False,-1,,18,False,0.0,26.0,0.0,-0.8998258328435309,False,0.41880990577802,False,-0.8998258328435309,False,0.007099809747377114,False,0.1965773105621338,False,-0.8998258328435309,False
2027,B,2695,1780520100.0,True,223,dependency_timeout,18,False,1.0,13.0,0.0,5.518385678268923,True,0.6165009237143335,False,5.518385678268923,True,1.0,True,3999999999.9999995,True,5.518385678268923,True
2027,B,2696,1780520160.0,True,223,dependency_timeout,18,False,2.0,23.0,0.0,5.518385678268923,True,0.6474100965188102,False,5.518385678268923,True,1.0,True,10000000000.0,True,5.518385678268923,True
2027,B,2697,1780520220.0,True,223,dependency_timeout,18,False,4.0,23.0,0.0,5.518385678268923,True,0.6601895430857826,False,5.518385678268923,True,1.0,True,12000000000.0,True,5.518385678268923,True
2027,B,2698,1780520280.0,True,223,dependency_timeout,18,False,0.0,21.0,0.0,5.518385678268923,True,0.49541322483404343,False,5.518385678268923,True,1.0,True,7000000000.0,True,5.518385678268923,True
2027,B,2699,1780520340.0,True,223,dependency_timeout,18,False,0.0,20.0,0.0,5.518385678268923,True,0.4522379662422741,False,5.518385678268923,True,1.0,True,5000000000.0,True,5.518385678268923,True
2027,B,2700,1780520400.0,False,-1,,18,False,0.0,21.0,0.0,-1.9418123760790094,False,0.38048466222712496,False,-1.9418123760790094,False,0.01753670998300967,False,0.17160129547119143,False,-1.9418123760790094,False
2027,B,2701,1780520460.0,False,-1,,18,False,0.0,18.0,0.0,-0.24882712639136173,False,0.4390563410316527,False,-0.24882712639136173,False,0.03523827401382033,False,0.18567318916320796,False,-0.24882712639136173,False
2027,B,2702,1780520520.0,False,-1,,18,False,0.0,20.0,0.0,-1.0285770454050933,False,0.3844972513507813,False,-1.0285770454050933,False,0.02178535080051661,False,0.13759403228759765,False,-1.0285770454050933,False
2027,B,2703,1780520580.0,False,-1,,18,False,0.0,18.0,0.0,-1.6068669149279167,False,0.38255493248971595,False,-1.6068669149279167,False,0.03523827401382033,False,0.15721302032470702,False,-1.6068669149279167,False
2027,B,2704,1780520640.0,False,-1,,18,False,0.0,20.0,0.0,-1.211936610558026,False,0.3991912024611766,False,-1.211936610558026,False,0.02178535080051661,False,0.13679108619689942,False,-1.211936610558026,False
2027,B,2705,1780520700.0,False,-1,,18,False,0.0,17.0,0.0,-1.7315773956248002,False,0.381444723933002,False,-1.7315773956248002,False,0.04603583753820504,False,0.14624366760253904,False,-1.7315773956248002,False
2027,B,2706,1780520760.0,False,-1,,18,False,0.0,20.0,0.0,-0.7358136262892581,False,0.4112297677966641,False,-0.7358136262892581,False,0.02178535080051661,False,0.1787128448486328,False,-0.7358136262892581,False
2027,B,2707,1780520820.0,False,-1,,18,False,0.0,20.0,0.0,-1.7486639588083186,False,0.37690847936381566,False,-1.7486639588083186,False,0.02178535080051661,False,0.15814981460571287,False,-1.7486639588083186,False
2027,B,2708,1780520880.0,False,-1,,18,False,0.0,16.0,0.0,-1.2594049659927302,False,0.4252862824992705,False,-1.2594049659927302,False,0.06136610726127483,False,0.12744104862213135,False,-1.2594049659927302,False
2027,B,2709,1780520940.0,True,224,permission_denied,18,False,0.0,21.0,0.0,-1.1756446383382713,False,0.3704280034767778,False,-1.1756446383382713,False,1.0,True,999999999.9999999,True,-1.1756446383382713,True
2027,B,2710,1780521000.0,True,224,permission_denied,18,False,0.0,19.0,0.0,2.3773159462585105,True,0.4054069885456511,False,2.3773159462585105,True,1.0,True,5000000000.0,True,2.3773159462585105,True
2027,B,2711,1780521060.0,True,224,permission_denied,18,False,0.0,16.0,0.0,2.3113941823707833,True,0.41901310330161196,False,2.3113941823707833,True,1.0,True,5000000000.0,True,2.3113941823707833,True
2027,B,2712,1780521120.0,True,224,permission_denied,18,False,0.0,23.0,0.0,3.2860087559328544,True,0.38183841714421013,False,3.2860087559328544,True,1.0,True,10000000000.0,True,3.2860087559328544,True
2027,B,2713,1780521180.0,True,224,permission_denied,18,False,0.0,23.0,0.0,1.6467999511082132,True,0.3796082623687119,False,1.6467999511082132,True,1.0,True,5000000000.0,True,1.6467999511082132,True
2027,B,2714,1780521240.0,False,-1,,18,False,0.0,19.0,0.0,-0.013024436822574259,False,0.44624586930164317,False,-0.013024436822574259,False,0.02747592131132894,False,0.25476641654968263,False,-0.013024436822574259,False
2027,B,2715,1780521300.0,False,-1,,18,False,0.0,24.0,0.0,-1.9518167267413498,False,0.3799845814196127,False,-1.9518167267413498,False,0.009877380947878855,False,0.17896814346313472,False,-1.9518167267413498,False
2027,B,2716,1780521360.0,False,-1,,18,False,0.0,23.0,0.0,-1.2806028080256011,False,0.3781416233352137,False,-1.2806028080256011,False,0.011823046139068316,False,0.15242490768432615,False,-1.2806028080256011,False
2027,B,2717,1780521420.0,False,-1,,18,False,0.0,19.0,0.0,-1.7535782036425038,False,0.39465541849803976,False,-1.7535782036425038,False,0.02747592131132894,False,0.1850608348846436,False,-1.7535782036425038,False
2027,B,2718,1780521480.0,False,-1,,18,False,1.0,21.0,0.0,-0.38385232020024773,False,0.5938227955252046,False,-0.38385232020024773,False,1.7995693437894459e-06,False,0.1312575340270996,False,-0.38385232020024773,False
2027,B,2719,1780521540.0,False,-1,,18,False,0.0,20.0,0.0,-0.40591153745057973,False,0.4281017322202493,False,-0.40591153745057973,False,0.02178535080051661,False,0.13727660179138185,False,-0.40591153745057973,False
2027,B,2720,1780521600.0,False,-1,,18,False,0.0,20.0,0.0,-1.2753831425810542,False,0.3875179644639417,False,-1.2753831425810542,False,0.02178535080051661,False,0.15184831619262693,False,-1.2753831425810542,False
2027,B,2721,1780521660.0,False,-1,,18,False,0.0,17.0,0.0,-0.7394522092075242,False,0.4137743644036669,False,-0.7394522092075242,False,0.04603583753820504,False,0.17141427993774414,False,-0.7394522092075242,False
2027,B,2722,1780521720.0,False,-1,,18,False,0.0,21.0,0.0,-1.8776944051486204,False,0.3881859876817223,False,-1.8776944051486204,False,0.01753670998300967,False,0.18558502197265625,False,-1.8776944051486204,False
2027,B,2723,1780521780.0,True,225,permission_denied,18,False,0.0,30.0,0.0,-0.04350286280955373,False,0.40787179227278786,False,-0.04350286280955373,False,1.0,True,999999999.9999999,True,-0.04350286280955373,True
2027,B,2724,1780521840.0,True,225,permission_denied,18,False,0.0,16.0,0.0,2.2268274086971567,True,0.39960510075854594,False,2.2268274086971567,True,1.0,True,6000000000.0,True,2.2268274086971567,True
2027,B,2725,1780521900.0,True,225,permission_denied,18,False,0.0,21.0,0.0,3.1031814484744897,True,0.3847552473268833,False,3.1031814484744897,True,1.0,True,9000000000.0,True,3.1031814484744897,True
2027,B,2726,1780521960.0,True,225,permission_denied,18,False,0.0,19.0,0.0,2.4010280838923235,True,0.4085068289451993,False,2.4010280838923235,True,1.0,True,6000000000.0,True,2.4010280838923235,True
2027,B,2727,1780522020.0,False,-1,,18,False,0.0,25.0,0.0,-1.7564378138280494,False,0.38141708832374377,False,-1.7564378138280494,False,0.008335797912300833,False,0.17344427108764646,False,-1.7564378138280494,False
2027,B,2728,1780522080.0,False,-1,,18,False,0.0,17.0,0.0,-1.5669149104284896,False,0.4042634195874625,False,-1.5669149104284896,False,0.04603583753820504,False,0.13137378692626953,False,-1.5669149104284896,False
2027,B,2729,1780522140.0,False,-1,,18,False,0.0,28.0,0.0,-1.733164667903834,False,0.3923548254917739,False,-1.733164667903834,False,0.005277869151926005,False,0.1770480155944824,False,-1.733164667903834,False
2027,B,2730,1780522200.0,False,-1,,18,False,0.0,14.0,0.0,-1.2721784333872668,False,0.39709100322691776,False,-1.2721784333872668,False,0.11637879250025024,False,0.14682886600494385,False,-1.2721784333872668,False
2027,B,2731,1780522260.0,False,-1,,18,False,0.0,17.0,0.0,-1.622723599964095,False,0.38088790024373537,False,-1.622723599964095,False,0.04603583753820504,False,0.14880037307739258,False,-1.622723599964095,False
2027,B,2732,1780522320.0,True,226,dependency_timeout,18,False,0.0,14.0,0.0,-1.0228230563845768,False,0.4108719774827541,False,-1.0228230563845768,False,0.11637879250025024,False,0.1597966909408569,False,-1.0228230563845768,False
2027,B,2733,1780522380.0,True,226,dependency_timeout,18,False,1.0,15.0,0.0,5.518385678268923,True,0.6416180131227379,False,5.518385678268923,True,1.0,True,5000000000.0,True,5.518385678268923,True
2027,B,2734,1780522440.0,True,226,dependency_timeout,18,False,3.0,18.0,0.0,5.518385678268923,True,0.6587265210866635,False,5.518385678268923,True,1.0,True,7999999999.999999,True,5.518385678268923,True
2027,B,2735,1780522500.0,True,226,dependency_timeout,18,False,2.0,16.0,0.0,5.518385678268923,True,0.6568529798914772,False,5.518385678268923,True,1.0,True,7999999999.999999,True,5.518385678268923,True
2027,B,2736,1780522560.0,True,226,dependency_timeout,18,False,0.0,22.0,0.0,5.518385678268923,True,0.5042686073393672,False,5.518385678268923,True,1.0,True,5000000000.0,True,5.518385678268923,True
2027,B,2737,1780522620.0,False,-1,,18,False,0.0,23.0,0.0,-1.8989932818607311,False,0.3793396716833876,False,-1.8989932818607311,False,0.011823046139068316,False,0.15512442588806155,False,-1.8989932818607311,False
2027,B,2738,1780522680.0,False,-1,,18,False,0.0,18.0,0.0,-1.139518035183234,False,0.4048174528234713,False,-1.139518035183234,False,0.03523827401382033,False,0.12851607799530032,False,-1.139518035183234,False
2027,B,2739,1780522740.0,False,-1,,18,False,0.0,20.0,0.0,-0.6728471046105433,False,0.3941234131705081,False,-0.6728471046105433,False,0.02178535080051661,False,0.1538341760635376,False,-0.6728471046105433,False
2027,B,2740,1780522800.0,False,-1,,18,False,0.0,18.0,0.0,-1.7118676082564397,False,0.38501744797666104,False,-1.7118676082564397,False,0.03523827401382033,False,0.1409508466720581,False,-1.7118676082564397,False
2027,B,2741,1780522860.0,False,-1,,18,False,0.0,20.0,0.0,-2.1682606133942146,False,0.38494784293071216,False,-2.1682606133942146,False,0.02178535080051661,False,0.17581644058227533,False,-2.1682606133942146,False
2027,B,2742,1780522920.0,False,-1,,18,False,0.0,18.0,0.0,-2.084370556341656,False,0.3933236092027749,False,-2.084370556341656,False,0.03523827401382033,False,0.17229373455047603,False,-2.084370556341656,False
2027,B,2743,1780522980.0,True,227,resource_exhaustion,18,False,0.0,20.0,0.0,5.518385678268923,True,0.5466423829666585,False,5.518385678268923,True,0.02178535080051661,False,0.3231720685958861,False,5.518385678268923,True
2027,B,2744,1780523040.0,True,227,resource_exhaustion,18,False,4.0,22.0,0.0,5.518385678268923,True,0.6763657877405505,False,5.518385678268923,True,1.0,True,3999999999.9999995,True,5.518385678268923,True
2027,B,2745,1780523100.0,True,227,resource_exhaustion,18,False,2.0,17.0,0.0,5.518385678268923,True,0.6634548365344288,False,5.518385678268923,True,1.0,True,999999999.9999999,True,5.518385678268923,True
2027,B,2746,1780523160.0,False,-1,,19,False,0.0,12.0,0.0,-0.8803544848988052,False,0.4534384104803531,False,-0.8803544848988052,False,0.2386920822861176,False,0.22692914009094242,False,-0.8803544848988052,False
2027,B,2747,1780523220.0,False,-1,,19,False,0.0,24.0,0.0,-2.006536410922264,False,0.38555198321955436,False,-2.006536410922264,False,0.009877380947878855,False,0.17190380096435542,False,-2.006536410922264,False
2027,B,2748,1780523280.0,False,-1,,19,False,0.0,17.0,0.0,-2.0222391823079846,False,0.3922572978631495,False,-2.0222391823079846,False,0.04603583753820504,False,0.17910394668579102,False,-2.0222391823079846,False
2027,B,2749,1780523340.0,False,-1,,19,False,0.0,13.0,0.0,-0.7022198143766207,False,0.405148643411675,False,-0.7022198143766207,False,0.16541466366673443,False,0.13771314620971678,False,-0.7022198143766207,False
2027,B,2750,1780523400.0,False,-1,,19,False,0.0,20.0,0.0,-1.0935776842322316,False,0.390873033139315,False,-1.0935776842322316,False,0.02178535080051661,False,0.17180988788604734,False,-1.0935776842322316,False
2027,B,2751,1780523460.0,False,-1,,19,False,0.0,22.0,0.0,-2.0743332300684436,False,0.3814096299417775,False,-2.0743332300684436,False,0.014310715402948726,False,0.16368215084075927,False,-2.0743332300684436,False
2027,B,2752,1780523520.0,False,-1,,19,False,0.0,20.0,0.0,-1.6933196349854658,False,0.39437399661663924,False,-1.6933196349854658,False,0.02178535080051661,False,0.17463428974151612,False,-1.6933196349854658,False
2027,B,2753,1780523580.0,False,-1,,19,False,0.0,17.0,0.0,-1.0484742889693273,False,0.4256601857212254,False,-1.0484742889693273,False,0.04603583753820504,False,0.14433250427246092,False,-1.0484742889693273,False
2027,B,2754,1780523640.0,False,-1,,19,False,0.0,22.0,0.0,-1.7094048985612735,False,0.38503039322204274,False,-1.7094048985612735,False,0.014310715402948726,False,0.14268109798431394,False,-1.7094048985612735,False
2027,B,2755,1780523700.0,True,228,resource_exhaustion,19,False,0.0,27.0,0.0,5.518385678268923,True,0.5111950204855537,False,5.518385678268923,True,1.0,True,999999999.9999999,True,5.518385678268923,True
2027,B,2756,1780523760.0,True,228,resource_exhaustion,19,False,4.0,28.0,0.0,5.518385678268923,True,0.67906558882218,False,5.518385678268923,True,1.0,True,3999999999.9999995,True,5.518385678268923,True
2027,B,2757,1780523820.0,True,228,resource_exhaustion,19,False,8.0,23.0,0.0,5.518385678268923,True,0.6803202148350066,False,5.518385678268923,True,1.0,True,7999999999.999999,True,5.518385678268923,True
2027,B,2758,1780523880.0,True,228,resource_exhaustion,19,False,0.0,11.0,0.0,5.518385678268923,True,0.5621008960098715,False,5.518385678268923,True,0.34528727623408134,False,0.30495715141296387,False,5.518385678268923,True
2027,B,2759,1780523940.0,False,-1,,19,False,0.0,20.0,0.0,-1.202353129538694,False,0.4005900564759698,False,-1.202353129538694,False,0.02178535080051661,False,0.13983871936798095,False,-1.202353129538694,False
2027,B,2760,1780524000.0,False,-1,,19,False,0.0,23.0,0.0,-1.0524246860530218,False,0.39023823030301863,False,-1.0524246860530218,False,0.011823046139068316,False,0.16750030517578124,False,-1.0524246860530218,False
2027,B,2761,1780524060.0,False,-1,,19,False,0.0,18.0,0.0,-1.0004297513121019,False,0.3976730858370459,False,-1.0004297513121019,False,0.03523827401382033,False,0.15239250659942627,False,-1.0004297513121019,False
2027,B,2762,1780524120.0,False,-1,,19,False,0.0,17.0,0.0,-1.2851683447776443,False,0.42938598974561165,False,-1.2851683447776443,False,0.04603583753820504,False,0.1812742233276367,False,-1.2851683447776443,False
2027,B,2763,1780524180.0,False,-1,,19,False,0.0,18.0,0.0,-1.2448060032016022,False,0.3943028696031525,False,-1.2448060032016022,False,0.03523827401382033,False,0.12901761531829833,False,-1.2448060032016022,False
2027,B,2764,1780524240.0,False,-1,,19,False,0.0,14.0,0.0,-1.1822925103686233,False,0.40314882644920125,False,-1.1822925103686233,False,0.11637879250025024,False,0.15222229957580566,False,-1.1822925103686233,False
2027,B,2765,1780524300.0,True,229,dependency_timeout,19,False,2.0,24.0,0.0,5.518385678268923,True,0.6525939436418641,False,5.518385678268923,True,1.0,True,7000000000.0,True,5.518385678268923,True
2027,B,2766,1780524360.0,True,229,dependency_timeout,19,False,0.0,13.0,0.0,5.518385678268923,True,0.514473009419285,False,5.518385678268923,True,1.0,True,3999999999.9999995,True,5.518385678268923,True
2027,B,2767,1780524420.0,True,229,dependency_timeout,19,False,0.0,14.0,0.0,5.518385678268923,True,0.5084262602679788,False,5.518385678268923,True,1.0,True,3999999999.9999995,True,5.518385678268923,True
2027,B,2768,1780524480.0,True,229,dependency_timeout,19,False,0.0,15.0,0.0,5.518385678268923,True,0.5183418279053971,False,5.518385678268923,True,1.0,True,6000000000.0,True,5.518385678268923,True
2027,B,2769,1780524540.0,False,-1,,19,False,0.0,21.0,0.0,-2.0177824519737317,False,0.3742005206135868,False,-2.0177824519737317,False,0.01753670998300967,False,0.16428184509277344,False,-2.0177824519737317,False
2027,B,2770,1780524600.0,False,-1,,19,False,0.0,18.0,0.0,-1.6896807773099543,False,0.38367103345888576,False,-1.6896807773099543,False,0.03523827401382033,False,0.14027137756347657,False,-1.6896807773099543,False
2027,B,2771,1780524660.0,False,-1,,19,False,0.0,17.0,0.0,-1.6523640129914385,False,0.3898105950763254,False,-1.6523640129914385,False,0.04603583753820504,False,0.1752079963684082,False,-1.6523640129914385,False
2027,B,2772,1780524720.0,False,-1,,19,False,0.0,19.0,0.0,0.24260599915236458,False,0.468723786529647,False,0.24260599915236458,False,0.02747592131132894,False,0.16931519508361817,False,0.24260599915236458,False
2027,B,2773,1780524780.0,False,-1,,19,False,0.0,13.0,0.0,-1.8836681956136037,False,0.3956925116853811,False,-1.8836681956136037,False,0.16541466366673443,False,0.1409146308898926,False,-1.8836681956136037,False
2027,B,2774,1780524840.0,False,-1,,19,False,0.0,13.0,0.0,-0.7320819437885788,False,0.4062727711783649,False,-0.7320819437885788,False,0.16541466366673443,False,0.14116964340209961,False,-0.7320819437885788,False
2027,B,2775,1780524900.0,True,230,config_error,19,False,0.0,15.0,0.0,3.4693846633816916,True,0.4218088765083875,False,3.4693846633816916,True,3.401045885067906e-06,False,10000000000.0,True,3.4693846633816916,True
2027,B,2776,1780524960.0,True,230,config_error,19,False,0.0,14.0,0.0,4.263867081927605,True,0.4386234513736286,False,4.263867081927605,True,6.485681551972151e-10,False,12000000000.0,True,4.263867081927605,True
2027,B,2777,1780525020.0,True,230,config_error,19,False,0.0,30.0,0.0,4.538323554094771,True,0.40214875865693955,False,4.538323554094771,True,2.2347868098747793e-15,False,20000000000.0,True,4.538323554094771,True
2027,B,2778,1780525080.0,False,-1,,19,False,0.0,19.0,0.0,-1.5363094744745984,False,0.38009777919371623,False,-1.5363094744745984,False,0.02747592131132894,False,0.15351448059082032,False,-1.5363094744745984,False
2027,B,2779,1780525140.0,False,-1,,19,False,0.0,26.0,0.0,-0.8477521376091373,False,0.39380498974802497,False,-0.8477521376091373,False,0.007099809747377114,False,0.1733464002609253,False,-0.8477521376091373,False
2027,B,2780,1780525200.0,False,-1,,19,False,0.0,17.0,0.0,-1.1916947954890302,False,0.38670708740854864,False,-1.1916947954890302,False,0.04603583753820504,False,0.14810123443603515,False,-1.1916947954890302,False
2027,B,2781,1780525260.0,False,-1,,19,False,0.0,12.0,0.0,-1.7151074860817914,False,0.4057944435175002,False,-1.7151074860817914,False,0.2386920822861176,False,0.1433279037475586,False,-1.7151074860817914,False
2027,B,2782,1780525320.0,False,-1,,19,False,0.0,13.0,0.0,-1.8168983648291324,False,0.41368681095949594,False,-1.8168983648291324,False,0.16541466366673443,False,0.1396930694580078,False,-1.8168983648291324,False
2027,B,2783,1780525380.0,False,-1,,19,False,0.0,20.0,0.0,-1.7522360068112928,False,0.3747518323403681,False,-1.7522360068112928,False,0.02178535080051661,False,0.15645236968994136,False,-1.7522360068112928,False
2027,B,2784,1780525440.0,False,-1,,19,False,0.0,24.0,0.0,-0.6098730817495888,False,0.39223293536093023,False,-0.6098730817495888,False,0.009877380947878855,False,0.14235341548919678,False,-0.6098730817495888,False
2027,B,2785,1780525500.0,False,-1,,19,False,0.0,16.0,0.0,-1.38763925906283,False,0.4183698458028816,False,-1.38763925906283,False,0.06136610726127483,False,0.17331087589263916,False,-1.38763925906283,False
2027,B,2786,1780525560.0,False,-1,,19,False,0.0,13.0,0.0,-1.0295785137394917,False,0.4229667823981378,False,-1.0295785137394917,False,0.16541466366673443,False,0.11776666641235352,False,-1.0295785137394917,False
2027,B,2787,1780525620.0,False,-1,,19,False,0.0,21.0,0.0,-0.6019633706833982,False,0.41370699902661373,False,-0.6019633706833982,False,0.01753670998300967,False,0.1204080581665039,False,-0.6019633706833982,False
2027,B,2788,1780525680.0,True,231,permission_denied,19,False,0.0,19.0,0.0,-0.6364973875676476,False,0.38468611950735676,False,-0.6364973875676476,False,1.0,True,999999999.9999999,True,-0.6364973875676476,True
2027,B,2789,1780525740.0,True,231,permission_denied,19,False,0.0,24.0,0.0,3.8872455558188648,True,0.3952735353397435,False,3.8872455558188648,True,1.0,True,13000000000.0,True,3.8872455558188648,True
2027,B,2790,1780525800.0,True,231,permission_denied,19,False,0.0,20.0,0.0,2.4113038316016766,True,0.39625704690003294,False,2.4113038316016766,True,1.0,True,7000000000.0,True,2.4113038316016766,True
2027,B,2791,1780525860.0,True,231,permission_denied,19,False,0.0,11.0,0.0,1.175748926080237,True,0.41855648199392387,False,1.175748926080237,True,1.0,True,3999999999.9999995,True,1.175748926080237,True
2027,B,2792,1780525920.0,False,-1,,19,False,0.0,17.0,0.0,-1.3936130271354292,False,0.3822215524041072,False,-1.3936130271354292,False,0.04603583753820504,False,0.14700717926025392,False,-1.3936130271354292,False
2027,B,2793,1780525980.0,False,-1,,19,False,0.0,18.0,0.0,-2.0215342562562766,False,0.38781752300745687,False,-2.0215342562562766,False,0.03523827401382033,False,0.1648717403411865,False,-2.0215342562562766,False
2027,B,2794,1780526040.0,False,-1,,19,False,0.0,12.0,0.0,-0.8335756720701388,False,0.4571366707349376,False,-0.8335756720701388,False,0.2386920822861176,False,0.1256194353103638,False,-0.8335756720701388,False
2027,B,2795,1780526100.0,False,-1,,19,False,0.0,13.0,0.0,-1.2388718449704168,False,0.4422633634041237,False,-1.2388718449704168,False,0.16541466366673443,False,0.20970973968505857,False,-1.2388718449704168,False
2027,B,2796,1780526160.0,False,-1,,19,False,0.0,15.0,0.0,-2.066708535451207,False,0.3996719323879667,False,-2.066708535451207,False,0.08358208903295893,False,0.150199031829834,False,-2.066708535451207,False
2027,B,2797,1780526220.0,False,-1,,19,False,0.0,15.0,0.0,-0.6953042972266728,False,0.4188126414052105,False,-0.6953042972266728,False,0.08358208903295893,False,0.1277470111846924,False,-0.6953042972266728,False
2027,B,2798,1780526280.0,False,-1,,19,False,0.0,18.0,0.0,-1.159384059691189,False,0.38867234348249,False,-1.159384059691189,False,0.03523827401382033,False,0.1408452033996582,False,-1.159384059691189,False
2027,B,2799,1780526340.0,False,-1,,19,False,0.0,12.0,0.0,-1.487177809751481,False,0.41440844874216765,False,-1.487177809751481,False,0.2386920822861176,False,0.17253367900848388,False,-1.487177809751481,False
2027,B,2800,1780526400.0,False,-1,,19,False,0.0,16.0,0.0,-1.6680357154060879,False,0.40676621228633364,False,-1.6680357154060879,False,0.06136610726127483,False,0.17044293880462646,False,-1.6680357154060879,False
2027,B,2801,1780526460.0,False,-1,,19,False,0.0,9.0,0.0,-1.5564542165558723,False,0.4012379473088773,False,-1.5564542165558723,False,0.6577756959520332,True,0.13715133666992185,False,-1.5564542165558723,False
2027,B,2802,1780526520.0,True,232,dependency_timeout,19,False,1.0,13.0,0.0,5.518385678268923,True,0.6481320002065658,False,5.518385678268923,True,1.0,True,3000000000.0,True,5.518385678268923,True
2027,B,2803,1780526580.0,True,232,dependency_timeout,19,False,2.0,12.0,0.0,5.518385678268923,True,0.6806202829774007,False,5.518385678268923,True,1.0,True,3999999999.9999995,True,5.518385678268923,True
2027,B,2804,1780526640.0,True,232,dependency_timeout,19,False,0.0,23.0,0.0,5.518385678268923,True,0.4809681028528519,False,5.518385678268923,True,1.0,True,3000000000.0,True,5.518385678268923,True
2027,B,2805,1780526700.0,False,-1,,19,False,0.0,14.0,0.0,-1.8669083702033253,False,0.3927824524357753,False,-1.8669083702033253,False,0.11637879250025024,False,0.16437718868255613,False,-1.8669083702033253,False
2027,B,2806,1780526760.0,False,-1,,19,False,0.0,16.0,0.0,-1.7442683926017404,False,0.4057372099048016,False,-1.7442683926017404,False,0.06136610726127483,False,0.13943493366241455,False,-1.7442683926017404,False
2027,B,2807,1780526820.0,False,-1,,19,False,0.0,18.0,0.0,0.265410749538451,False,0.48084960739060495,False,0.265410749538451,False,0.03523827401382033,False,0.11159679889678956,False,0.265410749538451,False
2027,B,2808,1780526880.0,False,-1,,19,False,0.0,19.0,0.0,-2.003573198228616,False,0.37345887800260263,False,-2.003573198228616,False,0.02747592131132894,False,0.15608162879943846,False,-2.003573198228616,False
2027,B,2809,1780526940.0,False,-1,,19,False,0.0,18.0,0.0,-2.0377873881730526,False,0.38614520974604477,False,-2.0377873881730526,False,0.03523827401382033,False,0.15623774528503417,False,-2.0377873881730526,False
2027,B,2810,1780527000.0,False,-1,,19,False,0.0,17.0,0.0,-0.9379469860280034,False,0.4081188146414692,False,-0.9379469860280034,False,0.04603583753820504,False,0.1264399528503418,False,-0.9379469860280034,False
2027,B,2811,1780527060.0,False,-1,,19,False,0.0,16.0,0.0,-1.6563819961071733,False,0.3854911230655336,False,-1.6563819961071733,False,0.06136610726127483,False,0.15245795249938965,False,-1.6563819961071733,False
2027,B,2812,1780527120.0,False,-1,,19,False,0.0,23.0,0.0,-1.7357376891317102,False,0.3757968932154527,False,-1.7357376891317102,False,0.011823046139068316,False,0.14823880195617675,False,-1.7357376891317102,False
2027,B,2813,1780527180.0,True,233,config_error,19,False,0.0,12.0,0.0,2.962790912601941,True,0.4650677685894633,False,2.962790912601941,True,0.9585576820928662,True,7000000000.0,True,2.962790912601941,True
2027,B,2814,1780527240.0,True,233,config_error,19,False,0.0,15.0,0.0,4.470646876567657,True,0.44608046459886114,False,4.470646876567657,True,4.54499077708565e-11,False,13000000000.0,True,4.470646876567657,True
2027,B,2815,1780527300.0,True,233,config_error,19,False,0.0,26.0,0.0,4.86300127510158,True,0.41448231786296846,False,4.86300127510158,True,1.5177564865104745e-16,False,21000000000.0,True,4.86300127510158,True
2027,B,2816,1780527360.0,True,233,config_error,19,False,0.0,12.0,0.0,3.9450265876663724,True,0.4601538256432348,False,3.9450265876663724,True,4.459262901308207e-07,False,10000000000.0,True,3.9450265876663724,True
2027,B,2817,1780527420.0,False,-1,,19,False,0.0,13.0,0.0,0.01851750163647914,False,0.45060820171340926,False,0.01851750163647914,False,0.16541466366673443,False,0.16575126647949218,False,0.01851750163647914,False
2027,B,2818,1780527480.0,False,-1,,19,False,0.0,13.0,0.0,-1.8902172082917676,False,0.3984841285496764,False,-1.8902172082917676,False,0.16541466366673443,False,0.13848896026611326,False,-1.8902172082917676,False
2027,B,2819,1780527540.0,False,-1,,19,False,0.0,23.0,0.0,-1.2415279013481948,False,0.4217452160536738,False,-1.2415279013481948,False,0.011823046139068316,False,0.15750465393066407,False,-1.2415279013481948,False
2027,B,2820,1780527600.0,False,-1,,19,False,0.0,13.0,0.0,-0.8947332649439907,False,0.43297027715198744,False,-0.8947332649439907,False,0.16541466366673443,False,0.18187208175659175,False,-0.8947332649439907,False
2027,B,2821,1780527660.0,False,-1,,19,False,0.0,16.0,0.0,-1.2923538620068689,False,0.3996043835183916,False,-1.2923538620068689,False,0.06136610726127483,False,0.16372311115264893,False,-1.2923538620068689,False
2027,B,2822,1780527720.0,False,-1,,19,False,0.0,16.0,0.0,-1.8008758650643886,False,0.4000009474597144,False,-1.8008758650643886,False,0.06136610726127483,False,0.14914488792419436,False,-1.8008758650643886,False
2027,B,2823,1780527780.0,False,-1,,19,False,0.0,19.0,0.0,-1.4205019050866792,False,0.40387159162694314,False,-1.4205019050866792,False,0.02747592131132894,False,0.18755731582641602,False,-1.4205019050866792,False
2027,B,2824,1780527840.0,False,-1,,19,False,0.0,10.0,0.0,-0.4612504145476528,False,0.47951905189997485,False,-0.4612504145476528,False,0.4893257225979959,False,0.21441254615783692,False,-0.4612504145476528,False
2027,B,2825,1780527900.0,False,-1,,19,False,0.0,18.0,0.0,-2.0351524687429663,False,0.38562650984191527,False,-2.0351524687429663,False,0.03523827401382033,False,0.17048945426940912,False,-2.0351524687429663,False
2027,B,2826,1780527960.0,False,-1,,19,False,0.0,16.0,0.0,-1.6449403219327037,False,0.4026706862028981,False,-1.6449403219327037,False,0.06136610726127483,False,0.18929076194763186,False,-1.6449403219327037,False
2027,B,2827,1780528020.0,True,234,permission_denied,19,False,0.0,14.0,0.0,0.7382133051086361,False,0.40335037917797056,False,0.7382133051086361,False,1.0,True,3000000000.0,True,0.7382133051086361,True
2027,B,2828,1780528080.0,True,234,permission_denied,19,False,0.0,5.0,0.0,0.39395390661989715,False,0.49068374967665784,False,0.39395390661989715,False,1.0,True,1999999999.9999998,True,0.39395390661989715,True
2027,B,2829,1780528140.0,True,234,permission_denied,19,False,0.0,17.0,0.0,1.707376956403392,True,0.4295576777590818,False,1.707376956403392,True,1.0,True,3999999999.9999995,True,1.707376956403392,True
2027,B,2830,1780528200.0,True,234,permission_denied,19,False,1.0,17.0,0.0,3.340064114485451,True,0.5966185300429198,False,3.340064114485451,True,1.0,True,7000000000.0,True,3.340064114485451,True
2027,B,2831,1780528260.0,True,234,permission_denied,19,False,0.0,15.0,0.0,-0.6309922788159161,False,0.40996755142285907,False,-0.6309922788159161,False,1.0,True,999999999.9999999,True,-0.6309922788159161,True
2027,B,2832,1780528320.0,False,-1,,19,False,0.0,10.0,0.0,-1.4059129979764027,False,0.4201608407937353,False,-1.4059129979764027,False,0.4893257225979959,False,0.1266186475753784,False,-1.4059129979764027,False
2027,B,2833,1780528380.0,False,-1,,19,False,0.0,17.0,0.0,-1.5459439160622823,False,0.39925598391908584,False,-1.5459439160622823,False,0.04603583753820504,False,0.12997751235961913,False,-1.5459439160622823,False
2027,B,2834,1780528440.0,False,-1,,19,False,0.0,17.0,0.0,-1.5526174883510384,False,0.3833987936172582,False,-1.5526174883510384,False,0.04603583753820504,False,0.13904447555541993,False,-1.5526174883510384,False
2027,B,2835,1780528500.0,False,-1,,19,False,0.0,14.0,0.0,-1.8629684544366247,False,0.4232614797508526,False,-1.8629684544366247,False,0.11637879250025024,False,0.19257531166076658,False,-1.8629684544366247,False
2027,B,2836,1780528560.0,False,-1,,19,False,0.0,19.0,0.0,-1.6103924839556898,False,0.38323608796474146,False,-1.6103924839556898,False,0.02747592131132894,False,0.16224827766418456,False,-1.6103924839556898,False
2027,B,2837,1780528620.0,False,-1,,19,False,0.0,13.0,0.0,-1.393830509426996,False,0.3948969968374819,False,-1.393830509426996,False,0.16541466366673443,False,0.135341739654541,False,-1.393830509426996,False
2027,B,2838,1780528680.0,False,-1,,19,False,0.0,17.0,0.0,-1.857810018730933,False,0.39768420426602274,False,-1.857810018730933,False,0.04603583753820504,False,0.15077543258666992,False,-1.857810018730933,False
2027,B,2839,1780528740.0,False,-1,,19,False,1.0,16.0,0.0,0.6612775554826671,False,0.5884771334228792,False,0.6612775554826671,False,2.721252786312443e-06,False,0.19972431659698486,False,0.6612775554826671,False
2027,B,2840,1780528800.0,False,-1,,19,False,0.0,11.0,0.0,-1.8657730799359253,False,0.4079717794969112,False,-1.8657730799359253,False,0.34528727623408134,False,0.13752174377441406,False,-1.8657730799359253,False
2027,B,2841,1780528860.0,True,235,permission_denied,19,False,0.0,21.0,0.0,1.9695427513021468,True,0.3943632007815838,False,1.9695427513021468,True,1.0,True,5000000000.0,True,1.9695427513021468,True
2027,B,2842,1780528920.0,True,235,permission_denied,19,False,0.0,13.0,0.0,2.6679333482067373,True,0.4081727046746339,False,2.6679333482067373,True,1.0,True,7000000000.0,True,2.6679333482067373,True
2027,B,2843,1780528980.0,True,235,permission_denied,19,False,0.0,19.0,0.0,1.7340794350607251,True,0.4017298731085274,False,1.7340794350607251,True,1.0,True,5000000000.0,True,1.7340794350607251,True
2027,B,2844,1780529040.0,False,-1,,19,False,0.0,8.0,0.0,-1.7017967215587868,False,0.426672577436454,False,-1.7017967215587868,False,0.8146204355576085,True,0.1761841058731079,False,-1.7017967215587868,False
2027,B,2845,1780529100.0,False,-1,,19,False,0.0,22.0,0.0,-1.798310602669047,False,0.3745917662654716,False,-1.798310602669047,False,0.014310715402948726,False,0.16014993190765378,False,-1.798310602669047,False
2027,B,2846,1780529160.0,False,-1,,19,False,0.0,10.0,0.0,-1.8676885385473714,False,0.4136841120704056,False,-1.8676885385473714,False,0.4893257225979959,False,0.17515187263488768,False,-1.8676885385473714,False
2027,B,2847,1780529220.0,False,-1,,19,False,0.0,11.0,0.0,-1.270286267079645,False,0.43266036359356885,False,-1.270286267079645,False,0.34528727623408134,False,0.18086290359497073,False,-1.270286267079645,False
2027,B,2848,1780529280.0,False,-1,,19,False,0.0,8.0,0.0,-0.9773878382445371,False,0.4589165453341756,False,-0.9773878382445371,False,0.8146204355576085,True,0.17820470333099364,False,-0.9773878382445371,False
2027,B,2849,1780529340.0,True,236,config_error,19,False,0.0,11.0,0.0,0.042377694128295396,False,0.4640161406280231,False,0.042377694128295396,False,1.0,True,999999999.9999999,True,0.042377694128295396,True
2027,B,2850,1780529400.0,True,236,config_error,19,False,0.0,11.0,0.0,4.839633882050537,True,0.4742173429618191,False,4.839633882050537,True,1.8260522368133235e-09,False,11000000000.0,True,4.839633882050537,True
2027,B,2851,1780529460.0,True,236,config_error,19,False,0.0,8.0,0.0,4.350906684701004,True,0.4636428081351645,False,4.350906684701004,True,0.0002719406290661781,False,7999999999.999999,True,4.350906684701004,True
2027,B,2852,1780529520.0,True,236,config_error,19,False,0.0,7.0,0.0,2.915446689215948,True,0.5091303942469763,False,2.915446689215948,True,0.9999999896126283,True,5000000000.0,True,2.915446689215948,True
2027,B,2853,1780529580.0,True,236,config_error,19,False,0.0,16.0,0.0,3.8842115944769304,True,0.417853289397567,False,3.8842115944769304,True,8.833545842856193e-08,False,11000000000.0,True,3.8842115944769304,True
2027,B,2854,1780529640.0,False,-1,,19,False,0.0,8.0,0.0,-1.2409635011524953,False,0.4474908863359906,False,-1.2409635011524953,False,0.8146204355576085,True,0.14337832927703856,False,-1.2409635011524953,False
2027,B,2855,1780529700.0,False,-1,,19,False,0.0,16.0,0.0,-0.7048285638147753,False,0.4086060967911061,False,-0.7048285638147753,False,0.06136610726127483,False,0.15662646293640137,False,-0.7048285638147753,False
2027,B,2856,1780529760.0,False,-1,,19,False,0.0,12.0,0.0,-1.9161581768331217,False,0.40633678589549505,False,-1.9161581768331217,False,0.2386920822861176,False,0.13899805545806887,False,-1.9161581768331217,False
2027,B,2857,1780529820.0,False,-1,,19,False,0.0,14.0,0.0,-2.1630661185183477,False,0.39705385029435825,False,-2.1630661185183477,False,0.11637879250025024,False,0.16367039680480958,False,-2.1630661185183477,False
2027,B,2858,1780529880.0,False,-1,,19,False,0.0,14.0,0.0,-1.745202539616212,False,0.42928973324596353,False,-1.745202539616212,False,0.11637879250025024,False,0.17854342460632322,False,-1.745202539616212,False
2027,B,2859,1780529940.0,False,-1,,19,False,0.0,14.0,0.0,-2.1115948484204727,False,0.3918343676855416,False,-2.1115948484204727,False,0.11637879250025024,False,0.15359110832214357,False,-2.1115948484204727,False
2027,B,2860,1780530000.0,False,-1,,19,False,0.0,16.0,0.0,-2.0315494914216536,False,0.3813021362940969,False,-2.0315494914216536,False,0.06136610726127483,False,0.16710269451141357,False,-2.0315494914216536,False
2027,B,2861,1780530060.0,False,-1,,19,False,0.0,13.0,0.0,-1.7408411421210843,False,0.41210104075530823,False,-1.7408411421210843,False,0.16541466366673443,False,0.17977533340454102,False,-1.7408411421210843,False
2027,B,2862,1780530120.0,True,237,resource_exhaustion,19,False,0.0,9.0,0.0,5.518385666026823,True,0.5361991501686589,False,5.518385666026823,True,0.6577756959520332,True,0.2203323364257813,False,5.518385666026823,True
2027,B,2863,1780530180.0,True,237,resource_exhaustion,19,False,2.0,14.0,0.0,5.518385678268923,True,0.6970431195578602,False,5.518385678268923,True,1.0,True,1999999999.9999998,True,5.518385678268923,True
2027,B,2864,1780530240.0,True,237,resource_exhaustion,19,False,3.0,15.0,0.0,5.518385678268923,True,0.6933230111003639,False,5.518385678268923,True,1.0,True,3000000000.0,True,5.518385678268923,True
2027,B,2865,1780530300.0,True,237,resource_exhaustion,19,False,5.0,15.0,0.0,5.518385678268923,True,0.6999302858753794,True,5.518385678268923,True,1.0,True,5000000000.0,True,5.518385678268923,True
2027,B,2866,1780530360.0,False,-1,,19,False,0.0,8.0,0.0,-1.0504473147331668,False,0.43939376037903893,False,-1.0504473147331668,False,0.8146204355576085,True,0.14912774562835693,False,-1.0504473147331668,False
2027,B,2867,1780530420.0,False,-1,,19,True,1.0,118.0,0.0,1.4356401114064505,True,0.7187859940248945,True,1.4356401114064505,True,2.1125815002208012e-07,False,0.16050033569335936,False,1.4356401114064505,False
2027,B,2868,1780530480.0,False,-1,,19,True,0.0,140.0,0.0,0.2195041738789758,False,0.6833868206481425,False,0.2195041738789758,False,4.4785919781765934e-05,False,0.18424444198608395,False,0.2195041738789758,False
2027,B,2869,1780530540.0,False,-1,,19,True,0.0,33.0,0.0,-0.8925343619523387,False,0.424590875777239,False,-0.8925343619523387,False,0.0028187155458383314,False,0.17558507919311522,False,-0.8925343619523387,False
2027,B,2870,1780530600.0,False,-1,,19,False,0.0,13.0,0.0,-1.80442126936246,False,0.39672807121840054,False,-1.80442126936246,False,0.16541466366673443,False,0.13809356689453123,False,-1.80442126936246,False
2027,B,2871,1780530660.0,False,-1,,19,False,0.0,13.0,0.0,-0.4746144829165546,False,0.4739419742000233,False,-0.4746144829165546,False,0.16541466366673443,False,0.1931670188903808,False,-0.4746144829165546,False
2027,B,2872,1780530720.0,False,-1,,19,False,0.0,9.0,0.0,-1.6110292746931325,False,0.4442368893737336,False,-1.6110292746931325,False,0.6577756959520332,True,0.12957162857055665,False,-1.6110292746931325,False
2027,B,2873,1780530780.0,False,-1,,19,False,0.0,10.0,0.0,-0.8418704318124366,False,0.4254449484009512,False,-0.8418704318124366,False,0.4893257225979959,False,0.12080159187316893,False,-0.8418704318124366,False
2027,B,2874,1780530840.0,False,-1,,19,False,0.0,14.0,0.0,-0.2275090419780721,False,0.4211735825118239,False,-0.2275090419780721,False,0.11637879250025024,False,0.12446405887603759,False,-0.2275090419780721,False
2027,B,2875,1780530900.0,False,-1,,19,False,0.0,8.0,0.0,-1.4763940426467492,False,0.4419254564507383,False,-1.4763940426467492,False,0.8146204355576085,True,0.17815682888031006,False,-1.4763940426467492,False
2027,B,2876,1780530960.0,False,-1,,19,False,0.0,10.0,0.0,-0.5096476088958868,False,0.45240252940374154,False,-0.5096476088958868,False,0.4893257225979959,False,0.11273725032806396,False,-0.5096476088958868,False
2027,B,2877,1780531020.0,True,238,dependency_timeout,19,False,0.0,9.0,0.0,5.518385678268923,True,0.5354543167132344,False,5.518385678268923,True,1.0,True,3000000000.0,True,5.518385678268923,True
2027,B,2878,1780531080.0,True,238,dependency_timeout,19,False,2.0,13.0,0.0,5.518385678268923,True,0.6759556179060577,False,5.518385678268923,True,1.0,True,5000000000.0,True,5.518385678268923,True
2027,B,2879,1780531140.0,True,238,dependency_timeout,19,False,3.0,13.0,0.0,5.518385678268923,True,0.6722364563491796,False,5.518385678268923,True,1.0,True,3000000000.0,True,5.518385678268923,True
2027,B,2880,1780531200.0,True,238,dependency_timeout,19,False,0.0,11.0,0.0,5.518385678268923,True,0.48857491251712576,False,5.518385678268923,True,1.0,True,999999999.9999999,True,5.518385678268923,True
2027,B,2881,1780531260.0,False,-1,,19,False,0.0,11.0,0.0,-1.1665385374253292,False,0.4111189253052912,False,-1.1665385374253292,False,0.34528727623408134,False,0.1425604820251465,False,-1.1665385374253292,False
2027,B,2882,1780531320.0,False,-1,,19,False,0.0,15.0,0.0,-1.6605444233524587,False,0.4296437939383553,False,-1.6605444233524587,False,0.08358208903295893,False,0.16470880508422847,False,-1.6605444233524587,False
2027,B,2883,1780531380.0,False,-1,,19,False,0.0,10.0,0.0,-1.5545079929329537,False,0.4169431490881649,False,-1.5545079929329537,False,0.4893257225979959,False,0.12868795394897461,False,-1.5545079929329537,False
2027,B,2884,1780531440.0,False,-1,,19,False,0.0,8.0,0.0,-1.5434747983640005,False,0.41311766824309876,False,-1.5434747983640005,False,0.8146204355576085,True,0.14162130355834962,False,-1.5434747983640005,False
2027,B,2885,1780531500.0,False,-1,,19,False,0.0,8.0,0.0,-1.430984231108372,False,0.42494139828114286,False,-1.430984231108372,False,0.8146204355576085,True,0.15010406970977783,False,-1.430984231108372,False
2027,B,2886,1780531560.0,False,-1,,19,False,0.0,11.0,0.0,-1.2923681708402608,False,0.42115576464660615,False,-1.2923681708402608,False,0.34528727623408134,False,0.1681656837463379,False,-1.2923681708402608,False
2027,B,2887,1780531620.0,False,-1,,19,False,0.0,10.0,0.0,-1.5065443495787862,False,0.4293684469542668,False,-1.5065443495787862,False,0.4893257225979959,False,0.1929009199142456,False,-1.5065443495787862,False
2027,B,2888,1780531680.0,True,239,resource_exhaustion,19,False,2.0,17.0,0.0,5.518385678268923,True,0.6841069978211999,False,5.518385678268923,True,1.0,True,3000000000.0,True,5.518385678268923,True
2027,B,2889,1780531740.0,True,239,resource_exhaustion,19,False,1.0,10.0,0.0,5.518385678268923,True,0.6788768579717583,False,5.518385678268923,True,1.0,True,999999999.9999999,True,5.518385678268923,True
2027,B,2890,1780531800.0,True,239,resource_exhaustion,19,False,2.0,13.0,0.0,5.518385678268923,True,0.6824380737914861,False,5.518385678268923,True,1.0,True,1999999999.9999998,True,5.518385678268923,True
2027,B,2891,1780531860.0,False,-1,,19,False,0.0,11.0,0.0,-1.0959835393826927,False,0.43870026855144234,False,-1.0959835393826927,False,0.34528727623408134,False,0.11445307731628418,False,-1.0959835393826927,False
2027,B,2892,1780531920.0,False,-1,,19,False,0.0,9.0,0.0,-0.9941916935346535,False,0.42339349392817305,False,-0.9941916935346535,False,0.6577756959520332,True,0.11807479858398437,False,-0.9941916935346535,False
2027,B,2893,1780531980.0,False,-1,,19,False,0.0,13.0,0.0,-1.9109604432164797,False,0.402918788799859,False,-1.9109604432164797,False,0.16541466366673443,False,0.1364971160888672,False,-1.9109604432164797,False
2027,B,2894,1780532040.0,False,-1,,19,False,0.0,9.0,0.0,-1.2358177819723135,False,0.4151522142553362,False,-1.2358177819723135,False,0.6577756959520332,True,0.1433964729309082,False,-1.2358177819723135,False
2027,B,2895,1780532100.0,False,-1,,19,False,0.0,15.0,0.0,-0.8046150973908102,False,0.4071562150344178,False,-0.8046150973908102,False,0.08358208903295893,False,0.1284402370452881,False,-0.8046150973908102,False
2027,B,2896,1780532160.0,False,-1,,19,False,0.0,15.0,0.0,-1.5820982919497677,False,0.42473455307597185,False,-1.5820982919497677,False,0.08358208903295893,False,0.18901429176330564,False,-1.5820982919497677,False
2027,B,2897,1780532220.0,False,-1,,19,False,0.0,13.0,0.0,-0.7197552199519235,False,0.420998213887629,False,-0.7197552199519235,False,0.16541466366673443,False,0.1605183601379394,False,-0.7197552199519235,False
2027,B,2898,1780532280.0,False,-1,,19,False,0.0,9.0,0.0,-0.7317110083858589,False,0.4369319173655556,False,-0.7317110083858589,False,0.6577756959520332,True,0.15425291061401367,False,-0.7317110083858589,False
2027,B,2899,1780532340.0,False,-1,,19,False,0.0,11.0,0.0,-1.0219399189031577,False,0.42095855180930764,False,-1.0219399189031577,False,0.34528727623408134,False,0.1291368007659912,False,-1.0219399189031577,False
2027,B,2900,1780532400.0,False,-1,,19,False,0.0,2.0,0.0,0.3011249059000418,False,0.626403701654897,False,0.3011249059000418,False,0.999999982548223,True,0.0969078540802002,False,0.3011249059000418,False
