seed,phase,window,start,label,injection_id,category,block,burst,cold_starts,invocations,throttles,score_d1_ocsvm,pred_d1_ocsvm,score_d1_iforest,pred_d1_iforest,score_d1_primary,pred_d1_primary,score_d2_transfer,pred_d2_transfer,score_d3_thresholds,pred_d3_thresholds
2026,B,0,1780358400.0,False,-1,,0,False,0.0,8.0,0.0,-0.845661512564214,False,0.42126959069775455,False,-0.845661512564214,False,0.26698282659663947,False,0.12957606315612794,False
2026,B,1,1780358460.0,False,-1,,0,False,0.0,10.0,0.0,-1.6220427288616976,False,0.4121302531879331,False,-1.6220427288616976,False,0.2494699748845805,False,0.16960017681121825,False
2026,B,2,1780358520.0,False,-1,,0,False,1.0,20.0,0.0,0.09343057176479075,False,0.6158696486250411,False,0.09343057176479075,False,4.90942093912632e-05,False,0.15576751232147215,False
2026,B,3,1780358580.0,False,-1,,0,False,0.0,11.0,0.0,-1.433763233034611,False,0.4169010962733988,False,-1.433763233034611,False,0.24257514350821907,False,0.13939762115478516,False
2026,B,4,1780358640.0,False,-1,,0,False,0.0,13.0,0.0,-0.8683069796361771,False,0.42954302337083733,False,-0.8683069796361771,False,0.2312761519565593,False,0.15060749053955078,False
2026,B,5,1780358700.0,False,-1,,0,False,0.0,15.0,0.0,-1.885649005135404,False,0.4060390438483346,False,-1.885649005135404,False,0.22234063516699837,False,0.1441388130187988,False
2026,B,6,1780358760.0,True,0,dependency_timeout,0,False,0.0,10.0,0.0,-1.9931115937113244,False,0.40723928704554924,False,-1.9931115937113244,False,0.2494699748845805,False,0.163374924659729,False
2026,B,7,1780358820.0,True,0,dependency_timeout,0,False,0.0,14.0,0.0,5.424816825084396,True,0.5427892101967574,False,5.424816825084396,True,1.0,True,3999999999.9999995,True
2026,B,8,1780358880.0,True,0,dependency_timeout,0,False,2.0,11.0,0.0,5.424816825084396,True,0.7126769817862273,True,5.424816825084396,True,1.0,True,6000000000.0,True
2026,B,9,1780358940.0,True,0,dependency_timeout,0,False,0.0,11.0,0.0,5.424816825084396,True,0.5622502454430024,False,5.424816825084396,True,1.0,True,1999999999.9999998,True
2026,B,10,1780359000.0,False,-1,,0,False,0.0,11.0,0.0,-1.6564125503776639,False,0.42519202447902726,False,-1.6564125503776639,False,0.24257514350821907,False,0.17841172218322754,False
2026,B,11,1780359060.0,False,-1,,0,False,0.0,13.0,0.0,-2.035746547720551,False,0.39266501815118293,False,-2.035746547720551,False,0.2312761519565593,False,0.14310245513916015,False
2026,B,12,1780359120.0,False,-1,,0,False,1.0,11.0,0.0,0.053296405632243804,False,0.6484534496571831,False,0.053296405632243804,False,1.0005022498765805e-05,False,0.19611239433288574,False
2026,B,13,1780359180.0,False,-1,,0,False,0.0,10.0,0.0,-1.2805913857374325,False,0.4100907142168844,False,-1.2805913857374325,False,0.2494699748845805,False,0.1327869653701782,False
2026,B,14,1780359240.0,False,-1,,0,False,0.0,12.0,0.0,-1.9837464106285374,False,0.4130449698952324,False,-1.9837464106285374,False,0.23656878881171142,False,0.17723608016967773,False
2026,B,15,1780359300.0,False,-1,,0,False,0.0,10.0,0.0,-1.3288664475809417,False,0.41541322246745366,False,-1.3288664475809417,False,0.2494699748845805,False,0.1345982313156128,False
2026,B,16,1780359360.0,False,-1,,0,False,0.0,11.0,0.0,-1.2301382909826346,False,0.4282022394799537,False,-1.2301382909826346,False,0.24257514350821907,False,0.13905882835388186,False
2026,B,17,1780359420.0,False,-1,,0,False,0.0,9.0,0.0,-0.44129242849841965,False,0.4404320016371034,False,-0.44129242849841965,False,0.25749302991177747,False,0.11018447875976563,False
2026,B,18,1780359480.0,False,-1,,0,False,0.0,6.0,0.0,-0.7868237734578747,False,0.4449333171017839,False,-0.7868237734578747,False,0.2925964019925662,False,0.11346435546875001,False
2026,B,19,1780359540.0,False,-1,,0,False,0.0,13.0,0.0,-1.8045076542608651,False,0.40189205670292244,False,-1.8045076542608651,False,0.2312761519565593,False,0.15595521926879882,False
2026,B,20,1780359600.0,True,1,config_error,0,False,0.0,13.0,0.0,2.987103286406157,True,0.4300733287903027,False,2.987103286406157,True,1.0,True,7999999999.999999,True
2026,B,21,1780359660.0,True,1,config_error,0,False,0.0,5.0,0.0,3.621150532460881,True,0.5311265433953168,False,3.621150532460881,True,1.0,True,5000000000.0,True
2026,B,22,1780359720.0,True,1,config_error,0,False,0.0,13.0,0.0,4.449228257413058,True,0.460271707002566,False,4.449228257413058,True,1.0,True,12000000000.0,True
2026,B,23,1780359780.0,True,1,config_error,0,False,0.0,12.0,0.0,-0.8638424238443347,False,0.4046082505922439,False,-0.8638424238443347,False,1.0,True,999999999.9999999,True
2026,B,24,1780359840.0,False,-1,,0,False,0.0,11.0,0.0,-1.2798681028060193,False,0.42596835707361547,False,-1.2798681028060193,False,0.24257514350821907,False,0.15475964546203613,False
2026,B,25,1780359900.0,False,-1,,0,False,0.0,16.0,0.0,-1.7995012280752443,False,0.40118217255751154,False,-1.7995012280752443,False,0.21852058284895462,False,0.14110958576202393,False
2026,B,26,1780359960.0,False,-1,,0,False,0.0,11.0,0.0,0.5506883465333772,False,0.49573816842264745,False,0.5506883465333772,False,0.24257514350821907,False,0.1281592845916748,False
2026,B,27,1780360020.0,False,-1,,0,False,0.0,5.0,0.0,-1.5013819707386196,False,0.4640943597124335,False,-1.5013819707386196,False,0.3106614405745598,False,0.13932266235351562,False
2026,B,28,1780360080.0,False,-1,,0,False,0.0,8.0,0.0,-1.4915141910476608,False,0.40562460039947523,False,-1.4915141910476608,False,0.26698282659663947,False,0.1348418951034546,False
2026,B,29,1780360140.0,False,-1,,0,False,0.0,4.0,0.0,-0.954994336300869,False,0.5282014890256863,False,-0.954994336300869,False,0.33459287497880763,False,0.09678668975830078,False
2026,B,30,1780360200.0,True,2,permission_denied,0,False,0.0,5.0,0.0,-0.6670003472066552,False,0.4916407729973686,False,-0.6670003472066552,False,1.0,True,999999999.9999999,True
2026,B,31,1780360260.0,True,2,permission_denied,0,False,0.0,8.0,0.0,0.7493304041609958,True,0.4160551222752713,False,0.7493304041609958,True,1.0,True,3000000000.0,True
2026,B,32,1780360320.0,True,2,permission_denied,0,False,0.0,12.0,0.0,2.619074573777314,True,0.47861282033525493,False,2.619074573777314,True,1.0,True,6000000000.0,True
2026,B,33,1780360380.0,True,2,permission_denied,0,False,0.0,8.0,0.0,-0.26268410094236927,False,0.46512128702175093,False,-0.26268410094236927,False,1.0,True,999999999.9999999,True
2026,B,34,1780360440.0,True,2,permission_denied,0,False,0.0,14.0,0.0,0.4164039525960108,False,0.48784250364028586,False,0.4164039525960108,False,0.2265666570210753,False,0.14776711463928222,False
2026,B,35,1780360500.0,False,-1,,0,False,0.0,9.0,0.0,-1.9486157290698065,False,0.4072024188604419,False,-1.9486157290698065,False,0.25749302991177747,False,0.15747909545898436,False
2026,B,36,1780360560.0,False,-1,,0,False,0.0,12.0,0.0,-1.4043404397724455,False,0.41431374113458885,False,-1.4043404397724455,False,0.23656878881171142,False,0.12402548789978027,False
2026,B,37,1780360620.0,False,-1,,0,False,0.0,8.0,0.0,-0.39463845802668196,False,0.46436477501309076,False,-0.39463845802668196,False,0.26698282659663947,False,0.1305445671081543,False
2026,B,38,1780360680.0,False,-1,,0,False,0.0,8.0,0.0,-1.1284987970903178,False,0.43032722193718537,False,-1.1284987970903178,False,0.26698282659663947,False,0.17879741191864013,False
2026,B,39,1780360740.0,False,-1,,0,False,0.0,10.0,0.0,-0.1266635233897695,False,0.4714752769049456,False,-0.1266635233897695,False,0.2494699748845805,False,0.1773970603942871,False
2026,B,40,1780360800.0,False,-1,,0,False,0.0,13.0,0.0,-1.318476744465137,False,0.4151948709368692,False,-1.318476744465137,False,0.2312761519565593,False,0.14349012374877929,False
2026,B,41,1780360860.0,False,-1,,0,False,1.0,10.0,0.0,0.06735676711279126,False,0.6509264793306185,False,0.06735676711279126,False,7.309821861126751e-06,False,0.15905156135559081,False
2026,B,42,1780360920.0,False,-1,,0,False,0.0,6.0,0.0,-0.6430654589631217,False,0.47715114911998135,False,-0.6430654589631217,False,0.2925964019925662,False,0.12457561492919922,False
2026,B,43,1780360980.0,False,-1,,0,False,0.0,9.0,0.0,-1.6224407017936802,False,0.43563174384757125,False,-1.6224407017936802,False,0.25749302991177747,False,0.15341796875,False
2026,B,44,1780361040.0,True,3,permission_denied,0,False,0.0,11.0,0.0,0.18097489513570597,False,0.43440237531120884,False,0.18097489513570597,False,1.0,True,1999999999.9999998,True
2026,B,45,1780361100.0,True,3,permission_denied,0,False,0.0,8.0,0.0,2.0731961537353785,True,0.49019487872225465,False,2.0731961537353785,True,1.0,True,3999999999.9999995,True
2026,B,46,1780361160.0,True,3,permission_denied,0,False,0.0,8.0,0.0,0.7114096475314176,True,0.41562713348058505,False,0.7114096475314176,True,1.0,True,3000000000.0,True
2026,B,47,1780361220.0,False,-1,,0,False,0.0,5.0,0.0,-1.3270101033837296,False,0.4786490305835295,False,-1.3270101033837296,False,0.3106614405745598,False,0.11443710327148438,False
2026,B,48,1780361280.0,False,-1,,0,False,0.0,13.0,0.0,-1.2392704094945248,False,0.403430597467528,False,-1.2392704094945248,False,0.2312761519565593,False,0.1320096969604492,False
2026,B,49,1780361340.0,False,-1,,0,False,0.0,7.0,0.0,-1.2203626208030327,False,0.4220281187829161,False,-1.2203626208030327,False,0.27843371922675825,False,0.1238983631134033,False
2026,B,50,1780361400.0,False,-1,,0,False,0.0,8.0,0.0,-0.7245034103670722,False,0.4275640706436028,False,-0.7245034103670722,False,0.26698282659663947,False,0.12247917652130129,False
2026,B,51,1780361460.0,False,-1,,0,False,0.0,10.0,0.0,-1.9323445453716417,False,0.4275250180889843,False,-1.9323445453716417,False,0.2494699748845805,False,0.17852072715759276,False
2026,B,52,1780361520.0,False,-1,,0,False,0.0,9.0,0.0,-1.5950102798711239,False,0.4108780017014981,False,-1.5950102798711239,False,0.25749302991177747,False,0.13923377990722657,False
2026,B,53,1780361580.0,True,4,dependency_timeout,0,False,1.0,6.0,0.0,5.424816825084396,True,0.6942771832710045,False,5.424816825084396,True,1.0,True,1999999999.9999998,True
2026,B,54,1780361640.0,True,4,dependency_timeout,0,False,2.0,11.0,0.0,5.424816825084396,True,0.6941066900382307,False,5.424816825084396,True,1.0,True,6000000000.0,True
2026,B,55,1780361700.0,True,4,dependency_timeout,0,False,2.0,13.0,0.0,5.424816825084396,True,0.6890178100085752,False,5.424816825084396,True,1.0,True,3000000000.0,True
2026,B,56,1780361760.0,True,4,dependency_timeout,0,False,0.0,6.0,0.0,5.424816825084396,True,0.567686341127806,False,5.424816825084396,True,1.0,True,3000000000.0,True
2026,B,57,1780361820.0,False,-1,,0,False,0.0,5.0,0.0,-1.5633742256217964,False,0.482556959034718,False,-1.5633742256217964,False,0.3106614405745598,False,0.12491226196289062,False
2026,B,58,1780361880.0,False,-1,,0,False,0.0,8.0,0.0,-1.6587302353978703,False,0.43707088239584996,False,-1.6587302353978703,False,0.26698282659663947,False,0.17330124378204345,False
2026,B,59,1780361940.0,False,-1,,0,False,0.0,7.0,0.0,-0.9831895805065001,False,0.42329244248437414,False,-0.9831895805065001,False,0.27843371922675825,False,0.13163704872131346,False
2026,B,60,1780362000.0,False,-1,,0,False,0.0,5.0,0.0,-1.1424720284760728,False,0.46286964580784024,False,-1.1424720284760728,False,0.3106614405745598,False,0.12023868560791015,False
2026,B,61,1780362060.0,False,-1,,0,False,0.0,8.0,0.0,-0.8654075536417016,False,0.41950624346120613,False,-0.8654075536417016,False,0.26698282659663947,False,0.12568671703338624,False
2026,B,62,1780362120.0,False,-1,,0,False,0.0,6.0,0.0,-1.0225834445779975,False,0.4405920825069818,False,-1.0225834445779975,False,0.2925964019925662,False,0.12372994422912596,False
2026,B,63,1780362180.0,False,-1,,0,False,0.0,11.0,0.0,-1.785446936972665,False,0.40233705567442285,False,-1.785446936972665,False,0.24257514350821907,False,0.14382767677307132,False
2026,B,64,1780362240.0,False,-1,,0,False,0.0,10.0,0.0,-0.44201787073928056,False,0.47113958430043923,False,-0.44201787073928056,False,0.2494699748845805,False,0.11324286460876463,False
2026,B,65,1780362300.0,False,-1,,0,False,0.0,17.0,0.0,-1.7828254300875743,False,0.39691076180180984,False,-1.7828254300875743,False,0.2150452435826018,False,0.16090288162231445,False
2026,B,66,1780362360.0,False,-1,,0,False,0.0,12.0,0.0,-1.6910695312956392,False,0.4052276484352044,False,-1.6910695312956392,False,0.23656878881171142,False,0.14124944210052492,False
2026,B,67,1780362420.0,True,5,config_error,0,False,0.0,7.0,0.0,-1.0057903051715673,False,0.4441376103312553,False,-1.0057903051715673,False,0.27843371922675825,False,0.175864028930664,False
2026,B,68,1780362480.0,True,5,config_error,0,False,0.0,10.0,0.0,4.5710263460508695,True,0.44307976256759485,False,4.5710263460508695,True,1.0,True,10000000000.0,True
2026,B,69,1780362540.0,True,5,config_error,0,False,0.0,8.0,0.0,3.38767780554185,True,0.44950048190363273,False,3.38767780554185,True,1.0,True,7000000000.0,True
2026,B,70,1780362600.0,True,5,config_error,0,False,0.0,9.0,0.0,-1.7095735139967623,False,0.42474069376150897,False,-1.7095735139967623,False,0.25749302991177747,False,0.18346261978149414,False
2026,B,71,1780362660.0,False,-1,,0,False,0.0,7.0,0.0,-1.3428655709200141,False,0.45462793421583153,False,-1.3428655709200141,False,0.27843371922675825,False,0.12697758674621581,False
2026,B,72,1780362720.0,False,-1,,0,False,0.0,8.0,0.0,-1.7595715344564518,False,0.4139793486437729,False,-1.7595715344564518,False,0.26698282659663947,False,0.1469823122024536,False
2026,B,73,1780362780.0,False,-1,,0,False,0.0,11.0,0.0,-1.4368216993540504,False,0.4153804528664472,False,-1.4368216993540504,False,0.24257514350821907,False,0.14730334281921387,False
2026,B,74,1780362840.0,False,-1,,0,False,0.0,13.0,0.0,-1.40716199779646,False,0.4267445382099238,False,-1.40716199779646,False,0.2312761519565593,False,0.19486141204833982,False
2026,B,75,1780362900.0,False,-1,,0,False,0.0,13.0,0.0,-1.653854006328066,False,0.41397678250862224,False,-1.653854006328066,False,0.2312761519565593,False,0.16506013870239256,False
2026,B,76,1780362960.0,False,-1,,0,False,0.0,10.0,0.0,-1.541234788960705,False,0.4074238869773688,False,-1.541234788960705,False,0.2494699748845805,False,0.1399299383163452,False
2026,B,77,1780363020.0,False,-1,,0,False,0.0,6.0,0.0,-0.3926979811987312,False,0.4950732128132442,False,-0.3926979811987312,False,0.2925964019925662,False,0.15196681022644043,False
2026,B,78,1780363080.0,False,-1,,0,False,0.0,5.0,0.0,-1.543026556234417,False,0.4562056911506892,False,-1.543026556234417,False,0.3106614405745598,False,0.12722702026367189,False
2026,B,79,1780363140.0,True,6,resource_exhaustion,0,False,0.0,9.0,0.0,-2.008106536299473,False,0.41611139343630393,False,-2.008106536299473,False,0.25749302991177747,False,0.16532564163208008,False
2026,B,80,1780363200.0,True,6,resource_exhaustion,0,False,1.0,6.0,0.0,5.424816825084396,True,0.6833388500174067,False,5.424816825084396,True,1.0,True,999999999.9999999,True
2026,B,81,1780363260.0,True,6,resource_exhaustion,0,False,0.0,8.0,0.0,5.424816825084396,True,0.5559671143069467,False,5.424816825084396,True,0.26698282659663947,False,0.1951274871826172,False
2026,B,82,1780363320.0,True,6,resource_exhaustion,0,False,1.0,8.0,0.0,5.424816825084396,True,0.7171345427068977,True,5.424816825084396,True,1.0,True,1999999999.9999998,True
2026,B,83,1780363380.0,True,6,resource_exhaustion,0,False,3.0,7.0,0.0,5.424816825084396,True,0.7273292894429704,True,5.424816825084396,True,1.0,True,1999999999.9999998,True
2026,B,84,1780363440.0,False,-1,,0,False,0.0,9.0,0.0,-1.7701036837012634,False,0.40700221284885874,False,-1.7701036837012634,False,0.25749302991177747,False,0.15360708236694337,False
2026,B,85,1780363500.0,False,-1,,0,False,0.0,5.0,0.0,-0.7403837088815592,False,0.5105732859767054,False,-0.7403837088815592,False,0.3106614405745598,False,0.1791156768798828,False
2026,B,86,1780363560.0,False,-1,,0,False,0.0,3.0,0.0,-1.0641621965347579,False,0.6132831663258527,False,-1.0641621965347579,False,0.36757760552931334,False,0.11684241294860839,False
2026,B,87,1780363620.0,False,-1,,0,False,0.0,6.0,0.0,0.9318555751069093,True,0.5144062865683912,False,0.9318555751069093,True,0.2925964019925662,False,0.20255434513092044,False
2026,B,88,1780363680.0,False,-1,,0,False,0.0,8.0,0.0,-1.7903615116640132,False,0.4054849258579343,False,-1.7903615116640132,False,0.26698282659663947,False,0.14457101821899412,False
2026,B,89,1780363740.0,False,-1,,0,False,0.0,9.0,0.0,-0.5741827627488405,False,0.42709492712356434,False,-0.5741827627488405,False,0.25749302991177747,False,0.12153425216674804,False
2026,B,90,1780363800.0,True,7,dependency_timeout,0,False,1.0,9.0,0.0,5.424816825084396,True,0.6951178517832184,False,5.424816825084396,True,1.0,True,3999999999.9999995,True
2026,B,91,1780363860.0,True,7,dependency_timeout,0,False,0.0,12.0,0.0,5.424816825010728,True,0.5354083542566458,False,5.424816825010728,True,0.23656878881171142,False,0.774837589263916,False
2026,B,92,1780363920.0,True,7,dependency_timeout,0,False,0.0,6.0,0.0,-1.3010958832757407,False,0.4416405480484688,False,-1.3010958832757407,False,0.2925964019925662,False,0.12330317497253418,False
2026,B,93,1780363980.0,False,-1,,0,False,0.0,4.0,0.0,-1.040017708908402,False,0.5081488578063295,False,-1.040017708908402,False,0.33459287497880763,False,0.1148113489151001,False
2026,B,94,1780364040.0,False,-1,,0,False,0.0,6.0,0.0,-1.3377073674954394,False,0.4346982055939364,False,-1.3377073674954394,False,0.2925964019925662,False,0.13137555122375488,False
2026,B,95,1780364100.0,False,-1,,0,False,0.0,4.0,0.0,-1.18695778349597,False,0.5157223403981346,False,-1.18695778349597,False,0.33459287497880763,False,0.10440821647644041,False
2026,B,96,1780364160.0,False,-1,,0,False,0.0,9.0,0.0,-1.9230805000151179,False,0.4140563146025648,False,-1.9230805000151179,False,0.25749302991177747,False,0.1726388931274414,False
2026,B,97,1780364220.0,False,-1,,0,False,0.0,13.0,0.0,-1.7762351070951548,False,0.39613181468006453,False,-1.7762351070951548,False,0.2312761519565593,False,0.15225343704223632,False
2026,B,98,1780364280.0,True,8,resource_exhaustion,0,False,0.0,11.0,0.0,5.424816825044778,True,0.5430574287547641,False,5.424816825044778,True,0.24257514350821907,False,0.24234032630920413,False
2026,B,99,1780364340.0,True,8,resource_exhaustion,0,False,1.0,8.0,0.0,5.424816825084396,True,0.7127159647939427,True,5.424816825084396,True,1.0,True,999999999.9999999,True
2026,B,100,1780364400.0,True,8,resource_exhaustion,0,False,1.0,6.0,0.0,5.424816825084396,True,0.7162018480071803,True,5.424816825084396,True,1.0,True,999999999.9999999,True
2026,B,101,1780364460.0,True,8,resource_exhaustion,0,False,0.0,7.0,0.0,5.424816825084396,True,0.5955036713293922,False,5.424816825084396,True,0.27843371922675825,False,0.23218283653259278,False
2026,B,102,1780364520.0,True,8,resource_exhaustion,0,False,0.0,7.0,0.0,5.4248168250843865,True,0.5990099805814708,False,5.4248168250843865,True,0.27843371922675825,False,0.26248660087585446,False
2026,B,103,1780364580.0,False,-1,,0,False,0.0,9.0,0.0,-1.2823113478777568,False,0.41294627824990443,False,-1.2823113478777568,False,0.25749302991177747,False,0.1399613380432129,False
2026,B,104,1780364640.0,False,-1,,0,False,0.0,7.0,0.0,-1.415089226828,False,0.451194669851679,False,-1.415089226828,False,0.27843371922675825,False,0.15501799583435058,False
2026,B,105,1780364700.0,False,-1,,0,False,0.0,12.0,0.0,-0.4529054081100998,False,0.45745429198817233,False,-0.4529054081100998,False,0.23656878881171142,False,0.16797685623168945,False
2026,B,106,1780364760.0,False,-1,,0,False,0.0,7.0,0.0,-1.5566738009013825,False,0.41980292320293183,False,-1.5566738009013825,False,0.27843371922675825,False,0.14026961326599122,False
2026,B,107,1780364820.0,False,-1,,0,False,0.0,5.0,0.0,-1.0157929308320197,False,0.49533577117963773,False,-1.0157929308320197,False,0.3106614405745598,False,0.15562572479248046,False
2026,B,108,1780364880.0,False,-1,,0,False,0.0,7.0,0.0,-1.776841222474837,False,0.4291364671904017,False,-1.776841222474837,False,0.27843371922675825,False,0.16314945220947266,False
2026,B,109,1780364940.0,False,-1,,0,False,0.0,5.0,0.0,-0.916595254986551,False,0.4935917494153489,False,-0.916595254986551,False,0.3106614405745598,False,0.10878286361694334,False
2026,B,110,1780365000.0,False,-1,,0,False,0.0,6.0,0.0,-1.7311752477094169,False,0.44514734764189184,False,-1.7311752477094169,False,0.2925964019925662,False,0.16049015522003174,False
2026,B,111,1780365060.0,False,-1,,0,False,0.0,8.0,0.0,-1.6235151936422012,False,0.4191923954221878,False,-1.6235151936422012,False,0.26698282659663947,False,0.14158077239990235,False
2026,B,112,1780365120.0,True,9,resource_exhaustion,0,False,0.0,4.0,0.0,1.6524759096512973,True,0.5937508077843984,False,1.6524759096512973,True,0.33459287497880763,False,0.09559066295623778,False
2026,B,113,1780365180.0,True,9,resource_exhaustion,0,False,1.0,4.0,0.0,5.424816825084396,True,0.7393981242330151,True,5.424816825084396,True,1.0,True,999999999.9999999,True
2026,B,114,1780365240.0,True,9,resource_exhaustion,0,False,1.0,4.0,0.0,5.424816825084396,True,0.7403993347900939,True,5.424816825084396,True,1.0,True,999999999.9999999,True
2026,B,115,1780365300.0,True,9,resource_exhaustion,0,False,2.0,7.0,0.0,5.424816825084396,True,0.7200982405247884,True,5.424816825084396,True,1.0,True,1999999999.9999998,True
2026,B,116,1780365360.0,False,-1,,0,False,0.0,7.0,0.0,-0.6571010283549432,False,0.46667528917347845,False,-0.6571010283549432,False,0.27843371922675825,False,0.12319903373718262,False
2026,B,117,1780365420.0,False,-1,,0,True,0.0,8.0,0.0,-1.154635796039182,False,0.4334762286381519,False,-1.154635796039182,False,0.26698282659663947,False,0.1488793134689331,False
2026,B,118,1780365480.0,False,-1,,0,True,1.0,73.0,0.0,0.355652663086544,False,0.7017310732607609,False,0.355652663086544,False,0.00039190483418929776,False,0.17649059295654304,False
2026,B,119,1780365540.0,False,-1,,0,True,0.0,75.0,0.0,-0.07334088838341124,False,0.6112313751428444,False,-0.07334088838341124,False,0.1554193836587758,False,0.17763061523437518,False
2026,B,120,1780365600.0,False,-1,,0,False,0.0,4.0,0.0,-0.9041694752752445,False,0.5144776970063779,False,-0.9041694752752445,False,0.33459287497880763,False,0.12923405170440674,False
2026,B,121,1780365660.0,False,-1,,0,False,0.0,10.0,0.0,-1.4814698282720906,False,0.40636765154209753,False,-1.4814698282720906,False,0.2494699748845805,False,0.13895115852355958,False
2026,B,122,1780365720.0,False,-1,,0,False,0.0,7.0,0.0,-1.6145234028806703,False,0.43559648885244334,False,-1.6145234028806703,False,0.27843371922675825,False,0.1666395664215088,False
2026,B,123,1780365780.0,True,10,config_error,0,False,0.0,7.0,0.0,1.8818869071115127,True,0.48306173968769933,False,1.8818869071115127,True,1.0,True,3999999999.9999995,True
2026,B,124,1780365840.0,True,10,config_error,0,False,0.0,9.0,0.0,3.231983128231692,True,0.4524175177878526,False,3.231983128231692,True,1.0,True,7000000000.0,True
2026,B,125,1780365900.0,True,10,config_error,0,True,0.0,14.0,0.0,3.1634882714955803,True,0.41420070123564956,False,3.1634882714955803,True,1.0,True,9000000000.0,True
2026,B,126,1780365960.0,False,-1,,0,True,0.0,71.0,0.0,0.5634447199746537,False,0.6187410647848897,False,0.5634447199746537,False,0.1569731782014678,False,0.2103703022003173,False
2026,B,127,1780366020.0,False,-1,,0,True,0.0,60.0,0.0,-0.07470986491213694,False,0.5446822740936328,False,-0.07470986491213694,False,0.1619831331887763,False,0.1720818042755127,False
2026,B,128,1780366080.0,False,-1,,0,False,0.0,10.0,0.0,-1.209040283592481,False,0.4459032179966089,False,-1.209040283592481,False,0.2494699748845805,False,0.14947290420532228,False
2026,B,129,1780366140.0,False,-1,,0,False,0.0,4.0,0.0,-0.3456020437103744,False,0.539678326560691,False,-0.3456020437103744,False,0.33459287497880763,False,0.10878946781158447,False
2026,B,130,1780366200.0,False,-1,,0,False,0.0,3.0,0.0,-0.8033767768003299,False,0.5886163266013846,False,-0.8033767768003299,False,0.36757760552931334,False,0.11447200775146485,False
2026,B,131,1780366260.0,False,-1,,0,False,0.0,3.0,0.0,-0.6280452809637005,False,0.5656604387234997,False,-0.6280452809637005,False,0.36757760552931334,False,0.11639289855957032,False
2026,B,132,1780366320.0,False,-1,,0,False,0.0,9.0,0.0,-1.5577125091848485,False,0.41390188761072066,False,-1.5577125091848485,False,0.25749302991177747,False,0.12981739044189453,False
2026,B,133,1780366380.0,False,-1,,0,False,0.0,6.0,0.0,-0.6018722523276221,False,0.4984381014061648,False,-0.6018722523276221,False,0.2925964019925662,False,0.12503457069396975,False
2026,B,134,1780366440.0,False,-1,,0,False,0.0,6.0,0.0,-1.2092572136706883,False,0.4501719022840175,False,-1.2092572136706883,False,0.2925964019925662,False,0.1176859140396118,False
2026,B,135,1780366500.0,True,11,permission_denied,0,False,0.0,9.0,0.0,-0.1894496644862116,False,0.45743135836617976,False,-0.1894496644862116,False,0.25749302991177747,False,0.10119104385375977,False
2026,B,136,1780366560.0,True,11,permission_denied,0,False,0.0,4.0,0.0,0.47390760465895454,False,0.516206725211877,False,0.47390760465895454,False,1.0,True,1999999999.9999998,True
2026,B,137,1780366620.0,True,11,permission_denied,0,False,0.0,9.0,0.0,0.9793976303282674,True,0.4337518567625335,False,0.9793976303282674,True,1.0,True,1999999999.9999998,True
2026,B,138,1780366680.0,True,11,permission_denied,0,False,0.0,11.0,0.0,1.0775665010029662,True,0.4641395674326266,False,1.0775665010029662,True,1.0,True,1999999999.9999998,True
2026,B,139,1780366740.0,True,11,permission_denied,0,False,0.0,5.0,0.0,-0.7414131167098423,False,0.46535675584918945,False,-0.7414131167098423,False,1.0,True,999999999.9999999,True
2026,B,140,1780366800.0,False,-1,,1,False,0.0,3.0,0.0,-1.030050104973716,False,0.5665193285803788,False,-1.030050104973716,False,0.36757760552931334,False,0.14473562240600585,False
2026,B,141,1780366860.0,False,-1,,1,False,0.0,9.0,0.0,-1.566731759895422,False,0.41890052486144536,False,-1.566731759895422,False,0.25749302991177747,False,0.1528487205505371,False
2026,B,142,1780366920.0,False,-1,,1,False,0.0,6.0,0.0,-0.7242511124777247,False,0.4677597003702411,False,-0.7242511124777247,False,0.2925964019925662,False,0.14077961444854736,False
2026,B,143,1780366980.0,False,-1,,1,False,0.0,6.0,0.0,-1.3954146406870906,False,0.4361423202614927,False,-1.3954146406870906,False,0.2925964019925662,False,0.1340961456298828,False
2026,B,144,1780367040.0,False,-1,,1,False,0.0,9.0,0.0,-1.0096518194687274,False,0.4544199783235177,False,-1.0096518194687274,False,0.25749302991177747,False,0.14332685470581052,False
2026,B,145,1780367100.0,False,-1,,1,False,0.0,7.0,0.0,-1.6610554066627365,False,0.42109573050867943,False,-1.6610554066627365,False,0.27843371922675825,False,0.1431511878967285,False
2026,B,146,1780367160.0,False,-1,,1,False,0.0,6.0,0.0,-1.45952208243851,False,0.45318403900966964,False,-1.45952208243851,False,0.2925964019925662,False,0.14198970794677734,False
2026,B,147,1780367220.0,False,-1,,1,False,0.0,4.0,0.0,-1.3423398257271337,False,0.4970909790884355,False,-1.3423398257271337,False,0.33459287497880763,False,0.1272247314453125,False
2026,B,148,1780367280.0,True,12,permission_denied,1,False,0.0,7.0,0.0,1.8400380345429794,True,0.4450218427702006,False,1.8400380345429794,True,1.0,True,3999999999.9999995,True
2026,B,149,1780367340.0,True,12,permission_denied,1,False,0.0,5.0,0.0,0.1162168337160221,False,0.48090617055297435,False,0.1162168337160221,False,1.0,True,1999999999.9999998,True
2026,B,150,1780367400.0,True,12,permission_denied,1,False,0.0,6.0,0.0,0.12679464411705066,False,0.4554173997518641,False,0.12679464411705066,False,1.0,True,1999999999.9999998,True
2026,B,151,1780367460.0,True,12,permission_denied,1,False,0.0,8.0,0.0,1.7300315750555102,True,0.46190997354311253,False,1.7300315750555102,True,1.0,True,3999999999.9999995,True
2026,B,152,1780367520.0,False,-1,,1,False,0.0,10.0,0.0,-0.6688494132362104,False,0.42316515519509695,False,-0.6688494132362104,False,0.2494699748845805,False,0.12712857723236085,False
2026,B,153,1780367580.0,False,-1,,1,False,0.0,2.0,0.0,-0.6046456098540656,False,0.6569614037543647,False,-0.6046456098540656,False,0.41195092150541074,False,0.10688929557800293,False
2026,B,154,1780367640.0,False,-1,,1,False,0.0,13.0,0.0,-2.0695319555576805,False,0.4020019924999545,False,-2.0695319555576805,False,0.2312761519565593,False,0.16612415313720702,False
2026,B,155,1780367700.0,False,-1,,1,False,0.0,7.0,0.0,-1.3761954078482406,False,0.4371716847609403,False,-1.3761954078482406,False,0.27843371922675825,False,0.1774985313415527,False
2026,B,156,1780367760.0,False,-1,,1,False,0.0,8.0,0.0,-1.4098457392894863,False,0.40724637054774215,False,-1.4098457392894863,False,0.26698282659663947,False,0.13131892681121823,False
2026,B,157,1780367820.0,False,-1,,1,False,0.0,7.0,0.0,-1.250153109538946,False,0.4392185210036745,False,-1.250153109538946,False,0.27843371922675825,False,0.12392582893371581,False
2026,B,158,1780367880.0,True,13,dependency_timeout,1,False,0.0,9.0,0.0,5.424816825084396,True,0.5588365898702649,False,5.424816825084396,True,1.0,True,999999999.9999999,True
2026,B,159,1780367940.0,True,13,dependency_timeout,1,False,0.0,7.0,0.0,5.424816825084396,True,0.5509465407548961,False,5.424816825084396,True,1.0,True,1999999999.9999998,True
2026,B,160,1780368000.0,True,13,dependency_timeout,1,False,0.0,2.0,0.0,5.424816825084396,True,0.7109488595915875,False,5.424816825084396,True,1.0,True,999999999.9999999,True
2026,B,161,1780368060.0,True,13,dependency_timeout,1,False,1.0,4.0,0.0,5.424816825084396,True,0.7140407550846319,True,5.424816825084396,True,1.0,True,999999999.9999999,True
2026,B,162,1780368120.0,False,-1,,1,False,0.0,10.0,0.0,-1.4364807522033933,False,0.4411799047317328,False,-1.4364807522033933,False,0.2494699748845805,False,0.1246114730834961,False
2026,B,163,1780368180.0,False,-1,,1,False,0.0,9.0,0.0,-1.6998151250746822,False,0.41832435303242,False,-1.6998151250746822,False,0.25749302991177747,False,0.1453722953796387,False
2026,B,164,1780368240.0,False,-1,,1,False,0.0,8.0,0.0,-1.5453225753973916,False,0.4244826106898252,False,-1.5453225753973916,False,0.26698282659663947,False,0.169862699508667,False
2026,B,165,1780368300.0,False,-1,,1,False,0.0,6.0,0.0,-1.2677809222511005,False,0.44946105917751633,False,-1.2677809222511005,False,0.2925964019925662,False,0.15332496166229248,False
2026,B,166,1780368360.0,False,-1,,1,False,0.0,5.0,0.0,-0.5093880914048778,False,0.4929239971181605,False,-0.5093880914048778,False,0.3106614405745598,False,0.10266036987304686,False
2026,B,167,1780368420.0,False,-1,,1,False,0.0,5.0,0.0,-1.230944369946819,False,0.4796112680340625,False,-1.230944369946819,False,0.3106614405745598,False,0.11273632049560547,False
2026,B,168,1780368480.0,False,-1,,1,False,0.0,1.0,0.0,2.084964062063206,True,0.6807351229290812,False,2.084964062063206,True,0.3762928586541259,False,0.13580322265625,False
2026,B,169,1780368540.0,False,-1,,1,False,0.0,6.0,0.0,0.8904699839213093,True,0.5156284570196518,False,0.8904699839213093,True,0.2925964019925662,False,0.26052474975585943,False
2026,B,170,1780368600.0,False,-1,,1,False,0.0,8.0,0.0,-1.1431587179847211,False,0.4167930230100673,False,-1.1431587179847211,False,0.26698282659663947,False,0.14781179428100585,False
2026,B,171,1780368660.0,False,-1,,1,False,0.0,1.0,0.0,3.882122311226538,True,0.7055928188556583,False,3.882122311226538,True,0.3762928586541259,False,0.14763832092285156,False
2026,B,172,1780368720.0,False,-1,,1,False,0.0,6.0,0.0,-1.1757686630808841,False,0.4737333096773044,False,-1.1757686630808841,False,0.2925964019925662,False,0.11819303035736083,False
2026,B,173,1780368780.0,True,14,config_error,1,False,0.0,8.0,0.0,2.2067982738075393,True,0.4444843793042378,False,2.2067982738075393,True,1.0,True,5000000000.0,True
2026,B,174,1780368840.0,True,14,config_error,1,False,0.0,6.0,0.0,3.8097329115294265,True,0.493555896579657,False,3.8097329115294265,True,1.0,True,6000000000.0,True
2026,B,175,1780368900.0,True,14,config_error,1,False,0.0,6.0,0.0,4.32139629713193,True,0.5417940247755499,False,4.32139629713193,True,1.0,True,6000000000.0,True
2026,B,176,1780368960.0,False,-1,,1,False,0.0,6.0,0.0,-1.586262259148489,False,0.4319258380851175,False,-1.586262259148489,False,0.2925964019925662,False,0.13655078411102295,False
2026,B,177,1780369020.0,False,-1,,1,False,0.0,5.0,0.0,-0.8891999203110945,False,0.4959350228427794,False,-0.8891999203110945,False,0.3106614405745598,False,0.1875544548034668,False
2026,B,178,1780369080.0,False,-1,,1,False,0.0,4.0,0.0,-1.2836037223653731,False,0.5088848207017914,False,-1.2836037223653731,False,0.33459287497880763,False,0.15208990573883058,False
2026,B,179,1780369140.0,False,-1,,1,False,1.0,10.0,0.0,-0.022168048655896833,False,0.6392294421061488,False,-0.022168048655896833,False,7.309821861126751e-06,False,0.14599785804748536,False
2026,B,180,1780369200.0,False,-1,,1,False,0.0,5.0,0.0,-1.0707039120497024,False,0.48616890922066924,False,-1.0707039120497024,False,0.3106614405745598,False,0.17012453079223633,False
2026,B,181,1780369260.0,False,-1,,1,False,0.0,4.0,0.0,-1.3534517891017686,False,0.49519862555662864,False,-1.3534517891017686,False,0.33459287497880763,False,0.1349573850631714,False
2026,B,182,1780369320.0,False,-1,,1,False,0.0,7.0,0.0,-0.35703827926731524,False,0.4978919101738155,False,-0.35703827926731524,False,0.27843371922675825,False,0.09989733695983888,False
2026,B,183,1780369380.0,False,-1,,1,False,0.0,6.0,0.0,-0.7403598549549848,False,0.48990994457199166,False,-0.7403598549549848,False,0.2925964019925662,False,0.11227667331695557,False
2026,B,184,1780369440.0,False,-1,,1,False,0.0,7.0,0.0,-1.40966297126002,False,0.4308481253713903,False,-1.40966297126002,False,0.27843371922675825,False,0.16238279342651368,False
2026,B,185,1780369500.0,False,-1,,1,False,0.0,9.0,0.0,-0.6190610455412697,False,0.4668341948345118,False,-0.6190610455412697,False,0.25749302991177747,False,0.16981048583984376,False
2026,B,186,1780369560.0,False,-1,,1,False,0.0,2.0,0.0,0.7123269187942851,True,0.6595858925350114,False,0.7123269187942851,True,0.41195092150541074,False,0.13956921100616454,False
2026,B,187,1780369620.0,True,15,resource_exhaustion,1,False,0.0,4.0,0.0,5.424816825084396,True,0.6108981701662366,False,5.424816825084396,True,0.33459287497880763,False,0.1857327461242676,False
2026,B,188,1780369680.0,True,15,resource_exhaustion,1,False,0.0,3.0,0.0,5.424816825084396,True,0.6577350156281908,False,5.424816825084396,True,0.36757760552931334,False,0.20886654853820802,False
2026,B,189,1780369740.0,True,15,resource_exhaustion,1,False,1.0,9.0,0.0,5.424816825084396,True,0.714740694734973,True,5.424816825084396,True,1.0,True,1999999999.9999998,True
2026,B,190,1780369800.0,True,15,resource_exhaustion,1,False,1.0,4.0,0.0,5.424816825084396,True,0.739148033211318,True,5.424816825084396,True,1.0,True,999999999.9999999,True
2026,B,191,1780369860.0,False,-1,,1,False,0.0,6.0,0.0,-1.2066498374464425,False,0.47399388829876055,False,-1.2066498374464425,False,0.2925964019925662,False,0.1629093885421753,False
2026,B,192,1780369920.0,False,-1,,1,False,0.0,8.0,0.0,-1.32787779802156,False,0.422171179137527,False,-1.32787779802156,False,0.26698282659663947,False,0.1284259557723999,False
2026,B,193,1780369980.0,False,-1,,1,False,0.0,7.0,0.0,-1.3210380332594287,False,0.42106273658154686,False,-1.3210380332594287,False,0.27843371922675825,False,0.17536211013793943,False
2026,B,194,1780370040.0,False,-1,,1,False,0.0,7.0,0.0,-1.8031649567809271,False,0.427662455295833,False,-1.8031649567809271,False,0.27843371922675825,False,0.14911699295043945,False
2026,B,195,1780370100.0,False,-1,,1,False,0.0,2.0,0.0,0.10006609770606723,False,0.6511877172637616,False,0.10006609770606723,False,0.41195092150541074,False,0.11031231880187989,False
2026,B,196,1780370160.0,False,-1,,1,False,0.0,8.0,0.0,-0.754652144723889,False,0.42805820846910025,False,-0.754652144723889,False,0.26698282659663947,False,0.13848304748535156,False
2026,B,197,1780370220.0,False,-1,,1,False,0.0,8.0,0.0,-1.3916312056275073,False,0.44114765125429395,False,-1.3916312056275073,False,0.26698282659663947,False,0.17616465091705322,False
2026,B,198,1780370280.0,True,16,resource_exhaustion,1,False,1.0,11.0,0.0,5.424816825084396,True,0.7003572283300088,False,5.424816825084396,True,1.0,True,999999999.9999999,True
2026,B,199,1780370340.0,True,16,resource_exhaustion,1,False,0.0,4.0,0.0,5.4248168250843944,True,0.6190472377679183,False,5.4248168250843944,True,0.33459287497880763,False,0.20710999965667726,False
2026,B,200,1780370400.0,True,16,resource_exhaustion,1,False,0.0,2.0,0.0,5.424816825084396,True,0.700603410891653,False,5.424816825084396,True,0.41195092150541074,False,0.20352158546447754,False
2026,B,201,1780370460.0,True,16,resource_exhaustion,1,False,0.0,3.0,0.0,5.424816825084396,True,0.6418787389336426,False,5.424816825084396,True,0.36757760552931334,False,0.17936229705810547,False
2026,B,202,1780370520.0,False,-1,,1,False,0.0,5.0,0.0,0.0027202822361065415,False,0.5263446445048182,False,0.0027202822361065415,False,0.3106614405745598,False,0.16139469146728516,False
2026,B,203,1780370580.0,False,-1,,1,False,0.0,12.0,0.0,-1.3702906491151534,False,0.4392267252576626,False,-1.3702906491151534,False,0.23656878881171142,False,0.20421774387359623,False
2026,B,204,1780370640.0,False,-1,,1,False,0.0,6.0,0.0,-0.8083300819014223,False,0.4685481939215025,False,-0.8083300819014223,False,0.2925964019925662,False,0.10595214366912842,False
2026,B,205,1780370700.0,False,-1,,1,False,0.0,8.0,0.0,-0.9396578325589431,False,0.46263403968910677,False,-0.9396578325589431,False,0.26698282659663947,False,0.1281651020050049,False
2026,B,206,1780370760.0,False,-1,,1,False,0.0,5.0,0.0,-0.6546074236700665,False,0.49909895775142443,False,-0.6546074236700665,False,0.3106614405745598,False,0.13346424102783203,False
2026,B,207,1780370820.0,False,-1,,1,False,0.0,7.0,0.0,-0.4797169198537876,False,0.4564970341497548,False,-0.4797169198537876,False,0.27843371922675825,False,0.10218029022216797,False
2026,B,208,1780370880.0,False,-1,,1,False,0.0,6.0,0.0,-1.5627630705361009,False,0.4508774791479418,False,-1.5627630705361009,False,0.2925964019925662,False,0.134169340133667,False
2026,B,209,1780370940.0,False,-1,,1,False,0.0,7.0,0.0,-0.17927656190335028,False,0.4659864511960843,False,-0.17927656190335028,False,0.27843371922675825,False,0.13992109298706054,False
2026,B,210,1780371000.0,False,-1,,1,False,0.0,7.0,0.0,-1.0187707619575033,False,0.4262256507232609,False,-1.0187707619575033,False,0.27843371922675825,False,0.11531271934509277,False
2026,B,211,1780371060.0,True,17,permission_denied,1,False,0.0,10.0,0.0,-1.7982275802083052,False,0.42218547784042215,False,-1.7982275802083052,False,0.2494699748845805,False,0.1598511219024658,False
2026,B,212,1780371120.0,True,17,permission_denied,1,False,0.0,5.0,0.0,1.4473268728285058,True,0.4973285007272327,False,1.4473268728285058,True,1.0,True,3000000000.0,True
2026,B,213,1780371180.0,True,17,permission_denied,1,False,0.0,5.0,0.0,0.11233135361663393,False,0.4827150939476176,False,0.11233135361663393,False,1.0,True,1999999999.9999998,True
2026,B,214,1780371240.0,True,17,permission_denied,1,False,0.0,6.0,0.0,-0.9995976392286687,False,0.4472216467538806,False,-0.9995976392286687,False,1.0,True,999999999.9999999,True
2026,B,215,1780371300.0,False,-1,,1,False,0.0,2.0,0.0,0.41517290775840543,False,0.6816402276303423,False,0.41517290775840543,False,0.41195092150541074,False,0.08686516284942628,False
2026,B,216,1780371360.0,False,-1,,1,False,0.0,5.0,0.0,-1.0503878699245677,False,0.4978585566773335,False,-1.0503878699245677,False,0.3106614405745598,False,0.13052778244018554,False
2026,B,217,1780371420.0,False,-1,,1,False,0.0,0.0,0.0,5.424816825084396,True,0.7299691869855268,True,5.424816825084396,True,2.5772952416790927e-50,False,0.0,False
2026,B,218,1780371480.0,False,-1,,1,False,0.0,9.0,0.0,-1.067186066732364,False,0.4325552340992711,False,-1.067186066732364,False,0.25749302991177747,False,0.15345678329467774,False
2026,B,219,1780371540.0,False,-1,,1,False,0.0,2.0,0.0,0.9283521525084408,True,0.6534537032144282,False,0.9283521525084408,True,0.41195092150541074,False,0.14866015911102293,False
2026,B,220,1780371600.0,False,-1,,1,False,0.0,8.0,0.0,-0.4155067856728438,False,0.43081045531654644,False,-0.4155067856728438,False,0.26698282659663947,False,0.1254810571670532,False
2026,B,221,1780371660.0,False,-1,,1,False,0.0,3.0,0.0,-0.6491475307409047,False,0.5661947857184305,False,-0.6491475307409047,False,0.36757760552931334,False,0.10765156745910645,False
2026,B,222,1780371720.0,False,-1,,1,False,0.0,5.0,0.0,-1.3521886241718013,False,0.5199193835190594,False,-1.3521886241718013,False,0.3106614405745598,False,0.11097850799560546,False
2026,B,223,1780371780.0,False,-1,,1,False,0.0,6.0,0.0,-0.7819645004029976,False,0.484555726620486,False,-0.7819645004029976,False,0.2925964019925662,False,0.10996520519256592,False
2026,B,224,1780371840.0,False,-1,,1,False,0.0,6.0,0.0,-1.1144604142213055,False,0.45587766357871584,False,-1.1144604142213055,False,0.2925964019925662,False,0.11682987213134766,False
2026,B,225,1780371900.0,True,18,dependency_timeout,1,False,0.0,7.0,0.0,5.424816825084396,True,0.4989801993483597,False,5.424816825084396,True,1.0,True,999999999.9999999,True
2026,B,226,1780371960.0,True,18,dependency_timeout,1,False,1.0,4.0,0.0,5.424816825084396,True,0.7247837806871565,True,5.424816825084396,True,1.0,True,1999999999.9999998,True
2026,B,227,1780372020.0,True,18,dependency_timeout,1,False,0.0,5.0,0.0,5.424816825084396,True,0.5723973756321709,False,5.424816825084396,True,1.0,True,999999999.9999999,True
2026,B,228,1780372080.0,True,18,dependency_timeout,1,False,0.0,4.0,0.0,-0.8766654548116701,False,0.5159974917777056,False,-0.8766654548116701,False,0.33459287497880763,False,0.16922252178192138,False
2026,B,229,1780372140.0,False,-1,,1,False,0.0,8.0,0.0,-1.682906341208704,False,0.4213996948179017,False,-1.682906341208704,False,0.26698282659663947,False,0.15038480758666994,False
2026,B,230,1780372200.0,False,-1,,1,False,0.0,5.0,0.0,-0.3216710661321409,False,0.5105753139324077,False,-0.3216710661321409,False,0.3106614405745598,False,0.10747852325439453,False
2026,B,231,1780372260.0,False,-1,,1,False,0.0,3.0,0.0,-1.2139281041657792,False,0.572371001996709,False,-1.2139281041657792,False,0.36757760552931334,False,0.11997385025024414,False
2026,B,232,1780372320.0,False,-1,,1,False,0.0,4.0,0.0,-1.3787907182727936,False,0.4923301810430935,False,-1.3787907182727936,False,0.33459287497880763,False,0.13642771244049073,False
2026,B,233,1780372380.0,False,-1,,1,False,0.0,8.0,0.0,-1.0087499902849872,False,0.42893524200872907,False,-1.0087499902849872,False,0.26698282659663947,False,0.12840301990509034,False
2026,B,234,1780372440.0,False,-1,,1,False,0.0,3.0,0.0,-0.22730042110611137,False,0.5662487159132313,False,-0.22730042110611137,False,0.36757760552931334,False,0.10192332267761231,False
2026,B,235,1780372500.0,False,-1,,1,False,0.0,6.0,0.0,-1.4452330302281728,False,0.44531845449697566,False,-1.4452330302281728,False,0.2925964019925662,False,0.15022516250610352,False
2026,B,236,1780372560.0,True,19,dependency_timeout,1,False,1.0,9.0,0.0,5.424816825084396,True,0.6978271006194027,False,5.424816825084396,True,1.0,True,1999999999.9999998,True
2026,B,237,1780372620.0,True,19,dependency_timeout,1,False,0.0,4.0,0.0,5.424816823008441,True,0.6214410117896645,False,5.424816823008441,True,0.33459287497880763,False,0.6708235263824462,False
2026,B,238,1780372680.0,True,19,dependency_timeout,1,False,0.0,4.0,0.0,5.424816825084396,True,0.6359988010624279,False,5.424816825084396,True,1.0,True,1999999999.9999998,True
2026,B,239,1780372740.0,True,19,dependency_timeout,1,False,1.0,1.0,0.0,5.28971164137919,True,0.7309023802452722,True,5.28971164137919,True,1.3223441328714225e-16,False,0.09235620498657228,False
2026,B,240,1780372800.0,False,-1,,1,False,0.0,4.0,0.0,-1.2928910977847403,False,0.503026189102868,False,-1.2928910977847403,False,0.33459287497880763,False,0.1668576717376709,False
2026,B,241,1780372860.0,False,-1,,1,False,0.0,5.0,0.0,-0.4364856041424616,False,0.5041829432626976,False,-0.4364856041424616,False,0.3106614405745598,False,0.1135751724243164,False
2026,B,242,1780372920.0,False,-1,,1,False,0.0,5.0,0.0,-1.17206563926291,False,0.48037413234870047,False,-1.17206563926291,False,0.3106614405745598,False,0.12531881332397463,False
2026,B,243,1780372980.0,False,-1,,1,False,0.0,7.0,0.0,-0.7090162031877618,False,0.45929324054656046,False,-0.7090162031877618,False,0.27843371922675825,False,0.1482377529144287,False
2026,B,244,1780373040.0,False,-1,,1,False,0.0,4.0,0.0,-0.790885786223213,False,0.5131644581158714,False,-0.790885786223213,False,0.33459287497880763,False,0.11614980697631835,False
2026,B,245,1780373100.0,False,-1,,1,False,0.0,6.0,0.0,-0.9313927672402853,False,0.444307800429941,False,-0.9313927672402853,False,0.2925964019925662,False,0.12713515758514404,False
2026,B,246,1780373160.0,True,20,config_error,1,False,0.0,3.0,0.0,1.0775763491815136,True,0.588018553609089,False,1.0775763491815136,True,1.0,True,1999999999.9999998,True
2026,B,247,1780373220.0,True,20,config_error,1,False,0.0,4.0,0.0,3.5121830060193746,True,0.531131157005597,False,3.5121830060193746,True,1.0,True,3999999999.9999995,True
2026,B,248,1780373280.0,True,20,config_error,1,False,0.0,3.0,0.0,2.774482452427989,True,0.6117351274523309,False,2.774482452427989,True,1.0,True,3000000000.0,True
2026,B,249,1780373340.0,True,20,config_error,1,False,0.0,5.0,0.0,3.7997418322329457,True,0.5364558524350437,False,3.7997418322329457,True,1.0,True,5000000000.0,True
2026,B,250,1780373400.0,True,20,config_error,1,False,0.0,10.0,0.0,-0.5525411313502593,False,0.4356615347382094,False,-0.5525411313502593,False,1.0,True,999999999.9999999,True
2026,B,251,1780373460.0,False,-1,,1,False,0.0,4.0,0.0,-1.3175882480257917,False,0.4974275723404355,False,-1.3175882480257917,False,0.33459287497880763,False,0.12369353771209717,False
2026,B,252,1780373520.0,False,-1,,1,False,0.0,8.0,0.0,-1.679822032364167,False,0.4135462728375282,False,-1.679822032364167,False,0.26698282659663947,False,0.15480918884277342,False
2026,B,253,1780373580.0,False,-1,,1,False,0.0,4.0,0.0,-1.135008381962316,False,0.5104102458528463,False,-1.135008381962316,False,0.33459287497880763,False,0.14413750171661374,False
2026,B,254,1780373640.0,False,-1,,1,False,0.0,5.0,0.0,-0.5836823716321851,False,0.5046270359392376,False,-0.5836823716321851,False,0.3106614405745598,False,0.1470256805419922,False
2026,B,255,1780373700.0,False,-1,,1,False,0.0,5.0,0.0,-1.4737318293841808,False,0.5005691008650635,False,-1.4737318293841808,False,0.3106614405745598,False,0.11485071182250976,False
2026,B,256,1780373760.0,False,-1,,1,False,0.0,3.0,0.0,0.02907627107449251,False,0.5762556453008033,False,0.02907627107449251,False,0.36757760552931334,False,0.10583081245422363,False
2026,B,257,1780373820.0,False,-1,,1,False,0.0,5.0,0.0,-1.3684490800022955,False,0.48306948049818255,False,-1.3684490800022955,False,0.3106614405745598,False,0.16399240493774414,False
2026,B,258,1780373880.0,False,-1,,1,False,0.0,3.0,0.0,-0.8396288382481245,False,0.5723472397708602,False,-0.8396288382481245,False,0.36757760552931334,False,0.14070310592651367,False
2026,B,259,1780373940.0,False,-1,,1,False,0.0,4.0,0.0,-1.2915864265413504,False,0.48882170814900416,False,-1.2915864265413504,False,0.33459287497880763,False,0.11894071102142334,False
2026,B,260,1780374000.0,False,-1,,1,False,0.0,7.0,0.0,0.3482846161250128,False,0.5091842262717308,False,0.3482846161250128,False,0.27843371922675825,False,0.09737963676452636,False
2026,B,261,1780374060.0,True,21,resource_exhaustion,1,False,2.0,5.0,0.0,5.424816825084396,True,0.7354584001752653,True,5.424816825084396,True,1.0,True,1999999999.9999998,True
2026,B,262,1780374120.0,True,21,resource_exhaustion,1,False,1.0,3.0,0.0,5.424816825084396,True,0.7473578803836651,True,5.424816825084396,True,1.0,True,999999999.9999999,True
2026,B,263,1780374180.0,True,21,resource_exhaustion,1,False,2.0,4.0,0.0,5.424816825084396,True,0.7424058249233755,True,5.424816825084396,True,1.0,True,1999999999.9999998,True
2026,B,264,1780374240.0,True,21,resource_exhaustion,1,False,0.0,6.0,0.0,5.424816825084391,True,0.5712102924519448,False,5.424816825084391,True,0.2925964019925662,False,0.2317609786987305,False
2026,B,265,1780374300.0,False,-1,,1,False,0.0,6.0,0.0,-1.1768706646125775,False,0.46524681658741823,False,-1.1768706646125775,False,0.2925964019925662,False,0.13168811798095706,False
2026,B,266,1780374360.0,False,-1,,1,False,0.0,3.0,0.0,4.971649072816542,True,0.6485103121227396,False,4.971649072816542,True,0.36757760552931334,False,0.0627504825592041,False
2026,B,267,1780374420.0,False,-1,,1,False,0.0,6.0,0.0,-1.420541206001218,False,0.444084931226825,False,-1.420541206001218,False,0.2925964019925662,False,0.12901842594146729,False
2026,B,268,1780374480.0,False,-1,,1,False,0.0,1.0,0.0,2.8523933038908136,True,0.6886146444053214,False,2.8523933038908136,True,0.3762928586541259,False,0.11816024780273438,False
2026,B,269,1780374540.0,False,-1,,1,False,0.0,8.0,0.0,-1.1729794414012442,False,0.419496040449227,False,-1.1729794414012442,False,0.26698282659663947,False,0.1375123977661133,False
2026,B,270,1780374600.0,False,-1,,1,False,0.0,5.0,0.0,-1.0970583032372012,False,0.4757930651458461,False,-1.0970583032372012,False,0.3106614405745598,False,0.1390303611755371,False
2026,B,271,1780374660.0,False,-1,,1,False,0.0,10.0,0.0,-1.0157549888325486,False,0.4256571768379172,False,-1.0157549888325486,False,0.2494699748845805,False,0.15824394226074218,False
2026,B,272,1780374720.0,True,22,config_error,1,False,0.0,4.0,0.0,3.039081784673789,True,0.5180070496548322,False,3.039081784673789,True,1.0,True,3999999999.9999995,True
2026,B,273,1780374780.0,True,22,config_error,1,False,0.0,3.0,0.0,3.035733629849091,True,0.632624009191126,False,3.035733629849091,True,1.0,True,3000000000.0,True
2026,B,274,1780374840.0,True,22,config_error,1,False,0.0,4.0,0.0,3.027716411378725,True,0.5145774105702419,False,3.027716411378725,True,1.0,True,3999999999.9999995,True
2026,B,275,1780374900.0,True,22,config_error,1,False,0.0,8.0,0.0,3.9553000639002382,True,0.5037840072724573,False,3.9553000639002382,True,1.0,True,7000000000.0,True
2026,B,276,1780374960.0,True,22,config_error,1,False,0.0,4.0,0.0,-0.9620432643125962,False,0.5153800075245838,False,-0.9620432643125962,False,0.33459287497880763,False,0.10210962295532226,False
2026,B,277,1780375020.0,False,-1,,1,False,0.0,3.0,0.0,0.7644325702591832,True,0.6178005342736425,False,0.7644325702591832,True,0.36757760552931334,False,0.16216778755187988,False
2026,B,278,1780375080.0,False,-1,,1,False,0.0,4.0,0.0,-0.3907467933127906,False,0.5186727985958999,False,-0.3907467933127906,False,0.33459287497880763,False,0.1019906759262085,False
2026,B,279,1780375140.0,False,-1,,1,False,0.0,6.0,0.0,-0.5717515775635889,False,0.47497290705958073,False,-0.5717515775635889,False,0.2925964019925662,False,0.14113759994506836,False
2026,B,280,1780375200.0,False,-1,,1,False,0.0,10.0,0.0,-1.7892436424082572,False,0.417342489045307,False,-1.7892436424082572,False,0.2494699748845805,False,0.1607367753982544,False
2026,B,281,1780375260.0,False,-1,,1,False,0.0,11.0,0.0,-2.0791331511871984,False,0.4016667753076873,False,-2.0791331511871984,False,0.24257514350821907,False,0.14828705787658691,False
2026,B,282,1780375320.0,True,23,permission_denied,1,False,0.0,9.0,0.0,1.4744310863559726,True,0.4324962974640048,False,1.4744310863559726,True,1.0,True,3999999999.9999995,True
2026,B,283,1780375380.0,True,23,permission_denied,1,False,0.0,4.0,0.0,1.8709440067281897,True,0.5470865747050154,False,1.8709440067281897,True,1.0,True,3000000000.0,True
2026,B,284,1780375440.0,True,23,permission_denied,1,True,0.0,18.0,0.0,2.72258886438269,True,0.42087751707063137,False,2.72258886438269,True,1.0,True,7000000000.0,True
2026,B,285,1780375500.0,True,23,permission_denied,1,True,0.0,59.0,0.0,4.495066366084282,True,0.5363408597650644,False,4.495066366084282,True,1.0,True,16999999999.999998,True
2026,B,286,1780375560.0,False,-1,,2,True,1.0,41.0,0.0,0.034901715730537575,False,0.6433023410008004,False,0.034901715730537575,False,0.00018280637468820192,False,0.15069866180419925,False
2026,B,287,1780375620.0,False,-1,,2,False,0.0,7.0,0.0,-0.5439027082628547,False,0.49006921137536286,False,-0.5439027082628547,False,0.27843371922675825,False,0.10457029342651365,False
2026,B,288,1780375680.0,False,-1,,2,False,0.0,2.0,0.0,-0.12149881270889118,False,0.6311423617866828,False,-0.12149881270889118,False,0.41195092150541074,False,0.15279088020324708,False
2026,B,289,1780375740.0,False,-1,,2,False,0.0,4.0,0.0,-1.1275744787453572,False,0.5125681379542298,False,-1.1275744787453572,False,0.33459287497880763,False,0.14006803035736082,False
2026,B,290,1780375800.0,False,-1,,2,False,0.0,7.0,0.0,-1.6273151086569602,False,0.43275862740420507,False,-1.6273151086569602,False,0.27843371922675825,False,0.1325465202331543,False
2026,B,291,1780375860.0,False,-1,,2,False,0.0,4.0,0.0,0.29272582324640606,False,0.5711697676449091,False,0.29272582324640606,False,0.33459287497880763,False,0.10766680240631103,False
2026,B,292,1780375920.0,False,-1,,2,False,0.0,6.0,0.0,-1.4805181039939308,False,0.4444750084631893,False,-1.4805181039939308,False,0.2925964019925662,False,0.16336631774902344,False
2026,B,293,1780375980.0,False,-1,,2,False,0.0,5.0,0.0,-0.8242458721760029,False,0.5485419363384131,False,-0.8242458721760029,False,0.3106614405745598,False,0.10068645477294921,False
2026,B,294,1780376040.0,False,-1,,2,False,0.0,7.0,0.0,-1.2565805174486924,False,0.45640329637042704,False,-1.2565805174486924,False,0.27843371922675825,False,0.19283213615417477,False
2026,B,295,1780376100.0,False,-1,,2,False,0.0,8.0,0.0,-1.4092067975292455,False,0.41469448042207124,False,-1.4092067975292455,False,0.26698282659663947,False,0.1683974266052246,False
2026,B,296,1780376160.0,False,-1,,2,False,0.0,7.0,0.0,-1.1499698356288262,False,0.41985757320792244,False,-1.1499698356288262,False,0.27843371922675825,False,0.12118744850158691,False
2026,B,297,1780376220.0,True,24,dependency_timeout,2,False,0.0,2.0,0.0,5.421250425802466,True,0.6774519417541165,False,5.421250425802466,True,0.41195092150541074,False,0.46253859996795654,False
2026,B,298,1780376280.0,True,24,dependency_timeout,2,False,0.0,5.0,0.0,5.424816825084396,True,0.5983871098434393,False,5.424816825084396,True,1.0,True,3000000000.0,True
2026,B,299,1780376340.0,True,24,dependency_timeout,2,False,0.0,7.0,0.0,5.424816825084396,True,0.5318107433506917,False,5.424816825084396,True,1.0,True,999999999.9999999,True
2026,B,300,1780376400.0,False,-1,,2,False,0.0,3.0,0.0,-1.0122948260038704,False,0.5704979200744079,False,-1.0122948260038704,False,0.36757760552931334,False,0.11151590347290037,False
2026,B,301,1780376460.0,False,-1,,2,False,0.0,7.0,0.0,-0.3962848204429319,False,0.46732522071844573,False,-0.3962848204429319,False,0.27843371922675825,False,0.09921317100524903,False
2026,B,302,1780376520.0,False,-1,,2,False,0.0,2.0,0.0,2.359275464160703,True,0.7152517472469095,True,2.359275464160703,True,0.41195092150541074,False,0.08113715648651124,False
2026,B,303,1780376580.0,False,-1,,2,False,0.0,5.0,0.0,-1.511704352943755,False,0.45596129433028904,False,-1.511704352943755,False,0.3106614405745598,False,0.1498021125793457,False
2026,B,304,1780376640.0,False,-1,,2,False,0.0,5.0,0.0,-1.024599357414214,False,0.47147466409088357,False,-1.024599357414214,False,0.3106614405745598,False,0.13117904663085939,False
2026,B,305,1780376700.0,False,-1,,2,False,0.0,7.0,0.0,-0.5051139687068655,False,0.4484945269603321,False,-0.5051139687068655,False,0.27843371922675825,False,0.13320317268371581,False
2026,B,306,1780376760.0,False,-1,,2,False,0.0,7.0,0.0,-0.5046270295462278,False,0.44301099481737005,False,-0.5046270295462278,False,0.27843371922675825,False,0.12789325714111327,False
2026,B,307,1780376820.0,False,-1,,2,False,0.0,6.0,0.0,-0.10165938642197947,False,0.5012964114277886,False,-0.10165938642197947,False,0.2925964019925662,False,0.15524005889892578,False
2026,B,308,1780376880.0,False,-1,,2,False,0.0,4.0,0.0,-0.11925293821536709,False,0.5382012721027775,False,-0.11925293821536709,False,0.33459287497880763,False,0.11083903312683105,False
2026,B,309,1780376940.0,True,25,resource_exhaustion,2,False,0.0,3.0,0.0,5.424816825084396,True,0.6897263826811764,False,5.424816825084396,True,1.0,True,999999999.9999999,True
2026,B,310,1780377000.0,True,25,resource_exhaustion,2,False,1.0,4.0,0.0,5.424816825084396,True,0.7329599568868145,True,5.424816825084396,True,8.674682779413214e-08,False,0.2689326524734497,False
2026,B,311,1780377060.0,True,25,resource_exhaustion,2,False,0.0,5.0,0.0,5.424816825084396,True,0.6201928298972765,False,5.424816825084396,True,0.3106614405745598,False,0.2306955337524414,False
2026,B,312,1780377120.0,True,25,resource_exhaustion,2,False,0.0,4.0,0.0,5.424816825084396,True,0.6463508630757586,False,5.424816825084396,True,0.33459287497880763,False,0.3380995988845825,False
2026,B,313,1780377180.0,False,-1,,2,False,0.0,5.0,0.0,0.6175260948897359,False,0.513953382373887,False,0.6175260948897359,False,0.3106614405745598,False,0.1480921745300293,False
2026,B,314,1780377240.0,False,-1,,2,False,0.0,10.0,0.0,-1.2514715288801517,False,0.4383261482153296,False,-1.2514715288801517,False,0.2494699748845805,False,0.1254443645477295,False
2026,B,315,1780377300.0,False,-1,,2,False,0.0,6.0,0.0,3.4937845692450256,True,0.5129262431430244,False,3.4937845692450256,True,0.2925964019925662,False,0.13719999790191653,False
2026,B,316,1780377360.0,False,-1,,2,False,0.0,9.0,0.0,-0.9980651121105684,False,0.42835101318432556,False,-0.9980651121105684,False,0.25749302991177747,False,0.11550846099853515,False
2026,B,317,1780377420.0,False,-1,,2,False,0.0,8.0,0.0,-1.508420020546973,False,0.4175140971959985,False,-1.508420020546973,False,0.26698282659663947,False,0.12859373092651366,False
2026,B,318,1780377480.0,False,-1,,2,False,0.0,2.0,0.0,-0.6294090972416662,False,0.6521456909498616,False,-0.6294090972416662,False,0.41195092150541074,False,0.11231248378753662,False
2026,B,319,1780377540.0,False,-1,,2,False,0.0,9.0,0.0,-1.0718138648076811,False,0.41788155376871,False,-1.0718138648076811,False,0.25749302991177747,False,0.12687826156616208,False
2026,B,320,1780377600.0,False,-1,,2,False,0.0,6.0,0.0,-1.7048792767118757,False,0.43983594137816306,False,-1.7048792767118757,False,0.2925964019925662,False,0.16003656387329102,False
2026,B,321,1780377660.0,False,-1,,2,False,0.0,7.0,0.0,-0.72870612512338,False,0.4477480073002773,False,-0.72870612512338,False,0.27843371922675825,False,0.13570899963378907,False
2026,B,322,1780377720.0,True,26,permission_denied,2,False,0.0,4.0,0.0,-0.3070998206545461,False,0.5752059898845998,False,-0.3070998206545461,False,0.33459287497880763,False,0.10416924953460692,False
2026,B,323,1780377780.0,True,26,permission_denied,2,False,0.0,6.0,0.0,1.9680946710002116,True,0.48940712536493786,False,1.9680946710002116,True,1.0,True,3999999999.9999995,True
2026,B,324,1780377840.0,True,26,permission_denied,2,False,0.0,2.0,0.0,0.050272094444999915,False,0.6464601872435428,False,0.050272094444999915,False,0.41195092150541074,False,0.15894644260406493,False
2026,B,325,1780377900.0,True,26,permission_denied,2,False,0.0,6.0,0.0,0.29866464917546676,False,0.47584822484755696,False,0.29866464917546676,False,1.0,True,1999999999.9999998,True
2026,B,326,1780377960.0,False,-1,,2,False,0.0,6.0,0.0,-1.2607715036344853,False,0.4761021481955979,False,-1.2607715036344853,False,0.2925964019925662,False,0.16671276092529297,False
2026,B,327,1780378020.0,False,-1,,2,False,0.0,11.0,0.0,-0.8860115126115735,False,0.4191913606422334,False,-0.8860115126115735,False,0.24257514350821907,False,0.1304643154144287,False
2026,B,328,1780378080.0,False,-1,,2,False,0.0,3.0,0.0,-0.7090856219728616,False,0.5596718635523928,False,-0.7090856219728616,False,0.36757760552931334,False,0.10946874618530275,False
2026,B,329,1780378140.0,False,-1,,2,False,0.0,7.0,0.0,-0.8550578899311567,False,0.4496984887272922,False,-0.8550578899311567,False,0.27843371922675825,False,0.11403589248657225,False
2026,B,330,1780378200.0,False,-1,,2,False,0.0,4.0,0.0,-1.1044802727311112,False,0.5569944936336562,False,-1.1044802727311112,False,0.33459287497880763,False,0.10055782794952395,False
2026,B,331,1780378260.0,False,-1,,2,False,0.0,8.0,0.0,-0.8474985043693817,False,0.41816559429857625,False,-0.8474985043693817,False,0.26698282659663947,False,0.12349462509155273,False
2026,B,332,1780378320.0,False,-1,,2,False,0.0,3.0,0.0,-0.9888934456311,False,0.5630313482760876,False,-0.9888934456311,False,0.36757760552931334,False,0.132317590713501,False
2026,B,333,1780378380.0,False,-1,,2,False,0.0,11.0,0.0,-1.525161302572645,False,0.4101698677959699,False,-1.525161302572645,False,0.24257514350821907,False,0.14784622192382815,False
2026,B,334,1780378440.0,False,-1,,2,False,0.0,4.0,0.0,-0.19977076303602193,False,0.5338568967441714,False,-0.19977076303602193,False,0.33459287497880763,False,0.12619709968566895,False
2026,B,335,1780378500.0,True,27,resource_exhaustion,2,False,0.0,8.0,0.0,-0.7732774632325983,False,0.45339210765909005,False,-0.7732774632325983,False,0.26698282659663947,False,0.10699226856231689,False
2026,B,336,1780378560.0,True,27,resource_exhaustion,2,False,2.0,6.0,0.0,5.424816825084396,True,0.7222929134540044,True,5.424816825084396,True,1.0,True,999999999.9999999,True
2026,B,337,1780378620.0,True,27,resource_exhaustion,2,False,0.0,8.0,0.0,5.424816825084396,True,0.5984888371411822,False,5.424816825084396,True,1.0,True,999999999.9999999,True
2026,B,338,1780378680.0,True,27,resource_exhaustion,2,False,1.0,5.0,0.0,5.424816825084396,True,0.7277494701258953,True,5.424816825084396,True,1.0,True,999999999.9999999,True
2026,B,339,1780378740.0,True,27,resource_exhaustion,2,False,1.0,9.0,0.0,5.424816825084396,True,0.7076351354320806,False,5.424816825084396,True,1.0,True,999999999.9999999,True
2026,B,340,1780378800.0,False,-1,,2,False,0.0,4.0,0.0,-0.7095416053883064,False,0.5184095495766748,False,-0.7095416053883064,False,0.33459287497880763,False,0.10966401100158693,False
2026,B,341,1780378860.0,False,-1,,2,False,0.0,4.0,0.0,-0.9350019974110326,False,0.5094539834383868,False,-0.9350019974110326,False,0.33459287497880763,False,0.130869722366333,False
2026,B,342,1780378920.0,False,-1,,2,False,0.0,8.0,0.0,-1.4386517119984683,False,0.4090061354441891,False,-1.4386517119984683,False,0.26698282659663947,False,0.12530848979949952,False
2026,B,343,1780378980.0,False,-1,,2,False,0.0,10.0,0.0,-1.4343318152329276,False,0.44979528847584993,False,-1.4343318152329276,False,0.2494699748845805,False,0.16320016384124755,False
2026,B,344,1780379040.0,False,-1,,2,False,0.0,9.0,0.0,-1.553333718021097,False,0.4285676347399949,False,-1.553333718021097,False,0.25749302991177747,False,0.15949716567993166,False
2026,B,345,1780379100.0,False,-1,,2,False,0.0,9.0,0.0,-1.5198369457583896,False,0.4249355062203639,False,-1.5198369457583896,False,0.25749302991177747,False,0.174056339263916,False
2026,B,346,1780379160.0,False,-1,,2,False,0.0,8.0,0.0,-1.5587553910234844,False,0.4070443947717452,False,-1.5587553910234844,False,0.26698282659663947,False,0.1338805913925171,False
2026,B,347,1780379220.0,False,-1,,2,False,0.0,8.0,0.0,-0.3861064166717503,False,0.4721925938396917,False,-0.3861064166717503,False,0.26698282659663947,False,0.22485299110412593,False
2026,B,348,1780379280.0,False,-1,,2,False,0.0,7.0,0.0,-1.3763571280066103,False,0.4365175660381103,False,-1.3763571280066103,False,0.27843371922675825,False,0.12082481384277342,False
2026,B,349,1780379340.0,True,28,config_error,2,False,0.0,3.0,0.0,3.0364310841112534,True,0.6129692639583362,False,3.0364310841112534,True,1.0,True,3000000000.0,True
2026,B,350,1780379400.0,True,28,config_error,2,False,0.0,6.0,0.0,3.771738110201926,True,0.4743513893088683,False,3.771738110201926,True,1.0,True,6000000000.0,True
2026,B,351,1780379460.0,True,28,config_error,2,False,0.0,6.0,0.0,0.9466489111390617,True,0.4592535574600389,False,0.9466489111390617,True,1.0,True,3000000000.0,True
2026,B,352,1780379520.0,False,-1,,2,False,0.0,5.0,0.0,-1.4985635593240607,False,0.4574232552543691,False,-1.4985635593240607,False,0.3106614405745598,False,0.14279727935791015,False
2026,B,353,1780379580.0,False,-1,,2,False,0.0,6.0,0.0,1.1071425590245703,True,0.5363841182338986,False,1.1071425590245703,True,0.2925964019925662,False,0.08495569229125977,False
2026,B,354,1780379640.0,False,-1,,2,False,0.0,7.0,0.0,-0.9372054273995749,False,0.42727122582247473,False,-0.9372054273995749,False,0.27843371922675825,False,0.131674861907959,False
2026,B,355,1780379700.0,False,-1,,2,False,0.0,5.0,0.0,-0.9521524159512866,False,0.4921836594804236,False,-0.9521524159512866,False,0.3106614405745598,False,0.12707118988037108,False
2026,B,356,1780379760.0,False,-1,,2,False,0.0,6.0,0.0,-1.5788412982380793,False,0.4424503883156463,False,-1.5788412982380793,False,0.2925964019925662,False,0.13203537464141848,False
2026,B,357,1780379820.0,False,-1,,2,False,0.0,6.0,0.0,-1.1104792925919762,False,0.45275099707088706,False,-1.1104792925919762,False,0.2925964019925662,False,0.12166392803192139,False
2026,B,358,1780379880.0,True,29,resource_exhaustion,2,False,2.0,13.0,0.0,5.424816825084396,True,0.7066920291542268,False,5.424816825084396,True,1.0,True,999999999.9999999,True
2026,B,359,1780379940.0,True,29,resource_exhaustion,2,False,0.0,6.0,0.0,5.424816825084396,True,0.6179509630535269,False,5.424816825084396,True,1.0,True,999999999.9999999,True
2026,B,360,1780380000.0,True,29,resource_exhaustion,2,False,1.0,6.0,0.0,5.424816825084396,True,0.7037905044761806,False,5.424816825084396,True,1.0,True,999999999.9999999,True
2026,B,361,1780380060.0,False,-1,,2,False,0.0,4.0,0.0,-1.3340597149128213,False,0.5025539015729887,False,-1.3340597149128213,False,0.33459287497880763,False,0.15146782398223876,False
2026,B,362,1780380120.0,False,-1,,2,False,1.0,11.0,0.0,-0.04399693788915382,False,0.6511952452043865,False,-0.04399693788915382,False,1.0005022498765805e-05,False,0.15955018997192383,False
2026,B,363,1780380180.0,False,-1,,2,False,0.0,7.0,0.0,-1.6656925234820879,False,0.4099734075520243,False,-1.6656925234820879,False,0.27843371922675825,False,0.14643435478210448,False
2026,B,364,1780380240.0,False,-1,,2,False,0.0,6.0,0.0,-1.6288930733148472,False,0.4415510337330592,False,-1.6288930733148472,False,0.2925964019925662,False,0.12952113151550293,False
2026,B,365,1780380300.0,False,-1,,2,False,0.0,4.0,0.0,-1.4927250029480374,False,0.49393621141438326,False,-1.4927250029480374,False,0.33459287497880763,False,0.1404771089553833,False
2026,B,366,1780380360.0,False,-1,,2,False,0.0,15.0,0.0,-1.15864933740027,False,0.40626895119786116,False,-1.15864933740027,False,0.22234063516699837,False,0.14316601753234864,False
2026,B,367,1780380420.0,False,-1,,2,False,0.0,7.0,0.0,-0.6638606856033169,False,0.4508807814491756,False,-0.6638606856033169,False,0.27843371922675825,False,0.1518927574157715,False
2026,B,368,1780380480.0,False,-1,,2,False,0.0,11.0,0.0,-1.3939339490251648,False,0.41676150879769447,False,-1.3939339490251648,False,0.24257514350821907,False,0.16510009765625,False
2026,B,369,1780380540.0,False,-1,,2,False,0.0,7.0,0.0,-1.0421662662902165,False,0.43202098617858253,False,-1.0421662662902165,False,0.27843371922675825,False,0.15458483695983885,False
2026,B,370,1780380600.0,True,30,permission_denied,2,False,0.0,10.0,0.0,-0.26832753772463835,False,0.4364545393029027,False,-0.26832753772463835,False,1.0,True,999999999.9999999,True
2026,B,371,1780380660.0,True,30,permission_denied,2,False,0.0,4.0,0.0,0.8950068409656318,True,0.533937797610728,False,0.8950068409656318,True,1.0,True,1999999999.9999998,True
2026,B,372,1780380720.0,True,30,permission_denied,2,False,0.0,9.0,0.0,1.9711168843600744,True,0.4238476826703904,False,1.9711168843600744,True,1.0,True,5000000000.0,True
2026,B,373,1780380780.0,True,30,permission_denied,2,False,0.0,4.0,0.0,0.2912974855573687,False,0.5112983999773227,False,0.2912974855573687,False,1.0,True,1999999999.9999998,True
2026,B,374,1780380840.0,True,30,permission_denied,2,False,0.0,9.0,0.0,-1.9261568481050144,False,0.41861543367176346,False,-1.9261568481050144,False,0.25749302991177747,False,0.15289602279663086,False
2026,B,375,1780380900.0,False,-1,,2,False,0.0,5.0,0.0,-0.1143096224970126,False,0.5215348192642631,False,-0.1143096224970126,False,0.3106614405745598,False,0.16254405975341796,False
2026,B,376,1780380960.0,False,-1,,2,False,0.0,12.0,0.0,-1.7179893591265527,False,0.43713907545893965,False,-1.7179893591265527,False,0.23656878881171142,False,0.16491012573242192,False
2026,B,377,1780381020.0,False,-1,,2,False,0.0,5.0,0.0,-1.610474417870388,False,0.46957723571541327,False,-1.610474417870388,False,0.3106614405745598,False,0.15762014389038087,False
2026,B,378,1780381080.0,False,-1,,2,False,0.0,10.0,0.0,0.10357439243769573,False,0.44271935104263344,False,0.10357439243769573,False,0.2494699748845805,False,0.11026766300201415,False
2026,B,379,1780381140.0,False,-1,,2,False,0.0,8.0,0.0,-0.8064941534765673,False,0.42860006484713903,False,-0.8064941534765673,False,0.26698282659663947,False,0.12113270759582517,False
2026,B,380,1780381200.0,False,-1,,2,False,0.0,5.0,0.0,-0.680641100415956,False,0.5187690775916566,False,-0.680641100415956,False,0.3106614405745598,False,0.11295127868652345,False
2026,B,381,1780381260.0,False,-1,,2,False,0.0,4.0,0.0,-0.08598460672371733,False,0.5614388332728555,False,-0.08598460672371733,False,0.33459287497880763,False,0.12707867622375488,False
2026,B,382,1780381320.0,False,-1,,2,False,0.0,5.0,0.0,-1.3363149478469198,False,0.46142224488200356,False,-1.3363149478469198,False,0.3106614405745598,False,0.12626171112060547,False
2026,B,383,1780381380.0,False,-1,,2,False,0.0,4.0,0.0,-0.19997864562612477,False,0.5319601958017044,False,-0.19997864562612477,False,0.33459287497880763,False,0.09120113849639892,False
2026,B,384,1780381440.0,True,31,config_error,2,False,0.0,8.0,0.0,2.6675817555841945,True,0.4420971309971172,False,2.6675817555841945,True,1.0,True,6000000000.0,True
2026,B,385,1780381500.0,True,31,config_error,2,False,0.0,6.0,0.0,2.8588189118668454,True,0.48563093210204417,False,2.8588189118668454,True,1.0,True,5000000000.0,True
2026,B,386,1780381560.0,True,31,config_error,2,False,0.0,6.0,0.0,3.765893206749692,True,0.4663535740025903,False,3.765893206749692,True,1.0,True,6000000000.0,True
2026,B,387,1780381620.0,True,31,config_error,2,False,0.0,6.0,0.0,-1.5760054078644279,False,0.4418658611113339,False,-1.5760054078644279,False,0.2925964019925662,False,0.15220105648040771,False
2026,B,388,1780381680.0,False,-1,,2,False,0.0,12.0,0.0,-1.976719808866477,False,0.42413422740549706,False,-1.976719808866477,False,0.23656878881171142,False,0.1857644081115723,False
2026,B,389,1780381740.0,False,-1,,2,False,0.0,9.0,0.0,-1.9899399732473384,False,0.41525985818679956,False,-1.9899399732473384,False,0.25749302991177747,False,0.14466333389282224,False
2026,B,390,1780381800.0,False,-1,,2,False,0.0,8.0,0.0,-1.380061174155995,False,0.41776970106623645,False,-1.380061174155995,False,0.26698282659663947,False,0.14451451301574708,False
2026,B,391,1780381860.0,False,-1,,2,False,0.0,8.0,0.0,-0.7262444640346173,False,0.43891248903635255,False,-0.7262444640346173,False,0.26698282659663947,False,0.18726291656494137,False
2026,B,392,1780381920.0,False,-1,,2,False,0.0,3.0,0.0,-0.4498863194258682,False,0.5836405194204389,False,-0.4498863194258682,False,0.36757760552931334,False,0.12685279846191408,False
2026,B,393,1780381980.0,False,-1,,2,False,0.0,9.0,0.0,-1.5383035595836638,False,0.4189093419563661,False,-1.5383035595836638,False,0.25749302991177747,False,0.13959455490112305,False
2026,B,394,1780382040.0,False,-1,,2,False,0.0,4.0,0.0,-1.3431204470713043,False,0.49018918181192334,False,-1.3431204470713043,False,0.33459287497880763,False,0.11713950634002684,False
2026,B,395,1780382100.0,False,-1,,2,False,0.0,6.0,0.0,-1.6187008567813166,False,0.4406082153158007,False,-1.6187008567813166,False,0.2925964019925662,False,0.13301551342010498,False
2026,B,396,1780382160.0,False,-1,,2,False,0.0,10.0,0.0,-1.3902170267763454,False,0.4434225141201524,False,-1.3902170267763454,False,0.2494699748845805,False,0.13647983074188233,False
2026,B,397,1780382220.0,False,-1,,2,False,1.0,10.0,0.0,0.07166316118206595,False,0.6340470634941913,False,0.07166316118206595,False,7.309821861126751e-06,False,0.14650342464447022,False
2026,B,398,1780382280.0,True,32,dependency_timeout,2,False,0.0,6.0,0.0,5.424816825084396,True,0.5692940478811015,False,5.424816825084396,True,1.0,True,1999999999.9999998,True
2026,B,399,1780382340.0,True,32,dependency_timeout,2,False,1.0,8.0,0.0,5.424816825084396,True,0.6895696459380468,False,5.424816825084396,True,1.0,True,3000000000.0,True
2026,B,400,1780382400.0,True,32,dependency_timeout,2,False,0.0,5.0,0.0,5.424816825084396,True,0.5795944532042496,False,5.424816825084396,True,1.0,True,999999999.9999999,True
2026,B,401,1780382460.0,True,32,dependency_timeout,2,False,1.0,12.0,0.0,5.424816825084396,True,0.6910150433235273,False,5.424816825084396,True,1.0,True,1999999999.9999998,True
2026,B,402,1780382520.0,False,-1,,2,False,0.0,14.0,0.0,-2.253275151037318,False,0.3984113929117199,False,-2.253275151037318,False,0.2265666570210753,False,0.16751165390014644,False
2026,B,403,1780382580.0,False,-1,,2,False,0.0,7.0,0.0,-1.7816989546657478,False,0.41058666878673444,False,-1.7816989546657478,False,0.27843371922675825,False,0.14297409057617189,False
2026,B,404,1780382640.0,False,-1,,2,False,0.0,9.0,0.0,-1.2083160417588585,False,0.41496263877473805,False,-1.2083160417588585,False,0.25749302991177747,False,0.12951755523681643,False
2026,B,405,1780382700.0,False,-1,,2,False,0.0,11.0,0.0,-1.2221042237362383,False,0.4298284840127751,False,-1.2221042237362383,False,0.24257514350821907,False,0.15870428085327148,False
2026,B,406,1780382760.0,False,-1,,2,False,0.0,10.0,0.0,-0.4651403889094139,False,0.47259570831851133,False,-0.4651403889094139,False,0.2494699748845805,False,0.12357273101806643,False
2026,B,407,1780382820.0,False,-1,,2,False,0.0,8.0,0.0,-1.1363519521647945,False,0.46742691262705527,False,-1.1363519521647945,False,0.26698282659663947,False,0.2033452272415161,False
2026,B,408,1780382880.0,False,-1,,2,False,0.0,5.0,0.0,-1.4208042952281703,False,0.4573665759651411,False,-1.4208042952281703,False,0.3106614405745598,False,0.1246220588684082,False
2026,B,409,1780382940.0,False,-1,,2,False,0.0,10.0,0.0,-1.7267640055215807,False,0.4205340863764016,False,-1.7267640055215807,False,0.2494699748845805,False,0.1718066692352295,False
2026,B,410,1780383000.0,False,-1,,2,False,0.0,7.0,0.0,-1.74554616702925,False,0.42911063322443127,False,-1.74554616702925,False,0.27843371922675825,False,0.1403644561767578,False
2026,B,411,1780383060.0,False,-1,,2,False,0.0,12.0,0.0,-1.508415095419502,False,0.42364144386921126,False,-1.508415095419502,False,0.23656878881171142,False,0.15975375175476075,False
2026,B,412,1780383120.0,True,33,config_error,2,False,0.0,16.0,0.0,4.260868794249232,True,0.45771903142540066,False,4.260868794249232,True,1.0,True,13000000000.0,True
2026,B,413,1780383180.0,True,33,config_error,2,False,0.0,12.0,0.0,3.8182448345693687,True,0.4342611023520073,False,3.8182448345693687,True,1.0,True,10000000000.0,True
2026,B,414,1780383240.0,True,33,config_error,2,False,0.0,6.0,0.0,3.010634432090368,True,0.5118028221335748,False,3.010634432090368,True,1.0,True,5000000000.0,True
2026,B,415,1780383300.0,True,33,config_error,2,False,0.0,6.0,0.0,0.05390438593951874,False,0.44794196139980014,False,0.05390438593951874,False,1.0,True,1999999999.9999998,True
2026,B,416,1780383360.0,False,-1,,2,False,0.0,12.0,0.0,-1.2314999611626245,False,0.4212548259658294,False,-1.2314999611626245,False,0.23656878881171142,False,0.12352385520935058,False
2026,B,417,1780383420.0,False,-1,,2,False,0.0,5.0,0.0,0.715436124193249,True,0.5220937988985536,False,0.715436124193249,True,0.3106614405745598,False,0.17760953903198243,False
2026,B,418,1780383480.0,False,-1,,2,False,0.0,12.0,0.0,-1.7170156420790237,False,0.41764024472202216,False,-1.7170156420790237,False,0.23656878881171142,False,0.13841199874877932,False
2026,B,419,1780383540.0,False,-1,,2,False,0.0,8.0,0.0,-1.1652624567073282,False,0.4113699812536753,False,-1.1652624567073282,False,0.26698282659663947,False,0.13238825798034667,False
2026,B,420,1780383600.0,False,-1,,2,False,0.0,11.0,0.0,-1.7817145895437125,False,0.4105868841018293,False,-1.7817145895437125,False,0.24257514350821907,False,0.1393871307373047,False
2026,B,421,1780383660.0,False,-1,,2,False,0.0,4.0,0.0,-0.46239203306736254,False,0.5361533677636581,False,-0.46239203306736254,False,0.33459287497880763,False,0.16246988773345947,False
2026,B,422,1780383720.0,True,34,permission_denied,2,False,0.0,11.0,0.0,2.594999739512457,True,0.42992445570950943,False,2.594999739512457,True,1.0,True,6000000000.0,True
2026,B,423,1780383780.0,True,34,permission_denied,2,False,0.0,3.0,0.0,0.2759761336387365,False,0.5895623089486731,False,0.2759761336387365,False,1.0,True,999999999.9999999,True
2026,B,424,1780383840.0,True,34,permission_denied,2,False,0.0,6.0,0.0,-1.3001609086470198,False,0.45261620678987774,False,-1.3001609086470198,False,0.2925964019925662,False,0.14619290828704834,False
2026,B,425,1780383900.0,False,-1,,2,False,0.0,18.0,0.0,-2.0078874442892047,False,0.39297811145583683,False,-2.0078874442892047,False,0.21186550166449922,False,0.1701162815093993,False
2026,B,426,1780383960.0,False,-1,,2,False,0.0,11.0,0.0,-1.172146090266752,False,0.44937100547734055,False,-1.172146090266752,False,0.24257514350821907,False,0.14215922355651855,False
2026,B,427,1780384020.0,False,-1,,2,False,0.0,7.0,0.0,-1.5784092973404658,False,0.4133585262992275,False,-1.5784092973404658,False,0.27843371922675825,False,0.14623517990112306,False
2026,B,428,1780384080.0,False,-1,,2,False,0.0,10.0,0.0,-1.915384082462107,False,0.41867518442188734,False,-1.915384082462107,False,0.2494699748845805,False,0.13928415775299072,False
2026,B,429,1780384140.0,False,-1,,2,False,0.0,9.0,0.0,-1.7903337102801666,False,0.43242907805280917,False,-1.7903337102801666,False,0.25749302991177747,False,0.1543919563293457,False
2026,B,430,1780384200.0,False,-1,,2,False,0.0,12.0,0.0,-2.1218668399588676,False,0.41151224402656894,False,-2.1218668399588676,False,0.23656878881171142,False,0.16187393665313723,False
2026,B,431,1780384260.0,False,-1,,2,False,0.0,7.0,0.0,-1.2691042175133909,False,0.43976817027851317,False,-1.2691042175133909,False,0.27843371922675825,False,0.1389758586883545,False
2026,B,432,1780384320.0,True,35,dependency_timeout,2,False,1.0,11.0,0.0,5.424816825084396,True,0.6663209503493627,False,5.424816825084396,True,1.0,True,3999999999.9999995,True
2026,B,433,1780384380.0,True,35,dependency_timeout,2,False,1.0,12.0,0.0,5.424816825084396,True,0.6935819824862895,False,5.424816825084396,True,1.0,True,3000000000.0,True
2026,B,434,1780384440.0,True,35,dependency_timeout,2,False,0.0,11.0,0.0,5.424816825084396,True,0.5419976666992266,False,5.424816825084396,True,1.0,True,5000000000.0,True
2026,B,435,1780384500.0,True,35,dependency_timeout,2,False,2.0,11.0,0.0,5.424816825084396,True,0.6920428390637661,False,5.424816825084396,True,1.0,True,3999999999.9999995,True
2026,B,436,1780384560.0,True,35,dependency_timeout,2,False,1.0,13.0,0.0,5.424816825084396,True,0.6674793217352183,False,5.424816825084396,True,1.0,True,1999999999.9999998,True
2026,B,437,1780384620.0,False,-1,,3,False,0.0,8.0,0.0,-1.150128132022445,False,0.4128645254332655,False,-1.150128132022445,False,0.26698282659663947,False,0.13310811519622803,False
2026,B,438,1780384680.0,False,-1,,3,False,0.0,6.0,0.0,-1.3992334412481329,False,0.43703639680067974,False,-1.3992334412481329,False,0.2925964019925662,False,0.15484678745269775,False
2026,B,439,1780384740.0,False,-1,,3,False,0.0,13.0,0.0,-0.9198308884567945,False,0.40950819148015494,False,-0.9198308884567945,False,0.2312761519565593,False,0.1386760711669922,False
2026,B,440,1780384800.0,False,-1,,3,False,0.0,8.0,0.0,-0.6423354060958957,False,0.42952905362821914,False,-0.6423354060958957,False,0.26698282659663947,False,0.1275925636291504,False
2026,B,441,1780384860.0,False,-1,,3,False,0.0,11.0,0.0,-1.420403324735335,False,0.43622603150403294,False,-1.420403324735335,False,0.24257514350821907,False,0.14400744438171387,False
2026,B,442,1780384920.0,False,-1,,3,False,0.0,7.0,0.0,-0.8645806284000042,False,0.45448161164129225,False,-0.8645806284000042,False,0.27843371922675825,False,0.15893697738647458,False
2026,B,443,1780384980.0,False,-1,,3,False,0.0,5.0,0.0,-0.9132383830452575,False,0.4817143283979088,False,-0.9132383830452575,False,0.3106614405745598,False,0.1567068099975586,False
2026,B,444,1780385040.0,False,-1,,3,False,0.0,17.0,0.0,-1.812073531110494,False,0.40397886788734966,False,-1.812073531110494,False,0.2150452435826018,False,0.15184011459350585,False
2026,B,445,1780385100.0,False,-1,,3,False,0.0,11.0,0.0,-1.8146462037849043,False,0.4304210823544541,False,-1.8146462037849043,False,0.24257514350821907,False,0.15854811668396,False
2026,B,446,1780385160.0,False,-1,,3,False,0.0,11.0,0.0,-1.801050084482264,False,0.42921028874561595,False,-1.801050084482264,False,0.24257514350821907,False,0.18854427337646487,False
2026,B,447,1780385220.0,True,36,resource_exhaustion,3,False,0.0,6.0,0.0,5.424816825084396,True,0.5988678154210286,False,5.424816825084396,True,1.0,True,999999999.9999999,True
2026,B,448,1780385280.0,True,36,resource_exhaustion,3,False,1.0,11.0,0.0,5.424816825084396,True,0.7092950670501701,False,5.424816825084396,True,1.0,True,999999999.9999999,True
2026,B,449,1780385340.0,True,36,resource_exhaustion,3,False,3.0,15.0,0.0,5.424816825084396,True,0.7101023413405195,False,5.424816825084396,True,1.0,True,1999999999.9999998,True
2026,B,450,1780385400.0,True,36,resource_exhaustion,3,False,2.0,6.0,0.0,5.424816825084396,True,0.7284461905043388,True,5.424816825084396,True,1.0,True,1999999999.9999998,True
2026,B,451,1780385460.0,True,36,resource_exhaustion,3,False,1.0,14.0,0.0,5.424816825084396,True,0.6933562121013448,False,5.424816825084396,True,1.0,True,999999999.9999999,True
2026,B,452,1780385520.0,False,-1,,3,False,0.0,5.0,0.0,-0.6524514702487147,False,0.4982132528564845,False,-0.6524514702487147,False,0.3106614405745598,False,0.20054569244384765,False
2026,B,453,1780385580.0,False,-1,,3,False,0.0,10.0,0.0,-1.0168203842188097,False,0.41481781897487974,False,-1.0168203842188097,False,0.2494699748845805,False,0.13808069229125977,False
2026,B,454,1780385640.0,False,-1,,3,False,0.0,11.0,0.0,-1.956732293439317,False,0.42666141845941086,False,-1.956732293439317,False,0.24257514350821907,False,0.17101621627807617,False
2026,B,455,1780385700.0,False,-1,,3,False,0.0,14.0,0.0,-1.2928745445915935,False,0.4495467628966451,False,-1.2928745445915935,False,0.2265666570210753,False,0.20294623374938958,False
2026,B,456,1780385760.0,False,-1,,3,False,0.0,12.0,0.0,-1.3062402436057656,False,0.4068277684087435,False,-1.3062402436057656,False,0.23656878881171142,False,0.14886338710784913,False
2026,B,457,1780385820.0,False,-1,,3,False,0.0,10.0,0.0,-1.2806817646483593,False,0.417353216342507,False,-1.2806817646483593,False,0.2494699748845805,False,0.17233352661132811,False
2026,B,458,1780385880.0,False,-1,,3,False,0.0,11.0,0.0,-0.3017354396093701,False,0.43834084601275136,False,-0.3017354396093701,False,0.24257514350821907,False,0.14263200759887695,False
2026,B,459,1780385940.0,True,37,dependency_timeout,3,False,0.0,4.0,0.0,4.338956848737665,True,0.5783294270535243,False,4.338956848737665,True,0.33459287497880763,False,0.39807574748992913,False
2026,B,460,1780386000.0,True,37,dependency_timeout,3,False,1.0,10.0,0.0,5.424816825084396,True,0.6917264475998774,False,5.424816825084396,True,1.0,True,3000000000.0,True
2026,B,461,1780386060.0,True,37,dependency_timeout,3,False,2.0,10.0,0.0,5.424816825084396,True,0.6923960894250826,False,5.424816825084396,True,1.0,True,3999999999.9999995,True
2026,B,462,1780386120.0,True,37,dependency_timeout,3,False,1.0,11.0,0.0,5.424816825084396,True,0.6924519215860828,False,5.424816825084396,True,1.0,True,999999999.9999999,True
2026,B,463,1780386180.0,False,-1,,3,False,0.0,9.0,0.0,-1.6465421048776703,False,0.4338796350047517,False,-1.6465421048776703,False,0.25749302991177747,False,0.1303262710571289,False
2026,B,464,1780386240.0,False,-1,,3,False,0.0,11.0,0.0,-1.361951226569845,False,0.42587431573555184,False,-1.361951226569845,False,0.24257514350821907,False,0.12208461761474611,False
2026,B,465,1780386300.0,False,-1,,3,False,0.0,5.0,0.0,-0.9869411148663474,False,0.4766385079006281,False,-0.9869411148663474,False,0.3106614405745598,False,0.13036069869995115,False
2026,B,466,1780386360.0,False,-1,,3,True,1.0,86.0,0.0,0.06832915771730619,False,0.7108968708114959,False,0.06832915771730619,False,0.0004703965714612162,False,0.15417790412902863,False
2026,B,467,1780386420.0,False,-1,,3,True,0.0,109.0,0.0,0.034681071443749545,False,0.6598536714862887,False,0.034681071443749545,False,0.1457274827058394,False,0.1762117385864258,False
2026,B,468,1780386480.0,False,-1,,3,True,0.0,36.0,0.0,-0.9063043244789579,False,0.42247143560186023,False,-0.9063043244789579,False,0.17972502190674433,False,0.14373207092285156,False
2026,B,469,1780386540.0,False,-1,,3,False,0.0,12.0,0.0,-1.4873601679179513,False,0.4382451769954505,False,-1.4873601679179513,False,0.23656878881171142,False,0.14877686500549317,False
2026,B,470,1780386600.0,False,-1,,3,False,0.0,11.0,0.0,-1.506613944071269,False,0.4310317546550878,False,-1.506613944071269,False,0.24257514350821907,False,0.1768486499786377,False
2026,B,471,1780386660.0,False,-1,,3,False,0.0,11.0,0.0,-1.2017254757610747,False,0.41851120986257334,False,-1.2017254757610747,False,0.24257514350821907,False,0.12726950645446777,False
2026,B,472,1780386720.0,True,38,permission_denied,3,False,0.0,9.0,0.0,-0.3831521912070981,False,0.4810897715599694,False,-0.3831521912070981,False,0.25749302991177747,False,0.18092069625854493,False
2026,B,473,1780386780.0,True,38,permission_denied,3,False,0.0,14.0,0.0,3.0137674276226245,True,0.42295765241298067,False,3.0137674276226245,True,1.0,True,7999999999.999999,True
2026,B,474,1780386840.0,True,38,permission_denied,3,False,0.0,15.0,0.0,1.8797935667583472,True,0.4351911662558635,False,1.8797935667583472,True,1.0,True,5000000000.0,True
2026,B,475,1780386900.0,False,-1,,3,False,0.0,18.0,0.0,-1.5659134891189748,False,0.41682097828113096,False,-1.5659134891189748,False,0.21186550166449922,False,0.18351223468780514,False
2026,B,476,1780386960.0,False,-1,,3,False,0.0,14.0,0.0,-1.1149511944964772,False,0.42103066006907336,False,-1.1149511944964772,False,0.2265666570210753,False,0.15428018569946286,False
2026,B,477,1780387020.0,False,-1,,3,False,0.0,10.0,0.0,-1.6868117629426491,False,0.4106161382534073,False,-1.6868117629426491,False,0.2494699748845805,False,0.1669929027557373,False
2026,B,478,1780387080.0,False,-1,,3,False,0.0,13.0,0.0,-1.9943282814583956,False,0.40098172102902724,False,-1.9943282814583956,False,0.2312761519565593,False,0.1674448013305664,False
2026,B,479,1780387140.0,False,-1,,3,False,0.0,11.0,0.0,-1.5659627280527406,False,0.4276015521013015,False,-1.5659627280527406,False,0.24257514350821907,False,0.15421319007873535,False
2026,B,480,1780387200.0,False,-1,,3,False,0.0,15.0,0.0,-1.0570383020310326,False,0.4099819486668518,False,-1.0570383020310326,False,0.22234063516699837,False,0.14010181427001953,False
2026,B,481,1780387260.0,False,-1,,3,False,0.0,14.0,0.0,-1.5087788190760314,False,0.40286108723755243,False,-1.5087788190760314,False,0.2265666570210753,False,0.13152592182159423,False
2026,B,482,1780387320.0,False,-1,,3,False,0.0,5.0,0.0,-0.7773550652665202,False,0.5062446687107343,False,-0.7773550652665202,False,0.3106614405745598,False,0.11674442291259768,False
2026,B,483,1780387380.0,True,39,config_error,3,False,0.0,5.0,0.0,3.5765970445670385,True,0.5289067907938213,False,3.5765970445670385,True,1.0,True,5000000000.0,True
2026,B,484,1780387440.0,True,39,config_error,3,False,0.0,10.0,0.0,4.001108662804995,True,0.4461661123285605,False,4.001108662804995,True,1.0,True,9000000000.0,True
2026,B,485,1780387500.0,True,39,config_error,3,False,0.0,9.0,0.0,4.443158055213125,True,0.4493347469469929,False,4.443158055213125,True,1.0,True,9000000000.0,True
2026,B,486,1780387560.0,True,39,config_error,3,False,0.0,12.0,0.0,4.308840477974522,True,0.4630738505218735,False,4.308840477974522,True,1.0,True,11000000000.0,True
2026,B,487,1780387620.0,False,-1,,3,False,0.0,16.0,0.0,-1.8765326890657263,False,0.39902872263188505,False,-1.8765326890657263,False,0.21852058284895462,False,0.15152764320373535,False
2026,B,488,1780387680.0,False,-1,,3,True,1.0,95.0,0.0,-0.03054809016638682,False,0.7180234909471497,True,-0.03054809016638682,False,0.0005223268035319426,False,0.18117465972900398,False
2026,B,489,1780387740.0,False,-1,,3,True,0.0,121.0,0.0,0.018772894241414484,False,0.6686042408764694,False,0.018772894241414484,False,0.14327600130141796,False,0.19238328933715818,False
2026,B,490,1780387800.0,False,-1,,3,True,0.0,48.0,0.0,-0.6839980371361527,False,0.504618479146787,False,-0.6839980371361527,False,0.16922710582057834,False,0.18776478767395022,False
2026,B,491,1780387860.0,False,-1,,3,False,0.0,8.0,0.0,-0.5213786499646247,False,0.44281238475556944,False,-0.5213786499646247,False,0.26698282659663947,False,0.14019367694854737,False
2026,B,492,1780387920.0,False,-1,,3,False,0.0,7.0,0.0,-1.633588532480637,False,0.4270277424229165,False,-1.633588532480637,False,0.27843371922675825,False,0.15314664840698242,False
2026,B,493,1780387980.0,False,-1,,3,False,0.0,15.0,0.0,-1.0491301946732614,False,0.43624221191577844,False,-1.0491301946732614,False,0.22234063516699837,False,0.21094336509704587,False
2026,B,494,1780388040.0,True,40,dependency_timeout,3,False,0.0,13.0,0.0,5.424816825084396,True,0.5319621120382374,False,5.424816825084396,True,1.0,True,3999999999.9999995,True
2026,B,495,1780388100.0,True,40,dependency_timeout,3,False,0.0,15.0,0.0,5.424816825084396,True,0.530995750376046,False,5.424816825084396,True,1.0,True,6000000000.0,True
2026,B,496,1780388160.0,True,40,dependency_timeout,3,False,0.0,9.0,0.0,5.424816825084396,True,0.5452682617108842,False,5.424816825084396,True,1.0,True,1999999999.9999998,True
2026,B,497,1780388220.0,True,40,dependency_timeout,3,False,0.0,20.0,0.0,5.424816825084396,True,0.4803699340513917,False,5.424816825084396,True,1.0,True,1999999999.9999998,True
2026,B,498,1780388280.0,False,-1,,3,False,0.0,18.0,0.0,-1.3608342203833628,False,0.4172235082909934,False,-1.3608342203833628,False,0.21186550166449922,False,0.12726695537567137,False
2026,B,499,1780388340.0,False,-1,,3,False,0.0,19.0,0.0,-1.624969755807534,False,0.4189437041400567,False,-1.624969755807534,False,0.2089414702524605,False,0.1668321132659912,False
2026,B,500,1780388400.0,False,-1,,3,False,0.0,18.0,0.0,-2.219432078060036,False,0.3894462248250223,False,-2.219432078060036,False,0.21186550166449922,False,0.16433677673339842,False
2026,B,501,1780388460.0,False,-1,,3,False,0.0,14.0,0.0,-1.9140367933437252,False,0.3998176937501496,False,-1.9140367933437252,False,0.2265666570210753,False,0.15780322551727294,False
2026,B,502,1780388520.0,False,-1,,3,False,0.0,19.0,0.0,-1.997271030303719,False,0.40501926781495373,False,-1.997271030303719,False,0.2089414702524605,False,0.1870870590209961,False
2026,B,503,1780388580.0,True,41,permission_denied,3,False,0.0,22.0,0.0,-1.2703647238534304,False,0.3841372957793001,False,-1.2703647238534304,False,1.0,True,999999999.9999999,True
2026,B,504,1780388640.0,True,41,permission_denied,3,False,0.0,24.0,0.0,3.3947165968900697,True,0.39585039562877594,False,3.3947165968900697,True,1.0,True,11000000000.0,True
2026,B,505,1780388700.0,True,41,permission_denied,3,False,0.0,13.0,0.0,0.6786539421023434,True,0.42526384219345287,False,0.6786539421023434,True,1.0,True,1999999999.9999998,True
2026,B,506,1780388760.0,True,41,permission_denied,3,False,0.0,10.0,0.0,-0.11647077281379836,False,0.41270880234717333,False,-0.11647077281379836,False,1.0,True,1999999999.9999998,True
2026,B,507,1780388820.0,False,-1,,3,False,0.0,15.0,0.0,-1.1803933421252628,False,0.4025744206910518,False,-1.1803933421252628,False,0.22234063516699837,False,0.1407102584838867,False
2026,B,508,1780388880.0,False,-1,,3,False,0.0,13.0,0.0,-1.9961801910366335,False,0.40254446152090695,False,-1.9961801910366335,False,0.2312761519565593,False,0.1732302665710449,False
2026,B,509,1780388940.0,False,-1,,3,False,0.0,11.0,0.0,-1.010614570133776,False,0.4258692295827843,False,-1.010614570133776,False,0.24257514350821907,False,0.14678740501403809,False
2026,B,510,1780389000.0,False,-1,,3,False,0.0,9.0,0.0,-1.1707548815866158,False,0.4529156465611912,False,-1.1707548815866158,False,0.25749302991177747,False,0.12337989807128907,False
2026,B,511,1780389060.0,False,-1,,3,False,0.0,18.0,0.0,-1.585847446860253,False,0.3983459550898211,False,-1.585847446860253,False,0.21186550166449922,False,0.13038651943206786,False
2026,B,512,1780389120.0,False,-1,,3,False,0.0,13.0,0.0,-1.9409901969104322,False,0.4058002951173061,False,-1.9409901969104322,False,0.2312761519565593,False,0.15831832885742184,False
2026,B,513,1780389180.0,False,-1,,3,False,0.0,13.0,0.0,-1.595831046901493,False,0.39699406994029257,False,-1.595831046901493,False,0.2312761519565593,False,0.13764238357543943,False
2026,B,514,1780389240.0,False,-1,,3,False,0.0,16.0,0.0,-2.1680573544013786,False,0.3941992252334271,False,-2.1680573544013786,False,0.21852058284895462,False,0.17979669570922852,False
2026,B,515,1780389300.0,True,42,permission_denied,3,False,0.0,14.0,0.0,-1.3805009628414693,False,0.4049841475320564,False,-1.3805009628414693,False,0.2265666570210753,False,0.12891998291015624,False
2026,B,516,1780389360.0,True,42,permission_denied,3,False,0.0,14.0,0.0,2.431444684355199,True,0.4483577170273003,False,2.431444684355199,True,1.0,True,6000000000.0,True
2026,B,517,1780389420.0,True,42,permission_denied,3,False,0.0,16.0,0.0,3.055489163625211,True,0.40545388258517356,False,3.055489163625211,True,1.0,True,9000000000.0,True
2026,B,518,1780389480.0,True,42,permission_denied,3,False,0.0,13.0,0.0,2.8704617996710122,True,0.4193007007939275,False,2.8704617996710122,True,1.0,True,7999999999.999999,True
2026,B,519,1780389540.0,True,42,permission_denied,3,False,0.0,13.0,0.0,1.362185368474302,True,0.41940460580424954,False,1.362185368474302,True,1.0,True,3000000000.0,True
2026,B,520,1780389600.0,False,-1,,3,False,0.0,12.0,0.0,-1.382102566354991,False,0.41255654252490864,False,-1.382102566354991,False,0.23656878881171142,False,0.1300144195556641,False
2026,B,521,1780389660.0,False,-1,,3,False,0.0,12.0,0.0,-2.133951137780259,False,0.39648474089177743,False,-2.133951137780259,False,0.23656878881171142,False,0.15815894603729247,False
2026,B,522,1780389720.0,False,-1,,3,False,0.0,14.0,0.0,-0.27868138369667506,False,0.47564694816113606,False,-0.27868138369667506,False,0.2265666570210753,False,0.1252729892730713,False
2026,B,523,1780389780.0,False,-1,,3,False,0.0,10.0,0.0,-0.35181218855228735,False,0.4384669603074853,False,-0.35181218855228735,False,0.2494699748845805,False,0.14047176837921144,False
2026,B,524,1780389840.0,False,-1,,3,False,0.0,13.0,0.0,-1.9978416011138425,False,0.39728646021684194,False,-1.9978416011138425,False,0.2312761519565593,False,0.1590593338012695,False
2026,B,525,1780389900.0,False,-1,,3,False,0.0,19.0,0.0,-1.3273200510768337,False,0.41724014931149694,False,-1.3273200510768337,False,0.2089414702524605,False,0.17492012977600097,False
2026,B,526,1780389960.0,False,-1,,3,False,0.0,12.0,0.0,-1.7198838247456072,False,0.40620056179242825,False,-1.7198838247456072,False,0.23656878881171142,False,0.16679039001464843,False
2026,B,527,1780390020.0,False,-1,,3,False,0.0,6.0,0.0,-1.1560427602500258,False,0.4469502275627349,False,-1.1560427602500258,False,0.2925964019925662,False,0.15484344959259033,False
2026,B,528,1780390080.0,True,43,resource_exhaustion,3,False,1.0,12.0,0.0,5.424816825084396,True,0.7109752033776112,False,5.424816825084396,True,1.0,True,999999999.9999999,True
2026,B,529,1780390140.0,True,43,resource_exhaustion,3,False,2.0,14.0,0.0,5.424816825084396,True,0.7097636484539014,False,5.424816825084396,True,1.0,True,1999999999.9999998,True
2026,B,530,1780390200.0,True,43,resource_exhaustion,3,False,3.0,22.0,0.0,5.424816825084396,True,0.6871291116770144,False,5.424816825084396,True,1.0,True,3000000000.0,True
2026,B,531,1780390260.0,False,-1,,3,False,0.0,13.0,0.0,-1.4591390227780563,False,0.42686032728684786,False,-1.4591390227780563,False,0.2312761519565593,False,0.12725334167480468,False
2026,B,532,1780390320.0,False,-1,,3,False,0.0,8.0,0.0,-1.5569419090577332,False,0.41955516558194655,False,-1.5569419090577332,False,0.26698282659663947,False,0.1253762245178223,False
2026,B,533,1780390380.0,False,-1,,3,False,1.0,21.0,0.0,-0.37125747485583194,False,0.6197128504234353,False,-0.37125747485583194,False,5.460984111960188e-05,False,0.15967273712158206,False
2026,B,534,1780390440.0,False,-1,,3,False,0.0,6.0,0.0,-0.698419655061409,False,0.45838125693309295,False,-0.698419655061409,False,0.2925964019925662,False,0.10807943344116212,False
2026,B,535,1780390500.0,False,-1,,3,False,0.0,19.0,0.0,-0.9481872377479954,False,0.43903735332990584,False,-0.9481872377479954,False,0.2089414702524605,False,0.205208158493042,False
2026,B,536,1780390560.0,False,-1,,3,False,0.0,11.0,0.0,-2.165050564895777,False,0.40823711674950713,False,-2.165050564895777,False,0.24257514350821907,False,0.1546599864959717,False
2026,B,537,1780390620.0,False,-1,,3,False,0.0,12.0,0.0,-1.7025124887740395,False,0.4013911816434914,False,-1.7025124887740395,False,0.23656878881171142,False,0.1427249908447266,False
2026,B,538,1780390680.0,True,44,dependency_timeout,3,False,0.0,11.0,0.0,5.424816825084396,True,0.5335147239013135,False,5.424816825084396,True,1.0,True,999999999.9999999,True
2026,B,539,1780390740.0,True,44,dependency_timeout,3,False,1.0,18.0,0.0,5.424816825084396,True,0.6750587078290211,False,5.424816825084396,True,1.0,True,11000000000.0,True
2026,B,540,1780390800.0,True,44,dependency_timeout,3,False,1.0,19.0,0.0,5.424816825084396,True,0.6721102860871951,False,5.424816825084396,True,1.0,True,6000000000.0,True
2026,B,541,1780390860.0,True,44,dependency_timeout,3,False,2.0,15.0,0.0,5.424816825084396,True,0.6895830622993319,False,5.424816825084396,True,1.0,True,3000000000.0,True
2026,B,542,1780390920.0,False,-1,,3,False,0.0,17.0,0.0,-1.9938384639201585,False,0.39398733377647327,False,-1.9938384639201585,False,0.2150452435826018,False,0.16839847564697266,False
2026,B,543,1780390980.0,False,-1,,3,False,0.0,12.0,0.0,-0.8887571359097945,False,0.4431855641127989,False,-0.8887571359097945,False,0.23656878881171142,False,0.1798445224761963,False
2026,B,544,1780391040.0,False,-1,,3,False,0.0,16.0,0.0,-2.164782846328345,False,0.3908096439036906,False,-2.164782846328345,False,0.21852058284895462,False,0.15291130542755127,False
2026,B,545,1780391100.0,False,-1,,3,False,0.0,19.0,0.0,-1.6281800479534771,False,0.40751102054859634,False,-1.6281800479534771,False,0.2089414702524605,False,0.14961085319519044,False
2026,B,546,1780391160.0,False,-1,,3,False,1.0,22.0,0.0,-0.6742032175273573,False,0.6047268426805181,False,-0.6742032175273573,False,6.028192350201344e-05,False,0.1471637010574341,False
2026,B,547,1780391220.0,False,-1,,3,False,0.0,10.0,0.0,-1.4877357754466436,False,0.4085331061411368,False,-1.4877357754466436,False,0.2494699748845805,False,0.1502476692199707,False
2026,B,548,1780391280.0,False,-1,,3,False,0.0,12.0,0.0,-2.0450003848140312,False,0.3949836778461282,False,-2.0450003848140312,False,0.23656878881171142,False,0.14597713947296145,False
2026,B,549,1780391340.0,False,-1,,3,False,0.0,18.0,0.0,-2.111361088612857,False,0.38299882597879026,False,-2.111361088612857,False,0.21186550166449922,False,0.14537670612335202,False
2026,B,550,1780391400.0,False,-1,,3,False,0.0,9.0,0.0,-1.9460644036378127,False,0.4165986825523026,False,-1.9460644036378127,False,0.25749302991177747,False,0.1407303810119629,False
2026,B,551,1780391460.0,True,45,resource_exhaustion,3,False,0.0,12.0,0.0,5.424816825084395,True,0.4948956710016994,False,5.424816825084395,True,0.23656878881171142,False,0.1892433881759644,False
2026,B,552,1780391520.0,True,45,resource_exhaustion,3,False,3.0,19.0,0.0,5.424816825084396,True,0.6970423971797658,False,5.424816825084396,True,1.0,True,3999999999.9999995,True
2026,B,553,1780391580.0,True,45,resource_exhaustion,3,False,4.0,15.0,0.0,5.424816825084396,True,0.7103782533208928,False,5.424816825084396,True,1.0,True,3999999999.9999995,True
2026,B,554,1780391640.0,True,45,resource_exhaustion,3,False,2.0,13.0,0.0,5.424816825084396,True,0.7098067711708609,False,5.424816825084396,True,1.0,True,999999999.9999999,True
2026,B,555,1780391700.0,True,45,resource_exhaustion,3,False,0.0,15.0,0.0,5.424816825084396,True,0.5043725724808912,False,5.424816825084396,True,1.0,True,999999999.9999999,True
2026,B,556,1780391760.0,False,-1,,3,False,0.0,21.0,0.0,-2.152358463806782,False,0.3856127240212189,False,-2.152358463806782,False,0.20373505883050388,False,0.15623950958251956,False
2026,B,557,1780391820.0,False,-1,,3,False,0.0,12.0,0.0,-1.599721471076533,False,0.4237276892276884,False,-1.599721471076533,False,0.23656878881171142,False,0.1268852710723877,False
2026,B,558,1780391880.0,False,-1,,3,False,0.0,21.0,0.0,-1.8458332481371578,False,0.38534765438617363,False,-1.8458332481371578,False,0.20373505883050388,False,0.15825700759887698,False
2026,B,559,1780391940.0,False,-1,,3,False,0.0,22.0,0.0,-1.040298266380283,False,0.4135550820987492,False,-1.040298266380283,False,0.20140271571692986,False,0.13213236331939696,False
2026,B,560,1780392000.0,False,-1,,3,False,0.0,15.0,0.0,-0.5695698212765503,False,0.4394459987545542,False,-0.5695698212765503,False,0.22234063516699837,False,0.11485729217529299,False
2026,B,561,1780392060.0,False,-1,,3,False,0.0,26.0,0.0,-1.8559354831157782,False,0.3753543942122313,False,-1.8559354831157782,False,0.19345838717882127,False,0.172194242477417,False
2026,B,562,1780392120.0,False,-1,,3,False,0.0,13.0,0.0,-2.1922185899047903,False,0.39522970165069937,False,-2.1922185899047903,False,0.2312761519565593,False,0.16143350601196285,False
2026,B,563,1780392180.0,False,-1,,3,False,0.0,18.0,0.0,-1.7725661167548639,False,0.39854831267792407,False,-1.7725661167548639,False,0.21186550166449922,False,0.14315981864929195,False
2026,B,564,1780392240.0,True,46,config_error,3,False,0.0,23.0,0.0,2.8810616042319244,True,0.3849659011585642,False,2.8810616042319244,True,1.0,True,9000000000.0,True
2026,B,565,1780392300.0,True,46,config_error,3,False,0.0,13.0,0.0,4.3991925361850255,True,0.43641948488264654,False,4.3991925361850255,True,1.0,True,12000000000.0,True
2026,B,566,1780392360.0,True,46,config_error,3,False,0.0,13.0,0.0,4.387340690764841,True,0.43914224868278595,False,4.387340690764841,True,1.0,True,12000000000.0,True
2026,B,567,1780392420.0,True,46,config_error,3,False,0.0,19.0,0.0,2.776394356161171,True,0.40853844123485294,False,2.776394356161171,True,1.0,True,7999999999.999999,True
2026,B,568,1780392480.0,False,-1,,3,False,0.0,10.0,0.0,-1.7737929675106123,False,0.42752433752766794,False,-1.7737929675106123,False,0.2494699748845805,False,0.14201765060424804,False
2026,B,569,1780392540.0,False,-1,,3,False,0.0,10.0,0.0,-1.6159345245861916,False,0.42228664732263793,False,-1.6159345245861916,False,0.2494699748845805,False,0.15672667026519777,False
2026,B,570,1780392600.0,False,-1,,3,False,0.0,11.0,0.0,-0.7397738771566296,False,0.4472001972549333,False,-0.7397738771566296,False,0.24257514350821907,False,0.18294191360473633,False
2026,B,571,1780392660.0,False,-1,,3,False,0.0,24.0,0.0,-1.7006925434526492,False,0.3901058924024945,False,-1.7006925434526492,False,0.19718290174713954,False,0.1426450490951538,False
2026,B,572,1780392720.0,False,-1,,3,False,0.0,21.0,0.0,-1.2430457767254977,False,0.4159122759658255,False,-1.2430457767254977,False,0.20373505883050388,False,0.12761592864990234,False
2026,B,573,1780392780.0,False,-1,,3,False,0.0,19.0,0.0,-1.8186660738544491,False,0.3855330144111982,False,-1.8186660738544491,False,0.2089414702524605,False,0.14877862930297853,False
2026,B,574,1780392840.0,False,-1,,3,False,0.0,25.0,0.0,-1.5217141696828156,False,0.3854540597743434,False,-1.5217141696828156,False,0.19526502570377902,False,0.1411027908325195,False
2026,B,575,1780392900.0,False,-1,,3,False,0.0,16.0,0.0,-0.4050517511541658,False,0.4230373113397274,False,-0.4050517511541658,False,0.21852058284895462,False,0.13260483741760254,False
2026,B,576,1780392960.0,False,-1,,3,False,0.0,15.0,0.0,-1.780970049386303,False,0.41387479015230516,False,-1.780970049386303,False,0.22234063516699837,False,0.15545654296874997,False
2026,B,577,1780393020.0,True,47,config_error,3,False,0.0,17.0,0.0,-0.8030195128825071,False,0.4225964354789245,False,-0.8030195128825071,False,1.0,True,999999999.9999999,True
2026,B,578,1780393080.0,True,47,config_error,3,False,0.0,18.0,0.0,5.137174267661046,True,0.43746532903832513,False,5.137174267661046,True,1.0,True,18000000000.0,True
2026,B,579,1780393140.0,True,47,config_error,3,False,0.0,16.0,0.0,4.682510731144559,True,0.434891228358945,False,4.682510731144559,True,1.0,True,15000000000.0,True
2026,B,580,1780393200.0,True,47,config_error,3,False,0.0,21.0,0.0,4.987632264982635,True,0.45506301755346135,False,4.987632264982635,True,1.0,True,20000000000.0,True
2026,B,581,1780393260.0,True,47,config_error,3,False,1.0,18.0,0.0,-0.20532258503551315,False,0.6166825265063608,False,-0.20532258503551315,False,1.0,True,999999999.9999999,True
2026,B,582,1780393320.0,False,-1,,4,False,0.0,17.0,0.0,-1.547048593407986,False,0.4124631351711757,False,-1.547048593407986,False,0.2150452435826018,False,0.1314237594604492,False
2026,B,583,1780393380.0,False,-1,,4,False,0.0,19.0,0.0,-2.0931614567433776,False,0.38332374239159867,False,-2.0931614567433776,False,0.2089414702524605,False,0.16572699546813965,False
2026,B,584,1780393440.0,False,-1,,4,False,0.0,22.0,0.0,-1.3147505642965243,False,0.39429247657740185,False,-1.3147505642965243,False,0.20140271571692986,False,0.16177716255187985,False
2026,B,585,1780393500.0,False,-1,,4,False,0.0,19.0,0.0,-2.2693781899343524,False,0.3832296292800667,False,-2.2693781899343524,False,0.2089414702524605,False,0.15918326377868652,False
2026,B,586,1780393560.0,False,-1,,4,False,0.0,17.0,0.0,-1.4892570617360512,False,0.4137184006150497,False,-1.4892570617360512,False,0.2150452435826018,False,0.1792461395263672,False
2026,B,587,1780393620.0,True,48,permission_denied,4,False,0.0,20.0,0.0,1.6081972573418506,True,0.3870511238999033,False,1.6081972573418506,True,1.0,True,5000000000.0,True
2026,B,588,1780393680.0,True,48,permission_denied,4,False,0.0,21.0,0.0,2.2632775515230175,True,0.402692398966752,False,2.2632775515230175,True,1.0,True,7000000000.0,True
2026,B,589,1780393740.0,True,48,permission_denied,4,False,0.0,18.0,0.0,2.273938965860874,True,0.40075217855929046,False,2.273938965860874,True,1.0,True,7000000000.0,True
2026,B,590,1780393800.0,False,-1,,4,False,0.0,12.0,0.0,-1.6680262364843923,False,0.4041910074035711,False,-1.6680262364843923,False,0.23656878881171142,False,0.1304861545562744,False
2026,B,591,1780393860.0,False,-1,,4,False,0.0,23.0,0.0,-1.1346304556944906,False,0.4095692933143491,False,-1.1346304556944906,False,0.1992241207700216,False,0.1298830509185791,False
2026,B,592,1780393920.0,False,-1,,4,False,0.0,18.0,0.0,-2.0657595591034656,False,0.385640471511648,False,-2.0657595591034656,False,0.21186550166449922,False,0.16558518409729,False
2026,B,593,1780393980.0,False,-1,,4,False,0.0,19.0,0.0,-1.6552897742349328,False,0.39522313001073806,False,-1.6552897742349328,False,0.2089414702524605,False,0.14739065170288088,False
2026,B,594,1780394040.0,False,-1,,4,False,0.0,8.0,0.0,-0.6464901429445353,False,0.42967268058112495,False,-0.6464901429445353,False,0.26698282659663947,False,0.11603131294250488,False
2026,B,595,1780394100.0,False,-1,,4,False,0.0,19.0,0.0,-2.0834290996987868,False,0.37980649167567715,False,-2.0834290996987868,False,0.2089414702524605,False,0.14785799980163575,False
2026,B,596,1780394160.0,False,-1,,4,False,0.0,20.0,0.0,-1.0947509294748219,False,0.40075383580520296,False,-1.0947509294748219,False,0.20624038581450158,False,0.1414943218231201,False
2026,B,597,1780394220.0,False,-1,,4,False,0.0,19.0,0.0,-1.8832667180532772,False,0.384118409208378,False,-1.8832667180532772,False,0.2089414702524605,False,0.15677943229675292,False
2026,B,598,1780394280.0,True,49,config_error,4,False,0.0,13.0,0.0,-1.504120810394597,False,0.40095995352825,False,-1.504120810394597,False,0.2312761519565593,False,0.13215904235839843,False
2026,B,599,1780394340.0,True,49,config_error,4,False,0.0,27.0,0.0,4.823671340127262,True,0.4204846482584987,False,4.823671340127262,True,1.0,True,23000000000.0,True
2026,B,600,1780394400.0,True,49,config_error,4,False,0.0,16.0,0.0,4.264288748731225,True,0.45965867288444673,False,4.264288748731225,True,1.0,True,13000000000.0,True
2026,B,601,1780394460.0,True,49,config_error,4,False,0.0,16.0,0.0,4.181983941827212,True,0.42911393249266444,False,4.181983941827212,True,1.0,True,13000000000.0,True
2026,B,602,1780394520.0,True,49,config_error,4,False,0.0,21.0,0.0,3.121646557787642,True,0.40039042204439557,False,3.121646557787642,True,1.0,True,9000000000.0,True
2026,B,603,1780394580.0,False,-1,,4,False,0.0,13.0,0.0,-1.5816024416643462,False,0.41706677979534273,False,-1.5816024416643462,False,0.2312761519565593,False,0.1790432929992675,False
2026,B,604,1780394640.0,False,-1,,4,False,0.0,14.0,0.0,-1.5118395597635148,False,0.40465674330809026,False,-1.5118395597635148,False,0.2265666570210753,False,0.15968689918518067,False
2026,B,605,1780394700.0,False,-1,,4,False,0.0,20.0,0.0,-1.5285165355741297,False,0.3957700609410256,False,-1.5285165355741297,False,0.20624038581450158,False,0.1332747220993042,False
2026,B,606,1780394760.0,False,-1,,4,False,0.0,20.0,0.0,-1.6886183544119753,False,0.3902430192086287,False,-1.6886183544119753,False,0.20624038581450158,False,0.14292819499969478,False
2026,B,607,1780394820.0,False,-1,,4,False,0.0,27.0,0.0,-1.566588610406348,False,0.3898848485667066,False,-1.566588610406348,False,0.20699849477460405,False,0.1539300203323364,False
2026,B,608,1780394880.0,False,-1,,4,True,1.0,133.0,0.0,-0.20597299631490706,False,0.7333809858907095,True,-0.20597299631490706,False,0.0007103206851661854,False,0.19069859981536866,False
2026,B,609,1780394940.0,False,-1,,4,True,0.0,186.0,0.0,0.022925783688118706,False,0.7033018640116293,False,0.022925783688118706,False,0.13418334633995035,False,0.16402935981750488,False
2026,B,610,1780395000.0,False,-1,,4,True,0.0,98.0,0.0,0.2404440596065438,False,0.6367136513768282,False,0.2404440596065438,False,0.14833373442814443,False,0.1671716690063477,False
2026,B,611,1780395060.0,False,-1,,4,False,0.0,17.0,0.0,-1.8186354355466188,False,0.3997692279453093,False,-1.8186354355466188,False,0.2150452435826018,False,0.1686467170715332,False
2026,B,612,1780395120.0,True,50,config_error,4,False,0.0,20.0,0.0,4.26898974427189,True,0.4330528564085211,False,4.26898974427189,True,1.0,True,15000000000.0,True
2026,B,613,1780395180.0,True,50,config_error,4,False,0.0,21.0,0.0,4.96976176120465,True,0.43959211674573057,False,4.96976176120465,True,1.0,True,20000000000.0,True
2026,B,614,1780395240.0,True,50,config_error,4,False,0.0,23.0,0.0,2.9065834967909585,True,0.3971125914327589,False,2.9065834967909585,True,1.0,True,9000000000.0,True
2026,B,615,1780395300.0,False,-1,,4,False,0.0,25.0,0.0,-1.7881964984985341,False,0.37770049836953384,False,-1.7881964984985341,False,0.19526502570377902,False,0.15060596466064452,False
2026,B,616,1780395360.0,False,-1,,4,False,0.0,28.0,0.0,-1.7044255525396288,False,0.3755189395056664,False,-1.7044255525396288,False,0.19013814265818824,False,0.15150735378265381,False
2026,B,617,1780395420.0,False,-1,,4,False,0.0,18.0,0.0,-1.943058665781086,False,0.3941148397150127,False,-1.943058665781086,False,0.21186550166449922,False,0.14330878257751462,False
2026,B,618,1780395480.0,False,-1,,4,False,0.0,12.0,0.0,-0.7149976476774889,False,0.47479388019062063,False,-0.7149976476774889,False,0.23656878881171142,False,0.23614385128021242,False
2026,B,619,1780395540.0,False,-1,,4,False,0.0,23.0,0.0,-1.6674745940868885,False,0.38823533704937013,False,-1.6674745940868885,False,0.1992241207700216,False,0.1461641311645508,False
2026,B,620,1780395600.0,False,-1,,4,False,0.0,22.0,0.0,-1.239200210624798,False,0.4186085724387747,False,-1.239200210624798,False,0.20140271571692986,False,0.18282573223114013,False
2026,B,621,1780395660.0,False,-1,,4,False,0.0,18.0,0.0,-2.1853594022107448,False,0.38816865040067483,False,-2.1853594022107448,False,0.21186550166449922,False,0.15823695659637443,False
2026,B,622,1780395720.0,False,-1,,4,False,0.0,24.0,0.0,-2.126430594121297,False,0.3748270129961532,False,-2.126430594121297,False,0.19718290174713954,False,0.171730637550354,False
2026,B,623,1780395780.0,False,-1,,4,False,0.0,14.0,0.0,-1.3903053327908461,False,0.41018243074559535,False,-1.3903053327908461,False,0.2265666570210753,False,0.14375889301300046,False
2026,B,624,1780395840.0,False,-1,,4,False,0.0,18.0,0.0,-1.8225109973550575,False,0.3947220383815221,False,-1.8225109973550575,False,0.21186550166449922,False,0.15624260902404785,False
2026,B,625,1780395900.0,True,51,permission_denied,4,False,0.0,19.0,0.0,1.6757196061827861,True,0.4001263515960406,False,1.6757196061827861,True,1.0,True,5000000000.0,True
2026,B,626,1780395960.0,True,51,permission_denied,4,False,0.0,20.0,0.0,2.1045643114754604,True,0.4204993399119887,False,2.1045643114754604,True,1.0,True,6000000000.0,True
2026,B,627,1780396020.0,True,51,permission_denied,4,False,0.0,11.0,0.0,0.7830816649334027,True,0.41488547309809143,False,0.7830816649334027,True,1.0,True,3000000000.0,True
2026,B,628,1780396080.0,True,51,permission_denied,4,False,0.0,18.0,0.0,-1.0514614790659849,False,0.3924181275058879,False,-1.0514614790659849,False,1.0,True,999999999.9999999,True
2026,B,629,1780396140.0,False,-1,,4,False,0.0,21.0,0.0,-1.3111508393197617,False,0.41058579572627457,False,-1.3111508393197617,False,0.20373505883050388,False,0.14474487304687503,False
2026,B,630,1780396200.0,False,-1,,4,False,0.0,24.0,0.0,-2.109155383933998,False,0.38833710290569284,False,-2.109155383933998,False,0.19718290174713954,False,0.18717617988586427,False
2026,B,631,1780396260.0,False,-1,,4,False,0.0,16.0,0.0,-1.265662845451895,False,0.4101646714406784,False,-1.265662845451895,False,0.21852058284895462,False,0.15785956382751462,False
2026,B,632,1780396320.0,False,-1,,4,False,0.0,15.0,0.0,-1.383482411421097,False,0.4555358622554231,False,-1.383482411421097,False,0.22234063516699837,False,0.20561876296997067,False
2026,B,633,1780396380.0,False,-1,,4,False,0.0,14.0,0.0,-1.7914740383040426,False,0.40085259412985247,False,-1.7914740383040426,False,0.2265666570210753,False,0.1514033079147339,False
2026,B,634,1780396440.0,False,-1,,4,False,0.0,16.0,0.0,-2.255723326939446,False,0.389167732528995,False,-2.255723326939446,False,0.21852058284895462,False,0.16538798809051514,False
2026,B,635,1780396500.0,True,52,resource_exhaustion,4,False,3.0,23.0,0.0,5.424816825084396,True,0.685909911901221,False,5.424816825084396,True,1.0,True,3999999999.9999995,True
2026,B,636,1780396560.0,True,52,resource_exhaustion,4,False,5.0,21.0,0.0,5.424816825084396,True,0.6870530997184014,False,5.424816825084396,True,1.0,True,3000000000.0,True
2026,B,637,1780396620.0,True,52,resource_exhaustion,4,False,1.0,17.0,0.0,5.424816825084396,True,0.6801525622983433,False,5.424816825084396,True,1.0,True,1999999999.9999998,True
2026,B,638,1780396680.0,False,-1,,4,False,0.0,13.0,0.0,-1.3542745552899618,False,0.40869339704561414,False,-1.3542745552899618,False,0.2312761519565593,False,0.17170553207397454,False
2026,B,639,1780396740.0,False,-1,,4,False,0.0,16.0,0.0,-1.8336603215675709,False,0.40827178075065745,False,-1.8336603215675709,False,0.21852058284895462,False,0.18256473541259766,False
2026,B,640,1780396800.0,False,-1,,4,False,0.0,21.0,0.0,-1.358625014305205,False,0.3924040064951591,False,-1.358625014305205,False,0.20373505883050388,False,0.1341061592102051,False
2026,B,641,1780396860.0,False,-1,,4,False,0.0,16.0,0.0,-2.2099913941021647,False,0.38699148379733656,False,-2.2099913941021647,False,0.21852058284895462,False,0.16297578811645508,False
2026,B,642,1780396920.0,False,-1,,4,False,0.0,21.0,0.0,-1.3704289835083845,False,0.39146159283071574,False,-1.3704289835083845,False,0.20373505883050388,False,0.13712024688720703,False
2026,B,643,1780396980.0,False,-1,,4,False,0.0,12.0,0.0,-1.4425580260333053,False,0.40373914707891106,False,-1.4425580260333053,False,0.23656878881171142,False,0.13457117080688477,False
2026,B,644,1780397040.0,True,53,resource_exhaustion,4,False,3.0,21.0,0.0,5.424816825084396,True,0.6865884062137642,False,5.424816825084396,True,1.0,True,1999999999.9999998,True
2026,B,645,1780397100.0,True,53,resource_exhaustion,4,False,0.0,21.0,0.0,5.424816825084396,True,0.5689742882514452,False,5.424816825084396,True,0.20373505883050388,False,0.2752881050109864,False
2026,B,646,1780397160.0,True,53,resource_exhaustion,4,False,0.0,23.0,0.0,5.424816825084396,True,0.5696674156307465,False,5.424816825084396,True,1.0,True,999999999.9999999,True
2026,B,647,1780397220.0,False,-1,,4,False,0.0,16.0,0.0,-1.8577473257574484,False,0.40227630336513215,False,-1.8577473257574484,False,0.21852058284895462,False,0.15118050575256348,False
2026,B,648,1780397280.0,False,-1,,4,False,0.0,22.0,0.0,-1.7685410066468128,False,0.4031241088152124,False,-1.7685410066468128,False,0.20140271571692986,False,0.18800609111785885,False
2026,B,649,1780397340.0,False,-1,,4,False,0.0,17.0,0.0,-1.3289491846941504,False,0.4213489080888251,False,-1.3289491846941504,False,0.2150452435826018,False,0.13039617538452147,False
2026,B,650,1780397400.0,False,-1,,4,False,0.0,15.0,0.0,-1.4494905344659248,False,0.42000779977316277,False,-1.4494905344659248,False,0.22234063516699837,False,0.12888941764831544,False
2026,B,651,1780397460.0,False,-1,,4,False,0.0,19.0,0.0,-2.2962035645278167,False,0.3808724884359224,False,-2.2962035645278167,False,0.2089414702524605,False,0.16710906028747557,False
2026,B,652,1780397520.0,False,-1,,4,False,1.0,22.0,0.0,1.0757028448808814,True,0.6317303228476411,False,1.0757028448808814,True,6.028192350201344e-05,False,0.13475899696350097,False
2026,B,653,1780397580.0,False,-1,,4,False,0.0,20.0,0.0,-1.4000745545607298,False,0.3970053256034399,False,-1.4000745545607298,False,0.20624038581450158,False,0.13229992389678955,False
2026,B,654,1780397640.0,False,-1,,4,False,0.0,21.0,0.0,-1.678448227360481,False,0.38621321989883345,False,-1.678448227360481,False,0.20373505883050388,False,0.1474442481994629,False
2026,B,655,1780397700.0,True,54,resource_exhaustion,4,False,0.0,11.0,0.0,5.424816825084396,True,0.5894513246793671,False,5.424816825084396,True,0.24257514350821907,False,0.2954831123352051,False
2026,B,656,1780397760.0,True,54,resource_exhaustion,4,False,1.0,28.0,0.0,5.424816825084396,True,0.6813353732464403,False,5.424816825084396,True,1.0,True,1999999999.9999998,True
2026,B,657,1780397820.0,True,54,resource_exhaustion,4,False,6.0,20.0,0.0,5.424816825084396,True,0.700902397308919,False,5.424816825084396,True,1.0,True,6000000000.0,True
2026,B,658,1780397880.0,True,54,resource_exhaustion,4,False,2.0,18.0,0.0,5.424816825084396,True,0.6917953721463359,False,5.424816825084396,True,1.0,True,1999999999.9999998,True
2026,B,659,1780397940.0,True,54,resource_exhaustion,4,False,2.0,26.0,0.0,5.424816825084396,True,0.6747116038318047,False,5.424816825084396,True,1.0,True,1999999999.9999998,True
2026,B,660,1780398000.0,False,-1,,4,False,0.0,27.0,0.0,-1.3551361643769324,False,0.41292588584799844,False,-1.3551361643769324,False,0.1917524814136692,False,0.19525666236877437,False
2026,B,661,1780398060.0,False,-1,,4,False,0.0,26.0,0.0,-1.7424585163469333,False,0.3744651843726317,False,-1.7424585163469333,False,0.19345838717882127,False,0.16262829303741455,False
2026,B,662,1780398120.0,False,-1,,4,False,0.0,23.0,0.0,-1.6577677508851787,False,0.3905247444342508,False,-1.6577677508851787,False,0.1992241207700216,False,0.1777002334594727,False
2026,B,663,1780398180.0,False,-1,,4,False,1.0,20.0,0.0,-0.58154958046637,False,0.6074763819494032,False,-0.58154958046637,False,4.90942093912632e-05,False,0.15675125122070313,False
2026,B,664,1780398240.0,False,-1,,4,False,0.0,22.0,0.0,-1.6683782330744759,False,0.38017589108146094,False,-1.6683782330744759,False,0.20140271571692986,False,0.1457834005355835,False
2026,B,665,1780398300.0,False,-1,,4,False,0.0,21.0,0.0,-2.031836243100255,False,0.3980377429089213,False,-2.031836243100255,False,0.20373505883050388,False,0.1816401481628418,False
2026,B,666,1780398360.0,True,55,permission_denied,4,False,0.0,19.0,0.0,-1.666719858803705,False,0.42665954734678124,False,-1.666719858803705,False,0.2089414702524605,False,0.1830385684967041,False
2026,B,667,1780398420.0,True,55,permission_denied,4,False,0.0,13.0,0.0,2.275190148264843,True,0.4115718093467082,False,2.275190148264843,True,1.0,True,6000000000.0,True
2026,B,668,1780398480.0,True,55,permission_denied,4,False,0.0,16.0,0.0,2.6602757358488707,True,0.43124978098976896,False,2.6602757358488707,True,1.0,True,7000000000.0,True
2026,B,669,1780398540.0,True,55,permission_denied,4,False,0.0,20.0,0.0,1.8449776273100702,True,0.39674641393091237,False,1.8449776273100702,True,1.0,True,5000000000.0,True
2026,B,670,1780398600.0,False,-1,,4,False,0.0,26.0,0.0,-1.4649763563646738,False,0.4022257971947828,False,-1.4649763563646738,False,0.19345838717882127,False,0.1980447769165039,False
2026,B,671,1780398660.0,False,-1,,4,False,0.0,20.0,0.0,-1.9297824915221868,False,0.3873259513648488,False,-1.9297824915221868,False,0.20624038581450158,False,0.15970244407653808,False
2026,B,672,1780398720.0,False,-1,,4,False,0.0,26.0,0.0,-0.8759711815178397,False,0.4159438583217531,False,-0.8759711815178397,False,0.19345838717882127,False,0.16298234462738037,False
2026,B,673,1780398780.0,False,-1,,4,False,0.0,16.0,0.0,-1.8240933479038022,False,0.41095458517423306,False,-1.8240933479038022,False,0.21852058284895462,False,0.15774452686309814,False
2026,B,674,1780398840.0,False,-1,,4,False,0.0,17.0,0.0,-2.0535116722204734,False,0.38895327841506133,False,-2.0535116722204734,False,0.2150452435826018,False,0.1527925491333008,False
2026,B,675,1780398900.0,False,-1,,4,False,0.0,17.0,0.0,-0.9319425027817054,False,0.41577534755559825,False,-0.9319425027817054,False,0.2150452435826018,False,0.1304597854614258,False
2026,B,676,1780398960.0,False,-1,,4,False,0.0,20.0,0.0,-1.9191732860869823,False,0.40472908283298675,False,-1.9191732860869823,False,0.20624038581450158,False,0.16544187068939206,False
2026,B,677,1780399020.0,False,-1,,4,False,0.0,19.0,0.0,-1.6904891415339174,False,0.43401645008395606,False,-1.6904891415339174,False,0.2089414702524605,False,0.20718350410461428,False
2026,B,678,1780399080.0,False,-1,,4,False,0.0,24.0,0.0,-1.5629158073656049,False,0.38346083030572037,False,-1.5629158073656049,False,0.19718290174713954,False,0.16428301334381104,False
2026,B,679,1780399140.0,False,-1,,4,False,0.0,19.0,0.0,-1.2687794737231357,False,0.3968687775901786,False,-1.2687794737231357,False,0.2089414702524605,False,0.1305814743041992,False
2026,B,680,1780399200.0,True,56,dependency_timeout,4,False,0.0,29.0,0.0,5.424816825084396,True,0.4545548847531162,False,5.424816825084396,True,1.0,True,3000000000.0,True
2026,B,681,1780399260.0,True,56,dependency_timeout,4,False,4.0,21.0,0.0,5.424816825084396,True,0.6763848486369145,False,5.424816825084396,True,1.0,True,9000000000.0,True
2026,B,682,1780399320.0,True,56,dependency_timeout,4,False,1.0,26.0,0.0,5.424816825084396,True,0.6817645606645828,False,5.424816825084396,True,1.0,True,14000000000.0,True
2026,B,683,1780399380.0,True,56,dependency_timeout,4,False,2.0,19.0,0.0,5.424816825084396,True,0.6706419799992553,False,5.424816825084396,True,1.0,True,7000000000.0,True
2026,B,684,1780399440.0,True,56,dependency_timeout,4,False,0.0,12.0,0.0,5.424816825084396,True,0.4821396072570791,False,5.424816825084396,True,1.0,True,999999999.9999999,True
2026,B,685,1780399500.0,False,-1,,4,False,0.0,19.0,0.0,-1.4752714392587096,False,0.4188702713372533,False,-1.4752714392587096,False,0.2089414702524605,False,0.16318578720092775,False
2026,B,686,1780399560.0,False,-1,,4,False,0.0,30.0,0.0,-0.2959351971484798,False,0.42734954825639593,False,-0.2959351971484798,False,0.1871529693873599,False,0.13225016593933106,False
2026,B,687,1780399620.0,False,-1,,4,False,0.0,14.0,0.0,-2.22904396465666,False,0.3937841867788932,False,-2.22904396465666,False,0.2265666570210753,False,0.1584227085113525,False
2026,B,688,1780399680.0,False,-1,,4,False,0.0,22.0,0.0,-1.3539885765717417,False,0.3937021916539747,False,-1.3539885765717417,False,0.20140271571692986,False,0.13747732639312743,False
2026,B,689,1780399740.0,False,-1,,4,False,0.0,16.0,0.0,-0.7598857110814823,False,0.4173589524337933,False,-0.7598857110814823,False,0.21852058284895462,False,0.13974642753601074,False
2026,B,690,1780399800.0,False,-1,,4,False,0.0,21.0,0.0,-1.4217914889060985,False,0.3909779525291785,False,-1.4217914889060985,False,0.20373505883050388,False,0.15083646774291992,False
2026,B,691,1780399860.0,False,-1,,4,False,0.0,28.0,0.0,-1.5150047337668289,False,0.38231097394414054,False,-1.5150047337668289,False,0.19013814265818824,False,0.1602302074432373,False
2026,B,692,1780399920.0,False,-1,,4,False,0.0,17.0,0.0,-1.5842179992280006,False,0.40348625465248805,False,-1.5842179992280006,False,0.2150452435826018,False,0.15800676345825196,False
2026,B,693,1780399980.0,True,57,dependency_timeout,4,False,2.0,19.0,0.0,5.424816825084396,True,0.6723660035654074,False,5.424816825084396,True,1.0,True,7000000000.0,True
2026,B,694,1780400040.0,True,57,dependency_timeout,4,False,2.0,26.0,0.0,5.424816825084396,True,0.6776594328594137,False,5.424816825084396,True,1.0,True,9000000000.0,True
2026,B,695,1780400100.0,True,57,dependency_timeout,4,False,2.0,20.0,0.0,5.424816825084396,True,0.6680446912494258,False,5.424816825084396,True,1.0,True,6000000000.0,True
2026,B,696,1780400160.0,True,57,dependency_timeout,4,False,2.0,24.0,0.0,5.424816825084396,True,0.6360036074323564,False,5.424816825084396,True,1.0,True,3000000000.0,True
2026,B,697,1780400220.0,False,-1,,4,False,0.0,33.0,0.0,-1.169995197916836,False,0.3935861741567296,False,-1.169995197916836,False,0.18318927131306834,False,0.15134382247924805,False
2026,B,698,1780400280.0,False,-1,,4,False,0.0,31.0,0.0,-1.2435679355389384,False,0.39781445853702013,False,-1.2435679355389384,False,0.18576878440398611,False,0.17727422714233398,False
2026,B,699,1780400340.0,False,-1,,4,False,0.0,21.0,0.0,-1.9550224101908524,False,0.3882273087738212,False,-1.9550224101908524,False,0.20373505883050388,False,0.16299009323120117,False
2026,B,700,1780400400.0,False,-1,,4,False,0.0,20.0,0.0,-2.132117294555715,False,0.3970986127809449,False,-2.132117294555715,False,0.20624038581450158,False,0.1791688919067382,False
2026,B,701,1780400460.0,False,-1,,4,False,0.0,22.0,0.0,-1.8066683846818794,False,0.3792033350857432,False,-1.8066683846818794,False,0.20140271571692986,False,0.14726488590240477,False
2026,B,702,1780400520.0,False,-1,,4,False,0.0,20.0,0.0,-2.166187188497995,False,0.3880479448221502,False,-2.166187188497995,False,0.20624038581450158,False,0.17433986663818357,False
2026,B,703,1780400580.0,False,-1,,4,False,0.0,31.0,0.0,-1.7512603363269168,False,0.3826722717140211,False,-1.7512603363269168,False,0.18576878440398611,False,0.17491865158081055,False
2026,B,704,1780400640.0,True,58,config_error,4,False,0.0,17.0,0.0,2.552331323393726,True,0.42104967298241075,False,2.552331323393726,True,1.0,True,6000000000.0,True
2026,B,705,1780400700.0,True,58,config_error,4,False,0.0,29.0,0.0,5.1992230004260085,True,0.43723040717158324,False,5.1992230004260085,True,1.0,True,28000000000.0,True
2026,B,706,1780400760.0,True,58,config_error,4,False,0.0,35.0,0.0,4.425250683948324,True,0.41992148757102227,False,4.425250683948324,True,1.0,True,19000000000.0,True
2026,B,707,1780400820.0,False,-1,,4,False,0.0,22.0,0.0,-2.2176017309420457,False,0.37688503826638814,False,-2.2176017309420457,False,0.20140271571692986,False,0.16244785785675045,False
2026,B,708,1780400880.0,False,-1,,4,False,0.0,26.0,0.0,-2.0094591752555857,False,0.37683277995684533,False,-2.0094591752555857,False,0.19345838717882127,False,0.1678246259689331,False
2026,B,709,1780400940.0,False,-1,,4,False,0.0,25.0,0.0,-1.8087337031289383,False,0.3890121780094083,False,-1.8087337031289383,False,0.19526502570377902,False,0.1820612907409667,False
2026,B,710,1780401000.0,False,-1,,4,False,0.0,24.0,0.0,-0.005622905787141086,False,0.44659436238995975,False,-0.005622905787141086,False,0.19718290174713954,False,0.13975014686584472,False
2026,B,711,1780401060.0,False,-1,,4,False,0.0,32.0,0.0,-1.388954461660778,False,0.39337509462873865,False,-1.388954461660778,False,0.18444920793487726,False,0.1620323181152344,False
2026,B,712,1780401120.0,False,-1,,4,False,0.0,31.0,0.0,-0.6337585457071091,False,0.41949357354883465,False,-0.6337585457071091,False,0.18576878440398611,False,0.17486023902893064,False
2026,B,713,1780401180.0,False,-1,,4,False,0.0,17.0,0.0,-0.13193013092181083,False,0.4304993108984311,False,-0.13193013092181083,False,0.2150452435826018,False,0.1378697395324707,False
2026,B,714,1780401240.0,False,-1,,4,False,0.0,19.0,0.0,-0.8411952098702535,False,0.40985631111836773,False,-0.8411952098702535,False,0.2089414702524605,False,0.139229154586792,False
2026,B,715,1780401300.0,True,59,dependency_timeout,4,False,0.0,21.0,0.0,4.3247209240917375,True,0.474895001846632,False,4.3247209240917375,True,0.20373505883050388,False,0.42827653884887723,False
2026,B,716,1780401360.0,True,59,dependency_timeout,4,False,2.0,23.0,0.0,5.424816825084396,True,0.6756319307299065,False,5.424816825084396,True,1.0,True,15000000000.0,True
2026,B,717,1780401420.0,True,59,dependency_timeout,4,False,3.0,18.0,0.0,5.424816825084396,True,0.6796816987021038,False,5.424816825084396,True,1.0,True,9000000000.0,True
2026,B,718,1780401480.0,True,59,dependency_timeout,4,False,0.0,22.0,0.0,5.424816825084396,True,0.5185488782570566,False,5.424816825084396,True,1.0,True,7999999999.999999,True
2026,B,719,1780401540.0,False,-1,,5,False,0.0,26.0,0.0,-1.9757154296034845,False,0.37284416390983594,False,-1.9757154296034845,False,0.19345838717882127,False,0.16326069831848145,False
2026,B,720,1780401600.0,False,-1,,5,False,0.0,28.0,0.0,-1.439637843314566,False,0.4020449558684237,False,-1.439637843314566,False,0.19013814265818824,False,0.18289780616760257,False
2026,B,721,1780401660.0,False,-1,,5,False,0.0,26.0,0.0,-2.1126349045818342,False,0.37144056302464373,False,-2.1126349045818342,False,0.19345838717882127,False,0.16836345195770264,False
2026,B,722,1780401720.0,False,-1,,5,False,0.0,27.0,0.0,-1.850090142888317,False,0.38560993398917454,False,-1.850090142888317,False,0.1917524814136692,False,0.17252264022827146,False
2026,B,723,1780401780.0,False,-1,,5,False,0.0,21.0,0.0,-1.754128432773948,False,0.40858954260010033,False,-1.754128432773948,False,0.20373505883050388,False,0.18775367736816406,False
2026,B,724,1780401840.0,False,-1,,5,False,0.0,35.0,0.0,-1.515720231262847,False,0.424763093629107,False,-1.515720231262847,False,0.18083097677659873,False,0.18082065582275375,False
2026,B,725,1780401900.0,False,-1,,5,False,0.0,19.0,0.0,-1.5831548247530858,False,0.3887665033597008,False,-1.5831548247530858,False,0.2089414702524605,False,0.13637843132019042,False
2026,B,726,1780401960.0,False,-1,,5,False,0.0,26.0,0.0,-1.717548856207972,False,0.3753620915983752,False,-1.717548856207972,False,0.19345838717882127,False,0.1506608724594116,False
2026,B,727,1780402020.0,True,60,dependency_timeout,5,False,0.0,24.0,0.0,5.424816825084396,True,0.5096616325863752,False,5.424816825084396,True,1.0,True,5000000000.0,True
2026,B,728,1780402080.0,True,60,dependency_timeout,5,False,1.0,22.0,0.0,5.424816825084396,True,0.673256342551294,False,5.424816825084396,True,1.0,True,7999999999.999999,True
2026,B,729,1780402140.0,True,60,dependency_timeout,5,False,0.0,18.0,0.0,5.375080512980194,True,0.4804423607466445,False,5.375080512980194,True,0.21186550166449922,False,0.702536678314209,False
2026,B,730,1780402200.0,False,-1,,5,False,0.0,29.0,0.0,-1.7664097589960903,False,0.37680728173208616,False,-1.7664097589960903,False,0.18860733281442676,False,0.1649821281433105,False
2026,B,731,1780402260.0,False,-1,,5,False,0.0,14.0,0.0,-0.8628793640327803,False,0.4318642908127216,False,-0.8628793640327803,False,0.2265666570210753,False,0.11337950229644778,False
2026,B,732,1780402320.0,False,-1,,5,False,0.0,19.0,0.0,-2.322090884299363,False,0.38720735614462903,False,-2.322090884299363,False,0.2089414702524605,False,0.17495341300964357,False
2026,B,733,1780402380.0,False,-1,,5,False,0.0,28.0,0.0,-1.2926981680134455,False,0.37845200001367235,False,-1.2926981680134455,False,0.19013814265818824,False,0.14874839782714847,False
2026,B,734,1780402440.0,False,-1,,5,False,0.0,23.0,0.0,-0.9887694209480866,False,0.39709305574298803,False,-0.9887694209480866,False,0.1992241207700216,False,0.13043012619018554,False
2026,B,735,1780402500.0,False,-1,,5,False,0.0,16.0,0.0,-1.858387353569201,False,0.4020744330172302,False,-1.858387353569201,False,0.21852058284895462,False,0.13686442375183105,False
2026,B,736,1780402560.0,False,-1,,5,False,0.0,34.0,0.0,-1.2456553846544658,False,0.44242713762140257,False,-1.2456553846544658,False,0.1819845262378267,False,0.18613541126251232,False
2026,B,737,1780402620.0,True,61,permission_denied,5,False,0.0,24.0,0.0,-1.5065396805649023,False,0.3804412852312347,False,-1.5065396805649023,False,0.19718290174713954,False,0.14080140590667725,False
2026,B,738,1780402680.0,True,61,permission_denied,5,False,0.0,21.0,0.0,2.1596398449307546,True,0.4272113722127181,False,2.1596398449307546,True,1.0,True,5000000000.0,True
2026,B,739,1780402740.0,True,61,permission_denied,5,False,0.0,22.0,0.0,2.5362248744095,True,0.40975258911674056,False,2.5362248744095,True,1.0,True,7000000000.0,True
2026,B,740,1780402800.0,False,-1,,5,False,0.0,32.0,0.0,-0.7236322449688934,False,0.4088728506995694,False,-0.7236322449688934,False,0.18444920793487726,False,0.14529478549957275,False
2026,B,741,1780402860.0,False,-1,,5,False,0.0,24.0,0.0,-1.2929402917099075,False,0.3889837979202502,False,-1.2929402917099075,False,0.19718290174713954,False,0.13726632595062258,False
2026,B,742,1780402920.0,False,-1,,5,False,0.0,32.0,0.0,-1.412792693791486,False,0.39934362460253,False,-1.412792693791486,False,0.18444920793487726,False,0.1521112680435181,False
2026,B,743,1780402980.0,False,-1,,5,False,0.0,26.0,0.0,-1.4587874770029448,False,0.3905817431716246,False,-1.4587874770029448,False,0.19345838717882127,False,0.13924241065979004,False
2026,B,744,1780403040.0,False,-1,,5,False,0.0,25.0,0.0,-1.432354043905896,False,0.3894895872210062,False,-1.432354043905896,False,0.19526502570377902,False,0.13882665634155272,False
2026,B,745,1780403100.0,False,-1,,5,False,0.0,28.0,0.0,-1.7193674151229992,False,0.3811258040271513,False,-1.7193674151229992,False,0.19013814265818824,False,0.17932636737823487,False
2026,B,746,1780403160.0,False,-1,,5,False,0.0,33.0,0.0,-1.5766102282130952,False,0.3955164023757594,False,-1.5766102282130952,False,0.18318927131306834,False,0.17842931747436525,False
2026,B,747,1780403220.0,True,62,resource_exhaustion,5,False,0.0,29.0,0.0,5.424816825084396,True,0.44803496708900753,False,5.424816825084396,True,0.18860733281442676,False,0.17180089950561522,False
2026,B,748,1780403280.0,True,62,resource_exhaustion,5,False,3.0,24.0,0.0,5.424816825084396,True,0.6870382894118803,False,5.424816825084396,True,1.0,True,3000000000.0,True
2026,B,749,1780403340.0,True,62,resource_exhaustion,5,False,1.0,24.0,0.0,5.424816825084396,True,0.6813361459524594,False,5.424816825084396,True,1.0,True,999999999.9999999,True
2026,B,750,1780403400.0,True,62,resource_exhaustion,5,False,5.0,25.0,0.0,5.424816825084396,True,0.6879366349906109,False,5.424816825084396,True,1.0,True,5000000000.0,True
2026,B,751,1780403460.0,True,62,resource_exhaustion,5,False,0.0,21.0,0.0,5.424816825084396,True,0.5325540187578888,False,5.424816825084396,True,0.20373505883050388,False,0.3056063652038575,False
2026,B,752,1780403520.0,False,-1,,5,False,0.0,28.0,0.0,-1.0415565290833948,False,0.40953895055261835,False,-1.0415565290833948,False,0.19013814265818824,False,0.13640737533569336,False
2026,B,753,1780403580.0,False,-1,,5,False,0.0,25.0,0.0,-1.6603647873490104,False,0.3792732733126762,False,-1.6603647873490104,False,0.19526502570377902,False,0.14289493560791014,False
2026,B,754,1780403640.0,False,-1,,5,False,0.0,20.0,0.0,-2.0793162345345584,False,0.3938633587097069,False,-2.0793162345345584,False,0.20624038581450158,False,0.15288522243499753,False
2026,B,755,1780403700.0,False,-1,,5,False,0.0,24.0,0.0,-2.1624415885088526,False,0.3823592837497264,False,-2.1624415885088526,False,0.19718290174713954,False,0.17577767372131348,False
2026,B,756,1780403760.0,False,-1,,5,False,0.0,20.0,0.0,-1.7389882463765725,False,0.3875427591540264,False,-1.7389882463765725,False,0.20624038581450158,False,0.15224437713623043,False
2026,B,757,1780403820.0,True,63,resource_exhaustion,5,False,2.0,26.0,0.0,5.424816825084396,True,0.6698981834599502,False,5.424816825084396,True,1.0,True,1999999999.9999998,True
2026,B,758,1780403880.0,True,63,resource_exhaustion,5,False,4.0,20.0,0.0,5.424816825084396,True,0.6899635154285585,False,5.424816825084396,True,1.0,True,3000000000.0,True
2026,B,759,1780403940.0,True,63,resource_exhaustion,5,False,0.0,15.0,0.0,5.424816825084396,True,0.5795873296395663,False,5.424816825084396,True,1.0,True,999999999.9999999,True
2026,B,760,1780404000.0,True,63,resource_exhaustion,5,False,2.0,28.0,0.0,5.424816825084396,True,0.6795620396189908,False,5.424816825084396,True,1.0,True,999999999.9999999,True
2026,B,761,1780404060.0,False,-1,,5,False,0.0,18.0,0.0,-1.4985704085264144,False,0.41033448423498364,False,-1.4985704085264144,False,0.21186550166449922,False,0.17105755805969236,False
2026,B,762,1780404120.0,False,-1,,5,False,0.0,21.0,0.0,-1.0020376661023302,False,0.4199886604918726,False,-1.0020376661023302,False,0.20373505883050388,False,0.12220096588134766,False
2026,B,763,1780404180.0,False,-1,,5,False,0.0,27.0,0.0,-1.796479100724678,False,0.37973211021386394,False,-1.796479100724678,False,0.1917524814136692,False,0.1792178153991699,False
2026,B,764,1780404240.0,False,-1,,5,False,0.0,19.0,0.0,-2.201496254173083,False,0.394800249940316,False,-2.201496254173083,False,0.2089414702524605,False,0.1822847366333008,False
2026,B,765,1780404300.0,False,-1,,5,False,0.0,29.0,0.0,-1.360999045650198,False,0.38544386247074375,False,-1.360999045650198,False,0.18860733281442676,False,0.15706214904785154,False
2026,B,766,1780404360.0,False,-1,,5,False,0.0,19.0,0.0,-2.3280486498910538,False,0.38479223359456793,False,-2.3280486498910538,False,0.2089414702524605,False,0.17302665710449222,False
2026,B,767,1780404420.0,False,-1,,5,False,0.0,27.0,0.0,-1.1780889374153265,False,0.3825546259385068,False,-1.1780889374153265,False,0.1917524814136692,False,0.1550663948059082,False
2026,B,768,1780404480.0,False,-1,,5,False,0.0,33.0,0.0,-1.4253881905560197,False,0.3961594175176107,False,-1.4253881905560197,False,0.18318927131306834,False,0.17055578231811525,False
2026,B,769,1780404540.0,False,-1,,5,True,0.0,103.0,0.0,0.14475879793660518,False,0.6669387382670373,False,0.14475879793660518,False,0.14710047269228757,False,0.17728366851806643,False
2026,B,770,1780404600.0,False,-1,,5,True,0.0,250.0,0.0,0.31142845087882165,False,0.7225009464208405,True,0.31142845087882165,False,0.12873733842114232,False,0.18926734924316374,False
2026,B,771,1780404660.0,False,-1,,5,True,0.0,167.0,0.0,0.4959604875151671,False,0.6913498397255295,False,0.4959604875151671,False,0.13632220168533948,False,0.15316629409790042,False
2026,B,772,1780404720.0,True,64,resource_exhaustion,5,False,3.0,31.0,0.0,5.424816825084396,True,0.6824092866001394,False,5.424816825084396,True,1.0,True,5000000000.0,True
2026,B,773,1780404780.0,True,64,resource_exhaustion,5,False,6.0,26.0,0.0,5.424816825084396,True,0.6876702137311714,False,5.424816825084396,True,1.0,True,5000000000.0,True
2026,B,774,1780404840.0,True,64,resource_exhaustion,5,False,3.0,18.0,0.0,5.424816825084396,True,0.699147470796366,False,5.424816825084396,True,1.0,True,3999999999.9999995,True
2026,B,775,1780404900.0,True,64,resource_exhaustion,5,False,1.0,23.0,0.0,5.424816825084396,True,0.6812333063040921,False,5.424816825084396,True,5.745509067478818e-05,False,0.30876474380493163,False
2026,B,776,1780404960.0,False,-1,,5,False,0.0,27.0,0.0,-1.756861463323692,False,0.3766960658165836,False,-1.756861463323692,False,0.1917524814136692,False,0.1608700275421142,False
2026,B,777,1780405020.0,False,-1,,5,False,0.0,24.0,0.0,-1.5967615828088633,False,0.37822021203706213,False,-1.5967615828088633,False,0.19718290174713954,False,0.1468101978302002,False
2026,B,778,1780405080.0,False,-1,,5,False,0.0,33.0,0.0,-1.0463639022029243,False,0.40793417809604754,False,-1.0463639022029243,False,0.18318927131306834,False,0.16637086868286133,False
2026,B,779,1780405140.0,False,-1,,5,False,0.0,21.0,0.0,-1.6008984132316746,False,0.38970083422217267,False,-1.6008984132316746,False,0.20373505883050388,False,0.1535282135009766,False
2026,B,780,1780405200.0,False,-1,,5,False,0.0,30.0,0.0,-1.200022692152995,False,0.40370765029776223,False,-1.200022692152995,False,0.1871529693873599,False,0.1495081901550293,False
2026,B,781,1780405260.0,False,-1,,5,False,1.0,33.0,0.0,-0.4787099110025643,False,0.6038781542260468,False,-0.4787099110025643,False,0.00012925648558879276,False,0.15253782272338867,False
2026,B,782,1780405320.0,False,-1,,5,False,0.0,19.0,0.0,-1.3278642967233365,False,0.4117725401243875,False,-1.3278642967233365,False,0.2089414702524605,False,0.13727364540100098,False
2026,B,783,1780405380.0,False,-1,,5,False,0.0,30.0,0.0,-1.4882209978055485,False,0.3855702794455306,False,-1.4882209978055485,False,0.1871529693873599,False,0.1750575304031372,False
2026,B,784,1780405440.0,False,-1,,5,False,0.0,32.0,0.0,-0.932516670083178,False,0.4367822247825483,False,-0.932516670083178,False,0.18444920793487726,False,0.165596604347229,False
2026,B,785,1780405500.0,False,-1,,5,False,0.0,30.0,0.0,-1.111770539565411,False,0.4120711122986619,False,-1.111770539565411,False,0.1871529693873599,False,0.1527266025543213,False
2026,B,786,1780405560.0,False,-1,,5,False,0.0,30.0,0.0,-1.6287756912227724,False,0.39576785264811004,False,-1.6287756912227724,False,0.1871529693873599,False,0.16620872020721436,False
2026,B,787,1780405620.0,True,65,permission_denied,5,False,0.0,33.0,0.0,3.583545591247002,True,0.3982140606876825,False,3.583545591247002,True,1.0,True,12000000000.0,True
2026,B,788,1780405680.0,True,65,permission_denied,5,False,0.0,28.0,0.0,2.8174558167380246,True,0.40246506892168027,False,2.8174558167380246,True,1.0,True,7999999999.999999,True
2026,B,789,1780405740.0,True,65,permission_denied,5,False,0.0,26.0,0.0,3.7193726408194054,True,0.39130610622421536,False,3.7193726408194054,True,1.0,True,13000000000.0,True
2026,B,790,1780405800.0,True,65,permission_denied,5,False,0.0,31.0,0.0,4.370913143369438,True,0.4043835642790079,False,4.370913143369438,True,1.0,True,18000000000.0,True
2026,B,791,1780405860.0,True,65,permission_denied,5,False,0.0,22.0,0.0,-0.4712392224387978,False,0.39545484117837165,False,-0.4712392224387978,False,1.0,True,1999999999.9999998,True
2026,B,792,1780405920.0,False,-1,,5,False,0.0,26.0,0.0,-1.190066493260428,False,0.4100798354471727,False,-1.190066493260428,False,0.19345838717882127,False,0.18044710159301758,False
2026,B,793,1780405980.0,False,-1,,5,False,0.0,28.0,0.0,-1.7347149282112442,False,0.40001393668791646,False,-1.7347149282112442,False,0.19013814265818824,False,0.19035873413085938,False
2026,B,794,1780406040.0,False,-1,,5,False,0.0,27.0,0.0,-1.7974821268974388,False,0.38253300453776357,False,-1.7974821268974388,False,0.1917524814136692,False,0.1782607078552246,False
2026,B,795,1780406100.0,False,-1,,5,False,0.0,26.0,0.0,-1.8714003161970325,False,0.3846764958286659,False,-1.8714003161970325,False,0.19345838717882127,False,0.157623291015625,False
2026,B,796,1780406160.0,False,-1,,5,False,0.0,22.0,0.0,-1.7279309224417503,False,0.3971148425222639,False,-1.7279309224417503,False,0.20140271571692986,False,0.14480893611907958,False
2026,B,797,1780406220.0,False,-1,,5,False,0.0,25.0,0.0,-0.571644538116451,False,0.40515346288918996,False,-0.571644538116451,False,0.19526502570377902,False,0.1537679672241211,False
2026,B,798,1780406280.0,False,-1,,5,False,0.0,40.0,0.0,-1.2762005566110748,False,0.4583714878948679,False,-1.2762005566110748,False,0.17571640844950012,False,0.18272128105163574,False
2026,B,799,1780406340.0,False,-1,,5,False,0.0,28.0,0.0,-1.5611101359300852,False,0.3804905153603996,False,-1.5611101359300852,False,0.19013814265818824,False,0.14709286689758302,False
2026,B,800,1780406400.0,False,-1,,5,False,0.0,23.0,0.0,-1.8619852177135083,False,0.3767039949024354,False,-1.8619852177135083,False,0.1992241207700216,False,0.14616494178771972,False
2026,B,801,1780406460.0,False,-1,,5,False,0.0,16.0,0.0,-1.1242720466133242,False,0.40435190477381516,False,-1.1242720466133242,False,0.21852058284895462,False,0.14816701412200928,False
2026,B,802,1780406520.0,True,66,config_error,5,False,0.0,19.0,0.0,-1.1240001652438174,False,0.38267255934658095,False,-1.1240001652438174,False,1.0,True,999999999.9999999,True
2026,B,803,1780406580.0,True,66,config_error,5,False,0.0,23.0,0.0,5.249210738790074,True,0.4278706585103256,False,5.249210738790074,True,1.0,True,23000000000.0,True
2026,B,804,1780406640.0,True,66,config_error,5,False,0.0,29.0,0.0,4.819404884207474,True,0.4137523615038717,False,4.819404884207474,True,1.0,True,24000000000.0,True
2026,B,805,1780406700.0,True,66,config_error,5,False,0.0,30.0,0.0,2.0913499486466787,True,0.40603262823538777,False,2.0913499486466787,True,1.0,True,6000000000.0,True
2026,B,806,1780406760.0,False,-1,,5,False,0.0,33.0,0.0,-1.5821223765619585,False,0.3933068706538491,False,-1.5821223765619585,False,0.18318927131306834,False,0.15869626998901365,False
2026,B,807,1780406820.0,False,-1,,5,False,0.0,19.0,0.0,-2.0849745739647814,False,0.38587730292097605,False,-2.0849745739647814,False,0.2089414702524605,False,0.1491645336151123,False
2026,B,808,1780406880.0,False,-1,,5,False,1.0,25.0,0.0,-0.940471667540697,False,0.5987293658120441,False,-0.940471667540697,False,7.80818512845175e-05,False,0.17181262969970704,False
2026,B,809,1780406940.0,False,-1,,5,False,0.0,32.0,0.0,-1.6347038019849913,False,0.39864798683268315,False,-1.6347038019849913,False,0.18444920793487726,False,0.17728054523468018,False
2026,B,810,1780407000.0,False,-1,,5,False,0.0,22.0,0.0,-1.640528360774093,False,0.4105257488688399,False,-1.640528360774093,False,0.20140271571692986,False,0.1813681602478027,False
2026,B,811,1780407060.0,False,-1,,5,False,0.0,33.0,0.0,-1.6091412344617888,False,0.39739824216384945,False,-1.6091412344617888,False,0.18318927131306834,False,0.17235755920410156,False
2026,B,812,1780407120.0,False,-1,,5,False,0.0,24.0,0.0,-1.2707898839843175,False,0.39749725229429433,False,-1.2707898839843175,False,0.19718290174713954,False,0.13656961917877197,False
2026,B,813,1780407180.0,True,67,config_error,5,False,0.0,26.0,0.0,2.3236328390942096,True,0.39387920940000193,False,2.3236328390942096,True,1.0,True,6000000000.0,True
2026,B,814,1780407240.0,True,67,config_error,5,False,0.0,27.0,0.0,5.031120855913377,True,0.424380074139186,False,5.031120855913377,True,1.0,True,25000000000.0,True
2026,B,815,1780407300.0,True,67,config_error,5,False,0.0,27.0,0.0,5.153706683104053,True,0.4272689219371966,False,5.153706683104053,True,1.0,True,26000000000.0,True
2026,B,816,1780407360.0,True,67,config_error,5,False,0.0,22.0,0.0,3.8960097483543175,True,0.40910067333288463,False,3.8960097483543175,True,1.0,True,13000000000.0,True
2026,B,817,1780407420.0,False,-1,,5,False,0.0,30.0,0.0,-1.1114337934259497,False,0.38704238246006745,False,-1.1114337934259497,False,0.1871529693873599,False,0.14770867824554446,False
2026,B,818,1780407480.0,False,-1,,5,False,0.0,30.0,0.0,-1.551588625737244,False,0.3877054506689973,False,-1.551588625737244,False,0.1871529693873599,False,0.15859735012054443,False
2026,B,819,1780407540.0,False,-1,,5,False,0.0,32.0,0.0,-1.613052624637584,False,0.39626097941422705,False,-1.613052624637584,False,0.18444920793487726,False,0.18698093891143802,False
2026,B,820,1780407600.0,False,-1,,5,False,0.0,40.0,0.0,-0.796934647386311,False,0.45462047716955856,False,-0.796934647386311,False,0.17571640844950012,False,0.15837206840515136,False
2026,B,821,1780407660.0,False,-1,,5,False,0.0,26.0,0.0,-2.0584123214755268,False,0.3718045637802272,False,-2.0584123214755268,False,0.19345838717882127,False,0.16335904598236084,False
2026,B,822,1780407720.0,False,-1,,5,False,0.0,27.0,0.0,-0.5017794578919998,False,0.4129889262619384,False,-0.5017794578919998,False,0.1917524814136692,False,0.13704843521118165,False
2026,B,823,1780407780.0,False,-1,,5,False,0.0,24.0,0.0,-1.9289100682124527,False,0.3719228732298682,False,-1.9289100682124527,False,0.19718290174713954,False,0.15412275791168212,False
2026,B,824,1780407840.0,False,-1,,5,False,0.0,17.0,0.0,-1.0916978743134829,False,0.42973370907202557,False,-1.0916978743134829,False,0.2150452435826018,False,0.12256145477294922,False
2026,B,825,1780407900.0,False,-1,,5,False,0.0,37.0,0.0,-0.6736043225952244,False,0.44261673536698115,False,-0.6736043225952244,False,0.178663406722125,False,0.14360570907592773,False
2026,B,826,1780407960.0,False,-1,,5,False,0.0,21.0,0.0,-2.070277112323385,False,0.3935946453574341,False,-2.070277112323385,False,0.20373505883050388,False,0.18032026290893555,False
2026,B,827,1780408020.0,False,-1,,5,False,1.0,33.0,0.0,-0.4016028800283946,False,0.6152035229375467,False,-0.4016028800283946,False,0.00012925648558879276,False,0.18130693435668946,False
2026,B,828,1780408080.0,True,68,permission_denied,5,False,0.0,23.0,0.0,2.895894559104553,True,0.39123301115610154,False,2.895894559104553,True,1.0,True,7999999999.999999,True
2026,B,829,1780408140.0,True,68,permission_denied,5,False,0.0,34.0,0.0,4.063984345211177,True,0.40320571858969406,False,4.063984345211177,True,1.0,True,15999999999.999998,True
2026,B,830,1780408200.0,True,68,permission_denied,5,False,0.0,24.0,0.0,3.97221981123481,True,0.4058184405135711,False,3.97221981123481,True,1.0,True,14000000000.0,True
2026,B,831,1780408260.0,True,68,permission_denied,5,False,0.0,29.0,0.0,-0.21526932173955338,False,0.38030596042845544,False,-0.21526932173955338,False,1.0,True,1999999999.9999998,True
2026,B,832,1780408320.0,False,-1,,5,False,0.0,35.0,0.0,-0.12522566851450279,False,0.46056597886579925,False,-0.12522566851450279,False,0.18083097677659873,False,0.14482007026672358,False
2026,B,833,1780408380.0,False,-1,,5,False,0.0,28.0,0.0,-0.8108159167392275,False,0.4016327334048691,False,-0.8108159167392275,False,0.19013814265818824,False,0.16401057243347167,False
2026,B,834,1780408440.0,False,-1,,5,False,0.0,27.0,0.0,-1.3906763413997645,False,0.3830565866568929,False,-1.3906763413997645,False,0.1917524814136692,False,0.14787969589233396,False
2026,B,835,1780408500.0,False,-1,,5,False,0.0,25.0,0.0,-1.4494367339115106,False,0.3809297246916774,False,-1.4494367339115106,False,0.19526502570377902,False,0.15563592910766602,False
2026,B,836,1780408560.0,False,-1,,5,False,0.0,38.0,0.0,-0.6706058877810683,False,0.47192551952247375,False,-0.6706058877810683,False,0.17764318080360325,False,0.16020328998565678,False
2026,B,837,1780408620.0,False,-1,,5,False,0.0,32.0,0.0,-1.3910548944779437,False,0.3937171068700774,False,-1.3910548944779437,False,0.18444920793487726,False,0.1684781789779663,False
2026,B,838,1780408680.0,True,69,dependency_timeout,5,False,0.0,24.0,0.0,5.424816825084396,True,0.5047833055082104,False,5.424816825084396,True,1.0,True,3000000000.0,True
2026,B,839,1780408740.0,True,69,dependency_timeout,5,False,3.0,23.0,0.0,5.424816825084396,True,0.6712895739290374,False,5.424816825084396,True,1.0,True,7999999999.999999,True
2026,B,840,1780408800.0,True,69,dependency_timeout,5,False,2.0,23.0,0.0,5.424816825084396,True,0.668602377482279,False,5.424816825084396,True,1.0,True,6000000000.0,True
2026,B,841,1780408860.0,True,69,dependency_timeout,5,False,0.0,28.0,0.0,-1.922406465017188,False,0.3789645037826566,False,-1.922406465017188,False,0.19013814265818824,False,0.16650574207305907,False
2026,B,842,1780408920.0,False,-1,,5,False,0.0,25.0,0.0,-1.6352655275437806,False,0.40540087591209323,False,-1.6352655275437806,False,0.19526502570377902,False,0.17058105468749993,False
2026,B,843,1780408980.0,False,-1,,5,False,0.0,21.0,0.0,-1.7209469216436775,False,0.386450688800363,False,-1.7209469216436775,False,0.20373505883050388,False,0.15749073028564456,False
2026,B,844,1780409040.0,False,-1,,5,False,1.0,29.0,0.0,-0.40644145203630266,False,0.6144120704374108,False,-0.40644145203630266,False,0.0001031732254221787,False,0.19427947998046874,False
2026,B,845,1780409100.0,False,-1,,5,False,0.0,39.0,0.0,-0.04931128941450247,False,0.47826033323637196,False,-0.04931128941450247,False,0.1766616625442775,False,0.1491197109222412,False
2026,B,846,1780409160.0,False,-1,,5,False,0.0,26.0,0.0,-1.79128410997295,False,0.37221092839226066,False,-1.79128410997295,False,0.19345838717882127,False,0.15457212924957278,False
2026,B,847,1780409220.0,False,-1,,5,False,0.0,28.0,0.0,-0.9961035085303527,False,0.4235232620742121,False,-0.9961035085303527,False,0.19013814265818824,False,0.21606242656707772,False
2026,B,848,1780409280.0,True,70,config_error,5,False,0.0,27.0,0.0,3.963661962562697,True,0.420870758389601,False,3.963661962562697,True,1.0,True,14000000000.0,True
2026,B,849,1780409340.0,True,70,config_error,5,False,0.0,26.0,0.0,4.8825012489214945,True,0.4376663238383274,False,4.8825012489214945,True,1.0,True,23000000000.0,True
2026,B,850,1780409400.0,True,70,config_error,5,False,0.0,27.0,0.0,4.849539784008304,True,0.4547496097347447,False,4.849539784008304,True,1.0,True,23000000000.0,True
2026,B,851,1780409460.0,True,70,config_error,5,False,0.0,24.0,0.0,4.304133735877175,True,0.4003712774603498,False,4.304133735877175,True,1.0,True,16999999999.999998,True
2026,B,852,1780409520.0,False,-1,,5,False,0.0,30.0,0.0,-1.036032908817579,False,0.40462035542596614,False,-1.036032908817579,False,0.1871529693873599,False,0.1466559410095215,False
2026,B,853,1780409580.0,False,-1,,5,False,0.0,31.0,0.0,-1.7895470118962065,False,0.3841135023800782,False,-1.7895470118962065,False,0.18576878440398611,False,0.16773223876953125,False
2026,B,854,1780409640.0,False,-1,,5,False,0.0,29.0,0.0,-1.3072594847954457,False,0.39562598353359396,False,-1.3072594847954457,False,0.18860733281442676,False,0.17824878692626953,False
2026,B,855,1780409700.0,False,-1,,5,False,0.0,38.0,0.0,-0.8766513791495898,False,0.4366799965723223,False,-0.8766513791495898,False,0.17764318080360325,False,0.17965250015258794,False
2026,B,856,1780409760.0,False,-1,,5,False,0.0,24.0,0.0,1.0032196551735098,True,0.45640785379509063,False,1.0032196551735098,True,0.19718290174713954,False,0.1714034080505371,False
2026,B,857,1780409820.0,False,-1,,5,False,0.0,27.0,0.0,-1.8596210613847655,False,0.38633339650412424,False,-1.8596210613847655,False,0.1917524814136692,False,0.16144971847534176,False
2026,B,858,1780409880.0,False,-1,,5,False,1.0,30.0,0.0,-0.4072438591812837,False,0.6159878152799121,False,-0.4072438591812837,False,0.00010962067065802088,False,0.18563945293426515,False
2026,B,859,1780409940.0,True,71,dependency_timeout,5,False,0.0,24.0,0.0,5.424816825084396,True,0.46409261160064585,False,5.424816825084396,True,1.0,True,3000000000.0,True
2026,B,860,1780410000.0,True,71,dependency_timeout,5,False,3.0,26.0,0.0,5.424816825084396,True,0.6708664660409591,False,5.424816825084396,True,1.0,True,7999999999.999999,True
2026,B,861,1780410060.0,True,71,dependency_timeout,5,False,5.0,39.0,0.0,5.424816825084396,True,0.6699382774955257,False,5.424816825084396,True,1.0,True,15999999999.999998,True
2026,B,862,1780410120.0,True,71,dependency_timeout,5,False,2.0,28.0,0.0,5.424816825084396,True,0.6480389865405968,False,5.424816825084396,True,1.0,True,3999999999.9999995,True
2026,B,863,1780410180.0,False,-1,,6,False,0.0,29.0,0.0,-1.8850135363218525,False,0.38602840066771865,False,-1.8850135363218525,False,0.18860733281442676,False,0.17339115142822265,False
2026,B,864,1780410240.0,False,-1,,6,False,0.0,22.0,0.0,-0.7254614787343234,False,0.422904403782332,False,-0.7254614787343234,False,0.20140271571692986,False,0.16845283508300782,False
2026,B,865,1780410300.0,False,-1,,6,False,0.0,34.0,0.0,-1.4077965544688702,False,0.4068032519820323,False,-1.4077965544688702,False,0.1819845262378267,False,0.15684533119201663,False
2026,B,866,1780410360.0,False,-1,,6,False,0.0,25.0,0.0,-1.2120056947436915,False,0.40700657590413236,False,-1.2120056947436915,False,0.19526502570377902,False,0.18055257797241198,False
2026,B,867,1780410420.0,False,-1,,6,False,0.0,24.0,0.0,-2.1367369899588313,False,0.38366703873655766,False,-2.1367369899588313,False,0.19718290174713954,False,0.1806018590927124,False
2026,B,868,1780410480.0,False,-1,,6,False,0.0,21.0,0.0,-1.9615833680297774,False,0.39388855727222566,False,-1.9615833680297774,False,0.20373505883050388,False,0.1538681983947754,False
2026,B,869,1780410540.0,False,-1,,6,False,0.0,21.0,0.0,-1.3151696708151501,False,0.3981487267954373,False,-1.3151696708151501,False,0.20373505883050388,False,0.1444954872131348,False
2026,B,870,1780410600.0,False,-1,,6,False,0.0,26.0,0.0,-1.8669112470192495,False,0.3839546027903959,False,-1.8669112470192495,False,0.19345838717882127,False,0.15548169612884521,False
2026,B,871,1780410660.0,False,-1,,6,False,0.0,26.0,0.0,-1.897956974809265,False,0.3887279399312733,False,-1.897956974809265,False,0.19345838717882127,False,0.17298400402069092,False
2026,B,872,1780410720.0,True,72,config_error,6,False,0.0,23.0,0.0,3.198271041844374,True,0.38716269600779485,False,3.198271041844374,True,1.0,True,10000000000.0,True
2026,B,873,1780410780.0,True,72,config_error,6,False,0.0,29.0,0.0,5.113209271170724,True,0.4368842894292179,False,5.113209271170724,True,1.0,True,27000000000.0,True
2026,B,874,1780410840.0,True,72,config_error,6,False,0.0,38.0,0.0,5.193703375966442,True,0.45516990506392496,False,5.193703375966442,True,1.0,True,35000000000.0,True
2026,B,875,1780410900.0,True,72,config_error,6,False,0.0,22.0,0.0,3.7528460855425836,True,0.4061565736536545,False,3.7528460855425836,True,1.0,True,13000000000.0,True
2026,B,876,1780410960.0,False,-1,,6,False,0.0,34.0,0.0,-1.488503643706827,False,0.40766353308775427,False,-1.488503643706827,False,0.1819845262378267,False,0.17029497623443607,False
2026,B,877,1780411020.0,False,-1,,6,False,0.0,35.0,0.0,-1.536577473404841,False,0.41941248719536955,False,-1.536577473404841,False,0.18083097677659873,False,0.1786017894744872,False
2026,B,878,1780411080.0,False,-1,,6,False,0.0,32.0,0.0,-0.18666349571994978,False,0.4202814758347972,False,-0.18666349571994978,False,0.18444920793487726,False,0.14007523059844973,False
2026,B,879,1780411140.0,False,-1,,6,False,0.0,25.0,0.0,-1.7332706901138826,False,0.3789366432282409,False,-1.7332706901138826,False,0.19526502570377902,False,0.17000646591186525,False
2026,B,880,1780411200.0,False,-1,,6,False,0.0,33.0,0.0,-1.3639507473479453,False,0.39879151004276014,False,-1.3639507473479453,False,0.18318927131306834,False,0.16258621215820312,False
2026,B,881,1780411260.0,False,-1,,6,False,0.0,42.0,0.0,-0.7504491460970444,False,0.4673906629188536,False,-0.7504491460970444,False,0.17392595371475478,False,0.15604846477508544,False
2026,B,882,1780411320.0,False,-1,,6,False,1.0,37.0,0.0,-0.33240671405572897,False,0.6214497868302903,False,-0.33240671405572897,False,0.00015590039775277987,False,0.15234107971191407,False
2026,B,883,1780411380.0,False,-1,,6,False,0.0,28.0,0.0,-1.4225787415628623,False,0.4048068933527896,False,-1.4225787415628623,False,0.19013814265818824,False,0.20035645961761478,False
2026,B,884,1780411440.0,False,-1,,6,False,0.0,29.0,0.0,-1.8019379919334808,False,0.3814580242253533,False,-1.8019379919334808,False,0.18860733281442676,False,0.1771907806396484,False
2026,B,885,1780411500.0,True,73,dependency_timeout,6,False,0.0,24.0,0.0,5.424816825084396,True,0.5224206359663005,False,5.424816825084396,True,1.0,True,6000000000.0,True
2026,B,886,1780411560.0,True,73,dependency_timeout,6,False,2.0,21.0,0.0,5.424816825084396,True,0.6766634829405288,False,5.424816825084396,True,1.0,True,7000000000.0,True
2026,B,887,1780411620.0,True,73,dependency_timeout,6,False,3.0,31.0,0.0,5.424816825084396,True,0.6654725664902645,False,5.424816825084396,True,1.0,True,7000000000.0,True
2026,B,888,1780411680.0,False,-1,,6,False,0.0,29.0,0.0,-1.199340085384999,False,0.39434643355489973,False,-1.199340085384999,False,0.18860733281442676,False,0.1837649345397949,False
2026,B,889,1780411740.0,False,-1,,6,False,0.0,24.0,0.0,-1.6889005296292945,False,0.39399253061302614,False,-1.6889005296292945,False,0.19718290174713954,False,0.18665904998779298,False
2026,B,890,1780411800.0,False,-1,,6,False,0.0,27.0,0.0,-0.8572493727391715,False,0.4304372764697383,False,-0.8572493727391715,False,0.1917524814136692,False,0.198049783706665,False
2026,B,891,1780411860.0,False,-1,,6,False,0.0,22.0,0.0,-0.8431211993202705,False,0.4180011126214091,False,-0.8431211993202705,False,0.20140271571692986,False,0.1500714063644409,False
2026,B,892,1780411920.0,False,-1,,6,False,0.0,34.0,0.0,-1.3007043925071402,False,0.4163245099102746,False,-1.3007043925071402,False,0.1819845262378267,False,0.1839228630065918,False
2026,B,893,1780411980.0,True,74,resource_exhaustion,6,False,0.0,41.0,0.0,5.424816825084396,True,0.5889745037982689,False,5.424816825084396,True,0.1748051866130104,False,0.2879514694213869,False
2026,B,894,1780412040.0,True,74,resource_exhaustion,6,False,8.0,29.0,0.0,5.424816825084396,True,0.6874089886607637,False,5.424816825084396,True,1.0,True,7999999999.999999,True
2026,B,895,1780412100.0,True,74,resource_exhaustion,6,False,4.0,17.0,0.0,5.424816825084396,True,0.7052469046156216,False,5.424816825084396,True,1.0,True,3999999999.9999995,True
2026,B,896,1780412160.0,True,74,resource_exhaustion,6,False,3.0,29.0,0.0,5.424816825084396,True,0.681417163755365,False,5.424816825084396,True,1.0,True,3000000000.0,True
2026,B,897,1780412220.0,True,74,resource_exhaustion,6,False,2.0,28.0,0.0,5.424816825084396,True,0.6649113764238285,False,5.424816825084396,True,1.0,True,999999999.9999999,True
2026,B,898,1780412280.0,False,-1,,6,False,0.0,21.0,0.0,-2.1599083177564413,False,0.3967249909829412,False,-2.1599083177564413,False,0.20373505883050388,False,0.16428041458129883,False
2026,B,899,1780412340.0,False,-1,,6,False,0.0,24.0,0.0,-1.8988385686092073,False,0.3755523834621804,False,-1.8988385686092073,False,0.19718290174713954,False,0.15189988613128663,False
2026,B,900,1780412400.0,False,-1,,6,False,0.0,32.0,0.0,-0.8027221311574282,False,0.4079078197506624,False,-0.8027221311574282,False,0.18444920793487726,False,0.13672897815704346,False
2026,B,901,1780412460.0,False,-1,,6,False,0.0,42.0,0.0,-0.8539175452441059,False,0.477044328614761,False,-0.8539175452441059,False,0.17392595371475478,False,0.15938622951507564,False
2026,B,902,1780412520.0,False,-1,,6,False,0.0,28.0,0.0,-0.9396473623129618,False,0.40538053413060154,False,-0.9396473623129618,False,0.19013814265818824,False,0.18209264278411869,False
2026,B,903,1780412580.0,False,-1,,6,False,0.0,25.0,0.0,-1.2335447970419215,False,0.405661031127977,False,-1.2335447970419215,False,0.19526502570377902,False,0.14859781265258787,False
2026,B,904,1780412640.0,False,-1,,6,False,0.0,38.0,0.0,-1.403745297425158,False,0.4330474793822703,False,-1.403745297425158,False,0.17764318080360325,False,0.17633957862854013,False
2026,B,905,1780412700.0,True,75,permission_denied,6,False,0.0,28.0,0.0,1.9461878457147703,True,0.409419515849278,False,1.9461878457147703,True,1.0,True,5000000000.0,True
2026,B,906,1780412760.0,True,75,permission_denied,6,False,0.0,23.0,0.0,2.296137742143123,True,0.3882411313092653,False,2.296137742143123,True,1.0,True,7000000000.0,True
2026,B,907,1780412820.0,True,75,permission_denied,6,False,0.0,29.0,0.0,4.094619486927371,True,0.43873653575698063,False,4.094619486927371,True,1.0,True,15000000000.0,True
2026,B,908,1780412880.0,True,75,permission_denied,6,False,0.0,39.0,0.0,3.800532455268245,True,0.42851494066635665,False,3.800532455268245,True,1.0,True,12000000000.0,True
2026,B,909,1780412940.0,False,-1,,6,False,0.0,39.0,0.0,-0.3273047646278373,False,0.475859334613231,False,-0.3273047646278373,False,0.1766616625442775,False,0.15792689323425288,False
2026,B,910,1780413000.0,False,-1,,6,False,0.0,33.0,0.0,-1.4718490966191826,False,0.39842515900882974,False,-1.4718490966191826,False,0.18318927131306834,False,0.16420211791992187,False
2026,B,911,1780413060.0,False,-1,,6,False,0.0,37.0,0.0,-0.7722346439124106,False,0.4294309014377596,False,-0.7722346439124106,False,0.178663406722125,False,0.14487342834472658,False
2026,B,912,1780413120.0,False,-1,,6,False,0.0,30.0,0.0,-1.165207965937416,False,0.39853268464484387,False,-1.165207965937416,False,0.1871529693873599,False,0.14845764636993408,False
2026,B,913,1780413180.0,False,-1,,6,False,0.0,29.0,0.0,-1.9294699907915138,False,0.38188133745731695,False,-1.9294699907915138,False,0.18860733281442676,False,0.17509965896606444,False
2026,B,914,1780413240.0,False,-1,,6,False,0.0,26.0,0.0,-0.40385002789152846,False,0.422599586878342,False,-0.40385002789152846,False,0.19345838717882127,False,0.12918472290039065,False
2026,B,915,1780413300.0,False,-1,,6,False,0.0,32.0,0.0,-0.8663106073125526,False,0.394183972231377,False,-0.8663106073125526,False,0.18444920793487726,False,0.14743871688842775,False
2026,B,916,1780413360.0,False,-1,,6,False,0.0,32.0,0.0,-1.6011796988372886,False,0.3877682642080883,False,-1.6011796988372886,False,0.18444920793487726,False,0.15843107700347903,False
2026,B,917,1780413420.0,False,-1,,6,False,0.0,36.0,0.0,-1.1565599854637236,False,0.45659916527734373,False,-1.1565599854637236,False,0.17972502190674433,False,0.19027769565582273,False
2026,B,918,1780413480.0,False,-1,,6,False,0.0,29.0,0.0,-1.4983333646634192,False,0.39575553624541937,False,-1.4983333646634192,False,0.18860733281442676,False,0.1927475929260254,False
2026,B,919,1780413540.0,False,-1,,6,False,1.0,28.0,0.0,-0.4078032942426484,False,0.6166367000823603,False,-0.4078032942426484,False,9.678683370321872e-05,False,0.19052388668060305,False
2026,B,920,1780413600.0,True,76,permission_denied,6,False,0.0,34.0,0.0,0.9402609513709059,True,0.4421090100281324,False,0.9402609513709059,True,1.0,True,1999999999.9999998,True
2026,B,921,1780413660.0,True,76,permission_denied,6,False,0.0,28.0,0.0,3.549560517412961,True,0.39199709006087197,False,3.549560517412961,True,1.0,True,12000000000.0,True
2026,B,922,1780413720.0,True,76,permission_denied,6,False,0.0,38.0,0.0,3.9876299450747217,True,0.4292468214116429,False,3.9876299450747217,True,1.0,True,15000000000.0,True
2026,B,923,1780413780.0,True,76,permission_denied,6,False,0.0,24.0,0.0,-0.009948412195784684,False,0.3986192785246052,False,-0.009948412195784684,False,1.0,True,1999999999.9999998,True
2026,B,924,1780413840.0,False,-1,,6,False,0.0,36.0,0.0,-1.370861980682454,False,0.4349654993922357,False,-1.370861980682454,False,0.17972502190674433,False,0.187640905380249,False
2026,B,925,1780413900.0,False,-1,,6,False,0.0,28.0,0.0,-0.64355681483155,False,0.39548096875283917,False,-0.64355681483155,False,0.19013814265818824,False,0.14043493270874025,False
2026,B,926,1780413960.0,False,-1,,6,False,1.0,33.0,0.0,-0.7271652404172126,False,0.6036263941679704,False,-0.7271652404172126,False,0.00012925648558879276,False,0.17529697418212892,False
2026,B,927,1780414020.0,False,-1,,6,False,0.0,31.0,0.0,-1.0190865100010402,False,0.394939488216116,False,-1.0190865100010402,False,0.18576878440398611,False,0.14690446853637693,False
2026,B,928,1780414080.0,False,-1,,6,False,0.0,31.0,0.0,-0.9421246159648486,False,0.40330890530987606,False,-0.9421246159648486,False,0.18576878440398611,False,0.13810157775878906,False
2026,B,929,1780414140.0,False,-1,,6,False,0.0,38.0,0.0,-1.2716374066153433,False,0.4352074961570743,False,-1.2716374066153433,False,0.17764318080360325,False,0.16275107860565188,False
2026,B,930,1780414200.0,True,77,resource_exhaustion,6,False,0.0,26.0,0.0,-1.846896991918432,False,0.3825672096294069,False,-1.846896991918432,False,0.19345838717882127,False,0.17637193202972412,False
2026,B,931,1780414260.0,True,77,resource_exhaustion,6,False,5.0,40.0,0.0,5.424816825084396,True,0.6903183796583393,False,5.424816825084396,True,1.0,True,6000000000.0,True
2026,B,932,1780414320.0,True,77,resource_exhaustion,6,False,2.0,24.0,0.0,5.424816825084396,True,0.6847761834154278,False,5.424816825084396,True,1.0,True,1999999999.9999998,True
2026,B,933,1780414380.0,True,77,resource_exhaustion,6,False,2.0,25.0,0.0,5.424816825084396,True,0.6739968572270006,False,5.424816825084396,True,1.0,True,1999999999.9999998,True
2026,B,934,1780414440.0,False,-1,,6,False,0.0,27.0,0.0,-0.7362359784536494,False,0.4010665407847387,False,-0.7362359784536494,False,0.1917524814136692,False,0.15904035568237304,False
2026,B,935,1780414500.0,False,-1,,6,False,1.0,25.0,0.0,-0.5416534461909341,False,0.6045303761356045,False,-0.5416534461909341,False,7.80818512845175e-05,False,0.15267915725708003,False
2026,B,936,1780414560.0,False,-1,,6,False,0.0,26.0,0.0,-2.1103942416346833,False,0.3717124808119756,False,-2.1103942416346833,False,0.19345838717882127,False,0.16862154006958008,False
2026,B,937,1780414620.0,False,-1,,6,False,0.0,32.0,0.0,-1.4414085387510394,False,0.39008199189371795,False,-1.4414085387510394,False,0.18444920793487726,False,0.1516871929168701,False
2026,B,938,1780414680.0,False,-1,,6,False,0.0,31.0,0.0,-1.0602631857304194,False,0.3885791248896826,False,-1.0602631857304194,False,0.18576878440398611,False,0.14954447746276855,False
2026,B,939,1780414740.0,False,-1,,6,False,0.0,29.0,0.0,-1.6626731313733876,False,0.3854052403198865,False,-1.6626731313733876,False,0.18860733281442676,False,0.15760269165039062,False
2026,B,940,1780414800.0,False,-1,,6,False,0.0,26.0,0.0,-1.363509473011236,False,0.38978596481554273,False,-1.363509473011236,False,0.19345838717882127,False,0.13646602630615234,False
2026,B,941,1780414860.0,False,-1,,6,False,0.0,30.0,0.0,-1.4761160796549628,False,0.38521576357765785,False,-1.4761160796549628,False,0.1871529693873599,False,0.14590353965759278,False
2026,B,942,1780414920.0,False,-1,,6,False,0.0,29.0,0.0,-1.292332811646097,False,0.38063896562205846,False,-1.292332811646097,False,0.18860733281442676,False,0.1588431358337402,False
2026,B,943,1780414980.0,True,78,dependency_timeout,6,False,2.0,32.0,0.0,5.424816825084396,True,0.6652966863974841,False,5.424816825084396,True,1.0,True,7999999999.999999,True
2026,B,944,1780415040.0,True,78,dependency_timeout,6,False,0.0,33.0,0.0,5.424816825084396,True,0.5265086302284524,False,5.424816825084396,True,1.0,True,13000000000.0,True
2026,B,945,1780415100.0,True,78,dependency_timeout,6,False,5.0,36.0,0.0,5.424816825084396,True,0.6646231304983438,False,5.424816825084396,True,1.0,True,10000000000.0,True
2026,B,946,1780415160.0,False,-1,,6,False,0.0,32.0,0.0,-1.2224405444126116,False,0.4084468967655418,False,-1.2224405444126116,False,0.18444920793487726,False,0.15831658840179444,False
2026,B,947,1780415220.0,False,-1,,6,False,0.0,26.0,0.0,-1.7118264137731138,False,0.37502692081429495,False,-1.7118264137731138,False,0.19345838717882127,False,0.1530611515045166,False
2026,B,948,1780415280.0,False,-1,,6,False,0.0,24.0,0.0,-1.5616938587047624,False,0.37993506727871945,False,-1.5616938587047624,False,0.19718290174713954,False,0.14332284927368166,False
2026,B,949,1780415340.0,False,-1,,6,False,0.0,32.0,0.0,-1.6504145979389309,False,0.3983051688506547,False,-1.6504145979389309,False,0.18444920793487726,False,0.1734294414520264,False
2026,B,950,1780415400.0,False,-1,,6,False,0.0,28.0,0.0,-0.9217198904270507,False,0.3920417515918326,False,-0.9217198904270507,False,0.19013814265818824,False,0.1617896556854248,False
2026,B,951,1780415460.0,False,-1,,6,False,0.0,36.0,0.0,-0.7429755349011575,False,0.4360886284682552,False,-0.7429755349011575,False,0.17972502190674433,False,0.13890075683593747,False
2026,B,952,1780415520.0,False,-1,,6,False,0.0,27.0,0.0,-1.3290059765235958,False,0.3822078811721149,False,-1.3290059765235958,False,0.1917524814136692,False,0.14119033813476561,False
2026,B,953,1780415580.0,False,-1,,6,False,0.0,26.0,0.0,-0.9509564840824547,False,0.42138038502698916,False,-0.9509564840824547,False,0.19345838717882127,False,0.16373217105865479,False
2026,B,954,1780415640.0,True,79,config_error,6,True,0.0,123.0,0.0,4.663562621942816,True,0.6621417782326202,False,4.663562621942816,True,1.0,True,16999999999.999998,True
2026,B,955,1780415700.0,True,79,config_error,6,True,0.0,314.0,0.0,5.421200180352935,True,0.6892050687610013,False,5.421200180352935,True,1.0,True,285000000000.0,True
2026,B,956,1780415760.0,True,79,config_error,6,True,0.0,250.0,0.0,5.417925290489335,True,0.6844747632879277,False,5.417925290489335,True,1.0,True,224000000000.0,True
2026,B,957,1780415820.0,True,79,config_error,6,False,0.0,37.0,0.0,5.074918239616816,True,0.48980159846959326,False,5.074918239616816,True,1.0,True,30999999999.999996,True
2026,B,958,1780415880.0,False,-1,,6,False,0.0,31.0,0.0,-1.791405562241632,False,0.3857081256182634,False,-1.791405562241632,False,0.18576878440398611,False,0.17941164970397946,False
2026,B,959,1780415940.0,False,-1,,6,False,0.0,30.0,0.0,-1.5821008034350426,False,0.39805412682684244,False,-1.5821008034350426,False,0.1871529693873599,False,0.1972668886184693,False
2026,B,960,1780416000.0,False,-1,,6,False,0.0,24.0,0.0,-1.2696598900754825,False,0.389977871471123,False,-1.2696598900754825,False,0.19718290174713954,False,0.15810074806213378,False
2026,B,961,1780416060.0,False,-1,,6,False,0.0,35.0,0.0,-1.2696192210337713,False,0.41111180379037965,False,-1.2696192210337713,False,0.18083097677659873,False,0.16200551986694328,False
2026,B,962,1780416120.0,False,-1,,6,False,0.0,29.0,0.0,-1.776848212782328,False,0.3801190636118536,False,-1.776848212782328,False,0.18860733281442676,False,0.15671195983886718,False
2026,B,963,1780416180.0,False,-1,,6,False,0.0,33.0,0.0,-1.5394278831042092,False,0.39553850159550075,False,-1.5394278831042092,False,0.18318927131306834,False,0.1647653579711914,False
2026,B,964,1780416240.0,False,-1,,6,False,0.0,28.0,0.0,-1.6499402406078554,False,0.3774044517497381,False,-1.6499402406078554,False,0.19013814265818824,False,0.17447633743286137,False
2026,B,965,1780416300.0,True,80,config_error,6,False,0.0,31.0,0.0,4.550670228246501,True,0.43194419067535655,False,4.550670228246501,True,1.0,True,21000000000.0,True
2026,B,966,1780416360.0,True,80,config_error,6,False,1.0,29.0,0.0,5.010865417893027,True,0.62332565780809,False,5.010865417893027,True,1.0,True,25000000000.0,True
2026,B,967,1780416420.0,True,80,config_error,6,False,0.0,29.0,0.0,5.083767397242308,True,0.4391803536635621,False,5.083767397242308,True,1.0,True,27000000000.0,True
2026,B,968,1780416480.0,True,80,config_error,6,False,0.0,28.0,0.0,4.952746066447984,True,0.4111249131635266,False,4.952746066447984,True,1.0,True,25000000000.0,True
2026,B,969,1780416540.0,True,80,config_error,6,False,0.0,24.0,0.0,-1.1214201079478414,False,0.37769136788315033,False,-1.1214201079478414,False,1.0,True,999999999.9999999,True
2026,B,970,1780416600.0,False,-1,,6,False,0.0,20.0,0.0,-1.4856056372263549,False,0.43522880445977996,False,-1.4856056372263549,False,0.20624038581450158,False,0.2097141504287719,False
2026,B,971,1780416660.0,False,-1,,6,False,0.0,29.0,0.0,-1.7486567210134139,False,0.37467922561292194,False,-1.7486567210134139,False,0.18860733281442676,False,0.15391273498535157,False
2026,B,972,1780416720.0,False,-1,,6,False,0.0,31.0,0.0,-1.3889913404660224,False,0.39747281716086036,False,-1.3889913404660224,False,0.18576878440398611,False,0.15150046348571777,False
2026,B,973,1780416780.0,False,-1,,6,False,0.0,29.0,0.0,-1.0419260174342098,False,0.4091889980104227,False,-1.0419260174342098,False,0.18860733281442676,False,0.16214160919189452,False
2026,B,974,1780416840.0,False,-1,,6,False,0.0,18.0,0.0,-1.3535844328743911,False,0.39636134248016375,False,-1.3535844328743911,False,0.21186550166449922,False,0.14390642642974855,False
2026,B,975,1780416900.0,False,-1,,6,False,0.0,38.0,0.0,-0.24107342108423158,False,0.4618978960659878,False,-0.24107342108423158,False,0.17764318080360325,False,0.13214445114135745,False
2026,B,976,1780416960.0,False,-1,,6,False,0.0,29.0,0.0,-1.8966934387286374,False,0.3824875068608635,False,-1.8966934387286374,False,0.18860733281442676,False,0.17033386230468747,False
2026,B,977,1780417020.0,False,-1,,6,False,0.0,33.0,0.0,-1.1710575925086886,False,0.3938161774375548,False,-1.1710575925086886,False,0.18318927131306834,False,0.1495054244995117,False
2026,B,978,1780417080.0,True,81,resource_exhaustion,6,False,0.0,28.0,0.0,5.424816825084396,True,0.5495958402349582,False,5.424816825084396,True,0.19013814265818824,False,0.3209147691726685,False
2026,B,979,1780417140.0,True,81,resource_exhaustion,6,False,6.0,30.0,0.0,5.424816825084396,True,0.6860573468307911,False,5.424816825084396,True,1.0,True,6000000000.0,True
2026,B,980,1780417200.0,True,81,resource_exhaustion,6,False,5.0,33.0,0.0,5.424816825084396,True,0.6838371569590734,False,5.424816825084396,True,1.0,True,5000000000.0,True
2026,B,981,1780417260.0,True,81,resource_exhaustion,6,False,2.0,23.0,0.0,5.424816825084396,True,0.6852604590094507,False,5.424816825084396,True,1.0,True,1999999999.9999998,True
2026,B,982,1780417320.0,True,81,resource_exhaustion,6,False,2.0,25.0,0.0,5.424816825084396,True,0.6671938240468067,False,5.424816825084396,True,1.0,True,999999999.9999999,True
2026,B,983,1780417380.0,False,-1,,6,False,0.0,26.0,0.0,-1.5029561342233357,False,0.3959738562132302,False,-1.5029561342233357,False,0.19345838717882127,False,0.1521515846252441,False
2026,B,984,1780417440.0,False,-1,,6,False,0.0,27.0,0.0,-1.8569066073965566,False,0.37450503047595524,False,-1.8569066073965566,False,0.1917524814136692,False,0.16037673950195314,False
2026,B,985,1780417500.0,False,-1,,6,False,0.0,32.0,0.0,-1.3478849859020157,False,0.3911483518406099,False,-1.3478849859020157,False,0.18444920793487726,False,0.15207140445709233,False
2026,B,986,1780417560.0,False,-1,,6,False,0.0,36.0,0.0,-0.3657678898656167,False,0.44172659051065133,False,-0.3657678898656167,False,0.17972502190674433,False,0.1337566375732422,False
2026,B,987,1780417620.0,False,-1,,6,False,0.0,32.0,0.0,-0.8485176577394489,False,0.4219141391691604,False,-0.8485176577394489,False,0.18444920793487726,False,0.14273383617401122,False
2026,B,988,1780417680.0,True,82,dependency_timeout,6,False,1.0,25.0,0.0,5.424816825084396,True,0.6836750578356846,False,5.424816825084396,True,1.0,True,10000000000.0,True
2026,B,989,1780417740.0,True,82,dependency_timeout,6,False,3.0,32.0,0.0,5.424816825084396,True,0.666533076865672,False,5.424816825084396,True,1.0,True,11000000000.0,True
2026,B,990,1780417800.0,True,82,dependency_timeout,6,False,7.0,34.0,0.0,5.424816825084396,True,0.683746950878332,False,5.424816825084396,True,1.0,True,15999999999.999998,True
2026,B,991,1780417860.0,True,82,dependency_timeout,6,False,0.0,16.0,0.0,5.424816825084396,True,0.540011550569135,False,5.424816825084396,True,1.0,True,10000000000.0,True
2026,B,992,1780417920.0,True,82,dependency_timeout,6,False,2.0,37.0,0.0,5.424816825084396,True,0.654528145839137,False,5.424816825084396,True,1.0,True,999999999.9999999,True
2026,B,993,1780417980.0,False,-1,,6,False,0.0,34.0,0.0,-1.5146299413639452,False,0.4067189082010693,False,-1.5146299413639452,False,0.1819845262378267,False,0.17835881710052498,False
2026,B,994,1780418040.0,False,-1,,6,False,0.0,28.0,0.0,-1.4348025897554715,False,0.39435650941743194,False,-1.4348025897554715,False,0.19013814265818824,False,0.1866067409515381,False
2026,B,995,1780418100.0,False,-1,,6,False,0.0,29.0,0.0,-1.8996861726043592,False,0.376311720018914,False,-1.8996861726043592,False,0.18860733281442676,False,0.16321716308593748,False
2026,B,996,1780418160.0,False,-1,,6,False,0.0,25.0,0.0,-1.8411573007153965,False,0.37916874193844324,False,-1.8411573007153965,False,0.19526502570377902,False,0.14874954223632808,False
2026,B,997,1780418220.0,False,-1,,6,False,0.0,26.0,0.0,-1.9286695788730173,False,0.37297145070794835,False,-1.9286695788730173,False,0.19345838717882127,False,0.15990495681762695,False
2026,B,998,1780418280.0,False,-1,,6,False,0.0,32.0,0.0,-0.9007023511935346,False,0.39700606970716845,False,-0.9007023511935346,False,0.18444920793487726,False,0.1405101299285889,False
2026,B,999,1780418340.0,False,-1,,6,False,0.0,25.0,0.0,-1.9286919838277106,False,0.3822285848892679,False,-1.9286919838277106,False,0.19526502570377902,False,0.17932891845703114,False
2026,B,1000,1780418400.0,False,-1,,6,False,0.0,35.0,0.0,-0.3125873004780866,False,0.4471367281732688,False,-0.3125873004780866,False,0.18083097677659873,False,0.16054210662841795,False
2026,B,1001,1780418460.0,False,-1,,6,False,0.0,37.0,0.0,-1.1344081245693873,False,0.4186002822776233,False,-1.1344081245693873,False,0.178663406722125,False,0.16965312957763673,False
2026,B,1002,1780418520.0,True,83,permission_denied,6,False,0.0,21.0,0.0,-0.04221085764818788,False,0.416492937775836,False,-0.04221085764818788,False,1.0,True,1999999999.9999998,True
2026,B,1003,1780418580.0,True,83,permission_denied,6,False,0.0,34.0,0.0,3.440194434043099,True,0.4213356175217752,False,3.440194434043099,True,1.0,True,11000000000.0,True
2026,B,1004,1780418640.0,True,83,permission_denied,6,False,0.0,27.0,0.0,3.3534090289059364,True,0.41563252193238953,False,3.3534090289059364,True,1.0,True,10000000000.0,True
2026,B,1005,1780418700.0,True,83,permission_denied,6,False,0.0,35.0,0.0,3.749364074581062,True,0.4526479776101151,False,3.749364074581062,True,1.0,True,11000000000.0,True
2026,B,1006,1780418760.0,True,83,permission_denied,6,False,1.0,33.0,0.0,0.5068800627818657,False,0.6179083995174971,False,0.5068800627818657,False,1.0,True,999999999.9999999,True
2026,B,1007,1780418820.0,False,-1,,7,False,0.0,33.0,0.0,-1.0502620045828888,False,0.4240850713294246,False,-1.0502620045828888,False,0.18318927131306834,False,0.1653615951538086,False
2026,B,1008,1780418880.0,False,-1,,7,False,0.0,23.0,0.0,-1.084801246641649,False,0.3914394297698947,False,-1.084801246641649,False,0.1992241207700216,False,0.1541055202484131,False
2026,B,1009,1780418940.0,False,-1,,7,False,0.0,33.0,0.0,-1.110917081067278,False,0.4233649985890776,False,-1.110917081067278,False,0.18318927131306834,False,0.1759265899658203,False
2026,B,1010,1780419000.0,False,-1,,7,False,0.0,22.0,0.0,-1.4060831049341775,False,0.38838372929295795,False,-1.4060831049341775,False,0.20140271571692986,False,0.13775026798248288,False
2026,B,1011,1780419060.0,False,-1,,7,False,0.0,26.0,0.0,-1.712110858380802,False,0.37558904550244204,False,-1.712110858380802,False,0.19345838717882127,False,0.1607823371887207,False
2026,B,1012,1780419120.0,False,-1,,7,False,1.0,32.0,0.0,-0.5068802403952741,False,0.605752041421719,False,-0.5068802403952741,False,0.00012266893220632386,False,0.15987176895141608,False
2026,B,1013,1780419180.0,False,-1,,7,False,0.0,39.0,0.0,-1.0705274329428196,False,0.44038687807468685,False,-1.0705274329428196,False,0.1766616625442775,False,0.15375795364379882,False
2026,B,1014,1780419240.0,True,84,config_error,7,False,0.0,31.0,0.0,-0.3082367537484352,False,0.40719137794097787,False,-0.3082367537484352,False,1.0,True,999999999.9999999,True
2026,B,1015,1780419300.0,True,84,config_error,7,False,0.0,24.0,0.0,4.796808118706606,True,0.41899713030134855,False,4.796808118706606,True,1.0,True,21000000000.0,True
2026,B,1016,1780419360.0,True,84,config_error,7,False,0.0,36.0,0.0,5.158063990721728,True,0.4459720944826233,False,5.158063990721728,True,1.0,True,32999999999.999996,True
2026,B,1017,1780419420.0,True,84,config_error,7,False,0.0,33.0,0.0,5.171369658567461,True,0.43611325610927554,False,5.171369658567461,True,1.0,True,30999999999.999996,True
2026,B,1018,1780419480.0,True,84,config_error,7,False,0.0,31.0,0.0,1.7684991842862372,True,0.40485126820969397,False,1.7684991842862372,True,1.0,True,5000000000.0,True
2026,B,1019,1780419540.0,False,-1,,7,False,0.0,41.0,0.0,-1.1513287219745703,False,0.4618024117349941,False,-1.1513287219745703,False,0.1748051866130104,False,0.16947221755981456,False
2026,B,1020,1780419600.0,False,-1,,7,False,0.0,27.0,0.0,-1.8514135274683987,False,0.3749284725922089,False,-1.8514135274683987,False,0.1917524814136692,False,0.16749644279479978,False
2026,B,1021,1780419660.0,False,-1,,7,False,0.0,28.0,0.0,-1.3252622560759182,False,0.4122035562423445,False,-1.3252622560759182,False,0.19013814265818824,False,0.17216107845306397,False
2026,B,1022,1780419720.0,False,-1,,7,False,0.0,27.0,0.0,-1.8248065229817314,False,0.3960345198607902,False,-1.8248065229817314,False,0.1917524814136692,False,0.1782056331634521,False
2026,B,1023,1780419780.0,False,-1,,7,False,0.0,25.0,0.0,-1.7703208682169516,False,0.3952192063522792,False,-1.7703208682169516,False,0.19526502570377902,False,0.18660869598388666,False
2026,B,1024,1780419840.0,False,-1,,7,False,0.0,39.0,0.0,-1.1579322409547643,False,0.46278398082365085,False,-1.1579322409547643,False,0.1766616625442775,False,0.1980706691741943,False
2026,B,1025,1780419900.0,False,-1,,7,False,0.0,31.0,0.0,-1.092318707221005,False,0.38840938159595534,False,-1.092318707221005,False,0.18576878440398611,False,0.1442272663116455,False
2026,B,1026,1780419960.0,False,-1,,7,False,0.0,28.0,0.0,-1.128798215871221,False,0.39909729065025923,False,-1.128798215871221,False,0.19013814265818824,False,0.18515231609344482,False
2026,B,1027,1780420020.0,False,-1,,7,False,0.0,30.0,0.0,-0.7984108999884629,False,0.416692289139542,False,-0.7984108999884629,False,0.1871529693873599,False,0.1688896894454956,False
2026,B,1028,1780420080.0,True,85,config_error,7,False,0.0,33.0,0.0,3.113591357566112,True,0.4038822756658055,False,3.113591357566112,True,1.0,True,9000000000.0,True
2026,B,1029,1780420140.0,True,85,config_error,7,False,0.0,32.0,0.0,4.852690610811694,True,0.408569062049348,False,4.852690610811694,True,1.0,True,26000000000.0,True
2026,B,1030,1780420200.0,True,85,config_error,7,False,0.0,18.0,0.0,4.600360914920646,True,0.43149153214582847,False,4.600360914920646,True,1.0,True,15999999999.999998,True
2026,B,1031,1780420260.0,True,85,config_error,7,False,0.0,32.0,0.0,-0.24551423530601735,False,0.3864575788055816,False,-0.24551423530601735,False,1.0,True,1999999999.9999998,True
2026,B,1032,1780420320.0,False,-1,,7,False,0.0,27.0,0.0,-1.940558067817939,False,0.3809333042482787,False,-1.940558067817939,False,0.1917524814136692,False,0.1739802360534668,False
2026,B,1033,1780420380.0,False,-1,,7,False,0.0,25.0,0.0,-1.4613092607007019,False,0.42183782505075695,False,-1.4613092607007019,False,0.19526502570377902,False,0.21632957458496077,False
2026,B,1034,1780420440.0,False,-1,,7,False,0.0,23.0,0.0,-1.013909149457482,False,0.4278654546973605,False,-1.013909149457482,False,0.1992241207700216,False,0.20081934928894046,False
2026,B,1035,1780420500.0,False,-1,,7,False,0.0,35.0,0.0,-1.2864953021102492,False,0.43264856384296996,False,-1.2864953021102492,False,0.18083097677659873,False,0.16484541893005367,False
2026,B,1036,1780420560.0,False,-1,,7,False,0.0,32.0,0.0,-1.3231500055303789,False,0.39847047728396395,False,-1.3231500055303789,False,0.18444920793487726,False,0.15737731456756593,False
2026,B,1037,1780420620.0,False,-1,,7,False,0.0,25.0,0.0,-1.733367295353311,False,0.37771913574295674,False,-1.733367295353311,False,0.19526502570377902,False,0.14952878952026363,False
2026,B,1038,1780420680.0,False,-1,,7,False,0.0,29.0,0.0,0.6759330458715578,True,0.4616685351340887,False,0.6759330458715578,True,0.18860733281442676,False,0.13928613662719724,False
2026,B,1039,1780420740.0,True,86,config_error,7,False,0.0,31.0,0.0,3.433797484874661,True,0.3902159734051094,False,3.433797484874661,True,1.0,True,11000000000.0,True
2026,B,1040,1780420800.0,True,86,config_error,7,False,1.0,34.0,0.0,5.2393095851379465,True,0.6338898123910278,False,5.2393095851379465,True,1.0,True,31999999999.999996,True
2026,B,1041,1780420860.0,True,86,config_error,7,False,0.0,40.0,0.0,5.376843931605951,True,0.477941651019616,False,5.376843931605951,True,1.0,True,40000000000.0,True
2026,B,1042,1780420920.0,True,86,config_error,7,False,0.0,30.0,0.0,4.924950420962976,True,0.4218511860545435,False,4.924950420962976,True,1.0,True,26000000000.0,True
2026,B,1043,1780420980.0,True,86,config_error,7,False,0.0,27.0,0.0,1.2745415505336872,True,0.3873396515489332,False,1.2745415505336872,True,1.0,True,3999999999.9999995,True
2026,B,1044,1780421040.0,False,-1,,7,False,0.0,27.0,0.0,-1.2154179347611622,False,0.3996902850228435,False,-1.2154179347611622,False,0.1917524814136692,False,0.14978113174438476,False
2026,B,1045,1780421100.0,False,-1,,7,False,0.0,35.0,0.0,-0.7038750389665127,False,0.4242666915199457,False,-0.7038750389665127,False,0.18083097677659873,False,0.14076275825500484,False
2026,B,1046,1780421160.0,False,-1,,7,False,0.0,23.0,0.0,-1.6932525132202274,False,0.37821681633015775,False,-1.6932525132202274,False,0.1992241207700216,False,0.14995050430297854,False
2026,B,1047,1780421220.0,False,-1,,7,False,0.0,38.0,0.0,-1.196507791078825,False,0.45013625078926733,False,-1.196507791078825,False,0.17764318080360325,False,0.18515226840972912,False
2026,B,1048,1780421280.0,False,-1,,7,False,0.0,30.0,0.0,-1.787961610066068,False,0.3885658281872189,False,-1.787961610066068,False,0.1871529693873599,False,0.1712010145187378,False
2026,B,1049,1780421340.0,False,-1,,7,False,0.0,40.0,0.0,-1.1555518522595296,False,0.4555468000621233,False,-1.1555518522595296,False,0.17571640844950012,False,0.16022675037384032,False
2026,B,1050,1780421400.0,False,-1,,7,False,0.0,28.0,0.0,-1.864175992491945,False,0.3856863880974327,False,-1.864175992491945,False,0.19013814265818824,False,0.19050791263580324,False
2026,B,1051,1780421460.0,False,-1,,7,False,0.0,22.0,0.0,-2.1729669849147193,False,0.3776068171564342,False,-2.1729669849147193,False,0.20140271571692986,False,0.1660388469696045,False
2026,B,1052,1780421520.0,False,-1,,7,False,0.0,30.0,0.0,-1.2487306442102266,False,0.4019399393841838,False,-1.2487306442102266,False,0.1871529693873599,False,0.15014901161193847,False
2026,B,1053,1780421580.0,False,-1,,7,False,0.0,28.0,0.0,-1.8171478238837402,False,0.39742738779926046,False,-1.8171478238837402,False,0.19013814265818824,False,0.19501690864562987,False
2026,B,1054,1780421640.0,True,87,resource_exhaustion,7,False,0.0,27.0,0.0,5.424816825084396,True,0.5701765447899549,False,5.424816825084396,True,1.0,True,999999999.9999999,True
2026,B,1055,1780421700.0,True,87,resource_exhaustion,7,False,3.0,31.0,0.0,5.424816825084396,True,0.6836330455194473,False,5.424816825084396,True,1.0,True,3999999999.9999995,True
2026,B,1056,1780421760.0,True,87,resource_exhaustion,7,True,13.0,73.0,0.0,5.424816825084396,True,0.7367814810479717,True,5.424816825084396,True,1.0,True,12000000000.0,True
2026,B,1057,1780421820.0,True,87,resource_exhaustion,7,True,2.0,299.0,0.0,5.424816825084396,True,0.7758546930417705,True,5.424816825084396,True,1.7801302676074526e-05,False,0.24533741474151582,False
2026,B,1058,1780421880.0,False,-1,,7,True,0.0,273.0,0.0,0.46862339429178856,False,0.7266062791502573,True,0.46862339429178856,False,0.12652350567998344,False,0.18053002357482914,False
2026,B,1059,1780421940.0,False,-1,,7,False,0.0,31.0,0.0,-1.6179166579458313,False,0.3960465984111123,False,-1.6179166579458313,False,0.18576878440398611,False,0.17155385017395017,False
2026,B,1060,1780422000.0,False,-1,,7,False,0.0,29.0,0.0,-1.7109154470933658,False,0.3748166214878193,False,-1.7109154470933658,False,0.18860733281442676,False,0.17349452972412102,False
2026,B,1061,1780422060.0,False,-1,,7,False,0.0,33.0,0.0,-1.0607498232426984,False,0.42334109521246466,False,-1.0607498232426984,False,0.18318927131306834,False,0.18146076202392578,False
2026,B,1062,1780422120.0,False,-1,,7,False,0.0,26.0,0.0,-0.8339748995109861,False,0.45926671633340144,False,-0.8339748995109861,False,0.19345838717882127,False,0.20246744155883786,False
2026,B,1063,1780422180.0,False,-1,,7,False,0.0,27.0,0.0,-1.5855379527842768,False,0.37490574229939055,False,-1.5855379527842768,False,0.1917524814136692,False,0.14382100105285645,False
2026,B,1064,1780422240.0,True,88,permission_denied,7,False,0.0,34.0,0.0,2.5593117633480853,True,0.41461218434614405,False,2.5593117633480853,True,1.0,True,7000000000.0,True
2026,B,1065,1780422300.0,True,88,permission_denied,7,False,0.0,29.0,0.0,3.9231391119583297,True,0.4019932253091438,False,3.9231391119583297,True,1.0,True,14000000000.0,True
2026,B,1066,1780422360.0,True,88,permission_denied,7,False,0.0,38.0,0.0,3.2028602941695046,True,0.4263625520801247,False,3.2028602941695046,True,1.0,True,9000000000.0,True
2026,B,1067,1780422420.0,False,-1,,7,False,0.0,26.0,0.0,-1.4327100246697597,False,0.3794982916530659,False,-1.4327100246697597,False,0.19345838717882127,False,0.14091074466705322,False
2026,B,1068,1780422480.0,False,-1,,7,False,0.0,36.0,0.0,-0.9726381814365803,False,0.41999080261425825,False,-0.9726381814365803,False,0.17972502190674433,False,0.14505255222320557,False
2026,B,1069,1780422540.0,False,-1,,7,False,0.0,25.0,0.0,-1.7141256095317798,False,0.37698654566765427,False,-1.7141256095317798,False,0.19526502570377902,False,0.15420732498168943,False
2026,B,1070,1780422600.0,False,-1,,7,False,0.0,26.0,0.0,-1.8954737398270494,False,0.37880326162051803,False,-1.8954737398270494,False,0.19345838717882127,False,0.1782083511352539,False
2026,B,1071,1780422660.0,False,-1,,7,False,0.0,24.0,0.0,-1.4509594560662062,False,0.38569018138934796,False,-1.4509594560662062,False,0.19718290174713954,False,0.1660628080368042,False
2026,B,1072,1780422720.0,False,-1,,7,False,0.0,35.0,0.0,-1.3129092159908176,False,0.42716416500919513,False,-1.3129092159908176,False,0.18083097677659873,False,0.1886827945709226,False
2026,B,1073,1780422780.0,False,-1,,7,False,0.0,31.0,0.0,-1.3719697749456925,False,0.3949215374092687,False,-1.3719697749456925,False,0.18576878440398611,False,0.15317749977111816,False
2026,B,1074,1780422840.0,False,-1,,7,False,0.0,28.0,0.0,-1.678878596259831,False,0.37633328960760043,False,-1.678878596259831,False,0.19013814265818824,False,0.16520667076110843,False
2026,B,1075,1780422900.0,True,89,permission_denied,7,False,0.0,23.0,0.0,-1.48189487571186,False,0.37520894451613185,False,-1.48189487571186,False,1.0,True,999999999.9999999,True
2026,B,1076,1780422960.0,True,89,permission_denied,7,False,0.0,41.0,0.0,3.7927642933922074,True,0.44591176499223667,False,3.7927642933922074,True,1.0,True,12000000000.0,True
2026,B,1077,1780423020.0,True,89,permission_denied,7,False,0.0,23.0,0.0,3.645005817150432,True,0.4012008298933312,False,3.645005817150432,True,1.0,True,12000000000.0,True
2026,B,1078,1780423080.0,True,89,permission_denied,7,False,0.0,27.0,0.0,1.0567807280341004,True,0.37627097559892914,False,1.0567807280341004,True,1.0,True,3999999999.9999995,True
2026,B,1079,1780423140.0,False,-1,,7,False,0.0,30.0,0.0,-1.0495956724091116,False,0.4242830104180912,False,-1.0495956724091116,False,0.17411060103817388,False,0.19326152801513666,False
2026,B,1080,1780423200.0,False,-1,,7,False,0.0,27.0,0.0,-1.4829731819353302,False,0.37413039552771105,False,-1.4829731819353302,False,0.1917524814136692,False,0.1485891819000244,False
2026,B,1081,1780423260.0,False,-1,,7,False,0.0,20.0,0.0,-0.8666416834608714,False,0.41330810287839975,False,-0.8666416834608714,False,0.20624038581450158,False,0.14975152015686033,False
2026,B,1082,1780423320.0,False,-1,,7,False,0.0,28.0,0.0,-1.4305468581657754,False,0.39390621554490735,False,-1.4305468581657754,False,0.19013814265818824,False,0.18596627712249755,False
2026,B,1083,1780423380.0,False,-1,,7,False,0.0,24.0,0.0,-2.0386209417750516,False,0.38117671839816736,False,-2.0386209417750516,False,0.19718290174713954,False,0.16953864097595214,False
2026,B,1084,1780423440.0,False,-1,,7,False,0.0,33.0,0.0,-0.8126247302340346,False,0.40490730716180423,False,-0.8126247302340346,False,0.18318927131306834,False,0.14769821166992186,False
2026,B,1085,1780423500.0,False,-1,,7,False,0.0,21.0,0.0,-1.036076701004773,False,0.4222310688345904,False,-1.036076701004773,False,0.20373505883050388,False,0.1277914047241211,False
2026,B,1086,1780423560.0,False,-1,,7,False,0.0,29.0,0.0,0.06702991526346747,False,0.4533368707582576,False,0.06702991526346747,False,0.18860733281442676,False,0.1324514389038086,False
2026,B,1087,1780423620.0,True,90,dependency_timeout,7,False,4.0,27.0,0.0,5.424816825084396,True,0.670053828952353,False,5.424816825084396,True,1.0,True,7999999999.999999,True
2026,B,1088,1780423680.0,True,90,dependency_timeout,7,False,3.0,26.0,0.0,5.424816825084396,True,0.6665088431649785,False,5.424816825084396,True,1.0,True,10000000000.0,True
2026,B,1089,1780423740.0,True,90,dependency_timeout,7,False,3.0,22.0,0.0,5.424816825084396,True,0.6764014465667261,False,5.424816825084396,True,1.0,True,7000000000.0,True
2026,B,1090,1780423800.0,True,90,dependency_timeout,7,False,4.0,25.0,0.0,5.424816825084396,True,0.670988411093017,False,5.424816825084396,True,1.0,True,7999999999.999999,True
2026,B,1091,1780423860.0,True,90,dependency_timeout,7,False,0.0,28.0,0.0,-1.4870376970987627,False,0.38894111057746955,False,-1.4870376970987627,False,0.19013814265818824,False,0.15720703601837158,False
2026,B,1092,1780423920.0,False,-1,,7,False,0.0,30.0,0.0,-1.3180122364212208,False,0.3816348355010748,False,-1.3180122364212208,False,0.1871529693873599,False,0.14602503776550294,False
2026,B,1093,1780423980.0,False,-1,,7,False,0.0,29.0,0.0,-1.642211570795559,False,0.37513526247725615,False,-1.642211570795559,False,0.18860733281442676,False,0.16815671920776368,False
2026,B,1094,1780424040.0,False,-1,,7,False,0.0,27.0,0.0,-1.968804870252586,False,0.37532906988337267,False,-1.968804870252586,False,0.1917524814136692,False,0.15932292938232415,False
2026,B,1095,1780424100.0,False,-1,,7,False,0.0,33.0,0.0,-1.3807368015654795,False,0.4143659860509618,False,-1.3807368015654795,False,0.18318927131306834,False,0.1914405822753906,False
2026,B,1096,1780424160.0,False,-1,,7,False,0.0,31.0,0.0,-1.2152461045907819,False,0.39257913648760356,False,-1.2152461045907819,False,0.18576878440398611,False,0.16318559646606443,False
2026,B,1097,1780424220.0,False,-1,,7,False,0.0,28.0,0.0,-1.013524502626444,False,0.38534126730731627,False,-1.013524502626444,False,0.19013814265818824,False,0.14978432655334473,False
2026,B,1098,1780424280.0,True,91,dependency_timeout,7,False,2.0,29.0,0.0,5.424816825084396,True,0.6640717798391509,False,5.424816825084396,True,1.0,True,7999999999.999999,True
2026,B,1099,1780424340.0,True,91,dependency_timeout,7,False,3.0,23.0,0.0,5.424816825084396,True,0.674713851253326,False,5.424816825084396,True,1.0,True,15999999999.999998,True
2026,B,1100,1780424400.0,True,91,dependency_timeout,7,False,2.0,26.0,0.0,5.424816825084396,True,0.6618179908975129,False,5.424816825084396,True,1.0,True,10000000000.0,True
2026,B,1101,1780424460.0,True,91,dependency_timeout,7,False,4.0,30.0,0.0,5.424816825084396,True,0.6657917805262127,False,5.424816825084396,True,1.0,True,9000000000.0,True
2026,B,1102,1780424520.0,False,-1,,7,False,1.0,30.0,0.0,-0.17058936681985326,False,0.6165131086465614,False,-0.17058936681985326,False,0.00010962067065802088,False,0.14325623512268068,False
2026,B,1103,1780424580.0,False,-1,,7,False,0.0,28.0,0.0,-1.6880243726822863,False,0.37871327365305557,False,-1.6880243726822863,False,0.19013814265818824,False,0.16326642036437988,False
2026,B,1104,1780424640.0,False,-1,,7,False,0.0,40.0,0.0,-1.0044732100959939,False,0.4506011713158276,False,-1.0044732100959939,False,0.17571640844950012,False,0.16763081550598144,False
2026,B,1105,1780424700.0,False,-1,,7,False,0.0,28.0,0.0,-0.5408702729473767,False,0.4244744786886641,False,-0.5408702729473767,False,0.19013814265818824,False,0.19973285198211674,False
2026,B,1106,1780424760.0,False,-1,,7,False,0.0,32.0,0.0,-1.263407545339148,False,0.3901925096326057,False,-1.263407545339148,False,0.18444920793487726,False,0.1581859827041626,False
2026,B,1107,1780424820.0,False,-1,,7,False,0.0,23.0,0.0,-2.0548054568011853,False,0.3733043963599629,False,-2.0548054568011853,False,0.1992241207700216,False,0.15364642143249513,False
2026,B,1108,1780424880.0,False,-1,,7,False,0.0,23.0,0.0,-1.4544327362389087,False,0.39453508460250925,False,-1.4544327362389087,False,0.1992241207700216,False,0.16096820831298828,False
2026,B,1109,1780424940.0,False,-1,,7,False,0.0,26.0,0.0,-0.6307488981203546,False,0.42495234464201476,False,-0.6307488981203546,False,0.20953948448373433,False,0.12398920059204102,False
2026,B,1110,1780425000.0,False,-1,,7,False,0.0,21.0,0.0,-2.055192011880396,False,0.3819480038015542,False,-2.055192011880396,False,0.1822013076089607,False,0.15923082828521723,False
2026,B,1111,1780425060.0,False,-1,,7,False,0.0,30.0,0.0,-0.5236972883095872,False,0.4236433947297974,False,-0.5236972883095872,False,0.1871529693873599,False,0.14128341674804687,False
2026,B,1112,1780425120.0,False,-1,,7,False,0.0,26.0,0.0,-0.9213197525951404,False,0.394610561464236,False,-0.9213197525951404,False,0.19345838717882127,False,0.1523822546005249,False
2026,B,1113,1780425180.0,True,92,resource_exhaustion,7,False,1.0,20.0,0.0,5.424816825084396,True,0.6879741099668627,False,5.424816825084396,True,1.0,True,3000000000.0,True
2026,B,1114,1780425240.0,True,92,resource_exhaustion,7,False,6.0,34.0,0.0,5.424816825084396,True,0.6865047518821457,False,5.424816825084396,True,1.0,True,5000000000.0,True
2026,B,1115,1780425300.0,True,92,resource_exhaustion,7,False,1.0,30.0,0.0,5.424816825084396,True,0.6829836308248981,False,5.424816825084396,True,1.0,True,999999999.9999999,True
2026,B,1116,1780425360.0,True,92,resource_exhaustion,7,False,0.0,22.0,0.0,5.424816825084396,True,0.573033066683485,False,5.424816825084396,True,0.20140271571692986,False,0.2824284791946411,False
2026,B,1117,1780425420.0,True,92,resource_exhaustion,7,False,0.0,23.0,0.0,5.424816825084396,True,0.45816294099005145,False,5.424816825084396,True,0.1992241207700216,False,0.18160028457641605,False
2026,B,1118,1780425480.0,False,-1,,7,False,0.0,37.0,0.0,-1.0925741695044433,False,0.4199089728397546,False,-1.0925741695044433,False,0.178663406722125,False,0.15625047683715823,False
2026,B,1119,1780425540.0,False,-1,,7,False,0.0,27.0,0.0,-1.5713609611051833,False,0.3810691230140078,False,-1.5713609611051833,False,0.1917524814136692,False,0.1640137672424316,False
2026,B,1120,1780425600.0,False,-1,,7,False,0.0,24.0,0.0,-1.5981148513462848,False,0.3821554921919966,False,-1.5981148513462848,False,0.19718290174713954,False,0.14328207969665527,False
2026,B,1121,1780425660.0,False,-1,,7,False,0.0,22.0,0.0,0.021413752317183565,False,0.4546468947161917,False,0.021413752317183565,False,0.20140271571692986,False,0.12886795997619627,False
2026,B,1122,1780425720.0,False,-1,,7,False,0.0,30.0,0.0,-1.1359879772610277,False,0.3967751399406876,False,-1.1359879772610277,False,0.1871529693873599,False,0.13710503578186034,False
2026,B,1123,1780425780.0,False,-1,,7,False,0.0,29.0,0.0,-1.502809540136795,False,0.3844123242683797,False,-1.502809540136795,False,0.18860733281442676,False,0.17670183181762694,False
2026,B,1124,1780425840.0,True,93,resource_exhaustion,7,False,5.0,33.0,0.0,5.424816825084396,True,0.6842999883762554,False,5.424816825084396,True,1.0,True,6000000000.0,True
2026,B,1125,1780425900.0,True,93,resource_exhaustion,7,False,4.0,20.0,0.0,5.424816825084396,True,0.6899635154285585,False,5.424816825084396,True,1.0,True,3000000000.0,True
2026,B,1126,1780425960.0,True,93,resource_exhaustion,7,False,6.0,27.0,0.0,5.424816825084396,True,0.6886135485497763,False,5.424816825084396,True,1.0,True,6000000000.0,True
2026,B,1127,1780426020.0,True,93,resource_exhaustion,7,False,1.0,17.0,0.0,5.424816825084396,True,0.6908263942060069,False,5.424816825084396,True,1.0,True,999999999.9999999,True
2026,B,1128,1780426080.0,False,-1,,7,False,1.0,36.0,0.0,-0.5757152226716347,False,0.6170049127119326,False,-0.5757152226716347,False,0.0001492049965595595,False,0.17008090019226074,False
2026,B,1129,1780426140.0,False,-1,,7,False,0.0,27.0,0.0,-1.5655472637806032,False,0.3852016904677338,False,-1.5655472637806032,False,0.1917524814136692,False,0.15398306846618648,False
2026,B,1130,1780426200.0,False,-1,,7,False,0.0,20.0,0.0,-1.126186787833844,False,0.4171917068082008,False,-1.126186787833844,False,0.20624038581450158,False,0.12330899238586426,False
2026,B,1131,1780426260.0,False,-1,,7,False,0.0,18.0,0.0,-1.9458714867986027,False,0.3868944483393216,False,-1.9458714867986027,False,0.21186550166449922,False,0.16125686168670655,False
2026,B,1132,1780426320.0,False,-1,,7,False,0.0,31.0,0.0,-1.5346024096115958,False,0.38494785517065444,False,-1.5346024096115958,False,0.18576878440398611,False,0.15115475654602054,False
2026,B,1133,1780426380.0,False,-1,,7,False,0.0,24.0,0.0,-2.1877468539038274,False,0.38230468045365873,False,-2.1877468539038274,False,0.19718290174713954,False,0.18074755668640136,False
2026,B,1134,1780426440.0,False,-1,,7,False,0.0,23.0,0.0,-1.8739877689594726,False,0.3955884013854295,False,-1.8739877689594726,False,0.1992241207700216,False,0.18640770912170418,False
2026,B,1135,1780426500.0,True,94,permission_denied,7,False,0.0,20.0,0.0,-0.5977132292786163,False,0.3858519481625603,False,-0.5977132292786163,False,1.0,True,1999999999.9999998,True
2026,B,1136,1780426560.0,True,94,permission_denied,7,False,0.0,29.0,0.0,4.176082813679947,True,0.4059205775438901,False,4.176082813679947,True,1.0,True,16999999999.999998,True
2026,B,1137,1780426620.0,True,94,permission_denied,7,False,0.0,24.0,0.0,3.529712516522276,True,0.39393146113337646,False,3.529712516522276,True,1.0,True,12000000000.0,True
2026,B,1138,1780426680.0,True,94,permission_denied,7,False,0.0,39.0,0.0,4.13745761087572,True,0.46141711754611153,False,4.13745761087572,True,1.0,True,15000000000.0,True
2026,B,1139,1780426740.0,False,-1,,7,False,0.0,28.0,0.0,-1.3143986682011803,False,0.39431916070450873,False,-1.3143986682011803,False,0.19013814265818824,False,0.14592692852020264,False
2026,B,1140,1780426800.0,False,-1,,7,False,0.0,32.0,0.0,-1.414781463619157,False,0.3851566423028652,False,-1.414781463619157,False,0.18444920793487726,False,0.15183563232421876,False
2026,B,1141,1780426860.0,False,-1,,7,False,0.0,19.0,0.0,-1.4611503682227598,False,0.4102874269510966,False,-1.4611503682227598,False,0.2089414702524605,False,0.1771531105041504,False
2026,B,1142,1780426920.0,False,-1,,7,False,0.0,20.0,0.0,-1.7299567039836008,False,0.41975523526360536,False,-1.7299567039836008,False,0.20624038581450158,False,0.19121563434600822,False
2026,B,1143,1780426980.0,False,-1,,7,False,0.0,35.0,0.0,-0.8948681374815282,False,0.4202321895210924,False,-0.8948681374815282,False,0.18083097677659873,False,0.15318865776062013,False
2026,B,1144,1780427040.0,False,-1,,7,False,0.0,24.0,0.0,-2.0118632399235183,False,0.3739925251054893,False,-2.0118632399235183,False,0.19718290174713954,False,0.17137813568115234,False
2026,B,1145,1780427100.0,False,-1,,7,False,0.0,28.0,0.0,-1.6425465248317659,False,0.3924861601746918,False,-1.6425465248317659,False,0.19013814265818824,False,0.19610612392425542,False
2026,B,1146,1780427160.0,False,-1,,7,False,0.0,24.0,0.0,-1.937471381450722,False,0.3897355385894629,False,-1.937471381450722,False,0.19718290174713954,False,0.18709120750427247,False
2026,B,1147,1780427220.0,False,-1,,7,False,0.0,23.0,0.0,-2.0022909415865238,False,0.38284856854415367,False,-2.0022909415865238,False,0.1992241207700216,False,0.173311185836792,False
2026,B,1148,1780427280.0,False,-1,,7,False,0.0,21.0,0.0,-1.9356236235912645,False,0.39901078038683024,False,-1.9356236235912645,False,0.20373505883050388,False,0.1765918731689453,False
2026,B,1149,1780427340.0,False,-1,,7,False,0.0,17.0,0.0,-0.5008457726479323,False,0.44539207404175146,False,-0.5008457726479323,False,0.2150452435826018,False,0.13705997467041015,False
2026,B,1150,1780427400.0,True,95,dependency_timeout,7,False,4.0,29.0,0.0,5.424816825084396,True,0.6701108930228561,False,5.424816825084396,True,1.0,True,13000000000.0,True
2026,B,1151,1780427460.0,True,95,dependency_timeout,7,False,4.0,29.0,0.0,5.424816825084396,True,0.6684568794882592,False,5.424816825084396,True,1.0,True,12000000000.0,True
2026,B,1152,1780427520.0,True,95,dependency_timeout,7,False,2.0,19.0,0.0,5.424816825084396,True,0.6525414585304691,False,5.424816825084396,True,1.0,True,3999999999.9999995,True
2026,B,1153,1780427580.0,False,-1,,8,False,0.0,22.0,0.0,-1.9251519384164109,False,0.39671492118524554,False,-1.9251519384164109,False,0.20140271571692986,False,0.18112857341766353,False
2026,B,1154,1780427640.0,False,-1,,8,False,0.0,22.0,0.0,-1.6702691573103845,False,0.3847499766246967,False,-1.6702691573103845,False,0.20140271571692986,False,0.15796449184417727,False
2026,B,1155,1780427700.0,False,-1,,8,False,0.0,27.0,0.0,-1.7326553548607437,False,0.37483750102723534,False,-1.7326553548607437,False,0.1917524814136692,False,0.15015478134155275,False
2026,B,1156,1780427760.0,False,-1,,8,False,1.0,35.0,0.0,0.3213622542859209,False,0.6248488914241452,False,0.3213622542859209,False,0.00014252955026771067,False,0.17420353889465326,False
2026,B,1157,1780427820.0,False,-1,,8,False,0.0,36.0,0.0,-1.363947968439203,False,0.4142307666721962,False,-1.363947968439203,False,0.17972502190674433,False,0.16742360591888428,False
2026,B,1158,1780427880.0,False,-1,,8,False,0.0,27.0,0.0,-1.6674371046670373,False,0.37517580266278067,False,-1.6674371046670373,False,0.1917524814136692,False,0.15409650802612304,False
2026,B,1159,1780427940.0,False,-1,,8,False,0.0,28.0,0.0,-1.7479231171990985,False,0.3839304791194447,False,-1.7479231171990985,False,0.19013814265818824,False,0.15431406497955322,False
2026,B,1160,1780428000.0,False,-1,,8,False,0.0,30.0,0.0,-1.8508716448640605,False,0.3832290402550791,False,-1.8508716448640605,False,0.1871529693873599,False,0.18095054626464852,False
2026,B,1161,1780428060.0,False,-1,,8,False,0.0,28.0,0.0,-1.6264539899868637,False,0.405320503247141,False,-1.6264539899868637,False,0.19013814265818824,False,0.20506229400634765,False
2026,B,1162,1780428120.0,False,-1,,8,False,0.0,27.0,0.0,-1.8468005381853407,False,0.3851579081109661,False,-1.8468005381853407,False,0.1917524814136692,False,0.18444910049438476,False
2026,B,1163,1780428180.0,True,96,permission_denied,8,False,0.0,33.0,0.0,3.6086948563110166,True,0.4202075630806698,False,3.6086948563110166,True,1.0,True,10000000000.0,True
2026,B,1164,1780428240.0,True,96,permission_denied,8,False,0.0,22.0,0.0,3.1546594221661657,True,0.41910349687269693,False,3.1546594221661657,True,1.0,True,9000000000.0,True
2026,B,1165,1780428300.0,True,96,permission_denied,8,False,0.0,18.0,0.0,1.9415012017553233,True,0.39560314090832327,False,1.9415012017553233,True,1.0,True,6000000000.0,True
2026,B,1166,1780428360.0,True,96,permission_denied,8,False,0.0,29.0,0.0,-1.7788166495822484,False,0.38578259375602264,False,-1.7788166495822484,False,0.18860733281442676,False,0.16136350631713864,False
2026,B,1167,1780428420.0,False,-1,,8,False,0.0,18.0,0.0,-1.4090367700350344,False,0.4122699275495079,False,-1.4090367700350344,False,0.21186550166449922,False,0.1678948879241943,False
2026,B,1168,1780428480.0,False,-1,,8,False,0.0,32.0,0.0,-1.6319607821736017,False,0.3864092294252483,False,-1.6319607821736017,False,0.18444920793487726,False,0.17089669704437255,False
2026,B,1169,1780428540.0,False,-1,,8,False,0.0,27.0,0.0,-1.3691713048293108,False,0.3776698030390613,False,-1.3691713048293108,False,0.1917524814136692,False,0.14240899085998535,False
2026,B,1170,1780428600.0,False,-1,,8,False,0.0,25.0,0.0,-1.320197892219933,False,0.39099898554760076,False,-1.320197892219933,False,0.19526502570377902,False,0.14657669067382811,False
2026,B,1171,1780428660.0,False,-1,,8,False,0.0,27.0,0.0,-1.3327051975862805,False,0.3828927684841342,False,-1.3327051975862805,False,0.1917524814136692,False,0.15954084396362306,False
2026,B,1172,1780428720.0,True,97,resource_exhaustion,8,False,1.0,33.0,0.0,5.424816825084396,True,0.6837630500133992,False,5.424816825084396,True,1.0,True,1999999999.9999998,True
2026,B,1173,1780428780.0,True,97,resource_exhaustion,8,False,0.0,23.0,0.0,5.424816825084396,True,0.5696198992102686,False,5.424816825084396,True,0.1992241207700216,False,0.32890410423278815,False
2026,B,1174,1780428840.0,True,97,resource_exhaustion,8,False,4.0,29.0,0.0,5.424816825084396,True,0.6835925417294562,False,5.424816825084396,True,1.0,True,3999999999.9999995,True
2026,B,1175,1780428900.0,False,-1,,8,False,0.0,25.0,0.0,-1.656769604944122,False,0.39123903483962896,False,-1.656769604944122,False,0.19526502570377902,False,0.1663132667541504,False
2026,B,1176,1780428960.0,False,-1,,8,False,0.0,28.0,0.0,-1.3523657896266679,False,0.40040431297407986,False,-1.3523657896266679,False,0.19013814265818824,False,0.1728801727294922,False
2026,B,1177,1780429020.0,False,-1,,8,False,0.0,28.0,0.0,-1.507991783574548,False,0.3789969425128421,False,-1.507991783574548,False,0.19013814265818824,False,0.1613476037979126,False
2026,B,1178,1780429080.0,False,-1,,8,False,0.0,23.0,0.0,-1.9411918265578976,False,0.38904537162913366,False,-1.9411918265578976,False,0.1992241207700216,False,0.18203558921813967,False
2026,B,1179,1780429140.0,False,-1,,8,True,1.0,36.0,0.0,-0.7188502128221339,False,0.6122239887556331,False,-0.7188502128221339,False,0.0001492049965595595,False,0.17064571380615234,False
2026,B,1180,1780429200.0,False,-1,,8,True,0.0,254.0,0.0,0.37111918907920227,False,0.7283365033989831,True,0.37111918907920227,False,0.1284613647283414,False,0.17868733406066895,False
2026,B,1181,1780429260.0,False,-1,,8,True,0.0,224.0,0.0,0.5143580788919806,False,0.7260390717700314,True,0.5143580788919806,False,0.1306907933455315,False,0.16242592334747313,False
2026,B,1182,1780429320.0,False,-1,,8,False,0.0,28.0,0.0,-1.5741782239886613,False,0.3930794682872263,False,-1.5741782239886613,False,0.19013814265818824,False,0.189546799659729,False
2026,B,1183,1780429380.0,False,-1,,8,False,0.0,29.0,0.0,-1.2717367210023758,False,0.3810357110355837,False,-1.2717367210023758,False,0.18860733281442676,False,0.15033092498779296,False
2026,B,1184,1780429440.0,False,-1,,8,False,0.0,19.0,0.0,-1.5345524033238975,False,0.4000404671488395,False,-1.5345524033238975,False,0.2089414702524605,False,0.13052220344543458,False
2026,B,1185,1780429500.0,True,98,permission_denied,8,False,0.0,29.0,0.0,2.127867382658098,True,0.4565290072853305,False,2.127867382658098,True,1.0,True,3000000000.0,True
2026,B,1186,1780429560.0,True,98,permission_denied,8,False,0.0,28.0,0.0,3.7244399817186697,True,0.38376126289038137,False,3.7244399817186697,True,1.0,True,13000000000.0,True
2026,B,1187,1780429620.0,True,98,permission_denied,8,False,0.0,18.0,0.0,1.077645493866025,True,0.39073243732723845,False,1.077645493866025,True,1.0,True,3999999999.9999995,True
2026,B,1188,1780429680.0,True,98,permission_denied,8,False,0.0,25.0,0.0,3.089332018363693,True,0.3829724661186381,False,3.089332018363693,True,1.0,True,10000000000.0,True
2026,B,1189,1780429740.0,False,-1,,8,False,0.0,33.0,0.0,-1.4607239618795615,False,0.40142876502702957,False,-1.4607239618795615,False,0.18318927131306834,False,0.17532949447631835,False
2026,B,1190,1780429800.0,False,-1,,8,False,0.0,20.0,0.0,-1.9224239832744585,False,0.39289969372896943,False,-1.9224239832744585,False,0.20624038581450158,False,0.149493670463562,False
2026,B,1191,1780429860.0,False,-1,,8,False,0.0,25.0,0.0,-1.7909047804417844,False,0.37936795061777817,False,-1.7909047804417844,False,0.19526502570377902,False,0.15428552627563477,False
2026,B,1192,1780429920.0,False,-1,,8,False,0.0,20.0,0.0,-2.3030825133308523,False,0.38246966873435007,False,-2.3030825133308523,False,0.20624038581450158,False,0.16777439117431633,False
2026,B,1193,1780429980.0,False,-1,,8,False,0.0,16.0,0.0,-2.24767858627518,False,0.3871147972203707,False,-2.24767858627518,False,0.21852058284895462,False,0.1573173999786377,False
2026,B,1194,1780430040.0,False,-1,,8,False,0.0,26.0,0.0,-1.5769706814179747,False,0.38584679998719046,False,-1.5769706814179747,False,0.19345838717882127,False,0.1805347204208374,False
2026,B,1195,1780430100.0,False,-1,,8,False,0.0,26.0,0.0,-2.0584143206817993,False,0.3739190912621107,False,-2.0584143206817993,False,0.19345838717882127,False,0.16216814517974854,False
2026,B,1196,1780430160.0,False,-1,,8,False,0.0,16.0,0.0,-1.345990626970762,False,0.41767604450769147,False,-1.345990626970762,False,0.21852058284895462,False,0.12754130363464355,False
2026,B,1197,1780430220.0,False,-1,,8,False,0.0,21.0,0.0,-0.8235779285557285,False,0.43134547062781076,False,-0.8235779285557285,False,0.20373505883050388,False,0.19304704666137698,False
2026,B,1198,1780430280.0,False,-1,,8,False,0.0,25.0,0.0,-1.1272420004117372,False,0.3910011490868864,False,-1.1272420004117372,False,0.19526502570377902,False,0.14299278259277343,False
2026,B,1199,1780430340.0,True,99,permission_denied,8,False,0.0,25.0,0.0,2.749848401277466,True,0.38706297204687634,False,2.749848401277466,True,1.0,True,7999999999.999999,True
2026,B,1200,1780430400.0,True,99,permission_denied,8,False,0.0,22.0,0.0,2.7703337274356454,True,0.4115875712227181,False,2.7703337274356454,True,1.0,True,7999999999.999999,True
2026,B,1201,1780430460.0,True,99,permission_denied,8,False,0.0,20.0,0.0,3.3491082364444344,True,0.4117395008997929,False,3.3491082364444344,True,1.0,True,10000000000.0,True
2026,B,1202,1780430520.0,True,99,permission_denied,8,False,0.0,25.0,0.0,0.9990136555051361,True,0.37585551327772027,False,0.9990136555051361,True,1.0,True,3999999999.9999995,True
2026,B,1203,1780430580.0,False,-1,,8,False,0.0,7.0,0.0,-0.713765641213624,False,0.4453447114110082,False,-0.713765641213624,False,0.27843371922675825,False,0.18210029602050778,False
2026,B,1204,1780430640.0,False,-1,,8,False,0.0,27.0,0.0,-1.2785562306748792,False,0.387313997773732,False,-1.2785562306748792,False,0.1917524814136692,False,0.13682942390441893,False
2026,B,1205,1780430700.0,False,-1,,8,False,0.0,21.0,0.0,-1.209310379180729,False,0.42242226387371135,False,-1.209310379180729,False,0.20373505883050388,False,0.13201904296875,False
2026,B,1206,1780430760.0,False,-1,,8,False,0.0,29.0,0.0,-1.2140480539319416,False,0.3822768558868083,False,-1.2140480539319416,False,0.18860733281442676,False,0.15150995254516603,False
2026,B,1207,1780430820.0,False,-1,,8,False,0.0,21.0,0.0,-1.679576547970938,False,0.41009080048840096,False,-1.679576547970938,False,0.20373505883050388,False,0.18934440612792972,False
2026,B,1208,1780430880.0,False,-1,,8,False,0.0,29.0,0.0,-1.480482233165895,False,0.39058657844751277,False,-1.480482233165895,False,0.18860733281442676,False,0.1854904174804687,False
2026,B,1209,1780430940.0,False,-1,,8,False,0.0,24.0,0.0,-1.549425153058599,False,0.397843876944275,False,-1.549425153058599,False,0.19718290174713954,False,0.14921505451202394,False
2026,B,1210,1780431000.0,False,-1,,8,False,0.0,14.0,0.0,-1.9780603545582522,False,0.4036372703987588,False,-1.9780603545582522,False,0.2265666570210753,False,0.17491497993469235,False
2026,B,1211,1780431060.0,False,-1,,8,False,0.0,24.0,0.0,-1.9569215295825773,False,0.38511949991805655,False,-1.9569215295825773,False,0.19718290174713954,False,0.1542651414871216,False
2026,B,1212,1780431120.0,True,100,config_error,8,False,0.0,20.0,0.0,4.034594441254582,True,0.41513426271914966,False,4.034594441254582,True,1.0,True,14000000000.0,True
2026,B,1213,1780431180.0,True,100,config_error,8,False,0.0,29.0,0.0,4.89289891762966,True,0.43186733365316493,False,4.89289891762966,True,1.0,True,25000000000.0,True
2026,B,1214,1780431240.0,True,100,config_error,8,False,0.0,19.0,0.0,4.681777391126564,True,0.44774118933688295,False,4.681777391126564,True,1.0,True,16999999999.999998,True
2026,B,1215,1780431300.0,True,100,config_error,8,False,1.0,26.0,0.0,0.3503363458345117,False,0.6211014772848393,False,0.3503363458345117,False,8.423149903245218e-05,False,0.2113962173461914,False
2026,B,1216,1780431360.0,False,-1,,8,False,0.0,26.0,0.0,-2.0462490861950835,False,0.37272496029889324,False,-2.0462490861950835,False,0.19345838717882127,False,0.16323089599609375,False
2026,B,1217,1780431420.0,False,-1,,8,False,0.0,29.0,0.0,-1.7173601478799219,False,0.38906792022707104,False,-1.7173601478799219,False,0.18860733281442676,False,0.16597423553466795,False
2026,B,1218,1780431480.0,False,-1,,8,False,0.0,21.0,0.0,-1.8398821275205801,False,0.3908379277034007,False,-1.8398821275205801,False,0.20373505883050388,False,0.1406116485595703,False
2026,B,1219,1780431540.0,False,-1,,8,False,0.0,24.0,0.0,-1.6975529270816967,False,0.3910494373094814,False,-1.6975529270816967,False,0.19718290174713954,False,0.1523198366165161,False
2026,B,1220,1780431600.0,False,-1,,8,False,0.0,21.0,0.0,-1.1697104651683086,False,0.39902620029592045,False,-1.1697104651683086,False,0.20373505883050388,False,0.13907766342163083,False
2026,B,1221,1780431660.0,False,-1,,8,False,0.0,24.0,0.0,-1.7607199017647899,False,0.38807691352486157,False,-1.7607199017647899,False,0.19718290174713954,False,0.1466289520263672,False
2026,B,1222,1780431720.0,False,-1,,8,False,0.0,20.0,0.0,-1.516710651236659,False,0.39061116656223793,False,-1.516710651236659,False,0.20624038581450158,False,0.14682054519653318,False
2026,B,1223,1780431780.0,True,101,config_error,8,False,0.0,17.0,0.0,2.3206734395266455,True,0.4015586263052672,False,2.3206734395266455,True,1.0,True,7000000000.0,True
2026,B,1224,1780431840.0,True,101,config_error,8,False,0.0,28.0,0.0,4.8535604105898,True,0.4224523923382205,False,4.8535604105898,True,1.0,True,24000000000.0,True
2026,B,1225,1780431900.0,True,101,config_error,8,True,0.0,71.0,0.0,5.277871427665916,True,0.5887456083041245,False,5.277871427665916,True,1.0,True,56000000000.0,True
2026,B,1226,1780431960.0,False,-1,,8,True,1.0,230.0,0.0,0.35658696270899704,False,0.7573330971363863,True,0.35658696270899704,False,0.001123420037168562,False,0.18267357349395755,False
2026,B,1227,1780432020.0,False,-1,,8,True,0.0,186.0,0.0,-0.11460018839504826,False,0.7128393758171258,True,-0.11460018839504826,False,0.13418334633995035,False,0.18604636192321786,False
2026,B,1228,1780432080.0,False,-1,,8,False,0.0,28.0,0.0,-1.7297758707567334,False,0.3727819719185776,False,-1.7297758707567334,False,0.19013814265818824,False,0.1557591676712036,False
2026,B,1229,1780432140.0,False,-1,,8,False,0.0,18.0,0.0,-2.2389324701118047,False,0.38254680795931817,False,-2.2389324701118047,False,0.21186550166449922,False,0.16090600490570064,False
2026,B,1230,1780432200.0,False,-1,,8,False,0.0,30.0,0.0,-0.9788451392916535,False,0.4048938874995892,False,-0.9788451392916535,False,0.1871529693873599,False,0.1345201015472412,False
2026,B,1231,1780432260.0,False,-1,,8,False,0.0,21.0,0.0,0.04686595548761652,False,0.45169396660508976,False,0.04686595548761652,False,0.20373505883050388,False,0.1413130760192871,False
2026,B,1232,1780432320.0,False,-1,,8,False,0.0,21.0,0.0,-2.124901573254971,False,0.37957775886785244,False,-2.124901573254971,False,0.20373505883050388,False,0.16553688049316406,False
2026,B,1233,1780432380.0,False,-1,,8,False,0.0,21.0,0.0,-1.0171521538642905,False,0.4135421906142212,False,-1.0171521538642905,False,0.20373505883050388,False,0.12726402282714847,False
2026,B,1234,1780432440.0,False,-1,,8,False,0.0,19.0,0.0,-1.2726858757454211,False,0.41578905987471454,False,-1.2726858757454211,False,0.2089414702524605,False,0.13685994148254393,False
2026,B,1235,1780432500.0,False,-1,,8,False,0.0,25.0,0.0,-1.5137424129821877,False,0.4073403359457127,False,-1.5137424129821877,False,0.19526502570377902,False,0.2020644187927245,False
2026,B,1236,1780432560.0,False,-1,,8,False,0.0,20.0,0.0,-2.2395859436377004,False,0.3841577690295681,False,-2.2395859436377004,False,0.20624038581450158,False,0.16693913936614987,False
2026,B,1237,1780432620.0,True,102,dependency_timeout,8,False,0.0,24.0,0.0,4.3439217493346325,True,0.458181744838438,False,4.3439217493346325,True,0.19718290174713954,False,0.4411505460739134,False
2026,B,1238,1780432680.0,True,102,dependency_timeout,8,False,1.0,18.0,0.0,5.424816825084396,True,0.6854507387937204,False,5.424816825084396,True,1.0,True,7999999999.999999,True
2026,B,1239,1780432740.0,True,102,dependency_timeout,8,False,2.0,19.0,0.0,5.424816825084396,True,0.6695637963971198,False,5.424816825084396,True,1.0,True,7000000000.0,True
2026,B,1240,1780432800.0,True,102,dependency_timeout,8,False,2.0,27.0,0.0,5.424816825084396,True,0.6623347519915782,False,5.424816825084396,True,1.0,True,6000000000.0,True
2026,B,1241,1780432860.0,True,102,dependency_timeout,8,False,0.0,24.0,0.0,5.424816825084396,True,0.4717336501291846,False,5.424816825084396,True,1.0,True,999999999.9999999,True
2026,B,1242,1780432920.0,False,-1,,8,False,0.0,26.0,0.0,-1.6189686052014851,False,0.38200226111922675,False,-1.6189686052014851,False,0.19345838717882127,False,0.1430255174636841,False
2026,B,1243,1780432980.0,False,-1,,8,False,0.0,26.0,0.0,-1.2089055953935643,False,0.4105182510909784,False,-1.2089055953935643,False,0.19345838717882127,False,0.17604947090148926,False
2026,B,1244,1780433040.0,False,-1,,8,False,0.0,14.0,0.0,-1.4765925780522737,False,0.4271233735447552,False,-1.4765925780522737,False,0.2265666570210753,False,0.1290717601776123,False
2026,B,1245,1780433100.0,False,-1,,8,False,0.0,19.0,0.0,-2.033068735208933,False,0.3899749861696561,False,-2.033068735208933,False,0.2089414702524605,False,0.1460726737976074,False
2026,B,1246,1780433160.0,False,-1,,8,False,0.0,13.0,0.0,-0.4761368485926658,False,0.4425660634069888,False,-0.4761368485926658,False,0.2312761519565593,False,0.11349430084228514,False
2026,B,1247,1780433220.0,False,-1,,8,False,0.0,15.0,0.0,-2.012228780714975,False,0.3895676881202173,False,-2.012228780714975,False,0.22234063516699837,False,0.1565526485443115,False
2026,B,1248,1780433280.0,False,-1,,8,False,0.0,30.0,0.0,-0.85978141761501,False,0.3952646099859747,False,-0.85978141761501,False,0.1871529693873599,False,0.15479693412780762,False
2026,B,1249,1780433340.0,False,-1,,8,False,0.0,12.0,0.0,-1.1933656116247455,False,0.4526864354422791,False,-1.1933656116247455,False,0.23656878881171142,False,0.16047954559326172,False
2026,B,1250,1780433400.0,False,-1,,8,False,0.0,24.0,0.0,-1.747493625543143,False,0.37644039735812335,False,-1.747493625543143,False,0.19718290174713954,False,0.15015757083892822,False
2026,B,1251,1780433460.0,False,-1,,8,False,0.0,24.0,0.0,-2.0270774027489082,False,0.37619890593691396,False,-2.0270774027489082,False,0.19718290174713954,False,0.15284440517425535,False
2026,B,1252,1780433520.0,True,103,dependency_timeout,8,False,2.0,16.0,0.0,5.424816825084396,True,0.6828018977959922,False,5.424816825084396,True,1.0,True,5000000000.0,True
2026,B,1253,1780433580.0,True,103,dependency_timeout,8,False,3.0,17.0,0.0,5.424816825084396,True,0.6809619132576994,False,5.424816825084396,True,1.0,True,5000000000.0,True
2026,B,1254,1780433640.0,True,103,dependency_timeout,8,False,1.0,26.0,0.0,5.424816825084396,True,0.6497951920681676,False,5.424816825084396,True,1.0,True,3999999999.9999995,True
2026,B,1255,1780433700.0,False,-1,,8,False,0.0,22.0,0.0,-1.6621981734738966,False,0.40036168444426556,False,-1.6621981734738966,False,0.20140271571692986,False,0.16110429763793943,False
2026,B,1256,1780433760.0,False,-1,,8,False,0.0,26.0,0.0,-0.4291086272654976,False,0.42547512436296836,False,-0.4291086272654976,False,0.19345838717882127,False,0.15656828880310059,False
2026,B,1257,1780433820.0,False,-1,,8,False,0.0,19.0,0.0,-1.317405889889364,False,0.39155400340897867,False,-1.317405889889364,False,0.2089414702524605,False,0.14580698013305665,False
2026,B,1258,1780433880.0,False,-1,,8,False,0.0,14.0,0.0,-1.241433366279236,False,0.43074720643473274,False,-1.241433366279236,False,0.2265666570210753,False,0.13061859607696533,False
2026,B,1259,1780433940.0,False,-1,,8,False,0.0,26.0,0.0,-1.7140613073773983,False,0.385095026558767,False,-1.7140613073773983,False,0.19345838717882127,False,0.1556384563446045,False
2026,B,1260,1780434000.0,False,-1,,8,False,0.0,22.0,0.0,-1.4722538008848547,False,0.39181962264817916,False,-1.4722538008848547,False,0.20140271571692986,False,0.13921935558319093,False
2026,B,1261,1780434060.0,False,-1,,8,False,0.0,22.0,0.0,-1.2453197478020792,False,0.3993346695542107,False,-1.2453197478020792,False,0.20140271571692986,False,0.167146635055542,False
2026,B,1262,1780434120.0,False,-1,,8,False,0.0,25.0,0.0,-1.397525466213187,False,0.431181512360067,False,-1.397525466213187,False,0.19526502570377902,False,0.20974378585815415,False
2026,B,1263,1780434180.0,False,-1,,8,False,0.0,22.0,0.0,-2.0549219321040235,False,0.4063166030991193,False,-2.0549219321040235,False,0.20140271571692986,False,0.19309685230255125,False
2026,B,1264,1780434240.0,False,-1,,8,False,0.0,17.0,0.0,-1.8091835137455048,False,0.39143355171154764,False,-1.8091835137455048,False,0.2150452435826018,False,0.15005941390991212,False
2026,B,1265,1780434300.0,True,104,resource_exhaustion,8,False,2.0,19.0,0.0,5.424816825084396,True,0.682683857476644,False,5.424816825084396,True,1.0,True,3000000000.0,True
2026,B,1266,1780434360.0,True,104,resource_exhaustion,8,False,5.0,27.0,0.0,5.424816825084396,True,0.6870525669917377,False,5.424816825084396,True,1.0,True,3999999999.9999995,True
2026,B,1267,1780434420.0,True,104,resource_exhaustion,8,False,2.0,19.0,0.0,5.424816825084396,True,0.6876273469377723,False,5.424816825084396,True,1.0,True,1999999999.9999998,True
2026,B,1268,1780434480.0,True,104,resource_exhaustion,8,False,1.0,22.0,0.0,0.4888275379850615,False,0.6151399841425359,False,0.4888275379850615,False,6.028192350201344e-05,False,0.1369462490081787,False
2026,B,1269,1780434540.0,False,-1,,8,False,0.0,21.0,0.0,-1.279210319005867,False,0.4305950650445615,False,-1.279210319005867,False,0.20373505883050388,False,0.16916608810424805,False
2026,B,1270,1780434600.0,False,-1,,8,False,0.0,21.0,0.0,-2.0911330783758375,False,0.38217672037684036,False,-2.0911330783758375,False,0.20373505883050388,False,0.16931724548339847,False
2026,B,1271,1780434660.0,False,-1,,8,False,0.0,20.0,0.0,-1.8703474906315938,False,0.3871751111013985,False,-1.8703474906315938,False,0.20624038581450158,False,0.15911810398101806,False
2026,B,1272,1780434720.0,False,-1,,8,False,0.0,17.0,0.0,-1.7065029458477508,False,0.41367636505516636,False,-1.7065029458477508,False,0.2150452435826018,False,0.18419256210327148,False
2026,B,1273,1780434780.0,False,-1,,8,False,0.0,13.0,0.0,-1.117526843854706,False,0.41990924323354395,False,-1.117526843854706,False,0.2312761519565593,False,0.1642705917358398,False
2026,B,1274,1780434840.0,False,-1,,8,False,0.0,25.0,0.0,-1.775380503685608,False,0.385474909291189,False,-1.775380503685608,False,0.19526502570377902,False,0.1512584686279297,False
2026,B,1275,1780434900.0,False,-1,,8,False,0.0,20.0,0.0,-1.5603078977998317,False,0.4221011334810434,False,-1.5603078977998317,False,0.20624038581450158,False,0.1622123003005981,False
2026,B,1276,1780434960.0,False,-1,,8,False,0.0,27.0,0.0,-1.8427315441478278,False,0.398784879984857,False,-1.8427315441478278,False,0.1917524814136692,False,0.1957231998443603,False
2026,B,1277,1780435020.0,False,-1,,8,False,0.0,16.0,0.0,-2.14785630841597,False,0.38831856818601695,False,-2.14785630841597,False,0.21852058284895462,False,0.16253113746643066,False
2026,B,1278,1780435080.0,True,105,config_error,8,False,0.0,17.0,0.0,2.798252916755135,True,0.4028978504420082,False,2.798252916755135,True,1.0,True,7999999999.999999,True
2026,B,1279,1780435140.0,True,105,config_error,8,False,0.0,16.0,0.0,4.397032938541843,True,0.4358809679051513,False,4.397032938541843,True,1.0,True,14000000000.0,True
2026,B,1280,1780435200.0,True,105,config_error,8,False,0.0,30.0,0.0,5.009327551376469,True,0.4309538817399307,False,5.009327551376469,True,1.0,True,27000000000.0,True
2026,B,1281,1780435260.0,True,105,config_error,8,False,0.0,20.0,0.0,4.537937033736941,True,0.43667085169202086,False,4.537937033736941,True,1.0,True,16999999999.999998,True
2026,B,1282,1780435320.0,True,105,config_error,8,False,0.0,22.0,0.0,-0.2284924933022614,False,0.4740173033732095,False,-0.2284924933022614,False,1.0,True,999999999.9999999,True
2026,B,1283,1780435380.0,False,-1,,8,False,0.0,17.0,0.0,-1.654633440739162,False,0.39868099754714514,False,-1.654633440739162,False,0.2150452435826018,False,0.16208925247192382,False
2026,B,1284,1780435440.0,False,-1,,8,False,0.0,21.0,0.0,-1.5988946083964022,False,0.4031727146188239,False,-1.5988946083964022,False,0.20373505883050388,False,0.15301036834716797,False
2026,B,1285,1780435500.0,False,-1,,8,False,0.0,20.0,0.0,-1.8363721075226644,False,0.3997898409822163,False,-1.8363721075226644,False,0.20624038581450158,False,0.14616415500640867,False
2026,B,1286,1780435560.0,False,-1,,8,False,0.0,27.0,0.0,-1.9338074254662896,False,0.37308118590944983,False,-1.9338074254662896,False,0.1917524814136692,False,0.17335224151611325,False
2026,B,1287,1780435620.0,False,-1,,8,False,0.0,26.0,0.0,-1.7342174409002302,False,0.37578875442849413,False,-1.7342174409002302,False,0.19345838717882127,False,0.14748454093933105,False
2026,B,1288,1780435680.0,False,-1,,8,False,0.0,20.0,0.0,-1.568883397213046,False,0.4289062517623521,False,-1.568883397213046,False,0.20624038581450158,False,0.17381646633148193,False
2026,B,1289,1780435740.0,False,-1,,8,False,0.0,22.0,0.0,-1.9993899378941844,False,0.3949045279227077,False,-1.9993899378941844,False,0.20140271571692986,False,0.16088473796844482,False
2026,B,1290,1780435800.0,False,-1,,8,False,0.0,23.0,0.0,-0.17330808857143154,False,0.42327598609419465,False,-0.17330808857143154,False,0.1992241207700216,False,0.12648229598999022,False
2026,B,1291,1780435860.0,True,106,dependency_timeout,8,False,1.0,19.0,0.0,5.424816825084396,True,0.6681621706324267,False,5.424816825084396,True,1.0,True,3999999999.9999995,True
2026,B,1292,1780435920.0,True,106,dependency_timeout,8,False,3.0,26.0,0.0,5.424816825084396,True,0.6656463558331278,False,5.424816825084396,True,1.0,True,12000000000.0,True
2026,B,1293,1780435980.0,True,106,dependency_timeout,8,False,1.0,21.0,0.0,5.424816825084396,True,0.6768408187249665,False,5.424816825084396,True,1.0,True,9000000000.0,True
2026,B,1294,1780436040.0,True,106,dependency_timeout,8,False,0.0,12.0,0.0,5.424816825084396,True,0.5417604352676993,False,5.424816825084396,True,1.0,True,1999999999.9999998,True
2026,B,1295,1780436100.0,False,-1,,8,False,0.0,15.0,0.0,-1.1761147306011885,False,0.4012384139557444,False,-1.1761147306011885,False,0.22234063516699837,False,0.13564953804016114,False
2026,B,1296,1780436160.0,False,-1,,8,False,0.0,20.0,0.0,-1.7436189119377463,False,0.4271917268077522,False,-1.7436189119377463,False,0.20624038581450158,False,0.18752119541168202,False
2026,B,1297,1780436220.0,False,-1,,8,False,0.0,11.0,0.0,-2.1318408585493582,False,0.4078272809428591,False,-2.1318408585493582,False,0.24257514350821907,False,0.14847159385681155,False
2026,B,1298,1780436280.0,False,-1,,8,False,0.0,15.0,0.0,-2.2575121826146463,False,0.39182343877205644,False,-2.2575121826146463,False,0.22234063516699837,False,0.17453217506408691,False
2026,B,1299,1780436340.0,False,-1,,8,False,0.0,23.0,0.0,-2.2524027801996596,False,0.37555877662443066,False,-2.2524027801996596,False,0.1992241207700216,False,0.16863236427307132,False
2026,B,1300,1780436400.0,False,-1,,8,False,0.0,18.0,0.0,-1.602234887339276,False,0.40996841160337205,False,-1.602234887339276,False,0.21186550166449922,False,0.15821428298950196,False
2026,B,1301,1780436460.0,False,-1,,8,False,0.0,24.0,0.0,-1.7978626739981491,False,0.3774490913844672,False,-1.7978626739981491,False,0.19718290174713954,False,0.15761637687683105,False
2026,B,1302,1780436520.0,True,107,resource_exhaustion,8,False,0.0,25.0,0.0,-1.4524221855711845,False,0.4047413880310748,False,-1.4524221855711845,False,0.19526502570377902,False,0.19058208465576162,False
2026,B,1303,1780436580.0,True,107,resource_exhaustion,8,False,5.0,20.0,0.0,5.424816825084396,True,0.6979377395480887,False,5.424816825084396,True,1.0,True,5000000000.0,True
2026,B,1304,1780436640.0,True,107,resource_exhaustion,8,False,1.0,13.0,0.0,5.424816825084396,True,0.7088469296375298,False,5.424816825084396,True,1.0,True,1999999999.9999998,True
2026,B,1305,1780436700.0,True,107,resource_exhaustion,8,False,4.0,19.0,0.0,5.424816825084396,True,0.6992882157760908,False,5.424816825084396,True,1.0,True,3999999999.9999995,True
2026,B,1306,1780436760.0,True,107,resource_exhaustion,8,False,2.0,26.0,0.0,5.424816825084396,True,0.6611361546824187,False,5.424816825084396,True,1.0,True,1999999999.9999998,True
2026,B,1307,1780436820.0,False,-1,,9,False,0.0,19.0,0.0,-2.1296397439832964,False,0.4077106271585259,False,-2.1296397439832964,False,0.2089414702524605,False,0.18742623329162597,False
2026,B,1308,1780436880.0,False,-1,,9,False,0.0,15.0,0.0,-1.5476268091880527,False,0.39580821925376236,False,-1.5476268091880527,False,0.22234063516699837,False,0.15073037147521973,False
2026,B,1309,1780436940.0,False,-1,,9,False,1.0,23.0,0.0,-0.7846862977187739,False,0.6002942763349991,False,-0.7846862977187739,False,6.609423991098541e-05,False,0.1653740882873535,False
2026,B,1310,1780437000.0,False,-1,,9,False,0.0,14.0,0.0,-0.09978932959202869,False,0.4544783829086589,False,-0.09978932959202869,False,0.2265666570210753,False,0.1694774866104126,False
2026,B,1311,1780437060.0,False,-1,,9,False,0.0,22.0,0.0,-2.129952502073321,False,0.38009197601775024,False,-2.129952502073321,False,0.20140271571692986,False,0.16644895076751706,False
2026,B,1312,1780437120.0,False,-1,,9,False,0.0,27.0,0.0,-0.7811719242855917,False,0.40042890793011304,False,-0.7811719242855917,False,0.1917524814136692,False,0.13489942550659179,False
2026,B,1313,1780437180.0,False,-1,,9,False,0.0,19.0,0.0,-1.3674671717061644,False,0.4067286941528557,False,-1.3674671717061644,False,0.2089414702524605,False,0.13840079307556152,False
2026,B,1314,1780437240.0,False,-1,,9,False,0.0,18.0,0.0,-1.6809612944075711,False,0.42564705748940573,False,-1.6809612944075711,False,0.21186550166449922,False,0.18599736690521232,False
2026,B,1315,1780437300.0,False,-1,,9,False,0.0,17.0,0.0,-2.031730889004841,False,0.38985516250746066,False,-2.031730889004841,False,0.2150452435826018,False,0.1503936767578125,False
2026,B,1316,1780437360.0,False,-1,,9,False,0.0,15.0,0.0,-1.6013997701512972,False,0.42040944074902387,False,-1.6013997701512972,False,0.22234063516699837,False,0.1996801376342773,False
2026,B,1317,1780437420.0,True,108,dependency_timeout,9,False,0.0,17.0,0.0,5.424816825084396,True,0.5311394395532608,False,5.424816825084396,True,1.0,True,6000000000.0,True
2026,B,1318,1780437480.0,True,108,dependency_timeout,9,False,2.0,21.0,0.0,5.424816825084396,True,0.6769602236872703,False,5.424816825084396,True,1.0,True,9000000000.0,True
2026,B,1319,1780437540.0,True,108,dependency_timeout,9,False,0.0,15.0,0.0,5.424816825084396,True,0.5557049067173998,False,5.424816825084396,True,1.0,True,9000000000.0,True
2026,B,1320,1780437600.0,True,108,dependency_timeout,9,False,0.0,16.0,0.0,5.424816825084396,True,0.48210544356882984,False,5.424816825084396,True,1.0,True,1999999999.9999998,True
2026,B,1321,1780437660.0,False,-1,,9,False,0.0,21.0,0.0,-2.174741171733495,False,0.39037888532868453,False,-2.174741171733495,False,0.20373505883050388,False,0.17968750000000003,False
2026,B,1322,1780437720.0,False,-1,,9,False,0.0,19.0,0.0,-1.9207346090597817,False,0.4204123426047671,False,-1.9207346090597817,False,0.2089414702524605,False,0.19827508926391602,False
2026,B,1323,1780437780.0,False,-1,,9,False,0.0,18.0,0.0,-1.1090158560166579,False,0.43516272733108935,False,-1.1090158560166579,False,0.21186550166449922,False,0.16166977882385253,False
2026,B,1324,1780437840.0,False,-1,,9,False,0.0,17.0,0.0,-1.2867126068566899,False,0.4314644192520987,False,-1.2867126068566899,False,0.2150452435826018,False,0.16044254302978517,False
2026,B,1325,1780437900.0,False,-1,,9,False,0.0,17.0,0.0,-1.9776543809866087,False,0.3912853876143789,False,-1.9776543809866087,False,0.2150452435826018,False,0.15744848251342775,False
2026,B,1326,1780437960.0,False,-1,,9,False,0.0,19.0,0.0,-1.5690361201009777,False,0.3978933267973838,False,-1.5690361201009777,False,0.2089414702524605,False,0.14191455841064451,False
2026,B,1327,1780438020.0,False,-1,,9,False,0.0,12.0,0.0,-1.6729555235244868,False,0.4039101175508482,False,-1.6729555235244868,False,0.23656878881171142,False,0.16164762973785404,False
2026,B,1328,1780438080.0,False,-1,,9,False,0.0,14.0,0.0,-1.6555771131910868,False,0.4201546762218586,False,-1.6555771131910868,False,0.2265666570210753,False,0.17723088264465328,False
2026,B,1329,1780438140.0,True,109,resource_exhaustion,9,False,0.0,13.0,0.0,5.424816825084396,True,0.5541260482168596,False,5.424816825084396,True,0.2312761519565593,False,0.24745130538940427,False
2026,B,1330,1780438200.0,True,109,resource_exhaustion,9,False,0.0,11.0,0.0,5.424816825084396,True,0.5917373354547638,False,5.424816825084396,True,1.0,True,999999999.9999999,True
2026,B,1331,1780438260.0,True,109,resource_exhaustion,9,False,4.0,24.0,0.0,5.424816825084396,True,0.6860998508874125,False,5.424816825084396,True,1.0,True,3999999999.9999995,True
2026,B,1332,1780438320.0,True,109,resource_exhaustion,9,False,0.0,20.0,0.0,5.424816825084396,True,0.4968085108228442,False,5.424816825084396,True,0.20624038581450158,False,0.20691461563110347,False
2026,B,1333,1780438380.0,False,-1,,9,False,0.0,22.0,0.0,-1.5618634448265425,False,0.392099385600476,False,-1.5618634448265425,False,0.20140271571692986,False,0.15634231567382811,False
2026,B,1334,1780438440.0,False,-1,,9,False,0.0,23.0,0.0,-1.1473046988998856,False,0.3948403948872738,False,-1.1473046988998856,False,0.1992241207700216,False,0.13981022834777834,False
2026,B,1335,1780438500.0,False,-1,,9,False,0.0,27.0,0.0,-1.3386676399198683,False,0.3904105301795624,False,-1.3386676399198683,False,0.1917524814136692,False,0.13729605674743653,False
2026,B,1336,1780438560.0,False,-1,,9,False,0.0,23.0,0.0,-1.6883054403379667,False,0.3834109729281891,False,-1.6883054403379667,False,0.1992241207700216,False,0.15547518730163573,False
2026,B,1337,1780438620.0,False,-1,,9,False,0.0,16.0,0.0,-1.2717610506553703,False,0.4106626791956257,False,-1.2717610506553703,False,0.21852058284895462,False,0.17441952228546143,False
2026,B,1338,1780438680.0,False,-1,,9,False,0.0,12.0,0.0,-1.4314377957154623,False,0.44264096479266735,False,-1.4314377957154623,False,0.23656878881171142,False,0.16556782722473146,False
2026,B,1339,1780438740.0,False,-1,,9,False,0.0,18.0,0.0,-1.3247927467771206,False,0.4131859127149123,False,-1.3247927467771206,False,0.21186550166449922,False,0.13262996673583982,False
2026,B,1340,1780438800.0,False,-1,,9,False,0.0,21.0,0.0,-2.0488077739232144,False,0.38699420132834056,False,-2.0488077739232144,False,0.20373505883050388,False,0.1479921340942383,False
2026,B,1341,1780438860.0,False,-1,,9,False,0.0,16.0,0.0,-1.728168139441153,False,0.4059126482743332,False,-1.728168139441153,False,0.21852058284895462,False,0.13457858562469482,False
2026,B,1342,1780438920.0,False,-1,,9,False,0.0,20.0,0.0,-1.4304458145728898,False,0.4167065512694823,False,-1.4304458145728898,False,0.20624038581450158,False,0.132440447807312,False
2026,B,1343,1780438980.0,True,110,resource_exhaustion,9,False,0.0,15.0,0.0,5.424816825084396,True,0.5625556641780621,False,5.424816825084396,True,0.22234063516699837,False,0.2655358791351318,False
2026,B,1344,1780439040.0,True,110,resource_exhaustion,9,False,0.0,18.0,0.0,5.424816825084396,True,0.577068824596339,False,5.424816825084396,True,1.0,True,999999999.9999999,True
2026,B,1345,1780439100.0,True,110,resource_exhaustion,9,False,1.0,14.0,0.0,5.424816825084396,True,0.7031162427163119,False,5.424816825084396,True,2.0404691342307193e-05,False,0.28457999229431147,False
2026,B,1346,1780439160.0,False,-1,,9,False,0.0,18.0,0.0,-1.1893483907052547,False,0.43425368710613177,False,-1.1893483907052547,False,0.21186550166449922,False,0.15492391586303705,False
2026,B,1347,1780439220.0,False,-1,,9,False,0.0,15.0,0.0,-1.0510928715511927,False,0.4377581839361162,False,-1.0510928715511927,False,0.22234063516699837,False,0.12719426155090333,False
2026,B,1348,1780439280.0,False,-1,,9,False,0.0,15.0,0.0,-1.6358129470294953,False,0.3964973196631038,False,-1.6358129470294953,False,0.22234063516699837,False,0.13592910766601562,False
2026,B,1349,1780439340.0,False,-1,,9,False,0.0,16.0,0.0,-1.328328563200956,False,0.42373227657101575,False,-1.328328563200956,False,0.21852058284895462,False,0.13368022441864014,False
2026,B,1350,1780439400.0,False,-1,,9,False,0.0,13.0,0.0,-1.1592662821434345,False,0.4083833059169449,False,-1.1592662821434345,False,0.2312761519565593,False,0.1538668632507324,False
2026,B,1351,1780439460.0,False,-1,,9,False,0.0,22.0,0.0,-2.235794949594121,False,0.37702291460071635,False,-2.235794949594121,False,0.20140271571692986,False,0.16672186851501464,False
2026,B,1352,1780439520.0,False,-1,,9,False,0.0,17.0,0.0,-1.0624359842589026,False,0.407174182628032,False,-1.0624359842589026,False,0.2150452435826018,False,0.13492584228515625,False
2026,B,1353,1780439580.0,False,-1,,9,False,0.0,16.0,0.0,-2.055913771777905,False,0.3885167345663572,False,-2.055913771777905,False,0.21852058284895462,False,0.1559624671936035,False
2026,B,1354,1780439640.0,False,-1,,9,False,0.0,9.0,0.0,-1.3960110472225153,False,0.4276564407865587,False,-1.3960110472225153,False,0.25749302991177747,False,0.13956756591796876,False
2026,B,1355,1780439700.0,False,-1,,9,False,0.0,16.0,0.0,-1.8266043658307884,False,0.4203140698532581,False,-1.8266043658307884,False,0.21852058284895462,False,0.19131886959075928,False
2026,B,1356,1780439760.0,False,-1,,9,False,0.0,20.0,0.0,-1.732058654833855,False,0.43653391043635803,False,-1.732058654833855,False,0.20624038581450158,False,0.1969945907592773,False
2026,B,1357,1780439820.0,True,111,config_error,9,False,0.0,15.0,0.0,3.1520919683449984,True,0.42642926014992966,False,3.1520919683449984,True,1.0,True,9000000000.0,True
2026,B,1358,1780439880.0,True,111,config_error,9,False,0.0,20.0,0.0,4.926438427737803,True,0.4298058620385301,False,4.926438427737803,True,1.0,True,19000000000.0,True
2026,B,1359,1780439940.0,True,111,config_error,9,False,0.0,24.0,0.0,4.773157174453014,True,0.47706583528148866,False,4.773157174453014,True,1.0,True,20000000000.0,True
2026,B,1360,1780440000.0,True,111,config_error,9,False,0.0,10.0,0.0,2.976452397302306,True,0.4323576370470055,False,2.976452397302306,True,1.0,True,7000000000.0,True
2026,B,1361,1780440060.0,False,-1,,9,False,0.0,17.0,0.0,-2.2523192192293298,False,0.3919895631908402,False,-2.2523192192293298,False,0.2150452435826018,False,0.1742241859436035,False
2026,B,1362,1780440120.0,False,-1,,9,False,0.0,19.0,0.0,-1.1696036065481223,False,0.41688426169296783,False,-1.1696036065481223,False,0.2089414702524605,False,0.15503330230712892,False
2026,B,1363,1780440180.0,False,-1,,9,False,0.0,15.0,0.0,-2.1675653803142625,False,0.38836721068976343,False,-2.1675653803142625,False,0.22234063516699837,False,0.15036182403564452,False
2026,B,1364,1780440240.0,False,-1,,9,False,0.0,17.0,0.0,-2.1475345817238525,False,0.40855259086423773,False,-2.1475345817238525,False,0.2150452435826018,False,0.18892230987548828,False
2026,B,1365,1780440300.0,False,-1,,9,False,0.0,19.0,0.0,-1.9076018899851999,False,0.3826107415493859,False,-1.9076018899851999,False,0.2089414702524605,False,0.1496328353881836,False
2026,B,1366,1780440360.0,False,-1,,9,False,0.0,18.0,0.0,-1.9390831484943414,False,0.38267824738031375,False,-1.9390831484943414,False,0.21186550166449922,False,0.14473955631256102,False
2026,B,1367,1780440420.0,False,-1,,9,False,0.0,14.0,0.0,-1.3467424720412993,False,0.4204750596762319,False,-1.3467424720412993,False,0.2265666570210753,False,0.18182256221771237,False
2026,B,1368,1780440480.0,False,-1,,9,False,0.0,15.0,0.0,-1.9242526080315496,False,0.40157623072759374,False,-1.9242526080315496,False,0.22234063516699837,False,0.18139042854309081,False
2026,B,1369,1780440540.0,False,-1,,9,False,0.0,15.0,0.0,-1.5952102906985868,False,0.39285684038768903,False,-1.5952102906985868,False,0.22234063516699837,False,0.1424672603607178,False
2026,B,1370,1780440600.0,False,-1,,9,False,0.0,15.0,0.0,-1.094221601640922,False,0.41913186763822596,False,-1.094221601640922,False,0.22234063516699837,False,0.11833648681640625,False
2026,B,1371,1780440660.0,True,112,permission_denied,9,False,0.0,12.0,0.0,-0.2930874518722346,False,0.4295808604062199,False,-0.2930874518722346,False,0.23656878881171142,False,0.12378234863281251,False
2026,B,1372,1780440720.0,True,112,permission_denied,9,False,0.0,14.0,0.0,0.41984284581854237,False,0.4194467951918247,False,0.41984284581854237,False,1.0,True,3000000000.0,True
2026,B,1373,1780440780.0,True,112,permission_denied,9,False,0.0,17.0,0.0,3.261416045586039,True,0.45130484352594236,False,3.261416045586039,True,1.0,True,9000000000.0,True
2026,B,1374,1780440840.0,True,112,permission_denied,9,False,0.0,15.0,0.0,3.2379625478177307,True,0.4749557973626682,False,3.2379625478177307,True,1.0,True,7999999999.999999,True
2026,B,1375,1780440900.0,True,112,permission_denied,9,False,0.0,18.0,0.0,2.559565593534893,True,0.44039736535256924,False,2.559565593534893,True,1.0,True,7000000000.0,True
2026,B,1376,1780440960.0,False,-1,,9,False,0.0,11.0,0.0,-1.0623699571610237,False,0.4196753931986823,False,-1.0623699571610237,False,0.24257514350821907,False,0.12768864631652832,False
2026,B,1377,1780441020.0,False,-1,,9,False,0.0,15.0,0.0,-1.7161722945555988,False,0.4111009123846583,False,-1.7161722945555988,False,0.22234063516699837,False,0.18542218208312986,False
2026,B,1378,1780441080.0,False,-1,,9,False,0.0,21.0,0.0,-0.9571298735512279,False,0.40695701978442,False,-0.9571298735512279,False,0.20373505883050388,False,0.14664411544799807,False
2026,B,1379,1780441140.0,False,-1,,9,False,0.0,19.0,0.0,-1.979123232759691,False,0.38378041265105106,False,-1.979123232759691,False,0.2089414702524605,False,0.16107592582702637,False
2026,B,1380,1780441200.0,False,-1,,9,False,0.0,7.0,0.0,-1.4560227583584435,False,0.4450127677983208,False,-1.4560227583584435,False,0.27843371922675825,False,0.12288312911987305,False
2026,B,1381,1780441260.0,False,-1,,9,False,0.0,15.0,0.0,-2.097493298977139,False,0.3956514034261042,False,-2.097493298977139,False,0.22234063516699837,False,0.16968197822570802,False
2026,B,1382,1780441320.0,True,113,dependency_timeout,9,False,1.0,18.0,0.0,5.424816825084396,True,0.6632290741182476,False,5.424816825084396,True,1.0,True,3999999999.9999995,True
2026,B,1383,1780441380.0,True,113,dependency_timeout,9,False,3.0,17.0,0.0,5.424816825084396,True,0.6766827006044703,False,5.424816825084396,True,1.0,True,6000000000.0,True
2026,B,1384,1780441440.0,True,113,dependency_timeout,9,False,1.0,10.0,0.0,5.424816825084396,True,0.6994530236522314,False,5.424816825084396,True,1.0,True,3999999999.9999995,True
2026,B,1385,1780441500.0,False,-1,,9,False,0.0,14.0,0.0,-1.128826037689751,False,0.4103590790186073,False,-1.128826037689751,False,0.2265666570210753,False,0.1333827257156372,False
2026,B,1386,1780441560.0,False,-1,,9,False,0.0,14.0,0.0,-1.0964166965848543,False,0.449089780938176,False,-1.0964166965848543,False,0.2265666570210753,False,0.16504073143005368,False
2026,B,1387,1780441620.0,False,-1,,9,False,0.0,11.0,0.0,-1.998254486114023,False,0.41163514361782144,False,-1.998254486114023,False,0.24257514350821907,False,0.17426705360412598,False
2026,B,1388,1780441680.0,False,-1,,9,False,0.0,9.0,0.0,-1.5563003314923316,False,0.4486716717729852,False,-1.5563003314923316,False,0.25749302991177747,False,0.1972443580627441,False
2026,B,1389,1780441740.0,False,-1,,9,False,0.0,14.0,0.0,-2.129565766259476,False,0.39599425709542774,False,-2.129565766259476,False,0.2265666570210753,False,0.14402883052825927,False
2026,B,1390,1780441800.0,False,-1,,9,False,0.0,15.0,0.0,-2.0295529143563042,False,0.39876762967682655,False,-2.0295529143563042,False,0.22234063516699837,False,0.17075171470642087,False
2026,B,1391,1780441860.0,False,-1,,9,False,0.0,9.0,0.0,-1.0935133748903514,False,0.4175650391715867,False,-1.0935133748903514,False,0.25749302991177747,False,0.12991247177124024,False
2026,B,1392,1780441920.0,False,-1,,9,False,0.0,11.0,0.0,-1.2928815760368888,False,0.4282256419899512,False,-1.2928815760368888,False,0.24257514350821907,False,0.1570298671722412,False
2026,B,1393,1780441980.0,False,-1,,9,False,0.0,11.0,0.0,-1.4773822830853138,False,0.4128724037234452,False,-1.4773822830853138,False,0.24257514350821907,False,0.16112732887268066,False
2026,B,1394,1780442040.0,False,-1,,9,False,0.0,17.0,0.0,-2.051412164916421,False,0.3954904838897352,False,-2.051412164916421,False,0.2150452435826018,False,0.16190004348754883,False
2026,B,1395,1780442100.0,True,114,config_error,9,False,0.0,14.0,0.0,-1.9603867717958972,False,0.3951339985849496,False,-1.9603867717958972,False,0.2265666570210753,False,0.15005953311920164,False
2026,B,1396,1780442160.0,True,114,config_error,9,False,0.0,15.0,0.0,4.665128681098742,True,0.4670395124758311,False,4.665128681098742,True,1.0,True,14000000000.0,True
2026,B,1397,1780442220.0,True,114,config_error,9,False,0.0,11.0,0.0,3.6105679499304184,True,0.44939774820897543,False,3.6105679499304184,True,1.0,True,9000000000.0,True
2026,B,1398,1780442280.0,True,114,config_error,9,False,0.0,14.0,0.0,-0.7930601787362033,False,0.4037941737957373,False,-0.7930601787362033,False,1.0,True,999999999.9999999,True
2026,B,1399,1780442340.0,False,-1,,9,False,0.0,10.0,0.0,-1.6955528841126632,False,0.4041052138831526,False,-1.6955528841126632,False,0.2494699748845805,False,0.1380918264389038,False
2026,B,1400,1780442400.0,False,-1,,9,False,0.0,8.0,0.0,-0.8318651468446756,False,0.419283682923341,False,-0.8318651468446756,False,0.26698282659663947,False,0.12665038108825682,False
2026,B,1401,1780442460.0,False,-1,,9,False,1.0,16.0,0.0,-0.09370797613347204,False,0.6223631990223658,False,-0.09370797613347204,False,2.897788135865248e-05,False,0.17004525661468506,False
2026,B,1402,1780442520.0,False,-1,,9,False,0.0,11.0,0.0,-1.7283380061295048,False,0.4429327927298457,False,-1.7283380061295048,False,0.24257514350821907,False,0.18494129180908203,False
2026,B,1403,1780442580.0,False,-1,,9,False,0.0,12.0,0.0,-1.3575254745569785,False,0.40786724452357853,False,-1.3575254745569785,False,0.23656878881171142,False,0.13309993743896484,False
2026,B,1404,1780442640.0,False,-1,,9,False,0.0,19.0,0.0,-1.9221010486987984,False,0.38547158827101385,False,-1.9221010486987984,False,0.2089414702524605,False,0.15481510162353515,False
2026,B,1405,1780442700.0,False,-1,,9,False,0.0,13.0,0.0,-1.6766222380433442,False,0.41056960691336897,False,-1.6766222380433442,False,0.2312761519565593,False,0.12830829620361328,False
2026,B,1406,1780442760.0,False,-1,,9,False,0.0,19.0,0.0,-2.2660624374730514,False,0.39832111109578505,False,-2.2660624374730514,False,0.2089414702524605,False,0.1834972858428955,False
2026,B,1407,1780442820.0,False,-1,,9,False,0.0,10.0,0.0,-0.4982679070230631,False,0.4407798075910534,False,-0.4982679070230631,False,0.2494699748845805,False,0.13643691539764405,False
2026,B,1408,1780442880.0,False,-1,,9,False,0.0,15.0,0.0,-2.110914029019604,False,0.39033044099105374,False,-2.110914029019604,False,0.22234063516699837,False,0.15348811149597166,False
2026,B,1409,1780442940.0,True,115,permission_denied,9,False,0.0,13.0,0.0,2.095244224144268,True,0.41861702466495093,False,2.095244224144268,True,1.0,True,6000000000.0,True
2026,B,1410,1780443000.0,True,115,permission_denied,9,False,0.0,15.0,0.0,3.158471984874962,True,0.42136329606837675,False,3.158471984874962,True,1.0,True,7999999999.999999,True
2026,B,1411,1780443060.0,True,115,permission_denied,9,False,0.0,7.0,0.0,0.9272527359852836,True,0.4599610113257437,False,0.9272527359852836,True,1.0,True,3000000000.0,True
2026,B,1412,1780443120.0,True,115,permission_denied,9,False,0.0,11.0,0.0,1.9367423618178354,True,0.4515412448238923,False,1.9367423618178354,True,1.0,True,5000000000.0,True
2026,B,1413,1780443180.0,True,115,permission_denied,9,True,0.0,67.0,0.0,0.6552786071291514,False,0.5841799939367742,False,0.6552786071291514,False,1.0,True,999999999.9999999,True
2026,B,1414,1780443240.0,False,-1,,9,True,0.0,133.0,0.0,-0.18501655210936718,False,0.6888130221931363,False,-0.18501655210936718,False,0.14114326462187277,False,0.17435131072998064,False
2026,B,1415,1780443300.0,False,-1,,9,True,0.0,79.0,0.0,-0.06023408633487737,False,0.617757486757175,False,-0.06023408633487737,False,0.15397964796877542,False,0.17700915336608883,False
2026,B,1416,1780443360.0,False,-1,,9,False,0.0,9.0,0.0,-1.6537540171559408,False,0.4100412732224507,False,-1.6537540171559408,False,0.25749302991177747,False,0.1428311347961426,False
2026,B,1417,1780443420.0,False,-1,,9,False,0.0,9.0,0.0,-0.7786890092357677,False,0.4517239971666715,False,-0.7786890092357677,False,0.25749302991177747,False,0.13450975418090821,False
2026,B,1418,1780443480.0,False,-1,,9,False,0.0,15.0,0.0,-1.3496487331361733,False,0.39864921251652735,False,-1.3496487331361733,False,0.22234063516699837,False,0.14205493927001953,False
2026,B,1419,1780443540.0,False,-1,,9,False,0.0,11.0,0.0,-1.0978416554983053,False,0.4433101888755006,False,-1.0978416554983053,False,0.24257514350821907,False,0.1911723613739014,False
2026,B,1420,1780443600.0,False,-1,,9,False,0.0,14.0,0.0,-2.16797502432728,False,0.4108326625529421,False,-2.16797502432728,False,0.2265666570210753,False,0.1647165060043335,False
2026,B,1421,1780443660.0,False,-1,,9,False,0.0,17.0,0.0,-1.6621468559407688,False,0.40953372668504257,False,-1.6621468559407688,False,0.2150452435826018,False,0.1782918930053711,False
2026,B,1422,1780443720.0,False,-1,,9,False,0.0,8.0,0.0,-1.7071121917468908,False,0.41567826395293095,False,-1.7071121917468908,False,0.26698282659663947,False,0.1608402967453003,False
2026,B,1423,1780443780.0,True,116,permission_denied,9,False,0.0,14.0,0.0,-1.9493344711289238,False,0.41661512552013397,False,-1.9493344711289238,False,0.2265666570210753,False,0.159814190864563,False
2026,B,1424,1780443840.0,True,116,permission_denied,9,False,0.0,9.0,0.0,0.009853516742380997,False,0.4160447150644541,False,0.009853516742380997,False,1.0,True,1999999999.9999998,True
2026,B,1425,1780443900.0,True,116,permission_denied,9,False,0.0,8.0,0.0,-0.0656266638001961,False,0.4189324208868895,False,-0.0656266638001961,False,1.0,True,1999999999.9999998,True
2026,B,1426,1780443960.0,True,116,permission_denied,9,False,0.0,10.0,0.0,-0.34386889320230285,False,0.41838955052396115,False,-0.34386889320230285,False,1.0,True,1999999999.9999998,True
2026,B,1427,1780444020.0,True,116,permission_denied,9,False,0.0,9.0,0.0,0.7545628402118272,True,0.4313718739776195,False,0.7545628402118272,True,1.0,True,3000000000.0,True
2026,B,1428,1780444080.0,False,-1,,9,False,0.0,13.0,0.0,-2.025266589922081,False,0.4168315230044424,False,-2.025266589922081,False,0.2312761519565593,False,0.16964168548583985,False
2026,B,1429,1780444140.0,False,-1,,9,False,0.0,11.0,0.0,-1.360348565647766,False,0.4281528981165411,False,-1.360348565647766,False,0.24257514350821907,False,0.1422576904296875,False
2026,B,1430,1780444200.0,False,-1,,9,False,0.0,11.0,0.0,-1.6582077203576766,False,0.4048125826354775,False,-1.6582077203576766,False,0.24257514350821907,False,0.1458742618560791,False
2026,B,1431,1780444260.0,False,-1,,9,False,0.0,18.0,0.0,-2.1239373876756584,False,0.40091696973624785,False,-2.1239373876756584,False,0.21186550166449922,False,0.1612327575683593,False
2026,B,1432,1780444320.0,False,-1,,9,False,0.0,10.0,0.0,-1.5256162810272222,False,0.4078521273920837,False,-1.5256162810272222,False,0.2494699748845805,False,0.13417842388153076,False
2026,B,1433,1780444380.0,True,117,dependency_timeout,9,False,0.0,14.0,0.0,-0.8377581300816352,False,0.41827073277781907,False,-0.8377581300816352,False,0.2265666570210753,False,0.13984735012054442,False
2026,B,1434,1780444440.0,True,117,dependency_timeout,9,False,1.0,7.0,0.0,5.424816825084396,True,0.691340366969574,False,5.424816825084396,True,1.0,True,999999999.9999999,True
2026,B,1435,1780444500.0,True,117,dependency_timeout,9,False,1.0,8.0,0.0,5.424816825084396,True,0.6963688454247186,False,5.424816825084396,True,1.0,True,3999999999.9999995,True
2026,B,1436,1780444560.0,True,117,dependency_timeout,9,False,0.0,11.0,0.0,5.424816825084396,True,0.5387861067260056,False,5.424816825084396,True,1.0,True,3000000000.0,True
2026,B,1437,1780444620.0,True,117,dependency_timeout,9,False,0.0,13.0,0.0,5.401019008289365,True,0.5002580732773008,False,5.401019008289365,True,0.2312761519565593,False,0.7481482505798337,False
2026,B,1438,1780444680.0,False,-1,,9,False,0.0,8.0,0.0,-1.0472630520568211,False,0.4302240058753502,False,-1.0472630520568211,False,0.26698282659663947,False,0.13864076137542722,False
2026,B,1439,1780444740.0,False,-1,,9,False,0.0,12.0,0.0,-1.5235928867451154,False,0.4437109933894794,False,-1.5235928867451154,False,0.23656878881171142,False,0.16072959899902345,False
2026,B,1440,1780444800.0,False,-1,,9,False,0.0,15.0,0.0,-2.227101292382091,False,0.39715743933865355,False,-2.227101292382091,False,0.22234063516699837,False,0.154457426071167,False
2026,B,1441,1780444860.0,False,-1,,9,False,0.0,11.0,0.0,-1.6047082777630948,False,0.4135041794035881,False,-1.6047082777630948,False,0.24257514350821907,False,0.12887907028198242,False
2026,B,1442,1780444920.0,False,-1,,9,False,0.0,9.0,0.0,-0.8247395807071776,False,0.4264863962083359,False,-0.8247395807071776,False,0.25749302991177747,False,0.1299894332885742,False
2026,B,1443,1780444980.0,True,118,resource_exhaustion,9,False,4.0,19.0,0.0,5.424816825084396,True,0.6992882157760908,False,5.424816825084396,True,1.0,True,3999999999.9999995,True
2026,B,1444,1780445040.0,True,118,resource_exhaustion,9,False,2.0,17.0,0.0,5.424816825084396,True,0.6956837311100348,False,5.424816825084396,True,1.0,True,1999999999.9999998,True
2026,B,1445,1780445100.0,True,118,resource_exhaustion,9,False,1.0,12.0,0.0,5.424816825084396,True,0.7109752033776112,False,5.424816825084396,True,1.0,True,999999999.9999999,True
2026,B,1446,1780445160.0,True,118,resource_exhaustion,9,False,1.0,12.0,0.0,5.424816825084396,True,0.7026393813293216,False,5.424816825084396,True,1.0,True,999999999.9999999,True
2026,B,1447,1780445220.0,False,-1,,9,False,0.0,11.0,0.0,-1.0586421875880205,False,0.42824284757352676,False,-1.0586421875880205,False,0.24257514350821907,False,0.11825156211853026,False
2026,B,1448,1780445280.0,False,-1,,9,False,0.0,7.0,0.0,-1.816217736013706,False,0.4185924262665688,False,-1.816217736013706,False,0.27843371922675825,False,0.14604058265686035,False
2026,B,1449,1780445340.0,False,-1,,9,False,0.0,12.0,0.0,0.05374477521980925,False,0.44021128789149006,False,0.05374477521980925,False,0.23656878881171142,False,0.1227766752243042,False
2026,B,1450,1780445400.0,False,-1,,9,False,0.0,15.0,0.0,-0.5704371575603409,False,0.45878919050218375,False,-0.5704371575603409,False,0.22234063516699837,False,0.11576371192932129,False
2026,B,1451,1780445460.0,False,-1,,9,False,0.0,8.0,0.0,-1.0588672830030612,False,0.44107452043395995,False,-1.0588672830030612,False,0.26698282659663947,False,0.1942261219024658,False
2026,B,1452,1780445520.0,False,-1,,9,False,0.0,13.0,0.0,-0.5075594043970852,False,0.4341938959989704,False,-0.5075594043970852,False,0.2312761519565593,False,0.11680917739868164,False
2026,B,1453,1780445580.0,True,119,config_error,9,False,0.0,11.0,0.0,4.143536797746495,True,0.4429670237570313,False,4.143536797746495,True,1.0,True,10000000000.0,True
2026,B,1454,1780445640.0,True,119,config_error,9,False,0.0,14.0,0.0,3.907759711666267,True,0.4569395249365034,False,3.907759711666267,True,1.0,True,11000000000.0,True
2026,B,1455,1780445700.0,True,119,config_error,9,False,0.0,9.0,0.0,4.664394832662827,True,0.5006116729049191,False,4.664394832662827,True,1.0,True,9000000000.0,True
2026,B,1456,1780445760.0,True,119,config_error,9,False,0.0,11.0,0.0,3.6745914571619043,True,0.4632524617490939,False,3.6745914571619043,True,1.0,True,9000000000.0,True
2026,B,1457,1780445820.0,False,-1,,10,False,0.0,11.0,0.0,-1.1094998237125333,False,0.44476999527183403,False,-1.1094998237125333,False,0.24257514350821907,False,0.11715340614318848,False
2026,B,1458,1780445880.0,False,-1,,10,False,0.0,11.0,0.0,-2.18266050518195,False,0.4058857208519274,False,-2.18266050518195,False,0.24257514350821907,False,0.15801811218261722,False
2026,B,1459,1780445940.0,False,-1,,10,False,0.0,12.0,0.0,-2.039737391755798,False,0.40031415193810527,False,-2.039737391755798,False,0.23656878881171142,False,0.14724221229553222,False
2026,B,1460,1780446000.0,False,-1,,10,False,0.0,12.0,0.0,-1.8331242661819145,False,0.3980063867401427,False,-1.8331242661819145,False,0.23656878881171142,False,0.13931350708007811,False
2026,B,1461,1780446060.0,False,-1,,10,False,0.0,15.0,0.0,-1.9589299722409166,False,0.39181111536575264,False,-1.9589299722409166,False,0.22234063516699837,False,0.15249485969543455,False
2026,B,1462,1780446120.0,False,-1,,10,False,0.0,9.0,0.0,-1.5055912252025818,False,0.431066731774332,False,-1.5055912252025818,False,0.25749302991177747,False,0.1458515167236328,False
2026,B,1463,1780446180.0,False,-1,,10,False,0.0,6.0,0.0,-0.7826270851158217,False,0.4659945076306491,False,-0.7826270851158217,False,0.2925964019925662,False,0.13659167289733884,False
2026,B,1464,1780446240.0,False,-1,,10,False,0.0,14.0,0.0,-1.5917191966013347,False,0.4026539256379577,False,-1.5917191966013347,False,0.2265666570210753,False,0.1320801258087158,False
2026,B,1465,1780446300.0,False,-1,,10,False,0.0,11.0,0.0,-1.9501578173013296,False,0.41367879434949445,False,-1.9501578173013296,False,0.24257514350821907,False,0.14099574089050293,False
2026,B,1466,1780446360.0,True,120,config_error,10,False,0.0,16.0,0.0,3.8710039299806884,True,0.4258351827453452,False,3.8710039299806884,True,1.0,True,12000000000.0,True
2026,B,1467,1780446420.0,True,120,config_error,10,False,0.0,9.0,0.0,4.52988510942908,True,0.4864194571141939,False,4.52988510942908,True,1.0,True,9000000000.0,True
2026,B,1468,1780446480.0,True,120,config_error,10,False,0.0,6.0,0.0,1.0712245703689325,True,0.4828129884010711,False,1.0712245703689325,True,1.0,True,3000000000.0,True
2026,B,1469,1780446540.0,False,-1,,10,False,0.0,9.0,0.0,-1.5957607758960588,False,0.4119445303098876,False,-1.5957607758960588,False,0.25749302991177747,False,0.15169105529785157,False
2026,B,1470,1780446600.0,False,-1,,10,False,0.0,12.0,0.0,-1.826635973053448,False,0.4265063987628968,False,-1.826635973053448,False,0.23656878881171142,False,0.19273970127105716,False
2026,B,1471,1780446660.0,False,-1,,10,False,0.0,14.0,0.0,-1.3707523228925602,False,0.43544973385185143,False,-1.3707523228925602,False,0.2265666570210753,False,0.18829531669616695,False
2026,B,1472,1780446720.0,False,-1,,10,False,0.0,4.0,0.0,-0.6976604084446008,False,0.5273860756800515,False,-0.6976604084446008,False,0.33459287497880763,False,0.18916769027709962,False
2026,B,1473,1780446780.0,False,-1,,10,False,0.0,7.0,0.0,-1.3624106057806502,False,0.4186189530698084,False,-1.3624106057806502,False,0.27843371922675825,False,0.14771146774291993,False
2026,B,1474,1780446840.0,False,-1,,10,False,0.0,16.0,0.0,-2.1129584536989583,False,0.3965313765900794,False,-2.1129584536989583,False,0.21852058284895462,False,0.1642758846282959,False
2026,B,1475,1780446900.0,False,-1,,10,False,0.0,8.0,0.0,-1.6110101727765498,False,0.4294489600456536,False,-1.6110101727765498,False,0.26698282659663947,False,0.12886648178100582,False
2026,B,1476,1780446960.0,False,-1,,10,False,0.0,9.0,0.0,-1.943319227258387,False,0.4051568462927946,False,-1.943319227258387,False,0.25749302991177747,False,0.1461324691772461,False
2026,B,1477,1780447020.0,False,-1,,10,False,0.0,11.0,0.0,-1.789503182268664,False,0.4337716308862127,False,-1.789503182268664,False,0.24257514350821907,False,0.1841540336608887,False
2026,B,1478,1780447080.0,False,-1,,10,False,0.0,7.0,0.0,-0.9592874666851969,False,0.42104006173548797,False,-0.9592874666851969,False,0.27843371922675825,False,0.12124710083007813,False
2026,B,1479,1780447140.0,False,-1,,10,False,0.0,9.0,0.0,-1.5270576923869195,False,0.43312678291961587,False,-1.5270576923869195,False,0.25749302991177747,False,0.16321744918823242,False
2026,B,1480,1780447200.0,True,121,dependency_timeout,10,False,1.0,12.0,0.0,5.424816825084396,True,0.6648963504554328,False,5.424816825084396,True,1.0,True,3000000000.0,True
2026,B,1481,1780447260.0,True,121,dependency_timeout,10,False,2.0,9.0,0.0,5.424816825084396,True,0.6901667197072944,False,5.424816825084396,True,1.0,True,5000000000.0,True
2026,B,1482,1780447320.0,True,121,dependency_timeout,10,False,0.0,8.0,0.0,5.424816825084396,True,0.5515265461451643,False,5.424816825084396,True,1.0,True,3000000000.0,True
2026,B,1483,1780447380.0,True,121,dependency_timeout,10,False,0.0,6.0,0.0,5.424816825084396,True,0.5773070777576564,False,5.424816825084396,True,1.0,True,3000000000.0,True
2026,B,1484,1780447440.0,True,121,dependency_timeout,10,False,0.0,14.0,0.0,4.569266538311082,True,0.5126850434981803,False,4.569266538311082,True,0.2265666570210753,False,0.4433390140533444,False
2026,B,1485,1780447500.0,False,-1,,10,False,0.0,9.0,0.0,-1.914344584795141,False,0.4167999848697386,False,-1.914344584795141,False,0.25749302991177747,False,0.14961557388305663,False
2026,B,1486,1780447560.0,False,-1,,10,False,0.0,11.0,0.0,-1.6335022752657604,False,0.42114098843547054,False,-1.6335022752657604,False,0.24257514350821907,False,0.1609199047088623,False
2026,B,1487,1780447620.0,False,-1,,10,False,0.0,15.0,0.0,-0.7405118244343969,False,0.42629233649377934,False,-0.7405118244343969,False,0.22234063516699837,False,0.1168661117553711,False
2026,B,1488,1780447680.0,False,-1,,10,False,0.0,8.0,0.0,-1.8283894888790115,False,0.40957807359222387,False,-1.8283894888790115,False,0.26698282659663947,False,0.14223389625549315,False
2026,B,1489,1780447740.0,False,-1,,10,False,0.0,8.0,0.0,-1.6273471456921254,False,0.40537613323121424,False,-1.6273471456921254,False,0.26698282659663947,False,0.13037264347076416,False
2026,B,1490,1780447800.0,False,-1,,10,False,0.0,9.0,0.0,-1.8305934583540528,False,0.4241009289101633,False,-1.8305934583540528,False,0.25749302991177747,False,0.13629837036132814,False
2026,B,1491,1780447860.0,False,-1,,10,False,0.0,7.0,0.0,-1.348250689420552,False,0.4564105212346995,False,-1.348250689420552,False,0.27843371922675825,False,0.16924414634704588,False
2026,B,1492,1780447920.0,False,-1,,10,False,0.0,8.0,0.0,-1.5908209960798665,False,0.406431150044105,False,-1.5908209960798665,False,0.26698282659663947,False,0.12934892177581786,False
2026,B,1493,1780447980.0,True,122,permission_denied,10,False,0.0,5.0,0.0,-1.0075748862899516,False,0.499863549822587,False,-1.0075748862899516,False,0.3106614405745598,False,0.11884107589721679,False
2026,B,1494,1780448040.0,True,122,permission_denied,10,False,0.0,7.0,0.0,0.8252248101714388,True,0.4544395039950033,False,0.8252248101714388,True,1.0,True,1999999999.9999998,True
2026,B,1495,1780448100.0,True,122,permission_denied,10,True,1.0,80.0,0.0,4.964541304396214,True,0.69237327880515,False,4.964541304396214,True,1.0,True,30000000000.0,True
2026,B,1496,1780448160.0,False,-1,,10,True,0.0,93.0,0.0,0.8154646356141724,True,0.6448041437519433,False,0.8154646356141724,True,0.1496592247333422,False,0.21097974777221676,False
2026,B,1497,1780448220.0,False,-1,,10,True,0.0,43.0,0.0,-0.6903609757728733,False,0.4963859061180956,False,-0.6903609757728733,False,0.1730768350012793,False,0.1889565467834472,False
2026,B,1498,1780448280.0,False,-1,,10,False,0.0,9.0,0.0,-1.4594405690732772,False,0.4115363386361173,False,-1.4594405690732772,False,0.25749302991177747,False,0.14431400299072267,False
2026,B,1499,1780448340.0,False,-1,,10,False,0.0,6.0,0.0,-1.452559125532745,False,0.4528568380925215,False,-1.452559125532745,False,0.2925964019925662,False,0.18231451511383057,False
2026,B,1500,1780448400.0,False,-1,,10,False,0.0,7.0,0.0,-1.152340902544367,False,0.4187845515603495,False,-1.152340902544367,False,0.27843371922675825,False,0.11965560913085938,False
2026,B,1501,1780448460.0,False,-1,,10,False,0.0,10.0,0.0,-1.3628350783348235,False,0.43683230081161345,False,-1.3628350783348235,False,0.2494699748845805,False,0.17509050369262696,False
2026,B,1502,1780448520.0,False,-1,,10,False,0.0,11.0,0.0,-1.7693485699638867,False,0.4075020270398837,False,-1.7693485699638867,False,0.24257514350821907,False,0.14219903945922852,False
2026,B,1503,1780448580.0,False,-1,,10,False,0.0,7.0,0.0,-1.2473227266416673,False,0.4292077445039819,False,-1.2473227266416673,False,0.27843371922675825,False,0.18081607818603515,False
2026,B,1504,1780448640.0,False,-1,,10,False,0.0,10.0,0.0,-0.559958413653832,False,0.43331954768954684,False,-0.559958413653832,False,0.2494699748845805,False,0.13942649364471435,False
2026,B,1505,1780448700.0,True,123,config_error,10,False,0.0,8.0,0.0,0.8516351795977579,True,0.4199601984561811,False,0.8516351795977579,True,1.0,True,3000000000.0,True
2026,B,1506,1780448760.0,True,123,config_error,10,False,0.0,8.0,0.0,3.4870386974767094,True,0.45471925620360976,False,3.4870386974767094,True,1.0,True,7000000000.0,True
2026,B,1507,1780448820.0,True,123,config_error,10,False,0.0,14.0,0.0,4.982172620209206,True,0.46942412705815184,False,4.982172620209206,True,1.0,True,14000000000.0,True
2026,B,1508,1780448880.0,True,123,config_error,10,False,0.0,7.0,0.0,-0.26886727925154386,False,0.4324617699780833,False,-0.26886727925154386,False,1.0,True,999999999.9999999,True
2026,B,1509,1780448940.0,False,-1,,10,False,0.0,9.0,0.0,-1.5946918228232985,False,0.44165996906360505,False,-1.5946918228232985,False,0.25749302991177747,False,0.19542007446289061,False
2026,B,1510,1780449000.0,False,-1,,10,False,0.0,6.0,0.0,-1.0235797224227996,False,0.43882584589802553,False,-1.0235797224227996,False,0.2925964019925662,False,0.11484348773956299,False
2026,B,1511,1780449060.0,False,-1,,10,False,0.0,5.0,0.0,-0.9575893547270153,False,0.48619797654381974,False,-0.9575893547270153,False,0.3106614405745598,False,0.14470787048339842,False
2026,B,1512,1780449120.0,False,-1,,10,False,0.0,7.0,0.0,-1.4807488591314453,False,0.4275775781291322,False,-1.4807488591314453,False,0.27843371922675825,False,0.14875264167785646,False
2026,B,1513,1780449180.0,False,-1,,10,False,0.0,8.0,0.0,-1.6445616877802065,False,0.4309572280260735,False,-1.6445616877802065,False,0.26698282659663947,False,0.1853527784347534,False
2026,B,1514,1780449240.0,False,-1,,10,False,0.0,11.0,0.0,-1.2317682033513115,False,0.42687804420214426,False,-1.2317682033513115,False,0.24257514350821907,False,0.15544557571411133,False
2026,B,1515,1780449300.0,False,-1,,10,False,0.0,9.0,0.0,-1.750841131168273,False,0.41376875988463246,False,-1.750841131168273,False,0.25749302991177747,False,0.13283224105834962,False
2026,B,1516,1780449360.0,False,-1,,10,False,0.0,10.0,0.0,-0.8128373152840522,False,0.4775605131147493,False,-0.8128373152840522,False,0.2494699748845805,False,0.22235276699066162,False
2026,B,1517,1780449420.0,True,124,permission_denied,10,False,0.0,9.0,0.0,-0.5513653935864342,False,0.41889432053756637,False,-0.5513653935864342,False,1.0,True,999999999.9999999,True
2026,B,1518,1780449480.0,True,124,permission_denied,10,False,0.0,8.0,0.0,1.6302525679538769,True,0.4621098893557828,False,1.6302525679538769,True,1.0,True,3999999999.9999995,True
2026,B,1519,1780449540.0,True,124,permission_denied,10,False,0.0,7.0,0.0,-1.0189168130694943,False,0.4270963235916119,False,-1.0189168130694943,False,1.0,True,999999999.9999999,True
2026,B,1520,1780449600.0,True,124,permission_denied,10,False,0.0,10.0,0.0,-0.39588871085483746,False,0.473924209944373,False,-0.39588871085483746,False,0.2494699748845805,False,0.17869288921356202,False
2026,B,1521,1780449660.0,False,-1,,10,False,0.0,19.0,0.0,-1.0908265131867925,False,0.41233287103423166,False,-1.0908265131867925,False,0.2089414702524605,False,0.15989413261413574,False
2026,B,1522,1780449720.0,False,-1,,10,False,0.0,8.0,0.0,-1.6729384052175593,False,0.425880631664445,False,-1.6729384052175593,False,0.26698282659663947,False,0.15224478244781495,False
2026,B,1523,1780449780.0,False,-1,,10,False,0.0,5.0,0.0,0.06247110067963568,False,0.5122086151046851,False,0.06247110067963568,False,0.3106614405745598,False,0.09163064956665039,False
2026,B,1524,1780449840.0,False,-1,,10,False,0.0,12.0,0.0,-1.472395235468662,False,0.40370887015757645,False,-1.472395235468662,False,0.23656878881171142,False,0.14419419765472413,False
2026,B,1525,1780449900.0,False,-1,,10,False,0.0,7.0,0.0,-1.6145444667792948,False,0.42939410611248435,False,-1.6145444667792948,False,0.27843371922675825,False,0.1720185279846191,False
2026,B,1526,1780449960.0,False,-1,,10,False,0.0,3.0,0.0,-0.6463576009958389,False,0.61988709705388,False,-0.6463576009958389,False,0.36757760552931334,False,0.0893631935119629,False
2026,B,1527,1780450020.0,False,-1,,10,False,0.0,11.0,0.0,-1.274549391132716,False,0.4305386597156344,False,-1.274549391132716,False,0.24257514350821907,False,0.1708214282989502,False
2026,B,1528,1780450080.0,False,-1,,10,False,0.0,4.0,0.0,-1.0849799064945964,False,0.510933661955745,False,-1.0849799064945964,False,0.33459287497880763,False,0.13760771751403808,False
2026,B,1529,1780450140.0,False,-1,,10,False,0.0,8.0,0.0,-1.0820611800600828,False,0.41840752516367996,False,-1.0820611800600828,False,0.26698282659663947,False,0.1239786148071289,False
2026,B,1530,1780450200.0,False,-1,,10,False,0.0,8.0,0.0,-0.7658015635643451,False,0.433136996141826,False,-0.7658015635643451,False,0.26698282659663947,False,0.10996496677398683,False
2026,B,1531,1780450260.0,True,125,resource_exhaustion,10,False,1.0,10.0,0.0,5.424816825084396,True,0.7093471563637012,False,5.424816825084396,True,1.0,True,999999999.9999999,True
2026,B,1532,1780450320.0,True,125,resource_exhaustion,10,False,0.0,12.0,0.0,5.424816825084396,True,0.5907299953852342,False,5.424816825084396,True,0.23656878881171142,False,0.3393357992172241,False
2026,B,1533,1780450380.0,True,125,resource_exhaustion,10,False,0.0,7.0,0.0,5.424816825084396,True,0.5655750259957074,False,5.424816825084396,True,0.27843371922675825,False,0.19487810134887695,False
2026,B,1534,1780450440.0,False,-1,,10,False,0.0,9.0,0.0,-0.18933581521296805,False,0.47935678781711377,False,-0.18933581521296805,False,0.25749302991177747,False,0.10112619400024414,False
2026,B,1535,1780450500.0,False,-1,,10,False,0.0,7.0,0.0,-1.5533582583631755,False,0.4320494309654107,False,-1.5533582583631755,False,0.27843371922675825,False,0.13672709465026855,False
2026,B,1536,1780450560.0,False,-1,,10,False,0.0,7.0,0.0,-1.2620497656982232,False,0.4157377571683875,False,-1.2620497656982232,False,0.27843371922675825,False,0.130828332901001,False
2026,B,1537,1780450620.0,False,-1,,10,False,0.0,10.0,0.0,-1.9639882081385132,False,0.4135948301022398,False,-1.9639882081385132,False,0.2494699748845805,False,0.1399909496307373,False
2026,B,1538,1780450680.0,False,-1,,10,False,0.0,5.0,0.0,-1.243512915855562,False,0.4822765805375385,False,-1.243512915855562,False,0.3106614405745598,False,0.15964231491088868,False
2026,B,1539,1780450740.0,False,-1,,10,False,0.0,10.0,0.0,0.32662843987896384,False,0.45676281550817177,False,0.32662843987896384,False,0.2494699748845805,False,0.13248629570007325,False
2026,B,1540,1780450800.0,False,-1,,10,False,0.0,7.0,0.0,-1.2319816401853991,False,0.4220270837830067,False,-1.2319816401853991,False,0.27843371922675825,False,0.14208974838256835,False
2026,B,1541,1780450860.0,False,-1,,10,False,0.0,5.0,0.0,-1.5755276197809156,False,0.4602532270140212,False,-1.5755276197809156,False,0.3106614405745598,False,0.13786649703979495,False
2026,B,1542,1780450920.0,False,-1,,10,False,0.0,7.0,0.0,-1.6832451649707512,False,0.41327973660564277,False,-1.6832451649707512,False,0.27843371922675825,False,0.14564094543457032,False
2026,B,1543,1780450980.0,False,-1,,10,False,0.0,11.0,0.0,-0.9370546481937962,False,0.42335528309280857,False,-0.9370546481937962,False,0.24257514350821907,False,0.12194538116455078,False
2026,B,1544,1780451040.0,True,126,dependency_timeout,10,False,0.0,5.0,0.0,5.4200641368561655,True,0.5597279495971638,False,5.4200641368561655,True,0.3106614405745598,False,0.8255278587341308,False
2026,B,1545,1780451100.0,True,126,dependency_timeout,10,False,1.0,6.0,0.0,5.424816825084396,True,0.695175867672398,False,5.424816825084396,True,1.0,True,1999999999.9999998,True
2026,B,1546,1780451160.0,True,126,dependency_timeout,10,False,3.0,11.0,0.0,5.424816825084396,True,0.6951629139588259,False,5.424816825084396,True,1.0,True,6000000000.0,True
2026,B,1547,1780451220.0,True,126,dependency_timeout,10,False,2.0,10.0,0.0,5.424816825084396,True,0.6928324424241354,False,5.424816825084396,True,1.0,True,3000000000.0,True
2026,B,1548,1780451280.0,False,-1,,10,False,0.0,5.0,0.0,-0.9485674198109235,False,0.47573964200507035,False,-0.9485674198109235,False,0.3106614405745598,False,0.12388620376586915,False
2026,B,1549,1780451340.0,False,-1,,10,False,0.0,6.0,0.0,-1.4618371607476428,False,0.4369895366684754,False,-1.4618371607476428,False,0.2925964019925662,False,0.11989617347717285,False
2026,B,1550,1780451400.0,False,-1,,10,False,0.0,8.0,0.0,-1.3839782639439564,False,0.4289352414604919,False,-1.3839782639439564,False,0.26698282659663947,False,0.118589448928833,False
2026,B,1551,1780451460.0,False,-1,,10,False,0.0,5.0,0.0,-0.4143253977450101,False,0.5006513312258518,False,-0.4143253977450101,False,0.3106614405745598,False,0.1379108428955078,False
2026,B,1552,1780451520.0,False,-1,,10,False,0.0,10.0,0.0,-1.9523240831309918,False,0.403157836116865,False,-1.9523240831309918,False,0.2494699748845805,False,0.14352688789367676,False
2026,B,1553,1780451580.0,False,-1,,10,False,0.0,9.0,0.0,-1.9840118130669886,False,0.4196612827924671,False,-1.9840118130669886,False,0.25749302991177747,False,0.15506353378295898,False
2026,B,1554,1780451640.0,False,-1,,10,False,0.0,9.0,0.0,-1.4677730109934606,False,0.4250753575539561,False,-1.4677730109934606,False,0.25749302991177747,False,0.12551870346069335,False
2026,B,1555,1780451700.0,False,-1,,10,False,0.0,7.0,0.0,-1.3008473196848866,False,0.4338465585743354,False,-1.3008473196848866,False,0.27843371922675825,False,0.1229471206665039,False
2026,B,1556,1780451760.0,False,-1,,10,False,0.0,2.0,0.0,1.4724434526943693,True,0.6786113050790922,False,1.4724434526943693,True,0.41195092150541074,False,0.1022261619567871,False
2026,B,1557,1780451820.0,True,127,permission_denied,10,False,0.0,6.0,0.0,-0.8658397546872818,False,0.44005288449359675,False,-0.8658397546872818,False,1.0,True,999999999.9999999,True
2026,B,1558,1780451880.0,True,127,permission_denied,10,False,0.0,8.0,0.0,-0.11749338413537824,False,0.4393668153740587,False,-0.11749338413537824,False,1.0,True,1999999999.9999998,True
2026,B,1559,1780451940.0,True,127,permission_denied,10,False,0.0,11.0,0.0,1.986817267697253,True,0.44311837055278125,False,1.986817267697253,True,1.0,True,5000000000.0,True
2026,B,1560,1780452000.0,True,127,permission_denied,10,False,0.0,8.0,0.0,0.8086720433113381,True,0.4581514840952894,False,0.8086720433113381,True,1.0,True,1999999999.9999998,True
2026,B,1561,1780452060.0,False,-1,,10,False,0.0,5.0,0.0,-0.10752971870015848,False,0.5253545362637835,False,-0.10752971870015848,False,0.3106614405745598,False,0.10570411682128907,False
2026,B,1562,1780452120.0,False,-1,,10,False,0.0,8.0,0.0,-1.837181079320823,False,0.4217186635660957,False,-1.837181079320823,False,0.26698282659663947,False,0.16208672523498535,False
2026,B,1563,1780452180.0,False,-1,,10,False,0.0,12.0,0.0,-0.409556188075757,False,0.4276151989508694,False,-0.409556188075757,False,0.23656878881171142,False,0.1169783353805542,False
2026,B,1564,1780452240.0,False,-1,,10,False,0.0,8.0,0.0,-1.7350514837162345,False,0.4047521204556703,False,-1.7350514837162345,False,0.26698282659663947,False,0.14360990524291992,False
2026,B,1565,1780452300.0,False,-1,,10,False,0.0,4.0,0.0,-1.402209775106722,False,0.49160822899521234,False,-1.402209775106722,False,0.33459287497880763,False,0.13502106666564942,False
2026,B,1566,1780452360.0,False,-1,,10,False,0.0,12.0,0.0,-2.0461570101511315,False,0.410346098847054,False,-2.0461570101511315,False,0.23656878881171142,False,0.16321735382080083,False
2026,B,1567,1780452420.0,False,-1,,10,False,0.0,9.0,0.0,-1.223999120541266,False,0.4462953414025991,False,-1.223999120541266,False,0.25749302991177747,False,0.12436208724975586,False
2026,B,1568,1780452480.0,False,-1,,10,False,0.0,5.0,0.0,-1.1144565629650272,False,0.4751496648778653,False,-1.1144565629650272,False,0.3106614405745598,False,0.13229856491088868,False
2026,B,1569,1780452540.0,True,128,resource_exhaustion,10,False,0.0,8.0,0.0,5.424816825084396,True,0.5721629100623261,False,5.424816825084396,True,1.0,True,999999999.9999999,True
2026,B,1570,1780452600.0,True,128,resource_exhaustion,10,False,1.0,3.0,0.0,5.424816825084396,True,0.7332299950871229,True,5.424816825084396,True,9.336639869829532e-09,False,0.18687810897827148,False
2026,B,1571,1780452660.0,True,128,resource_exhaustion,10,False,0.0,9.0,0.0,5.424816825084396,True,0.5708519366586511,False,5.424816825084396,True,0.25749302991177747,False,0.21461982727050782,False
2026,B,1572,1780452720.0,False,-1,,10,False,0.0,7.0,0.0,-1.3290786480447103,False,0.45570615676053616,False,-1.3290786480447103,False,0.27843371922675825,False,0.11849555969238282,False
2026,B,1573,1780452780.0,False,-1,,10,False,0.0,6.0,0.0,-1.1485330997472243,False,0.439882653108358,False,-1.1485330997472243,False,0.2925964019925662,False,0.12806642055511472,False
2026,B,1574,1780452840.0,False,-1,,10,False,0.0,3.0,0.0,0.2579964868538758,False,0.6067232295512807,False,0.2579964868538758,False,0.36757760552931334,False,0.13618125915527343,False
2026,B,1575,1780452900.0,False,-1,,10,False,0.0,7.0,0.0,-0.8393822317036284,False,0.4261445489440479,False,-0.8393822317036284,False,0.27843371922675825,False,0.11978449821472167,False
2026,B,1576,1780452960.0,False,-1,,10,False,0.0,3.0,0.0,0.4371161094003151,False,0.6450096091614189,False,0.4371161094003151,False,0.36757760552931334,False,0.08818268775939941,False
2026,B,1577,1780453020.0,False,-1,,10,False,0.0,6.0,0.0,-1.3418549491972067,False,0.43750418042597167,False,-1.3418549491972067,False,0.2925964019925662,False,0.13653802871704102,False
2026,B,1578,1780453080.0,False,-1,,10,False,0.0,5.0,0.0,-1.5906170879305623,False,0.4693269221681708,False,-1.5906170879305623,False,0.3106614405745598,False,0.1260517120361328,False
2026,B,1579,1780453140.0,False,-1,,10,False,0.0,6.0,0.0,-1.4814705126640337,False,0.43677781958913925,False,-1.4814705126640337,False,0.2925964019925662,False,0.13334226608276364,False
2026,B,1580,1780453200.0,False,-1,,10,False,0.0,11.0,0.0,-1.0196273013918349,False,0.43120911689038427,False,-1.0196273013918349,False,0.24257514350821907,False,0.1592967510223389,False
2026,B,1581,1780453260.0,False,-1,,10,False,0.0,6.0,0.0,-1.0871390638256049,False,0.4403322978914907,False,-1.0871390638256049,False,0.2925964019925662,False,0.11461842060089111,False
2026,B,1582,1780453320.0,False,-1,,10,False,0.0,5.0,0.0,-1.0517384267156915,False,0.4844747197263906,False,-1.0517384267156915,False,0.3106614405745598,False,0.13183917999267578,False
2026,B,1583,1780453380.0,True,129,dependency_timeout,10,False,0.0,3.0,0.0,5.424816825084396,True,0.6743925298385232,False,5.424816825084396,True,1.0,True,999999999.9999999,True
2026,B,1584,1780453440.0,True,129,dependency_timeout,10,False,1.0,6.0,0.0,5.424816825084396,True,0.6931351428296786,False,5.424816825084396,True,1.0,True,999999999.9999999,True
2026,B,1585,1780453500.0,True,129,dependency_timeout,10,False,0.0,3.0,0.0,5.424816758485769,True,0.629805862779857,False,5.424816758485769,True,0.36757760552931334,False,0.6314768314361572,False
2026,B,1586,1780453560.0,True,129,dependency_timeout,10,False,1.0,3.0,0.0,5.424816825084396,True,0.7397380406245959,True,5.424816825084396,True,1.0,True,3000000000.0,True
2026,B,1587,1780453620.0,False,-1,,10,False,1.0,8.0,0.0,0.6784588926944579,True,0.6560667803059593,False,0.6784588926944579,True,3.221495205903748e-06,False,0.19643638134002683,False
2026,B,1588,1780453680.0,False,-1,,10,False,0.0,3.0,0.0,-1.0006558886524513,False,0.5725192743627496,False,-1.0006558886524513,False,0.36757760552931334,False,0.10625767707824707,False
2026,B,1589,1780453740.0,False,-1,,10,False,0.0,3.0,0.0,0.31666638513998,False,0.596259986400171,False,0.31666638513998,False,0.36757760552931334,False,0.1338038444519043,False
2026,B,1590,1780453800.0,False,-1,,10,False,0.0,7.0,0.0,-1.192168769862981,False,0.4532794078048097,False,-1.192168769862981,False,0.27843371922675825,False,0.11342921257019041,False
2026,B,1591,1780453860.0,False,-1,,10,False,0.0,6.0,0.0,-1.2070792390155027,False,0.4425694447648171,False,-1.2070792390155027,False,0.2925964019925662,False,0.1590242385864258,False
2026,B,1592,1780453920.0,False,-1,,10,False,0.0,12.0,0.0,-1.4929034282161657,False,0.4134550426707094,False,-1.4929034282161657,False,0.23656878881171142,False,0.12643907070159913,False
2026,B,1593,1780453980.0,False,-1,,10,False,0.0,6.0,0.0,-0.9240751438405983,False,0.452185459922397,False,-0.9240751438405983,False,0.2925964019925662,False,0.1327887773513794,False
2026,B,1594,1780454040.0,True,130,config_error,10,False,0.0,4.0,0.0,-1.3854113708960059,False,0.5037585370360232,False,-1.3854113708960059,False,0.33459287497880763,False,0.1438359022140503,False
2026,B,1595,1780454100.0,True,130,config_error,10,False,0.0,6.0,0.0,2.8685222126301446,True,0.510613429660739,False,2.8685222126301446,True,1.0,True,5000000000.0,True
2026,B,1596,1780454160.0,True,130,config_error,10,False,0.0,10.0,0.0,3.390921978189795,True,0.4618142388228791,False,3.390921978189795,True,1.0,True,7999999999.999999,True
2026,B,1597,1780454220.0,False,-1,,10,False,0.0,6.0,0.0,-1.731338730869032,False,0.42817113070239726,False,-1.731338730869032,False,0.2925964019925662,False,0.13683104515075684,False
2026,B,1598,1780454280.0,False,-1,,10,False,0.0,10.0,0.0,-0.9635339119826245,False,0.4321199863543798,False,-0.9635339119826245,False,0.2494699748845805,False,0.15422921180725097,False
2026,B,1599,1780454340.0,False,-1,,10,False,0.0,8.0,0.0,-1.0838138320755535,False,0.4228587988035487,False,-1.0838138320755535,False,0.26698282659663947,False,0.1361135482788086,False
2026,B,1600,1780454400.0,False,-1,,10,False,0.0,6.0,0.0,-0.48473979805365897,False,0.4940928800564172,False,-0.48473979805365897,False,0.2925964019925662,False,0.12930500507354734,False
2026,B,1601,1780454460.0,False,-1,,10,False,0.0,3.0,0.0,-1.2084014542080954,False,0.5506578809766176,False,-1.2084014542080954,False,0.36757760552931334,False,0.13195037841796872,False
2026,B,1602,1780454520.0,False,-1,,10,False,0.0,7.0,0.0,-1.4377292181833372,False,0.426208398336118,False,-1.4377292181833372,False,0.27843371922675825,False,0.14479994773864743,False
2026,B,1603,1780454580.0,False,-1,,10,False,0.0,4.0,0.0,-0.9863163756884985,False,0.5126346685941406,False,-0.9863163756884985,False,0.33459287497880763,False,0.13791327476501464,False
2026,B,1604,1780454640.0,True,131,resource_exhaustion,10,False,1.0,6.0,0.0,5.424816825084396,True,0.7137330028847916,True,5.424816825084396,True,1.0,True,999999999.9999999,True
2026,B,1605,1780454700.0,True,131,resource_exhaustion,10,False,1.0,8.0,0.0,5.424816825084396,True,0.7100687170748812,False,5.424816825084396,True,1.0,True,999999999.9999999,True
2026,B,1606,1780454760.0,True,131,resource_exhaustion,10,False,0.0,7.0,0.0,5.424816825084396,True,0.607867435572097,False,5.424816825084396,True,1.0,True,999999999.9999999,True
2026,B,1607,1780454820.0,True,131,resource_exhaustion,10,False,1.0,5.0,0.0,5.424816825024794,True,0.6786178718294201,False,5.424816825024794,True,3.466571348481774e-07,False,0.18194169998168946,False
2026,B,1608,1780454880.0,False,-1,,11,False,0.0,4.0,0.0,-0.23846465440327336,False,0.5232722933638927,False,-0.23846465440327336,False,0.33459287497880763,False,0.09324979782104492,False
2026,B,1609,1780454940.0,False,-1,,11,False,0.0,7.0,0.0,-1.6218194085790536,False,0.42273900548309945,False,-1.6218194085790536,False,0.27843371922675825,False,0.13881874084472656,False
2026,B,1610,1780455000.0,False,-1,,11,False,0.0,3.0,0.0,-0.6610372316339781,False,0.5954595297275946,False,-0.6610372316339781,False,0.36757760552931334,False,0.1408318042755127,False
2026,B,1611,1780455060.0,False,-1,,11,True,1.0,50.0,0.0,-0.0449032068896722,False,0.6602698286161166,False,-0.0449032068896722,False,0.00024332359782271414,False,0.16373357772827146,False
2026,B,1612,1780455120.0,False,-1,,11,True,0.0,74.0,0.0,0.10254067757751528,False,0.6123627702096865,False,0.10254067757751528,False,0.1557965452365945,False,0.15638659000396715,False
2026,B,1613,1780455180.0,False,-1,,11,True,0.0,15.0,0.0,-1.2476349078582363,False,0.4202731142324747,False,-1.2476349078582363,False,0.22234063516699837,False,0.17259249687194825,False
2026,B,1614,1780455240.0,True,132,permission_denied,11,False,0.0,7.0,0.0,0.6219963848807994,False,0.5042296293984326,False,0.6219963848807994,False,1.0,True,999999999.9999999,True
2026,B,1615,1780455300.0,True,132,permission_denied,11,False,0.0,10.0,0.0,-1.0587757071831927,False,0.4184670937147742,False,-1.0587757071831927,False,1.0,True,999999999.9999999,True
2026,B,1616,1780455360.0,True,132,permission_denied,11,False,0.0,3.0,0.0,0.8735946893146043,True,0.6207574556576834,False,0.8735946893146043,True,1.0,True,999999999.9999999,True
2026,B,1617,1780455420.0,True,132,permission_denied,11,False,0.0,5.0,0.0,1.8178489293266433,True,0.5296317426260893,False,1.8178489293266433,True,1.0,True,3000000000.0,True
2026,B,1618,1780455480.0,True,132,permission_denied,11,False,0.0,5.0,0.0,-0.9993067933635773,False,0.5420293730051782,False,-0.9993067933635773,False,0.3106614405745598,False,0.10465993881225585,False
2026,B,1619,1780455540.0,False,-1,,11,False,0.0,7.0,0.0,-1.3992564011066708,False,0.42996366614726544,False,-1.3992564011066708,False,0.27843371922675825,False,0.12201204299926757,False
2026,B,1620,1780455600.0,False,-1,,11,False,0.0,4.0,0.0,-1.4012322783040885,False,0.49067854884808826,False,-1.4012322783040885,False,0.33459287497880763,False,0.12519211769104005,False
2026,B,1621,1780455660.0,False,-1,,11,False,0.0,4.0,0.0,-1.3209113860060473,False,0.5022903187815141,False,-1.3209113860060473,False,0.33459287497880763,False,0.14452250003814698,False
2026,B,1622,1780455720.0,False,-1,,11,False,0.0,2.0,0.0,3.004150384923291,True,0.7136100624175313,True,3.004150384923291,True,0.41195092150541074,False,0.08414311408996582,False
2026,B,1623,1780455780.0,False,-1,,11,False,0.0,9.0,0.0,-1.960198088100527,False,0.4212582867297369,False,-1.960198088100527,False,0.25749302991177747,False,0.17360000610351561,False
2026,B,1624,1780455840.0,False,-1,,11,False,0.0,5.0,0.0,-0.9124017992289772,False,0.4660113770621633,False,-0.9124017992289772,False,0.3106614405745598,False,0.1199721336364746,False
2026,B,1625,1780455900.0,False,-1,,11,False,0.0,4.0,0.0,-0.2933277361547617,False,0.5536731571900141,False,-0.2933277361547617,False,0.33459287497880763,False,0.1603649616241455,False
2026,B,1626,1780455960.0,False,-1,,11,False,0.0,2.0,0.0,-0.057221656816811794,False,0.6633601391851631,False,-0.057221656816811794,False,0.41195092150541074,False,0.08810122013092041,False
2026,B,1627,1780456020.0,True,133,permission_denied,11,False,0.0,5.0,0.0,-0.6380787285700285,False,0.4880113923037687,False,-0.6380787285700285,False,1.0,True,999999999.9999999,True
2026,B,1628,1780456080.0,True,133,permission_denied,11,False,0.0,2.0,0.0,0.39028164094937523,False,0.6696676923825047,False,0.39028164094937523,False,1.0,True,999999999.9999999,True
2026,B,1629,1780456140.0,True,133,permission_denied,11,False,0.0,3.0,0.0,-0.3410579991368454,False,0.5606875959959071,False,-0.3410579991368454,False,1.0,True,999999999.9999999,True
2026,B,1630,1780456200.0,True,133,permission_denied,11,False,1.0,7.0,0.0,3.0036890248133363,True,0.629963305496864,False,3.0036890248133363,True,1.0,True,3000000000.0,True
2026,B,1631,1780456260.0,False,-1,,11,False,0.0,3.0,0.0,-0.43012954358692035,False,0.593092973348116,False,-0.43012954358692035,False,0.36757760552931334,False,0.09821743965148926,False
2026,B,1632,1780456320.0,False,-1,,11,False,0.0,1.0,0.0,4.417772073157717,True,0.7010826990008626,False,4.417772073157717,True,0.3762928586541259,False,0.08881330490112305,False
2026,B,1633,1780456380.0,False,-1,,11,False,0.0,1.0,0.0,3.192472262837795,True,0.7075156633103579,False,3.192472262837795,True,0.3762928586541259,False,0.07919073104858398,False
2026,B,1634,1780456440.0,False,-1,,11,False,0.0,3.0,0.0,0.8197515241653512,True,0.628998452816345,False,0.8197515241653512,True,0.36757760552931334,False,0.07338342666625977,False
2026,B,1635,1780456500.0,False,-1,,11,False,0.0,5.0,0.0,-1.047570786341332,False,0.5074855736263046,False,-1.047570786341332,False,0.3106614405745598,False,0.10983314514160156,False
2026,B,1636,1780456560.0,False,-1,,11,False,0.0,4.0,0.0,-0.4127335926525566,False,0.5217228257317715,False,-0.4127335926525566,False,0.33459287497880763,False,0.09364442825317384,False
2026,B,1637,1780456620.0,False,-1,,11,False,0.0,4.0,0.0,-0.7747297936249193,False,0.5109782539627493,False,-0.7747297936249193,False,0.33459287497880763,False,0.10552644729614259,False
2026,B,1638,1780456680.0,False,-1,,11,False,0.0,4.0,0.0,-1.277369701456176,False,0.5000683242149158,False,-1.277369701456176,False,0.33459287497880763,False,0.1328523874282837,False
2026,B,1639,1780456740.0,False,-1,,11,False,0.0,7.0,0.0,-1.6162818100493732,False,0.4112491070024759,False,-1.6162818100493732,False,0.27843371922675825,False,0.13468933105468747,False
2026,B,1640,1780456800.0,True,134,dependency_timeout,11,False,0.0,5.0,0.0,4.6553528838822515,True,0.5561295198830876,False,4.6553528838822515,True,0.3106614405745598,False,0.44898290634155275,False
2026,B,1641,1780456860.0,True,134,dependency_timeout,11,False,1.0,5.0,0.0,5.424816825084396,True,0.7156260751953121,True,5.424816825084396,True,1.0,True,1999999999.9999998,True
2026,B,1642,1780456920.0,True,134,dependency_timeout,11,False,0.0,6.0,0.0,5.424816825084396,True,0.5695136515239184,False,5.424816825084396,True,1.0,True,999999999.9999999,True
2026,B,1643,1780456980.0,True,134,dependency_timeout,11,False,0.0,7.0,0.0,5.424816825084396,True,0.5838596647673084,False,5.424816825084396,True,1.0,True,3999999999.9999995,True
2026,B,1644,1780457040.0,False,-1,,11,False,0.0,6.0,0.0,-0.20896729571031525,False,0.46729006065455214,False,-0.20896729571031525,False,0.2925964019925662,False,0.11476171016693115,False
2026,B,1645,1780457100.0,False,-1,,11,False,0.0,6.0,0.0,-0.9242342811193573,False,0.4527992158115966,False,-0.9242342811193573,False,0.2925964019925662,False,0.135567307472229,False
2026,B,1646,1780457160.0,False,-1,,11,False,0.0,4.0,0.0,-0.9744634634132217,False,0.518314262927798,False,-0.9744634634132217,False,0.33459287497880763,False,0.14457123279571532,False
2026,B,1647,1780457220.0,False,-1,,11,False,0.0,6.0,0.0,-0.5853935792936298,False,0.5020235174286187,False,-0.5853935792936298,False,0.2925964019925662,False,0.21701765060424805,False
2026,B,1648,1780457280.0,False,-1,,11,False,0.0,2.0,0.0,1.2565820891504602,True,0.6894362490530133,False,1.2565820891504602,True,0.41195092150541074,False,0.08351056575775147,False
2026,B,1649,1780457340.0,False,-1,,11,False,0.0,8.0,0.0,-0.9164458166289302,False,0.4405904959606905,False,-0.9164458166289302,False,0.26698282659663947,False,0.14222784042358397,False
2026,B,1650,1780457400.0,False,-1,,11,False,0.0,5.0,0.0,-0.6514788647088157,False,0.5583839208203406,False,-0.6514788647088157,False,0.3106614405745598,False,0.09998073577880859,False
2026,B,1651,1780457460.0,False,-1,,11,False,0.0,5.0,0.0,-1.4327336887277324,False,0.4618924320986093,False,-1.4327336887277324,False,0.3106614405745598,False,0.15321674346923828,False
2026,B,1652,1780457520.0,False,-1,,11,False,0.0,5.0,0.0,0.06351413811138329,False,0.4993104678043488,False,0.06351413811138329,False,0.3106614405745598,False,0.09241867065429688,False
2026,B,1653,1780457580.0,False,-1,,11,False,0.0,6.0,0.0,-1.330608327902799,False,0.44197105626779126,False,-1.330608327902799,False,0.2925964019925662,False,0.11652576923370361,False
2026,B,1654,1780457640.0,False,-1,,11,False,0.0,7.0,0.0,-1.4310586491909127,False,0.4537440437336007,False,-1.4310586491909127,False,0.27843371922675825,False,0.18371787071228024,False
2026,B,1655,1780457700.0,True,135,dependency_timeout,11,False,1.0,8.0,0.0,5.424816825084396,True,0.690269831258399,False,5.424816825084396,True,1.0,True,3000000000.0,True
2026,B,1656,1780457760.0,True,135,dependency_timeout,11,False,2.0,12.0,0.0,5.424816825084396,True,0.6926766684145292,False,5.424816825084396,True,1.0,True,3999999999.9999995,True
2026,B,1657,1780457820.0,True,135,dependency_timeout,11,False,1.0,8.0,0.0,5.424816825084396,True,0.7036897473301534,False,5.424816825084396,True,1.0,True,3000000000.0,True
2026,B,1658,1780457880.0,True,135,dependency_timeout,11,False,1.0,9.0,0.0,5.424816825084396,True,0.6800295835855112,False,5.424816825084396,True,1.0,True,999999999.9999999,True
2026,B,1659,1780457940.0,False,-1,,11,False,0.0,5.0,0.0,-1.1612165324891839,False,0.47527368779012513,False,-1.1612165324891839,False,0.3106614405745598,False,0.11269874572753907,False
2026,B,1660,1780458000.0,False,-1,,11,False,0.0,4.0,0.0,-0.9054368714496528,False,0.5191639749372486,False,-0.9054368714496528,False,0.33459287497880763,False,0.11140100955963135,False
2026,B,1661,1780458060.0,False,-1,,11,False,0.0,5.0,0.0,-0.9024028864034044,False,0.5124560051587533,False,-0.9024028864034044,False,0.3106614405745598,False,0.10377645492553711,False
2026,B,1662,1780458120.0,False,-1,,11,False,0.0,5.0,0.0,-1.4747183754383322,False,0.46192919137796906,False,-1.4747183754383322,False,0.3106614405745598,False,0.12301406860351563,False
2026,B,1663,1780458180.0,False,-1,,11,False,0.0,6.0,0.0,-1.1593332753409786,False,0.4473793832647144,False,-1.1593332753409786,False,0.2925964019925662,False,0.13522243499755857,False
2026,B,1664,1780458240.0,False,-1,,11,False,0.0,3.0,0.0,-0.7353865453185922,False,0.5693693652544816,False,-0.7353865453185922,False,0.36757760552931334,False,0.12285962104797366,False
2026,B,1665,1780458300.0,False,-1,,11,False,0.0,10.0,0.0,-1.0260065622112933,False,0.4450117553415884,False,-1.0260065622112933,False,0.2494699748845805,False,0.16985664367675782,False
2026,B,1666,1780458360.0,True,136,config_error,11,False,0.0,7.0,0.0,0.67621264219731,True,0.4343273286769462,False,0.67621264219731,True,1.0,True,3000000000.0,True
2026,B,1667,1780458420.0,True,136,config_error,11,False,0.0,5.0,0.0,3.374064325255518,True,0.48403387042078805,False,3.374064325255518,True,1.0,True,5000000000.0,True
2026,B,1668,1780458480.0,True,136,config_error,11,False,0.0,4.0,0.0,3.5683171207460838,True,0.5597146590240338,False,3.5683171207460838,True,1.0,True,3999999999.9999995,True
2026,B,1669,1780458540.0,True,136,config_error,11,False,0.0,3.0,0.0,0.1864107985159542,False,0.5815859023849858,False,0.1864107985159542,False,1.0,True,999999999.9999999,True
2026,B,1670,1780458600.0,False,-1,,11,False,0.0,3.0,0.0,-1.0412786156818852,False,0.5908694095072571,False,-1.0412786156818852,False,0.36757760552931334,False,0.09685759544372559,False
2026,B,1671,1780458660.0,False,-1,,11,False,0.0,2.0,0.0,0.05073310603156411,False,0.6438127124850213,False,0.05073310603156411,False,0.41195092150541074,False,0.09461190700531008,False
2026,B,1672,1780458720.0,False,-1,,11,False,0.0,4.0,0.0,-1.3784215280657381,False,0.49357875979958654,False,-1.3784215280657381,False,0.33459287497880763,False,0.12972757816314698,False
2026,B,1673,1780458780.0,False,-1,,11,False,0.0,7.0,0.0,-0.4293844598683787,False,0.4572699295402979,False,-0.4293844598683787,False,0.27843371922675825,False,0.17894210815429684,False
2026,B,1674,1780458840.0,False,-1,,11,False,0.0,9.0,0.0,-0.020189814483139834,False,0.46299437748334443,False,-0.020189814483139834,False,0.25749302991177747,False,0.16489000320434571,False
2026,B,1675,1780458900.0,False,-1,,11,False,0.0,7.0,0.0,-1.7905826301758614,False,0.43425898728538487,False,-1.7905826301758614,False,0.27843371922675825,False,0.15798029899597169,False
2026,B,1676,1780458960.0,False,-1,,11,False,0.0,9.0,0.0,-0.44407351922965965,False,0.4435804527211643,False,-0.44407351922965965,False,0.25749302991177747,False,0.13461122512817383,False
2026,B,1677,1780459020.0,False,-1,,11,False,0.0,3.0,0.0,-0.053561131628224956,False,0.6282238652554889,False,-0.053561131628224956,False,0.36757760552931334,False,0.10329499244689941,False
2026,B,1678,1780459080.0,False,-1,,11,False,0.0,7.0,0.0,-0.306311752893591,False,0.4661947560408508,False,-0.306311752893591,False,0.27843371922675825,False,0.10158314704895019,False
2026,B,1679,1780459140.0,False,-1,,11,False,0.0,6.0,0.0,1.1309592747698556,True,0.5206705433190767,False,1.1309592747698556,True,0.2925964019925662,False,0.09238839149475099,False
2026,B,1680,1780459200.0,False,-1,,11,False,0.0,2.0,0.0,-0.39674085154206473,False,0.624519536816897,False,-0.39674085154206473,False,0.41195092150541074,False,0.13050544261932376,False
2026,B,1681,1780459260.0,True,137,config_error,11,False,0.0,4.0,0.0,3.0148054089010126,True,0.5159334537556611,False,3.0148054089010126,True,1.0,True,3999999999.9999995,True
2026,B,1682,1780459320.0,True,137,config_error,11,False,0.0,7.0,0.0,3.063152714992365,True,0.5249487436768474,False,3.063152714992365,True,1.0,True,3999999999.9999995,True
2026,B,1683,1780459380.0,True,137,config_error,11,False,0.0,4.0,0.0,0.5027309197834269,False,0.5108514002859956,False,0.5027309197834269,False,1.0,True,1999999999.9999998,True
2026,B,1684,1780459440.0,False,-1,,11,False,0.0,3.0,0.0,1.42428467203014,True,0.5802614003521256,False,1.42428467203014,True,0.36757760552931334,False,0.1863018035888672,False
2026,B,1685,1780459500.0,False,-1,,11,False,0.0,4.0,0.0,-0.8508134247537127,False,0.530223112397479,False,-0.8508134247537127,False,0.33459287497880763,False,0.16280000209808348,False
2026,B,1686,1780459560.0,False,-1,,11,False,0.0,2.0,0.0,-0.024912963554341694,False,0.6478022792793277,False,-0.024912963554341694,False,0.41195092150541074,False,0.10672621726989748,False
2026,B,1687,1780459620.0,False,-1,,11,False,0.0,5.0,0.0,-1.0943953826499158,False,0.499100065777944,False,-1.0943953826499158,False,0.3106614405745598,False,0.10777626037597657,False
2026,B,1688,1780459680.0,False,-1,,11,False,0.0,5.0,0.0,-0.9165806628903885,False,0.4933887805520842,False,-0.9165806628903885,False,0.3106614405745598,False,0.14881277084350586,False
2026,B,1689,1780459740.0,False,-1,,11,False,0.0,6.0,0.0,-1.2539873499841923,False,0.44849777878653385,False,-1.2539873499841923,False,0.2925964019925662,False,0.11701011657714844,False
2026,B,1690,1780459800.0,False,-1,,11,False,0.0,7.0,0.0,-1.5886440623173463,False,0.413216839817807,False,-1.5886440623173463,False,0.27843371922675825,False,0.14203605651855467,False
2026,B,1691,1780459860.0,True,138,permission_denied,11,False,0.0,6.0,0.0,0.13603981186683534,False,0.515689967563644,False,0.13603981186683534,False,0.2925964019925662,False,0.1658846139907837,False
2026,B,1692,1780459920.0,True,138,permission_denied,11,False,0.0,8.0,0.0,-0.7960240983008875,False,0.40773371275262565,False,-0.7960240983008875,False,1.0,True,999999999.9999999,True
2026,B,1693,1780459980.0,True,138,permission_denied,11,False,0.0,4.0,0.0,-1.189449284646221,False,0.5105832589348899,False,-1.189449284646221,False,0.33459287497880763,False,0.1354154109954834,False
2026,B,1694,1780460040.0,True,138,permission_denied,11,False,0.0,4.0,0.0,-0.022624841218902958,False,0.5201475590946818,False,-0.022624841218902958,False,1.0,True,999999999.9999999,True
2026,B,1695,1780460100.0,False,-1,,11,False,0.0,7.0,0.0,-1.5537848951113187,False,0.4156991075669533,False,-1.5537848951113187,False,0.27843371922675825,False,0.13101630210876464,False
2026,B,1696,1780460160.0,False,-1,,11,False,0.0,3.0,0.0,-0.4774246777099993,False,0.5925008909222212,False,-0.4774246777099993,False,0.36757760552931334,False,0.09242310523986819,False
2026,B,1697,1780460220.0,False,-1,,11,False,0.0,7.0,0.0,-1.25035092149351,False,0.435827033531088,False,-1.25035092149351,False,0.27843371922675825,False,0.147838830947876,False
2026,B,1698,1780460280.0,False,-1,,11,False,0.0,6.0,0.0,-1.1646418876726496,False,0.4566644196686106,False,-1.1646418876726496,False,0.2925964019925662,False,0.11036896705627441,False
2026,B,1699,1780460340.0,False,-1,,11,False,0.0,9.0,0.0,-1.4942313160885012,False,0.4242072079212876,False,-1.4942313160885012,False,0.25749302991177747,False,0.13975811004638672,False
2026,B,1700,1780460400.0,False,-1,,11,False,0.0,6.0,0.0,-1.4253828552897527,False,0.43496681953532745,False,-1.4253828552897527,False,0.2925964019925662,False,0.14629924297332764,False
2026,B,1701,1780460460.0,False,-1,,11,False,0.0,6.0,0.0,-1.2447450590173297,False,0.45448497227539253,False,-1.2447450590173297,False,0.2925964019925662,False,0.16489684581756592,False
2026,B,1702,1780460520.0,False,-1,,11,False,0.0,6.0,0.0,-0.6520036615044491,False,0.47743621262996067,False,-0.6520036615044491,False,0.2925964019925662,False,0.1400214433670044,False
2026,B,1703,1780460580.0,True,139,dependency_timeout,11,False,0.0,4.0,0.0,5.424816825084396,True,0.6286529961624263,False,5.424816825084396,True,1.0,True,1999999999.9999998,True
2026,B,1704,1780460640.0,True,139,dependency_timeout,11,False,1.0,6.0,0.0,5.424816825084396,True,0.6952751744904178,False,5.424816825084396,True,1.0,True,3000000000.0,True
2026,B,1705,1780460700.0,True,139,dependency_timeout,11,False,1.0,4.0,0.0,5.424816825084396,True,0.7340675631103946,True,5.424816825084396,True,1.0,True,999999999.9999999,True
2026,B,1706,1780460760.0,False,-1,,11,False,0.0,6.0,0.0,-0.8023910140738648,False,0.46858749171498315,False,-0.8023910140738648,False,0.2925964019925662,False,0.12266087532043457,False
2026,B,1707,1780460820.0,False,-1,,11,False,0.0,5.0,0.0,-0.2864710716219667,False,0.49941867210407204,False,-0.2864710716219667,False,0.3106614405745598,False,0.10532970428466797,False
2026,B,1708,1780460880.0,False,-1,,11,False,0.0,6.0,0.0,-1.265017692687783,False,0.44503693751662865,False,-1.265017692687783,False,0.2925964019925662,False,0.12612569332122803,False
2026,B,1709,1780460940.0,False,-1,,11,False,0.0,5.0,0.0,-1.5337217038702189,False,0.4632409068597486,False,-1.5337217038702189,False,0.3106614405745598,False,0.16231365203857423,False
2026,B,1710,1780461000.0,False,-1,,11,False,0.0,7.0,0.0,-1.5790888399948324,False,0.42358910508512754,False,-1.5790888399948324,False,0.27843371922675825,False,0.15043816566467283,False
2026,B,1711,1780461060.0,False,-1,,11,False,0.0,7.0,0.0,-0.2560717800961996,False,0.4525129573362079,False,-0.2560717800961996,False,0.27843371922675825,False,0.11187047958374022,False
2026,B,1712,1780461120.0,False,-1,,11,False,0.0,6.0,0.0,-1.5094551653916541,False,0.45608905352507867,False,-1.5094551653916541,False,0.2925964019925662,False,0.12323629856109618,False
2026,B,1713,1780461180.0,False,-1,,11,False,0.0,3.0,0.0,0.13775854453099434,False,0.6133860778548013,False,0.13775854453099434,False,0.36757760552931334,False,0.139894437789917,False
2026,B,1714,1780461240.0,False,-1,,11,False,0.0,6.0,0.0,-0.5907179046937303,False,0.45701480879276946,False,-0.5907179046937303,False,0.2925964019925662,False,0.18129420280456543,False
2026,B,1715,1780461300.0,False,-1,,11,False,0.0,6.0,0.0,-1.1566462181795023,False,0.49414846836657345,False,-1.1566462181795023,False,0.2925964019925662,False,0.1126854419708252,False
2026,B,1716,1780461360.0,True,140,resource_exhaustion,11,False,0.0,4.0,0.0,5.424816825084396,True,0.6398243549589865,False,5.424816825084396,True,0.33459287497880763,False,0.23319761753082274,False
2026,B,1717,1780461420.0,True,140,resource_exhaustion,11,False,1.0,10.0,0.0,5.424816825084396,True,0.7124452499871292,True,5.424816825084396,True,1.0,True,1999999999.9999998,True
2026,B,1718,1780461480.0,True,140,resource_exhaustion,11,False,1.0,4.0,0.0,5.424816825084396,True,0.7329599568868145,True,5.424816825084396,True,8.674682779413214e-08,False,0.260560131072998,False
2026,B,1719,1780461540.0,False,-1,,11,False,0.0,8.0,0.0,0.05519208898411865,False,0.4512935225869314,False,0.05519208898411865,False,0.26698282659663947,False,0.10364024639129639,False
2026,B,1720,1780461600.0,False,-1,,11,False,0.0,3.0,0.0,-0.42181859065753535,False,0.583573549607502,False,-0.42181859065753535,False,0.36757760552931334,False,0.09130759239196777,False
2026,B,1721,1780461660.0,False,-1,,11,False,0.0,8.0,0.0,-1.017197207578275,False,0.4253692485411672,False,-1.017197207578275,False,0.26698282659663947,False,0.1719846248626709,False
2026,B,1722,1780461720.0,False,-1,,11,False,0.0,4.0,0.0,-1.1145036732260696,False,0.5066449212002698,False,-1.1145036732260696,False,0.33459287497880763,False,0.12172179222106934,False
2026,B,1723,1780461780.0,False,-1,,11,False,0.0,5.0,0.0,-1.0345886191566578,False,0.5199535256037265,False,-1.0345886191566578,False,0.3106614405745598,False,0.11142044067382813,False
2026,B,1724,1780461840.0,False,-1,,11,False,0.0,7.0,0.0,-1.5272753266944967,False,0.429582271408094,False,-1.5272753266944967,False,0.27843371922675825,False,0.15158915519714353,False
2026,B,1725,1780461900.0,True,141,resource_exhaustion,11,False,0.0,3.0,0.0,5.424816825084396,True,0.638848991106833,False,5.424816825084396,True,0.36757760552931334,False,0.2023332118988037,False
2026,B,1726,1780461960.0,True,141,resource_exhaustion,11,True,7.0,43.0,0.0,5.424816825084396,True,0.6977292442760474,False,5.424816825084396,True,1.0,True,7000000000.0,True
2026,B,1727,1780462020.0,True,141,resource_exhaustion,11,True,6.0,41.0,0.0,5.424816825084396,True,0.6921546258564074,False,5.424816825084396,True,1.0,True,6000000000.0,True
2026,B,1728,1780462080.0,True,141,resource_exhaustion,11,True,0.0,3.0,0.0,5.424816825084396,True,0.6407939407150731,False,5.424816825084396,True,0.36757760552931334,False,0.17888102531433106,False
2026,B,1729,1780462140.0,False,-1,,11,False,0.0,2.0,0.0,-0.00574320031317388,False,0.6450594762494801,False,-0.00574320031317388,False,0.41195092150541074,False,0.121341872215271,False
2026,B,1730,1780462200.0,False,-1,,11,False,0.0,5.0,0.0,-1.522764920953236,False,0.4568164754667494,False,-1.522764920953236,False,0.3106614405745598,False,0.12813663482666016,False
2026,B,1731,1780462260.0,False,-1,,11,False,0.0,2.0,0.0,0.18938612890889495,False,0.6673650225951866,False,0.18938612890889495,False,0.41195092150541074,False,0.09197728633880617,False
2026,B,1732,1780462320.0,False,-1,,11,False,0.0,4.0,0.0,-0.3098505315196487,False,0.550356895533514,False,-0.3098505315196487,False,0.33459287497880763,False,0.18734571933746338,False
2026,B,1733,1780462380.0,False,-1,,11,False,0.0,8.0,0.0,-1.7284332372017248,False,0.43204746700690494,False,-1.7284332372017248,False,0.26698282659663947,False,0.1649585485458374,False
2026,B,1734,1780462440.0,False,-1,,11,False,0.0,4.0,0.0,-1.3389693195432883,False,0.492298842767635,False,-1.3389693195432883,False,0.33459287497880763,False,0.15423731803894042,False
2026,B,1735,1780462500.0,False,-1,,11,False,0.0,6.0,0.0,-0.8618411143112619,False,0.476800386579649,False,-0.8618411143112619,False,0.2925964019925662,False,0.15158450603485107,False
2026,B,1736,1780462560.0,False,-1,,11,False,0.0,6.0,0.0,-0.35877485104295115,False,0.4801483122529996,False,-0.35877485104295115,False,0.2925964019925662,False,0.1306514739990234,False
2026,B,1737,1780462620.0,False,-1,,11,False,0.0,7.0,0.0,-1.803685637172828,False,0.427662455295833,False,-1.803685637172828,False,0.27843371922675825,False,0.14829516410827634,False
2026,B,1738,1780462680.0,False,-1,,11,False,0.0,3.0,0.0,-1.0585770139195905,False,0.560357776112222,False,-1.0585770139195905,False,0.36757760552931334,False,0.1319509506225586,False
2026,B,1739,1780462740.0,False,-1,,11,False,0.0,6.0,0.0,-1.2744646188113489,False,0.443498359235129,False,-1.2744646188113489,False,0.2925964019925662,False,0.12197470664978029,False
2026,B,1740,1780462800.0,True,142,resource_exhaustion,11,False,0.0,4.0,0.0,5.4248168250843944,True,0.6048771059291691,False,5.4248168250843944,True,0.33459287497880763,False,0.18957605361938476,False
2026,B,1741,1780462860.0,True,142,resource_exhaustion,11,False,2.0,5.0,0.0,5.424816825084396,True,0.7354584001752653,True,5.424816825084396,True,1.0,True,1999999999.9999998,True
2026,B,1742,1780462920.0,True,142,resource_exhaustion,11,False,0.0,6.0,0.0,5.424816825084393,True,0.5839155263069302,False,5.424816825084393,True,0.2925964019925662,False,0.20084595680236816,False
2026,B,1743,1780462980.0,True,142,resource_exhaustion,11,False,0.0,5.0,0.0,-1.209677040835655,False,0.47177283247322355,False,-1.209677040835655,False,0.3106614405745598,False,0.1322568893432617,False
2026,B,1744,1780463040.0,False,-1,,11,False,0.0,2.0,0.0,1.7502916347625663,True,0.6941896485567117,False,1.7502916347625663,True,0.41195092150541074,False,0.0816951036453247,False
2026,B,1745,1780463100.0,False,-1,,11,False,0.0,4.0,0.0,-0.9549211951657641,False,0.4987838943207933,False,-0.9549211951657641,False,0.33459287497880763,False,0.10990941524505614,False
2026,B,1746,1780463160.0,False,-1,,11,False,0.0,4.0,0.0,-0.15606262605123433,False,0.5316386356590829,False,-0.15606262605123433,False,0.33459287497880763,False,0.08605415821075439,False
2026,B,1747,1780463220.0,False,-1,,11,False,0.0,4.0,0.0,-0.343593668151839,False,0.5090808867500279,False,-0.343593668151839,False,0.33459287497880763,False,0.18870003223419185,False
2026,B,1748,1780463280.0,False,-1,,11,False,0.0,5.0,0.0,-0.786276089012131,False,0.5029331151140288,False,-0.786276089012131,False,0.3106614405745598,False,0.12603168487548827,False
2026,B,1749,1780463340.0,False,-1,,11,False,0.0,4.0,0.0,-1.3649594668645184,False,0.5011631511835387,False,-1.3649594668645184,False,0.33459287497880763,False,0.11913282871246336,False
2026,B,1750,1780463400.0,True,143,config_error,11,False,0.0,4.0,0.0,3.2690307313065845,True,0.5381091410200256,False,3.2690307313065845,True,1.0,True,3999999999.9999995,True
2026,B,1751,1780463460.0,True,143,config_error,11,False,0.0,3.0,0.0,0.9632031535635335,True,0.6097505025553728,False,0.9632031535635335,True,1.0,True,1999999999.9999998,True
2026,B,1752,1780463520.0,True,143,config_error,11,False,0.0,7.0,0.0,4.245097885128628,True,0.5125863800906101,False,4.245097885128628,True,1.0,True,7000000000.0,True
2026,B,1753,1780463580.0,True,143,config_error,11,False,0.0,5.0,0.0,-0.8918886139370237,False,0.46754179219901926,False,-0.8918886139370237,False,1.0,True,999999999.9999999,True
2026,B,1754,1780463640.0,False,-1,,12,False,0.0,9.0,0.0,-1.3159558094581447,False,0.4408410327467439,False,-1.3159558094581447,False,0.25749302991177747,False,0.13059253692626954,False
2026,B,1755,1780463700.0,False,-1,,12,False,0.0,8.0,0.0,-1.8765289795014821,False,0.40716270099165675,False,-1.8765289795014821,False,0.26698282659663947,False,0.14627580642700194,False
2026,B,1756,1780463760.0,False,-1,,12,False,0.0,10.0,0.0,-2.0905369059757923,False,0.40744290751516066,False,-2.0905369059757923,False,0.2494699748845805,False,0.15271520614624023,False
2026,B,1757,1780463820.0,False,-1,,12,False,0.0,9.0,0.0,-1.3736861667550615,False,0.4289024762378099,False,-1.3736861667550615,False,0.25749302991177747,False,0.14182691574096679,False
2026,B,1758,1780463880.0,False,-1,,12,False,0.0,6.0,0.0,-1.3195592743356626,False,0.44676256320429114,False,-1.3195592743356626,False,0.2925964019925662,False,0.13872039318084717,False
2026,B,1759,1780463940.0,False,-1,,12,False,0.0,8.0,0.0,-0.5577476981950209,False,0.4274567874953779,False,-0.5577476981950209,False,0.26698282659663947,False,0.12224185466766357,False
2026,B,1760,1780464000.0,False,-1,,12,False,0.0,3.0,0.0,-0.9625016061671756,False,0.5923904475618816,False,-0.9625016061671756,False,0.36757760552931334,False,0.1285524845123291,False
2026,B,1761,1780464060.0,False,-1,,12,False,0.0,3.0,0.0,-0.9722434208173043,False,0.5652877508344528,False,-0.9722434208173043,False,0.36757760552931334,False,0.15021114349365236,False
2026,B,1762,1780464120.0,True,144,resource_exhaustion,12,False,0.0,7.0,0.0,5.424816825084396,True,0.5137908397067662,False,5.424816825084396,True,0.27843371922675825,False,0.1614215850830078,False
2026,B,1763,1780464180.0,True,144,resource_exhaustion,12,False,0.0,5.0,0.0,5.424816825084396,True,0.5789704323053263,False,5.424816825084396,True,0.3106614405745598,False,0.18068714141845704,False
2026,B,1764,1780464240.0,True,144,resource_exhaustion,12,False,1.0,6.0,0.0,5.424816825084396,True,0.723699000559374,True,5.424816825084396,True,1.0,True,1999999999.9999998,True
2026,B,1765,1780464300.0,True,144,resource_exhaustion,12,False,2.0,8.0,0.0,5.424816825084396,True,0.7138067857580437,True,5.424816825084396,True,1.0,True,999999999.9999999,True
2026,B,1766,1780464360.0,False,-1,,12,False,0.0,1.0,0.0,2.6161701458610866,True,0.6686630826234119,False,2.6161701458610866,True,0.3762928586541259,False,0.12198448181152344,False
2026,B,1767,1780464420.0,False,-1,,12,False,0.0,7.0,0.0,-0.7852087103540306,False,0.46596416119229855,False,-0.7852087103540306,False,0.27843371922675825,False,0.14187707901000976,False
2026,B,1768,1780464480.0,False,-1,,12,False,0.0,4.0,0.0,-0.2022339882230737,False,0.5427304284828927,False,-0.2022339882230737,False,0.33459287497880763,False,0.1506861925125122,False
2026,B,1769,1780464540.0,False,-1,,12,False,0.0,3.0,0.0,-0.5653309842636078,False,0.5799341632341535,False,-0.5653309842636078,False,0.36757760552931334,False,0.1252662181854248,False
2026,B,1770,1780464600.0,False,-1,,12,False,0.0,7.0,0.0,-1.3867175683463433,False,0.4291484933826995,False,-1.3867175683463433,False,0.27843371922675825,False,0.1466383934020996,False
2026,B,1771,1780464660.0,False,-1,,12,False,0.0,3.0,0.0,-0.22825882398318242,False,0.627501964310509,False,-0.22825882398318242,False,0.36757760552931334,False,0.08324370384216309,False
2026,B,1772,1780464720.0,False,-1,,12,False,0.0,6.0,0.0,-1.4664096590244382,False,0.43765921042841927,False,-1.4664096590244382,False,0.2925964019925662,False,0.15196990966796875,False
2026,B,1773,1780464780.0,True,145,config_error,12,False,0.0,10.0,0.0,-1.92023751440665,False,0.40675827811397947,False,-1.92023751440665,False,0.2494699748845805,False,0.14854559898376465,False
2026,B,1774,1780464840.0,True,145,config_error,12,False,0.0,8.0,0.0,4.275909023453511,True,0.4583228877925523,False,4.275909023453511,True,1.0,True,7999999999.999999,True
2026,B,1775,1780464900.0,True,145,config_error,12,False,0.0,10.0,0.0,4.5613558760671635,True,0.43919972317977884,False,4.5613558760671635,True,1.0,True,10000000000.0,True
2026,B,1776,1780464960.0,True,145,config_error,12,False,0.0,8.0,0.0,4.300528656855027,True,0.4704901418995244,False,4.300528656855027,True,1.0,True,7999999999.999999,True
2026,B,1777,1780465020.0,True,145,config_error,12,False,0.0,6.0,0.0,0.2552701353259801,False,0.4481122149716976,False,0.2552701353259801,False,1.0,True,1999999999.9999998,True
2026,B,1778,1780465080.0,False,-1,,12,False,0.0,6.0,0.0,-0.3851367899464293,False,0.4931953713416397,False,-0.3851367899464293,False,0.2925964019925662,False,0.12179481983184814,False
2026,B,1779,1780465140.0,False,-1,,12,False,0.0,6.0,0.0,-1.2724594033928103,False,0.44815043320196696,False,-1.2724594033928103,False,0.2925964019925662,False,0.14274585247039792,False
2026,B,1780,1780465200.0,False,-1,,12,False,0.0,5.0,0.0,-0.8201751702464897,False,0.47513099941746423,False,-0.8201751702464897,False,0.3106614405745598,False,0.11202068328857422,False
2026,B,1781,1780465260.0,False,-1,,12,False,0.0,6.0,0.0,-0.95608478811811,False,0.4578071473107095,False,-0.95608478811811,False,0.2925964019925662,False,0.109749436378479,False
2026,B,1782,1780465320.0,False,-1,,12,False,0.0,5.0,0.0,-1.3073474660337014,False,0.47108202239140656,False,-1.3073474660337014,False,0.3106614405745598,False,0.1786808967590332,False
2026,B,1783,1780465380.0,False,-1,,12,False,0.0,2.0,0.0,-0.0033894699891234836,False,0.6315929821468078,False,-0.0033894699891234836,False,0.41195092150541074,False,0.10624921321868898,False
2026,B,1784,1780465440.0,True,146,permission_denied,12,False,0.0,6.0,0.0,-0.6116188714386697,False,0.45557353196482786,False,-0.6116188714386697,False,0.2925964019925662,False,0.11212611198425293,False
2026,B,1785,1780465500.0,True,146,permission_denied,12,False,0.0,1.0,0.0,3.289896571751942,True,0.6771374862121619,False,3.289896571751942,True,1.0,True,999999999.9999999,True
2026,B,1786,1780465560.0,True,146,permission_denied,12,False,0.0,6.0,0.0,0.8895364268540371,True,0.4559010187463951,False,0.8895364268540371,True,1.0,True,3000000000.0,True
2026,B,1787,1780465620.0,True,146,permission_denied,12,False,0.0,8.0,0.0,-1.0146731292694424,False,0.4114197603824428,False,-1.0146731292694424,False,1.0,True,999999999.9999999,True
2026,B,1788,1780465680.0,False,-1,,12,False,0.0,7.0,0.0,-1.6742813916429222,False,0.4264084968735009,False,-1.6742813916429222,False,0.27843371922675825,False,0.1759377002716064,False
2026,B,1789,1780465740.0,False,-1,,12,False,0.0,7.0,0.0,-1.481837907039667,False,0.4479736728871533,False,-1.481837907039667,False,0.27843371922675825,False,0.14348988533020016,False
2026,B,1790,1780465800.0,False,-1,,12,False,0.0,5.0,0.0,-1.5634336114409138,False,0.45942685076079276,False,-1.5634336114409138,False,0.3106614405745598,False,0.14234104156494143,False
2026,B,1791,1780465860.0,False,-1,,12,False,0.0,10.0,0.0,-1.8098424549524,False,0.41753220176719713,False,-1.8098424549524,False,0.2494699748845805,False,0.14749510288238527,False
2026,B,1792,1780465920.0,False,-1,,12,False,0.0,11.0,0.0,-1.620744050373598,False,0.4309911700477682,False,-1.620744050373598,False,0.24257514350821907,False,0.19595193862915042,False
2026,B,1793,1780465980.0,False,-1,,12,False,0.0,6.0,0.0,-0.5978955398158208,False,0.4994058938857399,False,-0.5978955398158208,False,0.2925964019925662,False,0.09882235527038576,False
2026,B,1794,1780466040.0,False,-1,,12,False,0.0,5.0,0.0,-0.587356638363361,False,0.5075095279816393,False,-0.587356638363361,False,0.3106614405745598,False,0.15091676712036134,False
2026,B,1795,1780466100.0,True,147,config_error,12,False,0.0,2.0,0.0,2.3934083015763665,True,0.6322447126954438,False,2.3934083015763665,True,1.0,True,1999999999.9999998,True
2026,B,1796,1780466160.0,True,147,config_error,12,False,0.0,9.0,0.0,4.4303781763131,True,0.44559811811792643,False,4.4303781763131,True,1.0,True,9000000000.0,True
2026,B,1797,1780466220.0,True,147,config_error,12,False,0.0,6.0,0.0,3.9318369331685488,True,0.5236373177777712,False,3.9318369331685488,True,1.0,True,6000000000.0,True
2026,B,1798,1780466280.0,True,147,config_error,12,False,0.0,4.0,0.0,1.151755876321813,True,0.560447672458116,False,1.151755876321813,True,1.0,True,1999999999.9999998,True
2026,B,1799,1780466340.0,False,-1,,12,False,0.0,8.0,0.0,-0.9129980302065999,False,0.48559554922778664,False,-0.9129980302065999,False,0.26698282659663947,False,0.2006552219390869,False
2026,B,1800,1780466400.0,False,-1,,12,False,0.0,7.0,0.0,-0.4422872011473382,False,0.43378502458125257,False,-0.4422872011473382,False,0.27843371922675825,False,0.11902313232421875,False
2026,B,1801,1780466460.0,False,-1,,12,False,0.0,5.0,0.0,-1.3297157874496772,False,0.5137008099513675,False,-1.3297157874496772,False,0.3106614405745598,False,0.12205181121826172,False
2026,B,1802,1780466520.0,False,-1,,12,False,0.0,5.0,0.0,-1.036844283432778,False,0.47831476742140056,False,-1.036844283432778,False,0.3106614405745598,False,0.12808122634887695,False
2026,B,1803,1780466580.0,False,-1,,12,False,0.0,6.0,0.0,-1.7076530317398824,False,0.42484996745134146,False,-1.7076530317398824,False,0.2925964019925662,False,0.14113628864288327,False
2026,B,1804,1780466640.0,False,-1,,12,False,0.0,10.0,0.0,-0.8721214681631739,False,0.43777378770000824,False,-0.8721214681631739,False,0.2494699748845805,False,0.1134359836578369,False
2026,B,1805,1780466700.0,False,-1,,12,False,0.0,10.0,0.0,-0.40853011708446196,False,0.46167203045345995,False,-0.40853011708446196,False,0.2494699748845805,False,0.19283955097198485,False
2026,B,1806,1780466760.0,True,148,resource_exhaustion,12,False,0.0,7.0,0.0,5.4248168250843944,True,0.5452397487334747,False,5.4248168250843944,True,0.27843371922675825,False,0.18838706016540527,False
2026,B,1807,1780466820.0,True,148,resource_exhaustion,12,False,3.0,7.0,0.0,5.424816825084396,True,0.7227214806295955,True,5.424816825084396,True,1.0,True,3000000000.0,True
2026,B,1808,1780466880.0,True,148,resource_exhaustion,12,False,1.0,8.0,0.0,5.424816825084396,True,0.7100687170748812,False,5.424816825084396,True,1.0,True,999999999.9999999,True
2026,B,1809,1780466940.0,True,148,resource_exhaustion,12,False,0.0,9.0,0.0,5.424816825084396,True,0.5627723159960801,False,5.424816825084396,True,0.25749302991177747,False,0.23904428482055665,False
2026,B,1810,1780467000.0,False,-1,,12,False,0.0,7.0,0.0,-1.2241220506684884,False,0.4277356202645801,False,-1.2241220506684884,False,0.27843371922675825,False,0.1354966163635254,False
2026,B,1811,1780467060.0,False,-1,,12,False,0.0,6.0,0.0,-0.5269671435644891,False,0.4749664662928549,False,-0.5269671435644891,False,0.2925964019925662,False,0.1704946756362915,False
2026,B,1812,1780467120.0,False,-1,,12,False,1.0,8.0,0.0,0.26735372378992395,False,0.6294720044090334,False,0.26735372378992395,False,3.221495205903748e-06,False,0.1438565731048584,False
2026,B,1813,1780467180.0,False,-1,,12,False,0.0,6.0,0.0,-0.6967888439728611,False,0.4620585235861848,False,-0.6967888439728611,False,0.2925964019925662,False,0.10604822635650633,False
2026,B,1814,1780467240.0,False,-1,,12,False,0.0,5.0,0.0,-0.4967186948124498,False,0.48585132228350725,False,-0.4967186948124498,False,0.3106614405745598,False,0.11530399322509766,False
2026,B,1815,1780467300.0,False,-1,,12,False,0.0,3.0,0.0,-0.9558650165716909,False,0.5480337685056983,False,-0.9558650165716909,False,0.36757760552931334,False,0.1374439239501953,False
2026,B,1816,1780467360.0,False,-1,,12,False,0.0,11.0,0.0,-0.490703416925264,False,0.435249427027804,False,-0.490703416925264,False,0.24257514350821907,False,0.1134207248687744,False
2026,B,1817,1780467420.0,False,-1,,12,False,0.0,8.0,0.0,-0.7250364545759407,False,0.42507557404549834,False,-0.7250364545759407,False,0.26698282659663947,False,0.1315530300140381,False
2026,B,1818,1780467480.0,False,-1,,12,False,0.0,7.0,0.0,-0.08284827453828036,False,0.48587511419468576,False,-0.08284827453828036,False,0.27843371922675825,False,0.09591407775878906,False
2026,B,1819,1780467540.0,False,-1,,12,False,0.0,9.0,0.0,-1.7919129156516433,False,0.4153524289552849,False,-1.7919129156516433,False,0.25749302991177747,False,0.14181861877441407,False
2026,B,1820,1780467600.0,False,-1,,12,False,0.0,6.0,0.0,-1.1931393465573228,False,0.43421539403137827,False,-1.1931393465573228,False,0.2925964019925662,False,0.1299333572387695,False
2026,B,1821,1780467660.0,True,149,config_error,12,False,0.0,6.0,0.0,3.7283977354260904,True,0.47172791474616826,False,3.7283977354260904,True,1.0,True,6000000000.0,True
2026,B,1822,1780467720.0,True,149,config_error,12,False,0.0,7.0,0.0,4.285557485474934,True,0.4993670496282117,False,4.285557485474934,True,1.0,True,7000000000.0,True
2026,B,1823,1780467780.0,True,149,config_error,12,False,0.0,11.0,0.0,0.19467817783461072,False,0.4185309546227502,False,0.19467817783461072,False,1.0,True,1999999999.9999998,True
2026,B,1824,1780467840.0,False,-1,,12,False,0.0,6.0,0.0,-1.6858354991849565,False,0.43022353331717267,False,-1.6858354991849565,False,0.2925964019925662,False,0.13946247100830078,False
2026,B,1825,1780467900.0,False,-1,,12,False,0.0,7.0,0.0,-1.2277380397801858,False,0.45358909556376004,False,-1.2277380397801858,False,0.27843371922675825,False,0.129400634765625,False
2026,B,1826,1780467960.0,False,-1,,12,False,0.0,8.0,0.0,-1.071192510649981,False,0.44620513719026933,False,-1.071192510649981,False,0.26698282659663947,False,0.12582972049713134,False
2026,B,1827,1780468020.0,False,-1,,12,False,0.0,8.0,0.0,-1.5409441171471894,False,0.4211776507025572,False,-1.5409441171471894,False,0.26698282659663947,False,0.1282806158065796,False
2026,B,1828,1780468080.0,False,-1,,12,False,0.0,4.0,0.0,-0.5651044988740717,False,0.5281435894759818,False,-0.5651044988740717,False,0.33459287497880763,False,0.13279569149017334,False
2026,B,1829,1780468140.0,False,-1,,12,False,0.0,7.0,0.0,-0.9962631895330807,False,0.4364870008858067,False,-0.9962631895330807,False,0.27843371922675825,False,0.11192150115966797,False
2026,B,1830,1780468200.0,False,-1,,12,False,0.0,9.0,0.0,-1.0811533300314151,False,0.41811409855035525,False,-1.0811533300314151,False,0.25749302991177747,False,0.14453277587890626,False
2026,B,1831,1780468260.0,False,-1,,12,False,0.0,6.0,0.0,-1.368939401082006,False,0.45083471892536675,False,-1.368939401082006,False,0.2925964019925662,False,0.1547731161117554,False
2026,B,1832,1780468320.0,False,-1,,12,False,0.0,8.0,0.0,-1.6592318590030706,False,0.4331237476024097,False,-1.6592318590030706,False,0.26698282659663947,False,0.15464935302734376,False
2026,B,1833,1780468380.0,True,150,permission_denied,12,False,0.0,7.0,0.0,-0.9251832780625877,False,0.42596443978520343,False,-0.9251832780625877,False,1.0,True,999999999.9999999,True
2026,B,1834,1780468440.0,True,150,permission_denied,12,False,0.0,12.0,0.0,3.4743602858199027,True,0.45560816726638353,False,3.4743602858199027,True,1.0,True,7999999999.999999,True
2026,B,1835,1780468500.0,True,150,permission_denied,12,False,0.0,4.0,0.0,-1.120877875983795,False,0.5047007853670489,False,-1.120877875983795,False,0.33459287497880763,False,0.13125226497650147,False
2026,B,1836,1780468560.0,True,150,permission_denied,12,False,0.0,11.0,0.0,0.6632771611737338,False,0.4381503503301725,False,0.6632771611737338,False,1.0,True,3000000000.0,True
2026,B,1837,1780468620.0,True,150,permission_denied,12,False,0.0,10.0,0.0,-1.1501207591927871,False,0.4231697407744915,False,-1.1501207591927871,False,1.0,True,999999999.9999999,True
2026,B,1838,1780468680.0,False,-1,,12,False,0.0,2.0,0.0,-0.42743978199631094,False,0.6578707633053125,False,-0.42743978199631094,False,0.41195092150541074,False,0.10299975872039795,False
2026,B,1839,1780468740.0,False,-1,,12,False,0.0,4.0,0.0,-1.0026148947428908,False,0.5396230628045092,False,-1.0026148947428908,False,0.33459287497880763,False,0.11283371448516846,False
2026,B,1840,1780468800.0,False,-1,,12,False,0.0,11.0,0.0,-0.8177770536600262,False,0.4279677811676917,False,-0.8177770536600262,False,0.24257514350821907,False,0.14039111137390137,False
2026,B,1841,1780468860.0,False,-1,,12,False,0.0,7.0,0.0,-1.6545000082583012,False,0.41440795411335485,False,-1.6545000082583012,False,0.27843371922675825,False,0.1491462707519531,False
2026,B,1842,1780468920.0,False,-1,,12,False,0.0,10.0,0.0,-1.8102247572999408,False,0.40882250801325304,False,-1.8102247572999408,False,0.2494699748845805,False,0.14961795806884765,False
2026,B,1843,1780468980.0,True,151,resource_exhaustion,12,False,0.0,8.0,0.0,5.424816825084396,True,0.5928875270212491,False,5.424816825084396,True,0.26698282659663947,False,0.27875571250915526,False
2026,B,1844,1780469040.0,True,151,resource_exhaustion,12,False,1.0,9.0,0.0,5.424816825084396,True,0.7124391311819741,True,5.424816825084396,True,1.0,True,999999999.9999999,True
2026,B,1845,1780469100.0,True,151,resource_exhaustion,12,False,1.0,8.0,0.0,5.424816825084396,True,0.7127159647939427,True,5.424816825084396,True,1.0,True,999999999.9999999,True
2026,B,1846,1780469160.0,True,151,resource_exhaustion,12,False,2.0,13.0,0.0,5.424816825084396,True,0.7086610612621138,False,5.424816825084396,True,1.0,True,1999999999.9999998,True
2026,B,1847,1780469220.0,False,-1,,12,False,0.0,7.0,0.0,-0.8614022491539872,False,0.4397318178812434,False,-0.8614022491539872,False,0.27843371922675825,False,0.1388507843017578,False
2026,B,1848,1780469280.0,False,-1,,12,False,0.0,8.0,0.0,-1.4749663440605687,False,0.43383136299056435,False,-1.4749663440605687,False,0.26698282659663947,False,0.12170515060424805,False
2026,B,1849,1780469340.0,False,-1,,12,False,0.0,10.0,0.0,-1.6506508507006892,False,0.40628932736334655,False,-1.6506508507006892,False,0.2494699748845805,False,0.1394784927368164,False
2026,B,1850,1780469400.0,False,-1,,12,False,0.0,13.0,0.0,-2.0561459491857264,False,0.3914298230418101,False,-2.0561459491857264,False,0.2312761519565593,False,0.14626836776733396,False
2026,B,1851,1780469460.0,False,-1,,12,False,0.0,13.0,0.0,-2.0894445565029605,False,0.39659233350367895,False,-2.0894445565029605,False,0.2312761519565593,False,0.17105636596679688,False
2026,B,1852,1780469520.0,False,-1,,12,False,0.0,6.0,0.0,-1.7511267197456455,False,0.4446522926987578,False,-1.7511267197456455,False,0.2925964019925662,False,0.15658938884735107,False
2026,B,1853,1780469580.0,False,-1,,12,False,0.0,7.0,0.0,-1.6293507329674375,False,0.4326885316141706,False,-1.6293507329674375,False,0.27843371922675825,False,0.15895299911499022,False
2026,B,1854,1780469640.0,True,152,dependency_timeout,12,False,0.0,4.0,0.0,5.4248156523317625,True,0.6080624745749165,False,5.4248156523317625,True,0.33459287497880763,False,0.708916425704956,False
2026,B,1855,1780469700.0,True,152,dependency_timeout,12,False,2.0,15.0,0.0,5.424816825084396,True,0.6879036849889464,False,5.424816825084396,True,1.0,True,7000000000.0,True
2026,B,1856,1780469760.0,True,152,dependency_timeout,12,False,2.0,6.0,0.0,5.424816825084396,True,0.7117305331923798,True,5.424816825084396,True,1.0,True,3000000000.0,True
2026,B,1857,1780469820.0,False,-1,,12,False,0.0,13.0,0.0,-1.7639261246270426,False,0.423997828258388,False,-1.7639261246270426,False,0.2312761519565593,False,0.15603837966918943,False
2026,B,1858,1780469880.0,False,-1,,12,False,0.0,7.0,0.0,-1.2587186403555561,False,0.41728837775050664,False,-1.2587186403555561,False,0.27843371922675825,False,0.13001627922058104,False
2026,B,1859,1780469940.0,False,-1,,12,False,0.0,9.0,0.0,-0.9869826509299626,False,0.43241099685825396,False,-0.9869826509299626,False,0.25749302991177747,False,0.1431746482849121,False
2026,B,1860,1780470000.0,False,-1,,12,False,0.0,11.0,0.0,-2.0724371155308443,False,0.4052525904194769,False,-2.0724371155308443,False,0.24257514350821907,False,0.15584731101989746,False
2026,B,1861,1780470060.0,False,-1,,12,False,0.0,4.0,0.0,-1.4332388415215176,False,0.4992243445141002,False,-1.4332388415215176,False,0.33459287497880763,False,0.11874651908874512,False
2026,B,1862,1780470120.0,False,-1,,12,False,0.0,13.0,0.0,-1.8247051766769182,False,0.4015091437564823,False,-1.8247051766769182,False,0.2312761519565593,False,0.1337969779968262,False
2026,B,1863,1780470180.0,False,-1,,12,False,0.0,5.0,0.0,-1.2618983335915788,False,0.46048623008959183,False,-1.2618983335915788,False,0.3106614405745598,False,0.15452070236206056,False
2026,B,1864,1780470240.0,False,-1,,12,False,0.0,12.0,0.0,-1.752050655562238,False,0.4058141224934423,False,-1.752050655562238,False,0.23656878881171142,False,0.15979499816894532,False
2026,B,1865,1780470300.0,False,-1,,12,False,0.0,8.0,0.0,-0.017290799749297037,False,0.45897741222645033,False,-0.017290799749297037,False,0.26698282659663947,False,0.10603036880493164,False
2026,B,1866,1780470360.0,False,-1,,12,False,0.0,13.0,0.0,-1.8289525587493936,False,0.40497969226598696,False,-1.8289525587493936,False,0.2312761519565593,False,0.1573638916015625,False
2026,B,1867,1780470420.0,True,153,dependency_timeout,12,False,4.0,18.0,0.0,5.424816825084396,True,0.6795363604810228,False,5.424816825084396,True,1.0,True,7999999999.999999,True
2026,B,1868,1780470480.0,True,153,dependency_timeout,12,False,0.0,6.0,0.0,5.424816825084396,True,0.5728359396789771,False,5.424816825084396,True,1.0,True,999999999.9999999,True
2026,B,1869,1780470540.0,True,153,dependency_timeout,12,False,2.0,11.0,0.0,5.424816825084396,True,0.6909892786316069,False,5.424816825084396,True,1.0,True,6000000000.0,True
2026,B,1870,1780470600.0,True,153,dependency_timeout,12,False,1.0,4.0,0.0,5.424816825084396,True,0.7263292000774145,True,5.424816825084396,True,1.0,True,1999999999.9999998,True
2026,B,1871,1780470660.0,False,-1,,12,False,0.0,12.0,0.0,-1.8338682812562963,False,0.399812920982192,False,-1.8338682812562963,False,0.23656878881171142,False,0.1434417486190796,False
2026,B,1872,1780470720.0,False,-1,,12,False,0.0,15.0,0.0,-1.93293505683544,False,0.39373268719361076,False,-1.93293505683544,False,0.22234063516699837,False,0.16229934692382808,False
2026,B,1873,1780470780.0,False,-1,,12,False,0.0,12.0,0.0,-2.0473068547167106,False,0.41851457231910627,False,-2.0473068547167106,False,0.23656878881171142,False,0.18401474952697758,False
2026,B,1874,1780470840.0,False,-1,,12,False,0.0,12.0,0.0,-1.821625987155512,False,0.4056541477623654,False,-1.821625987155512,False,0.23656878881171142,False,0.1365248441696167,False
2026,B,1875,1780470900.0,False,-1,,12,False,0.0,13.0,0.0,-0.6536067246741286,False,0.4510892478617675,False,-0.6536067246741286,False,0.2312761519565593,False,0.12880430221557618,False
2026,B,1876,1780470960.0,False,-1,,12,False,0.0,8.0,0.0,-0.8417605257302974,False,0.45454087902192053,False,-0.8417605257302974,False,0.26698282659663947,False,0.10757739543914795,False
2026,B,1877,1780471020.0,False,-1,,12,False,0.0,16.0,0.0,-0.6691153420689986,False,0.4220484831569978,False,-0.6691153420689986,False,0.21852058284895462,False,0.11922264099121094,False
2026,B,1878,1780471080.0,False,-1,,12,False,0.0,14.0,0.0,-1.5357703622698713,False,0.40495658815187424,False,-1.5357703622698713,False,0.2265666570210753,False,0.13073241710662842,False
2026,B,1879,1780471140.0,False,-1,,12,False,0.0,7.0,0.0,-1.3043452087799858,False,0.43387206387920785,False,-1.3043452087799858,False,0.27843371922675825,False,0.13003177642822267,False
2026,B,1880,1780471200.0,True,154,dependency_timeout,12,False,1.0,12.0,0.0,5.424816825084396,True,0.6889167619623476,False,5.424816825084396,True,1.0,True,3000000000.0,True
2026,B,1881,1780471260.0,True,154,dependency_timeout,12,False,0.0,7.0,0.0,5.424816825084396,True,0.5700693039342395,False,5.424816825084396,True,1.0,True,3999999999.9999995,True
2026,B,1882,1780471320.0,True,154,dependency_timeout,12,False,1.0,9.0,0.0,5.424816825084396,True,0.6865275319098902,False,5.424816825084396,True,1.0,True,1.215659999847412,True
2026,B,1883,1780471380.0,False,-1,,12,False,0.0,8.0,0.0,-1.7229525397977623,False,0.42759432969216554,False,-1.7229525397977623,False,0.26698282659663947,False,0.1585604667663574,False
2026,B,1884,1780471440.0,False,-1,,12,False,0.0,10.0,0.0,-1.2473880018726664,False,0.4301506399288784,False,-1.2473880018726664,False,0.2494699748845805,False,0.11883225440979006,False
2026,B,1885,1780471500.0,False,-1,,12,False,0.0,5.0,0.0,-1.405855693596176,False,0.46832418420319577,False,-1.405855693596176,False,0.3106614405745598,False,0.12671556472778323,False
2026,B,1886,1780471560.0,False,-1,,12,False,0.0,14.0,0.0,-2.0481798868624397,False,0.41946746102011206,False,-2.0481798868624397,False,0.2265666570210753,False,0.1855119228363037,False
2026,B,1887,1780471620.0,False,-1,,12,False,0.0,11.0,0.0,-1.625096803689691,False,0.4119283656579786,False,-1.625096803689691,False,0.24257514350821907,False,0.13948774337768555,False
2026,B,1888,1780471680.0,False,-1,,12,False,0.0,10.0,0.0,-1.0301948643985632,False,0.42345422929582294,False,-1.0301948643985632,False,0.2494699748845805,False,0.11925132274627685,False
2026,B,1889,1780471740.0,False,-1,,12,False,0.0,10.0,0.0,-0.6796706208631482,False,0.4288426138319131,False,-0.6796706208631482,False,0.2494699748845805,False,0.11316807270050049,False
2026,B,1890,1780471800.0,False,-1,,12,False,0.0,11.0,0.0,-1.375789324781704,False,0.4538439435525616,False,-1.375789324781704,False,0.24257514350821907,False,0.1900768280029297,False
2026,B,1891,1780471860.0,False,-1,,12,False,0.0,10.0,0.0,-1.4588363749837923,False,0.4475951342609648,False,-1.4588363749837923,False,0.2494699748845805,False,0.1328739881515503,False
2026,B,1892,1780471920.0,True,155,permission_denied,12,False,0.0,11.0,0.0,-1.3135458681485872,False,0.4045628275631741,False,-1.3135458681485872,False,1.0,True,999999999.9999999,True
2026,B,1893,1780471980.0,True,155,permission_denied,12,False,0.0,12.0,0.0,0.9894235330698766,True,0.423201348105909,False,0.9894235330698766,True,1.0,True,3000000000.0,True
2026,B,1894,1780472040.0,True,155,permission_denied,12,False,0.0,10.0,0.0,1.1425564722885113,True,0.4195549906450805,False,1.1425564722885113,True,1.0,True,3999999999.9999995,True
2026,B,1895,1780472100.0,True,155,permission_denied,12,False,0.0,8.0,0.0,0.38869249046833065,False,0.42132142425875574,False,0.38869249046833065,False,1.0,True,1999999999.9999998,True
2026,B,1896,1780472160.0,False,-1,,13,True,1.0,78.0,0.0,0.3986544150209985,False,0.696900505208465,False,0.3986544150209985,False,0.0004225863917241247,False,0.1640338897705079,False
2026,B,1897,1780472220.0,False,-1,,13,True,0.0,107.0,0.0,0.9973458147725909,True,0.6519004402402037,False,0.9973458147725909,True,0.14617308019609326,False,0.20201406478881834,False
2026,B,1898,1780472280.0,False,-1,,13,True,0.0,28.0,0.0,-1.8510151941667976,False,0.37392945052106275,False,-1.8510151941667976,False,0.19013814265818824,False,0.1599867343902588,False
2026,B,1899,1780472340.0,False,-1,,13,False,0.0,12.0,0.0,-1.7639165931395695,False,0.4280556068664833,False,-1.7639165931395695,False,0.23656878881171142,False,0.18377432823181156,False
2026,B,1900,1780472400.0,False,-1,,13,False,0.0,14.0,0.0,-0.42643396618944074,False,0.4470691356986806,False,-0.42643396618944074,False,0.2265666570210753,False,0.18517553806304923,False
2026,B,1901,1780472460.0,False,-1,,13,False,0.0,8.0,0.0,-1.372655513841564,False,0.45073202108393245,False,-1.372655513841564,False,0.26698282659663947,False,0.18349344730377198,False
2026,B,1902,1780472520.0,False,-1,,13,False,0.0,9.0,0.0,-1.664351566112721,False,0.422210053504616,False,-1.664351566112721,False,0.25749302991177747,False,0.1602642059326172,False
2026,B,1903,1780472580.0,False,-1,,13,False,0.0,8.0,0.0,-1.524028042149383,False,0.4318531571612607,False,-1.524028042149383,False,0.26698282659663947,False,0.16793689727783204,False
2026,B,1904,1780472640.0,False,-1,,13,False,0.0,9.0,0.0,-1.2075459029278024,False,0.44609710621050436,False,-1.2075459029278024,False,0.25749302991177747,False,0.11646718978881836,False
2026,B,1905,1780472700.0,True,156,permission_denied,13,False,0.0,12.0,0.0,1.386525019866217,True,0.42954494728235826,False,1.386525019866217,True,1.0,True,3999999999.9999995,True
2026,B,1906,1780472760.0,True,156,permission_denied,13,False,0.0,14.0,0.0,2.5969121240621265,True,0.43105369423163714,False,2.5969121240621265,True,1.0,True,7000000000.0,True
2026,B,1907,1780472820.0,True,156,permission_denied,13,False,0.0,5.0,0.0,-0.3880696272853026,False,0.49718146906805133,False,-0.3880696272853026,False,1.0,True,999999999.9999999,True
2026,B,1908,1780472880.0,False,-1,,13,False,0.0,12.0,0.0,-1.7142685610130366,False,0.40168354175884086,False,-1.7142685610130366,False,0.23656878881171142,False,0.15071816444396974,False
2026,B,1909,1780472940.0,False,-1,,13,False,0.0,14.0,0.0,-1.5699570131637781,False,0.411947721810798,False,-1.5699570131637781,False,0.2265666570210753,False,0.15522162914276122,False
2026,B,1910,1780473000.0,False,-1,,13,False,0.0,17.0,0.0,-1.3657340966934761,False,0.42008083057704726,False,-1.3657340966934761,False,0.2150452435826018,False,0.15094747543334963,False
2026,B,1911,1780473060.0,False,-1,,13,False,0.0,8.0,0.0,-1.258058031593774,False,0.41959758133403185,False,-1.258058031593774,False,0.26698282659663947,False,0.14895107746124267,False
2026,B,1912,1780473120.0,False,-1,,13,False,0.0,9.0,0.0,-1.2568451339859275,False,0.4316437836932474,False,-1.2568451339859275,False,0.25749302991177747,False,0.15714492797851562,False
2026,B,1913,1780473180.0,False,-1,,13,False,0.0,8.0,0.0,0.22851852917723825,False,0.47496484035539865,False,0.22851852917723825,False,0.26698282659663947,False,0.12201344966888428,False
2026,B,1914,1780473240.0,False,-1,,13,False,0.0,3.0,0.0,-0.8286410148541519,False,0.5720985922708673,False,-0.8286410148541519,False,0.36757760552931334,False,0.11732230186462403,False
2026,B,1915,1780473300.0,False,-1,,13,False,0.0,14.0,0.0,-0.25864271848832754,False,0.43401385605493464,False,-0.25864271848832754,False,0.2265666570210753,False,0.13428881168365478,False
2026,B,1916,1780473360.0,True,157,resource_exhaustion,13,False,1.0,15.0,0.0,5.424816825084396,True,0.7020950476329934,False,5.424816825084396,True,1.0,True,999999999.9999999,True
2026,B,1917,1780473420.0,True,157,resource_exhaustion,13,False,0.0,10.0,0.0,5.424816825084396,True,0.5860592591423288,False,5.424816825084396,True,0.2494699748845805,False,0.2516592741012573,False
2026,B,1918,1780473480.0,True,157,resource_exhaustion,13,False,2.0,14.0,0.0,5.424816825084396,True,0.7090436892943637,False,5.424816825084396,True,1.0,True,1999999999.9999998,True
2026,B,1919,1780473540.0,True,157,resource_exhaustion,13,False,1.0,7.0,0.0,5.424816825084396,True,0.7167760085003911,True,5.424816825084396,True,1.0,True,999999999.9999999,True
2026,B,1920,1780473600.0,False,-1,,13,False,0.0,20.0,0.0,-2.323642265277229,False,0.38319748004937104,False,-2.323642265277229,False,0.20624038581450158,False,0.16515450477600097,False
2026,B,1921,1780473660.0,False,-1,,13,False,0.0,14.0,0.0,-0.422962939236176,False,0.4621366667202126,False,-0.422962939236176,False,0.2265666570210753,False,0.12978918552398683,False
2026,B,1922,1780473720.0,False,-1,,13,False,0.0,14.0,0.0,-1.4315479195810346,False,0.4033800127186713,False,-1.4315479195810346,False,0.2265666570210753,False,0.14155304431915283,False
2026,B,1923,1780473780.0,False,-1,,13,False,0.0,5.0,0.0,-0.1033887474170454,False,0.4947989880488295,False,-0.1033887474170454,False,0.3106614405745598,False,0.14571313858032225,False
2026,B,1924,1780473840.0,False,-1,,13,False,0.0,16.0,0.0,-1.348569320887921,False,0.4193896432170258,False,-1.348569320887921,False,0.21852058284895462,False,0.1769200563430786,False
2026,B,1925,1780473900.0,True,158,permission_denied,13,False,0.0,12.0,0.0,-1.7685339411695722,False,0.40421719380785415,False,-1.7685339411695722,False,0.23656878881171142,False,0.13656260967254638,False
2026,B,1926,1780473960.0,True,158,permission_denied,13,False,0.0,16.0,0.0,2.7050131204623864,True,0.40034144364485247,False,2.7050131204623864,True,1.0,True,7999999999.999999,True
2026,B,1927,1780474020.0,True,158,permission_denied,13,False,0.0,13.0,0.0,1.714621339968351,True,0.40715437297812934,False,1.714621339968351,True,1.0,True,5000000000.0,True
2026,B,1928,1780474080.0,True,158,permission_denied,13,False,0.0,13.0,0.0,2.2763216219771887,True,0.4222296636382917,False,2.2763216219771887,True,1.0,True,6000000000.0,True
2026,B,1929,1780474140.0,True,158,permission_denied,13,False,0.0,7.0,0.0,0.7285309113771632,True,0.45982665432845804,False,0.7285309113771632,True,1.0,True,1999999999.9999998,True
2026,B,1930,1780474200.0,False,-1,,13,False,0.0,16.0,0.0,-0.3094041956370681,False,0.46359313025110305,False,-0.3094041956370681,False,0.21852058284895462,False,0.12130844593048096,False
2026,B,1931,1780474260.0,False,-1,,13,False,0.0,12.0,0.0,-1.5397399005342143,False,0.41427881438380043,False,-1.5397399005342143,False,0.23656878881171142,False,0.17342827320098878,False
2026,B,1932,1780474320.0,False,-1,,13,False,0.0,7.0,0.0,-1.4490646711995643,False,0.4190119489077526,False,-1.4490646711995643,False,0.27843371922675825,False,0.1363574504852295,False
2026,B,1933,1780474380.0,False,-1,,13,False,0.0,13.0,0.0,-1.4377406055454447,False,0.4241606345595996,False,-1.4377406055454447,False,0.2312761519565593,False,0.16551342010498044,False
2026,B,1934,1780474440.0,False,-1,,13,False,0.0,20.0,0.0,-2.212296959766772,False,0.39172612268543483,False,-2.212296959766772,False,0.20624038581450158,False,0.15769460201263427,False
2026,B,1935,1780474500.0,False,-1,,13,False,0.0,13.0,0.0,-1.3861684484825672,False,0.4048304029692597,False,-1.3861684484825672,False,0.2312761519565593,False,0.13052845001220703,False
2026,B,1936,1780474560.0,False,-1,,13,False,0.0,17.0,0.0,-2.1538389802960856,False,0.40253922204538334,False,-2.1538389802960856,False,0.2150452435826018,False,0.1762681007385254,False
2026,B,1937,1780474620.0,True,159,config_error,13,False,1.0,17.0,0.0,4.012124765603356,True,0.6203578156527473,False,4.012124765603356,True,1.0,True,11000000000.0,True
2026,B,1938,1780474680.0,True,159,config_error,13,False,0.0,11.0,0.0,4.703793858138701,True,0.45187578687302704,False,4.703793858138701,True,1.0,True,11000000000.0,True
2026,B,1939,1780474740.0,True,159,config_error,13,False,0.0,19.0,0.0,4.93280644875313,True,0.4493166745900283,False,4.93280644875313,True,1.0,True,18000000000.0,True
2026,B,1940,1780474800.0,True,159,config_error,13,False,0.0,21.0,0.0,-1.2888620962139417,False,0.40312049021062274,False,-1.2888620962139417,False,1.0,True,999999999.9999999,True
2026,B,1941,1780474860.0,False,-1,,13,False,0.0,13.0,0.0,-1.5018716076426495,False,0.40559930748857936,False,-1.5018716076426495,False,0.2312761519565593,False,0.1660876274108886,False
2026,B,1942,1780474920.0,False,-1,,13,False,0.0,11.0,0.0,-1.9506132783840302,False,0.4098211573421883,False,-1.9506132783840302,False,0.24257514350821907,False,0.1384568214416504,False
2026,B,1943,1780474980.0,False,-1,,13,False,0.0,15.0,0.0,-1.499277432926382,False,0.3957537571645159,False,-1.499277432926382,False,0.22234063516699837,False,0.13414812088012695,False
2026,B,1944,1780475040.0,False,-1,,13,False,0.0,11.0,0.0,-2.0289040306679373,False,0.41196893034470994,False,-2.0289040306679373,False,0.24257514350821907,False,0.14561820030212402,False
2026,B,1945,1780475100.0,False,-1,,13,False,0.0,14.0,0.0,-1.3292376894524258,False,0.4141520251452478,False,-1.3292376894524258,False,0.2265666570210753,False,0.12414259910583494,False
2026,B,1946,1780475160.0,False,-1,,13,False,0.0,12.0,0.0,-2.0161717449471945,False,0.4068552867901957,False,-2.0161717449471945,False,0.23656878881171142,False,0.1409143924713135,False
2026,B,1947,1780475220.0,True,160,dependency_timeout,13,False,0.0,22.0,0.0,3.5140113878940937,True,0.4842531785474334,False,3.5140113878940937,True,0.20140271571692986,False,0.37952558994293184,False
2026,B,1948,1780475280.0,True,160,dependency_timeout,13,False,1.0,18.0,0.0,5.424816825084396,True,0.6793153289709059,False,5.424816825084396,True,1.0,True,9000000000.0,True
2026,B,1949,1780475340.0,True,160,dependency_timeout,13,False,2.0,11.0,0.0,5.424816825084396,True,0.6903450882475436,False,5.424816825084396,True,1.0,True,3000000000.0,True
2026,B,1950,1780475400.0,True,160,dependency_timeout,13,False,0.0,20.0,0.0,5.424816825084396,True,0.5384627919944126,False,5.424816825084396,True,1.0,True,10000000000.0,True
2026,B,1951,1780475460.0,True,160,dependency_timeout,13,False,0.0,17.0,0.0,5.424816825084396,True,0.46943851722659957,False,5.424816825084396,True,1.0,True,0.16222763061523438,False
2026,B,1952,1780475520.0,False,-1,,13,False,0.0,9.0,0.0,-1.5737992738531315,False,0.4078923212005494,False,-1.5737992738531315,False,0.25749302991177747,False,0.14254465103149414,False
2026,B,1953,1780475580.0,False,-1,,13,False,0.0,19.0,0.0,-1.736467174271982,False,0.38605324640876576,False,-1.736467174271982,False,0.2089414702524605,False,0.13952283859252929,False
2026,B,1954,1780475640.0,False,-1,,13,False,0.0,9.0,0.0,-2.053792718011972,False,0.41423306503936336,False,-2.053792718011972,False,0.25749302991177747,False,0.1586838722229004,False
2026,B,1955,1780475700.0,False,-1,,13,False,0.0,16.0,0.0,-1.5195209371111016,False,0.4083121283440379,False,-1.5195209371111016,False,0.21852058284895462,False,0.1567217111587524,False
2026,B,1956,1780475760.0,False,-1,,13,False,0.0,9.0,0.0,-1.565386951739141,False,0.41125102412431747,False,-1.565386951739141,False,0.25749302991177747,False,0.1414200782775879,False
2026,B,1957,1780475820.0,False,-1,,13,False,0.0,18.0,0.0,-2.3014364463046357,False,0.38294793673918265,False,-2.3014364463046357,False,0.21186550166449922,False,0.15664281845092767,False
2026,B,1958,1780475880.0,False,-1,,13,False,1.0,15.0,0.0,-0.251484522339827,False,0.6203827402458605,False,-0.251484522339827,False,2.4546378401632435e-05,False,0.13587446212768556,False
2026,B,1959,1780475940.0,False,-1,,13,False,0.0,14.0,0.0,-1.9416368506883206,False,0.398351612539199,False,-1.9416368506883206,False,0.2265666570210753,False,0.15577874183654783,False
2026,B,1960,1780476000.0,False,-1,,13,False,0.0,14.0,0.0,-1.113550647832188,False,0.4251969254618126,False,-1.113550647832188,False,0.2265666570210753,False,0.16176493167877198,False
2026,B,1961,1780476060.0,True,161,dependency_timeout,13,False,0.0,17.0,0.0,-2.0763443790810845,False,0.38745666512965743,False,-2.0763443790810845,False,0.2150452435826018,False,0.15878839492797853,False
2026,B,1962,1780476120.0,True,161,dependency_timeout,13,False,0.0,12.0,0.0,5.424816825084396,True,0.5457903809923539,False,5.424816825084396,True,1.0,True,7000000000.0,True
2026,B,1963,1780476180.0,True,161,dependency_timeout,13,False,1.0,19.0,0.0,5.424816825084396,True,0.6740924401869317,False,5.424816825084396,True,1.0,True,9000000000.0,True
2026,B,1964,1780476240.0,True,161,dependency_timeout,13,False,1.0,17.0,0.0,5.424816825084396,True,0.6770653774856144,False,5.424816825084396,True,1.0,True,3999999999.9999995,True
2026,B,1965,1780476300.0,True,161,dependency_timeout,13,False,1.0,11.0,0.0,5.424816825084396,True,0.6796603375723771,False,5.424816825084396,True,1.0,True,999999999.9999999,True
2026,B,1966,1780476360.0,False,-1,,13,False,0.0,21.0,0.0,-1.9291576927769176,False,0.39453183530539554,False,-1.9291576927769176,False,0.20373505883050388,False,0.15196180343627932,False
2026,B,1967,1780476420.0,False,-1,,13,False,0.0,13.0,0.0,-2.1361990263679935,False,0.3958354299381993,False,-2.1361990263679935,False,0.2312761519565593,False,0.1633475303649902,False
2026,B,1968,1780476480.0,False,-1,,13,False,0.0,9.0,0.0,-1.3805581163014429,False,0.41158430558349984,False,-1.3805581163014429,False,0.25749302991177747,False,0.13304738998413085,False
2026,B,1969,1780476540.0,False,-1,,13,False,0.0,11.0,0.0,-2.0534622814106136,False,0.40784256842606964,False,-2.0534622814106136,False,0.24257514350821907,False,0.1447181701660156,False
2026,B,1970,1780476600.0,False,-1,,13,False,0.0,17.0,0.0,-2.0652860260781702,False,0.390132188796305,False,-2.0652860260781702,False,0.2150452435826018,False,0.14348163604736328,False
2026,B,1971,1780476660.0,False,-1,,13,False,0.0,12.0,0.0,-1.1831734904674613,False,0.4616526962955529,False,-1.1831734904674613,False,0.23656878881171142,False,0.20245201587677006,False
2026,B,1972,1780476720.0,False,-1,,13,False,0.0,9.0,0.0,-1.7976839923451147,False,0.415411660237525,False,-1.7976839923451147,False,0.25749302991177747,False,0.14361400604248048,False
2026,B,1973,1780476780.0,True,162,config_error,13,False,0.0,13.0,0.0,-0.2497187181018239,False,0.4005286023759317,False,-0.2497187181018239,False,1.0,True,1999999999.9999998,True
2026,B,1974,1780476840.0,True,162,config_error,13,False,0.0,13.0,0.0,4.39286101759256,True,0.435328360386365,False,4.39286101759256,True,1.0,True,12000000000.0,True
2026,B,1975,1780476900.0,True,162,config_error,13,False,0.0,14.0,0.0,4.157224561178901,True,0.4523410355130753,False,4.157224561178901,True,1.0,True,12000000000.0,True
2026,B,1976,1780476960.0,False,-1,,13,False,1.0,17.0,0.0,0.40318852134728456,False,0.6342844951637165,False,0.40318852134728456,False,3.3672462786551945e-05,False,0.16858386993408203,False
2026,B,1977,1780477020.0,False,-1,,13,False,0.0,9.0,0.0,-1.019805668202963,False,0.44416912841196615,False,-1.019805668202963,False,0.25749302991177747,False,0.11342535018920899,False
2026,B,1978,1780477080.0,False,-1,,13,False,0.0,18.0,0.0,-1.2748205080878607,False,0.399937052217322,False,-1.2748205080878607,False,0.21186550166449922,False,0.13619585037231444,False
2026,B,1979,1780477140.0,False,-1,,13,False,0.0,12.0,0.0,-1.812785439550976,False,0.4198653004138905,False,-1.812785439550976,False,0.23656878881171142,False,0.15331585407257084,False
2026,B,1980,1780477200.0,False,-1,,13,False,0.0,18.0,0.0,-1.8701617523754397,False,0.402941898653038,False,-1.8701617523754397,False,0.21186550166449922,False,0.14889633655548093,False
2026,B,1981,1780477260.0,False,-1,,13,False,0.0,11.0,0.0,-0.8531180865221035,False,0.4224547345185756,False,-0.8531180865221035,False,0.24257514350821907,False,0.1384105682373047,False
2026,B,1982,1780477320.0,False,-1,,13,False,0.0,13.0,0.0,-0.9437325445467142,False,0.4221977805202853,False,-0.9437325445467142,False,0.2312761519565593,False,0.11518726348876954,False
2026,B,1983,1780477380.0,False,-1,,13,False,0.0,14.0,0.0,-1.5835390509529788,False,0.4042504272861346,False,-1.5835390509529788,False,0.2265666570210753,False,0.1320043087005615,False
2026,B,1984,1780477440.0,False,-1,,13,False,0.0,20.0,0.0,-1.4713401360892702,False,0.39822393732365957,False,-1.4713401360892702,False,0.20624038581450158,False,0.16154448986053466,False
2026,B,1985,1780477500.0,True,163,resource_exhaustion,13,False,1.0,15.0,0.0,5.424816825084396,True,0.7080408370120006,False,5.424816825084396,True,1.0,True,1999999999.9999998,True
2026,B,1986,1780477560.0,True,163,resource_exhaustion,13,False,0.0,11.0,0.0,5.424816825084396,True,0.5906489838469201,False,5.424816825084396,True,0.24257514350821907,False,0.4032652378082276,False
2026,B,1987,1780477620.0,True,163,resource_exhaustion,13,False,1.0,12.0,0.0,5.424816825084396,True,0.7001969243799429,False,5.424816825084396,True,1.0,True,999999999.9999999,True
2026,B,1988,1780477680.0,False,-1,,13,False,0.0,12.0,0.0,-1.8151012604358367,False,0.40001040799148385,False,-1.8151012604358367,False,0.23656878881171142,False,0.15531523227691652,False
2026,B,1989,1780477740.0,False,-1,,13,False,0.0,14.0,0.0,-1.7322618071868314,False,0.42928487940569143,False,-1.7322618071868314,False,0.2265666570210753,False,0.19793133735656734,False
2026,B,1990,1780477800.0,False,-1,,13,False,0.0,14.0,0.0,-2.0015941537486928,False,0.40780355084897196,False,-2.0015941537486928,False,0.2265666570210753,False,0.1678786277770996,False
2026,B,1991,1780477860.0,False,-1,,13,False,0.0,13.0,0.0,-2.00135919090033,False,0.3957700944446062,False,-2.00135919090033,False,0.2312761519565593,False,0.14201250076293945,False
2026,B,1992,1780477920.0,False,-1,,13,False,1.0,21.0,0.0,-0.9455234149721914,False,0.6092857451286537,False,-0.9455234149721914,False,5.460984111960188e-05,False,0.17399454116821292,False
2026,B,1993,1780477980.0,False,-1,,13,False,0.0,8.0,0.0,-0.6920266689008354,False,0.45447229389867333,False,-0.6920266689008354,False,0.26698282659663947,False,0.10803635120391847,False
2026,B,1994,1780478040.0,False,-1,,13,False,0.0,15.0,0.0,-1.0214861981118428,False,0.4362766901869499,False,-1.0214861981118428,False,0.22234063516699837,False,0.186946964263916,False
2026,B,1995,1780478100.0,False,-1,,13,False,0.0,16.0,0.0,-1.8346389481097383,False,0.396103795191777,False,-1.8346389481097383,False,0.21852058284895462,False,0.16006684303283691,False
2026,B,1996,1780478160.0,False,-1,,13,False,0.0,17.0,0.0,-1.8548757950848689,False,0.39059913813101105,False,-1.8548757950848689,False,0.2150452435826018,False,0.150189208984375,False
2026,B,1997,1780478220.0,False,-1,,13,False,0.0,18.0,0.0,-2.1303640994547655,False,0.39064569963718965,False,-2.1303640994547655,False,0.21186550166449922,False,0.1614361047744751,False
2026,B,1998,1780478280.0,True,164,dependency_timeout,13,False,1.0,20.0,0.0,5.424816825084396,True,0.6549924433629649,False,5.424816825084396,True,1.0,True,999999999.9999999,True
2026,B,1999,1780478340.0,True,164,dependency_timeout,13,False,2.0,20.0,0.0,5.424816825084396,True,0.6862463931084181,False,5.424816825084396,True,1.0,True,7999999999.999999,True
2026,B,2000,1780478400.0,True,164,dependency_timeout,13,False,2.0,22.0,0.0,5.424816825084396,True,0.6777155422072435,False,5.424816825084396,True,1.0,True,9000000000.0,True
2026,B,2001,1780478460.0,True,164,dependency_timeout,13,False,1.0,13.0,0.0,5.424816825084396,True,0.6906877793392836,False,5.424816825084396,True,1.0,True,3999999999.9999995,True
2026,B,2002,1780478520.0,False,-1,,13,False,0.0,16.0,0.0,-1.4693803161506809,False,0.40835357398231076,False,-1.4693803161506809,False,0.21852058284895462,False,0.16407537460327148,False
2026,B,2003,1780478580.0,False,-1,,13,False,0.0,19.0,0.0,-1.756766102424372,False,0.3835592349412871,False,-1.756766102424372,False,0.2089414702524605,False,0.14079413414001465,False
2026,B,2004,1780478640.0,False,-1,,13,False,0.0,15.0,0.0,-1.96648242862672,False,0.4064609286437081,False,-1.96648242862672,False,0.22234063516699837,False,0.1788013458251953,False
2026,B,2005,1780478700.0,False,-1,,13,False,1.0,21.0,0.0,-0.877417461832187,False,0.6058520043454884,False,-0.877417461832187,False,5.460984111960188e-05,False,0.17499065399169922,False
2026,B,2006,1780478760.0,False,-1,,13,False,0.0,11.0,0.0,-1.04521785434848,False,0.44656399549445375,False,-1.04521785434848,False,0.24257514350821907,False,0.18896937370300296,False
2026,B,2007,1780478820.0,False,-1,,13,False,0.0,13.0,0.0,-2.142429630669623,False,0.40467480903135494,False,-2.142429630669623,False,0.2312761519565593,False,0.15371866226196287,False
2026,B,2008,1780478880.0,True,165,config_error,13,False,0.0,15.0,0.0,2.2474914847690464,True,0.4411611411803734,False,2.2474914847690464,True,1.0,True,6000000000.0,True
2026,B,2009,1780478940.0,True,165,config_error,13,True,0.0,140.0,0.0,5.406506253220516,True,0.6452741647132786,False,5.406506253220516,True,1.0,True,127999999999.99998,True
2026,B,2010,1780479000.0,True,165,config_error,13,True,0.0,157.0,0.0,5.399149440306365,True,0.6554264539873853,False,5.399149440306365,True,1.0,True,131999999999.99998,True
2026,B,2011,1780479060.0,True,165,config_error,13,True,0.0,42.0,0.0,4.568169292959988,True,0.45509330040749996,False,4.568169292959988,True,1.0,True,21000000000.0,True
2026,B,2012,1780479120.0,False,-1,,13,False,0.0,22.0,0.0,-1.6458230369036109,False,0.4144756627775281,False,-1.6458230369036109,False,0.20140271571692986,False,0.18461520671844484,False
2026,B,2013,1780479180.0,False,-1,,13,False,0.0,14.0,0.0,-1.7105470019013271,False,0.4106746828611114,False,-1.7105470019013271,False,0.2265666570210753,False,0.15016160011291502,False
2026,B,2014,1780479240.0,False,-1,,13,False,0.0,20.0,0.0,-2.0628151424733545,False,0.38398072432540903,False,-2.0628151424733545,False,0.20624038581450158,False,0.1671739816665649,False
2026,B,2015,1780479300.0,False,-1,,13,False,0.0,16.0,0.0,-1.297132773972149,False,0.40204180435827425,False,-1.297132773972149,False,0.21852058284895462,False,0.1465250253677368,False
2026,B,2016,1780479360.0,False,-1,,13,False,0.0,21.0,0.0,-1.155490815646223,False,0.42027370642868,False,-1.155490815646223,False,0.20373505883050388,False,0.1549534797668457,False
2026,B,2017,1780479420.0,False,-1,,13,False,0.0,15.0,0.0,-1.1628737541959948,False,0.40405773210920054,False,-1.1628737541959948,False,0.22234063516699837,False,0.1397977352142334,False
2026,B,2018,1780479480.0,False,-1,,13,False,0.0,15.0,0.0,-1.336950944467712,False,0.4205266618462948,False,-1.336950944467712,False,0.22234063516699837,False,0.12338614463806152,False
2026,B,2019,1780479540.0,False,-1,,13,False,0.0,16.0,0.0,-1.8902710813717727,False,0.38922731431329644,False,-1.8902710813717727,False,0.21852058284895462,False,0.14133858680725098,False
2026,B,2020,1780479600.0,False,-1,,13,False,0.0,20.0,0.0,-2.0446096131850604,False,0.4072222550711932,False,-2.0446096131850604,False,0.20624038581450158,False,0.17495207786560055,False
2026,B,2021,1780479660.0,False,-1,,13,False,0.0,15.0,0.0,-2.1705523761991916,False,0.389849701860049,False,-2.1705523761991916,False,0.22234063516699837,False,0.1476391315460205,False
2026,B,2022,1780479720.0,True,166,resource_exhaustion,13,False,3.0,23.0,0.0,5.424816825084396,True,0.6841817057401369,False,5.424816825084396,True,1.0,True,3000000000.0,True
2026,B,2023,1780479780.0,True,166,resource_exhaustion,13,False,2.0,17.0,0.0,5.424816825084396,True,0.6891924167460183,False,5.424816825084396,True,1.0,True,999999999.9999999,True
2026,B,2024,1780479840.0,True,166,resource_exhaustion,13,False,2.0,20.0,0.0,5.424816825084396,True,0.6879741099668627,False,5.424816825084396,True,1.0,True,3000000000.0,True
2026,B,2025,1780479900.0,True,166,resource_exhaustion,13,False,2.0,20.0,0.0,5.424816825084396,True,0.6856604742749591,False,5.424816825084396,True,1.0,True,1999999999.9999998,True
2026,B,2026,1780479960.0,False,-1,,13,False,0.0,9.0,0.0,-0.5839903330444924,False,0.46622906537857794,False,-0.5839903330444924,False,0.25749302991177747,False,0.10475769042968748,False
2026,B,2027,1780480020.0,False,-1,,13,False,0.0,19.0,0.0,-1.368656899514681,False,0.40093332216444344,False,-1.368656899514681,False,0.2089414702524605,False,0.13896818161010743,False
2026,B,2028,1780480080.0,False,-1,,13,False,0.0,20.0,0.0,-2.328049431039913,False,0.3903267128776965,False,-2.328049431039913,False,0.20624038581450158,False,0.17613332271575924,False
2026,B,2029,1780480140.0,False,-1,,13,False,0.0,14.0,0.0,-1.9556800916270385,False,0.3994321025134386,False,-1.9556800916270385,False,0.2265666570210753,False,0.1574775457382202,False
2026,B,2030,1780480200.0,False,-1,,13,False,0.0,13.0,0.0,-1.989632431325422,False,0.40895705145837574,False,-1.989632431325422,False,0.2312761519565593,False,0.16042137145996094,False
2026,B,2031,1780480260.0,False,-1,,13,False,0.0,27.0,0.0,-2.0275295403529547,False,0.3744268548939971,False,-2.0275295403529547,False,0.1917524814136692,False,0.17280254364013664,False
2026,B,2032,1780480320.0,False,-1,,13,False,0.0,24.0,0.0,-0.7237541556386065,False,0.40220037560140937,False,-0.7237541556386065,False,0.19718290174713954,False,0.13569948673248292,False
2026,B,2033,1780480380.0,False,-1,,13,False,0.0,15.0,0.0,-1.3369186591009523,False,0.401194934994745,False,-1.3369186591009523,False,0.22234063516699837,False,0.1477414608001709,False
2026,B,2034,1780480440.0,True,167,permission_denied,13,False,0.0,21.0,0.0,0.7357260812738851,True,0.3928547073432945,False,0.7357260812738851,True,1.0,True,3000000000.0,True
2026,B,2035,1780480500.0,True,167,permission_denied,13,False,0.0,27.0,0.0,4.140846410504469,True,0.3971260747268285,False,4.140846410504469,True,1.0,True,15999999999.999998,True
2026,B,2036,1780480560.0,True,167,permission_denied,13,False,0.0,12.0,0.0,2.1953183797141915,True,0.4097747548452227,False,2.1953183797141915,True,1.0,True,6000000000.0,True
2026,B,2037,1780480620.0,True,167,permission_denied,13,False,0.0,19.0,0.0,-2.2274054893383832,False,0.3847951948378699,False,-2.2274054893383832,False,0.2089414702524605,False,0.1709585666656494,False
2026,B,2038,1780480680.0,False,-1,,14,False,0.0,16.0,0.0,-1.3214851352793557,False,0.4160875687931861,False,-1.3214851352793557,False,0.21852058284895462,False,0.1799912452697754,False
2026,B,2039,1780480740.0,False,-1,,14,False,0.0,16.0,0.0,-2.271465383102232,False,0.38887738190812543,False,-2.271465383102232,False,0.21852058284895462,False,0.15997612476348877,False
2026,B,2040,1780480800.0,False,-1,,14,False,0.0,19.0,0.0,-2.1582811380750897,False,0.40859482741968456,False,-2.1582811380750897,False,0.2089414702524605,False,0.18378152847290039,False
2026,B,2041,1780480860.0,False,-1,,14,False,0.0,18.0,0.0,-1.8123897208757276,False,0.38370117915369584,False,-1.8123897208757276,False,0.21186550166449922,False,0.14335041046142574,False
2026,B,2042,1780480920.0,False,-1,,14,False,0.0,22.0,0.0,-2.1369184741548013,False,0.37863238286945183,False,-2.1369184741548013,False,0.20140271571692986,False,0.16111066341400146,False
2026,B,2043,1780480980.0,False,-1,,14,False,0.0,20.0,0.0,-1.9380569194043673,False,0.3823433260488687,False,-1.9380569194043673,False,0.20624038581450158,False,0.155268383026123,False
2026,B,2044,1780481040.0,False,-1,,14,False,0.0,19.0,0.0,-2.102851111615486,False,0.3851792600550749,False,-2.102851111615486,False,0.2089414702524605,False,0.1724219799041748,False
2026,B,2045,1780481100.0,False,-1,,14,False,0.0,11.0,0.0,-0.9847452535927417,False,0.46333378499017147,False,-0.9847452535927417,False,0.24257514350821907,False,0.11813664436340332,False
2026,B,2046,1780481160.0,False,-1,,14,False,0.0,21.0,0.0,-1.7072417782722544,False,0.3862781034338427,False,-1.7072417782722544,False,0.20373505883050388,False,0.14160823822021484,False
2026,B,2047,1780481220.0,True,168,config_error,14,False,0.0,12.0,0.0,4.243562856099442,True,0.4433781469057848,False,4.243562856099442,True,1.0,True,11000000000.0,True
2026,B,2048,1780481280.0,True,168,config_error,14,False,0.0,16.0,0.0,5.040814638037174,True,0.43798097452348633,False,5.040814638037174,True,1.0,True,15999999999.999998,True
2026,B,2049,1780481340.0,True,168,config_error,14,False,0.0,20.0,0.0,4.744045721706962,True,0.42764662591272196,False,4.744045721706962,True,1.0,True,18000000000.0,True
2026,B,2050,1780481400.0,False,-1,,14,False,0.0,16.0,0.0,-0.7875335940493118,False,0.41694848126134515,False,-0.7875335940493118,False,0.21852058284895462,False,0.14024794101715088,False
2026,B,2051,1780481460.0,False,-1,,14,False,0.0,13.0,0.0,-2.175481765035335,False,0.40232295504535776,False,-2.175481765035335,False,0.2312761519565593,False,0.17548208236694332,False
2026,B,2052,1780481520.0,False,-1,,14,False,0.0,19.0,0.0,-2.0360355627763473,False,0.37763021021051185,False,-2.0360355627763473,False,0.2089414702524605,False,0.15228776931762694,False
2026,B,2053,1780481580.0,False,-1,,14,False,0.0,22.0,0.0,0.49384485434781755,False,0.4649417160803589,False,0.49384485434781755,False,0.20140271571692986,False,0.13512094020843507,False
2026,B,2054,1780481640.0,False,-1,,14,False,0.0,24.0,0.0,-1.8271391662622527,False,0.37417326124134903,False,-1.8271391662622527,False,0.19718290174713954,False,0.14986193180084229,False
2026,B,2055,1780481700.0,False,-1,,14,False,0.0,22.0,0.0,-0.9616063310327148,False,0.4278913316186977,False,-0.9616063310327148,False,0.20140271571692986,False,0.14957864284515382,False
2026,B,2056,1780481760.0,False,-1,,14,False,0.0,17.0,0.0,-1.6853909340736273,False,0.3975506087206886,False,-1.6853909340736273,False,0.2150452435826018,False,0.13663311004638673,False
2026,B,2057,1780481820.0,False,-1,,14,False,0.0,18.0,0.0,-2.2259076244093814,False,0.3986344340272186,False,-2.2259076244093814,False,0.21186550166449922,False,0.18158707618713368,False
2026,B,2058,1780481880.0,False,-1,,14,False,0.0,15.0,0.0,-0.5403956635521512,False,0.42105132512182597,False,-0.5403956635521512,False,0.22234063516699837,False,0.13818068504333494,False
2026,B,2059,1780481940.0,False,-1,,14,False,0.0,20.0,0.0,-2.131696468372019,False,0.3837913568736459,False,-2.131696468372019,False,0.20624038581450158,False,0.1510312795639038,False
2026,B,2060,1780482000.0,False,-1,,14,False,0.0,20.0,0.0,-1.7893843376671859,False,0.39724627643778515,False,-1.7893843376671859,False,0.20624038581450158,False,0.1738513708114624,False
2026,B,2061,1780482060.0,True,169,dependency_timeout,14,False,0.0,13.0,0.0,5.424816825084396,True,0.5298213208779083,False,5.424816825084396,True,1.0,True,1999999999.9999998,True
2026,B,2062,1780482120.0,True,169,dependency_timeout,14,False,1.0,17.0,0.0,5.424816825084396,True,0.6687796554455901,False,5.424816825084396,True,1.0,True,999999999.9999999,True
2026,B,2063,1780482180.0,True,169,dependency_timeout,14,False,2.0,16.0,0.0,5.424816825084396,True,0.6814092540510356,False,5.424816825084396,True,1.0,True,9000000000.0,True
2026,B,2064,1780482240.0,True,169,dependency_timeout,14,False,0.0,18.0,0.0,5.424816825084396,True,0.4991709753746837,False,5.424816825084396,True,1.0,True,999999999.9999999,True
2026,B,2065,1780482300.0,False,-1,,14,False,0.0,19.0,0.0,-1.2294621430579866,False,0.39650850629997547,False,-1.2294621430579866,False,0.2089414702524605,False,0.13810391426086427,False
2026,B,2066,1780482360.0,False,-1,,14,False,1.0,22.0,0.0,-0.7133471396361237,False,0.6066754452769008,False,-0.7133471396361237,False,6.028192350201344e-05,False,0.16001563072204586,False
2026,B,2067,1780482420.0,False,-1,,14,False,0.0,24.0,0.0,-1.5279532884566276,False,0.39259050014584773,False,-1.5279532884566276,False,0.19718290174713954,False,0.15411455631256105,False
2026,B,2068,1780482480.0,False,-1,,14,False,0.0,19.0,0.0,-2.003968251800697,False,0.3781060725038042,False,-2.003968251800697,False,0.2089414702524605,False,0.15221357345581055,False
2026,B,2069,1780482540.0,False,-1,,14,False,0.0,15.0,0.0,-1.7618748438652965,False,0.3959268408184369,False,-1.7618748438652965,False,0.22234063516699837,False,0.13348970413208006,False
2026,B,2070,1780482600.0,True,170,dependency_timeout,14,True,0.0,13.0,0.0,5.424816825084396,True,0.5350566666363858,False,5.424816825084396,True,1.0,True,3000000000.0,True
2026,B,2071,1780482660.0,True,170,dependency_timeout,14,True,24.0,215.0,1.0,5.424816825084396,True,0.7669819624362544,True,5.424816825084396,True,1.0,True,94000000000.0,True
2026,B,2072,1780482720.0,True,170,dependency_timeout,14,True,16.0,211.0,0.0,5.424816825084396,True,0.768074409714999,True,5.424816825084396,True,1.0,True,78000000000.0,True
2026,B,2073,1780482780.0,True,170,dependency_timeout,14,False,0.0,28.0,0.0,5.424816825084396,True,0.5358680822665316,False,5.424816825084396,True,1.0,True,14000000000.0,True
2026,B,2074,1780482840.0,True,170,dependency_timeout,14,False,0.0,18.0,0.0,5.424816825084396,True,0.5046678704994462,False,5.424816825084396,True,1.0,True,999999999.9999999,True
2026,B,2075,1780482900.0,False,-1,,14,False,0.0,23.0,0.0,-1.7084357165879425,False,0.3882201146539532,False,-1.7084357165879425,False,0.1992241207700216,False,0.15787663459777834,False
2026,B,2076,1780482960.0,False,-1,,14,False,0.0,18.0,0.0,-1.106396332151462,False,0.42375820729390007,False,-1.106396332151462,False,0.21186550166449922,False,0.12523012161254882,False
2026,B,2077,1780483020.0,False,-1,,14,False,0.0,25.0,0.0,-1.243933757009799,False,0.3841794532454781,False,-1.243933757009799,False,0.19526502570377902,False,0.15496015548706052,False
2026,B,2078,1780483080.0,False,-1,,14,False,0.0,21.0,0.0,-2.15470996131486,False,0.38493417994889717,False,-2.15470996131486,False,0.20373505883050388,False,0.15898609161376956,False
2026,B,2079,1780483140.0,False,-1,,14,False,0.0,25.0,0.0,-2.0457218658565512,False,0.3876999350888514,False,-2.0457218658565512,False,0.19526502570377902,False,0.18465080261230457,False
2026,B,2080,1780483200.0,False,-1,,14,False,0.0,25.0,0.0,-1.7023338063553224,False,0.3865055406768211,False,-1.7023338063553224,False,0.19526502570377902,False,0.1696264266967773,False
2026,B,2081,1780483260.0,True,171,config_error,14,False,0.0,23.0,0.0,3.4023940273325026,True,0.4332855184635201,False,3.4023940273325026,True,1.0,True,10000000000.0,True
2026,B,2082,1780483320.0,True,171,config_error,14,False,0.0,18.0,0.0,4.616451025051302,True,0.44995648514674014,False,4.616451025051302,True,1.0,True,15999999999.999998,True
2026,B,2083,1780483380.0,True,171,config_error,14,False,0.0,29.0,0.0,4.844163739787179,True,0.41013003209040366,False,4.844163739787179,True,1.0,True,24000000000.0,True
2026,B,2084,1780483440.0,True,171,config_error,14,False,0.0,16.0,0.0,1.9146330319376323,True,0.4132333056408607,False,1.9146330319376323,True,1.0,True,5000000000.0,True
2026,B,2085,1780483500.0,False,-1,,14,False,0.0,20.0,0.0,-1.1034138133663305,False,0.40246426995448376,False,-1.1034138133663305,False,0.20624038581450158,False,0.13079190254211426,False
2026,B,2086,1780483560.0,False,-1,,14,False,0.0,17.0,0.0,-1.8341328770155902,False,0.4145429372365652,False,-1.8341328770155902,False,0.2150452435826018,False,0.17967567443847657,False
2026,B,2087,1780483620.0,False,-1,,14,False,0.0,24.0,0.0,-2.0218637400441395,False,0.3918726164775874,False,-2.0218637400441395,False,0.19718290174713954,False,0.1805770397186279,False
2026,B,2088,1780483680.0,False,-1,,14,False,0.0,16.0,0.0,-1.405962210349963,False,0.41702209288726505,False,-1.405962210349963,False,0.21852058284895462,False,0.14864218235015866,False
2026,B,2089,1780483740.0,False,-1,,14,False,0.0,15.0,0.0,-2.1761345844277917,False,0.39258064106312307,False,-2.1761345844277917,False,0.22234063516699837,False,0.15259118080139158,False
2026,B,2090,1780483800.0,False,-1,,14,False,0.0,24.0,0.0,-1.8053571524690213,False,0.4040333895010381,False,-1.8053571524690213,False,0.19718290174713954,False,0.174709677696228,False
2026,B,2091,1780483860.0,False,-1,,14,False,0.0,29.0,0.0,-1.5450279026865203,False,0.38064042798857417,False,-1.5450279026865203,False,0.18860733281442676,False,0.16920433044433592,False
2026,B,2092,1780483920.0,False,-1,,14,False,0.0,10.0,0.0,-1.7247467892270993,False,0.4308969221161091,False,-1.7247467892270993,False,0.2494699748845805,False,0.14093396663665772,False
2026,B,2093,1780483980.0,False,-1,,14,False,0.0,31.0,0.0,-1.0975276836658976,False,0.3973503744774009,False,-1.0975276836658976,False,0.18576878440398611,False,0.14411187171936035,False
2026,B,2094,1780484040.0,False,-1,,14,False,0.0,21.0,0.0,-1.9399594707924441,False,0.39929988770670466,False,-1.9399594707924441,False,0.20373505883050388,False,0.15707635879516604,False
2026,B,2095,1780484100.0,False,-1,,14,False,0.0,19.0,0.0,-0.4740029584933403,False,0.423781172363869,False,-0.4740029584933403,False,0.2089414702524605,False,0.12141895294189453,False
2026,B,2096,1780484160.0,True,172,resource_exhaustion,14,False,6.0,27.0,0.0,5.424816825084396,True,0.690022126905867,False,5.424816825084396,True,1.0,True,6000000000.0,True
2026,B,2097,1780484220.0,True,172,resource_exhaustion,14,False,6.0,23.0,0.0,5.424816825084396,True,0.6895933534152241,False,5.424816825084396,True,1.0,True,6000000000.0,True
2026,B,2098,1780484280.0,True,172,resource_exhaustion,14,False,3.0,32.0,0.0,5.424816825084396,True,0.6852860959390805,False,5.424816825084396,True,1.0,True,3000000000.0,True
2026,B,2099,1780484340.0,True,172,resource_exhaustion,14,False,1.0,21.0,0.0,5.424816825084396,True,0.6746916173937515,False,5.424816825084396,True,1.0,True,999999999.9999999,True
2026,B,2100,1780484400.0,False,-1,,14,False,0.0,16.0,0.0,-1.2972764765561111,False,0.4491378839607636,False,-1.2972764765561111,False,0.21852058284895462,False,0.22477948665618894,False
2026,B,2101,1780484460.0,False,-1,,14,False,0.0,18.0,0.0,-1.3883225874784273,False,0.44494122199114944,False,-1.3883225874784273,False,0.21186550166449922,False,0.21507184505462631,False
2026,B,2102,1780484520.0,False,-1,,14,False,0.0,24.0,0.0,-1.731827529408526,False,0.3833536407629397,False,-1.731827529408526,False,0.19718290174713954,False,0.16314373016357422,False
2026,B,2103,1780484580.0,False,-1,,14,False,0.0,24.0,0.0,-1.743189299289261,False,0.3778096924993428,False,-1.743189299289261,False,0.19718290174713954,False,0.16463375091552734,False
2026,B,2104,1780484640.0,False,-1,,14,False,0.0,23.0,0.0,-1.3769586378254424,False,0.3954609467827763,False,-1.3769586378254424,False,0.1992241207700216,False,0.16419839859008797,False
2026,B,2105,1780484700.0,False,-1,,14,False,0.0,15.0,0.0,-1.1597386138418448,False,0.4176499703738326,False,-1.1597386138418448,False,0.22234063516699837,False,0.15067243576049805,False
2026,B,2106,1780484760.0,False,-1,,14,False,0.0,27.0,0.0,-1.96033974451238,False,0.371407108241362,False,-1.96033974451238,False,0.1917524814136692,False,0.159840726852417,False
2026,B,2107,1780484820.0,False,-1,,14,False,0.0,19.0,0.0,-1.0422875555303195,False,0.3997480776246885,False,-1.0422875555303195,False,0.2089414702524605,False,0.15180563926696777,False
2026,B,2108,1780484880.0,False,-1,,14,False,0.0,13.0,0.0,-1.1188552767777473,False,0.4190220620184524,False,-1.1188552767777473,False,0.2312761519565593,False,0.1347282409667969,False
2026,B,2109,1780484940.0,True,173,permission_denied,14,False,0.0,19.0,0.0,1.2299804764665092,True,0.40434544549138,False,1.2299804764665092,True,1.0,True,3999999999.9999995,True
2026,B,2110,1780485000.0,True,173,permission_denied,14,False,0.0,18.0,0.0,1.8222703441777215,True,0.42140847742445525,False,1.8222703441777215,True,1.0,True,5000000000.0,True
2026,B,2111,1780485060.0,True,173,permission_denied,14,False,0.0,21.0,0.0,-0.6054800434471179,False,0.38189912703339524,False,-0.6054800434471179,False,1.0,True,1999999999.9999998,True
2026,B,2112,1780485120.0,True,173,permission_denied,14,False,0.0,28.0,0.0,3.8467207068593297,True,0.40208819050885275,False,3.8467207068593297,True,1.0,True,13000000000.0,True
2026,B,2113,1780485180.0,False,-1,,14,False,0.0,13.0,0.0,-1.2904168248391912,False,0.42271801789589036,False,-1.2904168248391912,False,0.2312761519565593,False,0.1449493408203125,False
2026,B,2114,1780485240.0,False,-1,,14,False,0.0,22.0,0.0,-1.0292019932990923,False,0.39879042600202325,False,-1.0292019932990923,False,0.20140271571692986,False,0.14181280136108396,False
2026,B,2115,1780485300.0,False,-1,,14,False,0.0,28.0,0.0,-1.1470829634820294,False,0.41069606032502526,False,-1.1470829634820294,False,0.19013814265818824,False,0.15435006618499755,False
2026,B,2116,1780485360.0,False,-1,,14,False,0.0,20.0,0.0,-2.1671287103016725,False,0.3893777623282469,False,-2.1671287103016725,False,0.20624038581450158,False,0.15747716426849365,False
2026,B,2117,1780485420.0,False,-1,,14,False,0.0,21.0,0.0,-1.9788952184414796,False,0.3874228673206577,False,-1.9788952184414796,False,0.20373505883050388,False,0.1655426025390625,False
2026,B,2118,1780485480.0,False,-1,,14,False,0.0,15.0,0.0,-1.7608588652747077,False,0.39392100152687076,False,-1.7608588652747077,False,0.22234063516699837,False,0.14346261024475096,False
2026,B,2119,1780485540.0,False,-1,,14,False,0.0,20.0,0.0,-2.010034775284436,False,0.39089910069382244,False,-2.010034775284436,False,0.20624038581450158,False,0.15012409687042233,False
2026,B,2120,1780485600.0,False,-1,,14,False,0.0,21.0,0.0,-1.7698041480547673,False,0.3881508608364989,False,-1.7698041480547673,False,0.20373505883050388,False,0.139371395111084,False
2026,B,2121,1780485660.0,False,-1,,14,False,0.0,27.0,0.0,-1.6047841987087441,False,0.37694825027146417,False,-1.6047841987087441,False,0.1917524814136692,False,0.16374783515930172,False
2026,B,2122,1780485720.0,False,-1,,14,False,0.0,17.0,0.0,-2.346304771468686,False,0.3899604945153258,False,-2.346304771468686,False,0.2150452435826018,False,0.17099857330322266,False
2026,B,2123,1780485780.0,True,174,permission_denied,14,False,0.0,21.0,0.0,1.311119620699527,True,0.39372066455293286,False,1.311119620699527,True,1.0,True,3999999999.9999995,True
2026,B,2124,1780485840.0,True,174,permission_denied,14,False,0.0,19.0,0.0,2.303536233483409,True,0.40298079777724066,False,2.303536233483409,True,1.0,True,7000000000.0,True
2026,B,2125,1780485900.0,True,174,permission_denied,14,False,0.0,27.0,0.0,3.4968275268008147,True,0.3804214965689436,False,3.4968275268008147,True,1.0,True,12000000000.0,True
2026,B,2126,1780485960.0,True,174,permission_denied,14,False,0.0,25.0,0.0,1.9539362546665573,True,0.38631228023780484,False,1.9539362546665573,True,1.0,True,6000000000.0,True
2026,B,2127,1780486020.0,False,-1,,14,False,0.0,20.0,0.0,-2.1934481655734706,False,0.3837431073474906,False,-2.1934481655734706,False,0.20624038581450158,False,0.15872745513916015,False
2026,B,2128,1780486080.0,False,-1,,14,False,0.0,26.0,0.0,-0.8065252114360328,False,0.4109508990411446,False,-0.8065252114360328,False,0.19345838717882127,False,0.12771546840667725,False
2026,B,2129,1780486140.0,False,-1,,14,False,0.0,18.0,0.0,-2.0861747933768564,False,0.38492487530677977,False,-2.0861747933768564,False,0.21186550166449922,False,0.15024385452270503,False
2026,B,2130,1780486200.0,False,-1,,14,False,0.0,20.0,0.0,-1.3477045581463987,False,0.4470812429373359,False,-1.3477045581463987,False,0.20624038581450158,False,0.212502098083496,False
2026,B,2131,1780486260.0,False,-1,,14,False,0.0,26.0,0.0,-1.1127023458909493,False,0.402707864071425,False,-1.1127023458909493,False,0.19345838717882127,False,0.16599535942077637,False
2026,B,2132,1780486320.0,False,-1,,14,False,0.0,25.0,0.0,-2.038411037176754,False,0.3797435329163759,False,-2.038411037176754,False,0.19526502570377902,False,0.17759313583374023,False
2026,B,2133,1780486380.0,False,-1,,14,False,0.0,23.0,0.0,-2.1488186430804452,False,0.3749639043833892,False,-2.1488186430804452,False,0.1992241207700216,False,0.15806946754455567,False
2026,B,2134,1780486440.0,False,-1,,14,False,0.0,24.0,0.0,-1.8088728705911716,False,0.37731228400799893,False,-1.8088728705911716,False,0.19718290174713954,False,0.14791014194488525,False
2026,B,2135,1780486500.0,False,-1,,14,False,0.0,16.0,0.0,-1.0052069094227942,False,0.4134272890104601,False,-1.0052069094227942,False,0.21852058284895462,False,0.15355849266052243,False
2026,B,2136,1780486560.0,True,175,resource_exhaustion,14,False,1.0,23.0,0.0,5.424816825084396,True,0.6708434930558007,False,5.424816825084396,True,1.0,True,999999999.9999999,True
2026,B,2137,1780486620.0,True,175,resource_exhaustion,14,False,2.0,26.0,0.0,5.424816825084396,True,0.6843997242835334,False,5.424816825084396,True,1.0,True,1999999999.9999998,True
2026,B,2138,1780486680.0,True,175,resource_exhaustion,14,False,5.0,25.0,0.0,5.424816825084396,True,0.6886351621604048,False,5.424816825084396,True,1.0,True,5000000000.0,True
2026,B,2139,1780486740.0,True,175,resource_exhaustion,14,False,0.0,16.0,0.0,5.424816825084396,True,0.5799898190916541,False,5.424816825084396,True,1.0,True,999999999.9999999,True
2026,B,2140,1780486800.0,True,175,resource_exhaustion,14,False,2.0,19.0,0.0,5.424816825084396,True,0.6725470004140589,False,5.424816825084396,True,1.0,True,999999999.9999999,True
2026,B,2141,1780486860.0,False,-1,,14,False,0.0,33.0,0.0,-1.4072249195460644,False,0.39300974509403297,False,-1.4072249195460644,False,0.18318927131306834,False,0.15257463455200196,False
2026,B,2142,1780486920.0,False,-1,,14,False,1.0,42.0,0.0,-0.5258661190333926,False,0.6413081413766656,False,-0.5258661190333926,False,0.00018954787308056616,False,0.16760473251342772,False
2026,B,2143,1780486980.0,False,-1,,14,False,0.0,18.0,0.0,-2.004836685317926,False,0.390286319132184,False,-2.004836685317926,False,0.21186550166449922,False,0.17105500698089593,False
2026,B,2144,1780487040.0,False,-1,,14,False,0.0,26.0,0.0,-0.6494632540434484,False,0.39996880776370614,False,-0.6494632540434484,False,0.19345838717882127,False,0.14334797859191895,False
2026,B,2145,1780487100.0,False,-1,,14,False,0.0,32.0,0.0,-1.6758093740902638,False,0.3848242586341724,False,-1.6758093740902638,False,0.18444920793487726,False,0.16374287605285645,False
2026,B,2146,1780487160.0,False,-1,,14,False,0.0,30.0,0.0,-1.1986068499204636,False,0.39522111708480506,False,-1.1986068499204636,False,0.1871529693873599,False,0.1464403867721558,False
2026,B,2147,1780487220.0,False,-1,,14,False,0.0,26.0,0.0,-1.7472724566595037,False,0.3918300568521249,False,-1.7472724566595037,False,0.19345838717882127,False,0.1966714859008789,False
2026,B,2148,1780487280.0,False,-1,,14,False,0.0,26.0,0.0,-0.4567990208856596,False,0.4084148190072962,False,-0.4567990208856596,False,0.19345838717882127,False,0.15484631061553955,False
2026,B,2149,1780487340.0,False,-1,,14,False,0.0,21.0,0.0,-2.114291101811472,False,0.3881090315725078,False,-2.114291101811472,False,0.20373505883050388,False,0.15233278274536133,False
2026,B,2150,1780487400.0,True,176,config_error,14,False,0.0,35.0,0.0,4.610586331990637,True,0.4170028547534951,False,4.610586331990637,True,1.0,True,23000000000.0,True
2026,B,2151,1780487460.0,True,176,config_error,14,False,0.0,28.0,0.0,4.95516270801995,True,0.41158214205717886,False,4.95516270801995,True,1.0,True,25000000000.0,True
2026,B,2152,1780487520.0,True,176,config_error,14,False,0.0,23.0,0.0,4.352135792217033,True,0.4226672605933239,False,4.352135792217033,True,1.0,True,15999999999.999998,True
2026,B,2153,1780487580.0,False,-1,,14,False,0.0,18.0,0.0,-1.246560108236018,False,0.42626459387886984,False,-1.246560108236018,False,0.21186550166449922,False,0.17894599437713615,False
2026,B,2154,1780487640.0,False,-1,,14,False,0.0,22.0,0.0,-2.026880858182234,False,0.37831033657354096,False,-2.026880858182234,False,0.20140271571692986,False,0.1489274263381958,False
2026,B,2155,1780487700.0,False,-1,,14,False,0.0,24.0,0.0,-1.7214297695135858,False,0.39961957120732605,False,-1.7214297695135858,False,0.19718290174713954,False,0.15959181785583496,False
2026,B,2156,1780487760.0,False,-1,,14,False,0.0,18.0,0.0,-1.5999787041666922,False,0.3958652388244577,False,-1.5999787041666922,False,0.21186550166449922,False,0.1342814683914184,False
2026,B,2157,1780487820.0,False,-1,,14,False,0.0,29.0,0.0,-1.652751883945693,False,0.40609828783880686,False,-1.652751883945693,False,0.18860733281442676,False,0.18964214324951173,False
2026,B,2158,1780487880.0,False,-1,,14,False,0.0,21.0,0.0,-1.9610421020551616,False,0.4167974653896944,False,-1.9610421020551616,False,0.20373505883050388,False,0.19406747817993167,False
2026,B,2159,1780487940.0,True,177,permission_denied,14,False,0.0,31.0,0.0,2.408272537628126,True,0.38954935625740533,False,2.408272537628126,True,1.0,True,7000000000.0,True
2026,B,2160,1780488000.0,True,177,permission_denied,14,False,0.0,30.0,0.0,3.4131512756327194,True,0.38786972614490717,False,3.4131512756327194,True,1.0,True,11000000000.0,True
2026,B,2161,1780488060.0,True,177,permission_denied,14,False,0.0,26.0,0.0,2.3074622125166684,True,0.3862849479801217,False,2.3074622125166684,True,1.0,True,7000000000.0,True
2026,B,2162,1780488120.0,True,177,permission_denied,14,False,0.0,19.0,0.0,2.04227051326812,True,0.40227362855662585,False,2.04227051326812,True,1.0,True,6000000000.0,True
2026,B,2163,1780488180.0,False,-1,,14,False,0.0,29.0,0.0,-1.548906074957177,False,0.39520652196885736,False,-1.548906074957177,False,0.18860733281442676,False,0.16116580963134766,False
2026,B,2164,1780488240.0,False,-1,,14,False,0.0,22.0,0.0,-1.8480113848686344,False,0.40951612172584173,False,-1.8480113848686344,False,0.20140271571692986,False,0.19419803619384762,False
2026,B,2165,1780488300.0,False,-1,,14,False,0.0,22.0,0.0,-2.2633017062167076,False,0.3781867863225705,False,-2.2633017062167076,False,0.20140271571692986,False,0.17264003753662105,False
2026,B,2166,1780488360.0,False,-1,,14,False,0.0,21.0,0.0,-1.953160489970517,False,0.4050045270378129,False,-1.953160489970517,False,0.20373505883050388,False,0.1841673851013184,False
2026,B,2167,1780488420.0,False,-1,,14,False,0.0,26.0,0.0,-1.8777189309233835,False,0.3743214238904536,False,-1.8777189309233835,False,0.19345838717882127,False,0.15723347663879395,False
2026,B,2168,1780488480.0,False,-1,,14,False,0.0,23.0,0.0,-1.9616294207735079,False,0.385063708806323,False,-1.9616294207735079,False,0.1992241207700216,False,0.18270664215087898,False
2026,B,2169,1780488540.0,False,-1,,14,False,0.0,29.0,0.0,-1.5939078494124308,False,0.37631554847261134,False,-1.5939078494124308,False,0.18860733281442676,False,0.16569871902465816,False
2026,B,2170,1780488600.0,True,178,dependency_timeout,14,False,0.0,23.0,0.0,5.424816825084396,True,0.453182139369106,False,5.424816825084396,True,1.0,True,1999999999.9999998,True
2026,B,2171,1780488660.0,True,178,dependency_timeout,14,True,10.0,85.0,0.0,5.424816825084396,True,0.7276618230829989,True,5.424816825084396,True,1.0,True,31999999999.999996,True
2026,B,2172,1780488720.0,True,178,dependency_timeout,14,True,28.0,252.0,0.0,5.424816825084396,True,0.7737578011072154,True,5.424816825084396,True,1.0,True,115000000000.0,True
2026,B,2173,1780488780.0,True,178,dependency_timeout,14,True,11.0,196.0,0.0,5.424816825084396,True,0.7618686165134412,True,5.424816825084396,True,1.0,True,43000000000.0,True
2026,B,2174,1780488840.0,False,-1,,14,False,0.0,25.0,0.0,-1.6615398901800225,False,0.3809328656509477,False,-1.6615398901800225,False,0.19526502570377902,False,0.1460116386413574,False
2026,B,2175,1780488900.0,False,-1,,14,False,0.0,28.0,0.0,-1.1361059876398247,False,0.38904828260416696,False,-1.1361059876398247,False,0.19013814265818824,False,0.14232382774353028,False
2026,B,2176,1780488960.0,False,-1,,14,False,0.0,30.0,0.0,-1.877805200411025,False,0.3880757811346964,False,-1.877805200411025,False,0.1871529693873599,False,0.17410933971405032,False
2026,B,2177,1780489020.0,False,-1,,14,False,0.0,25.0,0.0,-0.6129728092608664,False,0.4046307660462109,False,-0.6129728092608664,False,0.19526502570377902,False,0.139447021484375,False
2026,B,2178,1780489080.0,False,-1,,14,False,0.0,26.0,0.0,-1.879750288285046,False,0.3739311287779681,False,-1.879750288285046,False,0.19345838717882127,False,0.1683741807937622,False
2026,B,2179,1780489140.0,False,-1,,14,False,0.0,26.0,0.0,-0.8823426042718578,False,0.38697215628849696,False,-0.8823426042718578,False,0.19345838717882127,False,0.1475805044174194,False
2026,B,2180,1780489200.0,True,179,resource_exhaustion,14,False,1.0,23.0,0.0,5.424816825084396,True,0.6868480906295938,False,5.424816825084396,True,1.0,True,3999999999.9999995,True
2026,B,2181,1780489260.0,True,179,resource_exhaustion,14,False,4.0,21.0,0.0,5.424816825084396,True,0.6887510282606073,False,5.424816825084396,True,1.0,True,3999999999.9999995,True
2026,B,2182,1780489320.0,True,179,resource_exhaustion,14,False,3.0,32.0,0.0,5.424816825084396,True,0.6832188575703494,False,5.424816825084396,True,1.0,True,3999999999.9999995,True
2026,B,2183,1780489380.0,True,179,resource_exhaustion,14,False,5.0,30.0,0.0,5.424816825084396,True,0.6819027503873382,False,5.424816825084396,True,1.0,True,999999999.9999999,True
2026,B,2184,1780489440.0,False,-1,,15,False,0.0,34.0,0.0,-1.5512422063207216,False,0.4052515051224902,False,-1.5512422063207216,False,0.1819845262378267,False,0.17563970088958744,False
2026,B,2185,1780489500.0,False,-1,,15,False,0.0,20.0,0.0,-1.2685967063450692,False,0.4044464281111072,False,-1.2685967063450692,False,0.20624038581450158,False,0.133478045463562,False
2026,B,2186,1780489560.0,False,-1,,15,False,0.0,25.0,0.0,-1.9476909921347954,False,0.3802390445417814,False,-1.9476909921347954,False,0.19526502570377902,False,0.1701586723327636,False
2026,B,2187,1780489620.0,False,-1,,15,False,0.0,19.0,0.0,-1.6379302183130378,False,0.39226334364844406,False,-1.6379302183130378,False,0.2089414702524605,False,0.1660005569458008,False
2026,B,2188,1780489680.0,False,-1,,15,False,0.0,11.0,0.0,-1.5275906556609504,False,0.4471619600872041,False,-1.5275906556609504,False,0.24257514350821907,False,0.1936001777648926,False
2026,B,2189,1780489740.0,False,-1,,15,False,0.0,19.0,0.0,-1.5471257997666985,False,0.4312700547919102,False,-1.5471257997666985,False,0.2089414702524605,False,0.2030429840087891,False
2026,B,2190,1780489800.0,False,-1,,15,False,0.0,23.0,0.0,-1.907237667523157,False,0.38579616646777337,False,-1.907237667523157,False,0.1992241207700216,False,0.15550050735473633,False
2026,B,2191,1780489860.0,False,-1,,15,False,0.0,27.0,0.0,-2.032965874171354,False,0.37634455519472876,False,-2.032965874171354,False,0.1917524814136692,False,0.1728342056274414,False
2026,B,2192,1780489920.0,False,-1,,15,False,0.0,22.0,0.0,-1.9582967217766374,False,0.3790509031834481,False,-1.9582967217766374,False,0.20140271571692986,False,0.1543275833129883,False
2026,B,2193,1780489980.0,False,-1,,15,False,0.0,28.0,0.0,-1.1832037986553248,False,0.3854205019855555,False,-1.1832037986553248,False,0.19013814265818824,False,0.1396780014038086,False
2026,B,2194,1780490040.0,True,180,dependency_timeout,15,False,0.0,32.0,0.0,-1.3802112025020374,False,0.4128266148851546,False,-1.3802112025020374,False,0.18444920793487726,False,0.18569078445434573,False
2026,B,2195,1780490100.0,True,180,dependency_timeout,15,False,2.0,26.0,0.0,5.424816825084396,True,0.6636577163080235,False,5.424816825084396,True,1.0,True,11000000000.0,True
2026,B,2196,1780490160.0,True,180,dependency_timeout,15,False,2.0,27.0,0.0,5.424816825084396,True,0.6801465717369918,False,5.424816825084396,True,1.0,True,9000000000.0,True
2026,B,2197,1780490220.0,True,180,dependency_timeout,15,False,3.0,27.0,0.0,5.424816825084396,True,0.6764690322641101,False,5.424816825084396,True,1.0,True,11000000000.0,True
2026,B,2198,1780490280.0,True,180,dependency_timeout,15,False,0.0,30.0,0.0,5.424816825084396,True,0.45993766245569123,False,5.424816825084396,True,1.0,True,1999999999.9999998,True
2026,B,2199,1780490340.0,False,-1,,15,False,0.0,25.0,0.0,-0.5191075292545291,False,0.4189957318817417,False,-0.5191075292545291,False,0.19526502570377902,False,0.17110080718994136,False
2026,B,2200,1780490400.0,False,-1,,15,False,0.0,21.0,0.0,-1.5216626880709985,False,0.38958910818223047,False,-1.5216626880709985,False,0.20373505883050388,False,0.14087390899658203,False
2026,B,2201,1780490460.0,False,-1,,15,False,0.0,30.0,0.0,-1.6845653543195178,False,0.3840743275993401,False,-1.6845653543195178,False,0.1871529693873599,False,0.1617802619934082,False
2026,B,2202,1780490520.0,False,-1,,15,False,0.0,31.0,0.0,-0.5554785721475204,False,0.40603193065559323,False,-0.5554785721475204,False,0.18576878440398611,False,0.13819074630737305,False
2026,B,2203,1780490580.0,False,-1,,15,False,0.0,29.0,0.0,-1.3398700064011972,False,0.42920694432075873,False,-1.3398700064011972,False,0.18860733281442676,False,0.20528964996337884,False
2026,B,2204,1780490640.0,False,-1,,15,False,0.0,22.0,0.0,-0.2294355416231566,False,0.4319212083821004,False,-0.2294355416231566,False,0.20140271571692986,False,0.1431267738342285,False
2026,B,2205,1780490700.0,False,-1,,15,False,0.0,17.0,0.0,-1.623811681117271,False,0.4364122674380226,False,-1.623811681117271,False,0.2150452435826018,False,0.18430089950561523,False
2026,B,2206,1780490760.0,True,181,permission_denied,15,False,0.0,35.0,0.0,-0.820406070020927,False,0.40784448616872127,False,-0.820406070020927,False,1.0,True,999999999.9999999,True
2026,B,2207,1780490820.0,True,181,permission_denied,15,False,0.0,33.0,0.0,3.3609433109736346,True,0.3978910416220277,False,3.3609433109736346,True,1.0,True,10000000000.0,True
2026,B,2208,1780490880.0,True,181,permission_denied,15,False,1.0,34.0,0.0,3.815058008583219,True,0.6203288882100244,False,3.815058008583219,True,1.0,True,11000000000.0,True
2026,B,2209,1780490940.0,True,181,permission_denied,15,False,0.0,41.0,0.0,4.444834522373947,True,0.4544161988087855,False,4.444834522373947,True,1.0,True,20000000000.0,True
2026,B,2210,1780491000.0,True,181,permission_denied,15,False,0.0,24.0,0.0,2.181712175943615,True,0.39590246185941097,False,2.181712175943615,True,1.0,True,5000000000.0,True
2026,B,2211,1780491060.0,False,-1,,15,False,0.0,26.0,0.0,-1.5290899884447677,False,0.4150217077484226,False,-1.5290899884447677,False,0.19345838717882127,False,0.2119237184524536,False
2026,B,2212,1780491120.0,False,-1,,15,False,0.0,38.0,0.0,-1.1207488960348764,False,0.43382653918577063,False,-1.1207488960348764,False,0.17764318080360325,False,0.1651977062225343,False
2026,B,2213,1780491180.0,False,-1,,15,False,0.0,31.0,0.0,-0.09050433589789808,False,0.4532711564818999,False,-0.09050433589789808,False,0.18576878440398611,False,0.13216876983642575,False
2026,B,2214,1780491240.0,False,-1,,15,False,0.0,25.0,0.0,-1.3614703410651252,False,0.3898274553700604,False,-1.3614703410651252,False,0.19526502570377902,False,0.17007646560668943,False
2026,B,2215,1780491300.0,False,-1,,15,False,0.0,30.0,0.0,-1.130153267815822,False,0.40060833103829685,False,-1.130153267815822,False,0.1871529693873599,False,0.137648344039917,False
2026,B,2216,1780491360.0,False,-1,,15,False,0.0,19.0,0.0,-1.86946378830838,False,0.39923153068630646,False,-1.86946378830838,False,0.2089414702524605,False,0.17706742286682128,False
2026,B,2217,1780491420.0,False,-1,,15,False,0.0,22.0,0.0,-2.036574208594235,False,0.3916077949750926,False,-2.036574208594235,False,0.20140271571692986,False,0.15609171390533447,False
2026,B,2218,1780491480.0,False,-1,,15,False,0.0,20.0,0.0,-1.146245599187754,False,0.4013469043084621,False,-1.146245599187754,False,0.20624038581450158,False,0.13188467025756834,False
2026,B,2219,1780491540.0,False,-1,,15,False,0.0,33.0,0.0,-1.5362848426302174,False,0.4056536275744107,False,-1.5362848426302174,False,0.18318927131306834,False,0.18996753692626953,False
2026,B,2220,1780491600.0,True,182,config_error,15,False,0.0,36.0,0.0,3.1672208682057756,True,0.4171508782912406,False,3.1672208682057756,True,1.0,True,9000000000.0,True
2026,B,2221,1780491660.0,True,182,config_error,15,False,0.0,35.0,0.0,5.0537028283677,True,0.4820478566389154,False,5.0537028283677,True,1.0,True,30000000000.0,True
2026,B,2222,1780491720.0,True,182,config_error,15,False,0.0,23.0,0.0,4.58285475456003,True,0.4250242826983056,False,4.58285475456003,True,1.0,True,19000000000.0,True
2026,B,2223,1780491780.0,True,182,config_error,15,False,0.0,38.0,0.0,5.097216151066573,True,0.4615870484573844,False,5.097216151066573,True,1.0,True,32999999999.999996,True
2026,B,2224,1780491840.0,True,182,config_error,15,False,0.0,35.0,0.0,3.9696373282771873,True,0.45353393039535483,False,3.9696373282771873,True,1.0,True,14000000000.0,True
2026,B,2225,1780491900.0,False,-1,,15,False,0.0,24.0,0.0,-0.9797047569271085,False,0.41057266845301876,False,-0.9797047569271085,False,0.19718290174713954,False,0.1333782911300659,False
2026,B,2226,1780491960.0,False,-1,,15,False,0.0,27.0,0.0,-0.6359184148386747,False,0.43067851471835417,False,-0.6359184148386747,False,0.1917524814136692,False,0.14502439498901365,False
2026,B,2227,1780492020.0,False,-1,,15,False,0.0,29.0,0.0,-1.388539414028882,False,0.3971839168905954,False,-1.388539414028882,False,0.18860733281442676,False,0.16516599655151365,False
2026,B,2228,1780492080.0,False,-1,,15,False,0.0,31.0,0.0,-1.7745806573877791,False,0.3893608808833295,False,-1.7745806573877791,False,0.18576878440398611,False,0.17087912559509277,False
2026,B,2229,1780492140.0,False,-1,,15,False,0.0,18.0,0.0,-2.2467264013970665,False,0.398947991871643,False,-2.2467264013970665,False,0.21186550166449922,False,0.18295130729675285,False
2026,B,2230,1780492200.0,False,-1,,15,False,1.0,29.0,0.0,-0.5545333410584137,False,0.6044115912225617,False,-0.5545333410584137,False,0.0001031732254221787,False,0.15100812911987302,False
2026,B,2231,1780492260.0,False,-1,,15,False,0.0,27.0,0.0,-1.6604051199829568,False,0.3831787556263421,False,-1.6604051199829568,False,0.1917524814136692,False,0.15558228492736814,False
2026,B,2232,1780492320.0,False,-1,,15,False,0.0,26.0,0.0,-1.2547324204278434,False,0.3854624497482529,False,-1.2547324204278434,False,0.19345838717882127,False,0.14125406742095944,False
2026,B,2233,1780492380.0,False,-1,,15,False,0.0,33.0,0.0,-1.532211080501316,False,0.39806020338007597,False,-1.532211080501316,False,0.18318927131306834,False,0.18020238876342773,False
2026,B,2234,1780492440.0,False,-1,,15,False,0.0,24.0,0.0,-1.5703786332005176,False,0.39943655399092914,False,-1.5703786332005176,False,0.19718290174713954,False,0.1711040735244751,False
2026,B,2235,1780492500.0,True,183,permission_denied,15,False,0.0,29.0,0.0,3.014650446656558,True,0.3898472298896173,False,3.014650446656558,True,1.0,True,9000000000.0,True
2026,B,2236,1780492560.0,True,183,permission_denied,15,False,0.0,29.0,0.0,3.6663907868185586,True,0.388569362839817,False,3.6663907868185586,True,1.0,True,12000000000.0,True
2026,B,2237,1780492620.0,True,183,permission_denied,15,False,0.0,23.0,0.0,2.6187254428956206,True,0.38152012803623503,False,2.6187254428956206,True,1.0,True,7999999999.999999,True
2026,B,2238,1780492680.0,True,183,permission_denied,15,False,0.0,38.0,0.0,4.3421074261436505,True,0.4315199669549727,False,4.3421074261436505,True,1.0,True,19000000000.0,True
2026,B,2239,1780492740.0,False,-1,,15,False,0.0,29.0,0.0,-1.8720639107848713,False,0.37330031812660663,False,-1.8720639107848713,False,0.18860733281442676,False,0.16271162033081055,False
2026,B,2240,1780492800.0,False,-1,,15,False,0.0,26.0,0.0,-1.8008443441641786,False,0.38568871014470946,False,-1.8008443441641786,False,0.19345838717882127,False,0.17061710357666016,False
2026,B,2241,1780492860.0,False,-1,,15,False,0.0,24.0,0.0,-1.6128056556597956,False,0.38285172610801155,False,-1.6128056556597956,False,0.19718290174713954,False,0.140480375289917,False
2026,B,2242,1780492920.0,False,-1,,15,False,0.0,28.0,0.0,-1.3697983313921194,False,0.37535602989553407,False,-1.3697983313921194,False,0.19013814265818824,False,0.14384381771087645,False
2026,B,2243,1780492980.0,False,-1,,15,False,0.0,35.0,0.0,-0.9027625124464587,False,0.4192688244647949,False,-0.9027625124464587,False,0.18083097677659873,False,0.1482115745544433,False
2026,B,2244,1780493040.0,False,-1,,15,False,0.0,16.0,0.0,-2.0163262131747484,False,0.3874620876785165,False,-2.0163262131747484,False,0.21852058284895462,False,0.14401733875274658,False
2026,B,2245,1780493100.0,True,184,dependency_timeout,15,False,0.0,22.0,0.0,5.424816825084396,True,0.45898639953688614,False,5.424816825084396,True,1.0,True,999999999.9999999,True
2026,B,2246,1780493160.0,True,184,dependency_timeout,15,False,2.0,34.0,0.0,5.424816825084396,True,0.6685414690478373,False,5.424816825084396,True,1.0,True,18000000000.0,True
2026,B,2247,1780493220.0,True,184,dependency_timeout,15,False,3.0,25.0,0.0,5.424816825084396,True,0.678376821770907,False,5.424816825084396,True,1.0,True,11000000000.0,True
2026,B,2248,1780493280.0,True,184,dependency_timeout,15,False,2.0,24.0,0.0,5.424816825084396,True,0.670227753817466,False,5.424816825084396,True,1.0,True,7000000000.0,True
2026,B,2249,1780493340.0,True,184,dependency_timeout,15,False,0.0,35.0,0.0,5.424816825084396,True,0.5367007719565932,False,5.424816825084396,True,1.0,True,7999999999.999999,True
2026,B,2250,1780493400.0,False,-1,,15,False,0.0,26.0,0.0,1.1454823268781302,True,0.45419973993119467,False,1.1454823268781302,True,0.19345838717882127,False,0.2901744842529297,False
2026,B,2251,1780493460.0,False,-1,,15,False,0.0,33.0,0.0,-1.6878149842715393,False,0.39479598228590085,False,-1.6878149842715393,False,0.18318927131306834,False,0.16678524017333984,False
2026,B,2252,1780493520.0,False,-1,,15,False,0.0,34.0,0.0,-1.3589192677435102,False,0.40228293143081145,False,-1.3589192677435102,False,0.1819845262378267,False,0.15169234275817872,False
2026,B,2253,1780493580.0,False,-1,,15,False,0.0,36.0,0.0,-1.1054496700175314,False,0.4270398640372504,False,-1.1054496700175314,False,0.17972502190674433,False,0.15068793296813962,False
2026,B,2254,1780493640.0,False,-1,,15,False,0.0,24.0,0.0,-1.747456220399907,False,0.3806562792666698,False,-1.747456220399907,False,0.19718290174713954,False,0.15563395023345947,False
2026,B,2255,1780493700.0,False,-1,,15,False,0.0,20.0,0.0,-0.5663368022780046,False,0.43034971939610833,False,-0.5663368022780046,False,0.20624038581450158,False,0.11728532314300537,False
2026,B,2256,1780493760.0,True,185,dependency_timeout,15,False,2.0,39.0,0.0,5.424816825084396,True,0.6670806494759149,False,5.424816825084396,True,1.0,True,7999999999.999999,True
2026,B,2257,1780493820.0,True,185,dependency_timeout,15,False,3.0,23.0,0.0,5.424816825084396,True,0.6741040164589571,False,5.424816825084396,True,1.0,True,12000000000.0,True
2026,B,2258,1780493880.0,True,185,dependency_timeout,15,False,0.0,28.0,0.0,5.424816825084396,True,0.514546932915015,False,5.424816825084396,True,1.0,True,5000000000.0,True
2026,B,2259,1780493940.0,False,-1,,15,False,0.0,32.0,0.0,-0.7432838622689992,False,0.4061058593585107,False,-0.7432838622689992,False,0.18444920793487726,False,0.14313428401947023,False
2026,B,2260,1780494000.0,False,-1,,15,False,0.0,20.0,0.0,-2.1372875110154155,False,0.3857610717597039,False,-2.1372875110154155,False,0.20624038581450158,False,0.1565699815750122,False
2026,B,2261,1780494060.0,False,-1,,15,False,0.0,29.0,0.0,-1.5178751514037643,False,0.38213133283865147,False,-1.5178751514037643,False,0.18860733281442676,False,0.18056354522705076,False
2026,B,2262,1780494120.0,False,-1,,15,False,0.0,28.0,0.0,-0.13240578145311765,False,0.4428536583187401,False,-0.13240578145311765,False,0.19013814265818824,False,0.15025126934051514,False
2026,B,2263,1780494180.0,False,-1,,15,False,0.0,41.0,0.0,-1.0752328557892445,False,0.4570002601962603,False,-1.0752328557892445,False,0.1748051866130104,False,0.1613321304321289,False
2026,B,2264,1780494240.0,False,-1,,15,False,0.0,27.0,0.0,-1.2563116300665058,False,0.38861774821024064,False,-1.2563116300665058,False,0.1917524814136692,False,0.13806166648864746,False
2026,B,2265,1780494300.0,False,-1,,15,False,0.0,26.0,0.0,-0.6473736189167427,False,0.4046762496355898,False,-0.6473736189167427,False,0.19345838717882127,False,0.14236271381378174,False
2026,B,2266,1780494360.0,False,-1,,15,False,0.0,27.0,0.0,-1.4378407203779995,False,0.41638421046235435,False,-1.4378407203779995,False,0.1917524814136692,False,0.2083325386047363,False
2026,B,2267,1780494420.0,True,186,resource_exhaustion,15,False,0.0,21.0,0.0,5.424816825084396,True,0.569943780510251,False,5.424816825084396,True,1.0,True,999999999.9999999,True
2026,B,2268,1780494480.0,True,186,resource_exhaustion,15,False,4.0,30.0,0.0,5.424816825084396,True,0.6823145531053985,False,5.424816825084396,True,1.0,True,3999999999.9999995,True
2026,B,2269,1780494540.0,True,186,resource_exhaustion,15,False,5.0,33.0,0.0,5.424816825084396,True,0.6838371569590734,False,5.424816825084396,True,1.0,True,5000000000.0,True
2026,B,2270,1780494600.0,True,186,resource_exhaustion,15,False,2.0,30.0,0.0,5.424816825084396,True,0.6674234921225497,False,5.424816825084396,True,1.0,True,1999999999.9999998,True
2026,B,2271,1780494660.0,False,-1,,15,False,0.0,17.0,0.0,-2.2534045796447675,False,0.3887666199546534,False,-2.2534045796447675,False,0.2150452435826018,False,0.15301666259765626,False
2026,B,2272,1780494720.0,False,-1,,15,False,0.0,27.0,0.0,-1.2597173026341295,False,0.38899286975003067,False,-1.2597173026341295,False,0.1917524814136692,False,0.13545975685119627,False
2026,B,2273,1780494780.0,False,-1,,15,False,0.0,30.0,0.0,-1.164222885644997,False,0.3910469235713402,False,-1.164222885644997,False,0.1871529693873599,False,0.14041738510131838,False
2026,B,2274,1780494840.0,False,-1,,15,False,0.0,32.0,0.0,-0.6594206536913152,False,0.4077699823634021,False,-0.6594206536913152,False,0.18444920793487726,False,0.13650329113006593,False
2026,B,2275,1780494900.0,False,-1,,15,False,0.0,24.0,0.0,-1.491059725091759,False,0.41329215100631933,False,-1.491059725091759,False,0.19718290174713954,False,0.20732645988464354,False
2026,B,2276,1780494960.0,True,187,resource_exhaustion,15,False,0.0,25.0,0.0,5.424816825084396,True,0.570555739511038,False,5.424816825084396,True,1.0,True,999999999.9999999,True
2026,B,2277,1780495020.0,True,187,resource_exhaustion,15,False,11.0,38.0,0.0,5.424816825084396,True,0.6905725051428979,False,5.424816825084396,True,1.0,True,9000000000.0,True
2026,B,2278,1780495080.0,True,187,resource_exhaustion,15,False,1.0,24.0,0.0,5.424816825084396,True,0.6827524569307496,False,5.424816825084396,True,1.0,True,1999999999.9999998,True
2026,B,2279,1780495140.0,False,-1,,15,False,0.0,21.0,0.0,-1.964383609188726,False,0.38856374445033015,False,-1.964383609188726,False,0.20373505883050388,False,0.15071296691894534,False
2026,B,2280,1780495200.0,False,-1,,15,False,0.0,21.0,0.0,0.19568971990862405,False,0.4834527474097931,False,0.19568971990862405,False,0.20373505883050388,False,0.22608661651611336,False
2026,B,2281,1780495260.0,False,-1,,15,False,0.0,24.0,0.0,-1.956145592554198,False,0.377817194605011,False,-1.956145592554198,False,0.19718290174713954,False,0.16396894454956054,False
2026,B,2282,1780495320.0,False,-1,,15,False,0.0,24.0,0.0,-1.401979358095721,False,0.38082594740398135,False,-1.401979358095721,False,0.19718290174713954,False,0.14048120975494385,False
2026,B,2283,1780495380.0,False,-1,,15,False,1.0,35.0,0.0,-0.5037232998278522,False,0.6111727522368692,False,-0.5037232998278522,False,0.00014252955026771067,False,0.1581687927246093,False
2026,B,2284,1780495440.0,False,-1,,15,False,0.0,33.0,0.0,-0.3547537097575919,False,0.45756520464714245,False,-0.3547537097575919,False,0.18318927131306834,False,0.1937326431274414,False
2026,B,2285,1780495500.0,False,-1,,15,False,0.0,31.0,0.0,-0.844697079602085,False,0.3948842627693914,False,-0.844697079602085,False,0.18576878440398611,False,0.1417093276977539,False
2026,B,2286,1780495560.0,False,-1,,15,False,0.0,33.0,0.0,-0.7495676638817885,False,0.4215038780872826,False,-0.7495676638817885,False,0.18318927131306834,False,0.15084447860717773,False
2026,B,2287,1780495620.0,False,-1,,15,False,0.0,27.0,0.0,-1.7682831045062697,False,0.3850736727414798,False,-1.7682831045062697,False,0.1917524814136692,False,0.1552403926849365,False
2026,B,2288,1780495680.0,False,-1,,15,False,0.0,33.0,0.0,-1.4901801298037816,False,0.4128889715579025,False,-1.4901801298037816,False,0.18318927131306834,False,0.1922748565673828,False
2026,B,2289,1780495740.0,False,-1,,15,False,0.0,31.0,0.0,-1.435301182326544,False,0.3970955807586366,False,-1.435301182326544,False,0.18576878440398611,False,0.15107583999633786,False
2026,B,2290,1780495800.0,True,188,permission_denied,15,False,0.0,25.0,0.0,3.7724423908635227,True,0.39004799803681545,False,3.7724423908635227,True,1.0,True,13000000000.0,True
2026,B,2291,1780495860.0,True,188,permission_denied,15,False,0.0,26.0,0.0,3.361697744585554,True,0.38975570735471593,False,3.361697744585554,True,1.0,True,11000000000.0,True
2026,B,2292,1780495920.0,True,188,permission_denied,15,False,0.0,30.0,0.0,3.7861709904449485,True,0.39794209085996424,False,3.7861709904449485,True,1.0,True,12000000000.0,True
2026,B,2293,1780495980.0,True,188,permission_denied,15,False,0.0,30.0,0.0,0.2535369439488928,False,0.3859907489340984,False,0.2535369439488928,False,1.0,True,1999999999.9999998,True
2026,B,2294,1780496040.0,False,-1,,15,False,0.0,32.0,0.0,-1.7130811577530167,False,0.39084310418699836,False,-1.7130811577530167,False,0.18444920793487726,False,0.17633447647094727,False
2026,B,2295,1780496100.0,False,-1,,15,False,0.0,26.0,0.0,-1.9616432234213104,False,0.37354697937874737,False,-1.9616432234213104,False,0.19345838717882127,False,0.1561206579208374,False
2026,B,2296,1780496160.0,False,-1,,15,False,0.0,30.0,0.0,-1.55405276836278,False,0.38153332735915374,False,-1.55405276836278,False,0.1871529693873599,False,0.15690114498138427,False
2026,B,2297,1780496220.0,False,-1,,15,False,0.0,20.0,0.0,-2.13842647630901,False,0.4068131671637303,False,-2.13842647630901,False,0.20624038581450158,False,0.1909239053726196,False
2026,B,2298,1780496280.0,False,-1,,15,False,1.0,26.0,0.0,-0.7895968237851276,False,0.6010314448120756,False,-0.7895968237851276,False,8.423149903245218e-05,False,0.15735924243927002,False
2026,B,2299,1780496340.0,False,-1,,15,False,0.0,37.0,0.0,-0.6267220747117035,False,0.4277083003530399,False,-0.6267220747117035,False,0.178663406722125,False,0.1527430534362793,False
2026,B,2300,1780496400.0,False,-1,,15,False,0.0,28.0,0.0,-1.5245613187733253,False,0.3897998232308507,False,-1.5245613187733253,False,0.19013814265818824,False,0.15394513607025145,False
2026,B,2301,1780496460.0,False,-1,,15,False,0.0,31.0,0.0,-1.0854535348379297,False,0.39507158275650084,False,-1.0854535348379297,False,0.18576878440398611,False,0.1608870029449463,False
2026,B,2302,1780496520.0,False,-1,,15,False,0.0,26.0,0.0,-1.6513319395695722,False,0.3773410591380558,False,-1.6513319395695722,False,0.20953948448373433,False,0.16023797988891603,False
2026,B,2303,1780496580.0,True,189,config_error,15,False,0.0,30.0,0.0,-1.385646403976855,False,0.38552882580840253,False,-1.385646403976855,False,0.17411060103817388,False,0.16975803375244136,False
2026,B,2304,1780496640.0,True,189,config_error,15,False,0.0,40.0,0.0,5.125771196068397,True,0.45941380709957175,False,5.125771196068397,True,1.0,True,35000000000.0,True
2026,B,2305,1780496700.0,True,189,config_error,15,False,0.0,36.0,0.0,5.155077027501867,True,0.44680117198728464,False,5.155077027501867,True,1.0,True,32999999999.999996,True
2026,B,2306,1780496760.0,True,189,config_error,15,False,0.0,30.0,0.0,4.5751369779632585,True,0.4258240812176846,False,4.5751369779632585,True,1.0,True,21000000000.0,True
2026,B,2307,1780496820.0,False,-1,,15,False,0.0,39.0,0.0,-0.39228090796221693,False,0.48548320858642874,False,-0.39228090796221693,False,0.1766616625442775,False,0.16262807846069333,False
2026,B,2308,1780496880.0,False,-1,,15,False,0.0,41.0,0.0,-0.6164614077214905,False,0.4836016456295445,False,-0.6164614077214905,False,0.1748051866130104,False,0.16121625900268557,False
2026,B,2309,1780496940.0,False,-1,,15,False,0.0,25.0,0.0,-1.7869445383132598,False,0.39647830238532916,False,-1.7869445383132598,False,0.19526502570377902,False,0.19720592498779294,False
2026,B,2310,1780497000.0,False,-1,,15,False,0.0,27.0,0.0,-1.4943231094024103,False,0.394887095582892,False,-1.4943231094024103,False,0.1917524814136692,False,0.15332279205322266,False
2026,B,2311,1780497060.0,False,-1,,15,False,0.0,29.0,0.0,-1.1963233761671885,False,0.39411449687240635,False,-1.1963233761671885,False,0.18860733281442676,False,0.13853769302368163,False
2026,B,2312,1780497120.0,False,-1,,15,False,0.0,23.0,0.0,-1.7050364096380761,False,0.3818635810620392,False,-1.7050364096380761,False,0.1992241207700216,False,0.16526737213134768,False
2026,B,2313,1780497180.0,False,-1,,15,False,0.0,36.0,0.0,-1.293471328699943,False,0.4317914904837408,False,-1.293471328699943,False,0.17972502190674433,False,0.16444385051727292,False
2026,B,2314,1780497240.0,True,190,config_error,15,False,0.0,22.0,0.0,4.2469346727299175,True,0.4193072061435897,False,4.2469346727299175,True,1.0,True,15999999999.999998,True
2026,B,2315,1780497300.0,True,190,config_error,15,False,0.0,33.0,0.0,5.030027796335204,True,0.4324546053105334,False,5.030027796335204,True,1.0,True,29000000000.0,True
2026,B,2316,1780497360.0,True,190,config_error,15,False,0.0,27.0,0.0,4.860835248639235,True,0.4436323706301632,False,4.860835248639235,True,1.0,True,23000000000.0,True
2026,B,2317,1780497420.0,True,190,config_error,15,False,0.0,32.0,0.0,3.482471446910007,True,0.41096895294861924,False,3.482471446910007,True,1.0,True,11000000000.0,True
2026,B,2318,1780497480.0,False,-1,,15,False,0.0,26.0,0.0,-1.5123542858819183,False,0.3930941075089509,False,-1.5123542858819183,False,0.19345838717882127,False,0.14932632446289062,False
2026,B,2319,1780497540.0,False,-1,,15,False,0.0,30.0,0.0,-1.7575989061444943,False,0.3902390118970925,False,-1.7575989061444943,False,0.1871529693873599,False,0.186283016204834,False
2026,B,2320,1780497600.0,False,-1,,15,False,0.0,28.0,0.0,-1.6483083052798557,False,0.3857169623865772,False,-1.6483083052798557,False,0.19013814265818824,False,0.16042203903198243,False
2026,B,2321,1780497660.0,False,-1,,15,False,0.0,31.0,0.0,-1.7595677261396974,False,0.3826367873387486,False,-1.7595677261396974,False,0.18576878440398611,False,0.17212414741516113,False
2026,B,2322,1780497720.0,False,-1,,15,False,0.0,28.0,0.0,-1.8374345499314026,False,0.38834882867743287,False,-1.8374345499314026,False,0.19013814265818824,False,0.17406172752380372,False
2026,B,2323,1780497780.0,False,-1,,15,False,0.0,29.0,0.0,-1.438015978923742,False,0.41314447740509624,False,-1.438015978923742,False,0.18860733281442676,False,0.184534740447998,False
2026,B,2324,1780497840.0,False,-1,,15,False,0.0,25.0,0.0,-0.7601525004373348,False,0.4029182304392055,False,-0.7601525004373348,False,0.19526502570377902,False,0.13701267242431642,False
2026,B,2325,1780497900.0,False,-1,,15,False,0.0,34.0,0.0,-1.3337918533316442,False,0.4034435914257783,False,-1.3337918533316442,False,0.1819845262378267,False,0.15134291648864745,False
2026,B,2326,1780497960.0,False,-1,,15,False,0.0,17.0,0.0,-0.7511405382189453,False,0.41594446342918523,False,-0.7511405382189453,False,0.2150452435826018,False,0.16284875869750975,False
2026,B,2327,1780498020.0,False,-1,,15,False,0.0,30.0,0.0,-1.610397739211157,False,0.3842527595163395,False,-1.610397739211157,False,0.1871529693873599,False,0.17571675777435303,False
2026,B,2328,1780498080.0,True,191,resource_exhaustion,15,False,0.0,26.0,0.0,5.424816825084396,True,0.5685921474122035,False,5.424816825084396,True,1.0,True,999999999.9999999,True
2026,B,2329,1780498140.0,True,191,resource_exhaustion,15,False,6.0,30.0,0.0,5.424816825084396,True,0.6876254738346387,False,5.424816825084396,True,1.0,True,6000000000.0,True
2026,B,2330,1780498200.0,True,191,resource_exhaustion,15,False,6.0,29.0,0.0,5.424816825084396,True,0.6869440544479773,False,5.424816825084396,True,1.0,True,6000000000.0,True
2026,B,2331,1780498260.0,True,191,resource_exhaustion,15,False,6.0,31.0,0.0,5.424816825084396,True,0.6865216809063388,False,5.424816825084396,True,1.0,True,6000000000.0,True
2026,B,2332,1780498320.0,True,191,resource_exhaustion,15,False,1.0,21.0,0.0,5.424816825084396,True,0.6669817526502032,False,5.424816825084396,True,1.0,True,999999999.9999999,True
2026,B,2333,1780498380.0,False,-1,,16,False,0.0,25.0,0.0,-0.4354293964198028,False,0.4183748260034014,False,-0.4354293964198028,False,0.19526502570377902,False,0.1562114715576172,False
2026,B,2334,1780498440.0,False,-1,,16,False,0.0,30.0,0.0,-0.9466306288928701,False,0.3947885149844783,False,-0.9466306288928701,False,0.1871529693873599,False,0.16109466552734375,False
2026,B,2335,1780498500.0,False,-1,,16,False,0.0,30.0,0.0,-1.0772179360885286,False,0.3937021406378326,False,-1.0772179360885286,False,0.1871529693873599,False,0.1595745325088501,False
2026,B,2336,1780498560.0,False,-1,,16,False,0.0,30.0,0.0,-1.0728347064511983,False,0.4233209571419617,False,-1.0728347064511983,False,0.1871529693873599,False,0.19288384914398196,False
2026,B,2337,1780498620.0,False,-1,,16,False,1.0,25.0,0.0,-0.7242868556573105,False,0.6000727592018181,False,-0.7242868556573105,False,7.80818512845175e-05,False,0.15789260864257812,False
2026,B,2338,1780498680.0,False,-1,,16,False,0.0,33.0,0.0,-1.2413339317033554,False,0.40495283262721765,False,-1.2413339317033554,False,0.18318927131306834,False,0.1473679542541504,False
2026,B,2339,1780498740.0,False,-1,,16,False,0.0,34.0,0.0,-1.371902505150726,False,0.40390911175549493,False,-1.371902505150726,False,0.1819845262378267,False,0.1554261922836304,False
2026,B,2340,1780498800.0,True,192,config_error,16,False,0.0,29.0,0.0,1.0564183927869726,True,0.42504939825640925,False,1.0564183927869726,True,1.0,True,3000000000.0,True
2026,B,2341,1780498860.0,True,192,config_error,16,False,0.0,36.0,0.0,5.002794629052774,True,0.4531233578236814,False,5.002794629052774,True,1.0,True,30000000000.0,True
2026,B,2342,1780498920.0,True,192,config_error,16,False,0.0,39.0,0.0,5.160972205206489,True,0.49168138495943686,False,5.160972205206489,True,1.0,True,35000000000.0,True
2026,B,2343,1780498980.0,True,192,config_error,16,False,0.0,34.0,0.0,5.270506715488572,True,0.4439834992755865,False,5.270506715488572,True,1.0,True,32999999999.999996,True
2026,B,2344,1780499040.0,True,192,config_error,16,False,0.0,27.0,0.0,-1.735111133349899,False,0.3882748883410165,False,-1.735111133349899,False,0.1917524814136692,False,0.16292810440063474,False
2026,B,2345,1780499100.0,False,-1,,16,False,0.0,41.0,0.0,-1.2014723159864715,False,0.4581917263812913,False,-1.2014723159864715,False,0.1748051866130104,False,0.16652727127075195,False
2026,B,2346,1780499160.0,False,-1,,16,False,0.0,25.0,0.0,-1.039018543641653,False,0.39609649352515097,False,-1.039018543641653,False,0.19526502570377902,False,0.14541635513305662,False
2026,B,2347,1780499220.0,False,-1,,16,False,0.0,31.0,0.0,-1.3362819377777369,False,0.4003986278688572,False,-1.3362819377777369,False,0.18576878440398611,False,0.15332984924316403,False
2026,B,2348,1780499280.0,False,-1,,16,False,0.0,25.0,0.0,-1.568475554555505,False,0.38442453826067996,False,-1.568475554555505,False,0.19526502570377902,False,0.14197893142700196,False
2026,B,2349,1780499340.0,False,-1,,16,False,0.0,38.0,0.0,-0.42337675886702275,False,0.4460674490896359,False,-0.42337675886702275,False,0.17764318080360325,False,0.15159780979156495,False
2026,B,2350,1780499400.0,False,-1,,16,False,0.0,35.0,0.0,-0.8760697175961436,False,0.42909754550571516,False,-0.8760697175961436,False,0.18083097677659873,False,0.17005014419555664,False
2026,B,2351,1780499460.0,False,-1,,16,False,0.0,31.0,0.0,-1.0554524853499672,False,0.40393544330626757,False,-1.0554524853499672,False,0.18576878440398611,False,0.16086649894714355,False
2026,B,2352,1780499520.0,False,-1,,16,False,0.0,31.0,0.0,-1.27881759942332,False,0.4152652487530535,False,-1.27881759942332,False,0.18576878440398611,False,0.16913533210754395,False
2026,B,2353,1780499580.0,True,193,dependency_timeout,16,False,3.0,33.0,0.0,5.424816825084396,True,0.6644013113838502,False,5.424816825084396,True,1.0,True,13000000000.0,True
2026,B,2354,1780499640.0,True,193,dependency_timeout,16,False,5.0,37.0,0.0,5.424816825084396,True,0.6676131341337658,False,5.424816825084396,True,1.0,True,20000000000.0,True
2026,B,2355,1780499700.0,True,193,dependency_timeout,16,False,0.0,33.0,0.0,5.424816825084396,True,0.5100520515153129,False,5.424816825084396,True,1.0,True,3000000000.0,True
2026,B,2356,1780499760.0,False,-1,,16,False,0.0,30.0,0.0,-1.4316378992357466,False,0.3819517665618399,False,-1.4316378992357466,False,0.1871529693873599,False,0.14884085655212403,False
2026,B,2357,1780499820.0,False,-1,,16,False,0.0,36.0,0.0,-0.9102108129553734,False,0.432417579641774,False,-0.9102108129553734,False,0.17972502190674433,False,0.1630232334136963,False
2026,B,2358,1780499880.0,False,-1,,16,False,0.0,29.0,0.0,-1.9387288821816666,False,0.37828174885791255,False,-1.9387288821816666,False,0.18860733281442676,False,0.17034263610839845,False
2026,B,2359,1780499940.0,False,-1,,16,False,0.0,32.0,0.0,-0.5401079475476429,False,0.4484050640397976,False,-0.5401079475476429,False,0.18444920793487726,False,0.2244148254394532,False
2026,B,2360,1780500000.0,False,-1,,16,False,0.0,32.0,0.0,-0.6254514774737938,False,0.41369457777937874,False,-0.6254514774737938,False,0.18444920793487726,False,0.13527455329895022,False
2026,B,2361,1780500060.0,False,-1,,16,False,0.0,41.0,0.0,-0.851399177306499,False,0.46054107272470607,False,-0.851399177306499,False,0.1748051866130104,False,0.16455268859863284,False
2026,B,2362,1780500120.0,False,-1,,16,False,0.0,39.0,0.0,-0.6628633697237891,False,0.44986535410763817,False,-0.6628633697237891,False,0.1766616625442775,False,0.1599673748016357,False
2026,B,2363,1780500180.0,False,-1,,16,False,1.0,32.0,0.0,-0.4002012461047064,False,0.6087164478644168,False,-0.4002012461047064,False,0.00012266893220632386,False,0.14775402545928956,False
2026,B,2364,1780500240.0,False,-1,,16,False,0.0,37.0,0.0,-1.0741857616711954,False,0.44279856791755573,False,-1.0741857616711954,False,0.178663406722125,False,0.15862197875976564,False
2026,B,2365,1780500300.0,True,194,permission_denied,16,False,0.0,28.0,0.0,0.7724605315444482,True,0.4001089759031942,False,0.7724605315444482,True,1.0,True,3000000000.0,True
2026,B,2366,1780500360.0,True,194,permission_denied,16,False,0.0,24.0,0.0,2.295483519834268,True,0.39428761704503507,False,2.295483519834268,True,1.0,True,7000000000.0,True
2026,B,2367,1780500420.0,True,194,permission_denied,16,False,0.0,29.0,0.0,1.1615756730774462,True,0.39928594671743617,False,1.1615756730774462,True,1.0,True,3000000000.0,True
2026,B,2368,1780500480.0,False,-1,,16,False,0.0,28.0,0.0,-1.4561820087035544,False,0.390200364815382,False,-1.4561820087035544,False,0.19013814265818824,False,0.16423792839050294,False
2026,B,2369,1780500540.0,False,-1,,16,False,0.0,35.0,0.0,-1.1327862571260017,False,0.4179896299595526,False,-1.1327862571260017,False,0.18083097677659873,False,0.18030610084533688,False
2026,B,2370,1780500600.0,False,-1,,16,False,0.0,33.0,0.0,-1.2225539287422027,False,0.4116538204944317,False,-1.2225539287422027,False,0.18318927131306834,False,0.17430896759033204,False
2026,B,2371,1780500660.0,False,-1,,16,False,0.0,28.0,0.0,-1.7483291038896764,False,0.37662063954192704,False,-1.7483291038896764,False,0.19013814265818824,False,0.1749485969543457,False
2026,B,2372,1780500720.0,False,-1,,16,False,0.0,25.0,0.0,-1.0980801720524722,False,0.4013678344036033,False,-1.0980801720524722,False,0.19526502570377902,False,0.14017801284790035,False
2026,B,2373,1780500780.0,False,-1,,16,False,0.0,31.0,0.0,-1.431725652162661,False,0.4077889543963603,False,-1.431725652162661,False,0.18576878440398611,False,0.1693413257598877,False
2026,B,2374,1780500840.0,False,-1,,16,False,0.0,30.0,0.0,-0.50252252905441,False,0.42733289475793257,False,-0.50252252905441,False,0.1871529693873599,False,0.13105974197387696,False
2026,B,2375,1780500900.0,True,195,dependency_timeout,16,False,1.0,30.0,0.0,5.424816825084396,True,0.6435200101653603,False,5.424816825084396,True,1.0,True,3000000000.0,True
2026,B,2376,1780500960.0,True,195,dependency_timeout,16,False,3.0,28.0,0.0,5.424816825084396,True,0.6691068184457523,False,5.424816825084396,True,1.0,True,13000000000.0,True
2026,B,2377,1780501020.0,True,195,dependency_timeout,16,False,0.0,19.0,0.0,5.424816825084396,True,0.5157929899052378,False,5.424816825084396,True,1.0,True,3000000000.0,True
2026,B,2378,1780501080.0,True,195,dependency_timeout,16,False,3.0,30.0,0.0,5.424816825084396,True,0.6650691283652457,False,5.424816825084396,True,1.0,True,5000000000.0,True
2026,B,2379,1780501140.0,False,-1,,16,False,0.0,29.0,0.0,-0.20168065937841728,False,0.40341313251761335,False,-0.20168065937841728,False,0.18860733281442676,False,0.1516167640686035,False
2026,B,2380,1780501200.0,False,-1,,16,False,0.0,37.0,0.0,-0.5284464855556772,False,0.48666385441264787,False,-0.5284464855556772,False,0.178663406722125,False,0.22987260818481453,False
2026,B,2381,1780501260.0,False,-1,,16,False,0.0,23.0,0.0,-1.8750792248699257,False,0.38004900464633934,False,-1.8750792248699257,False,0.1992241207700216,False,0.170850944519043,False
2026,B,2382,1780501320.0,False,-1,,16,False,0.0,32.0,0.0,-1.297604177193584,False,0.4032736218636342,False,-1.297604177193584,False,0.18444920793487726,False,0.15070955753326418,False
2026,B,2383,1780501380.0,False,-1,,16,False,0.0,33.0,0.0,-1.4705111239739805,False,0.3972772636750839,False,-1.4705111239739805,False,0.18318927131306834,False,0.1536710739135742,False
2026,B,2384,1780501440.0,False,-1,,16,False,0.0,27.0,0.0,-1.8621275265550743,False,0.37655739959720685,False,-1.8621275265550743,False,0.1917524814136692,False,0.16213178634643555,False
2026,B,2385,1780501500.0,False,-1,,16,False,0.0,29.0,0.0,-0.9616143882302728,False,0.4271947470263267,False,-0.9616143882302728,False,0.18860733281442676,False,0.21055297851562493,False
2026,B,2386,1780501560.0,False,-1,,16,False,0.0,27.0,0.0,-1.5743104527173433,False,0.3902630987085025,False,-1.5743104527173433,False,0.1917524814136692,False,0.17915463447570798,False
2026,B,2387,1780501620.0,False,-1,,16,False,0.0,32.0,0.0,-1.5514236543991755,False,0.3902139973543206,False,-1.5514236543991755,False,0.18444920793487726,False,0.16692137718200686,False
2026,B,2388,1780501680.0,True,196,resource_exhaustion,16,False,0.0,27.0,0.0,5.424816825084396,True,0.5265369549357201,False,5.424816825084396,True,0.1917524814136692,False,0.20844740867614742,False
2026,B,2389,1780501740.0,True,196,resource_exhaustion,16,False,6.0,32.0,0.0,5.424816825084396,True,0.6838824030713833,False,5.424816825084396,True,1.0,True,6000000000.0,True
2026,B,2390,1780501800.0,True,196,resource_exhaustion,16,False,3.0,26.0,0.0,5.424816825084396,True,0.6854154034440354,False,5.424816825084396,True,1.0,True,3000000000.0,True
2026,B,2391,1780501860.0,True,196,resource_exhaustion,16,True,25.0,123.0,0.0,5.424816825084396,True,0.7536077746332109,True,5.424816825084396,True,1.0,True,24000000000.0,True
2026,B,2392,1780501920.0,True,196,resource_exhaustion,16,True,2.0,295.0,0.0,5.424816825084396,True,0.7715560369705892,True,5.424816825084396,True,1.0,True,1999999999.9999998,True
2026,B,2393,1780501980.0,False,-1,,16,True,0.0,215.0,0.0,-0.04779902371039224,False,0.7198421679015727,True,-0.04779902371039224,False,0.13144064500645536,False,0.17996840476989745,False
2026,B,2394,1780502040.0,False,-1,,16,False,0.0,29.0,0.0,-0.8096483912422006,False,0.4305400577802183,False,-0.8096483912422006,False,0.18860733281442676,False,0.1878463745117187,False
2026,B,2395,1780502100.0,False,-1,,16,False,0.0,37.0,0.0,-1.056102917340791,False,0.41885344178030093,False,-1.056102917340791,False,0.178663406722125,False,0.15640707015991212,False
2026,B,2396,1780502160.0,False,-1,,16,False,0.0,26.0,0.0,-0.5096096430187051,False,0.44759935256630795,False,-0.5096096430187051,False,0.19345838717882127,False,0.1746368408203125,False
2026,B,2397,1780502220.0,False,-1,,16,False,0.0,23.0,0.0,-1.8954576040789561,False,0.3867090144478937,False,-1.8954576040789561,False,0.1992241207700216,False,0.1819133281707764,False
2026,B,2398,1780502280.0,False,-1,,16,False,0.0,27.0,0.0,-0.27574260154952057,False,0.4297717186812998,False,-0.27574260154952057,False,0.1917524814136692,False,0.12388820648193359,False
2026,B,2399,1780502340.0,False,-1,,16,False,0.0,36.0,0.0,-1.213139912242843,False,0.43238439379089993,False,-1.213139912242843,False,0.17972502190674433,False,0.1592304706573486,False
2026,B,2400,1780502400.0,False,-1,,16,False,0.0,37.0,0.0,-0.8354006779028618,False,0.4552005898391021,False,-0.8354006779028618,False,0.178663406722125,False,0.20236778259277347,False
2026,B,2401,1780502460.0,True,197,config_error,16,False,0.0,22.0,0.0,4.230111146913178,True,0.42469234054316674,False,4.230111146913178,True,1.0,True,15999999999.999998,True
2026,B,2402,1780502520.0,True,197,config_error,16,False,0.0,35.0,0.0,5.011594972463357,True,0.44712938754506343,False,5.011594972463357,True,1.0,True,30000000000.0,True
2026,B,2403,1780502580.0,True,197,config_error,16,False,0.0,37.0,0.0,4.90346905683052,True,0.4381391646377071,False,4.90346905683052,True,1.0,True,29000000000.0,True
2026,B,2404,1780502640.0,True,197,config_error,16,False,0.0,41.0,0.0,4.368776760766535,True,0.4624377349766159,False,4.368776760766535,True,1.0,True,19000000000.0,True
2026,B,2405,1780502700.0,False,-1,,16,False,0.0,30.0,0.0,-1.2434558882037363,False,0.41213141701502204,False,-1.2434558882037363,False,0.1871529693873599,False,0.16209173202514648,False
2026,B,2406,1780502760.0,False,-1,,16,False,0.0,35.0,0.0,-1.5259293148451585,False,0.40846871948021346,False,-1.5259293148451585,False,0.18083097677659873,False,0.16804790496826172,False
2026,B,2407,1780502820.0,False,-1,,16,False,0.0,35.0,0.0,-1.147413968959043,False,0.43992408042639153,False,-1.147413968959043,False,0.18083097677659873,False,0.17154517173767087,False
2026,B,2408,1780502880.0,False,-1,,16,False,0.0,26.0,0.0,-1.5471432598161048,False,0.3830524521357044,False,-1.5471432598161048,False,0.19345838717882127,False,0.14269292354583743,False
2026,B,2409,1780502940.0,False,-1,,16,False,0.0,31.0,0.0,-1.5675586348882913,False,0.38607788257712766,False,-1.5675586348882913,False,0.18576878440398611,False,0.1654186248779297,False
2026,B,2410,1780503000.0,False,-1,,16,False,0.0,30.0,0.0,-0.6192630885864272,False,0.41697316351123176,False,-0.6192630885864272,False,0.1871529693873599,False,0.12831754684448243,False
2026,B,2411,1780503060.0,False,-1,,16,False,0.0,29.0,0.0,-1.7304341094261773,False,0.3842368049596281,False,-1.7304341094261773,False,0.18860733281442676,False,0.1798544883728027,False
2026,B,2412,1780503120.0,False,-1,,16,False,0.0,29.0,0.0,-1.6999009868927448,False,0.3911840196082115,False,-1.6999009868927448,False,0.18860733281442676,False,0.1954726219177246,False
2026,B,2413,1780503180.0,False,-1,,16,False,0.0,23.0,0.0,-2.2286710936207372,False,0.3794850507389433,False,-2.2286710936207372,False,0.1992241207700216,False,0.16955614089965823,False
2026,B,2414,1780503240.0,True,198,config_error,16,False,0.0,37.0,0.0,4.932555839326115,True,0.444692867810113,False,4.932555839326115,True,1.0,True,28000000000.0,True
2026,B,2415,1780503300.0,True,198,config_error,16,False,0.0,26.0,0.0,4.773524443468391,True,0.4243624052939466,False,4.773524443468391,True,1.0,True,22000000000.0,True
2026,B,2416,1780503360.0,True,198,config_error,16,False,0.0,34.0,0.0,4.805745595581808,True,0.4683852292480486,False,4.805745595581808,True,1.0,True,25000000000.0,True
2026,B,2417,1780503420.0,False,-1,,16,False,0.0,18.0,0.0,-1.874129320981237,False,0.39100620505685857,False,-1.874129320981237,False,0.21186550166449922,False,0.14254522323608396,False
2026,B,2418,1780503480.0,False,-1,,16,False,0.0,41.0,0.0,-0.19993631591959282,False,0.48716767494557006,False,-0.19993631591959282,False,0.1748051866130104,False,0.13384246826171872,False
2026,B,2419,1780503540.0,False,-1,,16,False,0.0,23.0,0.0,-1.5150724539088936,False,0.3814411471750876,False,-1.5150724539088936,False,0.1992241207700216,False,0.15336236953735352,False
2026,B,2420,1780503600.0,False,-1,,16,False,0.0,27.0,0.0,-1.9267825897439526,False,0.3747091910572167,False,-1.9267825897439526,False,0.1917524814136692,False,0.1674607753753662,False
2026,B,2421,1780503660.0,False,-1,,16,False,0.0,20.0,0.0,-1.4265369330061262,False,0.4082333643490268,False,-1.4265369330061262,False,0.20624038581450158,False,0.14358179569244384,False
2026,B,2422,1780503720.0,False,-1,,16,False,0.0,24.0,0.0,-1.567544941639964,False,0.39894099033844804,False,-1.567544941639964,False,0.19718290174713954,False,0.16622040271759034,False
2026,B,2423,1780503780.0,True,199,dependency_timeout,16,False,1.0,29.0,0.0,5.424816825084396,True,0.6639350021747689,False,5.424816825084396,True,1.0,True,7999999999.999999,True
2026,B,2424,1780503840.0,True,199,dependency_timeout,16,False,8.0,26.0,0.0,5.424816825084396,True,0.6833751757356552,False,5.424816825084396,True,1.0,True,16999999999.999998,True
2026,B,2425,1780503900.0,True,199,dependency_timeout,16,False,1.0,24.0,0.0,5.424816825084396,True,0.6723847545846513,False,5.424816825084396,True,1.0,True,6000000000.0,True
2026,B,2426,1780503960.0,True,199,dependency_timeout,16,False,4.0,40.0,0.0,5.424816825084396,True,0.6744399335838274,False,5.424816825084396,True,1.0,True,16999999999.999998,True
2026,B,2427,1780504020.0,False,-1,,16,False,0.0,32.0,0.0,-1.2678407159053355,False,0.40107206618958957,False,-1.2678407159053355,False,0.18444920793487726,False,0.15100405216217042,False
2026,B,2428,1780504080.0,False,-1,,16,False,0.0,31.0,0.0,-1.2111821644126985,False,0.3884409937829089,False,-1.2111821644126985,False,0.18576878440398611,False,0.1409456729888916,False
2026,B,2429,1780504140.0,False,-1,,16,False,0.0,35.0,0.0,-1.2027126437092157,False,0.42169507823547064,False,-1.2027126437092157,False,0.18083097677659873,False,0.18152546882629386,False
2026,B,2430,1780504200.0,False,-1,,16,False,0.0,34.0,0.0,-1.4626033751260987,False,0.4113614597663075,False,-1.4626033751260987,False,0.1819845262378267,False,0.16385357379913337,False
2026,B,2431,1780504260.0,False,-1,,16,False,0.0,24.0,0.0,-1.8231118655185705,False,0.3786006927245042,False,-1.8231118655185705,False,0.19718290174713954,False,0.14504230022430417,False
2026,B,2432,1780504320.0,False,-1,,16,False,0.0,35.0,0.0,0.08795859005307882,False,0.48539314227611213,False,0.08795859005307882,False,0.18083097677659873,False,0.24666223526000963,False
2026,B,2433,1780504380.0,False,-1,,16,False,0.0,31.0,0.0,-1.474128480499906,False,0.40041202795291697,False,-1.474128480499906,False,0.18576878440398611,False,0.1913819313049316,False
2026,B,2434,1780504440.0,False,-1,,16,False,0.0,26.0,0.0,-1.0778135199084256,False,0.39189453301060084,False,-1.0778135199084256,False,0.19345838717882127,False,0.13510525226593018,False
2026,B,2435,1780504500.0,False,-1,,16,False,0.0,32.0,0.0,-0.9820146224658259,False,0.4404005059415704,False,-0.9820146224658259,False,0.18444920793487726,False,0.19158146381378177,False
2026,B,2436,1780504560.0,True,200,permission_denied,16,False,0.0,26.0,0.0,-0.10237739412355307,False,0.39916005717719355,False,-0.10237739412355307,False,1.0,True,1999999999.9999998,True
2026,B,2437,1780504620.0,True,200,permission_denied,16,False,0.0,28.0,0.0,3.7601676461072895,True,0.41666510688097425,False,3.7601676461072895,True,1.0,True,13000000000.0,True
2026,B,2438,1780504680.0,True,200,permission_denied,16,False,0.0,36.0,0.0,3.771648402313243,True,0.4194620354982735,False,3.771648402313243,True,1.0,True,13000000000.0,True
2026,B,2439,1780504740.0,True,200,permission_denied,16,False,0.0,25.0,0.0,1.607640714830059,True,0.38503753801425283,False,1.607640714830059,True,1.0,True,5000000000.0,True
2026,B,2440,1780504800.0,False,-1,,16,False,0.0,35.0,0.0,-1.4403783246737145,False,0.42338626077840436,False,-1.4403783246737145,False,0.18083097677659873,False,0.18079285621643065,False
2026,B,2441,1780504860.0,False,-1,,16,False,1.0,30.0,0.0,0.745168050985968,True,0.6240668008216024,False,0.745168050985968,True,0.00010962067065802088,False,0.14475488662719727,False
2026,B,2442,1780504920.0,False,-1,,16,False,0.0,42.0,0.0,-0.7253780929103666,False,0.461282906456335,False,-0.7253780929103666,False,0.17392595371475478,False,0.16302657127380368,False
2026,B,2443,1780504980.0,False,-1,,16,False,0.0,33.0,0.0,-1.5913107150057266,False,0.39463163188190886,False,-1.5913107150057266,False,0.18318927131306834,False,0.17666263580322267,False
2026,B,2444,1780505040.0,False,-1,,16,False,0.0,28.0,0.0,-1.2820585228107726,False,0.3939247765717005,False,-1.2820585228107726,False,0.19013814265818824,False,0.14212729930877688,False
2026,B,2445,1780505100.0,False,-1,,16,False,0.0,29.0,0.0,-1.9157478936772199,False,0.37902514939487875,False,-1.9157478936772199,False,0.18860733281442676,False,0.1689414024353027,False
2026,B,2446,1780505160.0,False,-1,,16,False,0.0,28.0,0.0,-0.8431037320192658,False,0.39721850704702205,False,-0.8431037320192658,False,0.19013814265818824,False,0.13699421882629395,False
2026,B,2447,1780505220.0,False,-1,,16,False,0.0,24.0,0.0,-1.4807037100209222,False,0.3989745144185743,False,-1.4807037100209222,False,0.19718290174713954,False,0.14399309158325194,False
2026,B,2448,1780505280.0,True,201,permission_denied,16,False,0.0,17.0,0.0,2.164767667151569,True,0.41136834451219806,False,2.164767667151569,True,1.0,True,6000000000.0,True
2026,B,2449,1780505340.0,True,201,permission_denied,16,False,0.0,36.0,0.0,3.46141938255721,True,0.4135285122438681,False,3.46141938255721,True,1.0,True,11000000000.0,True
2026,B,2450,1780505400.0,True,201,permission_denied,16,False,0.0,29.0,0.0,3.9316650631473764,True,0.3888583461462846,False,3.9316650631473764,True,1.0,True,15000000000.0,True
2026,B,2451,1780505460.0,True,201,permission_denied,16,False,0.0,26.0,0.0,3.1572750258179187,True,0.40780976508221023,False,3.1572750258179187,True,1.0,True,9000000000.0,True
2026,B,2452,1780505520.0,False,-1,,16,False,0.0,22.0,0.0,-1.9481756975107212,False,0.3886735413529085,False,-1.9481756975107212,False,0.20140271571692986,False,0.14783759117126466,False
2026,B,2453,1780505580.0,False,-1,,16,False,0.0,26.0,0.0,-1.5470675557670264,False,0.3845029248784302,False,-1.5470675557670264,False,0.19345838717882127,False,0.17490148544311523,False
2026,B,2454,1780505640.0,False,-1,,16,False,1.0,35.0,0.0,-0.24590966775438883,False,0.627175476694343,False,-0.24590966775438883,False,0.00014252955026771067,False,0.19473266601562497,False
2026,B,2455,1780505700.0,False,-1,,16,False,0.0,30.0,0.0,-1.6565165600081766,False,0.38247184193588124,False,-1.6565165600081766,False,0.1871529693873599,False,0.17477018833160402,False
2026,B,2456,1780505760.0,False,-1,,16,False,0.0,30.0,0.0,-1.4025997013956806,False,0.38801946345011445,False,-1.4025997013956806,False,0.1871529693873599,False,0.1593806028366089,False
2026,B,2457,1780505820.0,False,-1,,16,False,0.0,30.0,0.0,-1.0459461053273627,False,0.39950572922917765,False,-1.0459461053273627,False,0.1871529693873599,False,0.15365359783172608,False
2026,B,2458,1780505880.0,False,-1,,16,False,0.0,34.0,0.0,-1.2539408838545283,False,0.40380420399647293,False,-1.2539408838545283,False,0.1819845262378267,False,0.148651123046875,False
2026,B,2459,1780505940.0,True,202,resource_exhaustion,16,False,2.0,33.0,0.0,5.424816825084396,True,0.683531567617596,False,5.424816825084396,True,1.0,True,3000000000.0,True
2026,B,2460,1780506000.0,True,202,resource_exhaustion,16,False,1.0,38.0,0.0,5.424816825084396,True,0.6905122345362915,False,5.424816825084396,True,1.0,True,999999999.9999999,True
2026,B,2461,1780506060.0,True,202,resource_exhaustion,16,False,3.0,26.0,0.0,5.424816825084396,True,0.6861113705688382,False,5.424816825084396,True,1.0,True,3000000000.0,True
2026,B,2462,1780506120.0,False,-1,,16,False,0.0,41.0,0.0,-1.0109801908351121,False,0.46682915774113043,False,-1.0109801908351121,False,0.1748051866130104,False,0.18682050704956057,False
2026,B,2463,1780506180.0,False,-1,,16,False,1.0,32.0,0.0,-0.5153478048573685,False,0.6107020448521099,False,-0.5153478048573685,False,0.00013395000627085973,False,0.16681900024414062,False
2026,B,2464,1780506240.0,False,-1,,16,False,0.0,28.0,0.0,-0.5254005463101796,False,0.4351416943920899,False,-0.5254005463101796,False,0.17577784186596931,False,0.1451021671295166,False
2026,B,2465,1780506300.0,False,-1,,16,False,0.0,30.0,0.0,-1.604664138080171,False,0.3825726181228393,False,-1.604664138080171,False,0.1871529693873599,False,0.15985243320465087,False
2026,B,2466,1780506360.0,False,-1,,16,False,0.0,31.0,0.0,-1.3102628632270026,False,0.38963558219662153,False,-1.3102628632270026,False,0.18576878440398611,False,0.1567635536193848,False
2026,B,2467,1780506420.0,False,-1,,16,False,0.0,25.0,0.0,-0.8295058480658604,False,0.4203442164003891,False,-0.8295058480658604,False,0.19526502570377902,False,0.12728776931762695,False
2026,B,2468,1780506480.0,False,-1,,16,False,0.0,30.0,0.0,-1.8038187391139777,False,0.38103652015740014,False,-1.8038187391139777,False,0.1871529693873599,False,0.17626004219055175,False
2026,B,2469,1780506540.0,True,203,resource_exhaustion,16,False,5.0,37.0,0.0,5.424816825084396,True,0.6859401077045707,False,5.424816825084396,True,1.0,True,6000000000.0,True
2026,B,2470,1780506600.0,True,203,resource_exhaustion,16,False,4.0,27.0,0.0,5.424816825084396,True,0.6870525669917377,False,5.424816825084396,True,1.0,True,3999999999.9999995,True
2026,B,2471,1780506660.0,True,203,resource_exhaustion,16,False,5.0,29.0,0.0,5.424816825084396,True,0.6836770185398784,False,5.424816825084396,True,1.0,True,3999999999.9999995,True
2026,B,2472,1780506720.0,True,203,resource_exhaustion,16,False,1.0,28.0,0.0,5.424816825084396,True,0.6774282702469302,False,5.424816825084396,True,1.0,True,1999999999.9999998,True
2026,B,2473,1780506780.0,False,-1,,17,False,0.0,28.0,0.0,-1.4629104039400076,False,0.3838130539255904,False,-1.4629104039400076,False,0.19013814265818824,False,0.1650865077972412,False
2026,B,2474,1780506840.0,False,-1,,17,False,0.0,32.0,0.0,-0.8917630054536394,False,0.4124195223019798,False,-0.8917630054536394,False,0.18444920793487726,False,0.143405556678772,False
2026,B,2475,1780506900.0,False,-1,,17,False,0.0,36.0,0.0,0.5130298896011718,False,0.4860781296463721,False,0.5130298896011718,False,0.17972502190674433,False,0.13467323780059812,False
2026,B,2476,1780506960.0,False,-1,,17,False,0.0,26.0,0.0,-2.069610781062032,False,0.3792252346859716,False,-2.069610781062032,False,0.19345838717882127,False,0.18017232418060303,False
2026,B,2477,1780507020.0,False,-1,,17,False,0.0,37.0,0.0,-1.225811429265903,False,0.42862809818586967,False,-1.225811429265903,False,0.178663406722125,False,0.15529451370239258,False
2026,B,2478,1780507080.0,False,-1,,17,False,0.0,27.0,0.0,-1.467677640925845,False,0.38047181302383515,False,-1.467677640925845,False,0.1917524814136692,False,0.16520848274230954,False
2026,B,2479,1780507140.0,False,-1,,17,False,0.0,27.0,0.0,-2.024884769983327,False,0.38342532166947063,False,-2.024884769983327,False,0.1917524814136692,False,0.17843842506408691,False
2026,B,2480,1780507200.0,False,-1,,17,True,2.0,251.0,0.0,4.961742497980408,True,0.7551329249245806,True,4.961742497980408,True,1.3494815726514393e-05,False,0.16829848289489746,False
2026,B,2481,1780507260.0,False,-1,,17,True,0.0,298.0,0.0,0.7838215717122283,True,0.719786538081603,True,0.7838215717122283,True,0.12576952829478888,False,0.1688493967056271,False
2026,B,2482,1780507320.0,True,204,config_error,17,True,0.0,78.0,0.0,5.346930326830502,True,0.5686280618745378,False,5.346930326830502,True,1.0,True,69000000000.0,True
2026,B,2483,1780507380.0,True,204,config_error,17,False,0.0,29.0,0.0,5.002987401132051,True,0.4189351403938581,False,5.002987401132051,True,1.0,True,26000000000.0,True
2026,B,2484,1780507440.0,True,204,config_error,17,False,0.0,31.0,0.0,2.099906832638744,True,0.38794836729746135,False,2.099906832638744,True,1.0,True,6000000000.0,True
2026,B,2485,1780507500.0,False,-1,,17,False,0.0,23.0,0.0,-1.5666301535402294,False,0.3911653079942919,False,-1.5666301535402294,False,0.1992241207700216,False,0.14574108123779297,False
2026,B,2486,1780507560.0,False,-1,,17,False,0.0,32.0,0.0,-1.5902895832634805,False,0.4004454869167692,False,-1.5902895832634805,False,0.18444920793487726,False,0.16941027641296394,False
2026,B,2487,1780507620.0,False,-1,,17,False,0.0,32.0,0.0,-1.511290182456774,False,0.3862005707514405,False,-1.511290182456774,False,0.18444920793487726,False,0.16302409172058105,False
2026,B,2488,1780507680.0,False,-1,,17,False,0.0,34.0,0.0,-0.2696062291705763,False,0.4349084081717392,False,-0.2696062291705763,False,0.1819845262378267,False,0.14573469161987304,False
2026,B,2489,1780507740.0,False,-1,,17,False,0.0,27.0,0.0,-1.6415125297869357,False,0.3765215476080468,False,-1.6415125297869357,False,0.1917524814136692,False,0.15992612838745118,False
2026,B,2490,1780507800.0,False,-1,,17,False,0.0,25.0,0.0,-1.259229156444377,False,0.3889021791332409,False,-1.259229156444377,False,0.19526502570377902,False,0.14227418899536132,False
2026,B,2491,1780507860.0,True,205,config_error,17,False,0.0,42.0,0.0,4.616103781668442,True,0.4623043719428728,False,4.616103781668442,True,1.0,True,23000000000.0,True
2026,B,2492,1780507920.0,True,205,config_error,17,False,0.0,26.0,0.0,5.1297951033043665,True,0.4181560054439895,False,5.1297951033043665,True,1.0,True,25000000000.0,True
2026,B,2493,1780507980.0,True,205,config_error,17,False,0.0,32.0,0.0,4.4188887630916005,True,0.45493916828994707,False,4.4188887630916005,True,1.0,True,16999999999.999998,True
2026,B,2494,1780508040.0,False,-1,,17,False,0.0,33.0,0.0,-1.1610138594715087,False,0.39918474663677633,False,-1.1610138594715087,False,0.18318927131306834,False,0.15139989852905275,False
2026,B,2495,1780508100.0,False,-1,,17,False,0.0,31.0,0.0,-1.7284069567058404,False,0.3912010524633285,False,-1.7284069567058404,False,0.18576878440398611,False,0.16808772087097168,False
2026,B,2496,1780508160.0,False,-1,,17,False,0.0,28.0,0.0,-1.7472993998106912,False,0.37925484678170207,False,-1.7472993998106912,False,0.19013814265818824,False,0.15347130298614503,False
2026,B,2497,1780508220.0,False,-1,,17,False,0.0,29.0,0.0,-1.579620096077691,False,0.39013344077591283,False,-1.579620096077691,False,0.18860733281442676,False,0.1567744255065918,False
2026,B,2498,1780508280.0,False,-1,,17,False,0.0,29.0,0.0,-1.5766215874217764,False,0.39373669957706087,False,-1.5766215874217764,False,0.18860733281442676,False,0.19514789581298825,False
2026,B,2499,1780508340.0,False,-1,,17,False,0.0,27.0,0.0,-1.812186310437502,False,0.38125766661484317,False,-1.812186310437502,False,0.1917524814136692,False,0.15897150039672847,False
2026,B,2500,1780508400.0,False,-1,,17,False,0.0,38.0,0.0,-0.7949568360362074,False,0.4333751857153752,False,-0.7949568360362074,False,0.17764318080360325,False,0.1526988029479981,False
2026,B,2501,1780508460.0,False,-1,,17,False,0.0,32.0,0.0,-1.222627680182871,False,0.4141883823139058,False,-1.222627680182871,False,0.18444920793487726,False,0.1840878486633301,False
2026,B,2502,1780508520.0,False,-1,,17,False,0.0,27.0,0.0,-0.7067938139654597,False,0.4299581314087019,False,-0.7067938139654597,False,0.1917524814136692,False,0.13343400955200194,False
2026,B,2503,1780508580.0,False,-1,,17,False,0.0,37.0,0.0,-1.4269491598384345,False,0.42790729381478615,False,-1.4269491598384345,False,0.178663406722125,False,0.17416582107543946,False
2026,B,2504,1780508640.0,True,206,permission_denied,17,False,0.0,40.0,0.0,2.5993358052347935,True,0.4483682284962908,False,2.5993358052347935,True,1.0,True,6000000000.0,True
2026,B,2505,1780508700.0,True,206,permission_denied,17,False,0.0,30.0,0.0,3.3857297771291437,True,0.38070069923981187,False,3.3857297771291437,True,1.0,True,11000000000.0,True
2026,B,2506,1780508760.0,True,206,permission_denied,17,False,0.0,20.0,0.0,2.6755898275686962,True,0.4105916089309415,False,2.6755898275686962,True,1.0,True,7999999999.999999,True
2026,B,2507,1780508820.0,True,206,permission_denied,17,False,0.0,21.0,0.0,-1.1893903407495525,False,0.3901489429399049,False,-1.1893903407495525,False,1.0,True,999999999.9999999,True
2026,B,2508,1780508880.0,False,-1,,17,False,0.0,32.0,0.0,-1.6019985092135984,False,0.3859661479138605,False,-1.6019985092135984,False,0.18444920793487726,False,0.16588151454925537,False
2026,B,2509,1780508940.0,False,-1,,17,False,0.0,33.0,0.0,-0.12505442913690246,False,0.4269309698236141,False,-0.12505442913690246,False,0.18318927131306834,False,0.1329486846923828,False
2026,B,2510,1780509000.0,False,-1,,17,False,1.0,26.0,0.0,-0.2659024337587752,False,0.6042274199606691,False,-0.2659024337587752,False,8.423149903245218e-05,False,0.1682072877883911,False
2026,B,2511,1780509060.0,False,-1,,17,False,0.0,31.0,0.0,-1.7858045748595552,False,0.38621563253113056,False,-1.7858045748595552,False,0.18576878440398611,False,0.1653649806976318,False
2026,B,2512,1780509120.0,False,-1,,17,False,0.0,39.0,0.0,-0.3905514012459621,False,0.4563713576157062,False,-0.3905514012459621,False,0.1766616625442775,False,0.14382901191711425,False
2026,B,2513,1780509180.0,True,207,dependency_timeout,17,False,1.0,27.0,0.0,5.424816825084396,True,0.6421166334767539,False,5.424816825084396,True,1.0,True,9000000000.0,True
2026,B,2514,1780509240.0,True,207,dependency_timeout,17,False,4.0,32.0,0.0,5.424816825084396,True,0.66453631689999,False,5.424816825084396,True,1.0,True,10000000000.0,True
2026,B,2515,1780509300.0,True,207,dependency_timeout,17,False,3.0,24.0,0.0,5.424816825084396,True,0.6706508190298515,False,5.424816825084396,True,1.0,True,11000000000.0,True
2026,B,2516,1780509360.0,True,207,dependency_timeout,17,False,2.0,35.0,0.0,5.424816825084396,True,0.6651385116787474,False,5.424816825084396,True,1.0,True,11000000000.0,True
2026,B,2517,1780509420.0,True,207,dependency_timeout,17,False,0.0,38.0,0.0,5.424816825084396,True,0.5184010414542596,False,5.424816825084396,True,1.0,True,999999999.9999999,True
2026,B,2518,1780509480.0,False,-1,,17,False,0.0,23.0,0.0,-1.6294539626180287,False,0.3810249089172838,False,-1.6294539626180287,False,0.1992241207700216,False,0.1422576427459717,False
2026,B,2519,1780509540.0,False,-1,,17,False,0.0,36.0,0.0,-0.8259918158788082,False,0.4270387363378723,False,-0.8259918158788082,False,0.17972502190674433,False,0.14222311973571775,False
2026,B,2520,1780509600.0,False,-1,,17,False,0.0,26.0,0.0,-1.875477563891697,False,0.3711772760394892,False,-1.875477563891697,False,0.19345838717882127,False,0.1524186134338379,False
2026,B,2521,1780509660.0,False,-1,,17,False,0.0,37.0,0.0,-0.6152537919919894,False,0.437563071160375,False,-0.6152537919919894,False,0.178663406722125,False,0.14421701431274414,False
2026,B,2522,1780509720.0,False,-1,,17,False,0.0,18.0,0.0,-1.1676627749113315,False,0.4073552358222016,False,-1.1676627749113315,False,0.21186550166449922,False,0.1606611728668213,False
2026,B,2523,1780509780.0,True,208,permission_denied,17,False,0.0,26.0,0.0,0.42261148463266807,False,0.3765085711388099,False,0.42261148463266807,False,1.0,True,3000000000.0,True
2026,B,2524,1780509840.0,True,208,permission_denied,17,False,0.0,21.0,0.0,3.491550604383156,True,0.40334517857209984,False,3.491550604383156,True,1.0,True,11000000000.0,True
2026,B,2525,1780509900.0,True,208,permission_denied,17,False,0.0,19.0,0.0,2.3851697688660396,True,0.4295487105919817,False,2.3851697688660396,True,1.0,True,6000000000.0,True
2026,B,2526,1780509960.0,True,208,permission_denied,17,False,0.0,32.0,0.0,2.0988935347731394,True,0.4234434058543541,False,2.0988935347731394,True,1.0,True,5000000000.0,True
2026,B,2527,1780510020.0,False,-1,,17,False,1.0,27.0,0.0,-0.6066581606311994,False,0.6130903371645023,False,-0.6066581606311994,False,9.04698609896914e-05,False,0.1903041839599609,False
2026,B,2528,1780510080.0,False,-1,,17,False,0.0,24.0,0.0,-0.762272269438748,False,0.40220037560140937,False,-0.762272269438748,False,0.19718290174713954,False,0.13653454780578614,False
2026,B,2529,1780510140.0,False,-1,,17,False,0.0,39.0,0.0,-0.3558877663411977,False,0.44992062856785153,False,-0.3558877663411977,False,0.1766616625442775,False,0.1772542476654052,False
2026,B,2530,1780510200.0,False,-1,,17,False,0.0,31.0,0.0,-1.5446652874874225,False,0.3963803383602761,False,-1.5446652874874225,False,0.18576878440398611,False,0.15771937370300293,False
2026,B,2531,1780510260.0,False,-1,,17,False,0.0,27.0,0.0,-1.7376352014364134,False,0.38368936884405347,False,-1.7376352014364134,False,0.1917524814136692,False,0.17702932357788081,False
2026,B,2532,1780510320.0,False,-1,,17,False,0.0,36.0,0.0,-1.4360086287732692,False,0.4237669247615756,False,-1.4360086287732692,False,0.17972502190674433,False,0.18326485157012928,False
2026,B,2533,1780510380.0,True,209,config_error,17,False,0.0,22.0,0.0,2.3227794681336427,True,0.40438633205434754,False,2.3227794681336427,True,1.0,True,6000000000.0,True
2026,B,2534,1780510440.0,True,209,config_error,17,False,0.0,23.0,0.0,4.722085231760444,True,0.4188679022252784,False,4.722085231760444,True,1.0,True,20000000000.0,True
2026,B,2535,1780510500.0,True,209,config_error,17,False,0.0,39.0,0.0,5.209267611463246,True,0.46779386651629057,False,5.209267611463246,True,1.0,True,36000000000.0,True
2026,B,2536,1780510560.0,False,-1,,17,False,0.0,23.0,0.0,-1.80602317750962,False,0.3828881086764759,False,-1.80602317750962,False,0.1992241207700216,False,0.15837507247924806,False
2026,B,2537,1780510620.0,False,-1,,17,False,0.0,32.0,0.0,-1.3758049766456795,False,0.40922830950242384,False,-1.3758049766456795,False,0.18444920793487726,False,0.16035525798797612,False
2026,B,2538,1780510680.0,False,-1,,17,False,0.0,30.0,0.0,-1.3161034307121025,False,0.4088482604441065,False,-1.3161034307121025,False,0.1871529693873599,False,0.1580609798431397,False
2026,B,2539,1780510740.0,False,-1,,17,False,0.0,29.0,0.0,-1.8319768520787472,False,0.3754333989329342,False,-1.8319768520787472,False,0.18860733281442676,False,0.16108484268188478,False
2026,B,2540,1780510800.0,False,-1,,17,False,0.0,36.0,0.0,-1.4903396241707405,False,0.4149329728684009,False,-1.4903396241707405,False,0.17972502190674433,False,0.16660416126251218,False
2026,B,2541,1780510860.0,False,-1,,17,False,0.0,37.0,0.0,-1.3343215538444024,False,0.41997066491023133,False,-1.3343215538444024,False,0.178663406722125,False,0.1607797622680664,False
2026,B,2542,1780510920.0,False,-1,,17,False,1.0,30.0,0.0,0.38026767355478697,False,0.6258440523993575,False,0.38026767355478697,False,0.00010962067065802088,False,0.13105988502502441,False
2026,B,2543,1780510980.0,True,210,resource_exhaustion,17,False,1.0,21.0,0.0,5.424816825084396,True,0.6766691792094779,False,5.424816825084396,True,1.0,True,1999999999.9999998,True
2026,B,2544,1780511040.0,True,210,resource_exhaustion,17,False,4.0,28.0,0.0,5.424816825084396,True,0.6845181865844925,False,5.424816825084396,True,1.0,True,3999999999.9999995,True
2026,B,2545,1780511100.0,True,210,resource_exhaustion,17,False,3.0,30.0,0.0,5.424816825084396,True,0.6827085976030589,False,5.424816825084396,True,1.0,True,3000000000.0,True
2026,B,2546,1780511160.0,True,210,resource_exhaustion,17,False,4.0,27.0,0.0,5.424816825084396,True,0.6870525669917377,False,5.424816825084396,True,1.0,True,3999999999.9999995,True
2026,B,2547,1780511220.0,False,-1,,17,False,0.0,32.0,0.0,-1.5540317896470972,False,0.40071439698258543,False,-1.5540317896470972,False,0.18444920793487726,False,0.16906147003173833,False
2026,B,2548,1780511280.0,False,-1,,17,False,0.0,29.0,0.0,-1.7975130084571944,False,0.38095764669352955,False,-1.7975130084571944,False,0.18860733281442676,False,0.15913801193237304,False
2026,B,2549,1780511340.0,False,-1,,17,False,0.0,26.0,0.0,-1.394391379234813,False,0.3854691531399757,False,-1.394391379234813,False,0.19345838717882127,False,0.16229510307312012,False
2026,B,2550,1780511400.0,False,-1,,17,False,0.0,25.0,0.0,-1.5430767921034558,False,0.4222994927219522,False,-1.5430767921034558,False,0.19526502570377902,False,0.21389389038085915,False
2026,B,2551,1780511460.0,False,-1,,17,False,0.0,27.0,0.0,-1.8066752413994571,False,0.3860769792342756,False,-1.8066752413994571,False,0.1917524814136692,False,0.17050671577453613,False
2026,B,2552,1780511520.0,False,-1,,17,False,0.0,22.0,0.0,-1.8002003142511356,False,0.39795424017693953,False,-1.8002003142511356,False,0.20140271571692986,False,0.1644732475280761,False
2026,B,2553,1780511580.0,False,-1,,17,False,0.0,18.0,0.0,-1.7513286249098172,False,0.39185721627635867,False,-1.7513286249098172,False,0.21186550166449922,False,0.13512456417083737,False
2026,B,2554,1780511640.0,False,-1,,17,False,0.0,36.0,0.0,-1.0048739736174888,False,0.41802933909863194,False,-1.0048739736174888,False,0.17972502190674433,False,0.15352749824523923,False
2026,B,2555,1780511700.0,False,-1,,17,False,0.0,23.0,0.0,-1.5368880628299832,False,0.39361591848188376,False,-1.5368880628299832,False,0.1992241207700216,False,0.15298681259155278,False
2026,B,2556,1780511760.0,True,211,dependency_timeout,17,False,1.0,26.0,0.0,5.424816825084396,True,0.6405108022712298,False,5.424816825084396,True,1.0,True,1999999999.9999998,True
2026,B,2557,1780511820.0,True,211,dependency_timeout,17,False,2.0,25.0,0.0,5.424816825084396,True,0.6692057851040832,False,5.424816825084396,True,1.0,True,10000000000.0,True
2026,B,2558,1780511880.0,True,211,dependency_timeout,17,False,5.0,29.0,0.0,5.424816825084396,True,0.6675061201741636,False,5.424816825084396,True,1.0,True,14000000000.0,True
2026,B,2559,1780511940.0,True,211,dependency_timeout,17,False,0.0,31.0,0.0,5.424816825084396,True,0.4684913670040783,False,5.424816825084396,True,1.0,True,5000000000.0,True
2026,B,2560,1780512000.0,False,-1,,17,False,0.0,24.0,0.0,-1.9665395640018994,False,0.3824846966276477,False,-1.9665395640018994,False,0.19718290174713954,False,0.17039787769317627,False
2026,B,2561,1780512060.0,False,-1,,17,False,0.0,19.0,0.0,-2.287998680307651,False,0.3904803551199437,False,-2.287998680307651,False,0.2089414702524605,False,0.16294436454772948,False
2026,B,2562,1780512120.0,False,-1,,17,False,0.0,26.0,0.0,-1.601894676866773,False,0.3757976535860957,False,-1.601894676866773,False,0.19345838717882127,False,0.15654385089874268,False
2026,B,2563,1780512180.0,False,-1,,17,False,0.0,26.0,0.0,-1.9749276665500348,False,0.38547281373958536,False,-1.9749276665500348,False,0.19345838717882127,False,0.1722562313079834,False
2026,B,2564,1780512240.0,False,-1,,17,False,0.0,22.0,0.0,-2.0126112360920008,False,0.38066361082347,False,-2.0126112360920008,False,0.20140271571692986,False,0.14961669445037842,False
2026,B,2565,1780512300.0,False,-1,,17,False,0.0,27.0,0.0,-1.400310408205879,False,0.40039895298134176,False,-1.400310408205879,False,0.1917524814136692,False,0.19472608566284172,False
2026,B,2566,1780512360.0,False,-1,,17,False,0.0,23.0,0.0,-1.1821391399274983,False,0.40583374901024993,False,-1.1821391399274983,False,0.1992241207700216,False,0.13806824684143065,False
2026,B,2567,1780512420.0,False,-1,,17,False,0.0,24.0,0.0,-1.867498648402746,False,0.3785282226085714,False,-1.867498648402746,False,0.19718290174713954,False,0.1542715072631836,False
2026,B,2568,1780512480.0,False,-1,,17,False,0.0,34.0,0.0,-0.9936894748112977,False,0.4259408219759992,False,-0.9936894748112977,False,0.1819845262378267,False,0.1861735105514526,False
2026,B,2569,1780512540.0,False,-1,,17,True,0.0,38.0,0.0,-0.5852198752591544,False,0.45659239705357363,False,-0.5852198752591544,False,0.17764318080360325,False,0.16525847911834723,False
2026,B,2570,1780512600.0,True,212,dependency_timeout,17,True,17.0,267.0,1.0,5.424816825084396,True,0.7758546930417705,True,5.424816825084396,True,1.0,True,79000000000.0,True
2026,B,2571,1780512660.0,True,212,dependency_timeout,17,True,22.0,271.0,1.0,5.424816825084396,True,0.7827089171169499,True,5.424816825084396,True,1.0,True,112000000000.0,True
2026,B,2572,1780512720.0,True,212,dependency_timeout,17,False,0.0,25.0,0.0,5.424816825084396,True,0.5261338572896658,False,5.424816825084396,True,1.0,True,9000000000.0,True
2026,B,2573,1780512780.0,True,212,dependency_timeout,17,False,1.0,34.0,0.0,5.424816825084396,True,0.6410786706991967,False,5.424816825084396,True,1.0,True,9000000000.0,True
2026,B,2574,1780512840.0,False,-1,,17,False,0.0,36.0,0.0,-1.2891984790610787,False,0.42679511737512205,False,-1.2891984790610787,False,0.17972502190674433,False,0.1715816259384155,False
2026,B,2575,1780512900.0,False,-1,,17,False,0.0,34.0,0.0,-0.9796976635898318,False,0.437775768811756,False,-0.9796976635898318,False,0.1819845262378267,False,0.16044964790344238,False
2026,B,2576,1780512960.0,False,-1,,17,False,0.0,40.0,0.0,-1.2582790209418562,False,0.4493413561220926,False,-1.2582790209418562,False,0.17571640844950012,False,0.17302052974700927,False
2026,B,2577,1780513020.0,False,-1,,17,False,0.0,29.0,0.0,-0.6763462472925577,False,0.42493533998211525,False,-0.6763462472925577,False,0.18860733281442676,False,0.13210983276367189,False
2026,B,2578,1780513080.0,False,-1,,17,False,0.0,23.0,0.0,-1.9113013682881617,False,0.384749395683924,False,-1.9113013682881617,False,0.1992241207700216,False,0.15344367027282715,False
2026,B,2579,1780513140.0,False,-1,,17,False,0.0,19.0,0.0,-1.473885622334505,False,0.409845665138399,False,-1.473885622334505,False,0.2089414702524605,False,0.1504413604736328,False
2026,B,2580,1780513200.0,True,213,permission_denied,17,False,0.0,31.0,0.0,3.4760945483223638,True,0.4123629119460521,False,3.4760945483223638,True,1.0,True,9000000000.0,True
2026,B,2581,1780513260.0,True,213,permission_denied,17,False,0.0,28.0,0.0,2.8438665970307557,True,0.40660392590688677,False,2.8438665970307557,True,1.0,True,7000000000.0,True
2026,B,2582,1780513320.0,True,213,permission_denied,17,False,0.0,24.0,0.0,2.953341613105307,True,0.41045014966565974,False,2.953341613105307,True,1.0,True,7999999999.999999,True
2026,B,2583,1780513380.0,True,213,permission_denied,17,False,0.0,25.0,0.0,1.9018263290822337,True,0.44728914139033094,False,1.9018263290822337,True,1.0,True,5000000000.0,True
2026,B,2584,1780513440.0,True,213,permission_denied,17,False,0.0,19.0,0.0,-0.35454041823089355,False,0.3845369625971782,False,-0.35454041823089355,False,1.0,True,1999999999.9999998,True
2026,B,2585,1780513500.0,False,-1,,17,False,0.0,23.0,0.0,-1.8103173504658692,False,0.3807006903305892,False,-1.8103173504658692,False,0.1992241207700216,False,0.15551271438598635,False
2026,B,2586,1780513560.0,False,-1,,17,False,0.0,29.0,0.0,-1.3086980528840622,False,0.4035058978369236,False,-1.3086980528840622,False,0.18860733281442676,False,0.1811079978942871,False
2026,B,2587,1780513620.0,False,-1,,17,False,0.0,22.0,0.0,-1.4269121397705709,False,0.3870269571177681,False,-1.4269121397705709,False,0.20140271571692986,False,0.1384509801864624,False
2026,B,2588,1780513680.0,False,-1,,17,False,0.0,26.0,0.0,-0.2199718376945956,False,0.4342129289063389,False,-0.2199718376945956,False,0.19345838717882127,False,0.12315630912780762,False
2026,B,2589,1780513740.0,False,-1,,17,False,0.0,23.0,0.0,-1.590864872388508,False,0.3934384104020956,False,-1.590864872388508,False,0.1992241207700216,False,0.1377806663513184,False
2026,B,2590,1780513800.0,False,-1,,17,False,0.0,31.0,0.0,-1.4733412019366892,False,0.38888236788640806,False,-1.4733412019366892,False,0.18576878440398611,False,0.15025949478149414,False
2026,B,2591,1780513860.0,False,-1,,17,False,0.0,23.0,0.0,-1.8751652688791491,False,0.38726647025373045,False,-1.8751652688791491,False,0.1992241207700216,False,0.1577906131744385,False
2026,B,2592,1780513920.0,False,-1,,17,False,0.0,28.0,0.0,-1.6791951443669246,False,0.3871139106322133,False,-1.6791951443669246,False,0.19013814265818824,False,0.187125039100647,False
2026,B,2593,1780513980.0,False,-1,,17,False,1.0,28.0,0.0,-0.0008808391490591205,False,0.6094117588699237,False,-0.0008808391490591205,False,9.678683370321872e-05,False,0.15611510276794435,False
2026,B,2594,1780514040.0,True,214,resource_exhaustion,17,False,2.0,20.0,0.0,5.424816825084396,True,0.673331952881392,False,5.424816825084396,True,1.0,True,3000000000.0,True
2026,B,2595,1780514100.0,True,214,resource_exhaustion,17,False,3.0,30.0,0.0,5.424816825084396,True,0.6824776810168516,False,5.424816825084396,True,1.0,True,3000000000.0,True
2026,B,2596,1780514160.0,True,214,resource_exhaustion,17,False,5.0,29.0,0.0,5.424816825084396,True,0.6849232908484753,False,5.424816825084396,True,1.0,True,5000000000.0,True
2026,B,2597,1780514220.0,True,214,resource_exhaustion,17,False,4.0,22.0,0.0,5.424816825084396,True,0.685735819717833,False,5.424816825084396,True,1.0,True,3999999999.9999995,True
2026,B,2598,1780514280.0,False,-1,,17,False,0.0,13.0,0.0,-1.991941970332701,False,0.4052342033981561,False,-1.991941970332701,False,0.2312761519565593,False,0.17319555282592766,False
2026,B,2599,1780514340.0,False,-1,,17,False,0.0,31.0,0.0,-1.5867568990369705,False,0.3846370081934298,False,-1.5867568990369705,False,0.18576878440398611,False,0.16533541679382324,False
2026,B,2600,1780514400.0,False,-1,,17,False,1.0,36.0,0.0,-0.04018300696221644,False,0.6212412166620629,False,-0.04018300696221644,False,0.0001492049965595595,False,0.1590204238891601,False
2026,B,2601,1780514460.0,False,-1,,17,False,0.0,18.0,0.0,-1.5974263495837473,False,0.3952408702664585,False,-1.5974263495837473,False,0.21186550166449922,False,0.15387976169586176,False
2026,B,2602,1780514520.0,False,-1,,17,False,0.0,18.0,0.0,-0.8887820838295424,False,0.4581079596364363,False,-0.8887820838295424,False,0.21186550166449922,False,0.2388468742370604,False
2026,B,2603,1780514580.0,False,-1,,17,False,0.0,22.0,0.0,-1.5603054306618338,False,0.3935358697871456,False,-1.5603054306618338,False,0.20140271571692986,False,0.14358725547790527,False
2026,B,2604,1780514640.0,False,-1,,17,False,0.0,24.0,0.0,-1.1615329434309283,False,0.41213161102555135,False,-1.1615329434309283,False,0.19718290174713954,False,0.1367978572845459,False
2026,B,2605,1780514700.0,False,-1,,17,False,0.0,28.0,0.0,-1.96190066344308,False,0.38276877279853244,False,-1.96190066344308,False,0.19013814265818824,False,0.17753226757049562,False
2026,B,2606,1780514760.0,True,215,resource_exhaustion,17,False,0.0,28.0,0.0,5.424816825084396,True,0.4576257636399335,False,5.424816825084396,True,0.19013814265818824,False,0.17526488304138182,False
2026,B,2607,1780514820.0,True,215,resource_exhaustion,17,False,3.0,31.0,0.0,5.424816825084396,True,0.6836330455194473,False,5.424816825084396,True,1.0,True,3000000000.0,True
2026,B,2608,1780514880.0,True,215,resource_exhaustion,17,False,5.0,15.0,0.0,5.424816825084396,True,0.716352046767118,True,5.424816825084396,True,1.0,True,7000000000.0,True
2026,B,2609,1780514940.0,True,215,resource_exhaustion,17,False,2.0,22.0,0.0,5.424816825084396,True,0.6522844667805607,False,5.424816825084396,True,1.8469139412518237e-08,False,0.2216610431671142,False
2026,B,2610,1780515000.0,False,-1,,18,False,0.0,31.0,0.0,-1.6011874811322082,False,0.3814591980615102,False,-1.6011874811322082,False,0.18576878440398611,False,0.1539947986602783,False
2026,B,2611,1780515060.0,False,-1,,18,False,0.0,19.0,0.0,-2.014997941173905,False,0.40194708254367617,False,-2.014997941173905,False,0.2089414702524605,False,0.16454782485961914,False
2026,B,2612,1780515120.0,False,-1,,18,False,0.0,19.0,0.0,-2.2475688069479416,False,0.3896128763232144,False,-2.2475688069479416,False,0.2089414702524605,False,0.17876849174499512,False
2026,B,2613,1780515180.0,False,-1,,18,False,0.0,29.0,0.0,-1.1603453820722018,False,0.38141336849097973,False,-1.1603453820722018,False,0.18860733281442676,False,0.1499238014221191,False
2026,B,2614,1780515240.0,False,-1,,18,False,0.0,31.0,0.0,-1.6539190715703356,False,0.39537765755746723,False,-1.6539190715703356,False,0.18576878440398611,False,0.1688525676727295,False
2026,B,2615,1780515300.0,True,216,resource_exhaustion,18,False,2.0,32.0,0.0,5.424816825084396,True,0.6774389196879814,False,5.424816825084396,True,1.0,True,3000000000.0,True
2026,B,2616,1780515360.0,True,216,resource_exhaustion,18,False,3.0,21.0,0.0,5.424816825084396,True,0.6865884062137642,False,5.424816825084396,True,1.0,True,3000000000.0,True
2026,B,2617,1780515420.0,True,216,resource_exhaustion,18,False,3.0,26.0,0.0,5.424816825084396,True,0.6861113705688382,False,5.424816825084396,True,1.0,True,3000000000.0,True
2026,B,2618,1780515480.0,True,216,resource_exhaustion,18,False,1.0,25.0,0.0,5.424816825084396,True,0.6815192399635279,False,5.424816825084396,True,1.0,True,999999999.9999999,True
2026,B,2619,1780515540.0,False,-1,,18,False,0.0,33.0,0.0,-1.0332925262872896,False,0.40552460561129655,False,-1.0332925262872896,False,0.18318927131306834,False,0.1605621337890625,False
2026,B,2620,1780515600.0,False,-1,,18,False,0.0,27.0,0.0,-1.533440721461142,False,0.3810426637376287,False,-1.533440721461142,False,0.1917524814136692,False,0.14411902427673337,False
2026,B,2621,1780515660.0,False,-1,,18,False,0.0,18.0,0.0,-2.0775345980138535,False,0.3989032101765744,False,-2.0775345980138535,False,0.21186550166449922,False,0.18111422061920154,False
2026,B,2622,1780515720.0,False,-1,,18,False,0.0,21.0,0.0,-1.9556245470612144,False,0.41128340089232546,False,-1.9556245470612144,False,0.20373505883050388,False,0.19920730590820315,False
2026,B,2623,1780515780.0,False,-1,,18,False,0.0,23.0,0.0,-1.8458711066163715,False,0.39658805654440693,False,-1.8458711066163715,False,0.1992241207700216,False,0.16916637420654296,False
2026,B,2624,1780515840.0,False,-1,,18,False,0.0,24.0,0.0,-1.4733346445872986,False,0.40431532093081957,False,-1.4733346445872986,False,0.19718290174713954,False,0.1694880962371826,False
2026,B,2625,1780515900.0,False,-1,,18,False,0.0,27.0,0.0,-0.49051339912488867,False,0.4159215810797898,False,-0.49051339912488867,False,0.1917524814136692,False,0.12867608070373535,False
2026,B,2626,1780515960.0,False,-1,,18,False,0.0,27.0,0.0,-1.391078418252091,False,0.37927800106021337,False,-1.391078418252091,False,0.1917524814136692,False,0.15478105545043944,False
2026,B,2627,1780516020.0,False,-1,,18,False,0.0,30.0,0.0,-1.521235588861968,False,0.38338487324772785,False,-1.521235588861968,False,0.1871529693873599,False,0.16719903945922854,False
2026,B,2628,1780516080.0,True,217,dependency_timeout,18,False,4.0,21.0,0.0,5.424816825084396,True,0.6754422582402216,False,5.424816825084396,True,1.0,True,11000000000.0,True
2026,B,2629,1780516140.0,True,217,dependency_timeout,18,False,1.0,20.0,0.0,5.424816825084396,True,0.6733121252464009,False,5.424816825084396,True,1.0,True,7999999999.999999,True
2026,B,2630,1780516200.0,True,217,dependency_timeout,18,False,2.0,18.0,0.0,5.424816825084396,True,0.6757570040647422,False,5.424816825084396,True,1.0,True,10000000000.0,True
2026,B,2631,1780516260.0,True,217,dependency_timeout,18,False,0.0,26.0,0.0,5.424816825084396,True,0.4788257993151916,False,5.424816825084396,True,1.0,True,0.19561901092529294,False
2026,B,2632,1780516320.0,False,-1,,18,False,0.0,28.0,0.0,-1.5820411867535027,False,0.39243071945479113,False,-1.5820411867535027,False,0.19013814265818824,False,0.19324645996093753,False
2026,B,2633,1780516380.0,False,-1,,18,False,0.0,23.0,0.0,-1.849318734521483,False,0.37507957390890706,False,-1.849318734521483,False,0.1992241207700216,False,0.14656682014465333,False
2026,B,2634,1780516440.0,False,-1,,18,False,0.0,27.0,0.0,-1.0791558085516293,False,0.38320220508590697,False,-1.0791558085516293,False,0.1917524814136692,False,0.14815549850463863,False
2026,B,2635,1780516500.0,False,-1,,18,False,0.0,23.0,0.0,-1.8845294470316896,False,0.38763394456119027,False,-1.8845294470316896,False,0.1992241207700216,False,0.15606269836425782,False
2026,B,2636,1780516560.0,False,-1,,18,False,0.0,23.0,0.0,1.3774666172495165,True,0.4866307133905033,False,1.3774666172495165,True,0.1992241207700216,False,0.11591663360595703,False
2026,B,2637,1780516620.0,True,218,dependency_timeout,18,False,2.0,25.0,0.0,5.424816825084396,True,0.6743920428529461,False,5.424816825084396,True,1.0,True,12000000000.0,True
2026,B,2638,1780516680.0,True,218,dependency_timeout,18,False,2.0,27.0,0.0,5.424816825084396,True,0.6691596065255327,False,5.424816825084396,True,1.0,True,15000000000.0,True
2026,B,2639,1780516740.0,True,218,dependency_timeout,18,False,3.0,31.0,0.0,5.424816825084396,True,0.6650999215507224,False,5.424816825084396,True,1.0,True,7000000000.0,True
2026,B,2640,1780516800.0,True,218,dependency_timeout,18,False,0.0,22.0,0.0,-1.8520711798385143,False,0.39337250492088305,False,-1.8520711798385143,False,0.20140271571692986,False,0.15637249946594237,False
2026,B,2641,1780516860.0,False,-1,,18,False,0.0,28.0,0.0,-1.6413583300056835,False,0.37516058077770137,False,-1.6413583300056835,False,0.19013814265818824,False,0.15651578903198243,False
2026,B,2642,1780516920.0,False,-1,,18,False,0.0,29.0,0.0,-1.4765467660271279,False,0.3761957854615726,False,-1.4765467660271279,False,0.18860733281442676,False,0.15214509963989256,False
2026,B,2643,1780516980.0,False,-1,,18,False,0.0,17.0,0.0,-0.6784756689320517,False,0.4163519977970433,False,-0.6784756689320517,False,0.2150452435826018,False,0.157012939453125,False
2026,B,2644,1780517040.0,False,-1,,18,False,0.0,28.0,0.0,-1.4670033704733934,False,0.38051253968141296,False,-1.4670033704733934,False,0.19013814265818824,False,0.16302380561828614,False
2026,B,2645,1780517100.0,False,-1,,18,False,0.0,17.0,0.0,-1.7435580225289913,False,0.39527779905368077,False,-1.7435580225289913,False,0.2150452435826018,False,0.13458728790283203,False
2026,B,2646,1780517160.0,False,-1,,18,False,0.0,23.0,0.0,-1.4312243720682325,False,0.392462966409992,False,-1.4312243720682325,False,0.1992241207700216,False,0.13466129302978516,False
2026,B,2647,1780517220.0,True,219,permission_denied,18,False,0.0,22.0,0.0,1.4815008123298234,True,0.3831952599925128,False,1.4815008123298234,True,1.0,True,5000000000.0,True
2026,B,2648,1780517280.0,True,219,permission_denied,18,False,0.0,30.0,0.0,3.525954901211055,True,0.38482988258342066,False,3.525954901211055,True,1.0,True,12000000000.0,True
2026,B,2649,1780517340.0,True,219,permission_denied,18,False,1.0,37.0,0.0,3.5045817455032378,True,0.6297916475710791,False,3.5045817455032378,True,1.0,True,9000000000.0,True
2026,B,2650,1780517400.0,False,-1,,18,False,0.0,31.0,0.0,-1.6585047213087805,False,0.38165340624577015,False,-1.6585047213087805,False,0.18576878440398611,False,0.16010379791259766,False
2026,B,2651,1780517460.0,False,-1,,18,False,0.0,23.0,0.0,-1.4289043410527613,False,0.3868304279373723,False,-1.4289043410527613,False,0.1992241207700216,False,0.14405550956726076,False
2026,B,2652,1780517520.0,False,-1,,18,False,0.0,26.0,0.0,-0.5616093026478044,False,0.4092590060598129,False,-0.5616093026478044,False,0.19345838717882127,False,0.12674331665039062,False
2026,B,2653,1780517580.0,False,-1,,18,False,0.0,24.0,0.0,-1.995957466552154,False,0.38878178269623265,False,-1.995957466552154,False,0.19718290174713954,False,0.1585296630859375,False
2026,B,2654,1780517640.0,False,-1,,18,False,0.0,20.0,0.0,-2.0766797398888457,False,0.38699983269891103,False,-2.0766797398888457,False,0.20624038581450158,False,0.14761202335357665,False
2026,B,2655,1780517700.0,False,-1,,18,False,0.0,37.0,0.0,-0.8385704775699807,False,0.42766709111053947,False,-0.8385704775699807,False,0.178663406722125,False,0.1437774658203125,False
2026,B,2656,1780517760.0,False,-1,,18,False,0.0,22.0,0.0,-1.1163684376829766,False,0.3962322014244264,False,-1.1163684376829766,False,0.20140271571692986,False,0.1338812828063965,False
2026,B,2657,1780517820.0,False,-1,,18,True,2.0,223.0,0.0,4.930385791518622,True,0.7554888081527906,True,4.930385791518622,True,1.1132576287096478e-05,False,0.17801380157470703,False
2026,B,2658,1780517880.0,False,-1,,18,True,0.0,208.0,0.0,-0.09985376290523185,False,0.7149183221001223,True,-0.09985376290523185,False,0.13205422830612662,False,0.17549586296081546,False
2026,B,2659,1780517940.0,True,220,permission_denied,18,True,0.0,27.0,0.0,3.1138261339905053,True,0.37849077671552334,False,3.1138261339905053,True,1.0,True,10000000000.0,True
2026,B,2660,1780518000.0,True,220,permission_denied,18,False,0.0,33.0,0.0,4.060481209653607,True,0.4026141082425457,False,4.060481209653607,True,1.0,True,15000000000.0,True
2026,B,2661,1780518060.0,True,220,permission_denied,18,False,0.0,29.0,0.0,2.3216259218050017,True,0.379953572838698,False,2.3216259218050017,True,1.0,True,7000000000.0,True
2026,B,2662,1780518120.0,True,220,permission_denied,18,False,0.0,29.0,0.0,-1.564609586067042,False,0.3836779656787436,False,-1.564609586067042,False,0.18860733281442676,False,0.17802686691284175,False
2026,B,2663,1780518180.0,False,-1,,18,False,0.0,16.0,0.0,-2.0572087610673035,False,0.3880572786863065,False,-2.0572087610673035,False,0.21852058284895462,False,0.14474070072174072,False
2026,B,2664,1780518240.0,False,-1,,18,False,0.0,21.0,0.0,-2.112815310797288,False,0.37961714405576236,False,-2.112815310797288,False,0.20373505883050388,False,0.16368770599365237,False
2026,B,2665,1780518300.0,False,-1,,18,False,0.0,17.0,0.0,-2.0998176077563198,False,0.38682239491793463,False,-2.0998176077563198,False,0.2150452435826018,False,0.1535641670227051,False
2026,B,2666,1780518360.0,False,-1,,18,False,0.0,26.0,0.0,-1.6037157225964895,False,0.38679668346516016,False,-1.6037157225964895,False,0.19345838717882127,False,0.17095327377319336,False
2026,B,2667,1780518420.0,False,-1,,18,False,0.0,29.0,0.0,-1.322917237212856,False,0.3826646150698547,False,-1.322917237212856,False,0.18860733281442676,False,0.14280319213867185,False
2026,B,2668,1780518480.0,False,-1,,18,False,0.0,26.0,0.0,-1.1601642757260633,False,0.38231644357122974,False,-1.1601642757260633,False,0.19345838717882127,False,0.15546977519989014,False
2026,B,2669,1780518540.0,False,-1,,18,False,0.0,21.0,0.0,-1.7531408063394762,False,0.3974327058257393,False,-1.7531408063394762,False,0.20373505883050388,False,0.1560759544372559,False
2026,B,2670,1780518600.0,False,-1,,18,False,0.0,16.0,0.0,-1.7498597837493781,False,0.39471932915943087,False,-1.7498597837493781,False,0.21852058284895462,False,0.13915169239044187,False
2026,B,2671,1780518660.0,False,-1,,18,False,0.0,26.0,0.0,-1.7432890238062457,False,0.376346724799024,False,-1.7432890238062457,False,0.19345838717882127,False,0.16626596450805664,False
2026,B,2672,1780518720.0,False,-1,,18,False,0.0,35.0,0.0,-1.107710950708067,False,0.4113291065367502,False,-1.107710950708067,False,0.18083097677659873,False,0.1483630657196044,False
2026,B,2673,1780518780.0,False,-1,,18,False,0.0,17.0,0.0,-1.0046246486333938,False,0.4319698997555873,False,-1.0046246486333938,False,0.2150452435826018,False,0.13561105728149414,False
2026,B,2674,1780518840.0,True,221,resource_exhaustion,18,False,3.0,24.0,0.0,5.424816825084396,True,0.6852396503800366,False,5.424816825084396,True,1.0,True,3000000000.0,True
2026,B,2675,1780518900.0,True,221,resource_exhaustion,18,False,3.0,16.0,0.0,5.424816825084396,True,0.7060963548482299,False,5.424816825084396,True,1.0,True,3000000000.0,True
2026,B,2676,1780518960.0,True,221,resource_exhaustion,18,False,0.0,16.0,0.0,5.424816825084396,True,0.5701795933255265,False,5.424816825084396,True,0.21852058284895462,False,0.2446961402893066,False
2026,B,2677,1780519020.0,False,-1,,18,False,0.0,24.0,0.0,-1.6755280581519942,False,0.4121584041446499,False,-1.6755280581519942,False,0.19718290174713954,False,0.2061819314956665,False
2026,B,2678,1780519080.0,False,-1,,18,False,0.0,23.0,0.0,-0.33413583278080417,False,0.4669100835598562,False,-0.33413583278080417,False,0.1992241207700216,False,0.18670778274536137,False
2026,B,2679,1780519140.0,False,-1,,18,False,0.0,22.0,0.0,-2.083334857997725,False,0.39824422465243675,False,-2.083334857997725,False,0.20140271571692986,False,0.18822307586669923,False
2026,B,2680,1780519200.0,False,-1,,18,False,0.0,23.0,0.0,-1.9849827029638512,False,0.38562084067339675,False,-1.9849827029638512,False,0.1992241207700216,False,0.16040048599243165,False
2026,B,2681,1780519260.0,False,-1,,18,False,0.0,29.0,0.0,-1.5557361486846348,False,0.3829698184979644,False,-1.5557361486846348,False,0.18860733281442676,False,0.16559715270996095,False
2026,B,2682,1780519320.0,False,-1,,18,False,0.0,17.0,0.0,-0.7098493165980289,False,0.4181776112882847,False,-0.7098493165980289,False,0.2150452435826018,False,0.13728952407836914,False
2026,B,2683,1780519380.0,False,-1,,18,False,0.0,20.0,0.0,-2.2332447369655837,False,0.38226813785346997,False,-2.2332447369655837,False,0.20624038581450158,False,0.16407356262207032,False
2026,B,2684,1780519440.0,True,222,dependency_timeout,18,False,1.0,19.0,0.0,5.424816825084396,True,0.5505913157328907,False,5.424816825084396,True,1.0,True,5000000000.0,True
2026,B,2685,1780519500.0,True,222,dependency_timeout,18,False,3.0,20.0,0.0,5.424816825084396,True,0.6735072683148745,False,5.424816825084396,True,1.0,True,7999999999.999999,True
2026,B,2686,1780519560.0,True,222,dependency_timeout,18,False,6.0,28.0,0.0,5.424816825084396,True,0.672473203441477,False,5.424816825084396,True,1.0,True,10000000000.0,True
2026,B,2687,1780519620.0,True,222,dependency_timeout,18,False,0.0,24.0,0.0,5.424816825084396,True,0.5108267875147131,False,5.424816825084396,True,1.0,True,6000000000.0,True
2026,B,2688,1780519680.0,False,-1,,18,False,0.0,23.0,0.0,-1.8162698922123566,False,0.38053782474134956,False,-1.8162698922123566,False,0.1992241207700216,False,0.14340238571166994,False
2026,B,2689,1780519740.0,False,-1,,18,False,0.0,22.0,0.0,-1.5212393276888507,False,0.3929085389875333,False,-1.5212393276888507,False,0.20140271571692986,False,0.16857132911682127,False
2026,B,2690,1780519800.0,False,-1,,18,False,0.0,25.0,0.0,-1.0543781697774683,False,0.3939386462101567,False,-1.0543781697774683,False,0.19526502570377902,False,0.15923767089843746,False
2026,B,2691,1780519860.0,False,-1,,18,False,0.0,18.0,0.0,-1.9881512242896031,False,0.39007645235983407,False,-1.9881512242896031,False,0.21186550166449922,False,0.15873742103576657,False
2026,B,2692,1780519920.0,False,-1,,18,False,0.0,20.0,0.0,-1.4958832482664253,False,0.4355922867308258,False,-1.4958832482664253,False,0.20624038581450158,False,0.212652564048767,False
2026,B,2693,1780519980.0,False,-1,,18,False,0.0,20.0,0.0,-1.5956823664526993,False,0.3895141243800609,False,-1.5956823664526993,False,0.20624038581450158,False,0.15292589664459225,False
2026,B,2694,1780520040.0,True,223,permission_denied,18,False,0.0,33.0,0.0,2.583558011943553,True,0.42479156252380806,False,2.583558011943553,True,1.0,True,7000000000.0,True
2026,B,2695,1780520100.0,True,223,permission_denied,18,False,0.0,15.0,0.0,2.222414958215452,True,0.4277906946315088,False,2.222414958215452,True,1.0,True,6000000000.0,True
2026,B,2696,1780520160.0,True,223,permission_denied,18,False,0.0,18.0,0.0,2.6973944455903047,True,0.44089197081891585,False,2.6973944455903047,True,1.0,True,7000000000.0,True
2026,B,2697,1780520220.0,True,223,permission_denied,18,False,0.0,29.0,0.0,-1.0296750806285084,False,0.3856217628490646,False,-1.0296750806285084,False,1.0,True,999999999.9999999,True
2026,B,2698,1780520280.0,False,-1,,18,False,0.0,25.0,0.0,-1.9046853106062116,False,0.38213120387662747,False,-1.9046853106062116,False,0.19526502570377902,False,0.17923707962036126,False
2026,B,2699,1780520340.0,False,-1,,18,False,0.0,21.0,0.0,-1.83942094241407,False,0.3827599032629448,False,-1.83942094241407,False,0.20373505883050388,False,0.1471996307373047,False
2026,B,2700,1780520400.0,False,-1,,18,False,0.0,17.0,0.0,-1.6392796938992662,False,0.4209160143574998,False,-1.6392796938992662,False,0.2150452435826018,False,0.18624439239501953,False
2026,B,2701,1780520460.0,False,-1,,18,False,0.0,18.0,0.0,-1.790210678124879,False,0.400342669968094,False,-1.790210678124879,False,0.21186550166449922,False,0.16459207534790038,False
2026,B,2702,1780520520.0,False,-1,,18,False,0.0,30.0,0.0,-0.9431467791896901,False,0.3981222172470828,False,-0.9431467791896901,False,0.1871529693873599,False,0.1343504190444946,False
2026,B,2703,1780520580.0,False,-1,,18,False,0.0,20.0,0.0,-1.9904777540662302,False,0.39517420365657974,False,-1.9904777540662302,False,0.20624038581450158,False,0.17217092514038085,False
2026,B,2704,1780520640.0,False,-1,,18,False,0.0,19.0,0.0,-1.634333244365,False,0.38241314030019624,False,-1.634333244365,False,0.2089414702524605,False,0.14592790603637695,False
2026,B,2705,1780520700.0,True,224,resource_exhaustion,18,False,0.0,22.0,0.0,-1.889232720808936,False,0.38723003956999497,False,-1.889232720808936,False,0.20140271571692986,False,0.15012857913970948,False
2026,B,2706,1780520760.0,True,224,resource_exhaustion,18,False,3.0,21.0,0.0,5.424816825084396,True,0.6865884062137642,False,5.424816825084396,True,1.0,True,3000000000.0,True
2026,B,2707,1780520820.0,True,224,resource_exhaustion,18,False,2.0,12.0,0.0,5.424816825084396,True,0.711002609380514,False,5.424816825084396,True,1.0,True,3000000000.0,True
2026,B,2708,1780520880.0,True,224,resource_exhaustion,18,False,2.0,14.0,0.0,5.424816825084396,True,0.7055517040725923,False,5.424816825084396,True,1.0,True,999999999.9999999,True
2026,B,2709,1780520940.0,True,224,resource_exhaustion,18,False,4.0,23.0,0.0,5.424816825084396,True,0.6847506994123235,False,5.424816825084396,True,1.0,True,3999999999.9999995,True
2026,B,2710,1780521000.0,False,-1,,18,False,0.0,20.0,0.0,-1.7100522603761021,False,0.3936908987515854,False,-1.7100522603761021,False,0.20624038581450158,False,0.13731808662414552,False
2026,B,2711,1780521060.0,False,-1,,18,False,0.0,20.0,0.0,-1.4177689384719123,False,0.41928860441920673,False,-1.4177689384719123,False,0.20624038581450158,False,0.1809362411499023,False
2026,B,2712,1780521120.0,False,-1,,18,False,1.0,23.0,0.0,-0.8860331284023637,False,0.6008787333458926,False,-0.8860331284023637,False,6.609423991098541e-05,False,0.17305750846862797,False
2026,B,2713,1780521180.0,False,-1,,18,False,0.0,19.0,0.0,-1.274013852552664,False,0.40397905394144995,False,-1.274013852552664,False,0.2089414702524605,False,0.1273740768432617,False
2026,B,2714,1780521240.0,False,-1,,18,False,0.0,21.0,0.0,-2.304001661661194,False,0.3826832542641518,False,-2.304001661661194,False,0.20373505883050388,False,0.17385149002075198,False
2026,B,2715,1780521300.0,False,-1,,18,False,0.0,22.0,0.0,-2.0937914209902457,False,0.38004600618762335,False,-2.0937914209902457,False,0.20140271571692986,False,0.17268271446228023,False
2026,B,2716,1780521360.0,False,-1,,18,False,0.0,21.0,0.0,-1.753141111540482,False,0.38700136731649953,False,-1.753141111540482,False,0.20373505883050388,False,0.15334129333496094,False
2026,B,2717,1780521420.0,True,225,config_error,18,False,0.0,19.0,0.0,1.0177415892268424,True,0.4013194222807023,False,1.0177415892268424,True,1.0,True,3000000000.0,True
2026,B,2718,1780521480.0,True,225,config_error,18,False,0.0,19.0,0.0,5.163335746559479,True,0.4390604527047304,False,5.163335746559479,True,1.0,True,19000000000.0,True
2026,B,2719,1780521540.0,True,225,config_error,18,False,0.0,18.0,0.0,4.379265706004175,True,0.43913367313028173,False,4.379265706004175,True,1.0,True,15000000000.0,True
2026,B,2720,1780521600.0,False,-1,,18,False,0.0,16.0,0.0,-1.4118061623426126,False,0.439478244072726,False,-1.4118061623426126,False,0.21852058284895462,False,0.18143606185913086,False
2026,B,2721,1780521660.0,False,-1,,18,False,0.0,21.0,0.0,-1.8461330660828583,False,0.38399811162037095,False,-1.8461330660828583,False,0.20373505883050388,False,0.15680027008056643,False
2026,B,2722,1780521720.0,False,-1,,18,False,0.0,17.0,0.0,-1.9354311043425811,False,0.4090375631708771,False,-1.9354311043425811,False,0.2150452435826018,False,0.1925581932067871,False
2026,B,2723,1780521780.0,False,-1,,18,False,0.0,21.0,0.0,-1.7304209867935985,False,0.39739529585912714,False,-1.7304209867935985,False,0.20373505883050388,False,0.14108514785766604,False
2026,B,2724,1780521840.0,False,-1,,18,False,0.0,18.0,0.0,-2.0301496216313755,False,0.399966471221736,False,-2.0301496216313755,False,0.21186550166449922,False,0.15317440032958982,False
2026,B,2725,1780521900.0,False,-1,,18,False,0.0,25.0,0.0,-1.4348634384251495,False,0.39079796401888495,False,-1.4348634384251495,False,0.19526502570377902,False,0.1776873588562011,False
2026,B,2726,1780521960.0,False,-1,,18,False,0.0,13.0,0.0,-2.0118722200955137,False,0.39916954469752197,False,-2.0118722200955137,False,0.2312761519565593,False,0.16015243530273435,False
2026,B,2727,1780522020.0,False,-1,,18,False,0.0,18.0,0.0,-0.1441069884538857,False,0.45599928212137325,False,-0.1441069884538857,False,0.21186550166449922,False,0.1246344804763794,False
2026,B,2728,1780522080.0,True,226,config_error,18,False,0.0,19.0,0.0,4.046011098634943,True,0.41964791603549545,False,4.046011098634943,True,1.0,True,14000000000.0,True
2026,B,2729,1780522140.0,True,226,config_error,18,False,0.0,15.0,0.0,3.993887872228556,True,0.42308085662151246,False,3.993887872228556,True,1.0,True,12000000000.0,True
2026,B,2730,1780522200.0,True,226,config_error,18,False,0.0,22.0,0.0,4.615168258454634,True,0.44231895159851564,False,4.615168258454634,True,1.0,True,18000000000.0,True
2026,B,2731,1780522260.0,True,226,config_error,18,False,0.0,12.0,0.0,-1.0811993664582866,False,0.4072268237706208,False,-1.0811993664582866,False,1.0,True,999999999.9999999,True
2026,B,2732,1780522320.0,False,-1,,18,False,0.0,19.0,0.0,-2.0592767431067314,False,0.3963564354743945,False,-2.0592767431067314,False,0.2089414702524605,False,0.17317047119140624,False
2026,B,2733,1780522380.0,False,-1,,18,False,0.0,23.0,0.0,-1.4665216105023333,False,0.401903804870475,False,-1.4665216105023333,False,0.1992241207700216,False,0.13978800773620606,False
2026,B,2734,1780522440.0,False,-1,,18,False,0.0,26.0,0.0,-0.8373786152495386,False,0.42036868877960765,False,-0.8373786152495386,False,0.19345838717882127,False,0.18605411052703857,False
2026,B,2735,1780522500.0,False,-1,,18,False,0.0,18.0,0.0,-1.5429474734769082,False,0.3900963100507345,False,-1.5429474734769082,False,0.21186550166449922,False,0.1461475133895874,False
2026,B,2736,1780522560.0,False,-1,,18,False,0.0,21.0,0.0,-1.4588489441328134,False,0.39178411954709536,False,-1.4588489441328134,False,0.20373505883050388,False,0.1394085884094238,False
2026,B,2737,1780522620.0,False,-1,,18,False,0.0,17.0,0.0,-2.0959208305179597,False,0.38720816591218393,False,-2.0959208305179597,False,0.2150452435826018,False,0.1494314193725586,False
2026,B,2738,1780522680.0,True,227,config_error,18,False,1.0,29.0,0.0,4.963668615082255,True,0.6255698691733822,False,4.963668615082255,True,1.0,True,24000000000.0,True
2026,B,2739,1780522740.0,True,227,config_error,18,False,0.0,18.0,0.0,5.130499753873206,True,0.4498382200210689,False,5.130499753873206,True,1.0,True,18000000000.0,True
2026,B,2740,1780522800.0,True,227,config_error,18,False,0.0,23.0,0.0,4.8508643882924165,True,0.43903574213984475,False,4.8508643882924165,True,1.0,True,20000000000.0,True
2026,B,2741,1780522860.0,True,227,config_error,18,False,0.0,28.0,0.0,2.838812415406059,True,0.4040239663359187,False,2.838812415406059,True,1.0,True,7999999999.999999,True
2026,B,2742,1780522920.0,False,-1,,19,False,0.0,18.0,0.0,-1.6771761830313592,False,0.3933733890688868,False,-1.6771761830313592,False,0.21186550166449922,False,0.136871337890625,False
2026,B,2743,1780522980.0,False,-1,,19,False,0.0,28.0,0.0,-1.7494927339224438,False,0.38234056230959135,False,-1.7494927339224438,False,0.19013814265818824,False,0.17754039764404297,False
2026,B,2744,1780523040.0,False,-1,,19,False,0.0,20.0,0.0,-1.943210388544057,False,0.3903233013207211,False,-1.943210388544057,False,0.20624038581450158,False,0.14231355190277098,False
2026,B,2745,1780523100.0,False,-1,,19,False,0.0,24.0,0.0,-1.7535332213504269,False,0.403189604614266,False,-1.7535332213504269,False,0.19718290174713954,False,0.199084734916687,False
2026,B,2746,1780523160.0,False,-1,,19,False,0.0,18.0,0.0,-1.7718469040691947,False,0.38570673506594816,False,-1.7718469040691947,False,0.21186550166449922,False,0.14784154891967774,False
2026,B,2747,1780523220.0,False,-1,,19,False,0.0,24.0,0.0,-1.2167949451314302,False,0.42204765219963203,False,-1.2167949451314302,False,0.19718290174713954,False,0.19128813743591308,False
2026,B,2748,1780523280.0,True,228,dependency_timeout,19,False,1.0,16.0,0.0,5.424816825084396,True,0.6867621578445942,False,5.424816825084396,True,1.0,True,5000000000.0,True
2026,B,2749,1780523340.0,True,228,dependency_timeout,19,False,2.0,32.0,0.0,5.424816825084396,True,0.677739241254187,False,5.424816825084396,True,1.0,True,7999999999.999999,True
2026,B,2750,1780523400.0,True,228,dependency_timeout,19,False,1.0,20.0,0.0,5.424816825084396,True,0.6684149563107783,False,5.424816825084396,True,1.0,True,7000000000.0,True
2026,B,2751,1780523460.0,True,228,dependency_timeout,19,False,1.0,28.0,0.0,5.424816825084396,True,0.5798208089210285,False,5.424816825084396,True,1.0,True,1999999999.9999998,True
2026,B,2752,1780523520.0,False,-1,,19,False,0.0,21.0,0.0,-0.790278223618853,False,0.40874416496359534,False,-0.790278223618853,False,0.20373505883050388,False,0.16814279556274417,False
2026,B,2753,1780523580.0,False,-1,,19,False,0.0,15.0,0.0,-1.3645040621963682,False,0.4209067997422024,False,-1.3645040621963682,False,0.22234063516699837,False,0.13342065811157228,False
2026,B,2754,1780523640.0,False,-1,,19,False,0.0,24.0,0.0,-2.1765628586153563,False,0.38423399452456175,False,-2.1765628586153563,False,0.19718290174713954,False,0.18011026382446288,False
2026,B,2755,1780523700.0,False,-1,,19,False,0.0,16.0,0.0,-0.5424274222279655,False,0.45055582069062505,False,-0.5424274222279655,False,0.21852058284895462,False,0.15544116497039792,False
2026,B,2756,1780523760.0,False,-1,,19,False,0.0,21.0,0.0,-1.454724781462211,False,0.3929966746105563,False,-1.454724781462211,False,0.20373505883050388,False,0.1457991600036621,False
2026,B,2757,1780523820.0,False,-1,,19,False,0.0,20.0,0.0,-2.077019633503628,False,0.39080101426535246,False,-2.077019633503628,False,0.20624038581450158,False,0.1566812753677368,False
2026,B,2758,1780523880.0,False,-1,,19,False,0.0,16.0,0.0,-0.6646732660172532,False,0.4425872351927952,False,-0.6646732660172532,False,0.21852058284895462,False,0.11950933933258057,False
2026,B,2759,1780523940.0,False,-1,,19,False,0.0,22.0,0.0,-2.0874411749938027,False,0.3788177676077075,False,-2.0874411749938027,False,0.20140271571692986,False,0.16873745918273925,False
2026,B,2760,1780524000.0,False,-1,,19,False,0.0,21.0,0.0,-1.8038229303591224,False,0.38301389302504557,False,-1.8038229303591224,False,0.20373505883050388,False,0.14127397537231448,False
2026,B,2761,1780524060.0,True,229,dependency_timeout,19,False,0.0,11.0,0.0,5.424816825084396,True,0.5225550751154965,False,5.424816825084396,True,1.0,True,1999999999.9999998,True
2026,B,2762,1780524120.0,True,229,dependency_timeout,19,False,2.0,15.0,0.0,5.424816825084396,True,0.6853506575587202,False,5.424816825084396,True,1.0,True,7000000000.0,True
2026,B,2763,1780524180.0,True,229,dependency_timeout,19,False,2.0,27.0,0.0,5.424816825084396,True,0.6795911833831476,False,5.424816825084396,True,1.0,True,9000000000.0,True
2026,B,2764,1780524240.0,True,229,dependency_timeout,19,False,1.0,13.0,0.0,5.424816825084396,True,0.689451859957417,False,5.424816825084396,True,1.0,True,5000000000.0,True
2026,B,2765,1780524300.0,False,-1,,19,False,1.0,18.0,0.0,1.4254565243037955,True,0.6470936876229867,False,1.4254565243037955,True,3.860514779202073e-05,False,0.22145462036132801,False
2026,B,2766,1780524360.0,False,-1,,19,False,0.0,21.0,0.0,-1.3070750161503613,False,0.4104835680735192,False,-1.3070750161503613,False,0.20373505883050388,False,0.14358234405517578,False
2026,B,2767,1780524420.0,False,-1,,19,False,0.0,15.0,0.0,-1.9280142767706057,False,0.40088009824336823,False,-1.9280142767706057,False,0.22234063516699837,False,0.17708306312561034,False
2026,B,2768,1780524480.0,False,-1,,19,False,0.0,21.0,0.0,-2.119800403695449,False,0.3816034565712092,False,-2.119800403695449,False,0.20373505883050388,False,0.1645145416259766,False
2026,B,2769,1780524540.0,False,-1,,19,False,0.0,19.0,0.0,-1.5625806079887763,False,0.3965798928554227,False,-1.5625806079887763,False,0.2089414702524605,False,0.13105854988098145,False
2026,B,2770,1780524600.0,False,-1,,19,False,0.0,19.0,0.0,-1.9064512385579997,False,0.3955321479405458,False,-1.9064512385579997,False,0.2089414702524605,False,0.14863157272338867,False
2026,B,2771,1780524660.0,False,-1,,19,False,0.0,12.0,0.0,-0.8064310488382187,False,0.4193837420943594,False,-0.8064310488382187,False,0.23656878881171142,False,0.14481997489929202,False
2026,B,2772,1780524720.0,False,-1,,19,False,0.0,9.0,0.0,-0.697846020737253,False,0.44483586000475744,False,-0.697846020737253,False,0.25749302991177747,False,0.16989574432373047,False
2026,B,2773,1780524780.0,False,-1,,19,False,0.0,17.0,0.0,-0.96544616202456,False,0.41749145502474244,False,-0.96544616202456,False,0.2150452435826018,False,0.13512744903564453,False
2026,B,2774,1780524840.0,True,230,config_error,19,False,0.0,18.0,0.0,3.045309943265253,True,0.39798696345338497,False,3.045309943265253,True,1.0,True,9000000000.0,True
2026,B,2775,1780524900.0,True,230,config_error,19,False,0.0,15.0,0.0,4.6531855216323255,True,0.45337993959622164,False,4.6531855216323255,True,1.0,True,14000000000.0,True
2026,B,2776,1780524960.0,True,230,config_error,19,False,0.0,15.0,0.0,4.319583079066066,True,0.4565983138091669,False,4.319583079066066,True,1.0,True,13000000000.0,True
2026,B,2777,1780525020.0,True,230,config_error,19,False,0.0,16.0,0.0,1.0146715419142787,True,0.41177244906449784,False,1.0146715419142787,True,1.0,True,3000000000.0,True
2026,B,2778,1780525080.0,False,-1,,19,False,0.0,11.0,0.0,-0.7567506584288344,False,0.4356538986668341,False,-0.7567506584288344,False,0.24257514350821907,False,0.1588544845581055,False
2026,B,2779,1780525140.0,False,-1,,19,False,0.0,21.0,0.0,-1.4911558156390008,False,0.41240559682894457,False,-1.4911558156390008,False,0.22552957652333058,False,0.1491039991378784,False
2026,B,2780,1780525200.0,False,-1,,19,False,0.0,21.0,0.0,-0.8280661908014535,False,0.45232867611984084,False,-0.8280661908014535,False,0.1822013076089607,False,0.1887250900268554,False
2026,B,2781,1780525260.0,False,-1,,19,False,0.0,12.0,0.0,0.020698956732926987,False,0.4701739220198408,False,0.020698956732926987,False,0.23656878881171142,False,0.20051314830780032,False
2026,B,2782,1780525320.0,False,-1,,19,False,0.0,10.0,0.0,-2.046241216142728,False,0.417774824643385,False,-2.046241216142728,False,0.2494699748845805,False,0.16505899429321289,False
2026,B,2783,1780525380.0,False,-1,,19,False,0.0,18.0,0.0,-2.155822372620216,False,0.38648731110636275,False,-2.155822372620216,False,0.21186550166449922,False,0.1587254762649536,False
2026,B,2784,1780525440.0,True,231,permission_denied,19,False,0.0,12.0,0.0,2.8106005753876206,True,0.4434325536710814,False,2.8106005753876206,True,1.0,True,7000000000.0,True
2026,B,2785,1780525500.0,True,231,permission_denied,19,False,0.0,18.0,0.0,1.7517092798047278,True,0.426053923087272,False,1.7517092798047278,True,1.0,True,5000000000.0,True
2026,B,2786,1780525560.0,True,231,permission_denied,19,False,0.0,15.0,0.0,-1.8081538902747614,False,0.40910695469322983,False,-1.8081538902747614,False,0.22234063516699837,False,0.145894193649292,False
2026,B,2787,1780525620.0,False,-1,,19,False,0.0,15.0,0.0,-2.203209897499703,False,0.4015359266674252,False,-2.203209897499703,False,0.22234063516699837,False,0.18279352188110348,False
2026,B,2788,1780525680.0,False,-1,,19,False,0.0,22.0,0.0,-1.6870355118153162,False,0.3938476260063262,False,-1.6870355118153162,False,0.20140271571692986,False,0.15590882301330566,False
2026,B,2789,1780525740.0,False,-1,,19,False,0.0,20.0,0.0,-2.0630236714835,False,0.39515695809643153,False,-2.0630236714835,False,0.20624038581450158,False,0.17939376831054685,False
2026,B,2790,1780525800.0,False,-1,,19,False,0.0,19.0,0.0,-1.3222287350692756,False,0.3987130777917564,False,-1.3222287350692756,False,0.2089414702524605,False,0.13342390060424805,False
2026,B,2791,1780525860.0,False,-1,,19,False,0.0,16.0,0.0,-2.122148601189185,False,0.39189924804537857,False,-2.122148601189185,False,0.21852058284895462,False,0.1715165376663208,False
2026,B,2792,1780525920.0,False,-1,,19,False,0.0,21.0,0.0,-1.7497779213898195,False,0.4002029454510492,False,-1.7497779213898195,False,0.20373505883050388,False,0.15626239776611328,False
2026,B,2793,1780525980.0,False,-1,,19,False,0.0,20.0,0.0,-2.0867735341876044,False,0.3806784774768825,False,-2.0867735341876044,False,0.20624038581450158,False,0.15475835800170898,False
2026,B,2794,1780526040.0,True,232,permission_denied,19,False,0.0,21.0,0.0,0.8200029371168283,True,0.4158825760688891,False,0.8200029371168283,True,1.0,True,3000000000.0,True
2026,B,2795,1780526100.0,True,232,permission_denied,19,False,0.0,11.0,0.0,1.7531620855626766,True,0.41511638642587734,False,1.7531620855626766,True,1.0,True,5000000000.0,True
2026,B,2796,1780526160.0,True,232,permission_denied,19,False,0.0,17.0,0.0,3.93987515115401,True,0.4413846585873059,False,3.93987515115401,True,1.0,True,12000000000.0,True
2026,B,2797,1780526220.0,True,232,permission_denied,19,False,0.0,17.0,0.0,-0.7615811031601805,False,0.43213036792026455,False,-0.7615811031601805,False,0.2150452435826018,False,0.12792396545410156,False
2026,B,2798,1780526280.0,False,-1,,19,False,0.0,15.0,0.0,-2.0718286857852846,False,0.3901852305519832,False,-2.0718286857852846,False,0.22234063516699837,False,0.14936537742614747,False
2026,B,2799,1780526340.0,False,-1,,19,False,0.0,21.0,0.0,-1.5017208533957342,False,0.4090267593082201,False,-1.5017208533957342,False,0.20373505883050388,False,0.16227054595947266,False
2026,B,2800,1780526400.0,False,-1,,19,False,0.0,7.0,0.0,-0.5690033731539534,False,0.44544525333813684,False,-0.5690033731539534,False,0.27843371922675825,False,0.10631985664367676,False
2026,B,2801,1780526460.0,False,-1,,19,False,0.0,12.0,0.0,-0.22375739304086828,False,0.43377818502137844,False,-0.22375739304086828,False,0.23656878881171142,False,0.1187063455581665,False
2026,B,2802,1780526520.0,False,-1,,19,False,0.0,21.0,0.0,-1.7553622548463155,False,0.38479432487464843,False,-1.7553622548463155,False,0.20373505883050388,False,0.14400005340576172,False
2026,B,2803,1780526580.0,False,-1,,19,False,0.0,14.0,0.0,-1.55009470399298,False,0.4025425513190521,False,-1.55009470399298,False,0.2265666570210753,False,0.12990095615386962,False
2026,B,2804,1780526640.0,False,-1,,19,False,0.0,18.0,0.0,-2.190781077889099,False,0.3874598697928061,False,-2.190781077889099,False,0.21186550166449922,False,0.17059054374694818,False
2026,B,2805,1780526700.0,True,233,dependency_timeout,19,False,2.0,11.0,0.0,5.424816825084396,True,0.6913338419875049,False,5.424816825084396,True,1.0,True,3000000000.0,True
2026,B,2806,1780526760.0,True,233,dependency_timeout,19,False,2.0,10.0,0.0,5.424816825084396,True,0.6903712450538109,False,5.424816825084396,True,1.0,True,6000000000.0,True
2026,B,2807,1780526820.0,True,233,dependency_timeout,19,False,1.0,19.0,0.0,5.424816825084396,True,0.6709813962447365,False,5.424816825084396,True,1.0,True,5000000000.0,True
2026,B,2808,1780526880.0,True,233,dependency_timeout,19,False,2.0,18.0,0.0,5.424816825084396,True,0.6745675850969206,False,5.424816825084396,True,1.0,True,10000000000.0,True
2026,B,2809,1780526940.0,False,-1,,19,False,0.0,16.0,0.0,-1.9948119803225826,False,0.39917262678359877,False,-1.9948119803225826,False,0.21852058284895462,False,0.1498016119003296,False
2026,B,2810,1780527000.0,False,-1,,19,False,0.0,13.0,0.0,-0.6569952974499671,False,0.4328628508009379,False,-0.6569952974499671,False,0.2312761519565593,False,0.16866321563720704,False
2026,B,2811,1780527060.0,False,-1,,19,False,0.0,14.0,0.0,-1.8738277021346343,False,0.39706886818983406,False,-1.8738277021346343,False,0.2265666570210753,False,0.14255676269531248,False
2026,B,2812,1780527120.0,False,-1,,19,False,0.0,16.0,0.0,-0.6881924236873571,False,0.4153287945768921,False,-0.6881924236873571,False,0.21852058284895462,False,0.13029122352600098,False
2026,B,2813,1780527180.0,False,-1,,19,False,0.0,19.0,0.0,-0.8590428736670548,False,0.421467090710479,False,-0.8590428736670548,False,0.2089414702524605,False,0.11784958839416504,False
2026,B,2814,1780527240.0,False,-1,,19,False,0.0,13.0,0.0,-2.0201120891357647,False,0.39106427210357175,False,-2.0201120891357647,False,0.2312761519565593,False,0.14535493850708006,False
2026,B,2815,1780527300.0,False,-1,,19,False,0.0,15.0,0.0,-2.2959681420769433,False,0.38870957903702597,False,-2.2959681420769433,False,0.22234063516699837,False,0.1637570381164551,False
2026,B,2816,1780527360.0,False,-1,,19,False,0.0,18.0,0.0,-1.7607437395625505,False,0.4016889011487388,False,-1.7607437395625505,False,0.21186550166449922,False,0.14227962493896482,False
2026,B,2817,1780527420.0,False,-1,,19,False,0.0,13.0,0.0,-1.3396103561865003,False,0.43620430906555147,False,-1.3396103561865003,False,0.2312761519565593,False,0.12913455963134765,False
2026,B,2818,1780527480.0,True,234,config_error,19,False,0.0,13.0,0.0,3.6946972989590527,True,0.43019954486783557,False,3.6946972989590527,True,1.0,True,10000000000.0,True
2026,B,2819,1780527540.0,True,234,config_error,19,False,0.0,16.0,0.0,4.177898904492903,True,0.4499791715659877,False,4.177898904492903,True,1.0,True,13000000000.0,True
2026,B,2820,1780527600.0,True,234,config_error,19,False,0.0,10.0,0.0,3.893591472187949,True,0.4422287666055652,False,3.893591472187949,True,1.0,True,9000000000.0,True
2026,B,2821,1780527660.0,True,234,config_error,19,False,0.0,17.0,0.0,2.6409092515859975,True,0.409006399324538,False,2.6409092515859975,True,1.0,True,7000000000.0,True
2026,B,2822,1780527720.0,False,-1,,19,False,0.0,13.0,0.0,-1.7728326866598216,False,0.39740147353944344,False,-1.7728326866598216,False,0.2312761519565593,False,0.14276323318481443,False
2026,B,2823,1780527780.0,False,-1,,19,False,0.0,12.0,0.0,-1.7025591599605976,False,0.40197700672327036,False,-1.7025591599605976,False,0.23656878881171142,False,0.13878896236419677,False
2026,B,2824,1780527840.0,False,-1,,19,False,0.0,21.0,0.0,-0.9496597468072272,False,0.4139854693496506,False,-0.9496597468072272,False,0.20373505883050388,False,0.16462421417236328,False
2026,B,2825,1780527900.0,False,-1,,19,False,0.0,17.0,0.0,-1.7746124652244282,False,0.3966311809241963,False,-1.7746124652244282,False,0.2150452435826018,False,0.16114578247070313,False
2026,B,2826,1780527960.0,False,-1,,19,False,0.0,18.0,0.0,-1.894896000423918,False,0.4088938670688726,False,-1.894896000423918,False,0.21186550166449922,False,0.18337614536285396,False
2026,B,2827,1780528020.0,False,-1,,19,False,0.0,7.0,0.0,-1.3868145503880518,False,0.4382434438655413,False,-1.3868145503880518,False,0.27843371922675825,False,0.12752728462219237,False
2026,B,2828,1780528080.0,False,-1,,19,False,0.0,11.0,0.0,-1.539485711497501,False,0.42463008419458265,False,-1.539485711497501,False,0.24257514350821907,False,0.17471361160278323,False
2026,B,2829,1780528140.0,False,-1,,19,False,0.0,11.0,0.0,-1.2702192481250556,False,0.41250412015131643,False,-1.2702192481250556,False,0.24257514350821907,False,0.13211941719055176,False
2026,B,2830,1780528200.0,False,-1,,19,False,0.0,9.0,0.0,-1.8025975357983333,False,0.42695522722675844,False,-1.8025975357983333,False,0.25749302991177747,False,0.13911199569702148,False
2026,B,2831,1780528260.0,True,235,resource_exhaustion,19,False,0.0,11.0,0.0,5.424816825082142,True,0.4982711774757669,False,5.424816825082142,True,0.24257514350821907,False,0.1621723175048828,False
2026,B,2832,1780528320.0,True,235,resource_exhaustion,19,False,1.0,19.0,0.0,5.424816825084396,True,0.6857787089601426,False,5.424816825084396,True,1.0,True,999999999.9999999,True
2026,B,2833,1780528380.0,True,235,resource_exhaustion,19,False,4.0,13.0,0.0,5.424816825084396,True,0.7110151301802475,False,5.424816825084396,True,1.0,True,3000000000.0,True
2026,B,2834,1780528440.0,True,235,resource_exhaustion,19,False,0.0,11.0,0.0,5.424816825084396,True,0.5017311194793903,False,5.424816825084396,True,0.24257514350821907,False,0.19615530967712405,False
2026,B,2835,1780528500.0,False,-1,,19,False,0.0,9.0,0.0,-0.6419645038073343,False,0.46512456803003244,False,-0.6419645038073343,False,0.25749302991177747,False,0.1464461326599121,False
2026,B,2836,1780528560.0,False,-1,,19,False,0.0,11.0,0.0,-1.4971574182364868,False,0.4189764290825408,False,-1.4971574182364868,False,0.24257514350821907,False,0.16248846054077148,False
2026,B,2837,1780528620.0,False,-1,,19,False,0.0,8.0,0.0,-1.5055468361554087,False,0.41451443670307014,False,-1.5055468361554087,False,0.26698282659663947,False,0.12445847988128662,False
2026,B,2838,1780528680.0,False,-1,,19,False,0.0,15.0,0.0,-1.4439478923631306,False,0.41255486296317934,False,-1.4439478923631306,False,0.22234063516699837,False,0.17891569137573238,False
2026,B,2839,1780528740.0,False,-1,,19,False,0.0,16.0,0.0,-1.7527385017855455,False,0.4177830174944999,False,-1.7527385017855455,False,0.21852058284895462,False,0.16081571578979492,False
2026,B,2840,1780528800.0,False,-1,,19,False,0.0,8.0,0.0,-1.2311397035120963,False,0.412876389158604,False,-1.2311397035120963,False,0.26698282659663947,False,0.12575736045837405,False
2026,B,2841,1780528860.0,True,236,permission_denied,19,False,0.0,16.0,0.0,1.583595777077802,True,0.39923409360670553,False,1.583595777077802,True,1.0,True,5000000000.0,True
2026,B,2842,1780528920.0,True,236,permission_denied,19,True,0.0,104.0,0.0,5.177243152095868,True,0.6221297400037963,False,5.177243152095868,True,1.0,True,46000000000.0,True
2026,B,2843,1780528980.0,True,236,permission_denied,19,True,0.0,145.0,0.0,5.277462175935314,True,0.6785349399173833,False,5.277462175935314,True,1.0,True,62999999999.99999,True
2026,B,2844,1780529040.0,True,236,permission_denied,19,True,0.0,34.0,0.0,3.9689642597638786,True,0.4128773893311859,False,3.9689642597638786,True,1.0,True,15000000000.0,True
2026,B,2845,1780529100.0,False,-1,,19,False,0.0,9.0,0.0,-1.827751622625338,False,0.4066912515458988,False,-1.827751622625338,False,0.25749302991177747,False,0.14111242294311524,False
2026,B,2846,1780529160.0,False,-1,,19,False,0.0,17.0,0.0,-2.06031853130171,False,0.39978198420731803,False,-2.06031853130171,False,0.2150452435826018,False,0.16275310516357422,False
2026,B,2847,1780529220.0,False,-1,,19,False,0.0,11.0,0.0,-1.993052277607645,False,0.40348745136409303,False,-1.993052277607645,False,0.24257514350821907,False,0.15163850784301758,False
2026,B,2848,1780529280.0,False,-1,,19,False,0.0,7.0,0.0,-1.054136661775389,False,0.4387648749559013,False,-1.054136661775389,False,0.27843371922675825,False,0.1876712322235107,False
2026,B,2849,1780529340.0,False,-1,,19,False,0.0,17.0,0.0,-1.5914191302279779,False,0.3920050084310338,False,-1.5914191302279779,False,0.2150452435826018,False,0.1444366455078125,False
2026,B,2850,1780529400.0,False,-1,,19,False,0.0,9.0,0.0,-1.7376883243283716,False,0.43373745464695823,False,-1.7376883243283716,False,0.25749302991177747,False,0.18074111938476561,False
2026,B,2851,1780529460.0,False,-1,,19,False,0.0,12.0,0.0,-1.5628910314254432,False,0.4065959636813678,False,-1.5628910314254432,False,0.23656878881171142,False,0.13070974349975586,False
2026,B,2852,1780529520.0,False,-1,,19,False,0.0,10.0,0.0,-1.168174459655198,False,0.4280994761269924,False,-1.168174459655198,False,0.2494699748845805,False,0.15325322151184084,False
2026,B,2853,1780529580.0,False,-1,,19,False,0.0,16.0,0.0,-2.3467907501921825,False,0.38735711569891856,False,-2.3467907501921825,False,0.21852058284895462,False,0.16659331321716309,False
2026,B,2854,1780529640.0,True,237,resource_exhaustion,19,False,1.0,10.0,0.0,5.424816825084396,True,0.6960244268313618,False,5.424816825084396,True,1.0,True,999999999.9999999,True
2026,B,2855,1780529700.0,True,237,resource_exhaustion,19,False,2.0,8.0,0.0,5.424816825084396,True,0.7142292232889049,True,5.424816825084396,True,1.0,True,1999999999.9999998,True
2026,B,2856,1780529760.0,True,237,resource_exhaustion,19,False,3.0,13.0,0.0,5.424816825084396,True,0.7134427711507167,True,5.424816825084396,True,1.0,True,3999999999.9999995,True
2026,B,2857,1780529820.0,True,237,resource_exhaustion,19,False,3.0,13.0,0.0,5.424816825084396,True,0.7096206511132,False,5.424816825084396,True,1.0,True,1999999999.9999998,True
2026,B,2858,1780529880.0,False,-1,,19,False,0.0,5.0,0.0,-0.3164986612067562,False,0.5086040348437385,False,-0.3164986612067562,False,0.3106614405745598,False,0.13162641525268554,False
2026,B,2859,1780529940.0,False,-1,,19,False,0.0,18.0,0.0,-1.557556282934483,False,0.4204355933434524,False,-1.557556282934483,False,0.21186550166449922,False,0.19177167415618893,False
2026,B,2860,1780530000.0,False,-1,,19,False,0.0,13.0,0.0,-2.033753307008894,False,0.39824275962141953,False,-2.033753307008894,False,0.2312761519565593,False,0.13973054885864256,False
2026,B,2861,1780530060.0,False,-1,,19,False,0.0,10.0,0.0,-0.413463666078111,False,0.46871590975110744,False,-0.413463666078111,False,0.2494699748845805,False,0.1969609260559082,False
2026,B,2862,1780530120.0,False,-1,,19,False,0.0,16.0,0.0,-1.7486147943018997,False,0.41308001803105576,False,-1.7486147943018997,False,0.21852058284895462,False,0.15829133987426755,False
2026,B,2863,1780530180.0,False,-1,,19,False,0.0,9.0,0.0,-0.48867161998810094,False,0.4639681363623635,False,-0.48867161998810094,False,0.25749302991177747,False,0.10768117904663085,False
2026,B,2864,1780530240.0,False,-1,,19,False,0.0,12.0,0.0,-1.7572195761426563,False,0.41165686001410196,False,-1.7572195761426563,False,0.23656878881171142,False,0.1805499315261841,False
2026,B,2865,1780530300.0,False,-1,,19,False,0.0,10.0,0.0,-0.6320397268691043,False,0.44413248984636167,False,-0.6320397268691043,False,0.2494699748845805,False,0.1575528860092163,False
2026,B,2866,1780530360.0,False,-1,,19,False,0.0,15.0,0.0,-2.2794592504742512,False,0.39034733971874436,False,-2.2794592504742512,False,0.22234063516699837,False,0.15787715911865235,False
2026,B,2867,1780530420.0,False,-1,,19,False,0.0,12.0,0.0,-0.34466788651834435,False,0.46767004486480157,False,-0.34466788651834435,False,0.23656878881171142,False,0.1605664968490601,False
2026,B,2868,1780530480.0,False,-1,,19,False,0.0,12.0,0.0,-1.7211730287618083,False,0.4165422742377411,False,-1.7211730287618083,False,0.23656878881171142,False,0.14488077163696292,False
2026,B,2869,1780530540.0,True,238,resource_exhaustion,19,False,1.0,8.0,0.0,5.424816825084396,True,0.7127159647939427,True,5.424816825084396,True,1.0,True,999999999.9999999,True
2026,B,2870,1780530600.0,True,238,resource_exhaustion,19,False,2.0,17.0,0.0,5.424816825084396,True,0.7000276042038259,False,5.424816825084396,True,1.0,True,3000000000.0,True
2026,B,2871,1780530660.0,True,238,resource_exhaustion,19,False,3.0,12.0,0.0,5.424816825084396,True,0.7103096582096043,False,5.424816825084396,True,1.0,True,1999999999.9999998,True
2026,B,2872,1780530720.0,True,238,resource_exhaustion,19,False,2.0,13.0,0.0,5.424816825084396,True,0.7065067258201974,False,5.424816825084396,True,1.0,True,1999999999.9999998,True
2026,B,2873,1780530780.0,False,-1,,19,False,0.0,13.0,0.0,-0.8120539790021111,False,0.42911333102099036,False,-0.8120539790021111,False,0.2312761519565593,False,0.16774635314941402,False
2026,B,2874,1780530840.0,False,-1,,19,False,0.0,13.0,0.0,-1.3489972338554077,False,0.4066924320008887,False,-1.3489972338554077,False,0.2312761519565593,False,0.1607082366943359,False
2026,B,2875,1780530900.0,False,-1,,19,False,0.0,16.0,0.0,-1.9054949480193972,False,0.39760698026830854,False,-1.9054949480193972,False,0.21852058284895462,False,0.13625657558441162,False
2026,B,2876,1780530960.0,False,-1,,19,False,0.0,12.0,0.0,-1.2334075651575684,False,0.42756839246170536,False,-1.2334075651575684,False,0.23656878881171142,False,0.14429495334625245,False
2026,B,2877,1780531020.0,False,-1,,19,False,0.0,7.0,0.0,-1.2047327511536752,False,0.43748378010984385,False,-1.2047327511536752,False,0.27843371922675825,False,0.11899037361145019,False
2026,B,2878,1780531080.0,False,-1,,19,False,0.0,10.0,0.0,-0.6971962422940416,False,0.42198624285707587,False,-0.6971962422940416,False,0.2494699748845805,False,0.13487255573272705,False
2026,B,2879,1780531140.0,False,-1,,19,False,0.0,11.0,0.0,-1.6221031043105407,False,0.40748480147452215,False,-1.6221031043105407,False,0.24257514350821907,False,0.13198494911193848,False
2026,B,2880,1780531200.0,False,-1,,19,False,0.0,18.0,0.0,-1.3422514763636473,False,0.39588803888833424,False,-1.3422514763636473,False,0.21186550166449922,False,0.1410583257675171,False
2026,B,2881,1780531260.0,True,239,config_error,19,False,0.0,10.0,0.0,-1.6469098544172471,False,0.4182014389818695,False,-1.6469098544172471,False,0.2494699748845805,False,0.1669142723083496,False
2026,B,2882,1780531320.0,True,239,config_error,19,False,0.0,8.0,0.0,4.37575922334022,True,0.4896171382715094,False,4.37575922334022,True,1.0,True,7999999999.999999,True
2026,B,2883,1780531380.0,True,239,config_error,19,False,0.0,12.0,0.0,4.777794336255886,True,0.4361216528937108,False,4.777794336255886,True,1.0,True,12000000000.0,True
2026,B,2884,1780531440.0,True,239,config_error,19,False,0.0,16.0,0.0,4.683979631765053,True,0.4394437523913403,False,4.683979631765053,True,1.0,True,15000000000.0,True
2026,B,2885,1780531500.0,False,-1,,19,False,0.0,12.0,0.0,-1.4349452093803645,False,0.428785648245547,False,-1.4349452093803645,False,0.23656878881171142,False,0.13193879127502442,False
2026,B,2886,1780531560.0,False,-1,,19,False,0.0,6.0,0.0,-1.418449143984005,False,0.4338655757927008,False,-1.418449143984005,False,0.2925964019925662,False,0.13764798641204834,False
2026,B,2887,1780531620.0,False,-1,,19,False,0.0,13.0,0.0,-1.4338000834590874,False,0.4280018844681109,False,-1.4338000834590874,False,0.2312761519565593,False,0.16449518203735347,False
2026,B,2888,1780531680.0,False,-1,,19,False,0.0,15.0,0.0,-1.6607667506249033,False,0.3958978001012087,False,-1.6607667506249033,False,0.22234063516699837,False,0.13539042472839355,False
2026,B,2889,1780531740.0,False,-1,,19,False,0.0,14.0,0.0,-1.2178261509429058,False,0.4062388228548299,False,-1.2178261509429058,False,0.2265666570210753,False,0.13127126693725588,False
2026,B,2890,1780531800.0,False,-1,,19,False,0.0,11.0,0.0,-2.1059209387213995,False,0.4118506115887757,False,-2.1059209387213995,False,0.24257514350821907,False,0.1634507179260254,False
2026,B,2891,1780531860.0,False,-1,,19,False,0.0,11.0,0.0,-1.7924736377508887,False,0.41084106189372743,False,-1.7924736377508887,False,0.24257514350821907,False,0.16885948181152344,False
2026,B,2892,1780531920.0,False,-1,,19,False,0.0,12.0,0.0,-1.17600388418645,False,0.4113656829667056,False,-1.17600388418645,False,0.23656878881171142,False,0.13993525505065918,False
2026,B,2893,1780531980.0,False,-1,,19,False,0.0,13.0,0.0,-1.3382388565589682,False,0.4076335101132152,False,-1.3382388565589682,False,0.2312761519565593,False,0.12640647888183595,False
2026,B,2894,1780532040.0,False,-1,,19,False,0.0,8.0,0.0,-1.9656053465036374,False,0.4126631562372694,False,-1.9656053465036374,False,0.26698282659663947,False,0.15913968086242675,False
