seed,phase,window,start,label,injection_id,category,block,burst,cold_starts,invocations,throttles,score_d1_ocsvm,pred_d1_ocsvm,score_d1_iforest,pred_d1_iforest,score_d1_primary,pred_d1_primary,score_d2_transfer,pred_d2_transfer,score_d3_thresholds,pred_d3_thresholds,score_d4_novel,pred_d4_novel
2025,B,0,1780358400.0,False,-1,,0,False,0.0,12.0,0.0,-1.4751186025268428,False,0.3965164195862968,False,-1.4751186025268428,False,0.23874979971626184,False,0.14126226902008057,False,-1.4751186025268428,False
2025,B,1,1780358460.0,False,-1,,0,False,0.0,5.0,0.0,0.08392579161105918,False,0.5076420903745722,False,0.08392579161105918,False,0.3611766054503257,False,0.13109445571899414,False,0.08392579161105918,False
2025,B,2,1780358520.0,False,-1,,0,False,0.0,16.0,0.0,-1.5622917941756924,False,0.4115267856984039,False,-1.5622917941756924,False,0.21191738011819358,False,0.16475963592529294,False,-1.5622917941756924,False
2025,B,3,1780358580.0,False,-1,,0,False,0.0,16.0,0.0,-0.9242158847730728,False,0.40693838349881456,False,-0.9242158847730728,False,0.21191738011819358,False,0.15601277351379395,False,-0.9242158847730728,False
2025,B,4,1780358640.0,False,-1,,0,False,0.0,7.0,0.0,-1.2100028761112025,False,0.46087407225812693,False,-1.2100028761112025,False,0.305536657637389,False,0.1252186298370361,False,-1.2100028761112025,False
2025,B,5,1780358700.0,False,-1,,0,False,0.0,10.0,0.0,-1.0710994599942802,False,0.41014627887320143,False,-1.0710994599942802,False,0.25866249275443587,False,0.13786704540252687,False,-1.0710994599942802,False
2025,B,6,1780358760.0,False,-1,,0,False,0.0,12.0,0.0,-0.17503158586927903,False,0.4592447722875169,False,-0.17503158586927903,False,0.23874979971626184,False,0.15831055641174316,False,-0.17503158586927903,False
2025,B,7,1780358820.0,False,-1,,0,True,1.0,107.0,0.0,0.21211198277686982,False,0.7033967711675956,False,0.21211198277686982,False,0.0012586024110789902,False,0.1836581230163574,False,0.21211198277686982,False
2025,B,8,1780358880.0,False,-1,,0,True,0.0,101.0,0.0,0.12261475674156763,False,0.642786036936155,False,0.12261475674156763,False,0.11867973998551902,False,0.16619205474853516,False,0.12261475674156763,False
2025,B,9,1780358940.0,False,-1,,0,True,0.0,34.0,0.0,-0.9956289410557622,False,0.4453810774097489,False,-0.9956289410557622,False,0.16138735499274742,False,0.21199967861175556,False,-0.9956289410557622,False
2025,B,10,1780359000.0,False,-1,,0,False,0.0,11.0,0.0,-0.9843894118703824,False,0.43400956078265246,False,-0.9843894118703824,False,0.24794537445720646,False,0.18184447288513186,False,-0.9843894118703824,False
2025,B,11,1780359060.0,True,0,dependency_timeout,0,False,1.0,11.0,0.0,5.446895898547663,True,0.6514011264853343,False,5.446895898547663,True,1.0,True,3000000000.0,True,5.446895898547663,True
2025,B,12,1780359120.0,True,0,dependency_timeout,0,False,4.0,12.0,0.0,5.446895898547663,True,0.6836320664119429,False,5.446895898547663,True,1.0,True,6000000000.0,True,5.446895898547663,True
2025,B,13,1780359180.0,True,0,dependency_timeout,0,False,0.0,11.0,0.0,5.446895898547663,True,0.5018576215060332,False,5.446895898547663,True,1.0,True,999999999.9999999,True,5.446895898547663,True
2025,B,14,1780359240.0,False,-1,,0,False,0.0,10.0,0.0,-1.8090868060432443,False,0.40783741788366945,False,-1.8090868060432443,False,0.25866249275443587,False,0.16328768730163573,False,-1.8090868060432443,False
2025,B,15,1780359300.0,False,-1,,0,False,0.0,13.0,0.0,-1.5474878261312215,False,0.40644435522181627,False,-1.5474878261312215,False,0.2307562658387595,False,0.13541507720947263,False,-1.5474878261312215,False
2025,B,16,1780359360.0,False,-1,,0,False,0.0,5.0,0.0,-1.2867491689808546,False,0.487423910965647,False,-1.2867491689808546,False,0.3611766054503257,False,0.13863668441772461,False,-1.2867491689808546,False
2025,B,17,1780359420.0,False,-1,,0,False,1.0,17.0,0.0,-1.211210893572761,False,0.5707252018321928,False,-1.211210893572761,False,0.00013630377573117572,False,0.14840631484985353,False,-1.211210893572761,False
2025,B,18,1780359480.0,False,-1,,0,False,0.0,14.0,0.0,-1.6356226233668734,False,0.3922421946908094,False,-1.6356226233668734,False,0.2237302694038766,False,0.1471478462219238,False,-1.6356226233668734,False
2025,B,19,1780359540.0,True,1,permission_denied,0,False,0.0,5.0,0.0,1.2368636398532615,True,0.507516082272761,False,1.2368636398532615,True,1.0,True,3000000000.0,True,1.2368636398532615,True
2025,B,20,1780359600.0,True,1,permission_denied,0,False,0.0,19.0,0.0,2.4617625939003904,True,0.3821074114090338,False,2.4617625939003904,True,1.0,True,7000000000.0,True,2.4617625939003904,True
2025,B,21,1780359660.0,True,1,permission_denied,0,False,0.0,7.0,0.0,0.018679082447477846,False,0.4336785984262531,False,0.018679082447477846,False,1.0,True,1999999999.9999998,True,0.018679082447477846,True
2025,B,22,1780359720.0,True,1,permission_denied,0,False,0.0,7.0,0.0,1.783975000778494,True,0.4484724126709665,False,1.783975000778494,True,1.0,True,3999999999.9999995,True,1.783975000778494,True
2025,B,23,1780359780.0,False,-1,,0,False,0.0,9.0,0.0,-0.47115160776459053,False,0.454717935091044,False,-0.47115160776459053,False,0.27134842463487785,False,0.19862308502197265,False,-0.47115160776459053,False
2025,B,24,1780359840.0,False,-1,,0,False,0.0,8.0,0.0,-1.540946184778396,False,0.4242655781264,False,-1.540946184778396,False,0.286649624048389,False,0.15353171825408932,False,-1.540946184778396,False
2025,B,25,1780359900.0,False,-1,,0,False,0.0,14.0,0.0,-1.9642437040780765,False,0.38921973787795194,False,-1.9642437040780765,False,0.2237302694038766,False,0.15203540325164794,False,-1.9642437040780765,False
2025,B,26,1780359960.0,False,-1,,0,False,0.0,12.0,0.0,-1.8356501618075907,False,0.3941754275566087,False,-1.8356501618075907,False,0.23874979971626184,False,0.14696474075317384,False,-1.8356501618075907,False
2025,B,27,1780360020.0,False,-1,,0,False,0.0,11.0,0.0,-0.4623621921086789,False,0.45288236684564476,False,-0.4623621921086789,False,0.24794537445720646,False,0.16909313201904297,False,-0.4623621921086789,False
2025,B,28,1780360080.0,False,-1,,0,False,0.0,11.0,0.0,-1.7082605999653158,False,0.39800306119559353,False,-1.7082605999653158,False,0.24794537445720646,False,0.15257382392883298,False,-1.7082605999653158,False
2025,B,29,1780360140.0,False,-1,,0,False,0.0,12.0,0.0,-1.3035158076547253,False,0.399291207301255,False,-1.3035158076547253,False,0.23874979971626184,False,0.13673312664031984,False,-1.3035158076547253,False
2025,B,30,1780360200.0,False,-1,,0,False,0.0,8.0,0.0,-1.2187885357519326,False,0.43305409749914764,False,-1.2187885357519326,False,0.286649624048389,False,0.1677851676940918,False,-1.2187885357519326,False
2025,B,31,1780360260.0,True,2,resource_exhaustion,0,False,0.0,8.0,0.0,5.446895898547663,True,0.5185281956000537,False,5.446895898547663,True,0.286649624048389,False,0.1935645580291748,False,5.446895898547663,True
2025,B,32,1780360320.0,True,2,resource_exhaustion,0,False,0.0,5.0,0.0,5.446895898547663,True,0.6223060669740974,False,5.446895898547663,True,0.3611766054503257,False,0.30393180847167967,False,5.446895898547663,True
2025,B,33,1780360380.0,True,2,resource_exhaustion,0,False,1.0,5.0,0.0,5.446895898547663,True,0.686169807890565,False,5.446895898547663,True,1.0,True,999999999.9999999,True,5.446895898547663,True
2025,B,34,1780360440.0,True,2,resource_exhaustion,0,False,2.0,14.0,0.0,5.446895898547663,True,0.7013394395799692,False,5.446895898547663,True,1.0,True,1999999999.9999998,True,5.446895898547663,True
2025,B,35,1780360500.0,False,-1,,0,False,0.0,13.0,0.0,-1.5365510869491912,False,0.41738028534258453,False,-1.5365510869491912,False,0.2307562658387595,False,0.19741172790527337,False,-1.5365510869491912,False
2025,B,36,1780360560.0,False,-1,,0,False,0.0,8.0,0.0,-0.8248640225129895,False,0.4312265807746913,False,-0.8248640225129895,False,0.286649624048389,False,0.12001712322235107,False,-0.8248640225129895,False
2025,B,37,1780360620.0,False,-1,,0,False,0.0,9.0,0.0,-0.6973245089192721,False,0.4227829717462075,False,-0.6973245089192721,False,0.27134842463487785,False,0.13913564682006835,False,-0.6973245089192721,False
2025,B,38,1780360680.0,False,-1,,0,False,0.0,13.0,0.0,-0.8281289351418799,False,0.4187250072324959,False,-0.8281289351418799,False,0.2307562658387595,False,0.1475260734558105,False,-0.8281289351418799,False
2025,B,39,1780360740.0,False,-1,,0,False,0.0,6.0,0.0,-1.4742148794916359,False,0.44087888124413266,False,-1.4742148794916359,False,0.3295348248734502,False,0.1399674415588379,False,-1.4742148794916359,False
2025,B,40,1780360800.0,True,3,dependency_timeout,0,False,1.0,10.0,0.0,5.446895898547663,True,0.6404135529296696,False,5.446895898547663,True,1.0,True,1999999999.9999998,True,5.446895898547663,True
2025,B,41,1780360860.0,True,3,dependency_timeout,0,False,1.0,11.0,0.0,5.446895898547663,True,0.6645928999588333,False,5.446895898547663,True,1.0,True,3999999999.9999995,True,5.446895898547663,True
2025,B,42,1780360920.0,True,3,dependency_timeout,0,False,0.0,9.0,0.0,5.446895898547663,True,0.524671335130661,False,5.446895898547663,True,1.0,True,3000000000.0,True,5.446895898547663,True
2025,B,43,1780360980.0,True,3,dependency_timeout,0,False,0.0,8.0,0.0,5.446895898547663,True,0.5343701298164262,False,5.446895898547663,True,1.0,True,999999999.9999999,True,5.446895898547663,True
2025,B,44,1780361040.0,False,-1,,0,False,0.0,12.0,0.0,-1.9289946634319923,False,0.4014777343445946,False,-1.9289946634319923,False,0.23874979971626184,False,0.15834152698516846,False,-1.9289946634319923,False
2025,B,45,1780361100.0,False,-1,,0,False,0.0,14.0,0.0,-1.7133360826095432,False,0.39772216782359043,False,-1.7133360826095432,False,0.2237302694038766,False,0.14106409549713134,False,-1.7133360826095432,False
2025,B,46,1780361160.0,False,-1,,0,False,0.0,11.0,0.0,-1.109397274039714,False,0.43027643311984326,False,-1.109397274039714,False,0.24794537445720646,False,0.20825242996215823,False,-1.109397274039714,False
2025,B,47,1780361220.0,False,-1,,0,False,0.0,10.0,0.0,-0.8683934513073943,False,0.42049894487435574,False,-0.8683934513073943,False,0.25866249275443587,False,0.118784499168396,False,-0.8683934513073943,False
2025,B,48,1780361280.0,False,-1,,0,False,0.0,3.0,0.0,-1.0092107535698194,False,0.5430834932489477,False,-1.0092107535698194,False,0.4693057298233409,False,0.1301437854766846,False,-1.0092107535698194,False
2025,B,49,1780361340.0,False,-1,,0,False,0.0,10.0,0.0,-0.2858754213639694,False,0.4432987381166215,False,-0.2858754213639694,False,0.25866249275443587,False,0.11370892524719238,False,-0.2858754213639694,False
2025,B,50,1780361400.0,False,-1,,0,False,0.0,9.0,0.0,4.967312561276823,True,0.502933242052569,False,4.967312561276823,True,0.27134842463487785,False,0.13514394760131837,False,4.967312561276823,True
2025,B,51,1780361460.0,True,4,permission_denied,0,False,0.0,12.0,0.0,-2.4620390482787968e-05,False,0.4172516237573377,False,-2.4620390482787968e-05,False,1.0,True,1999999999.9999998,True,-2.4620390482787968e-05,True
2025,B,52,1780361520.0,True,4,permission_denied,0,False,0.0,9.0,0.0,1.3900231144387556,True,0.4136257411145686,False,1.3900231144387556,True,1.0,True,3999999999.9999995,True,1.3900231144387556,True
2025,B,53,1780361580.0,True,4,permission_denied,0,False,0.0,12.0,0.0,2.493977473839197,True,0.4324392314626281,False,2.493977473839197,True,1.0,True,6000000000.0,True,2.493977473839197,True
2025,B,54,1780361640.0,True,4,permission_denied,0,False,0.0,9.0,0.0,-1.3847864529115617,False,0.4113441924099607,False,-1.3847864529115617,False,0.27134842463487785,False,0.12906780242919924,False,-1.3847864529115617,False
2025,B,55,1780361700.0,False,-1,,0,False,0.0,10.0,0.0,-0.4004646833759864,False,0.461155689160232,False,-0.4004646833759864,False,0.25866249275443587,False,0.13775784969329832,False,-0.4004646833759864,False
2025,B,56,1780361760.0,False,-1,,0,False,0.0,5.0,0.0,-0.6767524176556581,False,0.5126317910106177,False,-0.6767524176556581,False,0.3611766054503257,False,0.11682243347167968,False,-0.6767524176556581,False
2025,B,57,1780361820.0,False,-1,,0,False,0.0,13.0,0.0,-1.8327804569832677,False,0.404511103986469,False,-1.8327804569832677,False,0.2307562658387595,False,0.17685432434082027,False,-1.8327804569832677,False
2025,B,58,1780361880.0,False,-1,,0,False,0.0,11.0,0.0,-1.2312674422869039,False,0.40378356129820475,False,-1.2312674422869039,False,0.24794537445720646,False,0.1489732265472412,False,-1.2312674422869039,False
2025,B,59,1780361940.0,False,-1,,0,False,0.0,7.0,0.0,1.2445480414033847,True,0.4935515179609478,False,1.2445480414033847,True,0.305536657637389,False,0.1493966579437256,False,1.2445480414033847,True
2025,B,60,1780362000.0,False,-1,,0,False,0.0,14.0,0.0,-1.658852410656805,False,0.4067172969598379,False,-1.658852410656805,False,0.2237302694038766,False,0.1789606809616089,False,-1.658852410656805,False
2025,B,61,1780362060.0,False,-1,,0,False,0.0,8.0,0.0,-1.0949464508426292,False,0.4453973108452152,False,-1.0949464508426292,False,0.286649624048389,False,0.12514917850494384,False,-1.0949464508426292,False
2025,B,62,1780362120.0,True,5,config_error,0,False,0.0,5.0,0.0,-0.5546258858877282,False,0.5057419333488258,False,-0.5546258858877282,False,0.3611766054503257,False,0.11082763671874998,False,-0.5546258858877282,False
2025,B,63,1780362180.0,True,5,config_error,0,False,0.0,9.0,0.0,4.40987835553938,True,0.4663722993390294,False,4.40987835553938,True,1.0,True,9000000000.0,True,4.40987835553938,True
2025,B,64,1780362240.0,True,5,config_error,0,False,0.0,7.0,0.0,3.9994304174255024,True,0.4785158657453238,False,3.9994304174255024,True,1.0,True,7000000000.0,True,3.9994304174255024,True
2025,B,65,1780362300.0,True,5,config_error,0,False,0.0,6.0,0.0,2.6203424334839993,True,0.48360479757937735,False,2.6203424334839993,True,1.0,True,5000000000.0,True,2.6203424334839993,True
2025,B,66,1780362360.0,False,-1,,0,False,0.0,11.0,0.0,-0.41822812791559993,False,0.4664708200044171,False,-0.41822812791559993,False,0.24794537445720646,False,0.14502716064453128,False,-0.41822812791559993,False
2025,B,67,1780362420.0,False,-1,,0,False,0.0,10.0,0.0,-1.4268470007236127,False,0.4040332995284999,False,-1.4268470007236127,False,0.25866249275443587,False,0.14631264209747313,False,-1.4268470007236127,False
2025,B,68,1780362480.0,False,-1,,0,False,0.0,4.0,0.0,-1.3676942897515145,False,0.49796719308382925,False,-1.3676942897515145,False,0.4049460998448299,False,0.14555752277374265,False,-1.3676942897515145,False
2025,B,69,1780362540.0,False,-1,,0,False,0.0,13.0,0.0,-0.8708727749692384,False,0.41216357131777015,False,-0.8708727749692384,False,0.2307562658387595,False,0.14642210006713868,False,-0.8708727749692384,False
2025,B,70,1780362600.0,False,-1,,0,False,0.0,9.0,0.0,-0.23512651186493994,False,0.4532944163163856,False,-0.23512651186493994,False,0.27134842463487785,False,0.11466493606567382,False,-0.23512651186493994,False
2025,B,71,1780362660.0,False,-1,,0,False,0.0,8.0,0.0,-1.1810009801276378,False,0.4187701335933446,False,-1.1810009801276378,False,0.286649624048389,False,0.12595529556274415,False,-1.1810009801276378,False
2025,B,72,1780362720.0,False,-1,,0,False,0.0,9.0,0.0,-0.9716870683518994,False,0.43313619322703434,False,-0.9716870683518994,False,0.27134842463487785,False,0.11766328811645507,False,-0.9716870683518994,False
2025,B,73,1780362780.0,False,-1,,0,False,0.0,4.0,0.0,-0.7462378131912883,False,0.5185069544432115,False,-0.7462378131912883,False,0.4049460998448299,False,0.12145121097564697,False,-0.7462378131912883,False
2025,B,74,1780362840.0,True,6,resource_exhaustion,0,False,2.0,9.0,0.0,5.446895898547663,True,0.6940609562083917,False,5.446895898547663,True,1.0,True,999999999.9999999,True,5.446895898547663,True
2025,B,75,1780362900.0,True,6,resource_exhaustion,0,False,1.0,5.0,0.0,5.446895898547663,True,0.7153857571828973,True,5.446895898547663,True,1.0,True,1999999999.9999998,True,5.446895898547663,True
2025,B,76,1780362960.0,True,6,resource_exhaustion,0,False,1.0,5.0,0.0,5.446895898547663,True,0.704866255214139,True,5.446895898547663,True,1.0,True,999999999.9999999,True,5.446895898547663,True
2025,B,77,1780363020.0,True,6,resource_exhaustion,0,False,0.0,14.0,0.0,5.446895898547663,True,0.513992749654501,False,5.446895898547663,True,0.2237302694038766,False,0.20388860702514644,False,5.446895898547663,True
2025,B,78,1780363080.0,False,-1,,0,False,0.0,9.0,0.0,0.37781518949796755,False,0.4711249834342596,False,0.37781518949796755,False,0.27134842463487785,False,0.14467105865478516,False,0.37781518949796755,False
2025,B,79,1780363140.0,False,-1,,0,False,0.0,7.0,0.0,-0.3953384458369049,False,0.4443946904238112,False,-0.3953384458369049,False,0.305536657637389,False,0.111669921875,False,-0.3953384458369049,False
2025,B,80,1780363200.0,False,-1,,0,False,0.0,14.0,0.0,-1.6853591192939543,False,0.39592180388048065,False,-1.6853591192939543,False,0.2237302694038766,False,0.14507951736450195,False,-1.6853591192939543,False
2025,B,81,1780363260.0,False,-1,,0,False,0.0,7.0,0.0,-0.7992349334496236,False,0.45482440477220815,False,-0.7992349334496236,False,0.305536657637389,False,0.14503641128540037,False,-0.7992349334496236,False
2025,B,82,1780363320.0,False,-1,,0,False,0.0,4.0,0.0,-1.3160314111410898,False,0.5078521908368975,False,-1.3160314111410898,False,0.4049460998448299,False,0.11534473896026612,False,-1.3160314111410898,False
2025,B,83,1780363380.0,False,-1,,0,False,0.0,9.0,0.0,-1.6308106565536695,False,0.416334540469875,False,-1.6308106565536695,False,0.27134842463487785,False,0.1709296226501465,False,-1.6308106565536695,False
2025,B,84,1780363440.0,False,-1,,0,False,0.0,12.0,0.0,-1.5165486354507207,False,0.3964077367724857,False,-1.5165486354507207,False,0.23874979971626184,False,0.14842913150787354,False,-1.5165486354507207,False
2025,B,85,1780363500.0,False,-1,,0,False,0.0,6.0,0.0,-1.4992856016720149,False,0.4452771418314069,False,-1.4992856016720149,False,0.3295348248734502,False,0.15273451805114746,False,-1.4992856016720149,False
2025,B,86,1780363560.0,True,7,dependency_timeout,0,False,1.0,11.0,0.0,5.446895898547663,True,0.6277284811605263,False,5.446895898547663,True,1.0,True,999999999.9999999,True,5.446895898547663,True
2025,B,87,1780363620.0,True,7,dependency_timeout,0,False,0.0,11.0,0.0,5.446895898547663,True,0.5346348118879594,False,5.446895898547663,True,1.0,True,3999999999.9999995,True,5.446895898547663,True
2025,B,88,1780363680.0,True,7,dependency_timeout,0,False,1.0,11.0,0.0,5.446895898547663,True,0.645516841184374,False,5.446895898547663,True,1.0,True,3999999999.9999995,True,5.446895898547663,True
2025,B,89,1780363740.0,True,7,dependency_timeout,0,False,0.0,7.0,0.0,5.446895898547663,True,0.5594735896979786,False,5.446895898547663,True,1.0,True,3000000000.0,True,5.446895898547663,True
2025,B,90,1780363800.0,True,7,dependency_timeout,0,False,0.0,9.0,0.0,5.446895898547663,True,0.49747796167339403,False,5.446895898547663,True,1.0,True,999999999.9999999,True,5.446895898547663,True
2025,B,91,1780363860.0,False,-1,,0,False,0.0,9.0,0.0,-1.4799705895666992,False,0.42068410126436717,False,-1.4799705895666992,False,0.27134842463487785,False,0.15398874282836914,False,-1.4799705895666992,False
2025,B,92,1780363920.0,False,-1,,0,False,0.0,6.0,0.0,-1.1744461640084065,False,0.4665790907915531,False,-1.1744461640084065,False,0.3295348248734502,False,0.18303930759429932,False,-1.1744461640084065,False
2025,B,93,1780363980.0,False,-1,,0,False,0.0,8.0,0.0,-0.345214861645359,False,0.463277158868538,False,-0.345214861645359,False,0.286649624048389,False,0.21769764423370358,False,-0.345214861645359,False
2025,B,94,1780364040.0,False,-1,,0,False,0.0,7.0,0.0,-1.0079064546462302,False,0.4316364078966028,False,-1.0079064546462302,False,0.305536657637389,False,0.13108577728271484,False,-1.0079064546462302,False
2025,B,95,1780364100.0,False,-1,,0,False,0.0,8.0,0.0,-0.6818665434797175,False,0.4389244105095192,False,-0.6818665434797175,False,0.286649624048389,False,0.12324473857879639,False,-0.6818665434797175,False
2025,B,96,1780364160.0,False,-1,,0,False,0.0,10.0,0.0,-1.4008462839220606,False,0.41670811802880786,False,-1.4008462839220606,False,0.25866249275443587,False,0.15133845806121823,False,-1.4008462839220606,False
2025,B,97,1780364220.0,False,-1,,0,False,0.0,4.0,0.0,-0.5528038057201972,False,0.5337935522567504,False,-0.5528038057201972,False,0.4049460998448299,False,0.1427070379257202,False,-0.5528038057201972,False
2025,B,98,1780364280.0,False,-1,,0,False,0.0,7.0,0.0,-1.4968634745076583,False,0.44846619387544806,False,-1.4968634745076583,False,0.305536657637389,False,0.12383804321289063,False,-1.4968634745076583,False
2025,B,99,1780364340.0,False,-1,,0,False,0.0,4.0,0.0,-1.2034747991460408,False,0.5202025068939636,False,-1.2034747991460408,False,0.4049460998448299,False,0.1035548210144043,False,-1.2034747991460408,False
2025,B,100,1780364400.0,True,8,config_error,0,False,0.0,4.0,0.0,1.5903672071041095,True,0.5392106209424353,False,1.5903672071041095,True,1.0,True,3000000000.0,True,1.5903672071041095,True
2025,B,101,1780364460.0,True,8,config_error,0,False,0.0,4.0,0.0,3.383016468753905,True,0.5764019701092987,False,3.383016468753905,True,1.0,True,3999999999.9999995,True,3.383016468753905,True
2025,B,102,1780364520.0,True,8,config_error,0,False,0.0,4.0,0.0,2.9885929965278737,True,0.5314439947411043,False,2.9885929965278737,True,1.0,True,3999999999.9999995,True,2.9885929965278737,True
2025,B,103,1780364580.0,True,8,config_error,0,False,0.0,5.0,0.0,2.1371134428100973,True,0.5214323850494146,False,2.1371134428100973,True,1.0,True,3999999999.9999995,True,2.1371134428100973,True
2025,B,104,1780364640.0,False,-1,,0,False,0.0,6.0,0.0,-1.0549016843008117,False,0.45086702049379146,False,-1.0549016843008117,False,0.3295348248734502,False,0.14252209663391113,False,-1.0549016843008117,False
2025,B,105,1780364700.0,False,-1,,0,False,0.0,12.0,0.0,-0.6920659261684641,False,0.43346721261941595,False,-0.6920659261684641,False,0.23874979971626184,False,0.11423599720001222,False,-0.6920659261684641,False
2025,B,106,1780364760.0,False,-1,,0,False,0.0,8.0,0.0,-1.1462542737829517,False,0.428984385062809,False,-1.1462542737829517,False,0.286649624048389,False,0.15343680381774902,False,-1.1462542737829517,False
2025,B,107,1780364820.0,False,-1,,0,False,0.0,7.0,0.0,1.0123187795258977,True,0.48447369424802683,False,1.0123187795258977,True,0.305536657637389,False,0.2602425575256347,False,1.0123187795258977,True
2025,B,108,1780364880.0,False,-1,,0,False,0.0,8.0,0.0,-1.7726205888300228,False,0.412182770672081,False,-1.7726205888300228,False,0.286649624048389,False,0.15105347633361815,False,-1.7726205888300228,False
2025,B,109,1780364940.0,False,-1,,0,False,0.0,4.0,0.0,2.3388001479055966,True,0.5907503759274605,False,2.3388001479055966,True,0.4049460998448299,False,0.09027018547058108,False,2.3388001479055966,True
2025,B,110,1780365000.0,True,9,resource_exhaustion,0,False,1.0,16.0,0.0,5.446895898547663,True,0.6420695655796882,False,5.446895898547663,True,1.0,True,999999999.9999999,True,5.446895898547663,True
2025,B,111,1780365060.0,True,9,resource_exhaustion,0,False,2.0,11.0,0.0,5.446895898547663,True,0.7014344696140006,False,5.446895898547663,True,1.0,True,999999999.9999999,True,5.446895898547663,True
2025,B,112,1780365120.0,True,9,resource_exhaustion,0,False,1.0,8.0,0.0,5.446895898547663,True,0.6942896735304569,False,5.446895898547663,True,1.0,True,3000000000.0,True,5.446895898547663,True
2025,B,113,1780365180.0,True,9,resource_exhaustion,0,False,3.0,12.0,0.0,5.446895898547663,True,0.7029385166332845,False,5.446895898547663,True,1.0,True,999999999.9999999,True,5.446895898547663,True
2025,B,114,1780365240.0,True,9,resource_exhaustion,0,False,0.0,6.0,0.0,5.446895898547621,True,0.5503204402804392,False,5.446895898547621,True,0.3295348248734502,False,0.1804032325744629,False,5.446895898547621,True
2025,B,115,1780365300.0,False,-1,,0,False,0.0,5.0,0.0,-1.2558436678069365,False,0.4748524814291426,False,-1.2558436678069365,False,0.3611766054503257,False,0.14766035079956055,False,-1.2558436678069365,False
2025,B,116,1780365360.0,False,-1,,0,False,0.0,5.0,0.0,-1.276061920050478,False,0.46586971169795616,False,-1.276061920050478,False,0.3611766054503257,False,0.11471118927001953,False,-1.276061920050478,False
2025,B,117,1780365420.0,False,-1,,0,False,0.0,7.0,0.0,-0.6919005047452229,False,0.4423126937698202,False,-0.6919005047452229,False,0.305536657637389,False,0.11374354362487793,False,-0.6919005047452229,False
2025,B,118,1780365480.0,False,-1,,0,False,0.0,11.0,0.0,-0.8782757430644246,False,0.4081429248599357,False,-0.8782757430644246,False,0.24794537445720646,False,0.1319866180419922,False,-0.8782757430644246,False
2025,B,119,1780365540.0,False,-1,,0,False,0.0,13.0,0.0,-1.8155915432769678,False,0.3945524096792479,False,-1.8155915432769678,False,0.2307562658387595,False,0.15498409271240232,False,-1.8155915432769678,False
2025,B,120,1780365600.0,False,-1,,0,False,0.0,8.0,0.0,0.0742639147601798,False,0.4639329350903008,False,0.0742639147601798,False,0.286649624048389,False,0.1146989107131958,False,0.0742639147601798,False
2025,B,121,1780365660.0,False,-1,,0,False,0.0,10.0,0.0,-1.5172396625115026,False,0.4112023856184456,False,-1.5172396625115026,False,0.25866249275443587,False,0.14650754928588866,False,-1.5172396625115026,False
2025,B,122,1780365720.0,False,-1,,0,False,0.0,9.0,0.0,-0.7023057855766908,False,0.43411603658545234,False,-0.7023057855766908,False,0.27134842463487785,False,0.11353979110717774,False,-0.7023057855766908,False
2025,B,123,1780365780.0,False,-1,,0,False,0.0,5.0,0.0,-1.3583487303912785,False,0.4624256335822813,False,-1.3583487303912785,False,0.3611766054503257,False,0.14031648635864258,False,-1.3583487303912785,False
2025,B,124,1780365840.0,False,-1,,0,False,0.0,9.0,0.0,0.5648257111375701,False,0.4950600450490838,False,0.5648257111375701,False,0.27134842463487785,False,0.2034317970275879,False,0.5648257111375701,False
2025,B,125,1780365900.0,False,-1,,0,False,0.0,3.0,0.0,0.9668119467144756,True,0.6042206115030723,False,0.9668119467144756,True,0.4693057298233409,False,0.08010501861572265,False,0.9668119467144756,True
2025,B,126,1780365960.0,True,10,permission_denied,0,False,0.0,7.0,0.0,2.038502772602601,True,0.46918759105542845,False,2.038502772602601,True,1.0,True,3999999999.9999995,True,2.038502772602601,True
2025,B,127,1780366020.0,True,10,permission_denied,0,False,0.0,12.0,0.0,-0.7471126373042996,False,0.4182926163584831,False,-0.7471126373042996,False,1.0,True,999999999.9999999,True,-0.7471126373042996,True
2025,B,128,1780366080.0,True,10,permission_denied,0,False,0.0,10.0,0.0,0.6253470297270098,False,0.4141902203809854,False,0.6253470297270098,False,1.0,True,3000000000.0,True,0.6253470297270098,True
2025,B,129,1780366140.0,True,10,permission_denied,0,False,0.0,6.0,0.0,-1.45439997524102,False,0.45313200647350405,False,-1.45439997524102,False,0.3295348248734502,False,0.17748534679412842,False,-1.45439997524102,False
2025,B,130,1780366200.0,False,-1,,0,False,0.0,10.0,0.0,-1.7166252165467029,False,0.407528031157412,False,-1.7166252165467029,False,0.25866249275443587,False,0.16871881484985352,False,-1.7166252165467029,False
2025,B,131,1780366260.0,False,-1,,0,False,0.0,6.0,0.0,-1.649922325910107,False,0.43209022668164426,False,-1.649922325910107,False,0.3295348248734502,False,0.135334849357605,False,-1.649922325910107,False
2025,B,132,1780366320.0,False,-1,,0,False,0.0,9.0,0.0,-1.4135450554717535,False,0.42590024498921814,False,-1.4135450554717535,False,0.27134842463487785,False,0.15638532638549804,False,-1.4135450554717535,False
2025,B,133,1780366380.0,False,-1,,0,False,0.0,4.0,0.0,-0.2828348292389409,False,0.524233831486127,False,-0.2828348292389409,False,0.4049460998448299,False,0.101035475730896,False,-0.2828348292389409,False
2025,B,134,1780366440.0,False,-1,,0,False,0.0,3.0,0.0,-0.9967167552780083,False,0.5646792889210043,False,-0.9967167552780083,False,0.4693057298233409,False,0.1029646873474121,False,-0.9967167552780083,False
2025,B,135,1780366500.0,False,-1,,0,False,0.0,7.0,0.0,-1.7201389781214447,False,0.4188347845616157,False,-1.7201389781214447,False,0.305536657637389,False,0.1462745189666748,False,-1.7201389781214447,False
2025,B,136,1780366560.0,False,-1,,0,False,0.0,7.0,0.0,0.08953455926125553,False,0.47365437266739274,False,0.08953455926125553,False,0.305536657637389,False,0.11803202629089356,False,0.08953455926125553,False
2025,B,137,1780366620.0,False,-1,,0,False,0.0,4.0,0.0,-1.2153883108316172,False,0.5026538835774264,False,-1.2153883108316172,False,0.4049460998448299,False,0.14165792465209961,False,-1.2153883108316172,False
2025,B,138,1780366680.0,False,-1,,0,False,0.0,12.0,0.0,-1.273157813295609,False,0.39937446178597025,False,-1.273157813295609,False,0.23874979971626184,False,0.14166865348815919,False,-1.273157813295609,False
2025,B,139,1780366740.0,True,11,config_error,0,False,0.0,7.0,0.0,4.085593761399147,True,0.47313840594759765,False,4.085593761399147,True,1.0,True,7000000000.0,True,4.085593761399147,True
2025,B,140,1780366800.0,True,11,config_error,0,False,0.0,9.0,0.0,4.481915426416022,True,0.460615440572114,False,4.481915426416022,True,1.0,True,9000000000.0,True,4.481915426416022,True
2025,B,141,1780366860.0,True,11,config_error,0,False,0.0,7.0,0.0,4.041407752308342,True,0.4776466489148532,False,4.041407752308342,True,1.0,True,7000000000.0,True,4.041407752308342,True
2025,B,142,1780366920.0,True,11,config_error,0,False,0.0,8.0,0.0,1.9095569438163764,True,0.44013831066830383,False,1.9095569438163764,True,1.0,True,3999999999.9999995,True,1.9095569438163764,True
2025,B,143,1780366980.0,False,-1,,1,False,0.0,3.0,0.0,-0.49982300435063554,False,0.5908644628127285,False,-0.49982300435063554,False,0.4693057298233409,False,0.10078215599060059,False,-0.49982300435063554,False
2025,B,144,1780367040.0,False,-1,,1,False,0.0,4.0,0.0,-1.5143156225616217,False,0.49654791387905495,False,-1.5143156225616217,False,0.4049460998448299,False,0.12403914928436277,False,-1.5143156225616217,False
2025,B,145,1780367100.0,False,-1,,1,False,0.0,6.0,0.0,-1.0606719407164968,False,0.4670758963212489,False,-1.0606719407164968,False,0.3295348248734502,False,0.15616071224212646,False,-1.0606719407164968,False
2025,B,146,1780367160.0,False,-1,,1,False,0.0,6.0,0.0,-1.375952074871316,False,0.4473858851331756,False,-1.375952074871316,False,0.3295348248734502,False,0.11489760875701904,False,-1.375952074871316,False
2025,B,147,1780367220.0,False,-1,,1,False,0.0,5.0,0.0,-0.13640520673874512,False,0.4991524163650571,False,-0.13640520673874512,False,0.3611766054503257,False,0.10326995849609374,False,-0.13640520673874512,False
2025,B,148,1780367280.0,False,-1,,1,False,0.0,5.0,0.0,-0.817465802635196,False,0.47008315630339503,False,-0.817465802635196,False,0.3611766054503257,False,0.11484136581420898,False,-0.817465802635196,False
2025,B,149,1780367340.0,False,-1,,1,False,0.0,4.0,0.0,-1.1528526171272926,False,0.494580147797165,False,-1.1528526171272926,False,0.4049460998448299,False,0.13446533679962155,False,-1.1528526171272926,False
2025,B,150,1780367400.0,False,-1,,1,False,0.0,9.0,0.0,-0.4090831845594023,False,0.43852823073928265,False,-0.4090831845594023,False,0.27134842463487785,False,0.13493289947509765,False,-0.4090831845594023,False
2025,B,151,1780367460.0,False,-1,,1,False,0.0,3.0,0.0,-0.44068126700299004,False,0.569871152789922,False,-0.44068126700299004,False,0.4693057298233409,False,0.11938090324401855,False,-0.44068126700299004,False
2025,B,152,1780367520.0,False,-1,,1,False,0.0,12.0,0.0,-0.6952070263676777,False,0.4572820881332037,False,-0.6952070263676777,False,0.23874979971626184,False,0.13318345546722413,False,-0.6952070263676777,False
2025,B,153,1780367580.0,False,-1,,1,False,0.0,5.0,0.0,-1.2633659658316923,False,0.4578104938168739,False,-1.2633659658316923,False,0.3611766054503257,False,0.13879194259643554,False,-1.2633659658316923,False
2025,B,154,1780367640.0,True,12,dependency_timeout,1,False,0.0,10.0,0.0,5.446895898547663,True,0.5193843133005402,False,5.446895898547663,True,1.0,True,1999999999.9999998,True,5.446895898547663,True
2025,B,155,1780367700.0,True,12,dependency_timeout,1,False,2.0,8.0,0.0,5.446895898547663,True,0.6937954648462895,False,5.446895898547663,True,1.0,True,3999999999.9999995,True,5.446895898547663,True
2025,B,156,1780367760.0,True,12,dependency_timeout,1,False,0.0,9.0,0.0,5.446895898547663,True,0.4719232482724132,False,5.446895898547663,True,1.0,True,999999999.9999999,True,5.446895898547663,True
2025,B,157,1780367820.0,False,-1,,1,False,0.0,4.0,0.0,-0.9489279867467522,False,0.5015767443427215,False,-0.9489279867467522,False,0.4049460998448299,False,0.11786315441131592,False,-0.9489279867467522,False
2025,B,158,1780367880.0,False,-1,,1,False,0.0,7.0,0.0,-1.776033119033432,False,0.4223393336490727,False,-1.776033119033432,False,0.305536657637389,False,0.15679407119750974,False,-1.776033119033432,False
2025,B,159,1780367940.0,False,-1,,1,False,0.0,1.0,0.0,1.3737411420448913,True,0.6883104825674333,False,1.3737411420448913,True,0.6829569059374253,True,0.1307225227355957,False,1.3737411420448913,True
2025,B,160,1780368000.0,False,-1,,1,False,0.0,5.0,0.0,-1.078179161181195,False,0.49414259206830263,False,-1.078179161181195,False,0.3611766054503257,False,0.10070075988769533,False,-1.078179161181195,False
2025,B,161,1780368060.0,False,-1,,1,False,0.0,5.0,0.0,-0.4448181567747005,False,0.5009004173088356,False,-0.4448181567747005,False,0.3611766054503257,False,0.11584320068359374,False,-0.4448181567747005,False
2025,B,162,1780368120.0,False,-1,,1,False,0.0,9.0,0.0,-1.385101309011847,False,0.4260146655924734,False,-1.385101309011847,False,0.27134842463487785,False,0.18182554244995117,False,-1.385101309011847,False
2025,B,163,1780368180.0,False,-1,,1,False,0.0,5.0,0.0,-0.8646625348214299,False,0.4664639655420968,False,-0.8646625348214299,False,0.3611766054503257,False,0.12848691940307616,False,-0.8646625348214299,False
2025,B,164,1780368240.0,False,-1,,1,False,0.0,5.0,0.0,-0.7283287034689137,False,0.49429731871346283,False,-0.7283287034689137,False,0.3611766054503257,False,0.17260494232177734,False,-0.7283287034689137,False
2025,B,165,1780368300.0,True,13,resource_exhaustion,1,False,0.0,8.0,0.0,5.446895898547663,True,0.5040118529775253,False,5.446895898547663,True,0.286649624048389,False,0.1648252487182617,False,5.446895898547663,True
2025,B,166,1780368360.0,True,13,resource_exhaustion,1,False,0.0,7.0,0.0,5.446895898547663,True,0.5883723897647896,False,5.446895898547663,True,0.305536657637389,False,0.22899069786071777,False,5.446895898547663,True
2025,B,167,1780368420.0,True,13,resource_exhaustion,1,False,0.0,5.0,0.0,5.446895898547663,True,0.5946875477505212,False,5.446895898547663,True,0.3611766054503257,False,0.19011545181274414,False,5.446895898547663,True
2025,B,168,1780368480.0,True,13,resource_exhaustion,1,False,1.0,7.0,0.0,5.446895898547663,True,0.6930633508696722,False,5.446895898547663,True,1.0,True,999999999.9999999,True,5.446895898547663,True
2025,B,169,1780368540.0,False,-1,,1,False,0.0,6.0,0.0,-1.595567369360551,False,0.431998389327685,False,-1.595567369360551,False,0.3295348248734502,False,0.13698029518127441,False,-1.595567369360551,False
2025,B,170,1780368600.0,False,-1,,1,False,0.0,4.0,0.0,-1.362427117087039,False,0.49978069304995076,False,-1.362427117087039,False,0.4049460998448299,False,0.1356823682785034,False,-1.362427117087039,False
2025,B,171,1780368660.0,False,-1,,1,False,0.0,6.0,0.0,-1.6827437465359418,False,0.4350166487806569,False,-1.6827437465359418,False,0.3295348248734502,False,0.13412261009216309,False,-1.6827437465359418,False
2025,B,172,1780368720.0,False,-1,,1,False,0.0,8.0,0.0,-0.36619756224469935,False,0.44884964051944404,False,-0.36619756224469935,False,0.286649624048389,False,0.12723541259765628,False,-0.36619756224469935,False
2025,B,173,1780368780.0,False,-1,,1,False,0.0,8.0,0.0,-1.4904930416217415,False,0.4235454385586426,False,-1.4904930416217415,False,0.286649624048389,False,0.17954576015472412,False,-1.4904930416217415,False
2025,B,174,1780368840.0,False,-1,,1,False,0.0,5.0,0.0,-1.451901012064214,False,0.4676461188522509,False,-1.451901012064214,False,0.3611766054503257,False,0.15358762741088866,False,-1.451901012064214,False
2025,B,175,1780368900.0,True,14,permission_denied,1,False,0.0,2.0,0.0,1.3041746255439204,True,0.6729008192972225,False,1.3041746255439204,True,0.569804061163321,True,0.08235318660736084,False,1.3041746255439204,True
2025,B,176,1780368960.0,True,14,permission_denied,1,False,0.0,12.0,0.0,3.0929008712689416,True,0.4424238225440047,False,3.0929008712689416,True,1.0,True,7000000000.0,True,3.0929008712689416,True
2025,B,177,1780369020.0,True,14,permission_denied,1,False,0.0,5.0,0.0,0.17491095057613393,False,0.4731794552113436,False,0.17491095057613393,False,1.0,True,1999999999.9999998,True,0.17491095057613393,True
2025,B,178,1780369080.0,True,14,permission_denied,1,False,0.0,4.0,0.0,-1.3129581827911174,False,0.5020985682601072,False,-1.3129581827911174,False,0.4049460998448299,False,0.13838648796081543,False,-1.3129581827911174,False
2025,B,179,1780369140.0,False,-1,,1,False,0.0,10.0,0.0,-0.24209465850394984,False,0.47180738005462497,False,-0.24209465850394984,False,0.25866249275443587,False,0.1908984899520874,False,-0.24209465850394984,False
2025,B,180,1780369200.0,False,-1,,1,False,0.0,6.0,0.0,-1.1442707799286085,False,0.47484765691208547,False,-1.1442707799286085,False,0.3295348248734502,False,0.1149529218673706,False,-1.1442707799286085,False
2025,B,181,1780369260.0,False,-1,,1,False,0.0,7.0,0.0,-0.9529197558804903,False,0.43231710365655324,False,-0.9529197558804903,False,0.305536657637389,False,0.11554360389709473,False,-0.9529197558804903,False
2025,B,182,1780369320.0,False,-1,,1,False,0.0,8.0,0.0,-1.456745992187595,False,0.4101196605571918,False,-1.456745992187595,False,0.286649624048389,False,0.13659865856170653,False,-1.456745992187595,False
2025,B,183,1780369380.0,False,-1,,1,False,0.0,8.0,0.0,0.19592181019345034,False,0.46129584711604,False,0.19592181019345034,False,0.286649624048389,False,0.15877130031585693,False,0.19592181019345034,False
2025,B,184,1780369440.0,False,-1,,1,False,0.0,6.0,0.0,-1.7293043960636911,False,0.4368832343913312,False,-1.7293043960636911,False,0.3295348248734502,False,0.13927650451660156,False,-1.7293043960636911,False
2025,B,185,1780369500.0,False,-1,,1,False,0.0,4.0,0.0,-1.4146681571524784,False,0.5052384895025152,False,-1.4146681571524784,False,0.4049460998448299,False,0.12012534141540528,False,-1.4146681571524784,False
2025,B,186,1780369560.0,True,15,resource_exhaustion,1,False,1.0,7.0,0.0,5.446895898547663,True,0.6930633508696722,False,5.446895898547663,True,1.0,True,999999999.9999999,True,5.446895898547663,True
2025,B,187,1780369620.0,True,15,resource_exhaustion,1,False,0.0,5.0,0.0,5.446895898547663,True,0.6047962277792116,False,5.446895898547663,True,0.3611766054503257,False,0.2158350944519043,False,5.446895898547663,True
2025,B,188,1780369680.0,True,15,resource_exhaustion,1,False,1.0,8.0,0.0,5.446895898547663,True,0.692369334470516,False,5.446895898547663,True,1.0,True,999999999.9999999,True,5.446895898547663,True
2025,B,189,1780369740.0,True,15,resource_exhaustion,1,False,0.0,5.0,0.0,5.446895898547663,True,0.6223060669740974,False,5.446895898547663,True,0.3611766054503257,False,0.32457723617553713,False,5.446895898547663,True
2025,B,190,1780369800.0,True,15,resource_exhaustion,1,False,0.0,8.0,0.0,5.446895898547663,True,0.5177208805042056,False,5.446895898547663,True,0.286649624048389,False,0.20874230861663814,False,5.446895898547663,True
2025,B,191,1780369860.0,False,-1,,1,False,0.0,4.0,0.0,-1.0569591765094088,False,0.501097487874031,False,-1.0569591765094088,False,0.4049460998448299,False,0.10775880813598633,False,-1.0569591765094088,False
2025,B,192,1780369920.0,False,-1,,1,False,0.0,5.0,0.0,-0.7733659082480377,False,0.4984051454637048,False,-0.7733659082480377,False,0.3611766054503257,False,0.10004253387451172,False,-0.7733659082480377,False
2025,B,193,1780369980.0,False,-1,,1,False,0.0,4.0,0.0,-0.9129940160311083,False,0.5166746017737155,False,-0.9129940160311083,False,0.4049460998448299,False,0.17650175094604492,False,-0.9129940160311083,False
2025,B,194,1780370040.0,False,-1,,1,False,0.0,3.0,0.0,-0.9060941051766527,False,0.549495162808535,False,-0.9060941051766527,False,0.4693057298233409,False,0.10943164825439453,False,-0.9060941051766527,False
2025,B,195,1780370100.0,False,-1,,1,False,0.0,4.0,0.0,-0.6851048429709587,False,0.5070157736495814,False,-0.6851048429709587,False,0.4049460998448299,False,0.12226336002349855,False,-0.6851048429709587,False
2025,B,196,1780370160.0,False,-1,,1,False,0.0,7.0,0.0,-1.824722909599923,False,0.4411148544866426,False,-1.824722909599923,False,0.305536657637389,False,0.153466796875,False,-1.824722909599923,False
2025,B,197,1780370220.0,False,-1,,1,False,0.0,9.0,0.0,-0.4528997796042651,False,0.4551479474419248,False,-0.4528997796042651,False,0.27134842463487785,False,0.10686969757080078,False,-0.4528997796042651,False
2025,B,198,1780370280.0,False,-1,,1,False,0.0,4.0,0.0,-0.9341648049594342,False,0.518857551157093,False,-0.9341648049594342,False,0.4049460998448299,False,0.1429569959640503,False,-0.9341648049594342,False
2025,B,199,1780370340.0,False,-1,,1,False,0.0,4.0,0.0,-1.0887295341008123,False,0.514600188798487,False,-1.0887295341008123,False,0.4049460998448299,False,0.16992578506469727,False,-1.0887295341008123,False
2025,B,200,1780370400.0,True,16,config_error,1,False,0.0,3.0,0.0,0.0957339221803819,False,0.5887814213360488,False,0.0957339221803819,False,1.0,True,999999999.9999999,True,0.0957339221803819,True
2025,B,201,1780370460.0,True,16,config_error,1,False,0.0,6.0,0.0,3.074079600555819,True,0.522338709332538,False,3.074079600555819,True,1.0,True,5000000000.0,True,3.074079600555819,True
2025,B,202,1780370520.0,True,16,config_error,1,False,0.0,5.0,0.0,3.583648347280464,True,0.5116926447500731,False,3.583648347280464,True,1.0,True,5000000000.0,True,3.583648347280464,True
2025,B,203,1780370580.0,True,16,config_error,1,False,0.0,5.0,0.0,2.2891987143929793,True,0.5176196693119005,False,2.2891987143929793,True,1.0,True,3999999999.9999995,True,2.2891987143929793,True
2025,B,204,1780370640.0,False,-1,,1,False,0.0,4.0,0.0,-1.3864676300311531,False,0.5114733724857488,False,-1.3864676300311531,False,0.4049460998448299,False,0.12105777263641357,False,-1.3864676300311531,False
2025,B,205,1780370700.0,False,-1,,1,False,0.0,8.0,0.0,-1.3947394661621635,False,0.433600694163783,False,-1.3947394661621635,False,0.286649624048389,False,0.12028243541717529,False,-1.3947394661621635,False
2025,B,206,1780370760.0,False,-1,,1,False,0.0,7.0,0.0,0.24492774976914156,False,0.4934193090074522,False,0.24492774976914156,False,0.305536657637389,False,0.1295374870300293,False,0.24492774976914156,False
2025,B,207,1780370820.0,False,-1,,1,False,0.0,5.0,0.0,0.3121250856412372,False,0.523433550120969,False,0.3121250856412372,False,0.3611766054503257,False,0.10158338546752929,False,0.3121250856412372,False
2025,B,208,1780370880.0,False,-1,,1,False,0.0,4.0,0.0,-0.533308466115944,False,0.5165887904107916,False,-0.533308466115944,False,0.4049460998448299,False,0.12008156776428221,False,-0.533308466115944,False
2025,B,209,1780370940.0,False,-1,,1,False,0.0,9.0,0.0,-0.4988183110754125,False,0.4686009297500768,False,-0.4988183110754125,False,0.27134842463487785,False,0.10511960983276365,False,-0.4988183110754125,False
2025,B,210,1780371000.0,True,17,config_error,1,False,0.0,5.0,0.0,1.2240058260428208,True,0.4976469280816176,False,1.2240058260428208,True,1.0,True,3000000000.0,True,1.2240058260428208,True
2025,B,211,1780371060.0,True,17,config_error,1,False,0.0,5.0,0.0,3.3890290766318225,True,0.5171755525888149,False,3.3890290766318225,True,1.0,True,5000000000.0,True,3.3890290766318225,True
2025,B,212,1780371120.0,True,17,config_error,1,False,0.0,5.0,0.0,3.9956920144640797,True,0.5610036098573525,False,3.9956920144640797,True,1.0,True,5000000000.0,True,3.9956920144640797,True
2025,B,213,1780371180.0,True,17,config_error,1,False,0.0,11.0,0.0,2.4979413194965843,True,0.417068098122633,False,2.4979413194965843,True,1.0,True,6000000000.0,True,2.4979413194965843,True
2025,B,214,1780371240.0,False,-1,,1,False,0.0,6.0,0.0,1.5778834342449923,True,0.5128331461516418,False,1.5778834342449923,True,0.3295348248734502,False,0.1206057071685791,False,1.5778834342449923,True
2025,B,215,1780371300.0,False,-1,,1,False,0.0,8.0,0.0,-1.6803319857784134,False,0.4151518370986626,False,-1.6803319857784134,False,0.286649624048389,False,0.16549482345581054,False,-1.6803319857784134,False
2025,B,216,1780371360.0,False,-1,,1,False,0.0,2.0,0.0,-0.12644086954626044,False,0.6221704800538799,False,-0.12644086954626044,False,0.569804061163321,True,0.13825230598449706,False,-0.12644086954626044,False
2025,B,217,1780371420.0,False,-1,,1,False,0.0,6.0,0.0,-1.6632000630705637,False,0.44183424702160096,False,-1.6632000630705637,False,0.3295348248734502,False,0.1536070108413696,False,-1.6632000630705637,False
2025,B,218,1780371480.0,False,-1,,1,False,0.0,6.0,0.0,-0.7838260588054382,False,0.4795134854956805,False,-0.7838260588054382,False,0.3295348248734502,False,0.17441630363464355,False,-0.7838260588054382,False
2025,B,219,1780371540.0,False,-1,,1,False,0.0,5.0,0.0,-0.21384844233753952,False,0.5183491517620797,False,-0.21384844233753952,False,0.3611766054503257,False,0.11631841659545898,False,-0.21384844233753952,False
2025,B,220,1780371600.0,False,-1,,1,False,0.0,2.0,0.0,-0.7041166128221841,False,0.6599455667797973,False,-0.7041166128221841,False,0.569804061163321,True,0.09705007076263426,False,-0.7041166128221841,False
2025,B,221,1780371660.0,False,-1,,1,False,0.0,4.0,0.0,-1.0584344868039297,False,0.5012201941673163,False,-1.0584344868039297,False,0.4049460998448299,False,0.13977978229522706,False,-1.0584344868039297,False
2025,B,222,1780371720.0,True,18,dependency_timeout,1,False,0.0,5.0,0.0,4.0946008786407315,True,0.5691543949942962,False,4.0946008786407315,True,0.3611766054503257,False,0.3522284507751465,False,4.0946008786407315,True
2025,B,223,1780371780.0,True,18,dependency_timeout,1,False,0.0,1.0,0.0,5.446895898545563,True,0.7237474377847906,True,5.446895898545563,True,0.6829569059374253,True,0.58135986328125,False,5.446895898545563,True
2025,B,224,1780371840.0,True,18,dependency_timeout,1,False,1.0,7.0,0.0,5.446895898547663,True,0.6594191243398826,False,5.446895898547663,True,1.0,True,1999999999.9999998,True,5.446895898547663,True
2025,B,225,1780371900.0,True,18,dependency_timeout,1,False,2.0,9.0,0.0,5.446895898547663,True,0.6839633969008728,False,5.446895898547663,True,1.0,True,3999999999.9999995,True,5.446895898547663,True
2025,B,226,1780371960.0,False,-1,,1,True,0.0,20.0,0.0,-0.9059270920517051,False,0.39830408532741834,False,-0.9059270920517051,False,0.19435852292864553,False,0.13005423545837402,False,-0.9059270920517051,False
2025,B,227,1780372020.0,False,-1,,1,True,0.0,52.0,0.0,-0.6556781028778724,False,0.5325608996035386,False,-0.6556781028778724,False,0.14161804067559125,False,0.1529854059219361,False,-0.6556781028778724,False
2025,B,228,1780372080.0,False,-1,,1,True,0.0,42.0,0.0,-0.7826855789819938,False,0.49459484334690845,False,-0.7826855789819938,False,0.15094866723996742,False,0.14919941425323485,False,-0.7826855789819938,False
2025,B,229,1780372140.0,False,-1,,1,False,0.0,4.0,0.0,-0.7986906435765855,False,0.5030827979269186,False,-0.7986906435765855,False,0.4049460998448299,False,0.11800932884216309,False,-0.7986906435765855,False
2025,B,230,1780372200.0,False,-1,,1,False,0.0,2.0,0.0,-0.7751642358493989,False,0.6260514990772962,False,-0.7751642358493989,False,0.569804061163321,True,0.10550205707550049,False,-0.7751642358493989,False
2025,B,231,1780372260.0,False,-1,,1,False,0.0,9.0,0.0,-0.9135995193959845,False,0.4201937571759809,False,-0.9135995193959845,False,0.27134842463487785,False,0.12111616134643553,False,-0.9135995193959845,False
2025,B,232,1780372320.0,False,-1,,1,False,0.0,8.0,0.0,-1.3888255075868061,False,0.4467388187636889,False,-1.3888255075868061,False,0.286649624048389,False,0.1315927267074585,False,-1.3888255075868061,False
2025,B,233,1780372380.0,True,19,config_error,1,False,0.0,6.0,0.0,1.0947023034708652,True,0.4689298904798268,False,1.0947023034708652,True,1.0,True,3000000000.0,True,1.0947023034708652,True
2025,B,234,1780372440.0,True,19,config_error,1,False,0.0,7.0,0.0,4.070586035473845,True,0.4858275825569835,False,4.070586035473845,True,1.0,True,7000000000.0,True,4.070586035473845,True
2025,B,235,1780372500.0,True,19,config_error,1,False,0.0,4.0,0.0,0.012718105662275825,False,0.5227153491400355,False,0.012718105662275825,False,1.0,True,999999999.9999999,True,0.012718105662275825,True
2025,B,236,1780372560.0,False,-1,,1,False,0.0,7.0,0.0,-0.40604073211547664,False,0.4754572993705408,False,-0.40604073211547664,False,0.305536657637389,False,0.21796755790710445,False,-0.40604073211547664,False
2025,B,237,1780372620.0,False,-1,,1,False,0.0,2.0,0.0,1.1341444772323328,True,0.6475073545894512,False,1.1341444772323328,True,0.569804061163321,True,0.16908342838287355,False,1.1341444772323328,True
2025,B,238,1780372680.0,False,-1,,1,False,0.0,4.0,0.0,-0.9754331640422818,False,0.5005310630799471,False,-0.9754331640422818,False,0.4049460998448299,False,0.13759026527404786,False,-0.9754331640422818,False
2025,B,239,1780372740.0,False,-1,,1,False,0.0,0.0,0.0,5.446895898547663,True,0.7457157405529148,True,5.446895898547663,True,1.4613085119466306e-52,False,0.0,False,5.446895898547663,True
2025,B,240,1780372800.0,False,-1,,1,False,0.0,6.0,0.0,-0.4097043497935706,False,0.46933223804276214,False,-0.4097043497935706,False,0.3295348248734502,False,0.09892058372497559,False,-0.4097043497935706,False
2025,B,241,1780372860.0,False,-1,,1,False,0.0,5.0,0.0,-0.685283227768589,False,0.4685573742079641,False,-0.685283227768589,False,0.3611766054503257,False,0.12977304458618164,False,-0.685283227768589,False
2025,B,242,1780372920.0,False,-1,,1,False,0.0,12.0,0.0,-1.2996358094239966,False,0.41787396661104353,False,-1.2996358094239966,False,0.23874979971626184,False,0.15065279006958007,False,-1.2996358094239966,False
2025,B,243,1780372980.0,False,-1,,1,False,0.0,8.0,0.0,-1.6007389280878117,False,0.41319195553625954,False,-1.6007389280878117,False,0.286649624048389,False,0.15035698413848878,False,-1.6007389280878117,False
2025,B,244,1780373040.0,False,-1,,1,False,0.0,1.0,0.0,1.5847941422635285,True,0.7120678467161271,True,1.5847941422635285,True,0.6829569059374253,True,0.11496543884277344,False,1.5847941422635285,True
2025,B,245,1780373100.0,False,-1,,1,False,0.0,2.0,0.0,-0.6277882444782028,False,0.6396354121204206,False,-0.6277882444782028,False,0.569804061163321,True,0.12202587127685546,False,-0.6277882444782028,False
2025,B,246,1780373160.0,True,20,resource_exhaustion,1,False,0.0,5.0,0.0,5.446895898547663,True,0.5291491988947659,False,5.446895898547663,True,0.3611766054503257,False,0.1522677421569824,False,5.446895898547663,True
2025,B,247,1780373220.0,True,20,resource_exhaustion,1,False,0.0,1.0,0.0,5.446895898547663,True,0.7191224888611059,True,5.446895898547663,True,0.6829569059374253,True,0.19774436950683594,False,5.446895898547663,True
2025,B,248,1780373280.0,True,20,resource_exhaustion,1,False,1.0,10.0,0.0,5.446895898547663,True,0.6843495433711332,False,5.446895898547663,True,1.0,True,999999999.9999999,True,5.446895898547663,True
2025,B,249,1780373340.0,True,20,resource_exhaustion,1,False,1.0,4.0,0.0,5.446895898547663,True,0.7039227964640626,False,5.446895898547663,True,1.0,True,999999999.9999999,True,5.446895898547663,True
2025,B,250,1780373400.0,False,-1,,1,False,0.0,5.0,0.0,-0.546557402084404,False,0.47676865837111454,False,-0.546557402084404,False,0.3611766054503257,False,0.10508327484130858,False,-0.546557402084404,False
2025,B,251,1780373460.0,False,-1,,1,False,0.0,3.0,0.0,-0.7753527922868724,False,0.5811200694568954,False,-0.7753527922868724,False,0.4693057298233409,False,0.08634848594665527,False,-0.7753527922868724,False
2025,B,252,1780373520.0,False,-1,,1,False,0.0,7.0,0.0,-1.8484495059580057,False,0.4201345565697442,False,-1.8484495059580057,False,0.305536657637389,False,0.14714350700378417,False,-1.8484495059580057,False
2025,B,253,1780373580.0,False,-1,,1,False,0.0,8.0,0.0,-1.485704732775143,False,0.42269596374097007,False,-1.485704732775143,False,0.286649624048389,False,0.12524113655090333,False,-1.485704732775143,False
2025,B,254,1780373640.0,False,-1,,1,False,0.0,4.0,0.0,-0.9524111232312302,False,0.5423803083003194,False,-0.9524111232312302,False,0.4049460998448299,False,0.0944960355758667,False,-0.9524111232312302,False
2025,B,255,1780373700.0,False,-1,,1,False,0.0,3.0,0.0,-0.7029305045998475,False,0.5701958787831733,False,-0.7029305045998475,False,0.4693057298233409,False,0.11645646095275879,False,-0.7029305045998475,False
2025,B,256,1780373760.0,False,-1,,1,False,0.0,9.0,0.0,-0.9392815898420954,False,0.4580072588717189,False,-0.9392815898420954,False,0.27134842463487785,False,0.11905050277709962,False,-0.9392815898420954,False
2025,B,257,1780373820.0,False,-1,,1,False,0.0,5.0,0.0,-1.0576985165552184,False,0.4768779271160889,False,-1.0576985165552184,False,0.3611766054503257,False,0.1299647331237793,False,-1.0576985165552184,False
2025,B,258,1780373880.0,False,-1,,1,False,0.0,4.0,0.0,-0.4768226397306661,False,0.5390999704589281,False,-0.4768226397306661,False,0.4049460998448299,False,0.15988314151763916,False,-0.4768226397306661,False
2025,B,259,1780373940.0,False,-1,,1,False,0.0,7.0,0.0,-1.8094467213817138,False,0.4208535168874542,False,-1.8094467213817138,False,0.305536657637389,False,0.139195442199707,False,-1.8094467213817138,False
2025,B,260,1780374000.0,True,21,permission_denied,1,False,0.0,6.0,0.0,-0.1690793581164698,False,0.49263803139450896,False,-0.1690793581164698,False,1.0,True,999999999.9999999,True,-0.1690793581164698,True
2025,B,261,1780374060.0,True,21,permission_denied,1,False,0.0,8.0,0.0,0.16562501898948057,False,0.41959026359231566,False,0.16562501898948057,False,1.0,True,1999999999.9999998,True,0.16562501898948057,True
2025,B,262,1780374120.0,True,21,permission_denied,1,False,0.0,8.0,0.0,0.3034678117478009,False,0.4220217628286597,False,0.3034678117478009,False,1.0,True,1999999999.9999998,True,0.3034678117478009,True
2025,B,263,1780374180.0,True,21,permission_denied,1,False,0.0,6.0,0.0,-0.9994498505685403,False,0.45601006679037354,False,-0.9994498505685403,False,0.3295348248734502,False,0.10554897785186769,False,-0.9994498505685403,False
2025,B,264,1780374240.0,False,-1,,1,False,0.0,9.0,0.0,-1.5198700356385135,False,0.4236043879263527,False,-1.5198700356385135,False,0.27134842463487785,False,0.15022077560424804,False,-1.5198700356385135,False
2025,B,265,1780374300.0,False,-1,,1,False,0.0,2.0,0.0,0.21337551581175251,False,0.6483814133651588,False,0.21337551581175251,False,0.569804061163321,True,0.08302690982818603,False,0.21337551581175251,False
2025,B,266,1780374360.0,False,-1,,1,False,0.0,5.0,0.0,-1.5777241435048248,False,0.47331006454194047,False,-1.5777241435048248,False,0.3611766054503257,False,0.14300031661987306,False,-1.5777241435048248,False
2025,B,267,1780374420.0,False,-1,,1,False,0.0,5.0,0.0,-1.481896470520164,False,0.4699750423271048,False,-1.481896470520164,False,0.3611766054503257,False,0.11911325454711914,False,-1.481896470520164,False
2025,B,268,1780374480.0,False,-1,,1,False,0.0,2.0,0.0,-0.09569572600736276,False,0.6666438651257559,False,-0.09569572600736276,False,0.569804061163321,True,0.09959003925323487,False,-0.09569572600736276,False
2025,B,269,1780374540.0,False,-1,,1,False,0.0,3.0,0.0,0.32926154972077626,False,0.578956245882519,False,0.32926154972077626,False,0.4693057298233409,False,0.14337959289550783,False,0.32926154972077626,False
2025,B,270,1780374600.0,False,-1,,1,False,0.0,10.0,0.0,-1.1344573048941227,False,0.4157939615486562,False,-1.1344573048941227,False,0.25866249275443587,False,0.12357547283172605,False,-1.1344573048941227,False
2025,B,271,1780374660.0,False,-1,,1,False,0.0,8.0,0.0,-1.093282441597644,False,0.4401254587530705,False,-1.093282441597644,False,0.286649624048389,False,0.193628978729248,False,-1.093282441597644,False
2025,B,272,1780374720.0,False,-1,,1,False,0.0,6.0,0.0,-1.4879468591850769,False,0.4492536335992442,False,-1.4879468591850769,False,0.3295348248734502,False,0.15084505081176758,False,-1.4879468591850769,False
2025,B,273,1780374780.0,True,22,dependency_timeout,1,False,0.0,6.0,0.0,5.446895898547663,True,0.5057598737203014,False,5.446895898547663,True,1.0,True,999999999.9999999,True,5.446895898547663,True
2025,B,274,1780374840.0,True,22,dependency_timeout,1,False,1.0,7.0,0.0,5.446895898547663,True,0.6874993629702827,False,5.446895898547663,True,1.0,True,5000000000.0,True,5.446895898547663,True
2025,B,275,1780374900.0,True,22,dependency_timeout,1,False,2.0,7.0,0.0,5.446895898547663,True,0.7072083113895296,True,5.446895898547663,True,1.0,True,5000000000.0,True,5.446895898547663,True
2025,B,276,1780374960.0,True,22,dependency_timeout,1,False,0.0,2.0,0.0,5.44689589767276,True,0.6752437192447285,False,5.44689589767276,True,0.569804061163321,True,0.822607445716858,False,5.44689589767276,True
2025,B,277,1780375020.0,True,22,dependency_timeout,1,False,0.0,7.0,0.0,5.446895898547663,True,0.5588378161996223,False,5.446895898547663,True,1.0,True,3000000000.0,True,5.446895898547663,True
2025,B,278,1780375080.0,False,-1,,1,False,0.0,8.0,0.0,0.39619905490391005,False,0.47927730492823034,False,0.39619905490391005,False,0.286649624048389,False,0.13977038860321045,False,0.39619905490391005,False
2025,B,279,1780375140.0,False,-1,,1,False,0.0,7.0,0.0,-1.5458234159771918,False,0.4402586810040411,False,-1.5458234159771918,False,0.305536657637389,False,0.15852375030517576,False,-1.5458234159771918,False
2025,B,280,1780375200.0,False,-1,,1,False,0.0,4.0,0.0,0.48127135797261733,False,0.5624330359146993,False,0.48127135797261733,False,0.4049460998448299,False,0.14603085517883302,False,0.48127135797261733,False
2025,B,281,1780375260.0,False,-1,,1,False,0.0,4.0,0.0,3.148331509077576,True,0.5633549428579333,False,3.148331509077576,True,0.4049460998448299,False,0.17208578586578369,False,3.148331509077576,True
2025,B,282,1780375320.0,False,-1,,1,False,0.0,8.0,0.0,-0.474900111844061,False,0.4642486188747926,False,-0.474900111844061,False,0.286649624048389,False,0.19824106693267823,False,-0.474900111844061,False
2025,B,283,1780375380.0,False,-1,,1,False,0.0,5.0,0.0,0.022988505785663804,False,0.5044220153369761,False,0.022988505785663804,False,0.3611766054503257,False,0.10539073944091795,False,0.022988505785663804,False
2025,B,284,1780375440.0,False,-1,,1,False,0.0,6.0,0.0,-1.617361040948885,False,0.43217542400683734,False,-1.617361040948885,False,0.3295348248734502,False,0.13499677181243896,False,-1.617361040948885,False
2025,B,285,1780375500.0,False,-1,,1,False,0.0,12.0,0.0,-1.3122984207883714,False,0.4175968280082281,False,-1.3122984207883714,False,0.23874979971626184,False,0.15326077938079835,False,-1.3122984207883714,False
2025,B,286,1780375560.0,False,-1,,1,False,0.0,3.0,0.0,0.7009128375431102,False,0.6028952490975894,False,0.7009128375431102,False,0.4693057298233409,False,0.11477098464965822,False,0.7009128375431102,False
2025,B,287,1780375620.0,True,23,permission_denied,1,False,0.0,4.0,0.0,-0.22139926203718385,False,0.5121739973445155,False,-0.22139926203718385,False,1.0,True,999999999.9999999,True,-0.22139926203718385,True
2025,B,288,1780375680.0,True,23,permission_denied,1,False,0.0,7.0,0.0,-1.053690532669921,False,0.42403545206231597,False,-1.053690532669921,False,1.0,True,999999999.9999999,True,-1.053690532669921,True
2025,B,289,1780375740.0,True,23,permission_denied,1,False,0.0,4.0,0.0,-0.7303520744553227,False,0.5033005945348054,False,-0.7303520744553227,False,0.4049460998448299,False,0.11818091869354248,False,-0.7303520744553227,False
2025,B,290,1780375800.0,False,-1,,2,False,0.0,8.0,0.0,-1.1428354279535524,False,0.4379292172449781,False,-1.1428354279535524,False,0.286649624048389,False,0.1736424207687378,False,-1.1428354279535524,False
2025,B,291,1780375860.0,False,-1,,2,False,0.0,5.0,0.0,-1.6883443349645502,False,0.4686062207698045,False,-1.6883443349645502,False,0.3611766054503257,False,0.14417457580566403,False,-1.6883443349645502,False
2025,B,292,1780375920.0,False,-1,,2,False,0.0,5.0,0.0,-1.1981393617741203,False,0.49689068753043036,False,-1.1981393617741203,False,0.3611766054503257,False,0.15500326156616212,False,-1.1981393617741203,False
2025,B,293,1780375980.0,False,-1,,2,False,0.0,12.0,0.0,-1.9943614420291542,False,0.39602649562589104,False,-1.9943614420291542,False,0.23874979971626184,False,0.15770840644836426,False,-1.9943614420291542,False
2025,B,294,1780376040.0,False,-1,,2,False,0.0,4.0,0.0,-0.8263283478137335,False,0.5383665910340001,False,-0.8263283478137335,False,0.4049460998448299,False,0.0899890184402466,False,-0.8263283478137335,False
2025,B,295,1780376100.0,False,-1,,2,False,0.0,3.0,0.0,-0.6409443883517145,False,0.5672813787268626,False,-0.6409443883517145,False,0.4693057298233409,False,0.11530003547668458,False,-0.6409443883517145,False
2025,B,296,1780376160.0,False,-1,,2,False,0.0,9.0,0.0,-1.924853654705065,False,0.4087048600422126,False,-1.924853654705065,False,0.27134842463487785,False,0.16001501083374023,False,-1.924853654705065,False
2025,B,297,1780376220.0,False,-1,,2,False,0.0,6.0,0.0,-1.7636480382604294,False,0.44654288212076565,False,-1.7636480382604294,False,0.3295348248734502,False,0.15917944908142093,False,-1.7636480382604294,False
2025,B,298,1780376280.0,False,-1,,2,False,0.0,10.0,0.0,-1.266525832057667,False,0.41723060346180785,False,-1.266525832057667,False,0.25866249275443587,False,0.14229657649993896,False,-1.266525832057667,False
2025,B,299,1780376340.0,False,-1,,2,False,0.0,1.0,0.0,-0.12666450850979238,False,0.6924846288145414,False,-0.12666450850979238,False,0.6829569059374253,True,0.09001731872558594,False,-0.12666450850979238,False
2025,B,300,1780376400.0,True,24,permission_denied,2,False,0.0,2.0,0.0,-0.5134784685864071,False,0.6239060623451532,False,-0.5134784685864071,False,0.569804061163321,True,0.12699737548828124,False,-0.5134784685864071,False
2025,B,301,1780376460.0,True,24,permission_denied,2,False,0.0,6.0,0.0,-0.6740370919465528,False,0.4708257118615833,False,-0.6740370919465528,False,1.0,True,999999999.9999999,True,-0.6740370919465528,True
2025,B,302,1780376520.0,True,24,permission_denied,2,False,0.0,8.0,0.0,0.9426994704773985,True,0.4367186326895163,False,0.9426994704773985,True,1.0,True,3000000000.0,True,0.9426994704773985,True
2025,B,303,1780376580.0,True,24,permission_denied,2,False,0.0,3.0,0.0,-0.622383260851147,False,0.5627635548672032,False,-0.622383260851147,False,0.4693057298233409,False,0.12155013084411621,False,-0.622383260851147,False
2025,B,304,1780376640.0,False,-1,,2,False,0.0,4.0,0.0,-0.5509347045457664,False,0.5166191164741054,False,-0.5509347045457664,False,0.4049460998448299,False,0.1424266815185547,False,-0.5509347045457664,False
2025,B,305,1780376700.0,False,-1,,2,False,0.0,7.0,0.0,-1.714399656878534,False,0.4185878872765286,False,-1.714399656878534,False,0.305536657637389,False,0.14597797393798825,False,-1.714399656878534,False
2025,B,306,1780376760.0,False,-1,,2,False,0.0,7.0,0.0,-0.38122539261982613,False,0.471653752147646,False,-0.38122539261982613,False,0.305536657637389,False,0.139374303817749,False,-0.38122539261982613,False
2025,B,307,1780376820.0,False,-1,,2,False,0.0,4.0,0.0,-1.3541762376047668,False,0.49807794688419127,False,-1.3541762376047668,False,0.4049460998448299,False,0.1415252447128296,False,-1.3541762376047668,False
2025,B,308,1780376880.0,False,-1,,2,False,0.0,6.0,0.0,-1.4341584586872944,False,0.4516204247703261,False,-1.4341584586872944,False,0.3295348248734502,False,0.1720588207244873,False,-1.4341584586872944,False
2025,B,309,1780376940.0,False,-1,,2,False,0.0,6.0,0.0,-0.49201528444805387,False,0.5110829006786971,False,-0.49201528444805387,False,0.3295348248734502,False,0.12967205047607422,False,-0.49201528444805387,False
2025,B,310,1780377000.0,False,-1,,2,False,0.0,4.0,0.0,-1.019775746092165,False,0.5082043130399588,False,-1.019775746092165,False,0.4049460998448299,False,0.11954269409179688,False,-1.019775746092165,False
2025,B,311,1780377060.0,True,25,config_error,2,False,0.0,4.0,0.0,-0.33163110480279556,False,0.5334487151428813,False,-0.33163110480279556,False,1.0,True,999999999.9999999,True,-0.33163110480279556,True
2025,B,312,1780377120.0,True,25,config_error,2,False,0.0,11.0,0.0,4.876816651328542,True,0.48107845015739004,False,4.876816651328542,True,1.0,True,11000000000.0,True,4.876816651328542,True
2025,B,313,1780377180.0,True,25,config_error,2,False,0.0,8.0,0.0,3.4718711771999695,True,0.4627008213648139,False,3.4718711771999695,True,1.0,True,7000000000.0,True,3.4718711771999695,True
2025,B,314,1780377240.0,True,25,config_error,2,False,0.0,4.0,0.0,3.0002386776875687,True,0.5369504612813781,False,3.0002386776875687,True,1.0,True,3999999999.9999995,True,3.0002386776875687,True
2025,B,315,1780377300.0,True,25,config_error,2,False,0.0,6.0,0.0,-0.27951343021308794,False,0.47509822834414184,False,-0.27951343021308794,False,0.3295348248734502,False,0.11234843730926515,False,-0.27951343021308794,False
2025,B,316,1780377360.0,False,-1,,2,False,0.0,9.0,0.0,-1.7353349343484927,False,0.4078800080083603,False,-1.7353349343484927,False,0.27134842463487785,False,0.1517049789428711,False,-1.7353349343484927,False
2025,B,317,1780377420.0,False,-1,,2,False,0.0,7.0,0.0,-0.2663114015060648,False,0.5033642756133982,False,-0.2663114015060648,False,0.305536657637389,False,0.10711116790771484,False,-0.2663114015060648,False
2025,B,318,1780377480.0,False,-1,,2,False,0.0,5.0,0.0,-0.7561821873251207,False,0.4797486486851545,False,-0.7561821873251207,False,0.3611766054503257,False,0.10300445556640625,False,-0.7561821873251207,False
2025,B,319,1780377540.0,False,-1,,2,False,0.0,6.0,0.0,-1.6277744829047638,False,0.4364821292930341,False,-1.6277744829047638,False,0.3295348248734502,False,0.1282975673675537,False,-1.6277744829047638,False
2025,B,320,1780377600.0,False,-1,,2,False,0.0,8.0,0.0,-1.3478185714605164,False,0.4122845554537414,False,-1.3478185714605164,False,0.286649624048389,False,0.1279470443725586,False,-1.3478185714605164,False
2025,B,321,1780377660.0,False,-1,,2,False,0.0,6.0,0.0,-1.3399238687455277,False,0.4633911042585859,False,-1.3399238687455277,False,0.3295348248734502,False,0.17258203029632568,False,-1.3399238687455277,False
2025,B,322,1780377720.0,False,-1,,2,False,0.0,12.0,0.0,-0.7762607725998105,False,0.4198019258710385,False,-0.7762607725998105,False,0.23874979971626184,False,0.14018592834472657,False,-0.7762607725998105,False
2025,B,323,1780377780.0,False,-1,,2,False,0.0,7.0,0.0,-0.7729464799053609,False,0.43778990309788574,False,-0.7729464799053609,False,0.305536657637389,False,0.11698226928710938,False,-0.7729464799053609,False
2025,B,324,1780377840.0,False,-1,,2,False,0.0,4.0,0.0,0.14275984656636975,False,0.5670180847488284,False,0.14275984656636975,False,0.4049460998448299,False,0.15180132389068604,False,0.14275984656636975,False
2025,B,325,1780377900.0,True,26,permission_denied,2,False,0.0,7.0,0.0,1.1136292062369888,True,0.4430901094089522,False,1.1136292062369888,True,1.0,True,3000000000.0,True,1.1136292062369888,True
2025,B,326,1780377960.0,True,26,permission_denied,2,False,0.0,7.0,0.0,2.2362643813540433,True,0.4592830951785153,False,2.2362643813540433,True,1.0,True,5000000000.0,True,2.2362643813540433,True
2025,B,327,1780378020.0,True,26,permission_denied,2,False,0.0,5.0,0.0,1.2102457837787588,True,0.5169756649893499,False,1.2102457837787588,True,1.0,True,1999999999.9999998,True,1.2102457837787588,True
2025,B,328,1780378080.0,True,26,permission_denied,2,False,0.0,4.0,0.0,-0.4633752495998076,False,0.5259215552303452,False,-0.4633752495998076,False,1.0,True,999999999.9999999,True,-0.4633752495998076,True
2025,B,329,1780378140.0,False,-1,,2,False,0.0,6.0,0.0,-0.5284682968161478,False,0.4663164869562476,False,-0.5284682968161478,False,0.3295348248734502,False,0.11079144477844238,False,-0.5284682968161478,False
2025,B,330,1780378200.0,False,-1,,2,False,0.0,10.0,0.0,-1.6162061083493562,False,0.4051541413276384,False,-1.6162061083493562,False,0.25866249275443587,False,0.15536961555480958,False,-1.6162061083493562,False
2025,B,331,1780378260.0,False,-1,,2,False,0.0,6.0,0.0,-1.3954823542717882,False,0.4370019107276606,False,-1.3954823542717882,False,0.3295348248734502,False,0.13154733180999756,False,-1.3954823542717882,False
2025,B,332,1780378320.0,False,-1,,2,False,0.0,6.0,0.0,-1.5076321594145048,False,0.448478006999202,False,-1.5076321594145048,False,0.3295348248734502,False,0.15962457656860352,False,-1.5076321594145048,False
2025,B,333,1780378380.0,False,-1,,2,False,0.0,7.0,0.0,-1.0704641723366448,False,0.4431230520338117,False,-1.0704641723366448,False,0.305536657637389,False,0.11617488861083984,False,-1.0704641723366448,False
2025,B,334,1780378440.0,False,-1,,2,False,0.0,6.0,0.0,-1.1434293823992405,False,0.44594619911954286,False,-1.1434293823992405,False,0.3295348248734502,False,0.1426910161972046,False,-1.1434293823992405,False
2025,B,335,1780378500.0,False,-1,,2,False,0.0,10.0,0.0,-1.3307813353186075,False,0.4068035294721276,False,-1.3307813353186075,False,0.25866249275443587,False,0.13649327754974366,False,-1.3307813353186075,False
2025,B,336,1780378560.0,False,-1,,2,False,0.0,4.0,0.0,-0.8519177790088257,False,0.5107669898331884,False,-0.8519177790088257,False,0.4049460998448299,False,0.1057133674621582,False,-0.8519177790088257,False
2025,B,337,1780378620.0,False,-1,,2,False,0.0,3.0,0.0,-1.0285791673658125,False,0.5412808334005988,False,-1.0285791673658125,False,0.4693057298233409,False,0.12528276443481445,False,-1.0285791673658125,False
2025,B,338,1780378680.0,True,27,dependency_timeout,2,False,2.0,7.0,0.0,5.446895898547663,True,0.6385874947149963,False,5.446895898547663,True,1.0,True,5000000000.0,True,5.446895898547663,True
2025,B,339,1780378740.0,True,27,dependency_timeout,2,False,1.0,6.0,0.0,5.446895898547663,True,0.6649372732291869,False,5.446895898547663,True,1.0,True,999999999.9999999,True,5.446895898547663,True
2025,B,340,1780378800.0,True,27,dependency_timeout,2,False,2.0,10.0,0.0,5.446895898547663,True,0.6767411522719139,False,5.446895898547663,True,1.0,True,3999999999.9999995,True,5.446895898547663,True
2025,B,341,1780378860.0,True,27,dependency_timeout,2,False,1.0,10.0,0.0,5.446895898547663,True,0.6508672579753848,False,5.446895898547663,True,1.0,True,3999999999.9999995,True,5.446895898547663,True
2025,B,342,1780378920.0,False,-1,,2,False,0.0,5.0,0.0,-0.032573531152237045,False,0.533912219491042,False,-0.032573531152237045,False,0.3611766054503257,False,0.10267162322998045,False,-0.032573531152237045,False
2025,B,343,1780378980.0,False,-1,,2,False,0.0,4.0,0.0,-1.2843575203368411,False,0.4988400701184172,False,-1.2843575203368411,False,0.4049460998448299,False,0.14434878826141356,False,-1.2843575203368411,False
2025,B,344,1780379040.0,False,-1,,2,False,0.0,12.0,0.0,-1.4919916344039539,False,0.3962650566687705,False,-1.4919916344039539,False,0.23874979971626184,False,0.136029052734375,False,-1.4919916344039539,False
2025,B,345,1780379100.0,False,-1,,2,False,0.0,9.0,0.0,-1.4436358267008949,False,0.40502350533862314,False,-1.4436358267008949,False,0.27134842463487785,False,0.137221622467041,False,-1.4436358267008949,False
2025,B,346,1780379160.0,False,-1,,2,False,0.0,6.0,0.0,0.12733924104171113,False,0.5116498813560972,False,0.12733924104171113,False,0.3295348248734502,False,0.18359720706939697,False,0.12733924104171113,False
2025,B,347,1780379220.0,False,-1,,2,False,0.0,9.0,0.0,-1.7511967581740118,False,0.406601688376082,False,-1.7511967581740118,False,0.27134842463487785,False,0.15337953567504883,False,-1.7511967581740118,False
2025,B,348,1780379280.0,False,-1,,2,False,0.0,6.0,0.0,-1.4338503524366004,False,0.4582271776957572,False,-1.4338503524366004,False,0.3295348248734502,False,0.13808095455169678,False,-1.4338503524366004,False
2025,B,349,1780379340.0,False,-1,,2,False,0.0,3.0,0.0,-0.815629879288573,False,0.5359638005194162,False,-0.815629879288573,False,0.4693057298233409,False,0.11446294784545899,False,-0.815629879288573,False
2025,B,350,1780379400.0,False,-1,,2,False,0.0,5.0,0.0,-1.2917738557667002,False,0.4756980853272762,False,-1.2917738557667002,False,0.3611766054503257,False,0.11247758865356446,False,-1.2917738557667002,False
2025,B,351,1780379460.0,False,-1,,2,False,0.0,3.0,0.0,-0.3466123797780538,False,0.5722892478899261,False,-0.3466123797780538,False,0.4693057298233409,False,0.11050353050231931,False,-0.3466123797780538,False
2025,B,352,1780379520.0,False,-1,,2,False,0.0,7.0,0.0,-0.6621454868896057,False,0.4369595231445113,False,-0.6621454868896057,False,0.305536657637389,False,0.1210744857788086,False,-0.6621454868896057,False
2025,B,353,1780379580.0,True,28,resource_exhaustion,2,True,6.0,48.0,0.0,5.446895898547663,True,0.7181859540344638,True,5.446895898547663,True,1.0,True,6000000000.0,True,5.446895898547663,True
2025,B,354,1780379640.0,True,28,resource_exhaustion,2,True,7.0,70.0,0.0,5.446895898547663,True,0.7423434478790345,True,5.446895898547663,True,1.0,True,7000000000.0,True,5.446895898547663,True
2025,B,355,1780379700.0,True,28,resource_exhaustion,2,True,8.0,50.0,0.0,5.446895898547663,True,0.7156304590462389,True,5.446895898547663,True,1.0,True,7999999999.999999,True,5.446895898547663,True
2025,B,356,1780379760.0,True,28,resource_exhaustion,2,False,1.0,7.0,0.0,5.446895898547663,True,0.6923603319017587,False,5.446895898547663,True,1.0,True,999999999.9999999,True,5.446895898547663,True
2025,B,357,1780379820.0,True,28,resource_exhaustion,2,False,0.0,9.0,0.0,-1.8268743717531999,False,0.404809994491757,False,-1.8268743717531999,False,0.27134842463487785,False,0.15866756439208984,False,-1.8268743717531999,False
2025,B,358,1780379880.0,False,-1,,2,False,0.0,15.0,0.0,-1.7699084823724789,False,0.3936870845756768,False,-1.7699084823724789,False,0.21749564832786078,False,0.16282882690429684,False,-1.7699084823724789,False
2025,B,359,1780379940.0,False,-1,,2,False,0.0,11.0,0.0,-1.9098474898108133,False,0.4030821004150318,False,-1.9098474898108133,False,0.24794537445720646,False,0.16783452033996582,False,-1.9098474898108133,False
2025,B,360,1780380000.0,False,-1,,2,False,0.0,9.0,0.0,-1.4758340657252882,False,0.4226451228557713,False,-1.4758340657252882,False,0.27134842463487785,False,0.18214559555053708,False,-1.4758340657252882,False
2025,B,361,1780380060.0,False,-1,,2,True,1.0,53.0,0.0,0.7147846494954617,False,0.66062711897009,False,0.7147846494954617,False,0.0006837207848590014,False,0.20824127197265618,False,0.7147846494954617,False
2025,B,362,1780380120.0,False,-1,,2,True,0.0,80.0,0.0,0.09414670540661163,False,0.6034568337995543,False,0.09414670540661163,False,0.1258384955931969,False,0.15881404876708985,False,0.09414670540661163,False
2025,B,363,1780380180.0,False,-1,,2,True,0.0,30.0,0.0,-1.022322220087836,False,0.4229249503227168,False,-1.022322220087836,False,0.16821905407945875,False,0.1704490900039673,False,-1.022322220087836,False
2025,B,364,1780380240.0,False,-1,,2,False,0.0,7.0,0.0,-1.2357685081995538,False,0.4281078420575764,False,-1.2357685081995538,False,0.305536657637389,False,0.12053523063659669,False,-1.2357685081995538,False
2025,B,365,1780380300.0,False,-1,,2,False,0.0,9.0,0.0,-1.1252668656768599,False,0.42638601886721,False,-1.1252668656768599,False,0.27134842463487785,False,0.11944017410278321,False,-1.1252668656768599,False
2025,B,366,1780380360.0,False,-1,,2,False,0.0,9.0,0.0,-1.3736032217124752,False,0.4187874738364951,False,-1.3736032217124752,False,0.27134842463487785,False,0.15186052322387694,False,-1.3736032217124752,False
2025,B,367,1780380420.0,True,29,config_error,2,False,0.0,12.0,0.0,2.5899109121856325,True,0.4524339387572563,False,2.5899109121856325,True,1.0,True,6000000000.0,True,2.5899109121856325,True
2025,B,368,1780380480.0,True,29,config_error,2,False,0.0,4.0,0.0,3.228811567562464,True,0.6075963377012615,False,3.228811567562464,True,1.0,True,3000000000.0,True,3.228811567562464,True
2025,B,369,1780380540.0,True,29,config_error,2,False,0.0,9.0,0.0,3.9033147818690703,True,0.5252240394402873,False,3.9033147818690703,True,1.0,True,7999999999.999999,True,3.9033147818690703,True
2025,B,370,1780380600.0,True,29,config_error,2,False,0.0,7.0,0.0,2.383847567176352,True,0.47169599137139134,False,2.383847567176352,True,1.0,True,5000000000.0,True,2.383847567176352,True
2025,B,371,1780380660.0,False,-1,,2,False,0.0,8.0,0.0,-1.0038894303236994,False,0.442239038638047,False,-1.0038894303236994,False,0.286649624048389,False,0.19946763515472413,False,-1.0038894303236994,False
2025,B,372,1780380720.0,False,-1,,2,False,0.0,16.0,0.0,-1.9009679865776095,False,0.39404070949686826,False,-1.9009679865776095,False,0.21191738011819358,False,0.16549992561340332,False,-1.9009679865776095,False
2025,B,373,1780380780.0,False,-1,,2,False,0.0,7.0,0.0,-0.8224393594904074,False,0.45551983495211357,False,-0.8224393594904074,False,0.305536657637389,False,0.1499876022338867,False,-0.8224393594904074,False
2025,B,374,1780380840.0,False,-1,,2,False,0.0,10.0,0.0,-1.6478124191978827,False,0.4281864592019984,False,-1.6478124191978827,False,0.25866249275443587,False,0.14223077297210693,False,-1.6478124191978827,False
2025,B,375,1780380900.0,False,-1,,2,False,0.0,7.0,0.0,-1.135199944581223,False,0.42527337611660926,False,-1.135199944581223,False,0.305536657637389,False,0.12377543449401855,False,-1.135199944581223,False
2025,B,376,1780380960.0,False,-1,,2,False,0.0,12.0,0.0,-1.429536898279216,False,0.3981990541370662,False,-1.429536898279216,False,0.23874979971626184,False,0.14467113018035888,False,-1.429536898279216,False
2025,B,377,1780381020.0,False,-1,,2,False,0.0,3.0,0.0,-0.7152753830103356,False,0.5441915330039568,False,-0.7152753830103356,False,0.4693057298233409,False,0.1204197883605957,False,-0.7152753830103356,False
2025,B,378,1780381080.0,False,-1,,2,False,0.0,7.0,0.0,0.07262557729219488,False,0.4720025937225414,False,0.07262557729219488,False,0.305536657637389,False,0.11919755935668945,False,0.07262557729219488,False
2025,B,379,1780381140.0,False,-1,,2,False,0.0,8.0,0.0,-1.6707756248856462,False,0.412913988381306,False,-1.6707756248856462,False,0.286649624048389,False,0.15222539901733398,False,-1.6707756248856462,False
2025,B,380,1780381200.0,True,30,resource_exhaustion,2,False,0.0,9.0,0.0,5.446895898547663,True,0.5803103567206724,False,5.446895898547663,True,1.0,True,999999999.9999999,True,5.446895898547663,True
2025,B,381,1780381260.0,True,30,resource_exhaustion,2,False,2.0,8.0,0.0,5.446895898547663,True,0.7054235460288014,True,5.446895898547663,True,1.0,True,999999999.9999999,True,5.446895898547663,True
2025,B,382,1780381320.0,True,30,resource_exhaustion,2,False,0.0,5.0,0.0,-1.362921472215528,False,0.4557361659815842,False,-1.362921472215528,False,0.3611766054503257,False,0.13789653778076172,False,-1.362921472215528,False
2025,B,383,1780381380.0,False,-1,,2,False,0.0,10.0,0.0,-0.5316181810847942,False,0.4714743132475999,False,-0.5316181810847942,False,0.25866249275443587,False,0.1680528163909912,False,-0.5316181810847942,False
2025,B,384,1780381440.0,False,-1,,2,False,0.0,10.0,0.0,-0.33839810848602614,False,0.4657441819524767,False,-0.33839810848602614,False,0.25866249275443587,False,0.10694756507873535,False,-0.33839810848602614,False
2025,B,385,1780381500.0,False,-1,,2,False,0.0,6.0,0.0,-0.8782007007886481,False,0.4449158132278463,False,-0.8782007007886481,False,0.3295348248734502,False,0.12153005599975586,False,-0.8782007007886481,False
2025,B,386,1780381560.0,False,-1,,2,False,0.0,9.0,0.0,-1.424986807777059,False,0.4206241695383779,False,-1.424986807777059,False,0.27134842463487785,False,0.16567201614379884,False,-1.424986807777059,False
2025,B,387,1780381620.0,False,-1,,2,False,0.0,8.0,0.0,1.268812224047303,True,0.5141745693958159,False,1.268812224047303,True,0.286649624048389,False,0.08893580436706543,False,1.268812224047303,True
2025,B,388,1780381680.0,False,-1,,2,False,0.0,12.0,0.0,-1.3653432021725536,False,0.4028838007115921,False,-1.3653432021725536,False,0.23874979971626184,False,0.14471676349639892,False,-1.3653432021725536,False
2025,B,389,1780381740.0,True,31,dependency_timeout,2,False,1.0,11.0,0.0,5.446895898547663,True,0.634276999336407,False,5.446895898547663,True,1.0,True,3000000000.0,True,5.446895898547663,True
2025,B,390,1780381800.0,True,31,dependency_timeout,2,False,3.0,10.0,0.0,5.446895898547663,True,0.6774283116085961,False,5.446895898547663,True,1.0,True,3999999999.9999995,True,5.446895898547663,True
2025,B,391,1780381860.0,True,31,dependency_timeout,2,False,0.0,8.0,0.0,5.446895898547663,True,0.5513535627696808,False,5.446895898547663,True,1.0,True,3999999999.9999995,True,5.446895898547663,True
2025,B,392,1780381920.0,True,31,dependency_timeout,2,False,0.0,5.0,0.0,5.446895898547663,True,0.5815247232150523,False,5.446895898547663,True,1.0,True,999999999.9999999,True,5.446895898547663,True
2025,B,393,1780381980.0,True,31,dependency_timeout,2,False,0.0,12.0,0.0,5.446895898547663,True,0.48289762984650175,False,5.446895898547663,True,1.0,True,3000000000.0,True,5.446895898547663,True
2025,B,394,1780382040.0,False,-1,,2,False,0.0,7.0,0.0,-1.6784987923208607,False,0.4253075477843888,False,-1.6784987923208607,False,0.305536657637389,False,0.1502754211425781,False,-1.6784987923208607,False
2025,B,395,1780382100.0,False,-1,,2,False,0.0,7.0,0.0,-0.04140937510024312,False,0.4873027850822928,False,-0.04140937510024312,False,0.305536657637389,False,0.18604235649108883,False,-0.04140937510024312,False
2025,B,396,1780382160.0,False,-1,,2,False,0.0,13.0,0.0,-1.6017889579595606,False,0.39880301143074076,False,-1.6017889579595606,False,0.2307562658387595,False,0.14121456146240233,False,-1.6017889579595606,False
2025,B,397,1780382220.0,False,-1,,2,False,0.0,8.0,0.0,-1.8513915266245968,False,0.4155922527751564,False,-1.8513915266245968,False,0.286649624048389,False,0.15082674026489257,False,-1.8513915266245968,False
2025,B,398,1780382280.0,False,-1,,2,False,0.0,9.0,0.0,-1.3873291099643286,False,0.4083779590404788,False,-1.3873291099643286,False,0.27134842463487785,False,0.13490743637084962,False,-1.3873291099643286,False
2025,B,399,1780382340.0,True,32,permission_denied,2,False,0.0,7.0,0.0,-0.6761674312764763,False,0.4327446484671571,False,-0.6761674312764763,False,1.0,True,999999999.9999999,True,-0.6761674312764763,True
2025,B,400,1780382400.0,True,32,permission_denied,2,False,0.0,8.0,0.0,1.6559810787116196,True,0.43315836209776976,False,1.6559810787116196,True,1.0,True,3999999999.9999995,True,1.6559810787116196,True
2025,B,401,1780382460.0,True,32,permission_denied,2,False,0.0,7.0,0.0,1.9428366849497078,True,0.47793444489266695,False,1.9428366849497078,True,1.0,True,3999999999.9999995,True,1.9428366849497078,True
2025,B,402,1780382520.0,True,32,permission_denied,2,False,0.0,9.0,0.0,0.625385433283193,False,0.4347019835545382,False,0.625385433283193,False,1.0,True,1999999999.9999998,True,0.625385433283193,True
2025,B,403,1780382580.0,True,32,permission_denied,2,False,0.0,7.0,0.0,-1.2957821175120197,False,0.42742418690325007,False,-1.2957821175120197,False,0.305536657637389,False,0.13819365501403807,False,-1.2957821175120197,False
2025,B,404,1780382640.0,False,-1,,2,False,0.0,7.0,0.0,-1.0345432573350308,False,0.4612501879125261,False,-1.0345432573350308,False,0.305536657637389,False,0.1881326198577881,False,-1.0345432573350308,False
2025,B,405,1780382700.0,False,-1,,2,False,0.0,9.0,0.0,-0.751678318166042,False,0.4254363357586866,False,-0.751678318166042,False,0.27134842463487785,False,0.11687068939208985,False,-0.751678318166042,False
2025,B,406,1780382760.0,False,-1,,2,False,0.0,6.0,0.0,-1.4129224277830916,False,0.45185670978224785,False,-1.4129224277830916,False,0.3295348248734502,False,0.13341987133026123,False,-1.4129224277830916,False
2025,B,407,1780382820.0,False,-1,,2,False,0.0,14.0,0.0,-1.4411793340472405,False,0.39773044963240234,False,-1.4411793340472405,False,0.2237302694038766,False,0.13202481269836425,False,-1.4411793340472405,False
2025,B,408,1780382880.0,False,-1,,2,False,0.0,7.0,0.0,-1.2425535009679969,False,0.43105503439846005,False,-1.2425535009679969,False,0.305536657637389,False,0.1226191997528076,False,-1.2425535009679969,False
2025,B,409,1780382940.0,False,-1,,2,False,0.0,8.0,0.0,-0.34464891564837874,False,0.4573520980555034,False,-0.34464891564837874,False,0.286649624048389,False,0.14165818691253662,False,-0.34464891564837874,False
2025,B,410,1780383000.0,True,33,dependency_timeout,2,False,2.0,8.0,0.0,5.446895898547663,True,0.6967256083393812,False,5.446895898547663,True,1.0,True,1999999999.9999998,True,5.446895898547663,True
2025,B,411,1780383060.0,True,33,dependency_timeout,2,False,1.0,6.0,0.0,5.446895898547663,True,0.6749156712824732,False,5.446895898547663,True,1.0,True,1999999999.9999998,True,5.446895898547663,True
2025,B,412,1780383120.0,True,33,dependency_timeout,2,False,1.0,8.0,0.0,5.446895898547663,True,0.6648758291963967,False,5.446895898547663,True,1.0,True,3999999999.9999995,True,5.446895898547663,True
2025,B,413,1780383180.0,True,33,dependency_timeout,2,False,1.0,8.0,0.0,5.446895898547663,True,0.6554456669707743,False,5.446895898547663,True,1.0,True,1999999999.9999998,True,5.446895898547663,True
2025,B,414,1780383240.0,False,-1,,2,False,0.0,10.0,0.0,-1.301996135554865,False,0.4136292715418806,False,-1.301996135554865,False,0.25866249275443587,False,0.15446937084197998,False,-1.301996135554865,False
2025,B,415,1780383300.0,False,-1,,2,False,0.0,12.0,0.0,-0.6750472679354802,False,0.41939055744603626,False,-0.6750472679354802,False,0.23874979971626184,False,0.12393844127655029,False,-0.6750472679354802,False
2025,B,416,1780383360.0,False,-1,,2,False,0.0,8.0,0.0,-0.8405743116332038,False,0.429860554344366,False,-0.8405743116332038,False,0.286649624048389,False,0.11922957897186279,False,-0.8405743116332038,False
2025,B,417,1780383420.0,False,-1,,2,False,0.0,4.0,0.0,-1.07588556741511,False,0.5194147566025071,False,-1.07588556741511,False,0.4049460998448299,False,0.1447603225708008,False,-1.07588556741511,False
2025,B,418,1780383480.0,False,-1,,2,False,0.0,6.0,0.0,-1.1220506006375874,False,0.44501092175268936,False,-1.1220506006375874,False,0.3295348248734502,False,0.1317061185836792,False,-1.1220506006375874,False
2025,B,419,1780383540.0,False,-1,,2,False,0.0,14.0,0.0,-1.3603992425833793,False,0.4071286649619879,False,-1.3603992425833793,False,0.2237302694038766,False,0.15495049953460693,False,-1.3603992425833793,False
2025,B,420,1780383600.0,False,-1,,2,False,0.0,12.0,0.0,-0.8638668885327654,False,0.437232634464737,False,-0.8638668885327654,False,0.23874979971626184,False,0.12080080509185792,False,-0.8638668885327654,False
2025,B,421,1780383660.0,False,-1,,2,False,0.0,3.0,0.0,0.08335925285534973,False,0.5966391535318875,False,0.08335925285534973,False,0.4693057298233409,False,0.16520004272460936,False,0.08335925285534973,False
2025,B,422,1780383720.0,False,-1,,2,False,0.0,7.0,0.0,-1.511249907684344,False,0.4187880946585584,False,-1.511249907684344,False,0.305536657637389,False,0.13942070007324217,False,-1.511249907684344,False
2025,B,423,1780383780.0,True,34,config_error,2,False,1.0,19.0,0.0,0.06559202549019005,False,0.5887834662099718,False,0.06559202549019005,False,0.00016796118207652985,False,0.1826380729675293,False,0.06559202549019005,False
2025,B,424,1780383840.0,True,34,config_error,2,False,0.0,8.0,0.0,3.241684519776238,True,0.5273916125789732,False,3.241684519776238,True,1.0,True,6000000000.0,True,3.241684519776238,True
2025,B,425,1780383900.0,True,34,config_error,2,False,0.0,7.0,0.0,4.086149364644045,True,0.47564748913803684,False,4.086149364644045,True,1.0,True,7000000000.0,True,4.086149364644045,True
2025,B,426,1780383960.0,True,34,config_error,2,False,0.0,3.0,0.0,2.5995905049143087,True,0.5833491012855827,False,2.5995905049143087,True,1.0,True,3000000000.0,True,2.5995905049143087,True
2025,B,427,1780384020.0,False,-1,,2,False,0.0,8.0,0.0,-1.656758185095856,False,0.4349329444827649,False,-1.656758185095856,False,0.286649624048389,False,0.14193029403686522,False,-1.656758185095856,False
2025,B,428,1780384080.0,False,-1,,2,False,0.0,8.0,0.0,-0.6397701336731902,False,0.4798158341189181,False,-0.6397701336731902,False,0.286649624048389,False,0.11986362934112549,False,-0.6397701336731902,False
2025,B,429,1780384140.0,False,-1,,2,False,0.0,4.0,0.0,-1.0986660578835927,False,0.5080546082941884,False,-1.0986660578835927,False,0.4049460998448299,False,0.16103146076202393,False,-1.0986660578835927,False
2025,B,430,1780384200.0,False,-1,,2,False,0.0,13.0,0.0,-1.475017260158869,False,0.40058254173290614,False,-1.475017260158869,False,0.2307562658387595,False,0.14606380462646482,False,-1.475017260158869,False
2025,B,431,1780384260.0,False,-1,,2,False,0.0,9.0,0.0,-0.6451715534866942,False,0.44049637083315185,False,-0.6451715534866942,False,0.27134842463487785,False,0.130877685546875,False,-0.6451715534866942,False
2025,B,432,1780384320.0,False,-1,,2,False,0.0,5.0,0.0,-0.7029256891578601,False,0.5167286582080578,False,-0.7029256891578601,False,0.3611766054503257,False,0.10441026687622071,False,-0.7029256891578601,False
2025,B,433,1780384380.0,False,-1,,2,False,0.0,7.0,0.0,-0.6327873884649247,False,0.471457825428416,False,-0.6327873884649247,False,0.305536657637389,False,0.15051360130310057,False,-0.6327873884649247,False
2025,B,434,1780384440.0,False,-1,,2,False,0.0,7.0,0.0,-0.4503737827021812,False,0.4636899029443789,False,-0.4503737827021812,False,0.305536657637389,False,0.10562081336975099,False,-0.4503737827021812,False
2025,B,435,1780384500.0,False,-1,,2,False,0.0,9.0,0.0,-0.2173074712360057,False,0.4354168912901568,False,-0.2173074712360057,False,0.27134842463487785,False,0.11773643493652344,False,-0.2173074712360057,False
2025,B,436,1780384560.0,False,-1,,2,False,0.0,8.0,0.0,-1.8497301541120086,False,0.4176849308649839,False,-1.8497301541120086,False,0.286649624048389,False,0.14110305309295654,False,-1.8497301541120086,False
2025,B,437,1780384620.0,False,-1,,2,False,0.0,12.0,0.0,-0.585664107409154,False,0.4517882084753496,False,-0.585664107409154,False,0.23874979971626184,False,0.1789085149765015,False,-0.585664107409154,False
2025,B,438,1780384680.0,True,35,resource_exhaustion,2,False,1.0,9.0,0.0,5.446895898547663,True,0.6850528199200862,False,5.446895898547663,True,1.0,True,999999999.9999999,True,5.446895898547663,True
2025,B,439,1780384740.0,True,35,resource_exhaustion,2,False,1.0,8.0,0.0,5.446895898547663,True,0.6938316210518599,False,5.446895898547663,True,1.0,True,1999999999.9999998,True,5.446895898547663,True
2025,B,440,1780384800.0,True,35,resource_exhaustion,2,False,1.0,13.0,0.0,5.446895898547663,True,0.6684359707373201,False,5.446895898547663,True,7.713610586245838e-05,False,0.26173152923583975,False,5.446895898547663,False
2025,B,441,1780384860.0,False,-1,,3,False,0.0,10.0,0.0,-1.8529581761131597,False,0.4036030232071848,False,-1.8529581761131597,False,0.25866249275443587,False,0.14390087127685547,False,-1.8529581761131597,False
2025,B,442,1780384920.0,False,-1,,3,False,0.0,18.0,0.0,-0.8354937685591244,False,0.42951965420475546,False,-0.8354937685591244,False,0.20233050107121442,False,0.16557915210723878,False,-0.8354937685591244,False
2025,B,443,1780384980.0,False,-1,,3,False,0.0,11.0,0.0,-1.2113788522065354,False,0.4042840368616264,False,-1.2113788522065354,False,0.24794537445720646,False,0.13750982284545898,False,-1.2113788522065354,False
2025,B,444,1780385040.0,False,-1,,3,False,0.0,8.0,0.0,-1.9124406058369248,False,0.414937385705812,False,-1.9124406058369248,False,0.286649624048389,False,0.1456669807434082,False,-1.9124406058369248,False
2025,B,445,1780385100.0,False,-1,,3,False,0.0,10.0,0.0,-0.21511281550706585,False,0.43054883378611514,False,-0.21511281550706585,False,0.25866249275443587,False,0.10885562896728515,False,-0.21511281550706585,False
2025,B,446,1780385160.0,False,-1,,3,False,0.0,6.0,0.0,-1.652179875744955,False,0.4376512541489852,False,-1.652179875744955,False,0.3295348248734502,False,0.14917480945587158,False,-1.652179875744955,False
2025,B,447,1780385220.0,False,-1,,3,False,0.0,11.0,0.0,-0.2033744476461008,False,0.4384965286300349,False,-0.2033744476461008,False,0.24794537445720646,False,0.11836004257202148,False,-0.2033744476461008,False
2025,B,448,1780385280.0,True,36,dependency_timeout,3,False,3.0,13.0,0.0,5.446895898547663,True,0.6957026980244684,False,5.446895898547663,True,1.0,True,6000000000.0,True,5.446895898547663,True
2025,B,449,1780385340.0,True,36,dependency_timeout,3,False,3.0,16.0,0.0,5.446895898547663,True,0.6708441648033828,False,5.446895898547663,True,1.0,True,5000000000.0,True,5.446895898547663,True
2025,B,450,1780385400.0,True,36,dependency_timeout,3,False,0.0,15.0,0.0,5.446895898547663,True,0.5189887622285583,False,5.446895898547663,True,1.0,True,5000000000.0,True,5.446895898547663,True
2025,B,451,1780385460.0,False,-1,,3,False,0.0,16.0,0.0,-1.8458763468470316,False,0.3997905799029493,False,-1.8458763468470316,False,0.21191738011819358,False,0.18040823936462402,False,-1.8458763468470316,False
2025,B,452,1780385520.0,False,-1,,3,False,0.0,13.0,0.0,-0.9723059730811983,False,0.4346143304034892,False,-0.9723059730811983,False,0.2307562658387595,False,0.18482646942138664,False,-0.9723059730811983,False
2025,B,453,1780385580.0,False,-1,,3,False,0.0,11.0,0.0,-0.9748709526380157,False,0.4141030485018251,False,-0.9748709526380157,False,0.24794537445720646,False,0.13409161567687988,False,-0.9748709526380157,False
2025,B,454,1780385640.0,False,-1,,3,False,0.0,14.0,0.0,-1.6013911305911837,False,0.4067700650830551,False,-1.6013911305911837,False,0.2237302694038766,False,0.1403864860534668,False,-1.6013911305911837,False
2025,B,455,1780385700.0,False,-1,,3,False,0.0,15.0,0.0,-0.8661926595319169,False,0.41595110234154026,False,-0.8661926595319169,False,0.21749564832786078,False,0.1408848285675049,False,-0.8661926595319169,False
2025,B,456,1780385760.0,False,-1,,3,False,0.0,11.0,0.0,-1.5704972986240948,False,0.41911134164689784,False,-1.5704972986240948,False,0.24794537445720646,False,0.17013788223266602,False,-1.5704972986240948,False
2025,B,457,1780385820.0,False,-1,,3,False,0.0,6.0,0.0,-1.3373208670603631,False,0.4544265612496165,False,-1.3373208670603631,False,0.3295348248734502,False,0.12440574169158936,False,-1.3373208670603631,False
2025,B,458,1780385880.0,False,-1,,3,False,0.0,8.0,0.0,-1.3366198661677187,False,0.45001726387184554,False,-1.3366198661677187,False,0.286649624048389,False,0.14116315841674804,False,-1.3366198661677187,False
2025,B,459,1780385940.0,False,-1,,3,False,0.0,15.0,0.0,-0.9769689296971515,False,0.412753087272356,False,-0.9769689296971515,False,0.21749564832786078,False,0.14463090896606443,False,-0.9769689296971515,False
2025,B,460,1780386000.0,True,37,config_error,3,False,0.0,13.0,0.0,1.3003372623896103,True,0.43667416087405014,False,1.3003372623896103,True,1.0,True,3000000000.0,True,1.3003372623896103,True
2025,B,461,1780386060.0,True,37,config_error,3,False,0.0,10.0,0.0,4.642058126376723,True,0.44588297890103196,False,4.642058126376723,True,1.0,True,10000000000.0,True,4.642058126376723,True
2025,B,462,1780386120.0,True,37,config_error,3,False,0.0,10.0,0.0,3.9929413016540947,True,0.4615493600431923,False,3.9929413016540947,True,1.0,True,9000000000.0,True,3.9929413016540947,True
2025,B,463,1780386180.0,True,37,config_error,3,False,0.0,18.0,0.0,3.8486179219027097,True,0.4084481565565789,False,3.8486179219027097,True,1.0,True,12000000000.0,True,3.8486179219027097,True
2025,B,464,1780386240.0,False,-1,,3,False,0.0,11.0,0.0,-1.6704471898970858,False,0.4001844021595042,False,-1.6704471898970858,False,0.24794537445720646,False,0.1362154483795166,False,-1.6704471898970858,False
2025,B,465,1780386300.0,False,-1,,3,False,0.0,9.0,0.0,-1.591185492596214,False,0.4148243884945073,False,-1.591185492596214,False,0.27134842463487785,False,0.16884956359863282,False,-1.591185492596214,False
2025,B,466,1780386360.0,False,-1,,3,False,0.0,7.0,0.0,-1.843411477766396,False,0.4267260833694916,False,-1.843411477766396,False,0.305536657637389,False,0.15762338638305662,False,-1.843411477766396,False
2025,B,467,1780386420.0,False,-1,,3,False,0.0,6.0,0.0,-1.3547731501051867,False,0.46703340460935283,False,-1.3547731501051867,False,0.3295348248734502,False,0.1366727352142334,False,-1.3547731501051867,False
2025,B,468,1780386480.0,False,-1,,3,False,0.0,13.0,0.0,-2.0256790360632584,False,0.3962543934064008,False,-2.0256790360632584,False,0.2307562658387595,False,0.16242532730102538,False,-2.0256790360632584,False
2025,B,469,1780386540.0,False,-1,,3,False,0.0,15.0,0.0,-1.6913255678800398,False,0.39817153701614705,False,-1.6913255678800398,False,0.21749564832786078,False,0.14501943588256835,False,-1.6913255678800398,False
2025,B,470,1780386600.0,False,-1,,3,False,0.0,6.0,0.0,2.139914101293007,True,0.5415037824706689,False,2.139914101293007,True,0.3295348248734502,False,0.274088740348816,False,2.139914101293007,True
2025,B,471,1780386660.0,False,-1,,3,False,0.0,14.0,0.0,-1.8162013482441095,False,0.40076999029504046,False,-1.8162013482441095,False,0.2237302694038766,False,0.1581623792648315,False,-1.8162013482441095,False
2025,B,472,1780386720.0,False,-1,,3,False,0.0,10.0,0.0,-1.5003527869584117,False,0.40448487332760097,False,-1.5003527869584117,False,0.25866249275443587,False,0.1436249017715454,False,-1.5003527869584117,False
2025,B,473,1780386780.0,False,-1,,3,False,0.0,22.0,0.0,-1.8742664113112015,False,0.37877827875548914,False,-1.8742664113112015,False,0.18759955492409922,False,0.1777276039123535,False,-1.8742664113112015,False
2025,B,474,1780386840.0,True,38,resource_exhaustion,3,False,0.0,11.0,0.0,5.446895898547663,True,0.5792074034293886,False,5.446895898547663,True,1.0,True,999999999.9999999,True,5.446895898547663,True
2025,B,475,1780386900.0,True,38,resource_exhaustion,3,False,4.0,11.0,0.0,5.446895898547663,True,0.7039822164253274,False,5.446895898547663,True,1.0,True,3000000000.0,True,5.446895898547663,True
2025,B,476,1780386960.0,True,38,resource_exhaustion,3,False,1.0,9.0,0.0,5.446895898547663,True,0.6848211104336331,False,5.446895898547663,True,1.0,True,999999999.9999999,True,5.446895898547663,True
2025,B,477,1780387020.0,False,-1,,3,False,0.0,15.0,0.0,-1.064222563105547,False,0.41437501111513975,False,-1.064222563105547,False,0.21749564832786078,False,0.1266927719116211,False,-1.064222563105547,False
2025,B,478,1780387080.0,False,-1,,3,False,0.0,6.0,0.0,-1.4530698546710967,False,0.442618710794588,False,-1.4530698546710967,False,0.3295348248734502,False,0.14866614341735843,False,-1.4530698546710967,False
2025,B,479,1780387140.0,False,-1,,3,False,0.0,9.0,0.0,-1.2296642082794236,False,0.4110038479104173,False,-1.2296642082794236,False,0.27134842463487785,False,0.1387789726257324,False,-1.2296642082794236,False
2025,B,480,1780387200.0,False,-1,,3,False,0.0,6.0,0.0,-0.6589944452020591,False,0.4684182514815281,False,-0.6589944452020591,False,0.3295348248734502,False,0.12363874912261963,False,-0.6589944452020591,False
2025,B,481,1780387260.0,False,-1,,3,False,0.0,11.0,0.0,-1.079694055194505,False,0.40871024875207673,False,-1.079694055194505,False,0.24794537445720646,False,0.14960479736328125,False,-1.079694055194505,False
2025,B,482,1780387320.0,False,-1,,3,False,0.0,9.0,0.0,-0.6086827800812875,False,0.45673230246922797,False,-0.6086827800812875,False,0.27134842463487785,False,0.1864374160766602,False,-0.6086827800812875,False
2025,B,483,1780387380.0,False,-1,,3,False,0.0,14.0,0.0,-1.015891854889209,False,0.40419753932686486,False,-1.015891854889209,False,0.2237302694038766,False,0.12979614734649658,False,-1.015891854889209,False
2025,B,484,1780387440.0,False,-1,,3,False,0.0,13.0,0.0,-1.4374199352248134,False,0.3965435102991796,False,-1.4374199352248134,False,0.2307562658387595,False,0.13855428695678712,False,-1.4374199352248134,False
2025,B,485,1780387500.0,True,39,permission_denied,3,False,0.0,15.0,0.0,1.2108615302670591,True,0.3930512382943298,False,1.2108615302670591,True,1.0,True,3999999999.9999995,True,1.2108615302670591,True
2025,B,486,1780387560.0,True,39,permission_denied,3,False,0.0,9.0,0.0,1.996311160639856,True,0.4325240441358457,False,1.996311160639856,True,1.0,True,5000000000.0,True,1.996311160639856,True
2025,B,487,1780387620.0,True,39,permission_denied,3,False,0.0,11.0,0.0,2.9088274529579765,True,0.45709138646507763,False,2.9088274529579765,True,1.0,True,6000000000.0,True,2.9088274529579765,True
2025,B,488,1780387680.0,True,39,permission_denied,3,False,0.0,10.0,0.0,-0.009119334941295243,False,0.42541122933772285,False,-0.009119334941295243,False,1.0,True,999999999.9999999,True,-0.009119334941295243,True
2025,B,489,1780387740.0,False,-1,,3,False,0.0,15.0,0.0,-0.7357408331372479,False,0.4172712270519117,False,-0.7357408331372479,False,0.21749564832786078,False,0.1598106861114502,False,-0.7357408331372479,False
2025,B,490,1780387800.0,False,-1,,3,False,0.0,19.0,0.0,-1.1003324025121302,False,0.3900619609985856,False,-1.1003324025121302,False,0.19817145176349388,False,0.14356346130371095,False,-1.1003324025121302,False
2025,B,491,1780387860.0,False,-1,,3,False,0.0,15.0,0.0,-0.7493176856949173,False,0.43079088116032693,False,-0.7493176856949173,False,0.21749564832786078,False,0.19113941192626954,False,-0.7493176856949173,False
2025,B,492,1780387920.0,False,-1,,3,False,0.0,11.0,0.0,-1.3752630020129937,False,0.41365030395589675,False,-1.3752630020129937,False,0.24794537445720646,False,0.15428948402404788,False,-1.3752630020129937,False
2025,B,493,1780387980.0,False,-1,,3,False,0.0,14.0,0.0,-1.8252884087496568,False,0.3962585878291415,False,-1.8252884087496568,False,0.2237302694038766,False,0.16856892108917232,False,-1.8252884087496568,False
2025,B,494,1780388040.0,False,-1,,3,False,0.0,15.0,0.0,-1.8325774903930787,False,0.38856262485699855,False,-1.8325774903930787,False,0.21749564832786078,False,0.15417494773864746,False,-1.8325774903930787,False
2025,B,495,1780388100.0,False,-1,,3,False,0.0,9.0,0.0,-1.233418418831203,False,0.43150595491340077,False,-1.233418418831203,False,0.27134842463487785,False,0.19569807052612304,False,-1.233418418831203,False
2025,B,496,1780388160.0,False,-1,,3,False,0.0,13.0,0.0,-1.7852309566808007,False,0.412639003686408,False,-1.7852309566808007,False,0.2307562658387595,False,0.18112220764160153,False,-1.7852309566808007,False
2025,B,497,1780388220.0,False,-1,,3,False,0.0,12.0,0.0,-0.3456208119060804,False,0.44236904891750567,False,-0.3456208119060804,False,0.23874979971626184,False,0.12056217193603513,False,-0.3456208119060804,False
2025,B,498,1780388280.0,False,-1,,3,False,0.0,14.0,0.0,-0.3776163024422017,False,0.449433620460426,False,-0.3776163024422017,False,0.2237302694038766,False,0.1124429702758789,False,-0.3776163024422017,False
2025,B,499,1780388340.0,True,40,permission_denied,3,False,0.0,12.0,0.0,1.88818264581373,True,0.42598321615631785,False,1.88818264581373,True,1.0,True,5000000000.0,True,1.88818264581373,True
2025,B,500,1780388400.0,True,40,permission_denied,3,False,0.0,9.0,0.0,1.1215411095889376,True,0.47442695288615266,False,1.1215411095889376,True,1.0,True,1999999999.9999998,True,1.1215411095889376,True
2025,B,501,1780388460.0,True,40,permission_denied,3,False,0.0,11.0,0.0,3.360375919223473,True,0.4363010509954302,False,3.360375919223473,True,1.0,True,7999999999.999999,True,3.360375919223473,True
2025,B,502,1780388520.0,True,40,permission_denied,3,False,0.0,14.0,0.0,-1.9060325031843437,False,0.3900975651686947,False,-1.9060325031843437,False,0.2237302694038766,False,0.1572291851043701,False,-1.9060325031843437,False
2025,B,503,1780388580.0,False,-1,,3,False,0.0,12.0,0.0,-1.2528573273832286,False,0.4064189249758147,False,-1.2528573273832286,False,0.23874979971626184,False,0.12950031757354735,False,-1.2528573273832286,False
2025,B,504,1780388640.0,False,-1,,3,False,0.0,9.0,0.0,-1.0749616517871434,False,0.4388424861616787,False,-1.0749616517871434,False,0.27134842463487785,False,0.18678779602050777,False,-1.0749616517871434,False
2025,B,505,1780388700.0,False,-1,,3,False,0.0,11.0,0.0,-1.5479348603770706,False,0.40521650234542805,False,-1.5479348603770706,False,0.24794537445720646,False,0.1626284122467041,False,-1.5479348603770706,False
2025,B,506,1780388760.0,False,-1,,3,False,0.0,8.0,0.0,-1.2016148549514716,False,0.44488189034478537,False,-1.2016148549514716,False,0.286649624048389,False,0.11920604705810547,False,-1.2016148549514716,False
2025,B,507,1780388820.0,False,-1,,3,False,0.0,13.0,0.0,-1.1355393844839705,False,0.402540394542216,False,-1.1355393844839705,False,0.2307562658387595,False,0.13362407684326172,False,-1.1355393844839705,False
2025,B,508,1780388880.0,False,-1,,3,False,0.0,18.0,0.0,-1.5475957166599548,False,0.39567236290347324,False,-1.5475957166599548,False,0.20233050107121442,False,0.1513495683670044,False,-1.5475957166599548,False
2025,B,509,1780388940.0,False,-1,,3,False,0.0,12.0,0.0,-1.7633717295085907,False,0.416714740051931,False,-1.7633717295085907,False,0.23874979971626184,False,0.15093762874603275,False,-1.7633717295085907,False
2025,B,510,1780389000.0,False,-1,,3,False,0.0,12.0,0.0,-0.6698256033340275,False,0.4160138717289885,False,-0.6698256033340275,False,0.23874979971626184,False,0.15327370166778564,False,-0.6698256033340275,False
2025,B,511,1780389060.0,False,-1,,3,False,0.0,18.0,0.0,-0.6626655133296859,False,0.4043988083346875,False,-0.6626655133296859,False,0.20233050107121442,False,0.12919604778289792,False,-0.6626655133296859,False
2025,B,512,1780389120.0,True,41,config_error,3,False,0.0,15.0,0.0,4.326320953098439,True,0.4241909462960465,False,4.326320953098439,True,1.0,True,13000000000.0,True,4.326320953098439,True
2025,B,513,1780389180.0,True,41,config_error,3,False,0.0,10.0,0.0,3.145439090983871,True,0.46720917894663466,False,3.145439090983871,True,1.0,True,7000000000.0,True,3.145439090983871,True
2025,B,514,1780389240.0,True,41,config_error,3,False,0.0,13.0,0.0,4.48940987439823,True,0.4542386987001127,False,4.48940987439823,True,1.0,True,12000000000.0,True,4.48940987439823,True
2025,B,515,1780389300.0,True,41,config_error,3,False,0.0,12.0,0.0,3.4795070443816196,True,0.43664600258624275,False,3.4795070443816196,True,1.0,True,7999999999.999999,True,3.4795070443816196,True
2025,B,516,1780389360.0,False,-1,,3,False,0.0,8.0,0.0,-0.6523808760133143,False,0.42823547378808885,False,-0.6523808760133143,False,0.286649624048389,False,0.11705570220947266,False,-0.6523808760133143,False
2025,B,517,1780389420.0,False,-1,,3,False,0.0,18.0,0.0,-1.716138932154239,False,0.3817694507190998,False,-1.716138932154239,False,0.20233050107121442,False,0.14398663043975832,False,-1.716138932154239,False
2025,B,518,1780389480.0,False,-1,,3,False,0.0,16.0,0.0,-1.920714403419102,False,0.3872552487596701,False,-1.920714403419102,False,0.21191738011819358,False,0.1587491035461426,False,-1.920714403419102,False
2025,B,519,1780389540.0,False,-1,,3,False,0.0,12.0,0.0,-1.848950338285956,False,0.40239943674910544,False,-1.848950338285956,False,0.23874979971626184,False,0.14647390842437746,False,-1.848950338285956,False
2025,B,520,1780389600.0,False,-1,,3,False,0.0,16.0,0.0,-1.3575798171104863,False,0.4185308094354393,False,-1.3575798171104863,False,0.21191738011819358,False,0.19132912158966064,False,-1.3575798171104863,False
2025,B,521,1780389660.0,False,-1,,3,False,0.0,17.0,0.0,-1.7394551739076407,False,0.38653346878820133,False,-1.7394551739076407,False,0.2068901422906054,False,0.16244773864746093,False,-1.7394551739076407,False
2025,B,522,1780389720.0,False,-1,,3,False,0.0,15.0,0.0,-1.157139573410923,False,0.42913236792739873,False,-1.157139573410923,False,0.21749564832786078,False,0.14829640388488768,False,-1.157139573410923,False
2025,B,523,1780389780.0,True,42,permission_denied,3,False,0.0,12.0,0.0,0.6135340147254134,False,0.4114157654037637,False,0.6135340147254134,False,1.0,True,3000000000.0,True,0.6135340147254134,True
2025,B,524,1780389840.0,True,42,permission_denied,3,False,0.0,10.0,0.0,1.5615764344633352,True,0.4363699994079527,False,1.5615764344633352,True,1.0,True,3999999999.9999995,True,1.5615764344633352,True
2025,B,525,1780389900.0,True,42,permission_denied,3,False,1.0,7.0,0.0,3.688956079102729,True,0.6206576194884107,False,3.688956079102729,True,1.0,True,5000000000.0,True,3.688956079102729,True
2025,B,526,1780389960.0,True,42,permission_denied,3,False,0.0,13.0,0.0,-0.7700001488618611,False,0.4139477676901825,False,-0.7700001488618611,False,0.19296732031101846,False,0.11948843002319336,False,-0.7700001488618611,False
2025,B,527,1780390020.0,False,-1,,3,False,0.0,11.0,0.0,-0.9514387214094757,False,0.44653777690266505,False,-0.9514387214094757,False,0.24794537445720646,False,0.12061786651611328,False,-0.9514387214094757,False
2025,B,528,1780390080.0,False,-1,,3,False,0.0,18.0,0.0,-1.2676287234425487,False,0.3974281758398707,False,-1.2676287234425487,False,0.20233050107121442,False,0.15703384876251214,False,-1.2676287234425487,False
2025,B,529,1780390140.0,False,-1,,3,False,0.0,14.0,0.0,-1.222170879945546,False,0.41399406246261555,False,-1.222170879945546,False,0.2237302694038766,False,0.12758774757385252,False,-1.222170879945546,False
2025,B,530,1780390200.0,False,-1,,3,False,0.0,15.0,0.0,-0.7089567217284385,False,0.42644161063240077,False,-0.7089567217284385,False,0.21749564832786078,False,0.1666728973388672,False,-0.7089567217284385,False
2025,B,531,1780390260.0,False,-1,,3,False,0.0,20.0,0.0,-1.9192972892859883,False,0.3817427411867379,False,-1.9192972892859883,False,0.19435852292864553,False,0.1531832456588745,False,-1.9192972892859883,False
2025,B,532,1780390320.0,False,-1,,3,False,0.0,14.0,0.0,-2.026465955826775,False,0.3893054016197266,False,-2.026465955826775,False,0.2237302694038766,False,0.16179959774017333,False,-2.026465955826775,False
2025,B,533,1780390380.0,False,-1,,3,False,0.0,15.0,0.0,-0.9201062927747019,False,0.3985353937531869,False,-0.9201062927747019,False,0.21749564832786078,False,0.1278148651123047,False,-0.9201062927747019,False
2025,B,534,1780390440.0,False,-1,,3,False,0.0,13.0,0.0,-0.6588928466079933,False,0.4453701214025099,False,-0.6588928466079933,False,0.2307562658387595,False,0.1449934959411621,False,-0.6588928466079933,False
2025,B,535,1780390500.0,False,-1,,3,False,0.0,13.0,0.0,-0.8818902059935461,False,0.40748486209732304,False,-0.8818902059935461,False,0.2307562658387595,False,0.13792676925659178,False,-0.8818902059935461,False
2025,B,536,1780390560.0,True,43,dependency_timeout,3,False,0.0,17.0,0.0,5.446895898547663,True,0.4502282367657992,False,5.446895898547663,True,1.0,True,999999999.9999999,True,5.446895898547663,True
2025,B,537,1780390620.0,True,43,dependency_timeout,3,False,3.0,19.0,0.0,5.446895898547663,True,0.6729093883221297,False,5.446895898547663,True,1.0,True,12000000000.0,True,5.446895898547663,True
2025,B,538,1780390680.0,True,43,dependency_timeout,3,False,0.0,11.0,0.0,5.446895898547663,True,0.5218917176687456,False,5.446895898547663,True,1.0,True,6000000000.0,True,5.446895898547663,True
2025,B,539,1780390740.0,True,43,dependency_timeout,3,False,1.0,16.0,0.0,5.446895898547663,True,0.6493869217354932,False,5.446895898547663,True,1.0,True,6000000000.0,True,5.446895898547663,True
2025,B,540,1780390800.0,True,43,dependency_timeout,3,False,0.0,7.0,0.0,5.446895898547663,True,0.5481593043378911,False,5.446895898547663,True,1.0,True,999999999.9999999,True,5.446895898547663,True
2025,B,541,1780390860.0,False,-1,,3,False,0.0,22.0,0.0,-1.9440858525683273,False,0.37479185225021444,False,-1.9440858525683273,False,0.18759955492409922,False,0.15815780162811277,False,-1.9440858525683273,False
2025,B,542,1780390920.0,False,-1,,3,False,0.0,18.0,0.0,-1.6205845479376277,False,0.3820002619056273,False,-1.6205845479376277,False,0.20233050107121442,False,0.1468860149383545,False,-1.6205845479376277,False
2025,B,543,1780390980.0,False,-1,,3,False,0.0,17.0,0.0,-1.7073727064358062,False,0.38452988997284915,False,-1.7073727064358062,False,0.2068901422906054,False,0.14902915954589843,False,-1.7073727064358062,False
2025,B,544,1780391040.0,False,-1,,3,False,0.0,19.0,0.0,-1.4262385085351381,False,0.38536453317796837,False,-1.4262385085351381,False,0.19817145176349388,False,0.13402066230773926,False,-1.4262385085351381,False
2025,B,545,1780391100.0,False,-1,,3,False,0.0,18.0,0.0,-1.8175879771549068,False,0.39781994856212216,False,-1.8175879771549068,False,0.20233050107121442,False,0.17665090560913074,False,-1.8175879771549068,False
2025,B,546,1780391160.0,False,-1,,3,False,0.0,27.0,0.0,-1.2125025291487557,False,0.3850534519101715,False,-1.2125025291487557,False,0.1743877084429739,False,0.15396223068237305,False,-1.2125025291487557,False
2025,B,547,1780391220.0,False,-1,,3,False,0.0,15.0,0.0,-1.4566045642273737,False,0.3953379159350688,False,-1.4566045642273737,False,0.21749564832786078,False,0.14284605979919435,False,-1.4566045642273737,False
2025,B,548,1780391280.0,True,44,resource_exhaustion,3,False,2.0,17.0,0.0,5.446895898547663,True,0.6992792191830581,False,5.446895898547663,True,1.0,True,3000000000.0,True,5.446895898547663,True
2025,B,549,1780391340.0,True,44,resource_exhaustion,3,False,5.0,16.0,0.0,5.446895898547663,True,0.7077029392215989,True,5.446895898547663,True,1.0,True,5000000000.0,True,5.446895898547663,True
2025,B,550,1780391400.0,True,44,resource_exhaustion,3,False,2.0,19.0,0.0,5.446895898547663,True,0.692695974251021,False,5.446895898547663,True,1.0,True,1999999999.9999998,True,5.446895898547663,True
2025,B,551,1780391460.0,False,-1,,3,False,0.0,11.0,0.0,-1.276598635087792,False,0.44275804365180427,False,-1.276598635087792,False,0.24794537445720646,False,0.16997933387756348,False,-1.276598635087792,False
2025,B,552,1780391520.0,False,-1,,3,False,0.0,14.0,0.0,-1.9229015887773615,False,0.39002670471837275,False,-1.9229015887773615,False,0.2237302694038766,False,0.15304965972900386,False,-1.9229015887773615,False
2025,B,553,1780391580.0,False,-1,,3,False,0.0,10.0,0.0,-1.4246983865921914,False,0.4041048420957198,False,-1.4246983865921914,False,0.25866249275443587,False,0.13756284713745118,False,-1.4246983865921914,False
2025,B,554,1780391640.0,False,-1,,3,False,0.0,15.0,0.0,-0.17846559755262703,False,0.45814583573799356,False,-0.17846559755262703,False,0.21749564832786078,False,0.1888419151306152,False,-0.17846559755262703,False
2025,B,555,1780391700.0,False,-1,,3,False,0.0,18.0,0.0,-1.6604505496743966,False,0.38290151393804117,False,-1.6604505496743966,False,0.20233050107121442,False,0.1419921875,False,-1.6604505496743966,False
2025,B,556,1780391760.0,False,-1,,3,False,0.0,17.0,0.0,-1.665113471650339,False,0.3827359948719533,False,-1.665113471650339,False,0.2068901422906054,False,0.14447031021118165,False,-1.665113471650339,False
2025,B,557,1780391820.0,False,-1,,3,False,0.0,11.0,0.0,-1.2175205043271013,False,0.4032880124498856,False,-1.2175205043271013,False,0.24794537445720646,False,0.14894556999206543,False,-1.2175205043271013,False
2025,B,558,1780391880.0,False,-1,,3,False,0.0,21.0,0.0,-1.8295560487014022,False,0.37374128841775234,False,-1.8295560487014022,False,0.1908469445255076,False,0.15714120864868167,False,-1.8295560487014022,False
2025,B,559,1780391940.0,True,45,config_error,3,False,0.0,19.0,0.0,1.5856159745925513,True,0.4303279120085233,False,1.5856159745925513,True,1.0,True,3000000000.0,True,1.5856159745925513,True
2025,B,560,1780392000.0,True,45,config_error,3,False,0.0,17.0,0.0,4.213020621791488,True,0.44875966959923774,False,4.213020621791488,True,1.0,True,13000000000.0,True,4.213020621791488,True
2025,B,561,1780392060.0,True,45,config_error,3,False,0.0,20.0,0.0,4.816032349405731,True,0.43304333142079765,False,4.816032349405731,True,1.0,True,18000000000.0,True,4.816032349405731,True
2025,B,562,1780392120.0,True,45,config_error,3,False,0.0,13.0,0.0,2.873107455946483,True,0.41000703017548623,False,2.873107455946483,True,1.0,True,7000000000.0,True,2.873107455946483,True
2025,B,563,1780392180.0,False,-1,,3,False,0.0,15.0,0.0,-1.8915083483772337,False,0.39835295081066335,False,-1.8915083483772337,False,0.21749564832786078,False,0.18074078559875484,False,-1.8915083483772337,False
2025,B,564,1780392240.0,False,-1,,3,False,0.0,9.0,0.0,-0.33660296296317327,False,0.4340949065976635,False,-0.33660296296317327,False,0.27134842463487785,False,0.11427841186523438,False,-0.33660296296317327,False
2025,B,565,1780392300.0,False,-1,,3,False,0.0,11.0,0.0,-0.17362550324434523,False,0.4895353569136328,False,-0.17362550324434523,False,0.24794537445720646,False,0.12063407897949219,False,-0.17362550324434523,False
2025,B,566,1780392360.0,False,-1,,3,False,0.0,11.0,0.0,-1.1158262456454286,False,0.41392206252013025,False,-1.1158262456454286,False,0.24794537445720646,False,0.1295328140258789,False,-1.1158262456454286,False
2025,B,567,1780392420.0,False,-1,,3,False,0.0,9.0,0.0,-1.6883963197056344,False,0.4185993981200009,False,-1.6883963197056344,False,0.27134842463487785,False,0.1776578903198242,False,-1.6883963197056344,False
2025,B,568,1780392480.0,False,-1,,3,False,0.0,18.0,0.0,-1.3224026137195386,False,0.3947483525651249,False,-1.3224026137195386,False,0.20233050107121442,False,0.15333790779113768,False,-1.3224026137195386,False
2025,B,569,1780392540.0,False,-1,,3,False,0.0,14.0,0.0,-1.911430508546009,False,0.3888963676120473,False,-1.911430508546009,False,0.2237302694038766,False,0.1526844024658203,False,-1.911430508546009,False
2025,B,570,1780392600.0,False,-1,,3,False,0.0,28.0,0.0,-1.1587337967781108,False,0.3939240954104288,False,-1.1587337967781108,False,0.17221313128709248,False,0.16579816341400147,False,-1.1587337967781108,False
2025,B,571,1780392660.0,False,-1,,3,False,0.0,14.0,0.0,-0.9695135211816446,False,0.40988400466643804,False,-0.9695135211816446,False,0.2237302694038766,False,0.12629079818725583,False,-0.9695135211816446,False
2025,B,572,1780392720.0,False,-1,,3,False,0.0,8.0,0.0,-1.5433487932257002,False,0.4144711560598362,False,-1.5433487932257002,False,0.286649624048389,False,0.13949530124664306,False,-1.5433487932257002,False
2025,B,573,1780392780.0,True,46,resource_exhaustion,3,False,1.0,22.0,0.0,5.446895898547663,True,0.6670299703335524,False,5.446895898547663,True,1.0,True,1999999999.9999998,True,5.446895898547663,True
2025,B,574,1780392840.0,True,46,resource_exhaustion,3,False,3.0,15.0,0.0,5.446895898547663,True,0.700334789097569,False,5.446895898547663,True,1.0,True,1999999999.9999998,True,5.446895898547663,True
2025,B,575,1780392900.0,True,46,resource_exhaustion,3,False,1.0,6.0,0.0,5.446895898547663,True,0.7053581854204847,True,5.446895898547663,True,1.0,True,1999999999.9999998,True,5.446895898547663,True
2025,B,576,1780392960.0,True,46,resource_exhaustion,3,True,14.0,95.0,0.0,5.446895898547663,True,0.7562307331411497,True,5.446895898547663,True,1.0,True,14000000000.0,True,5.446895898547663,True
2025,B,577,1780393020.0,True,46,resource_exhaustion,3,True,11.0,162.0,0.0,5.446895898547663,True,0.7721888521217687,True,5.446895898547663,True,1.0,True,9000000000.0,True,5.446895898547663,True
2025,B,578,1780393080.0,False,-1,,3,True,0.0,72.0,0.0,0.017658230381934814,False,0.613058350227075,False,0.017658230381934814,False,0.12936816842403046,False,0.20044381618499751,False,0.017658230381934814,False
2025,B,579,1780393140.0,False,-1,,3,False,0.0,14.0,0.0,-1.5421878301313061,False,0.40453891692557353,False,-1.5421878301313061,False,0.2237302694038766,False,0.17312507629394527,False,-1.5421878301313061,False
2025,B,580,1780393200.0,False,-1,,3,False,0.0,16.0,0.0,-1.1521407139291888,False,0.3997562026058913,False,-1.1521407139291888,False,0.21191738011819358,False,0.12814724445343018,False,-1.1521407139291888,False
2025,B,581,1780393260.0,False,-1,,3,False,0.0,20.0,0.0,-0.8945988855703577,False,0.4182451004794004,False,-0.8945988855703577,False,0.19435852292864553,False,0.13776824474334715,False,-0.8945988855703577,False
2025,B,582,1780393320.0,False,-1,,3,False,0.0,12.0,0.0,-1.5599403356639137,False,0.41385379987751975,False,-1.5599403356639137,False,0.23874979971626184,False,0.14587440490722656,False,-1.5599403356639137,False
2025,B,583,1780393380.0,False,-1,,3,False,0.0,10.0,0.0,-1.5254073833982096,False,0.4252144179540265,False,-1.5254073833982096,False,0.25866249275443587,False,0.19063396453857423,False,-1.5254073833982096,False
2025,B,584,1780393440.0,False,-1,,3,False,0.0,22.0,0.0,-1.406391285570173,False,0.41589362909597555,False,-1.406391285570173,False,0.18759955492409922,False,0.20918238162994382,False,-1.406391285570173,False
2025,B,585,1780393500.0,False,-1,,3,False,0.0,15.0,0.0,-1.7761975196443158,False,0.39642718602656474,False,-1.7761975196443158,False,0.21749564832786078,False,0.1525806427001953,False,-1.7761975196443158,False
2025,B,586,1780393560.0,False,-1,,3,False,0.0,18.0,0.0,-1.7524684049979316,False,0.40048748115551464,False,-1.7524684049979316,False,0.20233050107121442,False,0.19180512428283683,False,-1.7524684049979316,False
2025,B,587,1780393620.0,False,-1,,3,False,0.0,18.0,0.0,-1.157785409639291,False,0.39435262329472887,False,-1.157785409639291,False,0.20233050107121442,False,0.13863825798034668,False,-1.157785409639291,False
2025,B,588,1780393680.0,True,47,dependency_timeout,3,False,0.0,15.0,0.0,5.446895898547663,True,0.48960120332229734,False,5.446895898547663,True,1.0,True,3000000000.0,True,5.446895898547663,True
2025,B,589,1780393740.0,True,47,dependency_timeout,3,False,4.0,20.0,0.0,5.446895898547663,True,0.6689297686362402,False,5.446895898547663,True,1.0,True,7000000000.0,True,5.446895898547663,True
2025,B,590,1780393800.0,True,47,dependency_timeout,3,False,1.0,15.0,0.0,5.446895898547663,True,0.6594905020418593,False,5.446895898547663,True,1.0,True,3000000000.0,True,5.446895898547663,True
2025,B,591,1780393860.0,False,-1,,4,False,0.0,19.0,0.0,-2.0441223359782166,False,0.3811619268640113,False,-2.0441223359782166,False,0.19817145176349388,False,0.1602954864501953,False,-2.0441223359782166,False
2025,B,592,1780393920.0,False,-1,,4,False,0.0,20.0,0.0,-1.4827785473669843,False,0.3882194883536023,False,-1.4827785473669843,False,0.19435852292864553,False,0.1506487131118774,False,-1.4827785473669843,False
2025,B,593,1780393980.0,False,-1,,4,False,0.0,19.0,0.0,-1.7880279796900584,False,0.40023750147447035,False,-1.7880279796900584,False,0.19817145176349388,False,0.1714874267578125,False,-1.7880279796900584,False
2025,B,594,1780394040.0,False,-1,,4,False,0.0,23.0,0.0,-1.2517847726394136,False,0.38674683350343786,False,-1.2517847726394136,False,0.18458523060596266,False,0.16411681175231935,False,-1.2517847726394136,False
2025,B,595,1780394100.0,False,-1,,4,False,0.0,14.0,0.0,-1.9100430942909963,False,0.3914590765143772,False,-1.9100430942909963,False,0.2237302694038766,False,0.15347042083740234,False,-1.9100430942909963,False
2025,B,596,1780394160.0,False,-1,,4,False,0.0,21.0,0.0,-1.2698236282467956,False,0.40452354605992036,False,-1.2698236282467956,False,0.1908469445255076,False,0.1938819885253907,False,-1.2698236282467956,False
2025,B,597,1780394220.0,False,-1,,4,False,0.0,17.0,0.0,-1.4002417409728904,False,0.40107763740540453,False,-1.4002417409728904,False,0.2068901422906054,False,0.18165950775146483,False,-1.4002417409728904,False
2025,B,598,1780394280.0,False,-1,,4,False,0.0,17.0,0.0,-2.040801177320075,False,0.3824308820992968,False,-2.040801177320075,False,0.2068901422906054,False,0.16979455947875977,False,-2.040801177320075,False
2025,B,599,1780394340.0,False,-1,,4,False,0.0,19.0,0.0,-1.233288444945095,False,0.4136912595846526,False,-1.233288444945095,False,0.19817145176349388,False,0.1499866485595703,False,-1.233288444945095,False
2025,B,600,1780394400.0,False,-1,,4,False,0.0,13.0,0.0,-1.2664297550620383,False,0.42548343065712485,False,-1.2664297550620383,False,0.2307562658387595,False,0.16859502792358394,False,-1.2664297550620383,False
2025,B,601,1780394460.0,False,-1,,4,False,0.0,25.0,0.0,-1.6580833695561177,False,0.3741043595005136,False,-1.6580833695561177,False,0.17915458308696264,False,0.1510289192199707,False,-1.6580833695561177,False
2025,B,602,1780394520.0,True,48,config_error,4,False,0.0,23.0,0.0,4.428295466592432,True,0.40125541289304556,False,4.428295466592432,True,1.0,True,16999999999.999998,True,4.428295466592432,True
2025,B,603,1780394580.0,True,48,config_error,4,False,0.0,21.0,0.0,4.875177202182809,True,0.4294882081800634,False,4.875177202182809,True,1.0,True,19000000000.0,True,4.875177202182809,True
2025,B,604,1780394640.0,True,48,config_error,4,False,0.0,12.0,0.0,3.584949112194673,True,0.42916709151039245,False,3.584949112194673,True,1.0,True,9000000000.0,True,3.584949112194673,True
2025,B,605,1780394700.0,True,48,config_error,4,False,0.0,12.0,0.0,4.805224019454512,True,0.4376504304280457,False,4.805224019454512,True,1.0,True,12000000000.0,True,4.805224019454512,True
2025,B,606,1780394760.0,True,48,config_error,4,False,0.0,22.0,0.0,2.252264339411037,True,0.4074533057726611,False,2.252264339411037,True,1.0,True,6000000000.0,True,2.252264339411037,True
2025,B,607,1780394820.0,False,-1,,4,False,0.0,21.0,0.0,-1.9857167940307274,False,0.3880344742161855,False,-1.9857167940307274,False,0.1908469445255076,False,0.18219327926635742,False,-1.9857167940307274,False
2025,B,608,1780394880.0,False,-1,,4,False,0.0,18.0,0.0,-1.3454508331390915,False,0.4138550570832504,False,-1.3454508331390915,False,0.20233050107121442,False,0.18861796855926508,False,-1.3454508331390915,False
2025,B,609,1780394940.0,False,-1,,4,False,0.0,12.0,0.0,-0.8920505221808579,False,0.43085657132555705,False,-0.8920505221808579,False,0.23874979971626184,False,0.12556724548339845,False,-0.8920505221808579,False
2025,B,610,1780395000.0,False,-1,,4,False,0.0,23.0,0.0,-1.8457021796329718,False,0.3702283835053991,False,-1.8457021796329718,False,0.18458523060596266,False,0.15215396881103516,False,-1.8457021796329718,False
2025,B,611,1780395060.0,False,-1,,4,False,0.0,23.0,0.0,-0.8088698512293604,False,0.40625852802299184,False,-0.8088698512293604,False,0.18458523060596266,False,0.12991433143615722,False,-0.8088698512293604,False
2025,B,612,1780395120.0,False,-1,,4,False,0.0,23.0,0.0,-1.5640860537331598,False,0.3757129024944996,False,-1.5640860537331598,False,0.18458523060596266,False,0.15745339393615723,False,-1.5640860537331598,False
2025,B,613,1780395180.0,False,-1,,4,False,0.0,19.0,0.0,-1.4003723252294407,False,0.38774803678435577,False,-1.4003723252294407,False,0.19817145176349388,False,0.15143175125122071,False,-1.4003723252294407,False
2025,B,614,1780395240.0,True,49,permission_denied,4,False,0.0,18.0,0.0,1.4094941979056284,True,0.3859930756607711,False,1.4094941979056284,True,1.0,True,3999999999.9999995,True,1.4094941979056284,True
2025,B,615,1780395300.0,True,49,permission_denied,4,False,0.0,23.0,0.0,4.112020573415229,True,0.4120044431195269,False,4.112020573415229,True,1.0,True,13000000000.0,True,4.112020573415229,True
2025,B,616,1780395360.0,True,49,permission_denied,4,False,0.0,17.0,0.0,3.3879517974378808,True,0.39766341648354975,False,3.3879517974378808,True,1.0,True,9000000000.0,True,3.3879517974378808,True
2025,B,617,1780395420.0,True,49,permission_denied,4,False,0.0,19.0,0.0,2.3051751853584284,True,0.3864860472059221,False,2.3051751853584284,True,1.0,True,6000000000.0,True,2.3051751853584284,True
2025,B,618,1780395480.0,True,49,permission_denied,4,False,1.0,18.0,0.0,1.2176873250170983,True,0.587609133622239,False,1.2176873250170983,True,1.0,True,3000000000.0,True,1.2176873250170983,True
2025,B,619,1780395540.0,False,-1,,4,False,0.0,10.0,0.0,-1.764130945875392,False,0.427325358064544,False,-1.764130945875392,False,0.25866249275443587,False,0.1511995315551758,False,-1.764130945875392,False
2025,B,620,1780395600.0,False,-1,,4,False,0.0,19.0,0.0,-2.1005899519758575,False,0.3863963286173834,False,-2.1005899519758575,False,0.19817145176349388,False,0.17949800491333007,False,-2.1005899519758575,False
2025,B,621,1780395660.0,False,-1,,4,False,0.0,19.0,0.0,-1.5837379518892885,False,0.38339055077686546,False,-1.5837379518892885,False,0.19817145176349388,False,0.14861664772033692,False,-1.5837379518892885,False
2025,B,622,1780395720.0,False,-1,,4,False,0.0,15.0,0.0,-1.8428232643166371,False,0.3912292930787941,False,-1.8428232643166371,False,0.21749564832786078,False,0.16722259521484373,False,-1.8428232643166371,False
2025,B,623,1780395780.0,False,-1,,4,False,0.0,21.0,0.0,-1.8557768688744538,False,0.3748694337512278,False,-1.8557768688744538,False,0.1908469445255076,False,0.15733814239501953,False,-1.8557768688744538,False
2025,B,624,1780395840.0,False,-1,,4,False,0.0,13.0,0.0,-0.7532611360440393,False,0.4116862143623003,False,-0.7532611360440393,False,0.2307562658387595,False,0.12564001083374024,False,-0.7532611360440393,False
2025,B,625,1780395900.0,True,50,resource_exhaustion,4,False,0.0,19.0,0.0,5.446895898547663,True,0.5187219423479401,False,5.446895898547663,True,1.0,True,999999999.9999999,True,5.446895898547663,True
2025,B,626,1780395960.0,True,50,resource_exhaustion,4,False,5.0,17.0,0.0,5.446895898547663,True,0.7062679297045374,True,5.446895898547663,True,1.0,True,5000000000.0,True,5.446895898547663,True
2025,B,627,1780396020.0,True,50,resource_exhaustion,4,False,5.0,22.0,0.0,5.446895898547663,True,0.6943703730722587,False,5.446895898547663,True,1.0,True,5000000000.0,True,5.446895898547663,True
2025,B,628,1780396080.0,True,50,resource_exhaustion,4,False,3.0,22.0,0.0,5.446895898547663,True,0.6904369601017646,False,5.446895898547663,True,1.0,True,3000000000.0,True,5.446895898547663,True
2025,B,629,1780396140.0,True,50,resource_exhaustion,4,False,0.0,24.0,0.0,5.446895898547663,True,0.44092324099169194,False,5.446895898547663,True,0.1817776918582098,False,0.17447443008422853,False,5.446895898547663,True
2025,B,630,1780396200.0,False,-1,,4,False,0.0,20.0,0.0,-0.8256808537895237,False,0.39685934592539707,False,-0.8256808537895237,False,0.19435852292864553,False,0.14495415687561033,False,-0.8256808537895237,False
2025,B,631,1780396260.0,False,-1,,4,False,0.0,22.0,0.0,-1.8751541913088987,False,0.3856719864241012,False,-1.8751541913088987,False,0.18759955492409922,False,0.1823014974594116,False,-1.8751541913088987,False
2025,B,632,1780396320.0,False,-1,,4,False,0.0,15.0,0.0,-0.9898920974043639,False,0.39577549625984704,False,-0.9898920974043639,False,0.21749564832786078,False,0.13847413063049316,False,-0.9898920974043639,False
2025,B,633,1780396380.0,False,-1,,4,False,0.0,27.0,0.0,-1.1899633571123038,False,0.3807430043495456,False,-1.1899633571123038,False,0.1743877084429739,False,0.13840866088867185,False,-1.1899633571123038,False
2025,B,634,1780396440.0,False,-1,,4,False,0.0,22.0,0.0,-1.923305893494156,False,0.37229781951214835,False,-1.923305893494156,False,0.18759955492409922,False,0.15002646446228027,False,-1.923305893494156,False
2025,B,635,1780396500.0,False,-1,,4,False,0.0,20.0,0.0,-1.4805839102476606,False,0.3844581399973036,False,-1.4805839102476606,False,0.19435852292864553,False,0.15310440063476563,False,-1.4805839102476606,False
2025,B,636,1780396560.0,True,51,permission_denied,4,False,0.0,21.0,0.0,-1.7872921940743272,False,0.37495598939465696,False,-1.7872921940743272,False,0.1908469445255076,False,0.16377782821655276,False,-1.7872921940743272,False
2025,B,637,1780396620.0,True,51,permission_denied,4,False,0.0,18.0,0.0,1.6634159738814231,True,0.3851621612302646,False,1.6634159738814231,True,1.0,True,5000000000.0,True,1.6634159738814231,True
2025,B,638,1780396680.0,True,51,permission_denied,4,False,0.0,18.0,0.0,1.1014523023852707,True,0.3854403356539003,False,1.1014523023852707,True,1.0,True,3999999999.9999995,True,1.1014523023852707,True
2025,B,639,1780396740.0,True,51,permission_denied,4,False,0.0,23.0,0.0,3.7705821990049384,True,0.3880316246763189,False,3.7705821990049384,True,1.0,True,13000000000.0,True,3.7705821990049384,True
2025,B,640,1780396800.0,True,51,permission_denied,4,False,0.0,16.0,0.0,1.0456521710638196,True,0.38956020772512345,False,1.0456521710638196,True,1.0,True,3999999999.9999995,True,1.0456521710638196,True
2025,B,641,1780396860.0,False,-1,,4,False,0.0,25.0,0.0,-1.9772057382941952,False,0.3695486769972327,False,-1.9772057382941952,False,0.17915458308696264,False,0.1632416725158691,False,-1.9772057382941952,False
2025,B,642,1780396920.0,False,-1,,4,False,1.0,25.0,0.0,1.0639946977885018,True,0.5998314979991504,False,1.0639946977885018,True,0.00026568023391353006,False,0.2214142799377441,False,1.0639946977885018,False
2025,B,643,1780396980.0,False,-1,,4,False,0.0,20.0,0.0,-1.8175093645291165,False,0.3779794597062258,False,-1.8175093645291165,False,0.19435852292864553,False,0.1458100080490112,False,-1.8175093645291165,False
2025,B,644,1780397040.0,False,-1,,4,False,0.0,26.0,0.0,-1.523611971767953,False,0.3732250812388853,False,-1.523611971767953,False,0.17669675651560246,False,0.1460057497024536,False,-1.523611971767953,False
2025,B,645,1780397100.0,False,-1,,4,False,0.0,20.0,0.0,-1.8859467577144384,False,0.3778246750363087,False,-1.8859467577144384,False,0.19435852292864553,False,0.1545314788818359,False,-1.8859467577144384,False
2025,B,646,1780397160.0,False,-1,,4,False,0.0,19.0,0.0,-1.1802293918669333,False,0.4243012940153871,False,-1.1802293918669333,False,0.19817145176349388,False,0.19173340797424313,False,-1.1802293918669333,False
2025,B,647,1780397220.0,True,52,dependency_timeout,4,False,0.0,27.0,0.0,-2.0066180269211698,False,0.3763574915649638,False,-2.0066180269211698,False,0.18672098193089037,False,999999999.9999999,True,-2.0066180269211698,False
2025,B,648,1780397280.0,True,52,dependency_timeout,4,False,3.0,22.0,0.0,5.446895898547663,True,0.6632010201180961,False,5.446895898547663,True,1.0,True,6000000000.0,True,5.446895898547663,True
2025,B,649,1780397340.0,True,52,dependency_timeout,4,False,1.0,23.0,0.0,5.446895898547663,True,0.6387737729691746,False,5.446895898547663,True,1.0,True,9000000000.0,True,5.446895898547663,True
2025,B,650,1780397400.0,True,52,dependency_timeout,4,False,4.0,24.0,0.0,5.446895898547663,True,0.6719997511083118,False,5.446895898547663,True,1.0,True,11000000000.0,True,5.446895898547663,True
2025,B,651,1780397460.0,False,-1,,4,False,0.0,22.0,0.0,-1.5978461978432428,False,0.3876157542945283,False,-1.5978461978432428,False,0.18759955492409922,False,0.14795451164245604,False,-1.5978461978432428,False
2025,B,652,1780397520.0,False,-1,,4,False,0.0,22.0,0.0,-1.832684928551596,False,0.37258921355047453,False,-1.832684928551596,False,0.18759955492409922,False,0.14865539073944092,False,-1.832684928551596,False
2025,B,653,1780397580.0,False,-1,,4,False,0.0,24.0,0.0,0.44537678125371283,False,0.45231947664854594,False,0.44537678125371283,False,0.1817776918582098,False,0.22942831516265866,False,0.44537678125371283,False
2025,B,654,1780397640.0,False,-1,,4,False,0.0,16.0,0.0,-1.1358312634651808,False,0.41401694074433903,False,-1.1358312634651808,False,0.21191738011819358,False,0.16948938369750977,False,-1.1358312634651808,False
2025,B,655,1780397700.0,False,-1,,4,False,0.0,16.0,0.0,-0.3051107650778002,False,0.4316339399240464,False,-0.3051107650778002,False,0.21191738011819358,False,0.17548108100891113,False,-0.3051107650778002,False
2025,B,656,1780397760.0,False,-1,,4,False,0.0,15.0,0.0,-1.0651318178843505,False,0.3945121057858243,False,-1.0651318178843505,False,0.21749564832786078,False,0.1426283836364746,False,-1.0651318178843505,False
2025,B,657,1780397820.0,False,-1,,4,False,0.0,16.0,0.0,-1.3747454114453737,False,0.3874225124931396,False,-1.3747454114453737,False,0.21191738011819358,False,0.13533222675323486,False,-1.3747454114453737,False
2025,B,658,1780397880.0,True,53,config_error,4,False,0.0,25.0,0.0,4.753582502090762,True,0.4081351650207134,False,4.753582502090762,True,1.0,True,21000000000.0,True,4.753582502090762,True
2025,B,659,1780397940.0,True,53,config_error,4,False,0.0,18.0,0.0,4.919385491694709,True,0.4347213192299787,False,4.919385491694709,True,1.0,True,16999999999.999998,True,4.919385491694709,True
2025,B,660,1780398000.0,True,53,config_error,4,False,0.0,26.0,0.0,4.650020040847641,True,0.4226170618562256,False,4.650020040847641,True,1.0,True,20000000000.0,True,4.650020040847641,True
2025,B,661,1780398060.0,True,53,config_error,4,False,0.0,30.0,0.0,3.181784726570532,True,0.39391095014368255,False,3.181784726570532,True,1.0,True,9000000000.0,True,3.181784726570532,True
2025,B,662,1780398120.0,False,-1,,4,False,0.0,26.0,0.0,-1.6393868902658904,False,0.3859681666574523,False,-1.6393868902658904,False,0.17669675651560246,False,0.16734004020690918,False,-1.6393868902658904,False
2025,B,663,1780398180.0,False,-1,,4,False,0.0,19.0,0.0,-1.6137107490073426,False,0.40515827319066755,False,-1.6137107490073426,False,0.19817145176349388,False,0.19678792953491211,False,-1.6137107490073426,False
2025,B,664,1780398240.0,False,-1,,4,False,0.0,26.0,0.0,-1.764552847476347,False,0.37951448624193784,False,-1.764552847476347,False,0.17669675651560246,False,0.1627945899963379,False,-1.764552847476347,False
2025,B,665,1780398300.0,False,-1,,4,False,1.0,18.0,0.0,-0.7751072988754402,False,0.5774786488385121,False,-0.7751072988754402,False,0.0001520215319535912,False,0.15817952156066895,False,-0.7751072988754402,False
2025,B,666,1780398360.0,False,-1,,4,False,0.0,26.0,0.0,-1.9856962969571983,False,0.3707492834286784,False,-1.9856962969571983,False,0.17669675651560246,False,0.16955196857452393,False,-1.9856962969571983,False
2025,B,667,1780398420.0,True,54,permission_denied,4,False,0.0,29.0,0.0,2.018977218619942,True,0.3909123357951869,False,2.018977218619942,True,1.0,True,6000000000.0,True,2.018977218619942,True
2025,B,668,1780398480.0,True,54,permission_denied,4,False,0.0,28.0,0.0,2.3649285888560456,True,0.3769826830310504,False,2.3649285888560456,True,1.0,True,7000000000.0,True,2.3649285888560456,True
2025,B,669,1780398540.0,True,54,permission_denied,4,False,0.0,21.0,0.0,2.271129727224632,True,0.3848841155522453,False,2.271129727224632,True,1.0,True,6000000000.0,True,2.271129727224632,True
2025,B,670,1780398600.0,True,54,permission_denied,4,False,0.0,20.0,0.0,2.639009390056673,True,0.40505860469385524,False,2.639009390056673,True,1.0,True,7000000000.0,True,2.639009390056673,True
2025,B,671,1780398660.0,False,-1,,4,False,0.0,34.0,0.0,-1.2889142228407247,False,0.4120924351395269,False,-1.2889142228407247,False,0.16138735499274742,False,0.14448645114898684,False,-1.2889142228407247,False
2025,B,672,1780398720.0,False,-1,,4,False,0.0,14.0,0.0,-1.548430933606669,False,0.4086765460422751,False,-1.548430933606669,False,0.2237302694038766,False,0.15353055000305177,False,-1.548430933606669,False
2025,B,673,1780398780.0,False,-1,,4,False,0.0,15.0,0.0,-1.9474222022937688,False,0.39106790012752357,False,-1.9474222022937688,False,0.21749564832786078,False,0.1728133201599121,False,-1.9474222022937688,False
2025,B,674,1780398840.0,False,-1,,4,False,0.0,20.0,0.0,-1.6461545504958677,False,0.40656582023590765,False,-1.6461545504958677,False,0.19435852292864553,False,0.2041287183761596,False,-1.6461545504958677,False
2025,B,675,1780398900.0,False,-1,,4,False,0.0,17.0,0.0,-0.145732664520561,False,0.4108951557419973,False,-0.145732664520561,False,0.2068901422906054,False,0.13185853958129884,False,-0.145732664520561,False
2025,B,676,1780398960.0,False,-1,,4,False,0.0,23.0,0.0,-1.6750513470287478,False,0.38168869061627386,False,-1.6750513470287478,False,0.18458523060596266,False,0.14925532341003417,False,-1.6750513470287478,False
2025,B,677,1780399020.0,True,55,resource_exhaustion,4,False,1.0,18.0,0.0,5.446895898547663,True,0.6468595571140999,False,5.446895898547663,True,0.0001520215319535912,False,0.2198134422302246,False,5.446895898547663,False
2025,B,678,1780399080.0,True,55,resource_exhaustion,4,False,0.0,15.0,0.0,5.446895898547663,True,0.5600061668800693,False,5.446895898547663,True,1.0,True,999999999.9999999,True,5.446895898547663,True
2025,B,679,1780399140.0,True,55,resource_exhaustion,4,False,2.0,19.0,0.0,5.446895898547663,True,0.6864803636896117,False,5.446895898547663,True,1.0,True,1999999999.9999998,True,5.446895898547663,True
2025,B,680,1780399200.0,True,55,resource_exhaustion,4,False,4.0,27.0,0.0,5.446895898547663,True,0.6920908875074259,False,5.446895898547663,True,1.0,True,3999999999.9999995,True,5.446895898547663,True
2025,B,681,1780399260.0,True,55,resource_exhaustion,4,False,2.0,27.0,0.0,5.446895898547663,True,0.6796947572240322,False,5.446895898547663,True,1.0,True,1999999999.9999998,True,5.446895898547663,True
2025,B,682,1780399320.0,False,-1,,4,False,0.0,25.0,0.0,-1.9137056745667405,False,0.38216070940658176,False,-1.9137056745667405,False,0.17915458308696264,False,0.18007259368896483,False,-1.9137056745667405,False
2025,B,683,1780399380.0,False,-1,,4,False,0.0,15.0,0.0,0.40779818689292924,False,0.4732370319133958,False,0.40779818689292924,False,0.21749564832786078,False,0.18830156326293945,False,0.40779818689292924,False
2025,B,684,1780399440.0,False,-1,,4,False,0.0,27.0,0.0,-1.7929552097871913,False,0.38648858136346376,False,-1.7929552097871913,False,0.1743877084429739,False,0.1839705944061279,False,-1.7929552097871913,False
2025,B,685,1780399500.0,False,-1,,4,False,0.0,19.0,0.0,-1.713812151117371,False,0.38371202743192,False,-1.713812151117371,False,0.19817145176349388,False,0.15074381828308106,False,-1.713812151117371,False
2025,B,686,1780399560.0,False,-1,,4,False,1.0,28.0,0.0,-0.31137300571583726,False,0.5818200751106584,False,-0.31137300571583726,False,0.000314525719221063,False,0.16678183078765868,False,-0.31137300571583726,False
2025,B,687,1780399620.0,False,-1,,4,False,0.0,21.0,0.0,-0.8955954994031252,False,0.4195053390790505,False,-0.8955954994031252,False,0.1908469445255076,False,0.199124813079834,False,-0.8955954994031252,False
2025,B,688,1780399680.0,False,-1,,4,False,0.0,34.0,0.0,-1.6436366770144133,False,0.41210049831621204,False,-1.6436366770144133,False,0.16138735499274742,False,0.18228480815887455,False,-1.6436366770144133,False
2025,B,689,1780399740.0,False,-1,,4,False,0.0,25.0,0.0,-1.727926574902833,False,0.37313707280409836,False,-1.727926574902833,False,0.17915458308696264,False,0.14646902084350585,False,-1.727926574902833,False
2025,B,690,1780399800.0,False,-1,,4,False,0.0,24.0,0.0,-1.8809333136530322,False,0.37818653638460914,False,-1.8809333136530322,False,0.1817776918582098,False,0.17701876163482666,False,-1.8809333136530322,False
2025,B,691,1780399860.0,True,56,config_error,4,False,0.0,32.0,0.0,0.5249457123314532,False,0.41538960202649805,False,0.5249457123314532,False,1.0,True,1999999999.9999998,True,0.5249457123314532,True
2025,B,692,1780399920.0,True,56,config_error,4,False,0.0,26.0,0.0,4.608823694189348,True,0.3883710170724244,False,4.608823694189348,True,1.0,True,20000000000.0,True,4.608823694189348,True
2025,B,693,1780399980.0,True,56,config_error,4,False,0.0,20.0,0.0,4.391193109092201,True,0.4007527608796587,False,4.391193109092201,True,1.0,True,15999999999.999998,True,4.391193109092201,True
2025,B,694,1780400040.0,True,56,config_error,4,False,0.0,22.0,0.0,5.1341790985209945,True,0.4657874859126807,False,5.1341790985209945,True,1.0,True,21000000000.0,True,5.1341790985209945,True
2025,B,695,1780400100.0,False,-1,,4,True,0.0,231.0,0.0,-0.1989611988942066,False,0.6992154298042724,False,-0.1989611988942066,False,0.09891728009952629,False,0.18090701103210424,False,-0.1989611988942066,False
2025,B,696,1780400160.0,False,-1,,4,True,0.0,226.0,0.0,-0.08881454650444098,False,0.7106802840697861,True,-0.08881454650444098,False,0.09934928096904702,False,0.16701757907867432,False,-0.08881454650444098,False
2025,B,697,1780400220.0,False,-1,,4,True,0.0,36.0,0.0,-1.4176506580348223,False,0.4489935152041063,False,-1.4176506580348223,False,0.15843418223445005,False,0.19284749031066892,False,-1.4176506580348223,False
2025,B,698,1780400280.0,False,-1,,4,False,0.0,20.0,0.0,-2.149396059419665,False,0.3792241994186941,False,-2.149396059419665,False,0.19435852292864553,False,0.16696336269378662,False,-2.149396059419665,False
2025,B,699,1780400340.0,False,-1,,4,False,0.0,18.0,0.0,0.02437793332887317,False,0.44139544919710605,False,0.02437793332887317,False,0.20233050107121442,False,0.1219151735305786,False,0.02437793332887317,False
2025,B,700,1780400400.0,False,-1,,4,False,0.0,23.0,0.0,-1.3541106373860714,False,0.3745262038534365,False,-1.3541106373860714,False,0.18458523060596266,False,0.1398472309112549,False,-1.3541106373860714,False
2025,B,701,1780400460.0,False,-1,,4,False,0.0,24.0,0.0,-1.0030387405489485,False,0.40844147511779405,False,-1.0030387405489485,False,0.1817776918582098,False,0.145131778717041,False,-1.0030387405489485,False
2025,B,702,1780400520.0,False,-1,,4,False,0.0,24.0,0.0,-1.933984960649786,False,0.38076257557220733,False,-1.933984960649786,False,0.1817776918582098,False,0.1749273061752319,False,-1.933984960649786,False
2025,B,703,1780400580.0,False,-1,,4,False,0.0,19.0,0.0,-1.5332600742739686,False,0.393098057221996,False,-1.5332600742739686,False,0.19817145176349388,False,0.15415577888488768,False,-1.5332600742739686,False
2025,B,704,1780400640.0,True,57,dependency_timeout,4,False,0.0,21.0,0.0,5.446895898547663,True,0.48405412191903735,False,5.446895898547663,True,1.0,True,3999999999.9999995,True,5.446895898547663,True
2025,B,705,1780400700.0,True,57,dependency_timeout,4,False,2.0,15.0,0.0,5.446895898547663,True,0.6691634552800452,False,5.446895898547663,True,1.0,True,5000000000.0,True,5.446895898547663,True
2025,B,706,1780400760.0,True,57,dependency_timeout,4,False,3.0,26.0,0.0,5.446895898547663,True,0.6694317074521958,False,5.446895898547663,True,1.0,True,11000000000.0,True,5.446895898547663,True
2025,B,707,1780400820.0,True,57,dependency_timeout,4,False,5.0,20.0,0.0,5.446895898547663,True,0.676185333591191,False,5.446895898547663,True,1.0,True,12000000000.0,True,5.446895898547663,True
2025,B,708,1780400880.0,True,57,dependency_timeout,4,False,0.0,21.0,0.0,5.446895898547663,True,0.4398776354416528,False,5.446895898547663,True,1.0,True,3000000000.0,True,5.446895898547663,True
2025,B,709,1780400940.0,False,-1,,4,False,0.0,17.0,0.0,-1.7813024889706375,False,0.38575967620146334,False,-1.7813024889706375,False,0.2068901422906054,False,0.16517181396484376,False,-1.7813024889706375,False
2025,B,710,1780401000.0,False,-1,,4,False,0.0,28.0,0.0,-1.371718181217914,False,0.3806986218043385,False,-1.371718181217914,False,0.17221313128709248,False,0.14207355976104735,False,-1.371718181217914,False
2025,B,711,1780401060.0,False,-1,,4,False,0.0,18.0,0.0,-1.7133801826068247,False,0.3812190822416318,False,-1.7133801826068247,False,0.20233050107121442,False,0.1417685508728027,False,-1.7133801826068247,False
2025,B,712,1780401120.0,False,-1,,4,False,0.0,29.0,0.0,-1.5691823326906071,False,0.382719628808498,False,-1.5691823326906071,False,0.17016055445988643,False,0.14973859786987304,False,-1.5691823326906071,False
2025,B,713,1780401180.0,False,-1,,4,False,0.0,21.0,0.0,-1.3630539999622933,False,0.38362299788800935,False,-1.3630539999622933,False,0.1908469445255076,False,0.146636962890625,False,-1.3630539999622933,False
2025,B,714,1780401240.0,False,-1,,4,False,0.0,37.0,0.0,-0.9399227381473176,False,0.46464797048508744,False,-0.9399227381473176,False,0.15705371401464144,False,0.1806386947631836,False,-0.9399227381473176,False
2025,B,715,1780401300.0,False,-1,,4,False,0.0,30.0,0.0,-1.237763407229573,False,0.40242877084150436,False,-1.237763407229573,False,0.16821905407945875,False,0.15064151287078859,False,-1.237763407229573,False
2025,B,716,1780401360.0,True,58,dependency_timeout,4,False,4.0,17.0,0.0,5.446895898547663,True,0.6640913418102202,False,5.446895898547663,True,1.0,True,7000000000.0,True,5.446895898547663,True
2025,B,717,1780401420.0,True,58,dependency_timeout,4,False,1.0,13.0,0.0,5.446895898547663,True,0.6570115685050213,False,5.446895898547663,True,1.0,True,6000000000.0,True,5.446895898547663,True
2025,B,718,1780401480.0,True,58,dependency_timeout,4,False,2.0,22.0,0.0,5.446895898547663,True,0.6668455021422208,False,5.446895898547663,True,1.0,True,10000000000.0,True,5.446895898547663,True
2025,B,719,1780401540.0,True,58,dependency_timeout,4,False,1.0,19.0,0.0,5.446895898547663,True,0.6414126771968973,False,5.446895898547663,True,1.0,True,5000000000.0,True,5.446895898547663,True
2025,B,720,1780401600.0,False,-1,,4,False,0.0,26.0,0.0,-2.0328863031575297,False,0.37479893838265976,False,-2.0328863031575297,False,0.17669675651560246,False,0.1730412244796753,False,-2.0328863031575297,False
2025,B,721,1780401660.0,False,-1,,4,False,0.0,19.0,0.0,-0.8940875803521475,False,0.3930188037204187,False,-0.8940875803521475,False,0.19817145176349388,False,0.13804035186767577,False,-0.8940875803521475,False
2025,B,722,1780401720.0,False,-1,,4,False,0.0,19.0,0.0,-1.2099444445244982,False,0.38753054049741886,False,-1.2099444445244982,False,0.19817145176349388,False,0.14316864013671876,False,-1.2099444445244982,False
2025,B,723,1780401780.0,False,-1,,4,False,0.0,36.0,0.0,-0.614842381557561,False,0.47877770755240134,False,-0.614842381557561,False,0.15843418223445005,False,0.206905722618103,False,-0.614842381557561,False
2025,B,724,1780401840.0,False,-1,,4,False,0.0,19.0,0.0,-2.1203669268591465,False,0.3821883662573775,False,-2.1203669268591465,False,0.19817145176349388,False,0.16456203460693358,False,-2.1203669268591465,False
2025,B,725,1780401900.0,False,-1,,4,False,0.0,28.0,0.0,-1.1663487598491535,False,0.383529859461467,False,-1.1663487598491535,False,0.17221313128709248,False,0.1385777473449707,False,-1.1663487598491535,False
2025,B,726,1780401960.0,False,-1,,4,False,0.0,24.0,0.0,-0.6694458994979904,False,0.40029456099068295,False,-0.6694458994979904,False,0.1817776918582098,False,0.12767426967620848,False,-0.6694458994979904,False
2025,B,727,1780402020.0,True,59,resource_exhaustion,4,False,0.0,33.0,0.0,5.446895898547663,True,0.49749580611257316,False,5.446895898547663,True,0.16297029669269902,False,0.21164464950561523,False,5.446895898547663,True
2025,B,728,1780402080.0,True,59,resource_exhaustion,4,False,2.0,22.0,0.0,5.446895898547663,True,0.6842295593435039,False,5.446895898547663,True,1.0,True,3000000000.0,True,5.446895898547663,True
2025,B,729,1780402140.0,True,59,resource_exhaustion,4,False,9.0,27.0,0.0,5.446895898547663,True,0.6955487008232458,False,5.446895898547663,True,1.0,True,7999999999.999999,True,5.446895898547663,True
2025,B,730,1780402200.0,True,59,resource_exhaustion,4,False,4.0,24.0,0.0,5.446895898547663,True,0.6825633822880037,False,5.446895898547663,True,1.0,True,3999999999.9999995,True,5.446895898547663,True
2025,B,731,1780402260.0,True,59,resource_exhaustion,4,False,4.0,21.0,0.0,5.446895898547663,True,0.6936660283072176,False,5.446895898547663,True,1.0,True,3999999999.9999995,True,5.446895898547663,True
2025,B,732,1780402320.0,False,-1,,5,False,0.0,26.0,0.0,-1.7766551115611557,False,0.38227781116136855,False,-1.7766551115611557,False,0.17669675651560246,False,0.16939640045166016,False,-1.7766551115611557,False
2025,B,733,1780402380.0,False,-1,,5,False,0.0,24.0,0.0,-2.006267690449895,False,0.367124510670277,False,-2.006267690449895,False,0.1817776918582098,False,0.1559743642807007,False,-2.006267690449895,False
2025,B,734,1780402440.0,False,-1,,5,False,0.0,22.0,0.0,-1.0737525680411286,False,0.38501370082400493,False,-1.0737525680411286,False,0.18759955492409922,False,0.1459048271179199,False,-1.0737525680411286,False
2025,B,735,1780402500.0,False,-1,,5,False,0.0,28.0,0.0,-1.4471755809481355,False,0.40588105989704726,False,-1.4471755809481355,False,0.17221313128709248,False,0.204237174987793,False,-1.4471755809481355,False
2025,B,736,1780402560.0,False,-1,,5,False,0.0,33.0,0.0,-1.2648319943964834,False,0.43007238644472484,False,-1.2648319943964834,False,0.16297029669269902,False,0.1987471580505371,False,-1.2648319943964834,False
2025,B,737,1780402620.0,False,-1,,5,False,0.0,22.0,0.0,-1.0428321939862242,False,0.39507412248667956,False,-1.0428321939862242,False,0.18759955492409922,False,0.12795584201812743,False,-1.0428321939862242,False
2025,B,738,1780402680.0,False,-1,,5,False,0.0,28.0,0.0,-1.5297459609035275,False,0.38183384921507574,False,-1.5297459609035275,False,0.17221313128709248,False,0.15752646923065186,False,-1.5297459609035275,False
2025,B,739,1780402740.0,False,-1,,5,False,0.0,25.0,0.0,-1.613208091875463,False,0.3745626216699561,False,-1.613208091875463,False,0.17915458308696264,False,0.1449691772460937,False,-1.613208091875463,False
2025,B,740,1780402800.0,True,60,dependency_timeout,5,False,2.0,25.0,0.0,5.446895898547663,True,0.6660042413818953,False,5.446895898547663,True,1.0,True,11000000000.0,True,5.446895898547663,True
2025,B,741,1780402860.0,True,60,dependency_timeout,5,False,3.0,30.0,0.0,5.446895898547663,True,0.6631565992011301,False,5.446895898547663,True,1.0,True,10000000000.0,True,5.446895898547663,True
2025,B,742,1780402920.0,True,60,dependency_timeout,5,False,1.0,16.0,0.0,5.446895898547663,True,0.6479594442061666,False,5.446895898547663,True,1.0,True,7999999999.999999,True,5.446895898547663,True
2025,B,743,1780402980.0,False,-1,,5,False,0.0,21.0,0.0,-1.2405453717893087,False,0.4012678857362429,False,-1.2405453717893087,False,0.1908469445255076,False,0.16677236557006836,False,-1.2405453717893087,False
2025,B,744,1780403040.0,False,-1,,5,False,0.0,26.0,0.0,-1.4514339094028257,False,0.3943894560902336,False,-1.4514339094028257,False,0.17669675651560246,False,0.19681096076965332,False,-1.4514339094028257,False
2025,B,745,1780403100.0,False,-1,,5,False,0.0,26.0,0.0,-1.6225741808064775,False,0.37988634043092734,False,-1.6225741808064775,False,0.17669675651560246,False,0.16679227352142334,False,-1.6225741808064775,False
2025,B,746,1780403160.0,False,-1,,5,False,1.0,33.0,0.0,0.16593589841170875,False,0.5863748709527579,False,0.16593589841170875,False,0.0003943620534638228,False,0.15893878936767578,False,0.16593589841170875,False
2025,B,747,1780403220.0,False,-1,,5,False,0.0,19.0,0.0,-1.71850183310758,False,0.3822780625635326,False,-1.71850183310758,False,0.19817145176349388,False,0.14441661834716796,False,-1.71850183310758,False
2025,B,748,1780403280.0,False,-1,,5,False,0.0,24.0,0.0,-1.1535113113599058,False,0.39006338538537255,False,-1.1535113113599058,False,0.1817776918582098,False,0.14436171054840088,False,-1.1535113113599058,False
2025,B,749,1780403340.0,True,61,dependency_timeout,5,False,2.0,27.0,0.0,5.446895898547663,True,0.6486180590231793,False,5.446895898547663,True,1.0,True,3999999999.9999995,True,5.446895898547663,True
2025,B,750,1780403400.0,True,61,dependency_timeout,5,False,2.0,22.0,0.0,5.446895898547663,True,0.665956922314661,False,5.446895898547663,True,1.0,True,5000000000.0,True,5.446895898547663,True
2025,B,751,1780403460.0,True,61,dependency_timeout,5,False,4.0,31.0,0.0,5.446895898547663,True,0.6700660178691192,False,5.446895898547663,True,1.0,True,16999999999.999998,True,5.446895898547663,True
2025,B,752,1780403520.0,True,61,dependency_timeout,5,False,2.0,19.0,0.0,5.446895898547663,True,0.6780518151405045,False,5.446895898547663,True,1.0,True,9000000000.0,True,5.446895898547663,True
2025,B,753,1780403580.0,True,61,dependency_timeout,5,False,2.0,26.0,0.0,5.446895898547663,True,0.6584109865391157,False,5.446895898547663,True,1.0,True,6000000000.0,True,5.446895898547663,True
2025,B,754,1780403640.0,False,-1,,5,False,0.0,30.0,0.0,-1.1600534879521858,False,0.41570099335727556,False,-1.1600534879521858,False,0.16821905407945875,False,0.1915731430053711,False,-1.1600534879521858,False
2025,B,755,1780403700.0,False,-1,,5,False,0.0,22.0,0.0,-1.2484445230771808,False,0.37974590975551475,False,-1.2484445230771808,False,0.18759955492409922,False,0.14658069610595703,False,-1.2484445230771808,False
2025,B,756,1780403760.0,False,-1,,5,False,0.0,24.0,0.0,-1.8420836143666381,False,0.38066672470665647,False,-1.8420836143666381,False,0.1817776918582098,False,0.16960320472717286,False,-1.8420836143666381,False
2025,B,757,1780403820.0,False,-1,,5,False,0.0,27.0,0.0,-1.6300744238294564,False,0.3900554908084045,False,-1.6300744238294564,False,0.1743877084429739,False,0.18108253479003905,False,-1.6300744238294564,False
2025,B,758,1780403880.0,False,-1,,5,False,0.0,22.0,0.0,-1.9847755759860775,False,0.3712326408061069,False,-1.9847755759860775,False,0.18759955492409922,False,0.16502017974853517,False,-1.9847755759860775,False
2025,B,759,1780403940.0,False,-1,,5,False,0.0,35.0,0.0,-1.2614067972214578,False,0.4303336385799982,False,-1.2614067972214578,False,0.15987711290983783,False,0.1675611019134521,False,-1.2614067972214578,False
2025,B,760,1780404000.0,False,-1,,5,False,0.0,30.0,0.0,-1.662329763057488,False,0.4031486820834099,False,-1.662329763057488,False,0.16821905407945875,False,0.17875087261199954,False,-1.662329763057488,False
2025,B,761,1780404060.0,False,-1,,5,False,0.0,29.0,0.0,-1.4483663464317793,False,0.4055736350302822,False,-1.4483663464317793,False,0.17016055445988643,False,0.17316884994506837,False,-1.4483663464317793,False
2025,B,762,1780404120.0,False,-1,,5,False,0.0,19.0,0.0,-0.6890406383659045,False,0.4114919747002419,False,-0.6890406383659045,False,0.19817145176349388,False,0.15595245361328125,False,-0.6890406383659045,False
2025,B,763,1780404180.0,True,62,resource_exhaustion,5,False,0.0,24.0,0.0,5.446895898547663,True,0.43881660057335464,False,5.446895898547663,True,0.1817776918582098,False,0.14179661273956298,False,5.446895898547663,True
2025,B,764,1780404240.0,True,62,resource_exhaustion,5,False,0.0,24.0,0.0,5.446895898547663,True,0.5488838104421983,False,5.446895898547663,True,1.0,True,999999999.9999999,True,5.446895898547663,True
2025,B,765,1780404300.0,True,62,resource_exhaustion,5,False,6.0,23.0,0.0,5.446895898547663,True,0.6937508773731734,False,5.446895898547663,True,1.0,True,6000000000.0,True,5.446895898547663,True
2025,B,766,1780404360.0,True,62,resource_exhaustion,5,False,0.0,22.0,0.0,5.446895898547663,True,0.5501210450826485,False,5.446895898547663,True,0.18759955492409922,False,0.26347832679748534,False,5.446895898547663,True
2025,B,767,1780404420.0,True,62,resource_exhaustion,5,False,0.0,31.0,0.0,-1.4172962572656784,False,0.4177008791410842,False,-1.4172962572656784,False,0.16637901652440515,False,0.19951844215393066,False,-1.4172962572656784,False
2025,B,768,1780404480.0,False,-1,,5,False,0.0,19.0,0.0,-1.7934584987310735,False,0.3959334265213123,False,-1.7934584987310735,False,0.19817145176349388,False,0.16568031311035156,False,-1.7934584987310735,False
2025,B,769,1780404540.0,False,-1,,5,False,0.0,27.0,0.0,-0.509173429053698,False,0.4214602992815803,False,-0.509173429053698,False,0.1743877084429739,False,0.19950513839721673,False,-0.509173429053698,False
2025,B,770,1780404600.0,False,-1,,5,False,0.0,23.0,0.0,-1.0976888270354808,False,0.4045362756606875,False,-1.0976888270354808,False,0.18458523060596266,False,0.15509634017944335,False,-1.0976888270354808,False
2025,B,771,1780404660.0,False,-1,,5,False,1.0,29.0,0.0,-1.073085255949831,False,0.5714599842183375,False,-1.073085255949831,False,0.000330678049431236,False,0.15776824951171875,False,-1.073085255949831,False
2025,B,772,1780404720.0,False,-1,,5,False,0.0,26.0,0.0,-1.0089333011073505,False,0.4291565566881738,False,-1.0089333011073505,False,0.17669675651560246,False,0.2108454704284668,False,-1.0089333011073505,False
2025,B,773,1780404780.0,False,-1,,5,False,0.0,28.0,0.0,0.13301485280966752,False,0.4591885829379301,False,0.13301485280966752,False,0.17221313128709248,False,0.21943125724792484,False,0.13301485280966752,False
2025,B,774,1780404840.0,False,-1,,5,False,0.0,28.0,0.0,-1.0263651938406122,False,0.4137377935425366,False,-1.0263651938406122,False,0.17221313128709248,False,0.17402236461639403,False,-1.0263651938406122,False
2025,B,775,1780404900.0,False,-1,,5,False,0.0,29.0,0.0,-1.5450428355622883,False,0.3856840448221515,False,-1.5450428355622883,False,0.17016055445988643,False,0.161030101776123,False,-1.5450428355622883,False
2025,B,776,1780404960.0,False,-1,,5,False,0.0,34.0,0.0,-1.2858166444947727,False,0.41778097514287815,False,-1.2858166444947727,False,0.16138735499274742,False,0.1577531576156616,False,-1.2858166444947727,False
2025,B,777,1780405020.0,False,-1,,5,False,0.0,27.0,0.0,-1.193423380138201,False,0.3883275200941222,False,-1.193423380138201,False,0.1743877084429739,False,0.1426183700561523,False,-1.193423380138201,False
2025,B,778,1780405080.0,True,63,permission_denied,5,False,0.0,30.0,0.0,1.2380000753556901,True,0.42272282570899294,False,1.2380000753556901,True,1.0,True,3000000000.0,True,1.2380000753556901,True
2025,B,779,1780405140.0,True,63,permission_denied,5,False,0.0,28.0,0.0,3.746891007157694,True,0.40134675912431167,False,3.746891007157694,True,1.0,True,12000000000.0,True,3.746891007157694,True
2025,B,780,1780405200.0,True,63,permission_denied,5,False,0.0,25.0,0.0,3.122997151923297,True,0.3987375146450432,False,3.122997151923297,True,1.0,True,7999999999.999999,True,3.122997151923297,True
2025,B,781,1780405260.0,True,63,permission_denied,5,False,0.0,23.0,0.0,3.4869928622591324,True,0.38767326263495644,False,3.4869928622591324,True,1.0,True,11000000000.0,True,3.4869928622591324,True
2025,B,782,1780405320.0,True,63,permission_denied,5,False,0.0,32.0,0.0,-0.5572635185014994,False,0.41804288217940655,False,-0.5572635185014994,False,1.0,True,999999999.9999999,True,-0.5572635185014994,True
2025,B,783,1780405380.0,False,-1,,5,False,0.0,24.0,0.0,-2.03927662984907,False,0.3735847669385016,False,-2.03927662984907,False,0.1817776918582098,False,0.16831660270690918,False,-2.03927662984907,False
2025,B,784,1780405440.0,False,-1,,5,False,0.0,22.0,0.0,-1.0639912529323947,False,0.4151455202482644,False,-1.0639912529323947,False,0.18759955492409922,False,0.2054930448532104,False,-1.0639912529323947,False
2025,B,785,1780405500.0,False,-1,,5,False,0.0,23.0,0.0,-2.0859260376289317,False,0.36650844169021746,False,-2.0859260376289317,False,0.18458523060596266,False,0.16578116416931152,False,-2.0859260376289317,False
2025,B,786,1780405560.0,False,-1,,5,False,0.0,25.0,0.0,-1.7863749787320442,False,0.37382427215698566,False,-1.7863749787320442,False,0.17915458308696264,False,0.1525118827819824,False,-1.7863749787320442,False
2025,B,787,1780405620.0,False,-1,,5,False,0.0,24.0,0.0,-1.689116978327073,False,0.3759586951368898,False,-1.689116978327073,False,0.1817776918582098,False,0.15694103240966797,False,-1.689116978327073,False
2025,B,788,1780405680.0,False,-1,,5,False,0.0,30.0,0.0,-1.4817611931717183,False,0.3898143949131935,False,-1.4817611931717183,False,0.16821905407945875,False,0.15327105522155762,False,-1.4817611931717183,False
2025,B,789,1780405740.0,False,-1,,5,False,0.0,26.0,0.0,-1.4974672812793859,False,0.39229491640988967,False,-1.4974672812793859,False,0.17669675651560246,False,0.17990469932556152,False,-1.4974672812793859,False
2025,B,790,1780405800.0,False,-1,,5,False,0.0,22.0,0.0,-2.0851443819803643,False,0.37105250244000043,False,-2.0851443819803643,False,0.18759955492409922,False,0.1677649736404419,False,-2.0851443819803643,False
2025,B,791,1780405860.0,False,-1,,5,False,0.0,24.0,0.0,-2.0503075725970517,False,0.3748929319028661,False,-2.0503075725970517,False,0.1817776918582098,False,0.18279650211334228,False,-2.0503075725970517,False
2025,B,792,1780405920.0,True,64,permission_denied,5,False,0.0,21.0,0.0,-1.1607324249453148,False,0.375607293345337,False,-1.1607324249453148,False,1.0,True,999999999.9999999,True,-1.1607324249453148,True
2025,B,793,1780405980.0,True,64,permission_denied,5,False,0.0,34.0,0.0,3.6532944476974043,True,0.42510868428113024,False,3.6532944476974043,True,1.0,True,11000000000.0,True,3.6532944476974043,True
2025,B,794,1780406040.0,True,64,permission_denied,5,False,0.0,27.0,0.0,3.036692351406686,True,0.4062503398261699,False,3.036692351406686,True,1.0,True,7999999999.999999,True,3.036692351406686,True
2025,B,795,1780406100.0,True,64,permission_denied,5,False,0.0,31.0,0.0,3.367690207894825,True,0.39432242098100106,False,3.367690207894825,True,1.0,True,11000000000.0,True,3.367690207894825,True
2025,B,796,1780406160.0,False,-1,,5,False,0.0,27.0,0.0,-1.9618712455965133,False,0.37504411028672974,False,-1.9618712455965133,False,0.18672098193089037,False,0.16464498043060302,False,-1.9618712455965133,False
2025,B,797,1780406220.0,False,-1,,5,False,0.0,25.0,0.0,-0.9781392528049935,False,0.42055939109359347,False,-0.9781392528049935,False,0.16535387231003396,False,0.17874159812927246,False,-0.9781392528049935,False
2025,B,798,1780406280.0,False,-1,,5,False,0.0,31.0,0.0,-1.060363254550932,False,0.417013959112395,False,-1.060363254550932,False,0.16637901652440515,False,0.1547904014587402,False,-1.060363254550932,False
2025,B,799,1780406340.0,False,-1,,5,False,0.0,30.0,0.0,-1.1052459260473197,False,0.397647074509899,False,-1.1052459260473197,False,0.16821905407945875,False,0.14569218158721925,False,-1.1052459260473197,False
2025,B,800,1780406400.0,False,-1,,5,False,0.0,29.0,0.0,-1.0618164215331163,False,0.42495024388345176,False,-1.0618164215331163,False,0.17016055445988643,False,0.21093997955322258,False,-1.0618164215331163,False
2025,B,801,1780406460.0,False,-1,,5,False,0.0,31.0,0.0,-1.585709711407893,False,0.39790735721339343,False,-1.585709711407893,False,0.16637901652440515,False,0.1722006797790527,False,-1.585709711407893,False
2025,B,802,1780406520.0,False,-1,,5,False,0.0,35.0,0.0,-0.6404455059191871,False,0.4697707168800774,False,-0.6404455059191871,False,0.15987711290983783,False,0.1706100940704345,False,-0.6404455059191871,False
2025,B,803,1780406580.0,False,-1,,5,False,0.0,32.0,0.0,-1.1053556908698967,False,0.43099501108380767,False,-1.1053556908698967,False,0.16463194446710577,False,0.20316951274871833,False,-1.1053556908698967,False
2025,B,804,1780406640.0,False,-1,,5,False,0.0,28.0,0.0,-1.976068878795969,False,0.38004376687137625,False,-1.976068878795969,False,0.17221313128709248,False,0.17398576736450194,False,-1.976068878795969,False
2025,B,805,1780406700.0,False,-1,,5,False,0.0,23.0,0.0,-2.1241124085210865,False,0.367972341735078,False,-2.1241124085210865,False,0.18458523060596266,False,0.1684672832489014,False,-2.1241124085210865,False
2025,B,806,1780406760.0,True,65,resource_exhaustion,5,False,3.0,30.0,0.0,5.446895898547663,True,0.6628004558495083,False,5.446895898547663,True,1.0,True,3000000000.0,True,5.446895898547663,True
2025,B,807,1780406820.0,True,65,resource_exhaustion,5,False,6.0,32.0,0.0,5.446895898547663,True,0.691306547352976,False,5.446895898547663,True,1.0,True,6000000000.0,True,5.446895898547663,True
2025,B,808,1780406880.0,True,65,resource_exhaustion,5,False,4.0,28.0,0.0,5.446895898547663,True,0.6887770401552207,False,5.446895898547663,True,1.0,True,3000000000.0,True,5.446895898547663,True
2025,B,809,1780406940.0,True,65,resource_exhaustion,5,False,1.0,24.0,0.0,5.446895898547663,True,0.6651011702933892,False,5.446895898547663,True,1.0,True,1999999999.9999998,True,5.446895898547663,True
2025,B,810,1780407000.0,False,-1,,5,False,0.0,18.0,0.0,-0.7676198778983823,False,0.421229498997497,False,-0.7676198778983823,False,0.20233050107121442,False,0.13429977893829345,False,-0.7676198778983823,False
2025,B,811,1780407060.0,False,-1,,5,False,0.0,31.0,0.0,-1.3545969453018953,False,0.39892948948658347,False,-1.3545969453018953,False,0.16637901652440515,False,0.14975857734680176,False,-1.3545969453018953,False
2025,B,812,1780407120.0,False,-1,,5,False,0.0,31.0,0.0,-1.2602060701449043,False,0.40991029808305257,False,-1.2602060701449043,False,0.16637901652440515,False,0.16074538230895993,False,-1.2602060701449043,False
2025,B,813,1780407180.0,False,-1,,5,False,0.0,20.0,0.0,-1.3561897443546176,False,0.39188480637875955,False,-1.3561897443546176,False,0.19435852292864553,False,0.15596139430999753,False,-1.3561897443546176,False
2025,B,814,1780407240.0,False,-1,,5,False,1.0,21.0,0.0,-0.6181973537202037,False,0.5746112879737886,False,-0.6181973537202037,False,0.00020029339965814806,False,0.1838984489440918,False,-0.6181973537202037,False
2025,B,815,1780407300.0,False,-1,,5,False,0.0,24.0,0.0,-1.3352051513617749,False,0.38020424522936097,False,-1.3352051513617749,False,0.1817776918582098,False,0.15693931579589843,False,-1.3352051513617749,False
2025,B,816,1780407360.0,False,-1,,5,False,0.0,27.0,0.0,-1.6696426353263565,False,0.3877418520318322,False,-1.6696426353263565,False,0.1743877084429739,False,0.17217044830322262,False,-1.6696426353263565,False
2025,B,817,1780407420.0,False,-1,,5,False,0.0,33.0,0.0,-0.37185246357781043,False,0.4408430142427449,False,-0.37185246357781043,False,0.16297029669269902,False,0.16738615036010743,False,-0.37185246357781043,False
2025,B,818,1780407480.0,True,66,config_error,5,False,0.0,22.0,0.0,3.179622526205565,True,0.4091082910172768,False,3.179622526205565,True,1.0,True,7999999999.999999,True,3.179622526205565,True
2025,B,819,1780407540.0,True,66,config_error,5,False,0.0,30.0,0.0,5.145749366197359,True,0.4281894333143228,False,5.145749366197359,True,1.0,True,28000000000.0,True,5.145749366197359,True
2025,B,820,1780407600.0,True,66,config_error,5,False,0.0,39.0,0.0,5.169660854167069,True,0.454436587271979,False,5.169660854167069,True,1.0,True,35000000000.0,True,5.169660854167069,True
2025,B,821,1780407660.0,True,66,config_error,5,False,0.0,36.0,0.0,5.001715866426465,True,0.44364158050376223,False,5.001715866426465,True,1.0,True,30000000000.0,True,5.001715866426465,True
2025,B,822,1780407720.0,True,66,config_error,5,False,0.0,26.0,0.0,4.186158551893319,True,0.41237587088683925,False,4.186158551893319,True,1.0,True,14000000000.0,True,4.186158551893319,True
2025,B,823,1780407780.0,False,-1,,5,False,0.0,27.0,0.0,-1.0579313059962203,False,0.4210497576955001,False,-1.0579313059962203,False,0.1743877084429739,False,0.18669471740722648,False,-1.0579313059962203,False
2025,B,824,1780407840.0,False,-1,,5,False,0.0,30.0,0.0,-1.3012976311965385,False,0.3969151455450665,False,-1.3012976311965385,False,0.16821905407945875,False,0.16159963607788086,False,-1.3012976311965385,False
2025,B,825,1780407900.0,False,-1,,5,False,0.0,37.0,0.0,-1.3644782451448352,False,0.4515509472362436,False,-1.3644782451448352,False,0.15705371401464144,False,0.15627222061157228,False,-1.3644782451448352,False
2025,B,826,1780407960.0,False,-1,,5,False,0.0,36.0,0.0,-1.3848326530108972,False,0.43841012508517313,False,-1.3848326530108972,False,0.15843418223445005,False,0.15387308597564697,False,-1.3848326530108972,False
2025,B,827,1780408020.0,False,-1,,5,False,0.0,34.0,0.0,-1.0406182720256227,False,0.42174709393981374,False,-1.0406182720256227,False,0.16138735499274742,False,0.13870551586151122,False,-1.0406182720256227,False
2025,B,828,1780408080.0,False,-1,,5,False,0.0,30.0,0.0,-1.4257508944571695,False,0.39089953745919287,False,-1.4257508944571695,False,0.16821905407945875,False,0.1546412229537964,False,-1.4257508944571695,False
2025,B,829,1780408140.0,False,-1,,5,False,0.0,32.0,0.0,-1.7555845327072541,False,0.39657865131019715,False,-1.7555845327072541,False,0.16463194446710577,False,0.15899348258972168,False,-1.7555845327072541,False
2025,B,830,1780408200.0,True,67,dependency_timeout,5,False,2.0,32.0,0.0,5.446895898547663,True,0.6491921393094142,False,5.446895898547663,True,1.0,True,3999999999.9999995,True,5.446895898547663,True
2025,B,831,1780408260.0,True,67,dependency_timeout,5,True,13.0,81.0,0.0,5.446895898547663,True,0.7335245852018286,True,5.446895898547663,True,1.0,True,35000000000.0,True,5.446895898547663,True
2025,B,832,1780408320.0,True,67,dependency_timeout,5,True,29.0,304.0,0.0,5.446895898547663,True,0.7882892017458581,True,5.446895898547663,True,1.0,True,128999999999.99998,True,5.446895898547663,True
2025,B,833,1780408380.0,True,67,dependency_timeout,5,True,30.0,241.0,3.0,5.446895898547663,True,0.7742814921877563,True,5.446895898547663,True,1.0,True,97000000000.0,True,5.446895898547663,True
2025,B,834,1780408440.0,True,67,dependency_timeout,5,False,0.0,26.0,0.0,5.446895898547663,True,0.5030341016563163,False,5.446895898547663,True,1.0,True,9000000000.0,True,5.446895898547663,True
2025,B,835,1780408500.0,False,-1,,5,False,0.0,38.0,0.0,-1.1537896760553226,False,0.4635481218692761,False,-1.1537896760553226,False,0.15573133150025478,False,0.1571816205978394,False,-1.1537896760553226,False
2025,B,836,1780408560.0,False,-1,,5,False,0.0,26.0,0.0,-1.3558912325378882,False,0.38995722643244185,False,-1.3558912325378882,False,0.17669675651560246,False,0.18135130405426025,False,-1.3558912325378882,False
2025,B,837,1780408620.0,False,-1,,5,False,0.0,35.0,0.0,-0.5810727818784143,False,0.4570643205747676,False,-0.5810727818784143,False,0.15987711290983783,False,0.1389571189880371,False,-0.5810727818784143,False
2025,B,838,1780408680.0,False,-1,,5,False,0.0,30.0,0.0,-1.3843375051344022,False,0.4109001780445999,False,-1.3843375051344022,False,0.16821905407945875,False,0.1672052621841431,False,-1.3843375051344022,False
2025,B,839,1780408740.0,False,-1,,5,False,0.0,20.0,0.0,-1.631724787685207,False,0.3775145967417046,False,-1.631724787685207,False,0.19435852292864553,False,0.13976202011108396,False,-1.631724787685207,False
2025,B,840,1780408800.0,False,-1,,5,False,0.0,20.0,0.0,-1.0911730588329682,False,0.3903939544058523,False,-1.0911730588329682,False,0.19435852292864553,False,0.1314835786819458,False,-1.0911730588329682,False
2025,B,841,1780408860.0,False,-1,,5,False,0.0,33.0,0.0,-1.315913648775287,False,0.42901113785515993,False,-1.315913648775287,False,0.16297029669269902,False,0.19255332946777343,False,-1.315913648775287,False
2025,B,842,1780408920.0,True,68,permission_denied,5,False,0.0,23.0,0.0,1.3939543368875604,True,0.37878828486684385,False,1.3939543368875604,True,1.0,True,3999999999.9999995,True,1.3939543368875604,True
2025,B,843,1780408980.0,True,68,permission_denied,5,False,0.0,28.0,0.0,3.9958433897883525,True,0.3867391120522446,False,3.9958433897883525,True,1.0,True,15000000000.0,True,3.9958433897883525,True
2025,B,844,1780409040.0,True,68,permission_denied,5,False,0.0,22.0,0.0,3.010516687190366,True,0.4174134887273663,False,3.010516687190366,True,1.0,True,7999999999.999999,True,3.010516687190366,True
2025,B,845,1780409100.0,True,68,permission_denied,5,False,0.0,30.0,0.0,3.429732763565067,True,0.40551229634638986,False,3.429732763565067,True,1.0,True,11000000000.0,True,3.429732763565067,True
2025,B,846,1780409160.0,True,68,permission_denied,5,False,0.0,27.0,0.0,0.7961078311171397,False,0.42363493968670524,False,0.7961078311171397,False,1.0,True,1999999999.9999998,True,0.7961078311171397,True
2025,B,847,1780409220.0,False,-1,,5,False,0.0,28.0,0.0,-1.5694329077751528,False,0.39887786632882594,False,-1.5694329077751528,False,0.17221313128709248,False,0.18398647308349614,False,-1.5694329077751528,False
2025,B,848,1780409280.0,False,-1,,5,False,0.0,26.0,0.0,-1.3954496835888577,False,0.393366099108075,False,-1.3954496835888577,False,0.17669675651560246,False,0.1678866147994995,False,-1.3954496835888577,False
2025,B,849,1780409340.0,False,-1,,5,False,0.0,37.0,0.0,-1.558476329659217,False,0.4450675618066179,False,-1.558476329659217,False,0.15705371401464144,False,0.17035512924194335,False,-1.558476329659217,False
2025,B,850,1780409400.0,False,-1,,5,False,0.0,24.0,0.0,-1.102595058708757,False,0.38276304787398246,False,-1.102595058708757,False,0.1817776918582098,False,0.1346224546432495,False,-1.102595058708757,False
2025,B,851,1780409460.0,False,-1,,5,False,0.0,33.0,0.0,-1.226051719264638,False,0.42381917197335245,False,-1.226051719264638,False,0.16297029669269902,False,0.18629608154296876,False,-1.226051719264638,False
2025,B,852,1780409520.0,False,-1,,5,False,0.0,29.0,0.0,-1.8223344591586326,False,0.38887697512055425,False,-1.8223344591586326,False,0.17016055445988643,False,0.17962169647216789,False,-1.8223344591586326,False
2025,B,853,1780409580.0,False,-1,,5,False,0.0,31.0,0.0,-1.6094984887066053,False,0.3958057628662189,False,-1.6094984887066053,False,0.16637901652440515,False,0.1650850772857666,False,-1.6094984887066053,False
2025,B,854,1780409640.0,False,-1,,5,False,0.0,29.0,0.0,-1.4183854863284955,False,0.389963973213743,False,-1.4183854863284955,False,0.17016055445988643,False,0.1535625457763672,False,-1.4183854863284955,False
2025,B,855,1780409700.0,False,-1,,5,False,0.0,36.0,0.0,-1.6333868677047105,False,0.4285012183883655,False,-1.6333868677047105,False,0.15843418223445005,False,0.16729104518890378,False,-1.6333868677047105,False
2025,B,856,1780409760.0,True,69,config_error,5,False,0.0,35.0,0.0,3.4673745247562615,True,0.4267503561427778,False,3.4673745247562615,True,1.0,True,11000000000.0,True,3.4673745247562615,True
2025,B,857,1780409820.0,True,69,config_error,5,False,0.0,33.0,0.0,5.11308257283109,True,0.4264849386384854,False,5.11308257283109,True,1.0,True,30000000000.0,True,5.11308257283109,True
2025,B,858,1780409880.0,True,69,config_error,5,False,0.0,18.0,0.0,4.616400932064846,True,0.4144262793447447,False,4.616400932064846,True,1.0,True,15999999999.999998,True,4.616400932064846,True
2025,B,859,1780409940.0,True,69,config_error,5,False,0.0,36.0,0.0,4.122620503590168,True,0.46762398967979374,False,4.122620503590168,True,1.0,True,14000000000.0,True,4.122620503590168,True
2025,B,860,1780410000.0,False,-1,,5,False,0.0,31.0,0.0,-1.6030394467197917,False,0.3935023767778718,False,-1.6030394467197917,False,0.16637901652440515,False,0.15250492095947266,False,-1.6030394467197917,False
2025,B,861,1780410060.0,False,-1,,5,False,0.0,26.0,0.0,-1.3360607468012082,False,0.39845115926933444,False,-1.3360607468012082,False,0.17669675651560246,False,0.17437517642974854,False,-1.3360607468012082,False
2025,B,862,1780410120.0,False,-1,,5,False,0.0,35.0,0.0,-0.7583546138378923,False,0.4700369954791506,False,-0.7583546138378923,False,0.15987711290983783,False,0.20660381317138665,False,-0.7583546138378923,False
2025,B,863,1780410180.0,False,-1,,5,False,0.0,38.0,0.0,-0.6731940618875392,False,0.4634273265958717,False,-0.6731940618875392,False,0.15573133150025478,False,0.15315766334533695,False,-0.6731940618875392,False
2025,B,864,1780410240.0,False,-1,,5,False,0.0,36.0,0.0,-0.6888983529718118,False,0.45171726839602444,False,-0.6888983529718118,False,0.15843418223445005,False,0.157644510269165,False,-0.6888983529718118,False
2025,B,865,1780410300.0,False,-1,,5,False,0.0,23.0,0.0,-1.720393691424726,False,0.3776437001226851,False,-1.720393691424726,False,0.18458523060596266,False,0.1471047401428223,False,-1.720393691424726,False
2025,B,866,1780410360.0,False,-1,,5,False,0.0,24.0,0.0,-1.6592835026540582,False,0.3810560261083775,False,-1.6592835026540582,False,0.1817776918582098,False,0.1755371332168579,False,-1.6592835026540582,False
2025,B,867,1780410420.0,True,70,config_error,5,False,0.0,37.0,0.0,3.688820015591862,True,0.49606317734461475,False,3.688820015591862,True,1.0,True,10000000000.0,True,3.688820015591862,True
2025,B,868,1780410480.0,True,70,config_error,5,False,0.0,31.0,0.0,5.013468422660379,True,0.41626991570090727,False,5.013468422660379,True,1.0,True,27000000000.0,True,5.013468422660379,True
2025,B,869,1780410540.0,True,70,config_error,5,False,0.0,20.0,0.0,5.2286252721150825,True,0.4472599414927407,False,5.2286252721150825,True,1.0,True,20000000000.0,True,5.2286252721150825,True
2025,B,870,1780410600.0,True,70,config_error,5,False,0.0,24.0,0.0,1.97797089393335,True,0.381869305195976,False,1.97797089393335,True,1.0,True,6000000000.0,True,1.97797089393335,True
2025,B,871,1780410660.0,False,-1,,5,False,0.0,24.0,0.0,-1.428296520294178,False,0.4014083289952558,False,-1.428296520294178,False,0.1817776918582098,False,0.18899953365325928,False,-1.428296520294178,False
2025,B,872,1780410720.0,False,-1,,5,False,0.0,28.0,0.0,-1.6484666710015201,False,0.38597742425163584,False,-1.6484666710015201,False,0.17221313128709248,False,0.16762495040893557,False,-1.6484666710015201,False
2025,B,873,1780410780.0,False,-1,,5,False,0.0,27.0,0.0,-0.998213904805727,False,0.3996323867028252,False,-0.998213904805727,False,0.1743877084429739,False,0.1583447456359863,False,-0.998213904805727,False
2025,B,874,1780410840.0,False,-1,,5,False,0.0,41.0,0.0,-0.7682847388203422,False,0.5078197681786735,False,-0.7682847388203422,False,0.15207486886510915,False,0.18324375152587893,False,-0.7682847388203422,False
2025,B,875,1780410900.0,False,-1,,5,False,0.0,29.0,0.0,-1.2254211280188407,False,0.42338436489002845,False,-1.2254211280188407,False,0.17016055445988643,False,0.2048133850097656,False,-1.2254211280188407,False
2025,B,876,1780410960.0,False,-1,,5,False,0.0,29.0,0.0,-0.7659568595231381,False,0.42132492025145857,False,-0.7659568595231381,False,0.17016055445988643,False,0.15180883407592774,False,-0.7659568595231381,False
2025,B,877,1780411020.0,False,-1,,5,False,0.0,21.0,0.0,-1.3303651862703845,False,0.40735716090809937,False,-1.3303651862703845,False,0.1908469445255076,False,0.1971702575683594,False,-1.3303651862703845,False
2025,B,878,1780411080.0,True,71,resource_exhaustion,5,False,2.0,40.0,0.0,5.446895898547663,True,0.6868980573710325,False,5.446895898547663,True,1.0,True,3000000000.0,True,5.446895898547663,True
2025,B,879,1780411140.0,True,71,resource_exhaustion,5,False,8.0,38.0,0.0,5.446895898547663,True,0.7038507187981461,False,5.446895898547663,True,1.0,True,9000000000.0,True,5.446895898547663,True
2025,B,880,1780411200.0,True,71,resource_exhaustion,5,False,3.0,25.0,0.0,5.446895898547663,True,0.688871851787011,False,5.446895898547663,True,1.0,True,1999999999.9999998,True,5.446895898547663,True
2025,B,881,1780411260.0,True,71,resource_exhaustion,5,False,2.0,25.0,0.0,5.446895898547663,True,0.6657779732737034,False,5.446895898547663,True,1.0,True,999999999.9999999,True,5.446895898547663,True
2025,B,882,1780411320.0,False,-1,,6,False,0.0,35.0,0.0,-1.132082587515745,False,0.4473424762721125,False,-1.132082587515745,False,0.15987711290983783,False,0.18362369537353512,False,-1.132082587515745,False
2025,B,883,1780411380.0,False,-1,,6,False,0.0,33.0,0.0,-0.7669819932583142,False,0.41971352300615344,False,-0.7669819932583142,False,0.16297029669269902,False,0.1450111389160156,False,-0.7669819932583142,False
2025,B,884,1780411440.0,False,-1,,6,False,0.0,29.0,0.0,-1.0686661143186615,False,0.40960633692475173,False,-1.0686661143186615,False,0.17016055445988643,False,0.16613569259643554,False,-1.0686661143186615,False
2025,B,885,1780411500.0,False,-1,,6,False,0.0,34.0,0.0,-1.1656241034353076,False,0.41517469931480355,False,-1.1656241034353076,False,0.16138735499274742,False,0.14529669284820557,False,-1.1656241034353076,False
2025,B,886,1780411560.0,False,-1,,6,False,1.0,41.0,0.0,0.26325674043388503,False,0.6159001684805037,False,0.26325674043388503,False,0.0005161910234556545,False,0.16853046417236328,False,0.26325674043388503,False
2025,B,887,1780411620.0,False,-1,,6,False,0.0,30.0,0.0,-1.7388356929447921,False,0.3851746653344574,False,-1.7388356929447921,False,0.16821905407945875,False,0.15344934463500975,False,-1.7388356929447921,False
2025,B,888,1780411680.0,False,-1,,6,False,0.0,38.0,0.0,-0.7285774254863009,False,0.4924366852371715,False,-0.7285774254863009,False,0.15573133150025478,False,0.18210339546203624,False,-0.7285774254863009,False
2025,B,889,1780411740.0,False,-1,,6,False,0.0,35.0,0.0,-0.8133327200297806,False,0.4369954670286763,False,-0.8133327200297806,False,0.15987711290983783,False,0.17739462852478027,False,-0.8133327200297806,False
2025,B,890,1780411800.0,False,-1,,6,False,0.0,28.0,0.0,-1.7880533572546895,False,0.3787681678498333,False,-1.7880533572546895,False,0.17221313128709248,False,0.16688754558563232,False,-1.7880533572546895,False
2025,B,891,1780411860.0,False,-1,,6,False,0.0,27.0,0.0,-0.7813427704774139,False,0.40853628735111697,False,-0.7813427704774139,False,0.1743877084429739,False,0.15004873275756836,False,-0.7813427704774139,False
2025,B,892,1780411920.0,True,72,config_error,6,False,0.0,35.0,0.0,4.140880881121376,True,0.4300477907469718,False,4.140880881121376,True,1.0,True,15000000000.0,True,4.140880881121376,True
2025,B,893,1780411980.0,True,72,config_error,6,False,0.0,22.0,0.0,5.03933500710113,True,0.41997876157784314,False,5.03933500710113,True,1.0,True,21000000000.0,True,5.03933500710113,True
2025,B,894,1780412040.0,True,72,config_error,6,False,0.0,32.0,0.0,5.12580273184556,True,0.43935523124912235,False,5.12580273184556,True,1.0,True,29000000000.0,True,5.12580273184556,True
2025,B,895,1780412100.0,True,72,config_error,6,False,0.0,39.0,0.0,5.032846426373767,True,0.47475758131961465,False,5.032846426373767,True,1.0,True,30999999999.999996,True,5.032846426373767,True
2025,B,896,1780412160.0,False,-1,,6,False,0.0,37.0,0.0,-1.457699706369059,False,0.44960099158233785,False,-1.457699706369059,False,0.15705371401464144,False,0.18067808151245118,False,-1.457699706369059,False
2025,B,897,1780412220.0,False,-1,,6,False,1.0,23.0,0.0,-1.120215884515603,False,0.5666212571899308,False,-1.120215884515603,False,0.00023295063144767613,False,0.1483947277069092,False,-1.120215884515603,False
2025,B,898,1780412280.0,False,-1,,6,False,0.0,34.0,0.0,-1.4551876119501195,False,0.41371444797566836,False,-1.4551876119501195,False,0.16138735499274742,False,0.17141239643096928,False,-1.4551876119501195,False
2025,B,899,1780412340.0,False,-1,,6,False,0.0,32.0,0.0,-0.39614453710507824,False,0.4559835051278652,False,-0.39614453710507824,False,0.16463194446710577,False,0.1703396320343018,False,-0.39614453710507824,False
2025,B,900,1780412400.0,False,-1,,6,False,0.0,32.0,0.0,-1.5519038764006021,False,0.41603348658233286,False,-1.5519038764006021,False,0.16463194446710577,False,0.1991924524307251,False,-1.5519038764006021,False
2025,B,901,1780412460.0,False,-1,,6,False,0.0,26.0,0.0,-0.56163720833512,False,0.44088668333955233,False,-0.56163720833512,False,0.17669675651560246,False,0.20814061164855957,False,-0.56163720833512,False
2025,B,902,1780412520.0,True,73,permission_denied,6,True,0.0,248.0,0.0,5.328708321642698,True,0.6988717785130719,False,5.328708321642698,True,1.0,True,73000000000.0,True,5.328708321642698,True
2025,B,903,1780412580.0,True,73,permission_denied,6,True,0.0,293.0,0.0,5.389823165726623,True,0.7027987408159203,False,5.389823165726623,True,1.0,True,116000000000.0,True,5.389823165726623,True
2025,B,904,1780412640.0,True,73,permission_denied,6,True,0.0,68.0,0.0,4.8714208104986385,True,0.5759129329133639,False,4.8714208104986385,True,1.0,True,28000000000.0,True,4.8714208104986385,True
2025,B,905,1780412700.0,True,73,permission_denied,6,False,0.0,26.0,0.0,2.3789561635988448,True,0.3893392388738512,False,2.3789561635988448,True,1.0,True,7000000000.0,True,2.3789561635988448,True
2025,B,906,1780412760.0,False,-1,,6,False,0.0,33.0,0.0,-1.3768936064139696,False,0.41519797725122876,False,-1.3768936064139696,False,0.16297029669269902,False,0.16686735153198243,False,-1.3768936064139696,False
2025,B,907,1780412820.0,False,-1,,6,False,0.0,24.0,0.0,-1.500376620385106,False,0.38435780796249186,False,-1.500376620385106,False,0.1817776918582098,False,0.17578411102294922,False,-1.500376620385106,False
2025,B,908,1780412880.0,False,-1,,6,False,0.0,27.0,0.0,-1.6107948248247546,False,0.3813600971208275,False,-1.6107948248247546,False,0.1743877084429739,False,0.14977149963378905,False,-1.6107948248247546,False
2025,B,909,1780412940.0,False,-1,,6,False,0.0,31.0,0.0,-1.8104016170265087,False,0.3959814040712912,False,-1.8104016170265087,False,0.16637901652440515,False,0.1800408363342285,False,-1.8104016170265087,False
2025,B,910,1780413000.0,False,-1,,6,False,0.0,30.0,0.0,-1.806223043272455,False,0.389597330180641,False,-1.806223043272455,False,0.16821905407945875,False,0.16063647270202636,False,-1.806223043272455,False
2025,B,911,1780413060.0,False,-1,,6,False,0.0,27.0,0.0,-1.93723909709594,False,0.3800114854484065,False,-1.93723909709594,False,0.1743877084429739,False,0.18000917434692376,False,-1.93723909709594,False
2025,B,912,1780413120.0,False,-1,,6,False,0.0,28.0,0.0,-1.2574817060753878,False,0.3913572216520249,False,-1.2574817060753878,False,0.17221313128709248,False,0.1422835111618042,False,-1.2574817060753878,False
2025,B,913,1780413180.0,False,-1,,6,False,0.0,26.0,0.0,-1.9463194911976247,False,0.37280731587108823,False,-1.9463194911976247,False,0.17669675651560246,False,0.16604125499725342,False,-1.9463194911976247,False
2025,B,914,1780413240.0,False,-1,,6,False,0.0,18.0,0.0,-1.8910593679485164,False,0.3902455979508733,False,-1.8910593679485164,False,0.20233050107121442,False,0.16685025691986083,False,-1.8910593679485164,False
2025,B,915,1780413300.0,True,74,resource_exhaustion,6,False,5.0,35.0,0.0,5.446895898547663,True,0.6939374433185075,False,5.446895898547663,True,1.0,True,5000000000.0,True,5.446895898547663,True
2025,B,916,1780413360.0,True,74,resource_exhaustion,6,False,4.0,26.0,0.0,5.446895898547663,True,0.6929098699596876,False,5.446895898547663,True,1.0,True,3999999999.9999995,True,5.446895898547663,True
2025,B,917,1780413420.0,True,74,resource_exhaustion,6,False,3.0,23.0,0.0,5.446895898547663,True,0.6907807226148225,False,5.446895898547663,True,1.0,True,1999999999.9999998,True,5.446895898547663,True
2025,B,918,1780413480.0,True,74,resource_exhaustion,6,False,7.0,39.0,0.0,5.446895898547663,True,0.7032364375359723,False,5.446895898547663,True,1.0,True,7999999999.999999,True,5.446895898547663,True
2025,B,919,1780413540.0,False,-1,,6,False,0.0,28.0,0.0,-1.4130997465468207,False,0.4011947173537424,False,-1.4130997465468207,False,0.17221313128709248,False,0.16409704685211182,False,-1.4130997465468207,False
2025,B,920,1780413600.0,False,-1,,6,False,0.0,26.0,0.0,-1.9094215097748082,False,0.3674098090971429,False,-1.9094215097748082,False,0.17669675651560246,False,0.1563936471939087,False,-1.9094215097748082,False
2025,B,921,1780413660.0,False,-1,,6,False,0.0,23.0,0.0,-1.8119451289879294,False,0.3839013953240143,False,-1.8119451289879294,False,0.18458523060596266,False,0.190670919418335,False,-1.8119451289879294,False
2025,B,922,1780413720.0,False,-1,,6,False,0.0,24.0,0.0,-1.7183855323698012,False,0.37880758307383033,False,-1.7183855323698012,False,0.1817776918582098,False,0.1778003931045532,False,-1.7183855323698012,False
2025,B,923,1780413780.0,False,-1,,6,False,0.0,32.0,0.0,-0.8810839679087357,False,0.435715294295739,False,-0.8810839679087357,False,0.16463194446710577,False,0.20185601711273196,False,-0.8810839679087357,False
2025,B,924,1780413840.0,False,-1,,6,False,0.0,30.0,0.0,-1.3206327836297165,False,0.4017945376174632,False,-1.3206327836297165,False,0.16821905407945875,False,0.15089049339294433,False,-1.3206327836297165,False
2025,B,925,1780413900.0,False,-1,,6,False,0.0,34.0,0.0,-1.1678357717572894,False,0.4151724618937804,False,-1.1678357717572894,False,0.16138735499274742,False,0.14959366321563722,False,-1.1678357717572894,False
2025,B,926,1780413960.0,True,75,dependency_timeout,6,False,2.0,30.0,0.0,5.446895898547663,True,0.6611997837593635,False,5.446895898547663,True,1.0,True,5000000000.0,True,5.446895898547663,True
2025,B,927,1780414020.0,True,75,dependency_timeout,6,False,4.0,31.0,0.0,5.446895898547663,True,0.6701770278193121,False,5.446895898547663,True,1.0,True,15000000000.0,True,5.446895898547663,True
2025,B,928,1780414080.0,True,75,dependency_timeout,6,False,3.0,25.0,0.0,5.446895898547663,True,0.6675814927326654,False,5.446895898547663,True,1.0,True,12000000000.0,True,5.446895898547663,True
2025,B,929,1780414140.0,True,75,dependency_timeout,6,False,2.0,30.0,0.0,5.446895898547663,True,0.6342612465349634,False,5.446895898547663,True,1.0,True,3999999999.9999995,True,5.446895898547663,True
2025,B,930,1780414200.0,False,-1,,6,False,0.0,31.0,0.0,-0.6412684520552512,False,0.4298637789339878,False,-0.6412684520552512,False,0.16637901652440515,False,0.13695049285888675,False,-0.6412684520552512,False
2025,B,931,1780414260.0,False,-1,,6,False,0.0,31.0,0.0,-0.9556749192548413,False,0.4116345527580512,False,-0.9556749192548413,False,0.16637901652440515,False,0.1546320915222168,False,-0.9556749192548413,False
2025,B,932,1780414320.0,False,-1,,6,False,0.0,42.0,0.0,-0.6881638768920109,False,0.502458757701841,False,-0.6881638768920109,False,0.15094866723996742,False,0.17556941509246823,False,-0.6881638768920109,False
2025,B,933,1780414380.0,False,-1,,6,False,0.0,33.0,0.0,-1.3284541921196276,False,0.42829066414220057,False,-1.3284541921196276,False,0.16297029669269902,False,0.16991586685180665,False,-1.3284541921196276,False
2025,B,934,1780414440.0,False,-1,,6,False,0.0,34.0,0.0,-1.4196991814609046,False,0.41501867658114644,False,-1.4196991814609046,False,0.16138735499274742,False,0.1699898958206177,False,-1.4196991814609046,False
2025,B,935,1780414500.0,False,-1,,6,False,0.0,26.0,0.0,-1.8093904870271516,False,0.38049691453002815,False,-1.8093904870271516,False,0.17669675651560246,False,0.16594946384429932,False,-1.8093904870271516,False
2025,B,936,1780414560.0,True,76,config_error,6,False,0.0,35.0,0.0,4.382617699576204,True,0.4275599657537485,False,4.382617699576204,True,1.0,True,19000000000.0,True,4.382617699576204,True
2025,B,937,1780414620.0,True,76,config_error,6,False,0.0,34.0,0.0,5.150666494746938,True,0.4416823597406265,False,5.150666494746938,True,1.0,True,30999999999.999996,True,5.150666494746938,True
2025,B,938,1780414680.0,True,76,config_error,6,False,0.0,35.0,0.0,5.0545750961777625,True,0.44738542530958986,False,5.0545750961777625,True,1.0,True,30000000000.0,True,5.0545750961777625,True
2025,B,939,1780414740.0,True,76,config_error,6,False,0.0,31.0,0.0,0.21034418303830904,False,0.42065631048950636,False,0.21034418303830904,False,1.0,True,1999999999.9999998,True,0.21034418303830904,True
2025,B,940,1780414800.0,False,-1,,6,False,0.0,39.0,0.0,-1.0455781606673966,False,0.46534708716011886,False,-1.0455781606673966,False,0.15446307295598646,False,0.14517421722412108,False,-1.0455781606673966,False
2025,B,941,1780414860.0,False,-1,,6,False,0.0,32.0,0.0,-1.5424032951984445,False,0.40055928861538,False,-1.5424032951984445,False,0.16463194446710577,False,0.15281038284301757,False,-1.5424032951984445,False
2025,B,942,1780414920.0,False,-1,,6,False,0.0,29.0,0.0,-1.128366721662454,False,0.3917092220911733,False,-1.128366721662454,False,0.1812403766016811,False,0.1390317678451538,False,-1.128366721662454,False
2025,B,943,1780414980.0,False,-1,,6,False,0.0,35.0,0.0,-0.8914051067234601,False,0.4263437630986511,False,-0.8914051067234601,False,0.15152385958527437,False,0.14211091995239258,False,-0.8914051067234601,False
2025,B,944,1780415040.0,False,-1,,6,False,0.0,29.0,0.0,-1.6464260240302542,False,0.3839683908503017,False,-1.6464260240302542,False,0.17016055445988643,False,0.15859737396240234,False,-1.6464260240302542,False
2025,B,945,1780415100.0,False,-1,,6,False,0.0,29.0,0.0,-0.9940889913131965,False,0.39778106124242524,False,-0.9940889913131965,False,0.17016055445988643,False,0.1494572639465332,False,-0.9940889913131965,False
2025,B,946,1780415160.0,False,-1,,6,False,0.0,32.0,0.0,-1.282017735127713,False,0.4192372119166524,False,-1.282017735127713,False,0.16463194446710577,False,0.16653869152069095,False,-1.282017735127713,False
2025,B,947,1780415220.0,False,-1,,6,False,0.0,30.0,0.0,0.029949409131936555,False,0.45087332099455324,False,0.029949409131936555,False,0.16821905407945875,False,0.12832562923431395,False,0.029949409131936555,False
2025,B,948,1780415280.0,True,77,dependency_timeout,6,False,0.0,20.0,0.0,5.446895898547663,True,0.5119053094643977,False,5.446895898547663,True,1.0,True,7000000000.0,True,5.446895898547663,True
2025,B,949,1780415340.0,True,77,dependency_timeout,6,False,6.0,32.0,0.0,5.446895898547663,True,0.6709048519769668,False,5.446895898547663,True,1.0,True,15999999999.999998,True,5.446895898547663,True
2025,B,950,1780415400.0,True,77,dependency_timeout,6,False,1.0,32.0,0.0,5.446895898547663,True,0.63894572335251,False,5.446895898547663,True,1.0,True,14000000000.0,True,5.446895898547663,True
2025,B,951,1780415460.0,True,77,dependency_timeout,6,False,4.0,34.0,0.0,5.446895898547663,True,0.6707001212287103,False,5.446895898547663,True,1.0,True,13000000000.0,True,5.446895898547663,True
2025,B,952,1780415520.0,True,77,dependency_timeout,6,False,0.0,25.0,0.0,5.446895898547663,True,0.4378191642354566,False,5.446895898547663,True,1.0,True,999999999.9999999,True,5.446895898547663,True
2025,B,953,1780415580.0,False,-1,,6,False,0.0,28.0,0.0,-0.952750548110088,False,0.42137074845082634,False,-0.952750548110088,False,0.17221313128709248,False,0.19630959033966064,False,-0.952750548110088,False
2025,B,954,1780415640.0,False,-1,,6,False,0.0,26.0,0.0,-1.559480743134622,False,0.3777281371594003,False,-1.559480743134622,False,0.17669675651560246,False,0.1629173755645752,False,-1.559480743134622,False
2025,B,955,1780415700.0,False,-1,,6,False,0.0,30.0,0.0,-1.6666293063857758,False,0.39556986636810926,False,-1.6666293063857758,False,0.16821905407945875,False,0.17206029891967778,False,-1.6666293063857758,False
2025,B,956,1780415760.0,False,-1,,6,False,0.0,36.0,0.0,-1.2256636571136754,False,0.45547684072638184,False,-1.2256636571136754,False,0.15843418223445005,False,0.17092394828796378,False,-1.2256636571136754,False
2025,B,957,1780415820.0,False,-1,,6,False,0.0,29.0,0.0,-1.4561099645422066,False,0.39138957221255377,False,-1.4561099645422066,False,0.17016055445988643,False,0.1553586959838867,False,-1.4561099645422066,False
2025,B,958,1780415880.0,True,78,resource_exhaustion,6,False,4.0,42.0,0.0,5.446895898547663,True,0.7069571766260013,True,5.446895898547663,True,1.0,True,5000000000.0,True,5.446895898547663,True
2025,B,959,1780415940.0,True,78,resource_exhaustion,6,False,8.0,34.0,0.0,5.446895898547663,True,0.6952013214492756,False,5.446895898547663,True,1.0,True,7999999999.999999,True,5.446895898547663,True
2025,B,960,1780416000.0,True,78,resource_exhaustion,6,False,7.0,26.0,0.0,5.446895898547663,True,0.69590077880198,False,5.446895898547663,True,1.0,True,6000000000.0,True,5.446895898547663,True
2025,B,961,1780416060.0,True,78,resource_exhaustion,6,False,0.0,28.0,0.0,5.446895898547663,True,0.5070902177868387,False,5.446895898547663,True,0.17221313128709248,False,0.28606920242309575,False,5.446895898547663,True
2025,B,962,1780416120.0,False,-1,,6,False,0.0,29.0,0.0,-1.8129477582884572,False,0.37945583008463385,False,-1.8129477582884572,False,0.17016055445988643,False,0.1558352470397949,False,-1.8129477582884572,False
2025,B,963,1780416180.0,False,-1,,6,False,0.0,30.0,0.0,-1.4710972598752736,False,0.38920610722855914,False,-1.4710972598752736,False,0.16821905407945875,False,0.14403228759765624,False,-1.4710972598752736,False
2025,B,964,1780416240.0,False,-1,,6,False,0.0,38.0,0.0,-0.9915868088269875,False,0.48657125427551073,False,-0.9915868088269875,False,0.15573133150025478,False,0.20803256034851092,False,-0.9915868088269875,False
2025,B,965,1780416300.0,False,-1,,6,False,0.0,38.0,0.0,-1.4794609350070882,False,0.4563419579866292,False,-1.4794609350070882,False,0.15573133150025478,False,0.17802147865295417,False,-1.4794609350070882,False
2025,B,966,1780416360.0,False,-1,,6,False,0.0,22.0,0.0,-1.0512069820709211,False,0.39092009960018737,False,-1.0512069820709211,False,0.18759955492409922,False,0.12833733558654786,False,-1.0512069820709211,False
2025,B,967,1780416420.0,False,-1,,6,False,0.0,34.0,0.0,0.6958161317803135,False,0.5100571777806828,False,0.6958161317803135,False,0.16138735499274742,False,0.19157073497772223,False,0.6958161317803135,False
2025,B,968,1780416480.0,True,79,permission_denied,6,False,0.0,35.0,0.0,2.250741633928785,True,0.4143793345583364,False,2.250741633928785,True,1.0,True,6000000000.0,True,2.250741633928785,True
2025,B,969,1780416540.0,True,79,permission_denied,6,False,0.0,40.0,0.0,4.31051258298946,True,0.4623234571167551,False,4.31051258298946,True,1.0,True,18000000000.0,True,4.31051258298946,True
2025,B,970,1780416600.0,True,79,permission_denied,6,False,0.0,31.0,0.0,3.1329937255330176,True,0.3997188759261052,False,3.1329937255330176,True,1.0,True,9000000000.0,True,3.1329937255330176,True
2025,B,971,1780416660.0,True,79,permission_denied,6,False,0.0,21.0,0.0,2.8742883394674266,True,0.41110481253874087,False,2.8742883394674266,True,1.0,True,7000000000.0,True,2.8742883394674266,True
2025,B,972,1780416720.0,False,-1,,6,False,0.0,34.0,0.0,-1.4697870631919239,False,0.40680033607351535,False,-1.4697870631919239,False,0.16138735499274742,False,0.15627872943878174,False,-1.4697870631919239,False
2025,B,973,1780416780.0,False,-1,,6,False,0.0,23.0,0.0,-1.6978110410234395,False,0.36783494419555773,False,-1.6978110410234395,False,0.18458523060596266,False,0.14627432823181152,False,-1.6978110410234395,False
2025,B,974,1780416840.0,False,-1,,6,False,0.0,26.0,0.0,-1.8927544138998202,False,0.37655753342339043,False,-1.8927544138998202,False,0.17669675651560246,False,0.1677614450454712,False,-1.8927544138998202,False
2025,B,975,1780416900.0,False,-1,,6,False,0.0,26.0,0.0,-0.7423753453598207,False,0.39215642255868594,False,-0.7423753453598207,False,0.17669675651560246,False,0.14043748378753662,False,-0.7423753453598207,False
2025,B,976,1780416960.0,False,-1,,6,False,0.0,45.0,0.0,-1.0956314815730108,False,0.5072839017864034,False,-1.0956314815730108,False,0.14780953166286742,False,0.1699833869934083,False,-1.0956314815730108,False
2025,B,977,1780417020.0,False,-1,,6,False,0.0,34.0,0.0,-1.1397347997613183,False,0.41707820766597553,False,-1.1397347997613183,False,0.16138735499274742,False,0.15757997035980228,False,-1.1397347997613183,False
2025,B,978,1780417080.0,False,-1,,6,False,0.0,44.0,0.0,-1.2257695095316876,False,0.49790228314709484,False,-1.2257695095316876,False,0.1488183960155862,False,0.16820623874664306,False,-1.2257695095316876,False
2025,B,979,1780417140.0,False,-1,,6,False,0.0,24.0,0.0,-0.4812520011646999,False,0.41813343259187624,False,-0.4812520011646999,False,0.1817776918582098,False,0.18075995445251464,False,-0.4812520011646999,False
2025,B,980,1780417200.0,False,-1,,6,False,0.0,28.0,0.0,-1.7477292541472131,False,0.38175933570072057,False,-1.7477292541472131,False,0.17221313128709248,False,0.15587456226348878,False,-1.7477292541472131,False
2025,B,981,1780417260.0,True,80,permission_denied,6,False,0.0,29.0,0.0,0.45616342891620043,False,0.3971538392103717,False,0.45616342891620043,False,1.0,True,1999999999.9999998,True,0.45616342891620043,True
2025,B,982,1780417320.0,True,80,permission_denied,6,False,0.0,40.0,0.0,4.098597967284081,True,0.45975776892315495,False,4.098597967284081,True,1.0,True,15999999999.999998,True,4.098597967284081,True
2025,B,983,1780417380.0,True,80,permission_denied,6,False,1.0,37.0,0.0,3.934020107582322,True,0.598230681180831,False,3.934020107582322,True,1.0,True,12000000000.0,True,3.934020107582322,True
2025,B,984,1780417440.0,True,80,permission_denied,6,False,0.0,30.0,0.0,0.2951089212477278,False,0.4014087101902648,False,0.2951089212477278,False,1.0,True,1999999999.9999998,True,0.2951089212477278,True
2025,B,985,1780417500.0,False,-1,,6,False,0.0,35.0,0.0,-1.4548547538910999,False,0.42296011185076415,False,-1.4548547538910999,False,0.15987711290983783,False,0.15956664085388184,False,-1.4548547538910999,False
2025,B,986,1780417560.0,False,-1,,6,False,0.0,36.0,0.0,-1.510986774415671,False,0.43126979072538973,False,-1.510986774415671,False,0.15843418223445005,False,0.16391873359680176,False,-1.510986774415671,False
2025,B,987,1780417620.0,False,-1,,6,False,0.0,28.0,0.0,-1.573759680926008,False,0.38838442250478106,False,-1.573759680926008,False,0.17221313128709248,False,0.16389360427856445,False,-1.573759680926008,False
2025,B,988,1780417680.0,False,-1,,6,False,0.0,25.0,0.0,-1.970890679569676,False,0.36978443371155484,False,-1.970890679569676,False,0.17915458308696264,False,0.15685491561889647,False,-1.970890679569676,False
2025,B,989,1780417740.0,False,-1,,6,False,0.0,33.0,0.0,-1.6499088520102658,False,0.4042858332177544,False,-1.6499088520102658,False,0.16297029669269902,False,0.1560736656188965,False,-1.6499088520102658,False
2025,B,990,1780417800.0,False,-1,,6,False,0.0,33.0,0.0,-1.5368134579244286,False,0.40525861399769936,False,-1.5368134579244286,False,0.16297029669269902,False,0.16246366500854492,False,-1.5368134579244286,False
2025,B,991,1780417860.0,False,-1,,6,False,0.0,17.0,0.0,-1.9516664124881746,False,0.38735345607726945,False,-1.9516664124881746,False,0.2068901422906054,False,0.15369367599487305,False,-1.9516664124881746,False
2025,B,992,1780417920.0,False,-1,,6,False,0.0,31.0,0.0,-1.7308737361048996,False,0.39053282854883714,False,-1.7308737361048996,False,0.16637901652440515,False,0.15508437156677246,False,-1.7308737361048996,False
2025,B,993,1780417980.0,False,-1,,6,False,0.0,25.0,0.0,-0.1597797626807358,False,0.42647641322703517,False,-0.1597797626807358,False,0.17915458308696264,False,0.12645692825317384,False,-0.1597797626807358,False
2025,B,994,1780418040.0,False,-1,,6,False,0.0,29.0,0.0,-1.4384516014332274,False,0.3900027827739692,False,-1.4384516014332274,False,0.17016055445988643,False,0.16940317153930665,False,-1.4384516014332274,False
2025,B,995,1780418100.0,True,81,resource_exhaustion,6,False,3.0,29.0,0.0,5.446895898547663,True,0.6694160660185426,False,5.446895898547663,True,1.0,True,3000000000.0,True,5.446895898547663,True
2025,B,996,1780418160.0,True,81,resource_exhaustion,6,False,4.0,28.0,0.0,5.446895898547663,True,0.6906436333167261,False,5.446895898547663,True,1.0,True,5000000000.0,True,5.446895898547663,True
2025,B,997,1780418220.0,True,81,resource_exhaustion,6,False,4.0,28.0,0.0,5.446895898547663,True,0.6890100881320185,False,5.446895898547663,True,1.0,True,3999999999.9999995,True,5.446895898547663,True
2025,B,998,1780418280.0,False,-1,,6,False,0.0,30.0,0.0,-1.3738877695954974,False,0.40189019008320365,False,-1.3738877695954974,False,0.16821905407945875,False,0.15475988388061523,False,-1.3738877695954974,False
2025,B,999,1780418340.0,False,-1,,6,False,0.0,31.0,0.0,-1.6643895105658464,False,0.40974600358102414,False,-1.6643895105658464,False,0.16637901652440515,False,0.19570136070251462,False,-1.6643895105658464,False
2025,B,1000,1780418400.0,False,-1,,6,False,0.0,28.0,0.0,-1.5595096510998916,False,0.3889924734355991,False,-1.5595096510998916,False,0.17221313128709248,False,0.1650615692138672,False,-1.5595096510998916,False
2025,B,1001,1780418460.0,False,-1,,6,False,0.0,39.0,0.0,-0.30634961394263893,False,0.5133982757155396,False,-0.30634961394263893,False,0.15446307295598646,False,0.1744391441345215,False,-0.30634961394263893,False
2025,B,1002,1780418520.0,False,-1,,6,False,0.0,33.0,0.0,-1.8109924271650533,False,0.4072521375428032,False,-1.8109924271650533,False,0.16297029669269902,False,0.17472944259643555,False,-1.8109924271650533,False
2025,B,1003,1780418580.0,False,-1,,6,False,0.0,30.0,0.0,-1.1943154433197876,False,0.4112661914214782,False,-1.1943154433197876,False,0.16821905407945875,False,0.16027288436889653,False,-1.1943154433197876,False
2025,B,1004,1780418640.0,False,-1,,6,False,0.0,22.0,0.0,-2.022252556732319,False,0.3723036064556371,False,-2.022252556732319,False,0.18759955492409922,False,0.16342699527740479,False,-2.022252556732319,False
2025,B,1005,1780418700.0,True,82,dependency_timeout,6,False,3.0,21.0,0.0,5.446895898547663,True,0.6685173936286777,False,5.446895898547663,True,1.0,True,10000000000.0,True,5.446895898547663,True
2025,B,1006,1780418760.0,True,82,dependency_timeout,6,False,3.0,25.0,0.0,5.446895898547663,True,0.6680830784464599,False,5.446895898547663,True,1.0,True,7999999999.999999,True,5.446895898547663,True
2025,B,1007,1780418820.0,True,82,dependency_timeout,6,False,2.0,30.0,0.0,5.446895898547663,True,0.6698855397054216,False,5.446895898547663,True,1.0,True,13000000000.0,True,5.446895898547663,True
2025,B,1008,1780418880.0,True,82,dependency_timeout,6,False,4.0,39.0,0.0,5.446895898547663,True,0.6788930397396895,False,5.446895898547663,True,1.0,True,14000000000.0,True,5.446895898547663,True
2025,B,1009,1780418940.0,False,-1,,6,False,0.0,35.0,0.0,-1.2630840481353909,False,0.4250720149622487,False,-1.2630840481353909,False,0.15987711290983783,False,0.14568467140197752,False,-1.2630840481353909,False
2025,B,1010,1780419000.0,False,-1,,6,False,0.0,30.0,0.0,-1.1407713839869151,False,0.3954985477777124,False,-1.1407713839869151,False,0.16821905407945875,False,0.15165812969207765,False,-1.1407713839869151,False
2025,B,1011,1780419060.0,False,-1,,6,False,0.0,25.0,0.0,-1.8502444428745441,False,0.3716077492910814,False,-1.8502444428745441,False,0.17915458308696264,False,0.15754365921020508,False,-1.8502444428745441,False
2025,B,1012,1780419120.0,False,-1,,6,False,0.0,28.0,0.0,-1.3095607380309318,False,0.4013472462999326,False,-1.3095607380309318,False,0.17221313128709248,False,0.18323674201965334,False,-1.3095607380309318,False
2025,B,1013,1780419180.0,False,-1,,6,False,0.0,32.0,0.0,-1.629326523507296,False,0.4059662533288829,False,-1.629326523507296,False,0.16463194446710577,False,0.16798727512359624,False,-1.629326523507296,False
2025,B,1014,1780419240.0,False,-1,,6,False,0.0,26.0,0.0,-1.670626675558668,False,0.37370755934015437,False,-1.670626675558668,False,0.17669675651560246,False,0.14635026454925537,False,-1.670626675558668,False
2025,B,1015,1780419300.0,False,-1,,6,False,0.0,22.0,0.0,-1.5916900950019421,False,0.37357176687827304,False,-1.5916900950019421,False,0.18759955492409922,False,0.1420047044754028,False,-1.5916900950019421,False
2025,B,1016,1780419360.0,False,-1,,6,False,0.0,44.0,0.0,-1.1541866860422818,False,0.5035607181407231,False,-1.1541866860422818,False,0.1488183960155862,False,0.17054955959320067,False,-1.1541866860422818,False
2025,B,1017,1780419420.0,False,-1,,6,False,0.0,30.0,0.0,-1.0631283224899546,False,0.40586998952280473,False,-1.0631283224899546,False,0.16821905407945875,False,0.14761626720428467,False,-1.0631283224899546,False
2025,B,1018,1780419480.0,False,-1,,6,False,0.0,32.0,0.0,-1.349437478999051,False,0.414752346090195,False,-1.349437478999051,False,0.16463194446710577,False,0.1568727731704712,False,-1.349437478999051,False
2025,B,1019,1780419540.0,False,-1,,6,False,0.0,25.0,0.0,-1.366251495487604,False,0.39541694045516557,False,-1.366251495487604,False,0.17915458308696264,False,0.16563816070556636,False,-1.366251495487604,False
2025,B,1020,1780419600.0,True,83,config_error,6,False,0.0,32.0,0.0,2.796543805488954,True,0.4121109024327653,False,2.796543805488954,True,1.0,True,7999999999.999999,True,2.796543805488954,True
2025,B,1021,1780419660.0,True,83,config_error,6,False,0.0,31.0,0.0,5.153065144145474,True,0.41971121474864476,False,5.153065144145474,True,1.0,True,29000000000.0,True,5.153065144145474,True
2025,B,1022,1780419720.0,True,83,config_error,6,False,0.0,28.0,0.0,4.9393270327032495,True,0.421052432085577,False,4.9393270327032495,True,1.0,True,24000000000.0,True,4.9393270327032495,True
2025,B,1023,1780419780.0,True,83,config_error,6,False,0.0,29.0,0.0,4.20064407634865,True,0.4141596648486928,False,4.20064407634865,True,1.0,True,15000000000.0,True,4.20064407634865,True
2025,B,1024,1780419840.0,False,-1,,7,False,0.0,37.0,0.0,-1.0971025127774263,False,0.46186035501019723,False,-1.0971025127774263,False,0.15705371401464144,False,0.1743227005004883,False,-1.0971025127774263,False
2025,B,1025,1780419900.0,False,-1,,7,False,0.0,30.0,0.0,-1.3327309297694327,False,0.401504222531198,False,-1.3327309297694327,False,0.16821905407945875,False,0.14740378856658937,False,-1.3327309297694327,False
2025,B,1026,1780419960.0,False,-1,,7,False,0.0,23.0,0.0,-1.4960582647854181,False,0.37467144640376515,False,-1.4960582647854181,False,0.18458523060596266,False,0.15333118438720705,False,-1.4960582647854181,False
2025,B,1027,1780420020.0,False,-1,,7,False,1.0,29.0,0.0,-0.010967353392609347,False,0.5894072371027234,False,-0.010967353392609347,False,0.000330678049431236,False,0.18663291931152337,False,-0.010967353392609347,False
2025,B,1028,1780420080.0,False,-1,,7,False,0.0,30.0,0.0,-1.3341085551074716,False,0.4170858310768016,False,-1.3341085551074716,False,0.16821905407945875,False,0.1823339223861695,False,-1.3341085551074716,False
2025,B,1029,1780420140.0,False,-1,,7,False,0.0,40.0,0.0,-1.2573817966776373,False,0.4678329997111148,False,-1.2573817966776373,False,0.1532453426781667,False,0.156350040435791,False,-1.2573817966776373,False
2025,B,1030,1780420200.0,False,-1,,7,False,0.0,34.0,0.0,-1.0482944191970924,False,0.42537178836667816,False,-1.0482944191970924,False,0.16138735499274742,False,0.14210278987884523,False,-1.0482944191970924,False
2025,B,1031,1780420260.0,False,-1,,7,False,0.0,37.0,0.0,-0.9952051542360794,False,0.45132413942518596,False,-0.9952051542360794,False,0.15705371401464144,False,0.14294042587280273,False,-0.9952051542360794,False
2025,B,1032,1780420320.0,False,-1,,7,False,0.0,28.0,0.0,-1.437177737838156,False,0.3847878565404874,False,-1.437177737838156,False,0.17221313128709248,False,0.15723037719726562,False,-1.437177737838156,False
2025,B,1033,1780420380.0,True,84,config_error,7,False,0.0,25.0,0.0,-1.3228791162317775,False,0.39960591289778014,False,-1.3228791162317775,False,0.17915458308696264,False,0.18894901275634754,False,-1.3228791162317775,False
2025,B,1034,1780420440.0,True,84,config_error,7,False,0.0,28.0,0.0,5.091832727680926,True,0.42853961722852096,False,5.091832727680926,True,1.0,True,26000000000.0,True,5.091832727680926,True
2025,B,1035,1780420500.0,True,84,config_error,7,False,0.0,22.0,0.0,4.590997961336177,True,0.4165750931653666,False,4.590997961336177,True,1.0,True,18000000000.0,True,4.590997961336177,True
2025,B,1036,1780420560.0,True,84,config_error,7,False,0.0,29.0,0.0,5.027336240809266,True,0.4113705181402807,False,5.027336240809266,True,1.0,True,26000000000.0,True,5.027336240809266,True
2025,B,1037,1780420620.0,False,-1,,7,False,0.0,32.0,0.0,-1.4856481776959471,False,0.40228448679583173,False,-1.4856481776959471,False,0.16463194446710577,False,0.15989892482757567,False,-1.4856481776959471,False
2025,B,1038,1780420680.0,False,-1,,7,False,0.0,35.0,0.0,-1.3615036953436404,False,0.4354746920223941,False,-1.3615036953436404,False,0.15987711290983783,False,0.1987231254577635,False,-1.3615036953436404,False
2025,B,1039,1780420740.0,False,-1,,7,False,0.0,29.0,0.0,-1.1156746640089166,False,0.39530994135331743,False,-1.1156746640089166,False,0.17016055445988643,False,0.15549058914184571,False,-1.1156746640089166,False
2025,B,1040,1780420800.0,False,-1,,7,False,0.0,29.0,0.0,-1.746120086409202,False,0.390157192574542,False,-1.746120086409202,False,0.17016055445988643,False,0.16741056442260738,False,-1.746120086409202,False
2025,B,1041,1780420860.0,False,-1,,7,False,0.0,26.0,0.0,-1.854291888398178,False,0.37773007122406066,False,-1.854291888398178,False,0.17669675651560246,False,0.1851433515548706,False,-1.854291888398178,False
2025,B,1042,1780420920.0,False,-1,,7,False,0.0,39.0,0.0,-1.1532739969910892,False,0.4772320909629603,False,-1.1532739969910892,False,0.15446307295598646,False,0.19745221138000485,False,-1.1532739969910892,False
2025,B,1043,1780420980.0,False,-1,,7,False,0.0,38.0,0.0,-0.2168267715377672,False,0.5105823494973042,False,-0.2168267715377672,False,0.15573133150025478,False,0.1743142604827881,False,-0.2168267715377672,False
2025,B,1044,1780421040.0,False,-1,,7,False,0.0,35.0,0.0,-0.9145649941770753,False,0.44857403841192384,False,-0.9145649941770753,False,0.15987711290983783,False,0.15131173133850093,False,-0.9145649941770753,False
2025,B,1045,1780421100.0,False,-1,,7,False,0.0,31.0,0.0,-1.877306781446869,False,0.395896004535565,False,-1.877306781446869,False,0.16637901652440515,False,0.17493510246276853,False,-1.877306781446869,False
2025,B,1046,1780421160.0,False,-1,,7,False,0.0,34.0,0.0,-1.456230350380297,False,0.4104453417794038,False,-1.456230350380297,False,0.16138735499274742,False,0.14947800636291506,False,-1.456230350380297,False
2025,B,1047,1780421220.0,False,-1,,7,False,0.0,36.0,0.0,-0.8390971389442194,False,0.4469311281702708,False,-0.8390971389442194,False,0.15843418223445005,False,0.1581404209136963,False,-0.8390971389442194,False
2025,B,1048,1780421280.0,True,85,dependency_timeout,7,False,1.0,31.0,0.0,5.446895898547663,True,0.6329658701950779,False,5.446895898547663,True,1.0,True,1999999999.9999998,True,5.446895898547663,True
2025,B,1049,1780421340.0,True,85,dependency_timeout,7,False,2.0,24.0,0.0,5.446895898547663,True,0.6618324756738546,False,5.446895898547663,True,1.0,True,10000000000.0,True,5.446895898547663,True
2025,B,1050,1780421400.0,True,85,dependency_timeout,7,False,2.0,28.0,0.0,5.446895898547663,True,0.6743813460753347,False,5.446895898547663,True,1.0,True,11000000000.0,True,5.446895898547663,True
2025,B,1051,1780421460.0,True,85,dependency_timeout,7,True,4.0,118.0,0.0,5.446895898547663,True,0.7433966004812199,True,5.446895898547663,True,1.0,True,5000000000.0,True,5.446895898547663,True
2025,B,1052,1780421520.0,False,-1,,7,True,0.0,307.0,0.0,0.2511042040975484,False,0.7085056372239413,True,0.2511042040975484,False,0.09365797046559537,False,0.17672934532165527,False,0.2511042040975484,False
2025,B,1053,1780421580.0,False,-1,,7,True,0.0,194.0,0.0,-0.29004785320050086,False,0.6878739034448118,False,-0.29004785320050086,False,0.1024824988058733,False,0.18549442291259757,False,-0.29004785320050086,False
2025,B,1054,1780421640.0,False,-1,,7,False,0.0,27.0,0.0,-1.7926511780243866,False,0.3813896553767714,False,-1.7926511780243866,False,0.1743877084429739,False,0.18203907012939446,False,-1.7926511780243866,False
2025,B,1055,1780421700.0,False,-1,,7,False,0.0,40.0,0.0,0.5985994197059101,False,0.5478687685870807,False,0.5985994197059101,False,0.1532453426781667,False,0.18824176788330074,False,0.5985994197059101,False
2025,B,1056,1780421760.0,False,-1,,7,False,0.0,18.0,0.0,-0.49403975016123614,False,0.4311572699483565,False,-0.49403975016123614,False,0.20233050107121442,False,0.16047513484954834,False,-0.49403975016123614,False
2025,B,1057,1780421820.0,False,-1,,7,False,0.0,25.0,0.0,-0.6002270823890665,False,0.40148786481556153,False,-0.6002270823890665,False,0.17915458308696264,False,0.16216630935668946,False,-0.6002270823890665,False
2025,B,1058,1780421880.0,False,-1,,7,False,0.0,43.0,0.0,-1.1676599297061472,False,0.502042916204004,False,-1.1676599297061472,False,0.14986400952385226,False,0.18047580718994133,False,-1.1676599297061472,False
2025,B,1059,1780421940.0,False,-1,,7,False,0.0,40.0,0.0,-1.2671585726622423,False,0.47309896398472395,False,-1.2671585726622423,False,0.1532453426781667,False,0.18118863105773925,False,-1.2671585726622423,False
2025,B,1060,1780422000.0,False,-1,,7,False,0.0,27.0,0.0,-1.6746824526347446,False,0.3745525139488609,False,-1.6746824526347446,False,0.1743877084429739,False,0.15733680725097657,False,-1.6746824526347446,False
2025,B,1061,1780422060.0,False,-1,,7,False,0.0,24.0,0.0,-1.251321082807821,False,0.3827664270080177,False,-1.251321082807821,False,0.1817776918582098,False,0.1468847990036011,False,-1.251321082807821,False
2025,B,1062,1780422120.0,False,-1,,7,False,0.0,31.0,0.0,-1.2845543317578123,False,0.40335159636607676,False,-1.2845543317578123,False,0.16637901652440515,False,0.1642603874206543,False,-1.2845543317578123,False
2025,B,1063,1780422180.0,True,86,resource_exhaustion,7,False,3.0,28.0,0.0,5.446895898547663,True,0.6825008200334355,False,5.446895898547663,True,1.0,True,5000000000.0,True,5.446895898547663,True
2025,B,1064,1780422240.0,True,86,resource_exhaustion,7,False,3.0,22.0,0.0,5.446895898547663,True,0.6904369601017646,False,5.446895898547663,True,1.0,True,3000000000.0,True,5.446895898547663,True
2025,B,1065,1780422300.0,True,86,resource_exhaustion,7,False,7.0,26.0,0.0,5.446895898547663,True,0.6933159878889417,False,5.446895898547663,True,1.0,True,6000000000.0,True,5.446895898547663,True
2025,B,1066,1780422360.0,True,86,resource_exhaustion,7,False,2.0,22.0,0.0,5.446895898547663,True,0.6905874572028383,False,5.446895898547663,True,1.0,True,1999999999.9999998,True,5.446895898547663,True
2025,B,1067,1780422420.0,True,86,resource_exhaustion,7,False,0.0,27.0,0.0,5.446895898547663,True,0.47820224535412803,False,5.446895898547663,True,0.1743877084429739,False,0.1967261791229247,False,5.446895898547663,True
2025,B,1068,1780422480.0,False,-1,,7,False,0.0,43.0,0.0,-1.2768355020953521,False,0.4853678515580363,False,-1.2768355020953521,False,0.14986400952385226,False,0.16460633277893064,False,-1.2768355020953521,False
2025,B,1069,1780422540.0,False,-1,,7,False,0.0,24.0,0.0,-0.8369498134804898,False,0.4250283248959244,False,-0.8369498134804898,False,0.1817776918582098,False,0.17814595699310304,False,-0.8369498134804898,False
2025,B,1070,1780422600.0,False,-1,,7,False,0.0,18.0,0.0,-1.1645182448032987,False,0.3987719106967291,False,-1.1645182448032987,False,0.20233050107121442,False,0.14029197692871093,False,-1.1645182448032987,False
2025,B,1071,1780422660.0,False,-1,,7,False,0.0,30.0,0.0,-1.3435586873937204,False,0.3928376764737576,False,-1.3435586873937204,False,0.16821905407945875,False,0.15451099872589114,False,-1.3435586873937204,False
2025,B,1072,1780422720.0,False,-1,,7,False,0.0,24.0,0.0,-1.5276238900300383,False,0.3693685780477385,False,-1.5276238900300383,False,0.1817776918582098,False,0.14485642910003663,False,-1.5276238900300383,False
2025,B,1073,1780422780.0,False,-1,,7,False,0.0,29.0,0.0,-1.8353507529605873,False,0.3831383545854669,False,-1.8353507529605873,False,0.17016055445988643,False,0.17336406707763669,False,-1.8353507529605873,False
2025,B,1074,1780422840.0,True,87,permission_denied,7,False,0.0,35.0,0.0,-0.26757498431632953,False,0.43005393760767513,False,-0.26757498431632953,False,1.0,True,999999999.9999999,True,-0.26757498431632953,True
2025,B,1075,1780422900.0,True,87,permission_denied,7,False,1.0,28.0,0.0,3.862435937856346,True,0.5803018268226184,False,3.862435937856346,True,1.0,True,12000000000.0,True,3.862435937856346,True
2025,B,1076,1780422960.0,True,87,permission_denied,7,False,0.0,17.0,0.0,2.4282677198657887,True,0.4244809937296955,False,2.4282677198657887,True,1.0,True,5000000000.0,True,2.4282677198657887,True
2025,B,1077,1780423020.0,True,87,permission_denied,7,False,0.0,26.0,0.0,-0.22183490698200714,False,0.37309952436700444,False,-0.22183490698200714,False,1.0,True,1999999999.9999998,True,-0.22183490698200714,True
2025,B,1078,1780423080.0,False,-1,,7,False,0.0,25.0,0.0,0.0039154029393477785,False,0.4404203737543711,False,0.0039154029393477785,False,0.17915458308696264,False,0.11812620162963867,False,0.0039154029393477785,False
2025,B,1079,1780423140.0,False,-1,,7,False,0.0,19.0,0.0,-2.0299685958374916,False,0.384341594619586,False,-2.0299685958374916,False,0.21920006074390574,False,0.1613186120986938,False,-2.0299685958374916,False
2025,B,1080,1780423200.0,False,-1,,7,False,0.0,38.0,0.0,-0.9967955372814936,False,0.4606197302272649,False,-0.9967955372814936,False,0.14833066691444674,False,0.1487222671508789,False,-0.9967955372814936,False
2025,B,1081,1780423260.0,False,-1,,7,False,0.0,35.0,0.0,-1.6547962972062686,False,0.4172877865427747,False,-1.6547962972062686,False,0.15987711290983783,False,0.1667580127716064,False,-1.6547962972062686,False
2025,B,1082,1780423320.0,False,-1,,7,False,0.0,34.0,0.0,-1.4836633897678126,False,0.41003714177206163,False,-1.4836633897678126,False,0.16138735499274742,False,0.16453564167022708,False,-1.4836633897678126,False
2025,B,1083,1780423380.0,True,88,dependency_timeout,7,False,0.0,26.0,0.0,4.499356928933045,True,0.44305900684864763,False,4.499356928933045,True,0.17669675651560246,False,0.4328650236129761,False,4.499356928933045,True
2025,B,1084,1780423440.0,True,88,dependency_timeout,7,False,2.0,27.0,0.0,5.446895898547663,True,0.6684583611529906,False,5.446895898547663,True,1.0,True,16999999999.999998,True,5.446895898547663,True
2025,B,1085,1780423500.0,True,88,dependency_timeout,7,False,1.0,32.0,0.0,5.446895898547663,True,0.6373195798601807,False,5.446895898547663,True,1.0,True,9000000000.0,True,5.446895898547663,True
2025,B,1086,1780423560.0,True,88,dependency_timeout,7,False,7.0,39.0,0.0,5.446895898547663,True,0.6807291329201348,False,5.446895898547663,True,1.0,True,18000000000.0,True,5.446895898547663,True
2025,B,1087,1780423620.0,True,88,dependency_timeout,7,False,4.0,33.0,0.0,5.446895898547663,True,0.6728205208184239,False,5.446895898547663,True,1.0,True,12000000000.0,True,5.446895898547663,True
2025,B,1088,1780423680.0,False,-1,,7,False,0.0,18.0,0.0,-0.8430776428000355,False,0.40905819438967633,False,-0.8430776428000355,False,0.20233050107121442,False,0.15392510890960692,False,-0.8430776428000355,False
2025,B,1089,1780423740.0,False,-1,,7,False,0.0,27.0,0.0,-1.9494514825820692,False,0.3695688254307588,False,-1.9494514825820692,False,0.1743877084429739,False,0.16543388366699216,False,-1.9494514825820692,False
2025,B,1090,1780423800.0,False,-1,,7,False,0.0,27.0,0.0,-1.9283202436472857,False,0.372772732724415,False,-1.9283202436472857,False,0.1743877084429739,False,0.16744499206542962,False,-1.9283202436472857,False
2025,B,1091,1780423860.0,False,-1,,7,False,0.0,34.0,0.0,-1.6376289922307716,False,0.421694193272234,False,-1.6376289922307716,False,0.16138735499274742,False,0.1873563528060913,False,-1.6376289922307716,False
2025,B,1092,1780423920.0,False,-1,,7,False,0.0,39.0,0.0,-0.6727473396665715,False,0.471341039061691,False,-0.6727473396665715,False,0.15446307295598646,False,0.15741329193115233,False,-0.6727473396665715,False
2025,B,1093,1780423980.0,False,-1,,7,False,0.0,30.0,0.0,-0.6787712766404015,False,0.42040799980158144,False,-0.6787712766404015,False,0.16821905407945875,False,0.13080728054046634,False,-0.6787712766404015,False
2025,B,1094,1780424040.0,False,-1,,7,False,0.0,33.0,0.0,-1.0720287308963696,False,0.4274625561558475,False,-1.0720287308963696,False,0.16297029669269902,False,0.1540959358215332,False,-1.0720287308963696,False
2025,B,1095,1780424100.0,False,-1,,7,False,0.0,31.0,0.0,-0.8011324021306212,False,0.4068906634104567,False,-0.8011324021306212,False,0.16637901652440515,False,0.1389172077178955,False,-0.8011324021306212,False
2025,B,1096,1780424160.0,True,89,permission_denied,7,False,0.0,29.0,0.0,-0.9797884026316543,False,0.3827677298773504,False,-0.9797884026316543,False,1.0,True,999999999.9999999,True,-0.9797884026316543,True
2025,B,1097,1780424220.0,True,89,permission_denied,7,False,0.0,29.0,0.0,4.073545492370922,True,0.3922894780333428,False,4.073545492370922,True,1.0,True,15999999999.999998,True,4.073545492370922,True
2025,B,1098,1780424280.0,True,89,permission_denied,7,False,0.0,31.0,0.0,4.164150123974956,True,0.39554105639675846,False,4.164150123974956,True,1.0,True,16999999999.999998,True,4.164150123974956,True
2025,B,1099,1780424340.0,True,89,permission_denied,7,False,0.0,33.0,0.0,3.5855113408861525,True,0.40772102335505506,False,3.5855113408861525,True,1.0,True,12000000000.0,True,3.5855113408861525,True
2025,B,1100,1780424400.0,False,-1,,7,False,0.0,34.0,0.0,-1.0778633542679792,False,0.4159648559760098,False,-1.0778633542679792,False,0.16138735499274742,False,0.15476753711700442,False,-1.0778633542679792,False
2025,B,1101,1780424460.0,False,-1,,7,False,0.0,37.0,0.0,-1.48656365248325,False,0.44656981165672277,False,-1.48656365248325,False,0.15705371401464144,False,0.1588608741760254,False,-1.48656365248325,False
2025,B,1102,1780424520.0,False,-1,,7,False,0.0,27.0,0.0,-1.60672785983233,False,0.3784818124690225,False,-1.60672785983233,False,0.1743877084429739,False,0.14911160469055174,False,-1.60672785983233,False
2025,B,1103,1780424580.0,False,-1,,7,False,0.0,29.0,0.0,-1.9521687014190823,False,0.37893670358248766,False,-1.9521687014190823,False,0.17016055445988643,False,0.16560564041137693,False,-1.9521687014190823,False
2025,B,1104,1780424640.0,False,-1,,7,False,0.0,27.0,0.0,-0.29792443627935405,False,0.43666824300248624,False,-0.29792443627935405,False,0.1743877084429739,False,0.16437602043151853,False,-0.29792443627935405,False
2025,B,1105,1780424700.0,False,-1,,7,False,0.0,29.0,0.0,-1.7258830469572581,False,0.38679564585419585,False,-1.7258830469572581,False,0.17016055445988643,False,0.17561397552490232,False,-1.7258830469572581,False
2025,B,1106,1780424760.0,True,90,config_error,7,False,0.0,32.0,0.0,2.400673476603111,True,0.41038452619350035,False,2.400673476603111,True,1.0,True,6000000000.0,True,2.400673476603111,True
2025,B,1107,1780424820.0,True,90,config_error,7,False,0.0,36.0,0.0,5.128665591666916,True,0.4583341754905708,False,5.128665591666916,True,1.0,True,31999999999.999996,True,5.128665591666916,True
2025,B,1108,1780424880.0,True,90,config_error,7,False,0.0,38.0,0.0,5.147252394775854,True,0.4473776791830242,False,5.147252394775854,True,1.0,True,33999999999.999996,True,5.147252394775854,True
2025,B,1109,1780424940.0,True,90,config_error,7,False,0.0,32.0,0.0,5.271490236292929,True,0.4279240319478952,False,5.271490236292929,True,1.0,True,30999999999.999996,True,5.271490236292929,True
2025,B,1110,1780425000.0,True,90,config_error,7,False,0.0,31.0,0.0,3.9797164327677743,True,0.41436072177353467,False,3.9797164327677743,True,1.0,True,14000000000.0,True,3.9797164327677743,True
2025,B,1111,1780425060.0,False,-1,,7,False,0.0,24.0,0.0,-1.915572631215685,False,0.3825975604696205,False,-1.915572631215685,False,0.1817776918582098,False,0.18943953514099118,False,-1.915572631215685,False
2025,B,1112,1780425120.0,False,-1,,7,False,0.0,37.0,0.0,-1.1627446408367907,False,0.4512163126999323,False,-1.1627446408367907,False,0.15705371401464144,False,0.15285253524780276,False,-1.1627446408367907,False
2025,B,1113,1780425180.0,False,-1,,7,False,0.0,30.0,0.0,-1.897745560632016,False,0.39328827348761125,False,-1.897745560632016,False,0.16821905407945875,False,0.17179780006408696,False,-1.897745560632016,False
2025,B,1114,1780425240.0,False,-1,,7,False,0.0,24.0,0.0,-1.677249686117885,False,0.36783798831030945,False,-1.677249686117885,False,0.1817776918582098,False,0.14405384063720703,False,-1.677249686117885,False
2025,B,1115,1780425300.0,False,-1,,7,False,0.0,29.0,0.0,-1.0164653254356821,False,0.4011628309781254,False,-1.0164653254356821,False,0.17016055445988643,False,0.13405723571777342,False,-1.0164653254356821,False
2025,B,1116,1780425360.0,False,-1,,7,False,0.0,32.0,0.0,-1.6320790282153723,False,0.4025368601856092,False,-1.6320790282153723,False,0.16463194446710577,False,0.16439197063446045,False,-1.6320790282153723,False
2025,B,1117,1780425420.0,False,-1,,7,False,0.0,25.0,0.0,-2.024036168314753,False,0.3695129353432859,False,-2.024036168314753,False,0.17915458308696264,False,0.16470060348510743,False,-2.024036168314753,False
2025,B,1118,1780425480.0,False,-1,,7,False,0.0,25.0,0.0,-1.9450941674459576,False,0.3796863760378294,False,-1.9450941674459576,False,0.17915458308696264,False,0.18238668441772454,False,-1.9450941674459576,False
2025,B,1119,1780425540.0,False,-1,,7,False,0.0,23.0,0.0,-1.8332700934097446,False,0.37153645133727276,False,-1.8332700934097446,False,0.18458523060596266,False,0.1500957012176514,False,-1.8332700934097446,False
2025,B,1120,1780425600.0,True,91,dependency_timeout,7,False,0.0,24.0,0.0,5.446895898547663,True,0.45010246632471185,False,5.446895898547663,True,1.0,True,3000000000.0,True,5.446895898547663,True
2025,B,1121,1780425660.0,True,91,dependency_timeout,7,False,2.0,32.0,0.0,5.446895898547663,True,0.6686220872035848,False,5.446895898547663,True,1.0,True,13000000000.0,True,5.446895898547663,True
2025,B,1122,1780425720.0,True,91,dependency_timeout,7,False,2.0,23.0,0.0,5.446895898547663,True,0.6629174578752791,False,5.446895898547663,True,1.0,True,5000000000.0,True,5.446895898547663,True
2025,B,1123,1780425780.0,False,-1,,7,False,0.0,23.0,0.0,-1.070773824050617,False,0.3844399758385292,False,-1.070773824050617,False,0.18458523060596266,False,0.14600186347961427,False,-1.070773824050617,False
2025,B,1124,1780425840.0,False,-1,,7,False,0.0,24.0,0.0,-2.100539787734297,False,0.36692345135610827,False,-2.100539787734297,False,0.1817776918582098,False,0.16492927074432373,False,-2.100539787734297,False
2025,B,1125,1780425900.0,False,-1,,7,False,0.0,31.0,0.0,-1.5331294691229918,False,0.4111712456903829,False,-1.5331294691229918,False,0.16637901652440515,False,0.18654465675354,False,-1.5331294691229918,False
2025,B,1126,1780425960.0,False,-1,,7,False,0.0,27.0,0.0,-1.083192217497321,False,0.3958304675888407,False,-1.083192217497321,False,0.1743877084429739,False,0.14370851516723632,False,-1.083192217497321,False
2025,B,1127,1780426020.0,False,-1,,7,False,0.0,31.0,0.0,-0.9269119034393709,False,0.4373535688198279,False,-0.9269119034393709,False,0.16637901652440515,False,0.22410130500793454,False,-0.9269119034393709,False
2025,B,1128,1780426080.0,False,-1,,7,False,0.0,26.0,0.0,-0.8236313672552598,False,0.40613992910510716,False,-0.8236313672552598,False,0.17669675651560246,False,0.14114737510681152,False,-0.8236313672552598,False
2025,B,1129,1780426140.0,False,-1,,7,False,0.0,31.0,0.0,-1.4380320945899916,False,0.4187826325969555,False,-1.4380320945899916,False,0.16637901652440515,False,0.19592571258544922,False,-1.4380320945899916,False
2025,B,1130,1780426200.0,True,92,config_error,7,False,0.0,29.0,0.0,4.928411735941722,True,0.4192895536472927,False,4.928411735941722,True,1.0,True,25000000000.0,True,4.928411735941722,True
2025,B,1131,1780426260.0,True,92,config_error,7,False,0.0,27.0,0.0,4.533902612189939,True,0.4094140371787219,False,4.533902612189939,True,1.0,True,19000000000.0,True,4.533902612189939,True
2025,B,1132,1780426320.0,True,92,config_error,7,False,0.0,28.0,0.0,4.8231243565677575,True,0.3943463726557686,False,4.8231243565677575,True,1.0,True,23000000000.0,True,4.8231243565677575,True
2025,B,1133,1780426380.0,True,92,config_error,7,False,0.0,26.0,0.0,2.95018960142843,True,0.38930967681402356,False,2.95018960142843,True,1.0,True,7999999999.999999,True,2.95018960142843,True
2025,B,1134,1780426440.0,False,-1,,7,False,0.0,21.0,0.0,-1.609359604842246,False,0.37387429657277654,False,-1.609359604842246,False,0.1908469445255076,False,0.15104389190673828,False,-1.609359604842246,False
2025,B,1135,1780426500.0,False,-1,,7,False,0.0,23.0,0.0,-1.5939812755857057,False,0.3811875477323041,False,-1.5939812755857057,False,0.18458523060596266,False,0.14956579208374027,False,-1.5939812755857057,False
2025,B,1136,1780426560.0,False,-1,,7,False,0.0,20.0,0.0,-1.608068343289938,False,0.3779651779168614,False,-1.608068343289938,False,0.19435852292864553,False,0.1398426294326782,False,-1.608068343289938,False
2025,B,1137,1780426620.0,False,-1,,7,False,0.0,38.0,0.0,-1.1334114015985373,False,0.4565181274884557,False,-1.1334114015985373,False,0.15573133150025478,False,0.15614671707153321,False,-1.1334114015985373,False
2025,B,1138,1780426680.0,False,-1,,7,False,0.0,36.0,0.0,-1.603602388758227,False,0.4353282240250744,False,-1.603602388758227,False,0.15843418223445005,False,0.1692345142364502,False,-1.603602388758227,False
2025,B,1139,1780426740.0,False,-1,,7,False,0.0,26.0,0.0,-1.7392237477630488,False,0.37291735059819514,False,-1.7392237477630488,False,0.17669675651560246,False,0.16266822814941406,False,-1.7392237477630488,False
2025,B,1140,1780426800.0,True,93,resource_exhaustion,7,False,0.0,34.0,0.0,5.446895898547663,True,0.4724089392408632,False,5.446895898547663,True,0.16138735499274742,False,0.17175891399383553,False,5.446895898547663,True
2025,B,1141,1780426860.0,True,93,resource_exhaustion,7,False,4.0,30.0,0.0,5.446895898547663,True,0.684648562059731,False,5.446895898547663,True,1.0,True,3000000000.0,True,5.446895898547663,True
2025,B,1142,1780426920.0,True,93,resource_exhaustion,7,False,3.0,25.0,0.0,5.446895898547663,True,0.6917814492866656,False,5.446895898547663,True,1.0,True,3000000000.0,True,5.446895898547663,True
2025,B,1143,1780426980.0,True,93,resource_exhaustion,7,False,1.0,27.0,0.0,5.446895898547663,True,0.6665394039708464,False,5.446895898547663,True,1.0,True,1999999999.9999998,True,5.446895898547663,True
2025,B,1144,1780427040.0,True,93,resource_exhaustion,7,False,3.0,41.0,0.0,5.446895898547663,True,0.6893897253778957,False,5.446895898547663,True,1.0,True,3000000000.0,True,5.446895898547663,True
2025,B,1145,1780427100.0,False,-1,,7,False,0.0,25.0,0.0,-1.8264189319066668,False,0.3726394376302405,False,-1.8264189319066668,False,0.17915458308696264,False,0.15940666198730463,False,-1.8264189319066668,False
2025,B,1146,1780427160.0,False,-1,,7,False,0.0,21.0,0.0,-1.428942109456651,False,0.39385922776000304,False,-1.428942109456651,False,0.1908469445255076,False,0.1591472625732422,False,-1.428942109456651,False
2025,B,1147,1780427220.0,False,-1,,7,False,1.0,23.0,0.0,-0.672434193671994,False,0.5767337262007922,False,-0.672434193671994,False,0.00023295063144767613,False,0.17600774765014648,False,-0.672434193671994,False
2025,B,1148,1780427280.0,False,-1,,7,False,0.0,23.0,0.0,-2.0546226646528707,False,0.3673819143849591,False,-2.0546226646528707,False,0.18458523060596266,False,0.1665421962738037,False,-2.0546226646528707,False
2025,B,1149,1780427340.0,False,-1,,7,False,0.0,24.0,0.0,-1.3224981304731376,False,0.37852806100833447,False,-1.3224981304731376,False,0.1817776918582098,False,0.15128147602081296,False,-1.3224981304731376,False
2025,B,1150,1780427400.0,False,-1,,7,False,0.0,30.0,0.0,-1.0703690593803339,False,0.41217067470225266,False,-1.0703690593803339,False,0.16821905407945875,False,0.16215875148773193,False,-1.0703690593803339,False
2025,B,1151,1780427460.0,False,-1,,7,False,0.0,21.0,0.0,-1.5519619142126064,False,0.3850333664429835,False,-1.5519619142126064,False,0.1908469445255076,False,0.16717147827148438,False,-1.5519619142126064,False
2025,B,1152,1780427520.0,False,-1,,7,False,0.0,30.0,0.0,-1.883995634003365,False,0.3882897032843176,False,-1.883995634003365,False,0.16821905407945875,False,0.17319695949554442,False,-1.883995634003365,False
2025,B,1153,1780427580.0,True,94,permission_denied,7,False,0.0,23.0,0.0,3.1508831946418216,True,0.37688461900088527,False,3.1508831946418216,True,1.0,True,10000000000.0,True,3.1508831946418216,True
2025,B,1154,1780427640.0,True,94,permission_denied,7,False,0.0,31.0,0.0,3.5271111932660886,True,0.42459121715268944,False,3.5271111932660886,True,1.0,True,10000000000.0,True,3.5271111932660886,True
2025,B,1155,1780427700.0,True,94,permission_denied,7,False,0.0,31.0,0.0,3.8507621147600144,True,0.39688039281359555,False,3.8507621147600144,True,1.0,True,14000000000.0,True,3.8507621147600144,True
2025,B,1156,1780427760.0,True,94,permission_denied,7,False,0.0,24.0,0.0,3.711852315964913,True,0.4362980991893506,False,3.711852315964913,True,1.0,True,11000000000.0,True,3.711852315964913,True
2025,B,1157,1780427820.0,True,94,permission_denied,7,False,0.0,25.0,0.0,-1.4744402654968578,False,0.3852852210892063,False,-1.4744402654968578,False,0.17915458308696264,False,0.14627323150634763,False,-1.4744402654968578,False
2025,B,1158,1780427880.0,False,-1,,7,False,0.0,31.0,0.0,-1.2740757600859887,False,0.40599752510829806,False,-1.2740757600859887,False,0.16637901652440515,False,0.16034793853759763,False,-1.2740757600859887,False
2025,B,1159,1780427940.0,False,-1,,7,False,0.0,25.0,0.0,-1.6675360935506305,False,0.38800926715107803,False,-1.6675360935506305,False,0.17915458308696264,False,0.17087869644165035,False,-1.6675360935506305,False
2025,B,1160,1780428000.0,False,-1,,7,False,0.0,23.0,0.0,-0.24385579458548978,False,0.4349351233203976,False,-0.24385579458548978,False,0.18458523060596266,False,0.12324256896972656,False,-0.24385579458548978,False
2025,B,1161,1780428060.0,False,-1,,7,False,0.0,29.0,0.0,-1.4903028699160616,False,0.39571418855719853,False,-1.4903028699160616,False,0.17016055445988643,False,0.17843866348266602,False,-1.4903028699160616,False
2025,B,1162,1780428120.0,False,-1,,7,False,0.0,17.0,0.0,-1.6697926739491882,False,0.39400817620071144,False,-1.6697926739491882,False,0.2068901422906054,False,0.1430389404296875,False,-1.6697926739491882,False
2025,B,1163,1780428180.0,False,-1,,7,False,0.0,28.0,0.0,-1.7486636769799597,False,0.37761261814521613,False,-1.7486636769799597,False,0.17221313128709248,False,0.16344316005706788,False,-1.7486636769799597,False
2025,B,1164,1780428240.0,False,-1,,7,False,0.0,22.0,0.0,-1.1860520468978226,False,0.37921067840964306,False,-1.1860520468978226,False,0.18759955492409922,False,0.13611488342285155,False,-1.1860520468978226,False
2025,B,1165,1780428300.0,False,-1,,7,False,0.0,24.0,0.0,-1.2945397701519967,False,0.37374175491792233,False,-1.2945397701519967,False,0.1817776918582098,False,0.1393731355667114,False,-1.2945397701519967,False
2025,B,1166,1780428360.0,True,95,resource_exhaustion,7,False,3.0,17.0,0.0,5.446895898547663,True,0.6982563621819816,False,5.446895898547663,True,1.0,True,3000000000.0,True,5.446895898547663,True
2025,B,1167,1780428420.0,True,95,resource_exhaustion,7,False,6.0,26.0,0.0,5.446895898547663,True,0.6935505716204531,False,5.446895898547663,True,1.0,True,5000000000.0,True,5.446895898547663,True
2025,B,1168,1780428480.0,True,95,resource_exhaustion,7,False,3.0,31.0,0.0,5.446895898547663,True,0.6811335466033598,False,5.446895898547663,True,1.0,True,3000000000.0,True,5.446895898547663,True
2025,B,1169,1780428540.0,False,-1,,8,False,0.0,26.0,0.0,-1.3646611550800376,False,0.3917884632136255,False,-1.3646611550800376,False,0.17669675651560246,False,0.18147706985473633,False,-1.3646611550800376,False
2025,B,1170,1780428600.0,False,-1,,8,False,0.0,33.0,0.0,-1.4055975473883526,False,0.41463528946661754,False,-1.4055975473883526,False,0.16297029669269902,False,0.15991535186767578,False,-1.4055975473883526,False
2025,B,1171,1780428660.0,False,-1,,8,False,0.0,17.0,0.0,-1.9367943794959794,False,0.38152533195477056,False,-1.9367943794959794,False,0.2068901422906054,False,0.1531985282897949,False,-1.9367943794959794,False
2025,B,1172,1780428720.0,False,-1,,8,False,0.0,26.0,0.0,-1.2984893213178887,False,0.38028506440653587,False,-1.2984893213178887,False,0.17669675651560246,False,0.14780521392822263,False,-1.2984893213178887,False
2025,B,1173,1780428780.0,False,-1,,8,False,0.0,26.0,0.0,-0.9794611735303249,False,0.41294929551611936,False,-0.9794611735303249,False,0.17669675651560246,False,0.20546257495880127,False,-0.9794611735303249,False
2025,B,1174,1780428840.0,False,-1,,8,False,0.0,27.0,0.0,-1.8136459756591385,False,0.3773323955944678,False,-1.8136459756591385,False,0.1743877084429739,False,0.15894851684570313,False,-1.8136459756591385,False
2025,B,1175,1780428900.0,False,-1,,8,False,0.0,32.0,0.0,-1.7114674842951523,False,0.40389995359715225,False,-1.7114674842951523,False,0.16463194446710577,False,0.1836593866348267,False,-1.7114674842951523,False
2025,B,1176,1780428960.0,False,-1,,8,False,0.0,31.0,0.0,-1.5471664591655268,False,0.39726738777062864,False,-1.5471664591655268,False,0.16637901652440515,False,0.1555030345916748,False,-1.5471664591655268,False
2025,B,1177,1780429020.0,False,-1,,8,False,0.0,25.0,0.0,-1.534153381994292,False,0.38580324240566527,False,-1.534153381994292,False,0.17915458308696264,False,0.17359914779663083,False,-1.534153381994292,False
2025,B,1178,1780429080.0,False,-1,,8,False,0.0,25.0,0.0,-1.2650000943277204,False,0.4082717794658652,False,-1.2650000943277204,False,0.17915458308696264,False,0.19681997299194337,False,-1.2650000943277204,False
2025,B,1179,1780429140.0,True,96,dependency_timeout,8,False,0.0,17.0,0.0,-1.129451602506255,False,0.39380638666312556,False,-1.129451602506255,False,0.2068901422906054,False,0.1287973403930664,False,-1.129451602506255,False
2025,B,1180,1780429200.0,True,96,dependency_timeout,8,False,4.0,29.0,0.0,5.446895898547663,True,0.6729702196971518,False,5.446895898547663,True,1.0,True,13000000000.0,True,5.446895898547663,True
2025,B,1181,1780429260.0,True,96,dependency_timeout,8,False,2.0,21.0,0.0,5.446895898547663,True,0.6685569879627001,False,5.446895898547663,True,1.0,True,11000000000.0,True,5.446895898547663,True
2025,B,1182,1780429320.0,True,96,dependency_timeout,8,False,3.0,23.0,0.0,5.446895898547663,True,0.6536483833871872,False,5.446895898547663,True,1.0,True,3000000000.0,True,5.446895898547663,True
2025,B,1183,1780429380.0,False,-1,,8,False,0.0,34.0,0.0,-0.9227794481678879,False,0.42461368107034164,False,-0.9227794481678879,False,0.16138735499274742,False,0.14721069335937503,False,-0.9227794481678879,False
2025,B,1184,1780429440.0,False,-1,,8,False,0.0,24.0,0.0,-1.9535162786330673,False,0.36938408901571934,False,-1.9535162786330673,False,0.1817776918582098,False,0.16911864280700684,False,-1.9535162786330673,False
2025,B,1185,1780429500.0,False,-1,,8,False,0.0,24.0,0.0,-1.6748352821808714,False,0.38120615823873183,False,-1.6748352821808714,False,0.1817776918582098,False,0.18367693424224854,False,-1.6748352821808714,False
2025,B,1186,1780429560.0,False,-1,,8,False,0.0,18.0,0.0,-1.7624885345742705,False,0.38849349123544213,False,-1.7624885345742705,False,0.20233050107121442,False,0.16025667190551754,False,-1.7624885345742705,False
2025,B,1187,1780429620.0,False,-1,,8,False,0.0,24.0,0.0,-0.9116779647371684,False,0.3848471101107535,False,-0.9116779647371684,False,0.1817776918582098,False,0.13933172225952148,False,-0.9116779647371684,False
2025,B,1188,1780429680.0,True,97,resource_exhaustion,8,False,2.0,25.0,0.0,5.446895898547663,True,0.689647619133196,False,5.446895898547663,True,1.0,True,3000000000.0,True,5.446895898547663,True
2025,B,1189,1780429740.0,True,97,resource_exhaustion,8,False,5.0,34.0,0.0,5.446895898547663,True,0.6909879292965314,False,5.446895898547663,True,1.0,True,5000000000.0,True,5.446895898547663,True
2025,B,1190,1780429800.0,True,97,resource_exhaustion,8,False,3.0,23.0,0.0,5.446895898547663,True,0.6912967528178909,False,5.446895898547663,True,1.0,True,3000000000.0,True,5.446895898547663,True
2025,B,1191,1780429860.0,False,-1,,8,False,0.0,26.0,0.0,-1.4612436126422406,False,0.3775333122193217,False,-1.4612436126422406,False,0.17669675651560246,False,0.1424098014831543,False,-1.4612436126422406,False
2025,B,1192,1780429920.0,False,-1,,8,False,0.0,21.0,0.0,-1.9662508164630568,False,0.3707900442510312,False,-1.9662508164630568,False,0.1908469445255076,False,0.1530270576477051,False,-1.9662508164630568,False
2025,B,1193,1780429980.0,False,-1,,8,True,1.0,200.0,0.0,1.5375379422169768,True,0.7416131506930098,True,1.5375379422169768,True,0.0018825525190432066,False,0.21495516300201412,False,1.5375379422169768,False
2025,B,1194,1780430040.0,False,-1,,8,True,0.0,240.0,0.0,0.30654828514150356,False,0.7001393868546334,False,0.30654828514150356,False,0.09817256905120489,False,0.16653170585632318,False,0.30654828514150356,False
2025,B,1195,1780430100.0,False,-1,,8,True,0.0,68.0,0.0,-0.3130625524003081,False,0.5925340134769501,False,-0.3130625524003081,False,0.13136676171848385,False,0.16652460098266597,False,-0.3130625524003081,False
2025,B,1196,1780430160.0,False,-1,,8,False,0.0,21.0,0.0,-1.852074522136851,False,0.3856187849079473,False,-1.852074522136851,False,0.1908469445255076,False,0.17602777481079102,False,-1.852074522136851,False
2025,B,1197,1780430220.0,True,98,permission_denied,8,False,0.0,31.0,0.0,2.7496701864162962,True,0.42465833323355673,False,2.7496701864162962,True,1.0,True,7000000000.0,True,2.7496701864162962,True
2025,B,1198,1780430280.0,True,98,permission_denied,8,False,0.0,17.0,0.0,2.8423426647146464,True,0.4116953274076183,False,2.8423426647146464,True,1.0,True,7000000000.0,True,2.8423426647146464,True
2025,B,1199,1780430340.0,True,98,permission_denied,8,False,0.0,22.0,0.0,2.345943664402748,True,0.3807299640060869,False,2.345943664402748,True,1.0,True,7000000000.0,True,2.345943664402748,True
2025,B,1200,1780430400.0,True,98,permission_denied,8,False,0.0,23.0,0.0,1.1682480756437519,True,0.4430113183284873,False,1.1682480756437519,True,1.0,True,1999999999.9999998,True,1.1682480756437519,True
2025,B,1201,1780430460.0,False,-1,,8,False,0.0,31.0,0.0,-1.7149450551005945,False,0.401275917179533,False,-1.7149450551005945,False,0.16637901652440515,False,0.18189644813537598,False,-1.7149450551005945,False
2025,B,1202,1780430520.0,False,-1,,8,False,0.0,18.0,0.0,-1.8827226659905394,False,0.38677839225000327,False,-1.8827226659905394,False,0.20233050107121442,False,0.1629730701446533,False,-1.8827226659905394,False
2025,B,1203,1780430580.0,False,-1,,8,False,0.0,22.0,0.0,-1.4143234578605384,False,0.3837271847366371,False,-1.4143234578605384,False,0.18759955492409922,False,0.16567840576171872,False,-1.4143234578605384,False
2025,B,1204,1780430640.0,False,-1,,8,False,0.0,23.0,0.0,-1.14906335821345,False,0.41634311595037704,False,-1.14906335821345,False,0.18458523060596266,False,0.21052694320678714,False,-1.14906335821345,False
2025,B,1205,1780430700.0,False,-1,,8,False,0.0,13.0,0.0,-0.5917230922623791,False,0.42073910611835463,False,-0.5917230922623791,False,0.2307562658387595,False,0.11777944564819336,False,-0.5917230922623791,False
2025,B,1206,1780430760.0,False,-1,,8,False,0.0,17.0,0.0,-1.5234606495500174,False,0.3991656478115211,False,-1.5234606495500174,False,0.2068901422906054,False,0.15909414291381835,False,-1.5234606495500174,False
2025,B,1207,1780430820.0,False,-1,,8,False,0.0,23.0,0.0,-2.0865272463470648,False,0.3674839882608933,False,-2.0865272463470648,False,0.18458523060596266,False,0.16118011474609378,False,-2.0865272463470648,False
2025,B,1208,1780430880.0,False,-1,,8,False,0.0,24.0,0.0,-1.4359402406405595,False,0.39980250261462197,False,-1.4359402406405595,False,0.1817776918582098,False,0.184721565246582,False,-1.4359402406405595,False
2025,B,1209,1780430940.0,False,-1,,8,False,0.0,30.0,0.0,-1.0225545949952126,False,0.40041248549647457,False,-1.0225545949952126,False,0.16821905407945875,False,0.15444419384002686,False,-1.0225545949952126,False
2025,B,1210,1780431000.0,False,-1,,8,False,0.0,36.0,0.0,-1.43687255738896,False,0.4505476940910884,False,-1.43687255738896,False,0.15843418223445005,False,0.19617998600006095,False,-1.43687255738896,False
2025,B,1211,1780431060.0,False,-1,,8,False,0.0,19.0,0.0,-1.3951125605211585,False,0.38537487004314425,False,-1.3951125605211585,False,0.19817145176349388,False,0.14033913612365723,False,-1.3951125605211585,False
2025,B,1212,1780431120.0,True,99,resource_exhaustion,8,False,2.0,29.0,0.0,5.446895898547663,True,0.6816295314021298,False,5.446895898547663,True,1.0,True,1999999999.9999998,True,5.446895898547663,True
2025,B,1213,1780431180.0,True,99,resource_exhaustion,8,False,2.0,30.0,0.0,5.446895898547663,True,0.674802053481415,False,5.446895898547663,True,1.0,True,3000000000.0,True,5.446895898547663,True
2025,B,1214,1780431240.0,True,99,resource_exhaustion,8,False,7.0,29.0,0.0,5.446895898547663,True,0.6940874922576374,False,5.446895898547663,True,1.0,True,6000000000.0,True,5.446895898547663,True
2025,B,1215,1780431300.0,False,-1,,8,False,0.0,25.0,0.0,-0.9869790497841855,False,0.4166334161265622,False,-0.9869790497841855,False,0.17915458308696264,False,0.19286985397338863,False,-0.9869790497841855,False
2025,B,1216,1780431360.0,False,-1,,8,False,0.0,23.0,0.0,-0.7599956624402946,False,0.3960764276746311,False,-0.7599956624402946,False,0.18458523060596266,False,0.1501331329345703,False,-0.7599956624402946,False
2025,B,1217,1780431420.0,False,-1,,8,False,0.0,29.0,0.0,-1.456594975603407,False,0.3877186554226702,False,-1.456594975603407,False,0.17016055445988643,False,0.1443057060241699,False,-1.456594975603407,False
2025,B,1218,1780431480.0,False,-1,,8,False,0.0,23.0,0.0,-1.588817129935637,False,0.37182644652863,False,-1.588817129935637,False,0.18458523060596266,False,0.15870180130004882,False,-1.588817129935637,False
2025,B,1219,1780431540.0,False,-1,,8,False,0.0,32.0,0.0,-1.5472074090317554,False,0.39921203044205533,False,-1.5472074090317554,False,0.16463194446710577,False,0.15169506072998049,False,-1.5472074090317554,False
2025,B,1220,1780431600.0,False,-1,,8,False,1.0,29.0,0.0,-0.3740387575588793,False,0.5841950468494983,False,-0.3740387575588793,False,0.000330678049431236,False,0.1889045715332031,False,-0.3740387575588793,False
2025,B,1221,1780431660.0,False,-1,,8,False,0.0,12.0,0.0,-1.4418113735281688,False,0.4088917467907211,False,-1.4418113735281688,False,0.23874979971626184,False,0.14550631046295165,False,-1.4418113735281688,False
2025,B,1222,1780431720.0,False,-1,,8,False,0.0,21.0,0.0,-1.8815255509420536,False,0.3713956443441624,False,-1.8815255509420536,False,0.1908469445255076,False,0.1505441665649414,False,-1.8815255509420536,False
2025,B,1223,1780431780.0,True,100,permission_denied,8,False,0.0,17.0,0.0,-0.9691808344304675,False,0.3836218714985993,False,-0.9691808344304675,False,1.0,True,999999999.9999999,True,-0.9691808344304675,True
2025,B,1224,1780431840.0,True,100,permission_denied,8,False,0.0,21.0,0.0,3.0877033508435816,True,0.39198470481378916,False,3.0877033508435816,True,1.0,True,9000000000.0,True,3.0877033508435816,True
2025,B,1225,1780431900.0,True,100,permission_denied,8,False,0.0,19.0,0.0,3.6028399322200935,True,0.40130405737856484,False,3.6028399322200935,True,1.0,True,10000000000.0,True,3.6028399322200935,True
2025,B,1226,1780431960.0,True,100,permission_denied,8,False,0.0,18.0,0.0,0.5681002775136959,False,0.3877642739022412,False,0.5681002775136959,False,1.0,True,3000000000.0,True,0.5681002775136959,True
2025,B,1227,1780432020.0,False,-1,,8,False,1.0,23.0,0.0,-0.7931691823598399,False,0.5761041270293807,False,-0.7931691823598399,False,0.00023295063144767613,False,0.16922945976257328,False,-0.7931691823598399,False
2025,B,1228,1780432080.0,False,-1,,8,False,0.0,17.0,0.0,-1.1848636139181945,False,0.4115518507858908,False,-1.1848636139181945,False,0.2068901422906054,False,0.13193864822387696,False,-1.1848636139181945,False
2025,B,1229,1780432140.0,False,-1,,8,False,0.0,32.0,0.0,-0.841578414371301,False,0.4155657420467338,False,-0.841578414371301,False,0.16463194446710577,False,0.13294708728790283,False,-0.841578414371301,False
2025,B,1230,1780432200.0,False,-1,,8,False,0.0,19.0,0.0,-1.0488187203681942,False,0.40368768237307384,False,-1.0488187203681942,False,0.19817145176349388,False,0.13416681289672852,False,-1.0488187203681942,False
2025,B,1231,1780432260.0,False,-1,,8,False,0.0,24.0,0.0,-1.6089470702382762,False,0.39718211454060304,False,-1.6089470702382762,False,0.1817776918582098,False,0.203272533416748,False,-1.6089470702382762,False
2025,B,1232,1780432320.0,False,-1,,8,False,0.0,30.0,0.0,-1.470387673542958,False,0.40231058875940323,False,-1.470387673542958,False,0.16821905407945875,False,0.18236536979675297,False,-1.470387673542958,False
2025,B,1233,1780432380.0,False,-1,,8,False,0.0,17.0,0.0,-1.8082935926852466,False,0.3792795723188721,False,-1.8082935926852466,False,0.2068901422906054,False,0.1469822883605957,False,-1.8082935926852466,False
2025,B,1234,1780432440.0,True,101,config_error,8,False,0.0,11.0,0.0,1.692351404466781,True,0.4129597217988051,False,1.692351404466781,True,1.0,True,3999999999.9999995,True,1.692351404466781,True
2025,B,1235,1780432500.0,True,101,config_error,8,False,0.0,19.0,0.0,4.721656778852169,True,0.43536755670730876,False,4.721656778852169,True,1.0,True,16999999999.999998,True,4.721656778852169,True
2025,B,1236,1780432560.0,True,101,config_error,8,False,0.0,25.0,0.0,5.152892248527809,True,0.41908170702604247,False,5.152892248527809,True,1.0,True,24000000000.0,True,5.152892248527809,True
2025,B,1237,1780432620.0,True,101,config_error,8,False,0.0,22.0,0.0,3.6525045383199872,True,0.38694029376753275,False,3.6525045383199872,True,1.0,True,12000000000.0,True,3.6525045383199872,True
2025,B,1238,1780432680.0,False,-1,,8,False,0.0,24.0,0.0,-1.954234405552734,False,0.37945238273774085,False,-1.954234405552734,False,0.1817776918582098,False,0.187339973449707,False,-1.954234405552734,False
2025,B,1239,1780432740.0,False,-1,,8,False,0.0,23.0,0.0,-1.449813833628955,False,0.3760018282806703,False,-1.449813833628955,False,0.18458523060596266,False,0.14741053581237795,False,-1.449813833628955,False
2025,B,1240,1780432800.0,False,-1,,8,False,0.0,25.0,0.0,-1.557340829271296,False,0.38108592766801824,False,-1.557340829271296,False,0.17915458308696264,False,0.1686941146850586,False,-1.557340829271296,False
2025,B,1241,1780432860.0,False,-1,,8,False,0.0,24.0,0.0,-1.3925553945317457,False,0.38909570569919205,False,-1.3925553945317457,False,0.1817776918582098,False,0.16716356277465821,False,-1.3925553945317457,False
2025,B,1242,1780432920.0,False,-1,,8,False,0.0,19.0,0.0,-1.8282840511020364,False,0.3915998070517585,False,-1.8282840511020364,False,0.19817145176349388,False,0.1563237190246582,False,-1.8282840511020364,False
2025,B,1243,1780432980.0,False,-1,,8,False,0.0,29.0,0.0,-1.8862912014350677,False,0.3791940738372128,False,-1.8862912014350677,False,0.17016055445988643,False,0.15947303771972654,False,-1.8862912014350677,False
2025,B,1244,1780433040.0,False,-1,,8,False,0.0,25.0,0.0,-1.9898559493397645,False,0.37410060260563405,False,-1.9898559493397645,False,0.17915458308696264,False,0.16942205429077137,False,-1.9898559493397645,False
2025,B,1245,1780433100.0,True,102,permission_denied,8,False,0.0,20.0,0.0,-0.8009138903378537,False,0.393302882660247,False,-0.8009138903378537,False,1.0,True,999999999.9999999,True,-0.8009138903378537,True
2025,B,1246,1780433160.0,True,102,permission_denied,8,False,0.0,24.0,0.0,3.4970181890250194,True,0.38206237935862025,False,3.4970181890250194,True,1.0,True,11000000000.0,True,3.4970181890250194,True
2025,B,1247,1780433220.0,True,102,permission_denied,8,False,0.0,20.0,0.0,3.3780961221137433,True,0.43503647675262785,False,3.3780961221137433,True,1.0,True,9000000000.0,True,3.3780961221137433,True
2025,B,1248,1780433280.0,True,102,permission_denied,8,False,0.0,23.0,0.0,3.356430948427624,True,0.40999828437277835,False,3.356430948427624,True,1.0,True,10000000000.0,True,3.356430948427624,True
2025,B,1249,1780433340.0,False,-1,,8,False,0.0,27.0,0.0,-1.004471725937802,False,0.39486357230918473,False,-1.004471725937802,False,0.1743877084429739,False,0.1393104076385498,False,-1.004471725937802,False
2025,B,1250,1780433400.0,False,-1,,8,False,0.0,23.0,0.0,-1.8302857972375168,False,0.36729444158996827,False,-1.8302857972375168,False,0.18458523060596266,False,0.14805059432983397,False,-1.8302857972375168,False
2025,B,1251,1780433460.0,False,-1,,8,False,0.0,20.0,0.0,-1.6628287360741405,False,0.4021035722660275,False,-1.6628287360741405,False,0.19435852292864553,False,0.19362483024597166,False,-1.6628287360741405,False
2025,B,1252,1780433520.0,False,-1,,8,False,0.0,26.0,0.0,-1.4144346291644094,False,0.4073123195340086,False,-1.4144346291644094,False,0.17669675651560246,False,0.21097302436828613,False,-1.4144346291644094,False
2025,B,1253,1780433580.0,False,-1,,8,False,0.0,29.0,0.0,-1.2876772818418276,False,0.40987512073971183,False,-1.2876772818418276,False,0.17016055445988643,False,0.19231967926025387,False,-1.2876772818418276,False
2025,B,1254,1780433640.0,False,-1,,8,False,0.0,23.0,0.0,-1.8100370077179964,False,0.3861339777377585,False,-1.8100370077179964,False,0.18458523060596266,False,0.19392533302307133,False,-1.8100370077179964,False
2025,B,1255,1780433700.0,False,-1,,8,False,0.0,11.0,0.0,-1.8644625136823363,False,0.4032583057526533,False,-1.8644625136823363,False,0.24794537445720646,False,0.17527318000793457,False,-1.8644625136823363,False
2025,B,1256,1780433760.0,False,-1,,8,False,0.0,25.0,0.0,-1.9098839535486363,False,0.37306923769043293,False,-1.9098839535486363,False,0.17915458308696264,False,0.17004737854003904,False,-1.9098839535486363,False
2025,B,1257,1780433820.0,False,-1,,8,False,0.0,22.0,0.0,-1.9632897856772455,False,0.3711531237828405,False,-1.9632897856772455,False,0.18759955492409922,False,0.15554420948028563,False,-1.9632897856772455,False
2025,B,1258,1780433880.0,False,-1,,8,False,0.0,26.0,0.0,-0.17844868520759682,False,0.4381036546514141,False,-0.17844868520759682,False,0.17669675651560246,False,0.16447007656097412,False,-0.17844868520759682,False
2025,B,1259,1780433940.0,False,-1,,8,False,0.0,23.0,0.0,-2.051878148620246,False,0.3733317689313704,False,-2.051878148620246,False,0.18458523060596266,False,0.17181200981140138,False,-2.051878148620246,False
2025,B,1260,1780434000.0,True,103,config_error,8,False,0.0,25.0,0.0,4.144654293754744,True,0.3853972059683349,False,4.144654293754744,True,1.0,True,15999999999.999998,True,4.144654293754744,True
2025,B,1261,1780434060.0,True,103,config_error,8,False,0.0,25.0,0.0,5.295197946389041,True,0.41286407318882273,False,5.295197946389041,True,1.0,True,25000000000.0,True,5.295197946389041,True
2025,B,1262,1780434120.0,True,103,config_error,8,False,0.0,17.0,0.0,4.829623186610982,True,0.44597058419539043,False,4.829623186610982,True,1.0,True,15999999999.999998,True,4.829623186610982,True
2025,B,1263,1780434180.0,True,103,config_error,8,False,0.0,26.0,0.0,1.5794069936864896,True,0.37850635190410276,False,1.5794069936864896,True,1.0,True,5000000000.0,True,1.5794069936864896,True
2025,B,1264,1780434240.0,False,-1,,8,False,0.0,23.0,0.0,-1.423601779647253,False,0.3833920513473377,False,-1.423601779647253,False,0.18458523060596266,False,0.1467772960662842,False,-1.423601779647253,False
2025,B,1265,1780434300.0,False,-1,,8,False,0.0,15.0,0.0,-1.942654473576309,False,0.3838586036218844,False,-1.942654473576309,False,0.21749564832786078,False,0.1557984352111816,False,-1.942654473576309,False
2025,B,1266,1780434360.0,False,-1,,8,False,0.0,22.0,0.0,-1.2645946420053882,False,0.37818287853980503,False,-1.2645946420053882,False,0.18759955492409922,False,0.1486541748046875,False,-1.2645946420053882,False
2025,B,1267,1780434420.0,False,-1,,8,False,0.0,21.0,0.0,-1.6166763784136267,False,0.3811623841980204,False,-1.6166763784136267,False,0.1908469445255076,False,0.1582164764404297,False,-1.6166763784136267,False
2025,B,1268,1780434480.0,False,-1,,8,False,0.0,21.0,0.0,-1.828916146421597,False,0.38104550400653703,False,-1.828916146421597,False,0.1908469445255076,False,0.15468835830688477,False,-1.828916146421597,False
2025,B,1269,1780434540.0,False,-1,,8,False,0.0,22.0,0.0,-1.048413778252037,False,0.4204007665893189,False,-1.048413778252037,False,0.18759955492409922,False,0.21174900531768795,False,-1.048413778252037,False
2025,B,1270,1780434600.0,False,-1,,8,False,0.0,23.0,0.0,-1.429002204807298,False,0.3774105113962485,False,-1.429002204807298,False,0.18458523060596266,False,0.15755200386047366,False,-1.429002204807298,False
2025,B,1271,1780434660.0,False,-1,,8,False,1.0,19.0,0.0,1.0083340611795855,True,0.6129123961796459,False,1.0083340611795855,True,0.00016796118207652985,False,0.13931941986083987,False,1.0083340611795855,False
2025,B,1272,1780434720.0,True,104,config_error,8,False,0.0,16.0,0.0,4.3155188444243056,True,0.4491322619114459,False,4.3155188444243056,True,1.0,True,13000000000.0,True,4.3155188444243056,True
2025,B,1273,1780434780.0,True,104,config_error,8,False,0.0,27.0,0.0,5.000750663618929,True,0.42072648790492034,False,5.000750663618929,True,1.0,True,25000000000.0,True,5.000750663618929,True
2025,B,1274,1780434840.0,True,104,config_error,8,False,0.0,17.0,0.0,4.119026557768905,True,0.44018565258183745,False,4.119026557768905,True,1.0,True,12000000000.0,True,4.119026557768905,True
2025,B,1275,1780434900.0,True,104,config_error,8,False,0.0,23.0,0.0,3.7699545633821967,True,0.38512922719212506,False,3.7699545633821967,True,1.0,True,13000000000.0,True,3.7699545633821967,True
2025,B,1276,1780434960.0,False,-1,,8,False,0.0,20.0,0.0,-1.2444688357474014,False,0.38709209204208084,False,-1.2444688357474014,False,0.19435852292864553,False,0.1471767425537109,False,-1.2444688357474014,False
2025,B,1277,1780435020.0,False,-1,,8,False,0.0,20.0,0.0,-2.1465996501016757,False,0.3831777925114911,False,-2.1465996501016757,False,0.19435852292864553,False,0.17329893112182615,False,-2.1465996501016757,False
2025,B,1278,1780435080.0,False,-1,,8,False,0.0,18.0,0.0,-1.6068204108792061,False,0.38976248414595643,False,-1.6068204108792061,False,0.20233050107121442,False,0.1393458366394043,False,-1.6068204108792061,False
2025,B,1279,1780435140.0,False,-1,,8,False,0.0,14.0,0.0,-1.3797474077070877,False,0.4174951373359892,False,-1.3797474077070877,False,0.2237302694038766,False,0.14557070732116695,False,-1.3797474077070877,False
2025,B,1280,1780435200.0,False,-1,,8,False,0.0,22.0,0.0,-1.4101133600923221,False,0.38206616357362166,False,-1.4101133600923221,False,0.18759955492409922,False,0.14064865112304686,False,-1.4101133600923221,False
2025,B,1281,1780435260.0,False,-1,,8,False,0.0,16.0,0.0,-1.72995567820612,False,0.3891483603573471,False,-1.72995567820612,False,0.21191738011819358,False,0.15422606468200684,False,-1.72995567820612,False
2025,B,1282,1780435320.0,True,105,resource_exhaustion,8,False,0.0,18.0,0.0,5.446895898547663,True,0.5232134907899195,False,5.446895898547663,True,0.20233050107121442,False,0.21351988315582265,False,5.446895898547663,True
2025,B,1283,1780435380.0,True,105,resource_exhaustion,8,False,2.0,23.0,0.0,5.446895898547663,True,0.6898466091984395,False,5.446895898547663,True,1.0,True,1999999999.9999998,True,5.446895898547663,True
2025,B,1284,1780435440.0,True,105,resource_exhaustion,8,False,5.0,18.0,0.0,5.446895898547663,True,0.7058209221676642,True,5.446895898547663,True,1.0,True,5000000000.0,True,5.446895898547663,True
2025,B,1285,1780435500.0,True,105,resource_exhaustion,8,False,1.0,9.0,0.0,5.446895898547663,True,0.6850528199200862,False,5.446895898547663,True,1.0,True,999999999.9999999,True,5.446895898547663,True
2025,B,1286,1780435560.0,True,105,resource_exhaustion,8,False,1.0,26.0,0.0,5.446895898547663,True,0.641487146319338,False,5.446895898547663,True,1.0,True,999999999.9999999,True,5.446895898547663,True
2025,B,1287,1780435620.0,False,-1,,8,False,0.0,16.0,0.0,-0.9775645568751203,False,0.3957872843298488,False,-0.9775645568751203,False,0.21191738011819358,False,0.14168858528137204,False,-0.9775645568751203,False
2025,B,1288,1780435680.0,False,-1,,8,False,0.0,20.0,0.0,-1.4432227098844592,False,0.4050374294978688,False,-1.4432227098844592,False,0.19435852292864553,False,0.15741391181945802,False,-1.4432227098844592,False
2025,B,1289,1780435740.0,False,-1,,8,False,0.0,20.0,0.0,-2.103427911825758,False,0.3849038874258135,False,-2.103427911825758,False,0.19435852292864553,False,0.17369966506958004,False,-2.103427911825758,False
2025,B,1290,1780435800.0,False,-1,,8,False,0.0,11.0,0.0,-0.18512475033512743,False,0.4368455631721607,False,-0.18512475033512743,False,0.24794537445720646,False,0.1137380599975586,False,-0.18512475033512743,False
2025,B,1291,1780435860.0,False,-1,,8,False,0.0,18.0,0.0,-1.2048512140041998,False,0.40083790707631217,False,-1.2048512140041998,False,0.20233050107121442,False,0.1371589660644531,False,-1.2048512140041998,False
2025,B,1292,1780435920.0,False,-1,,8,True,2.0,178.0,0.0,4.815496270175308,True,0.7492852846752703,True,4.815496270175308,True,2.6777004785437042e-05,False,0.18071305751800534,False,4.815496270175308,False
2025,B,1293,1780435980.0,True,106,dependency_timeout,8,True,9.0,225.0,0.0,5.446895898547663,True,0.7745434706288288,True,5.446895898547663,True,1.0,True,51000000000.0,True,5.446895898547663,True
2025,B,1294,1780436040.0,True,106,dependency_timeout,8,True,3.0,33.0,0.0,5.446895898547663,True,0.6708052065666387,False,5.446895898547663,True,1.0,True,13000000000.0,True,5.446895898547663,True
2025,B,1295,1780436100.0,True,106,dependency_timeout,8,False,0.0,22.0,0.0,5.446895898547663,True,0.4981151813518204,False,5.446895898547663,True,1.0,True,5000000000.0,True,5.446895898547663,True
2025,B,1296,1780436160.0,False,-1,,8,False,0.0,25.0,0.0,-1.8873922812555328,False,0.38436564283676355,False,-1.8873922812555328,False,0.17915458308696264,False,0.18813047409057615,False,-1.8873922812555328,False
2025,B,1297,1780436220.0,False,-1,,8,False,0.0,19.0,0.0,-1.419479449764471,False,0.39735269309642673,False,-1.419479449764471,False,0.19817145176349388,False,0.17467823028564453,False,-1.419479449764471,False
2025,B,1298,1780436280.0,False,-1,,8,False,0.0,22.0,0.0,-0.6646440491322503,False,0.396268580413807,False,-0.6646440491322503,False,0.18759955492409922,False,0.13053011894226071,False,-0.6646440491322503,False
2025,B,1299,1780436340.0,False,-1,,8,False,0.0,21.0,0.0,-0.31365513616187624,False,0.437749420047224,False,-0.31365513616187624,False,0.1908469445255076,False,0.1940126419067383,False,-0.31365513616187624,False
2025,B,1300,1780436400.0,False,-1,,8,False,0.0,20.0,0.0,-0.054248356189991576,False,0.4246403122728304,False,-0.054248356189991576,False,0.19435852292864553,False,0.13358628749847412,False,-0.054248356189991576,False
2025,B,1301,1780436460.0,False,-1,,8,False,0.0,17.0,0.0,-0.5848364642944546,False,0.41737159485338765,False,-0.5848364642944546,False,0.2068901422906054,False,0.127960205078125,False,-0.5848364642944546,False
2025,B,1302,1780436520.0,False,-1,,8,False,0.0,17.0,0.0,-1.8272935226716687,False,0.37978013341431444,False,-1.8272935226716687,False,0.2068901422906054,False,0.1496114730834961,False,-1.8272935226716687,False
2025,B,1303,1780436580.0,False,-1,,8,False,0.0,23.0,0.0,-0.6690227075885211,False,0.42576425043401306,False,-0.6690227075885211,False,0.18458523060596266,False,0.19605808258056645,False,-0.6690227075885211,False
2025,B,1304,1780436640.0,False,-1,,8,False,0.0,19.0,0.0,-2.1484855620121843,False,0.3810642606849201,False,-2.1484855620121843,False,0.19817145176349388,False,0.16588773727416992,False,-2.1484855620121843,False
2025,B,1305,1780436700.0,True,107,dependency_timeout,8,False,5.0,27.0,0.0,5.446895898547663,True,0.6671589404003396,False,5.446895898547663,True,1.0,True,9000000000.0,True,5.446895898547663,True
2025,B,1306,1780436760.0,True,107,dependency_timeout,8,False,0.0,20.0,0.0,5.446895898547663,True,0.5061852345002082,False,5.446895898547663,True,1.0,True,9000000000.0,True,5.446895898547663,True
2025,B,1307,1780436820.0,True,107,dependency_timeout,8,False,0.0,11.0,0.0,5.446895898547663,True,0.5241916604835553,False,5.446895898547663,True,1.0,True,3999999999.9999995,True,5.446895898547663,True
2025,B,1308,1780436880.0,False,-1,,9,False,0.0,9.0,0.0,-1.164592534126487,False,0.41400676865494873,False,-1.164592534126487,False,0.27134842463487785,False,0.1467069625854492,False,-1.164592534126487,False
2025,B,1309,1780436940.0,False,-1,,9,False,0.0,19.0,0.0,-1.6664755895065166,False,0.3804449868122653,False,-1.6664755895065166,False,0.19817145176349388,False,0.1400056838989258,False,-1.6664755895065166,False
2025,B,1310,1780437000.0,False,-1,,9,False,0.0,27.0,0.0,-1.73103234003643,False,0.3746591672998196,False,-1.73103234003643,False,0.1743877084429739,False,0.15850205421447755,False,-1.73103234003643,False
2025,B,1311,1780437060.0,False,-1,,9,False,0.0,16.0,0.0,-0.20699968071070884,False,0.44547761613862835,False,-0.20699968071070884,False,0.21191738011819358,False,0.12024807929992676,False,-0.20699968071070884,False
2025,B,1312,1780437120.0,False,-1,,9,False,0.0,17.0,0.0,-1.6063432865055018,False,0.38195531577603625,False,-1.6063432865055018,False,0.2068901422906054,False,0.14825897216796874,False,-1.6063432865055018,False
2025,B,1313,1780437180.0,False,-1,,9,False,0.0,19.0,0.0,-0.5554527284544362,False,0.4158124431718783,False,-0.5554527284544362,False,0.19817145176349388,False,0.1404262065887451,False,-0.5554527284544362,False
2025,B,1314,1780437240.0,False,-1,,9,False,0.0,19.0,0.0,-1.662225528074674,False,0.3990203099235796,False,-1.662225528074674,False,0.19817145176349388,False,0.17974514961242677,False,-1.662225528074674,False
2025,B,1315,1780437300.0,False,-1,,9,False,0.0,16.0,0.0,-1.894811569095352,False,0.3896125212294512,False,-1.894811569095352,False,0.21191738011819358,False,0.16331803798675537,False,-1.894811569095352,False
2025,B,1316,1780437360.0,True,108,config_error,9,False,0.0,22.0,0.0,-0.9396185123946612,False,0.39230478062078805,False,-0.9396185123946612,False,1.0,True,999999999.9999999,True,-0.9396185123946612,True
2025,B,1317,1780437420.0,True,108,config_error,9,False,0.0,18.0,0.0,4.663740078804478,True,0.4168338511343167,False,4.663740078804478,True,1.0,True,15999999999.999998,True,4.663740078804478,True
2025,B,1318,1780437480.0,True,108,config_error,9,False,0.0,22.0,0.0,4.871677353741044,True,0.41508834496480357,False,4.871677353741044,True,1.0,True,20000000000.0,True,4.871677353741044,True
2025,B,1319,1780437540.0,True,108,config_error,9,False,0.0,16.0,0.0,3.1453216433801834,True,0.39380040855357906,False,3.1453216433801834,True,1.0,True,9000000000.0,True,3.1453216433801834,True
2025,B,1320,1780437600.0,False,-1,,9,False,0.0,25.0,0.0,-1.8813592965375072,False,0.3721455617210092,False,-1.8813592965375072,False,0.17915458308696264,False,0.16475524902343744,False,-1.8813592965375072,False
2025,B,1321,1780437660.0,False,-1,,9,False,0.0,16.0,0.0,-1.2592396696314099,False,0.4252153449864798,False,-1.2592396696314099,False,0.21191738011819358,False,0.1880242824554443,False,-1.2592396696314099,False
2025,B,1322,1780437720.0,False,-1,,9,False,0.0,18.0,0.0,-1.8226225234609519,False,0.3915479231449873,False,-1.8226225234609519,False,0.20233050107121442,False,0.17356314659118652,False,-1.8226225234609519,False
2025,B,1323,1780437780.0,False,-1,,9,False,0.0,17.0,0.0,-0.46431121700179556,False,0.4195747165362613,False,-0.46431121700179556,False,0.2068901422906054,False,0.17210588455200196,False,-0.46431121700179556,False
2025,B,1324,1780437840.0,False,-1,,9,False,0.0,23.0,0.0,-1.8374109836535855,False,0.3763539717683112,False,-1.8374109836535855,False,0.18458523060596266,False,0.16917023658752442,False,-1.8374109836535855,False
2025,B,1325,1780437900.0,False,-1,,9,False,0.0,19.0,0.0,-1.1780334070888676,False,0.3961239054892852,False,-1.1780334070888676,False,0.19817145176349388,False,0.1336824893951416,False,-1.1780334070888676,False
2025,B,1326,1780437960.0,False,-1,,9,False,0.0,20.0,0.0,-0.8275660814800974,False,0.3977845815384958,False,-0.8275660814800974,False,0.19435852292864553,False,0.14169156551361084,False,-0.8275660814800974,False
2025,B,1327,1780438020.0,False,-1,,9,False,0.0,12.0,0.0,-0.9907515879300837,False,0.4102474254326136,False,-0.9907515879300837,False,0.23874979971626184,False,0.14596660137176515,False,-0.9907515879300837,False
2025,B,1328,1780438080.0,True,109,dependency_timeout,9,False,2.0,15.0,0.0,5.446895898547663,True,0.6771874191719909,False,5.446895898547663,True,1.0,True,7000000000.0,True,5.446895898547663,True
2025,B,1329,1780438140.0,True,109,dependency_timeout,9,False,1.0,20.0,0.0,5.446895898547663,True,0.6536122016854258,False,5.446895898547663,True,1.0,True,7999999999.999999,True,5.446895898547663,True
2025,B,1330,1780438200.0,True,109,dependency_timeout,9,False,0.0,13.0,0.0,5.446895898547663,True,0.518104571068682,False,5.446895898547663,True,1.0,True,5000000000.0,True,5.446895898547663,True
2025,B,1331,1780438260.0,True,109,dependency_timeout,9,False,1.0,17.0,0.0,5.446895898547663,True,0.6056286205367056,False,5.446895898547663,True,1.0,True,999999999.9999999,True,5.446895898547663,True
2025,B,1332,1780438320.0,False,-1,,9,False,0.0,18.0,0.0,-1.3033980976597492,False,0.396692191420192,False,-1.3033980976597492,False,0.20233050107121442,False,0.130971622467041,False,-1.3033980976597492,False
2025,B,1333,1780438380.0,False,-1,,9,False,0.0,21.0,0.0,-1.3017791217765424,False,0.3873713901694854,False,-1.3017791217765424,False,0.1908469445255076,False,0.156123161315918,False,-1.3017791217765424,False
2025,B,1334,1780438440.0,False,-1,,9,False,1.0,14.0,0.0,-0.36705623734632553,False,0.6058160254657053,False,-0.36705623734632553,False,9.119149054226854e-05,False,0.16298303604125977,False,-0.36705623734632553,False
2025,B,1335,1780438500.0,False,-1,,9,False,0.0,16.0,0.0,-1.3156365891942556,False,0.3979514716088738,False,-1.3156365891942556,False,0.21191738011819358,False,0.15366363525390625,False,-1.3156365891942556,False
2025,B,1336,1780438560.0,False,-1,,9,False,0.0,24.0,0.0,-1.7799448049188094,False,0.38725510290517495,False,-1.7799448049188094,False,0.1817776918582098,False,0.19876351356506347,False,-1.7799448049188094,False
2025,B,1337,1780438620.0,False,-1,,9,False,0.0,14.0,0.0,0.6086579359104363,False,0.4668672302956584,False,0.6086579359104363,False,0.2237302694038766,False,0.10363736152648925,False,0.6086579359104363,False
2025,B,1338,1780438680.0,True,110,resource_exhaustion,9,False,0.0,15.0,0.0,5.446895898547663,True,0.5573643246535092,False,5.446895898547663,True,1.0,True,999999999.9999999,True,5.446895898547663,True
2025,B,1339,1780438740.0,True,110,resource_exhaustion,9,False,0.0,18.0,0.0,5.446895898547663,True,0.5583553686538624,False,5.446895898547663,True,1.0,True,999999999.9999999,True,5.446895898547663,True
2025,B,1340,1780438800.0,True,110,resource_exhaustion,9,False,3.0,14.0,0.0,5.446895898547663,True,0.7038520685514629,False,5.446895898547663,True,1.0,True,1999999999.9999998,True,5.446895898547663,True
2025,B,1341,1780438860.0,False,-1,,9,False,0.0,15.0,0.0,-0.879133887818373,False,0.42000661572314024,False,-0.879133887818373,False,0.21749564832786078,False,0.13142189979553223,False,-0.879133887818373,False
2025,B,1342,1780438920.0,False,-1,,9,False,0.0,15.0,0.0,-1.3203678595008475,False,0.39094206281201876,False,-1.3203678595008475,False,0.21749564832786078,False,0.14027061462402346,False,-1.3203678595008475,False
2025,B,1343,1780438980.0,False,-1,,9,False,0.0,15.0,0.0,-1.3160628306589874,False,0.4070109392494541,False,-1.3160628306589874,False,0.21749564832786078,False,0.15550565719604492,False,-1.3160628306589874,False
2025,B,1344,1780439040.0,False,-1,,9,False,0.0,18.0,0.0,-0.8289010807368022,False,0.42642896489438686,False,-0.8289010807368022,False,0.20233050107121442,False,0.14628121852874756,False,-0.8289010807368022,False
2025,B,1345,1780439100.0,False,-1,,9,False,1.0,15.0,0.0,0.12974231226664212,False,0.6012984381557814,False,0.12974231226664212,False,0.00010580556144184128,False,0.11442031860351565,False,0.12974231226664212,False
2025,B,1346,1780439160.0,False,-1,,9,False,0.0,17.0,0.0,-2.029881238280626,False,0.38766025835854534,False,-2.029881238280626,False,0.2068901422906054,False,0.16666746139526367,False,-2.029881238280626,False
2025,B,1347,1780439220.0,False,-1,,9,False,0.0,17.0,0.0,-1.263105164063293,False,0.38606839110880503,False,-1.263105164063293,False,0.2068901422906054,False,0.13351850509643554,False,-1.263105164063293,False
2025,B,1348,1780439280.0,False,-1,,9,False,0.0,17.0,0.0,-1.622361198308929,False,0.38557507306133154,False,-1.622361198308929,False,0.2068901422906054,False,0.15435323715209961,False,-1.622361198308929,False
2025,B,1349,1780439340.0,False,-1,,9,False,0.0,13.0,0.0,-1.7782010511157544,False,0.411182093557664,False,-1.7782010511157544,False,0.2307562658387595,False,0.17230129241943357,False,-1.7782010511157544,False
2025,B,1350,1780439400.0,False,-1,,9,False,0.0,14.0,0.0,-0.8216368297571455,False,0.405574475131756,False,-0.8216368297571455,False,0.2237302694038766,False,0.13608622550964353,False,-0.8216368297571455,False
2025,B,1351,1780439460.0,False,-1,,9,False,0.0,9.0,0.0,-1.7821770874817329,False,0.40884647606342883,False,-1.7821770874817329,False,0.27134842463487785,False,0.14153518676757812,False,-1.7821770874817329,False
2025,B,1352,1780439520.0,True,111,dependency_timeout,9,False,0.0,15.0,0.0,5.446895898547663,True,0.5093906347727539,False,5.446895898547663,True,1.0,True,1999999999.9999998,True,5.446895898547663,True
2025,B,1353,1780439580.0,True,111,dependency_timeout,9,False,4.0,21.0,0.0,5.446895898547663,True,0.6710186711560783,False,5.446895898547663,True,1.0,True,10000000000.0,True,5.446895898547663,True
2025,B,1354,1780439640.0,True,111,dependency_timeout,9,False,1.0,18.0,0.0,5.446895898547663,True,0.6404888117589757,False,5.446895898547663,True,1.0,True,7000000000.0,True,5.446895898547663,True
2025,B,1355,1780439700.0,True,111,dependency_timeout,9,False,1.0,19.0,0.0,5.446895898547663,True,0.647359421461212,False,5.446895898547663,True,1.0,True,13000000000.0,True,5.446895898547663,True
2025,B,1356,1780439760.0,True,111,dependency_timeout,9,False,0.0,16.0,0.0,5.446895898547663,True,0.47324804492345807,False,5.446895898547663,True,1.0,True,999999999.9999999,True,5.446895898547663,True
2025,B,1357,1780439820.0,False,-1,,9,False,0.0,17.0,0.0,-2.056328343004478,False,0.38718736159175393,False,-2.056328343004478,False,0.2068901422906054,False,0.17628688812255863,False,-2.056328343004478,False
2025,B,1358,1780439880.0,False,-1,,9,False,0.0,9.0,0.0,-0.926267001420249,False,0.4396574499858843,False,-0.926267001420249,False,0.27134842463487785,False,0.12070875167846681,False,-0.926267001420249,False
2025,B,1359,1780439940.0,False,-1,,9,False,0.0,21.0,0.0,-1.6196180489889285,False,0.3741668273391353,False,-1.6196180489889285,False,0.1908469445255076,False,0.1422429084777832,False,-1.6196180489889285,False
2025,B,1360,1780440000.0,False,-1,,9,False,0.0,15.0,0.0,-1.6161936548406617,False,0.3893332748691465,False,-1.6161936548406617,False,0.21749564832786078,False,0.15433249473571778,False,-1.6161936548406617,False
2025,B,1361,1780440060.0,False,-1,,9,False,0.0,8.0,0.0,-1.5072750272973874,False,0.42207972305302005,False,-1.5072750272973874,False,0.286649624048389,False,0.17277534008026124,False,-1.5072750272973874,False
2025,B,1362,1780440120.0,False,-1,,9,False,0.0,15.0,0.0,-1.6340125483206682,False,0.4038268519821534,False,-1.6340125483206682,False,0.21749564832786078,False,0.15792884826660156,False,-1.6340125483206682,False
2025,B,1363,1780440180.0,True,112,resource_exhaustion,9,False,2.0,14.0,0.0,5.446895898547663,True,0.7013394395799692,False,5.446895898547663,True,1.0,True,1999999999.9999998,True,5.446895898547663,True
2025,B,1364,1780440240.0,True,112,resource_exhaustion,9,False,3.0,13.0,0.0,5.446895898547663,True,0.7045888334179451,True,5.446895898547663,True,1.0,True,3000000000.0,True,5.446895898547663,True
2025,B,1365,1780440300.0,True,112,resource_exhaustion,9,False,0.0,18.0,0.0,5.446895898547663,True,0.5262991176473674,False,5.446895898547663,True,0.20233050107121442,False,0.2819904804229735,False,5.446895898547663,True
2025,B,1366,1780440360.0,False,-1,,9,False,0.0,12.0,0.0,-0.5645659871892894,False,0.43068046225348705,False,-0.5645659871892894,False,0.23874979971626184,False,0.1250751495361328,False,-0.5645659871892894,False
2025,B,1367,1780440420.0,False,-1,,9,False,1.0,12.0,0.0,-0.9514254958103381,False,0.5869391419783052,False,-0.9514254958103381,False,6.376240732142376e-05,False,0.13677337169647216,False,-0.9514254958103381,False
2025,B,1368,1780440480.0,False,-1,,9,False,0.0,18.0,0.0,-1.903499113682141,False,0.3864451830328942,False,-1.903499113682141,False,0.20233050107121442,False,0.15997326374053952,False,-1.903499113682141,False
2025,B,1369,1780440540.0,False,-1,,9,False,0.0,18.0,0.0,-1.3881520329727923,False,0.4102187633539079,False,-1.3881520329727923,False,0.20233050107121442,False,0.19944484233856186,False,-1.3881520329727923,False
2025,B,1370,1780440600.0,False,-1,,9,False,0.0,10.0,0.0,-0.023133203279319225,False,0.4550579191396146,False,-0.023133203279319225,False,0.25866249275443587,False,0.11948456764221194,False,-0.023133203279319225,False
2025,B,1371,1780440660.0,False,-1,,9,False,0.0,18.0,0.0,-0.9171580431404553,False,0.4083819313042159,False,-0.9171580431404553,False,0.20233050107121442,False,0.15411269664764402,False,-0.9171580431404553,False
2025,B,1372,1780440720.0,False,-1,,9,False,0.0,20.0,0.0,-1.7949649653766349,False,0.3812425591849801,False,-1.7949649653766349,False,0.19435852292864553,False,0.14691867828369137,False,-1.7949649653766349,False
2025,B,1373,1780440780.0,False,-1,,9,False,0.0,16.0,0.0,-1.1144060869457135,False,0.4243169888344824,False,-1.1144060869457135,False,0.21191738011819358,False,0.16495811939239502,False,-1.1144060869457135,False
2025,B,1374,1780440840.0,False,-1,,9,False,0.0,15.0,0.0,-1.2671893261330984,False,0.3936066040801073,False,-1.2671893261330984,False,0.21749564832786078,False,0.14602003097534177,False,-1.2671893261330984,False
2025,B,1375,1780440900.0,False,-1,,9,False,0.0,11.0,0.0,-1.8418279864828655,False,0.4014760727930673,False,-1.8418279864828655,False,0.24794537445720646,False,0.17410778999328616,False,-1.8418279864828655,False
2025,B,1376,1780440960.0,False,-1,,9,False,0.0,13.0,0.0,4.103966543514952,True,0.4803870028854737,False,4.103966543514952,True,0.2307562658387595,False,0.1325510025024414,False,4.103966543514952,True
2025,B,1377,1780441020.0,True,113,resource_exhaustion,9,False,1.0,18.0,0.0,5.446895898547663,True,0.6414564411793987,False,5.446895898547663,True,1.0,True,999999999.9999999,True,5.446895898547663,True
2025,B,1378,1780441080.0,True,113,resource_exhaustion,9,False,2.0,19.0,0.0,5.446895898547663,True,0.692695974251021,False,5.446895898547663,True,1.0,True,1999999999.9999998,True,5.446895898547663,True
2025,B,1379,1780441140.0,True,113,resource_exhaustion,9,False,1.0,12.0,0.0,5.446895898547663,True,0.682690636286254,False,5.446895898547663,True,1.0,True,999999999.9999999,True,5.446895898547663,True
2025,B,1380,1780441200.0,True,113,resource_exhaustion,9,False,2.0,11.0,0.0,5.446895898547663,True,0.7039822164253274,False,5.446895898547663,True,1.0,True,3000000000.0,True,5.446895898547663,True
2025,B,1381,1780441260.0,True,113,resource_exhaustion,9,False,1.0,14.0,0.0,5.446895898547663,True,0.6554447097011697,False,5.446895898547663,True,9.119149054226854e-05,False,0.24577004909515376,False,5.446895898547663,False
2025,B,1382,1780441320.0,False,-1,,9,False,0.0,17.0,0.0,-0.8682331324150239,False,0.3912059491578253,False,-0.8682331324150239,False,0.2068901422906054,False,0.139748477935791,False,-0.8682331324150239,False
2025,B,1383,1780441380.0,False,-1,,9,False,0.0,13.0,0.0,-0.8203451193143154,False,0.4165116069390154,False,-0.8203451193143154,False,0.2307562658387595,False,0.12255477905273438,False,-0.8203451193143154,False
2025,B,1384,1780441440.0,False,-1,,9,False,0.0,16.0,0.0,-0.6568861088569697,False,0.40446344709928495,False,-0.6568861088569697,False,0.21191738011819358,False,0.13784360885620117,False,-0.6568861088569697,False
2025,B,1385,1780441500.0,False,-1,,9,False,0.0,17.0,0.0,-1.711775875109419,False,0.38272800756245323,False,-1.711775875109419,False,0.2068901422906054,False,0.140744686126709,False,-1.711775875109419,False
2025,B,1386,1780441560.0,False,-1,,9,False,0.0,16.0,0.0,-1.2552143090407721,False,0.4198642909004503,False,-1.2552143090407721,False,0.21191738011819358,False,0.2032450437545776,False,-1.2552143090407721,False
2025,B,1387,1780441620.0,False,-1,,9,False,0.0,17.0,0.0,-1.9173087480317381,False,0.38058095033271666,False,-1.9173087480317381,False,0.2068901422906054,False,0.15019474029541016,False,-1.9173087480317381,False
2025,B,1388,1780441680.0,False,-1,,9,False,0.0,15.0,0.0,-1.6639427099491089,False,0.3896950216120866,False,-1.6639427099491089,False,0.21749564832786078,False,0.1397249698638916,False,-1.6639427099491089,False
2025,B,1389,1780441740.0,False,-1,,9,False,0.0,5.0,0.0,-1.1483880947552292,False,0.47568011064375854,False,-1.1483880947552292,False,0.3611766054503257,False,0.15032949447631838,False,-1.1483880947552292,False
2025,B,1390,1780441800.0,False,-1,,9,False,0.0,13.0,0.0,-1.7471773665685006,False,0.4055414056244339,False,-1.7471773665685006,False,0.2307562658387595,False,0.15807170867919923,False,-1.7471773665685006,False
2025,B,1391,1780441860.0,False,-1,,9,False,0.0,11.0,0.0,-1.6300862251194834,False,0.3953875616688069,False,-1.6300862251194834,False,0.24794537445720646,False,0.14744925498962405,False,-1.6300862251194834,False
2025,B,1392,1780441920.0,True,114,config_error,9,False,0.0,10.0,0.0,3.9851641465674135,True,0.44216078749050075,False,3.9851641465674135,True,1.0,True,9000000000.0,True,3.9851641465674135,True
2025,B,1393,1780441980.0,True,114,config_error,9,False,0.0,13.0,0.0,4.470643067662451,True,0.4457922929014461,False,4.470643067662451,True,1.0,True,12000000000.0,True,4.470643067662451,True
2025,B,1394,1780442040.0,True,114,config_error,9,False,0.0,15.0,0.0,-0.19979110183864712,False,0.39183420376587064,False,-0.19979110183864712,False,1.0,True,1999999999.9999998,True,-0.19979110183864712,True
2025,B,1395,1780442100.0,False,-1,,9,False,0.0,11.0,0.0,-0.9100931927465794,False,0.4092226848388249,False,-0.9100931927465794,False,0.24794537445720646,False,0.1258254051208496,False,-0.9100931927465794,False
2025,B,1396,1780442160.0,False,-1,,9,False,0.0,15.0,0.0,-1.6903832735668027,False,0.38555479576385715,False,-1.6903832735668027,False,0.21749564832786078,False,0.14446325302124025,False,-1.6903832735668027,False
2025,B,1397,1780442220.0,False,-1,,9,False,0.0,12.0,0.0,-1.591725792445077,False,0.40174012815492754,False,-1.591725792445077,False,0.23874979971626184,False,0.16762580871582033,False,-1.591725792445077,False
2025,B,1398,1780442280.0,False,-1,,9,False,1.0,9.0,0.0,1.305618810106477,True,0.6176886620411486,False,1.305618810106477,True,2.9258959872420195e-05,False,0.12462921142578125,False,1.305618810106477,False
2025,B,1399,1780442340.0,False,-1,,9,False,0.0,15.0,0.0,-1.3441894795330303,False,0.41666290046735527,False,-1.3441894795330303,False,0.21749564832786078,False,0.17530660629272457,False,-1.3441894795330303,False
2025,B,1400,1780442400.0,False,-1,,9,False,0.0,17.0,0.0,-1.8335261148697999,False,0.38580767335520616,False,-1.8335261148697999,False,0.2068901422906054,False,0.15621356964111327,False,-1.8335261148697999,False
2025,B,1401,1780442460.0,False,-1,,9,False,0.0,11.0,0.0,-0.7942859364667996,False,0.44491315078850596,False,-0.7942859364667996,False,0.24794537445720646,False,0.18365836143493655,False,-0.7942859364667996,False
2025,B,1402,1780442520.0,False,-1,,9,False,0.0,11.0,0.0,-1.4622180314301536,False,0.43003004068758105,False,-1.4622180314301536,False,0.24794537445720646,False,0.1411752700805664,False,-1.4622180314301536,False
2025,B,1403,1780442580.0,False,-1,,9,False,0.0,16.0,0.0,-1.3263431253086582,False,0.40869585646909967,False,-1.3263431253086582,False,0.21191738011819358,False,0.17398905754089355,False,-1.3263431253086582,False
2025,B,1404,1780442640.0,False,-1,,9,False,0.0,15.0,0.0,-1.4311813181204185,False,0.38835603131878715,False,-1.4311813181204185,False,0.21749564832786078,False,0.14518752098083496,False,-1.4311813181204185,False
2025,B,1405,1780442700.0,True,115,permission_denied,9,False,0.0,14.0,0.0,-0.38798185633170945,False,0.39625983574951634,False,-0.38798185633170945,False,1.0,True,1999999999.9999998,True,-0.38798185633170945,True
2025,B,1406,1780442760.0,True,115,permission_denied,9,False,0.0,18.0,0.0,3.661684015306183,True,0.4018608985864554,False,3.661684015306183,True,1.0,True,11000000000.0,True,3.661684015306183,True
2025,B,1407,1780442820.0,True,115,permission_denied,9,False,0.0,17.0,0.0,2.4163994195607468,True,0.478082328125062,False,2.4163994195607468,True,1.0,True,3999999999.9999995,True,2.4163994195607468,True
2025,B,1408,1780442880.0,True,115,permission_denied,9,False,0.0,11.0,0.0,2.323850820712693,True,0.46515552689465073,False,2.323850820712693,True,1.0,True,3999999999.9999995,True,2.323850820712693,True
2025,B,1409,1780442940.0,False,-1,,9,False,0.0,12.0,0.0,-0.3702748953113453,False,0.46063020439715535,False,-0.3702748953113453,False,0.23874979971626184,False,0.20143628120422363,False,-0.3702748953113453,False
2025,B,1410,1780443000.0,False,-1,,9,True,0.0,109.0,0.0,0.0660962678414112,False,0.6403089704914816,False,0.0660962678414112,False,0.1165155680627314,False,0.17632818222045898,False,0.0660962678414112,False
2025,B,1411,1780443060.0,False,-1,,9,True,0.0,113.0,0.0,0.8764325751112496,False,0.6509627380067774,False,0.8764325751112496,False,0.1155204486249982,False,0.14482946395874022,False,0.8764325751112496,False
2025,B,1412,1780443120.0,False,-1,,9,True,0.0,44.0,0.0,-0.9696965012149326,False,0.5066023815008026,False,-0.9696965012149326,False,0.1488183960155862,False,0.16996440887451172,False,-0.9696965012149326,False
2025,B,1413,1780443180.0,False,-1,,9,False,0.0,14.0,0.0,-0.7510500007585383,False,0.43497549244718925,False,-0.7510500007585383,False,0.2237302694038766,False,0.1253591299057007,False,-0.7510500007585383,False
2025,B,1414,1780443240.0,False,-1,,9,False,0.0,13.0,0.0,-1.2843370572270283,False,0.4170207033253741,False,-1.2843370572270283,False,0.2307562658387595,False,0.168953800201416,False,-1.2843370572270283,False
2025,B,1415,1780443300.0,True,116,permission_denied,9,False,0.0,14.0,0.0,1.649354970666602,True,0.39600711551139894,False,1.649354970666602,True,1.0,True,5000000000.0,True,1.649354970666602,True
2025,B,1416,1780443360.0,True,116,permission_denied,9,False,0.0,15.0,0.0,1.6681465929917798,True,0.3980613082653068,False,1.6681465929917798,True,1.0,True,5000000000.0,True,1.6681465929917798,True
2025,B,1417,1780443420.0,True,116,permission_denied,9,False,0.0,10.0,0.0,2.2265479786946134,True,0.4207948499508897,False,2.2265479786946134,True,1.0,True,5000000000.0,True,2.2265479786946134,True
2025,B,1418,1780443480.0,True,116,permission_denied,9,False,0.0,10.0,0.0,-0.47634573623356147,False,0.4401384800914503,False,-0.47634573623356147,False,0.25866249275443587,False,0.11329150199890137,False,-0.47634573623356147,False
2025,B,1419,1780443540.0,False,-1,,9,False,0.0,13.0,0.0,-1.687980157302487,False,0.39266899381078474,False,-1.687980157302487,False,0.2307562658387595,False,0.14078483581542967,False,-1.687980157302487,False
2025,B,1420,1780443600.0,False,-1,,9,False,0.0,12.0,0.0,-1.8233974587863084,False,0.39452345622058166,False,-1.8233974587863084,False,0.23874979971626184,False,0.15047409534454345,False,-1.8233974587863084,False
2025,B,1421,1780443660.0,False,-1,,9,False,0.0,8.0,0.0,-1.033877697731283,False,0.4504010112331181,False,-1.033877697731283,False,0.286649624048389,False,0.1433527946472168,False,-1.033877697731283,False
2025,B,1422,1780443720.0,False,-1,,9,False,0.0,10.0,0.0,-1.0469451382356763,False,0.4246013323099201,False,-1.0469451382356763,False,0.25866249275443587,False,0.12514147758483884,False,-1.0469451382356763,False
2025,B,1423,1780443780.0,False,-1,,9,False,0.0,10.0,0.0,-1.7672374323936006,False,0.40308426392030766,False,-1.7672374323936006,False,0.25866249275443587,False,0.15807731151580812,False,-1.7672374323936006,False
2025,B,1424,1780443840.0,False,-1,,9,False,0.0,14.0,0.0,-1.8461876734638114,False,0.39415063787152693,False,-1.8461876734638114,False,0.2237302694038766,False,0.1680028915405273,False,-1.8461876734638114,False
2025,B,1425,1780443900.0,False,-1,,9,False,0.0,10.0,0.0,-1.0676027872894585,False,0.41252544786914436,False,-1.0676027872894585,False,0.25866249275443587,False,0.12715485095977783,False,-1.0676027872894585,False
2025,B,1426,1780443960.0,False,-1,,9,False,0.0,16.0,0.0,-2.046504572458529,False,0.38841615839676086,False,-2.046504572458529,False,0.21191738011819358,False,0.15924143791198728,False,-2.046504572458529,False
2025,B,1427,1780444020.0,True,117,dependency_timeout,9,False,0.0,3.0,0.0,5.446701320851809,True,0.5913987242363037,False,5.446701320851809,True,0.4693057298233409,False,1.165649700164795,True,5.446701320851809,True
2025,B,1428,1780444080.0,True,117,dependency_timeout,9,False,2.0,12.0,0.0,5.446895898547663,True,0.6704170758273018,False,5.446895898547663,True,1.0,True,3000000000.0,True,5.446895898547663,True
2025,B,1429,1780444140.0,True,117,dependency_timeout,9,False,1.0,11.0,0.0,5.446895898547663,True,0.5803653893155293,False,5.446895898547663,True,1.0,True,3999999999.9999995,True,5.446895898547663,True
2025,B,1430,1780444200.0,False,-1,,9,False,0.0,9.0,0.0,-1.9255506843157297,False,0.4219707187974334,False,-1.9255506843157297,False,0.27134842463487785,False,0.15395736694335938,False,-1.9255506843157297,False
2025,B,1431,1780444260.0,False,-1,,9,False,0.0,7.0,0.0,-1.6110732693419294,False,0.42079253384990356,False,-1.6110732693419294,False,0.305536657637389,False,0.13171162605285644,False,-1.6110732693419294,False
2025,B,1432,1780444320.0,False,-1,,9,False,0.0,16.0,0.0,-1.6898502584510418,False,0.39226501037625877,False,-1.6898502584510418,False,0.21191738011819358,False,0.14023029804229736,False,-1.6898502584510418,False
2025,B,1433,1780444380.0,False,-1,,9,False,0.0,17.0,0.0,-2.003921215924737,False,0.3816219264201864,False,-2.003921215924737,False,0.2068901422906054,False,0.15955085754394532,False,-2.003921215924737,False
2025,B,1434,1780444440.0,False,-1,,9,False,0.0,10.0,0.0,-0.394278832887756,False,0.44925554986643923,False,-0.394278832887756,False,0.25866249275443587,False,0.14183456897735597,False,-0.394278832887756,False
2025,B,1435,1780444500.0,False,-1,,9,False,0.0,10.0,0.0,-0.19890494566310313,False,0.4320050990841619,False,-0.19890494566310313,False,0.25866249275443587,False,0.14792945384979247,False,-0.19890494566310313,False
2025,B,1436,1780444560.0,True,118,config_error,9,False,0.0,20.0,0.0,0.6277040955874043,False,0.38905381167336317,False,0.6277040955874043,False,1.0,True,3000000000.0,True,0.6277040955874043,True
2025,B,1437,1780444620.0,True,118,config_error,9,False,0.0,11.0,0.0,4.110627631455216,True,0.5079684825781652,False,4.110627631455216,True,1.0,True,9000000000.0,True,4.110627631455216,True
2025,B,1438,1780444680.0,True,118,config_error,9,False,0.0,9.0,0.0,3.381312794491741,True,0.5153648608401102,False,3.381312794491741,True,1.0,True,6000000000.0,True,3.381312794491741,True
2025,B,1439,1780444740.0,False,-1,,9,False,0.0,11.0,0.0,-1.058632540667995,False,0.453705743893054,False,-1.058632540667995,False,0.24794537445720646,False,0.1869935989379883,False,-1.058632540667995,False
2025,B,1440,1780444800.0,False,-1,,9,False,0.0,11.0,0.0,-1.508762979235418,False,0.40785775925293727,False,-1.508762979235418,False,0.24794537445720646,False,0.1390738487243652,False,-1.508762979235418,False
2025,B,1441,1780444860.0,False,-1,,9,False,0.0,14.0,0.0,-1.5387471971168072,False,0.3948501249294418,False,-1.5387471971168072,False,0.2237302694038766,False,0.150820255279541,False,-1.5387471971168072,False
2025,B,1442,1780444920.0,False,-1,,9,False,0.0,14.0,0.0,-1.2764749502949284,False,0.39810970605874646,False,-1.2764749502949284,False,0.2237302694038766,False,0.15124797821044922,False,-1.2764749502949284,False
2025,B,1443,1780444980.0,False,-1,,9,False,0.0,13.0,0.0,-1.26341353653969,False,0.40048592061641414,False,-1.26341353653969,False,0.2307562658387595,False,0.141231632232666,False,-1.26341353653969,False
2025,B,1444,1780445040.0,False,-1,,9,False,0.0,15.0,0.0,-1.6186830375235015,False,0.39106558983048706,False,-1.6186830375235015,False,0.21749564832786078,False,0.13801393508911133,False,-1.6186830375235015,False
2025,B,1445,1780445100.0,True,119,permission_denied,9,False,0.0,17.0,0.0,-0.5079528517790468,False,0.40999828053303733,False,-0.5079528517790468,False,1.0,True,999999999.9999999,True,-0.5079528517790468,True
2025,B,1446,1780445160.0,True,119,permission_denied,9,False,0.0,9.0,0.0,3.4096166585924044,True,0.5144602919349369,False,3.4096166585924044,True,1.0,True,6000000000.0,True,3.4096166585924044,True
2025,B,1447,1780445220.0,True,119,permission_denied,9,False,0.0,7.0,0.0,-0.09159668939646348,False,0.465999476994702,False,-0.09159668939646348,False,1.0,True,999999999.9999999,True,-0.09159668939646348,True
2025,B,1448,1780445280.0,True,119,permission_denied,9,False,0.0,18.0,0.0,1.6770078179158272,True,0.38757769964124417,False,1.6770078179158272,True,1.0,True,5000000000.0,True,1.6770078179158272,True
2025,B,1449,1780445340.0,True,119,permission_denied,9,False,0.0,16.0,0.0,1.7544831514583268,True,0.38897535715124565,False,1.7544831514583268,True,1.0,True,5000000000.0,True,1.7544831514583268,True
2025,B,1450,1780445400.0,False,-1,,10,False,0.0,12.0,0.0,-1.011038615842148,False,0.42204739509430744,False,-1.011038615842148,False,0.23874979971626184,False,0.12336282730102538,False,-1.011038615842148,False
2025,B,1451,1780445460.0,False,-1,,10,False,0.0,11.0,0.0,-1.3811190036964751,False,0.40429080517093297,False,-1.3811190036964751,False,0.24794537445720646,False,0.14511966705322268,False,-1.3811190036964751,False
2025,B,1452,1780445520.0,False,-1,,10,False,0.0,8.0,0.0,-1.8942157826205381,False,0.4157022958537473,False,-1.8942157826205381,False,0.286649624048389,False,0.14687159061431884,False,-1.8942157826205381,False
2025,B,1453,1780445580.0,False,-1,,10,False,0.0,11.0,0.0,-0.9384794256745819,False,0.44685308569524357,False,-0.9384794256745819,False,0.24794537445720646,False,0.13314890861511228,False,-0.9384794256745819,False
2025,B,1454,1780445640.0,False,-1,,10,False,0.0,13.0,0.0,-1.300721749045782,False,0.4116113615156434,False,-1.300721749045782,False,0.2307562658387595,False,0.1394617080688476,False,-1.300721749045782,False
2025,B,1455,1780445700.0,False,-1,,10,False,0.0,10.0,0.0,-1.8811910153473663,False,0.39890960568817835,False,-1.8811910153473663,False,0.25866249275443587,False,0.15608720779418944,False,-1.8811910153473663,False
2025,B,1456,1780445760.0,False,-1,,10,False,0.0,24.0,0.0,-1.9612442490988693,False,0.3769149816244352,False,-1.9612442490988693,False,0.1817776918582098,False,0.18333227634429933,False,-1.9612442490988693,False
2025,B,1457,1780445820.0,False,-1,,10,False,0.0,11.0,0.0,-1.3743496133795094,False,0.4210881553728616,False,-1.3743496133795094,False,0.24794537445720646,False,0.18552088737487793,False,-1.3743496133795094,False
2025,B,1458,1780445880.0,False,-1,,10,False,0.0,7.0,0.0,-1.3128166490344535,False,0.44076613087699795,False,-1.3128166490344535,False,0.305536657637389,False,0.11661863327026367,False,-1.3128166490344535,False
2025,B,1459,1780445940.0,True,120,dependency_timeout,10,False,1.0,11.0,0.0,5.446895898547663,True,0.6373000080266344,False,5.446895898547663,True,1.0,True,6000000000.0,True,5.446895898547663,True
2025,B,1460,1780446000.0,True,120,dependency_timeout,10,False,2.0,10.0,0.0,5.446895898547663,True,0.6808688369554872,False,5.446895898547663,True,1.0,True,3000000000.0,True,5.446895898547663,True
2025,B,1461,1780446060.0,True,120,dependency_timeout,10,False,0.0,17.0,0.0,5.446895898547663,True,0.5023351281726651,False,5.446895898547663,True,1.0,True,6000000000.0,True,5.446895898547663,True
2025,B,1462,1780446120.0,True,120,dependency_timeout,10,False,0.0,9.0,0.0,5.399000997362252,True,0.5221722520332677,False,5.399000997362252,True,0.27134842463487785,False,0.6488846778869629,False,5.399000997362252,True
2025,B,1463,1780446180.0,False,-1,,10,False,0.0,13.0,0.0,-1.1303448545219412,False,0.4381103030469935,False,-1.1303448545219412,False,0.2307562658387595,False,0.16530437469482417,False,-1.1303448545219412,False
2025,B,1464,1780446240.0,False,-1,,10,False,0.0,8.0,0.0,-1.2649843897485953,False,0.41404968216060345,False,-1.2649843897485953,False,0.286649624048389,False,0.13065054416656494,False,-1.2649843897485953,False
2025,B,1465,1780446300.0,False,-1,,10,False,0.0,11.0,0.0,-0.3004723215974616,False,0.4242136165125347,False,-0.3004723215974616,False,0.24794537445720646,False,0.11199331283569336,False,-0.3004723215974616,False
2025,B,1466,1780446360.0,False,-1,,10,False,0.0,10.0,0.0,-1.5872052153744924,False,0.4091184213750122,False,-1.5872052153744924,False,0.25866249275443587,False,0.164376163482666,False,-1.5872052153744924,False
2025,B,1467,1780446420.0,False,-1,,10,False,0.0,8.0,0.0,-1.123225729194024,False,0.42183663057034104,False,-1.123225729194024,False,0.286649624048389,False,0.14065256118774416,False,-1.123225729194024,False
2025,B,1468,1780446480.0,False,-1,,10,False,0.0,14.0,0.0,-1.395856798114865,False,0.3927762402771525,False,-1.395856798114865,False,0.2237302694038766,False,0.13349461555480957,False,-1.395856798114865,False
2025,B,1469,1780446540.0,False,-1,,10,False,0.0,13.0,0.0,-1.303362042388069,False,0.4283801727083204,False,-1.303362042388069,False,0.2307562658387595,False,0.1948612213134765,False,-1.303362042388069,False
2025,B,1470,1780446600.0,False,-1,,10,False,0.0,12.0,0.0,0.4601571806724394,False,0.4721113760780247,False,0.4601571806724394,False,0.23874979971626184,False,0.237527346611023,False,0.4601571806724394,False
2025,B,1471,1780446660.0,False,-1,,10,False,0.0,8.0,0.0,-1.6348033143757963,False,0.41378284562172885,False,-1.6348033143757963,False,0.286649624048389,False,0.1586585521697998,False,-1.6348033143757963,False
2025,B,1472,1780446720.0,False,-1,,10,False,0.0,12.0,0.0,-0.7846746370855788,False,0.43232595936354945,False,-0.7846746370855788,False,0.23874979971626184,False,0.13202080726623536,False,-0.7846746370855788,False
2025,B,1473,1780446780.0,False,-1,,10,False,0.0,14.0,0.0,-0.4511387411461296,False,0.432808526672765,False,-0.4511387411461296,False,0.2237302694038766,False,0.11766190528869629,False,-0.4511387411461296,False
2025,B,1474,1780446840.0,True,121,dependency_timeout,10,False,1.0,10.0,0.0,5.446895898547663,True,0.6517886057949043,False,5.446895898547663,True,1.0,True,3000000000.0,True,5.446895898547663,True
2025,B,1475,1780446900.0,True,121,dependency_timeout,10,False,1.0,12.0,0.0,5.446895898547663,True,0.6556787398139169,False,5.446895898547663,True,1.0,True,5000000000.0,True,5.446895898547663,True
2025,B,1476,1780446960.0,True,121,dependency_timeout,10,False,2.0,14.0,0.0,5.446895898547663,True,0.6850602478770712,False,5.446895898547663,True,1.0,True,7000000000.0,True,5.446895898547663,True
2025,B,1477,1780447020.0,True,121,dependency_timeout,10,False,1.0,11.0,0.0,5.446895898547663,True,0.6578447639429539,False,5.446895898547663,True,1.0,True,6000000000.0,True,5.446895898547663,True
2025,B,1478,1780447080.0,False,-1,,10,False,0.0,7.0,0.0,-1.2752212886831806,False,0.43031579783484464,False,-1.2752212886831806,False,0.305536657637389,False,0.13334412574768065,False,-1.2752212886831806,False
2025,B,1479,1780447140.0,False,-1,,10,False,0.0,5.0,0.0,-1.2253647776684389,False,0.4622001189336494,False,-1.2253647776684389,False,0.3611766054503257,False,0.11982126235961915,False,-1.2253647776684389,False
2025,B,1480,1780447200.0,False,-1,,10,False,0.0,10.0,0.0,-1.574342159832745,False,0.41647940085873847,False,-1.574342159832745,False,0.25866249275443587,False,0.16540586948394775,False,-1.574342159832745,False
2025,B,1481,1780447260.0,False,-1,,10,False,0.0,9.0,0.0,0.09023074643684659,False,0.45478479386811566,False,0.09023074643684659,False,0.27134842463487785,False,0.12398185729980468,False,0.09023074643684659,False
2025,B,1482,1780447320.0,False,-1,,10,False,0.0,14.0,0.0,-1.9686125867338227,False,0.3972760948035421,False,-1.9686125867338227,False,0.2237302694038766,False,0.17480108737945554,False,-1.9686125867338227,False
2025,B,1483,1780447380.0,False,-1,,10,False,0.0,8.0,0.0,-1.3429208275206772,False,0.41287592391399813,False,-1.3429208275206772,False,0.286649624048389,False,0.1440173625946045,False,-1.3429208275206772,False
2025,B,1484,1780447440.0,False,-1,,10,False,0.0,7.0,0.0,-1.7400294564467913,False,0.43828312847733153,False,-1.7400294564467913,False,0.305536657637389,False,0.15507054328918454,False,-1.7400294564467913,False
2025,B,1485,1780447500.0,True,122,resource_exhaustion,10,False,1.0,11.0,0.0,5.446895898547663,True,0.6829946236235691,False,5.446895898547663,True,1.0,True,999999999.9999999,True,5.446895898547663,True
2025,B,1486,1780447560.0,True,122,resource_exhaustion,10,False,3.0,10.0,0.0,5.446895898547663,True,0.7053778099757219,True,5.446895898547663,True,1.0,True,1999999999.9999998,True,5.446895898547663,True
2025,B,1487,1780447620.0,True,122,resource_exhaustion,10,False,0.0,7.0,0.0,5.446895898547663,True,0.5562145577971102,False,5.446895898547663,True,0.305536657637389,False,0.28839030265808097,False,5.446895898547663,True
2025,B,1488,1780447680.0,False,-1,,10,False,0.0,17.0,0.0,-1.2280847332035805,False,0.39607000487324967,False,-1.2280847332035805,False,0.2068901422906054,False,0.14654769897460937,False,-1.2280847332035805,False
2025,B,1489,1780447740.0,False,-1,,10,False,0.0,7.0,0.0,-1.7436077140153428,False,0.4244090606531447,False,-1.7436077140153428,False,0.305536657637389,False,0.16209058761596679,False,-1.7436077140153428,False
2025,B,1490,1780447800.0,False,-1,,10,False,0.0,5.0,0.0,0.5714415181387045,False,0.534052646625606,False,0.5714415181387045,False,0.3611766054503257,False,0.21355695724487309,False,0.5714415181387045,False
2025,B,1491,1780447860.0,False,-1,,10,False,0.0,10.0,0.0,-1.124946007540382,False,0.41204061237999795,False,-1.124946007540382,False,0.25866249275443587,False,0.14631798267364504,False,-1.124946007540382,False
2025,B,1492,1780447920.0,False,-1,,10,False,0.0,9.0,0.0,-0.9916685683324671,False,0.4530459142208917,False,-0.9916685683324671,False,0.27134842463487785,False,0.15119438171386718,False,-0.9916685683324671,False
2025,B,1493,1780447980.0,False,-1,,10,False,0.0,9.0,0.0,-1.248961275694196,False,0.4158239831293191,False,-1.248961275694196,False,0.27134842463487785,False,0.15859003067016603,False,-1.248961275694196,False
2025,B,1494,1780448040.0,False,-1,,10,False,1.0,14.0,0.0,-0.8013786684391677,False,0.5890167662090887,False,-0.8013786684391677,False,9.119149054226854e-05,False,0.14087493419647218,False,-0.8013786684391677,False
2025,B,1495,1780448100.0,False,-1,,10,False,0.0,10.0,0.0,-1.579205404286225,False,0.41911997737889384,False,-1.579205404286225,False,0.25866249275443587,False,0.13472387790679932,False,-1.579205404286225,False
2025,B,1496,1780448160.0,True,123,permission_denied,10,False,0.0,10.0,0.0,-1.4627992909576673,False,0.41222505323123043,False,-1.4627992909576673,False,0.25866249275443587,False,0.15482685565948487,False,-1.4627992909576673,False
2025,B,1497,1780448220.0,True,123,permission_denied,10,False,0.0,12.0,0.0,2.3552962652311105,True,0.4193202606524399,False,2.3552962652311105,True,1.0,True,6000000000.0,True,2.3552962652311105,True
2025,B,1498,1780448280.0,True,123,permission_denied,10,False,0.0,6.0,0.0,1.3610967077480494,True,0.4902183143926916,False,1.3610967077480494,True,1.0,True,3000000000.0,True,1.3610967077480494,True
2025,B,1499,1780448340.0,True,123,permission_denied,10,False,0.0,11.0,0.0,3.1194538341697666,True,0.4908437726160544,False,3.1194538341697666,True,1.0,True,6000000000.0,True,3.1194538341697666,True
2025,B,1500,1780448400.0,True,123,permission_denied,10,False,0.0,8.0,0.0,-0.40502265825692607,False,0.4420179432212299,False,-0.40502265825692607,False,1.0,True,999999999.9999999,True,-0.40502265825692607,True
2025,B,1501,1780448460.0,False,-1,,10,False,0.0,15.0,0.0,-0.5165962415954919,False,0.4205215145524465,False,-0.5165962415954919,False,0.21749564832786078,False,0.14547305107116698,False,-0.5165962415954919,False
2025,B,1502,1780448520.0,False,-1,,10,False,0.0,9.0,0.0,-1.166224838674089,False,0.41528398358894403,False,-1.166224838674089,False,0.27134842463487785,False,0.13010244369506835,False,-1.166224838674089,False
2025,B,1503,1780448580.0,False,-1,,10,False,0.0,14.0,0.0,-1.2391011504668956,False,0.39752093953948037,False,-1.2391011504668956,False,0.2237302694038766,False,0.1345113754272461,False,-1.2391011504668956,False
2025,B,1504,1780448640.0,False,-1,,10,False,0.0,10.0,0.0,-0.15438295601346042,False,0.4410574670199239,False,-0.15438295601346042,False,0.25866249275443587,False,0.12621889114379883,False,-0.15438295601346042,False
2025,B,1505,1780448700.0,False,-1,,10,False,0.0,5.0,0.0,-0.9977847819012329,False,0.4691290337256879,False,-0.9977847819012329,False,0.3611766054503257,False,0.11058807373046875,False,-0.9977847819012329,False
2025,B,1506,1780448760.0,False,-1,,10,False,0.0,15.0,0.0,-1.6557670742276995,False,0.4041466378577317,False,-1.6557670742276995,False,0.21749564832786078,False,0.1470691204071045,False,-1.6557670742276995,False
2025,B,1507,1780448820.0,False,-1,,10,False,0.0,6.0,0.0,0.857927284734016,False,0.5101206941409757,False,0.857927284734016,False,0.3295348248734502,False,0.11167943477630615,False,0.857927284734016,False
2025,B,1508,1780448880.0,True,124,config_error,10,False,0.0,7.0,0.0,0.5309411011921803,False,0.4491416426216098,False,0.5309411011921803,False,1.0,True,1999999999.9999998,True,0.5309411011921803,True
2025,B,1509,1780448940.0,True,124,config_error,10,False,0.0,12.0,0.0,3.9472500509740183,True,0.45255826192182225,False,3.9472500509740183,True,1.0,True,10000000000.0,True,3.9472500509740183,True
2025,B,1510,1780449000.0,True,124,config_error,10,False,0.0,13.0,0.0,4.422318136200829,True,0.46177480960359246,False,4.422318136200829,True,1.0,True,12000000000.0,True,4.422318136200829,True
2025,B,1511,1780449060.0,True,124,config_error,10,False,0.0,11.0,0.0,4.265084505859714,True,0.4669890121131284,False,4.265084505859714,True,1.0,True,10000000000.0,True,4.265084505859714,True
2025,B,1512,1780449120.0,True,124,config_error,10,False,0.0,8.0,0.0,1.2449006472543376,True,0.459659797626196,False,1.2449006472543376,True,1.0,True,3000000000.0,True,1.2449006472543376,True
2025,B,1513,1780449180.0,False,-1,,10,False,0.0,4.0,0.0,1.6119095044062828,True,0.5733505276429927,False,1.6119095044062828,True,0.4049460998448299,False,0.10574083328247072,False,1.6119095044062828,True
2025,B,1514,1780449240.0,False,-1,,10,False,0.0,3.0,0.0,-0.6408628186995768,False,0.544169937321772,False,-0.6408628186995768,False,0.4693057298233409,False,0.1225756645202637,False,-0.6408628186995768,False
2025,B,1515,1780449300.0,False,-1,,10,False,0.0,14.0,0.0,-1.1629966306598813,False,0.41764902141957067,False,-1.1629966306598813,False,0.2237302694038766,False,0.1311882972717285,False,-1.1629966306598813,False
2025,B,1516,1780449360.0,False,-1,,10,False,0.0,9.0,0.0,-1.4557713131505645,False,0.4201091587134107,False,-1.4557713131505645,False,0.27134842463487785,False,0.1324002265930176,False,-1.4557713131505645,False
2025,B,1517,1780449420.0,False,-1,,10,False,0.0,8.0,0.0,-1.5164910833982308,False,0.4085873720692167,False,-1.5164910833982308,False,0.286649624048389,False,0.13695743083953857,False,-1.5164910833982308,False
2025,B,1518,1780449480.0,False,-1,,10,False,0.0,5.0,0.0,-0.8301127072426482,False,0.46891408236014603,False,-0.8301127072426482,False,0.3611766054503257,False,0.10901832580566406,False,-0.8301127072426482,False
2025,B,1519,1780449540.0,False,-1,,10,False,0.0,9.0,0.0,-1.1539968486171812,False,0.41464076129642796,False,-1.1539968486171812,False,0.27134842463487785,False,0.12277107238769532,False,-1.1539968486171812,False
2025,B,1520,1780449600.0,False,-1,,10,False,0.0,9.0,0.0,-1.8716024459212122,False,0.40391527016058737,False,-1.8716024459212122,False,0.27134842463487785,False,0.15816001892089843,False,-1.8716024459212122,False
2025,B,1521,1780449660.0,False,-1,,10,False,0.0,6.0,0.0,-1.2933984515826857,False,0.4590446530695451,False,-1.2933984515826857,False,0.3295348248734502,False,0.1824723482131958,False,-1.2933984515826857,False
2025,B,1522,1780449720.0,False,-1,,10,False,0.0,10.0,0.0,-1.3049023719151709,False,0.410626349385343,False,-1.3049023719151709,False,0.25866249275443587,False,0.1479046583175659,False,-1.3049023719151709,False
2025,B,1523,1780449780.0,False,-1,,10,False,0.0,7.0,0.0,-1.2330264226385808,False,0.4354487592349186,False,-1.2330264226385808,False,0.305536657637389,False,0.150742244720459,False,-1.2330264226385808,False
2025,B,1524,1780449840.0,True,125,config_error,10,False,0.0,7.0,0.0,1.840995978339421,True,0.45855676563476805,False,1.840995978339421,True,1.0,True,3999999999.9999995,True,1.840995978339421,True
2025,B,1525,1780449900.0,True,125,config_error,10,False,0.0,8.0,0.0,2.8448837361940327,True,0.4848713799329664,False,2.8448837361940327,True,1.0,True,6000000000.0,True,2.8448837361940327,True
2025,B,1526,1780449960.0,True,125,config_error,10,False,0.0,7.0,0.0,3.1972730163102336,True,0.47813447779590873,False,3.1972730163102336,True,1.0,True,6000000000.0,True,3.1972730163102336,True
2025,B,1527,1780450020.0,False,-1,,10,True,0.0,7.0,0.0,-1.6528292475415798,False,0.4339196994156431,False,-1.6528292475415798,False,0.305536657637389,False,0.1733483791351318,False,-1.6528292475415798,False
2025,B,1528,1780450080.0,False,-1,,10,True,0.0,70.0,0.0,0.3485435906672345,False,0.6080457487992313,False,0.3485435906672345,False,0.13034559702365442,False,0.15305917263031008,False,0.3485435906672345,False
2025,B,1529,1780450140.0,False,-1,,10,True,1.0,91.0,0.0,0.04345847486228127,False,0.6944365640255006,False,0.04345847486228127,False,0.0011124771136406567,False,0.16943955421447743,False,0.04345847486228127,False
2025,B,1530,1780450200.0,False,-1,,10,False,0.0,8.0,0.0,-0.3991111246087389,False,0.4326203059066454,False,-0.3991111246087389,False,0.286649624048389,False,0.10888557434082032,False,-0.3991111246087389,False
2025,B,1531,1780450260.0,False,-1,,10,False,0.0,12.0,0.0,-1.8847728851601353,False,0.3946971383958642,False,-1.8847728851601353,False,0.23874979971626184,False,0.14813892841339113,False,-1.8847728851601353,False
2025,B,1532,1780450320.0,False,-1,,10,False,0.0,6.0,0.0,-0.7342437379990701,False,0.4555472878536603,False,-0.7342437379990701,False,0.3295348248734502,False,0.10533833503723145,False,-0.7342437379990701,False
2025,B,1533,1780450380.0,False,-1,,10,False,0.0,5.0,0.0,-1.5210354686492504,False,0.4524768172276158,False,-1.5210354686492504,False,0.3611766054503257,False,0.13517293930053711,False,-1.5210354686492504,False
2025,B,1534,1780450440.0,False,-1,,10,False,0.0,5.0,0.0,0.06089547846592236,False,0.5203389222934869,False,0.06089547846592236,False,0.3611766054503257,False,0.10444974899291992,False,0.06089547846592236,False
2025,B,1535,1780450500.0,False,-1,,10,False,0.0,5.0,0.0,-1.4153912470489631,False,0.46544946225897715,False,-1.4153912470489631,False,0.3611766054503257,False,0.11468238830566406,False,-1.4153912470489631,False
2025,B,1536,1780450560.0,False,-1,,10,False,0.0,10.0,0.0,-0.9847680741240756,False,0.41444034010600816,False,-0.9847680741240756,False,0.25866249275443587,False,0.1230994462966919,False,-0.9847680741240756,False
2025,B,1537,1780450620.0,True,126,dependency_timeout,10,False,0.0,9.0,0.0,5.442977808965944,True,0.47114905618973696,False,5.442977808965944,True,0.27134842463487785,False,0.9107282638549805,False,5.442977808965944,True
2025,B,1538,1780450680.0,True,126,dependency_timeout,10,False,1.0,13.0,0.0,5.446895898547663,True,0.6426582313702529,False,5.446895898547663,True,1.0,True,3000000000.0,True,5.446895898547663,True
2025,B,1539,1780450740.0,True,126,dependency_timeout,10,False,0.0,10.0,0.0,5.446895898547663,True,0.5434008622638099,False,5.446895898547663,True,1.0,True,5000000000.0,True,5.446895898547663,True
2025,B,1540,1780450800.0,True,126,dependency_timeout,10,False,1.0,8.0,0.0,5.446895898547663,True,0.666083575896397,False,5.446895898547663,True,1.0,True,3999999999.9999995,True,5.446895898547663,True
2025,B,1541,1780450860.0,False,-1,,10,False,0.0,6.0,0.0,-1.0345385119668107,False,0.4413526538530735,False,-1.0345385119668107,False,0.3295348248734502,False,0.12371897697448732,False,-1.0345385119668107,False
2025,B,1542,1780450920.0,False,-1,,10,False,0.0,3.0,0.0,-0.8206535767156407,False,0.5667459327480824,False,-0.8206535767156407,False,0.4693057298233409,False,0.14379053115844725,False,-0.8206535767156407,False
2025,B,1543,1780450980.0,False,-1,,10,False,0.0,8.0,0.0,-1.371797830186292,False,0.43658253822435805,False,-1.371797830186292,False,0.286649624048389,False,0.17406892776489255,False,-1.371797830186292,False
2025,B,1544,1780451040.0,False,-1,,10,False,0.0,10.0,0.0,-0.5842911707854057,False,0.43699690698939947,False,-0.5842911707854057,False,0.25866249275443587,False,0.13012452125549318,False,-0.5842911707854057,False
2025,B,1545,1780451100.0,False,-1,,10,False,0.0,10.0,0.0,-1.9016739255045936,False,0.4022099207352365,False,-1.9016739255045936,False,0.25866249275443587,False,0.16652591228485109,False,-1.9016739255045936,False
2025,B,1546,1780451160.0,False,-1,,10,False,0.0,9.0,0.0,-1.4927736275696546,False,0.4092456903239491,False,-1.4927736275696546,False,0.27134842463487785,False,0.14860219955444337,False,-1.4927736275696546,False
2025,B,1547,1780451220.0,False,-1,,10,False,0.0,4.0,0.0,0.6000924727098997,False,0.5932850627913518,False,0.6000924727098997,False,0.4049460998448299,False,0.08587090969085694,False,0.6000924727098997,False
2025,B,1548,1780451280.0,True,127,permission_denied,10,False,0.0,9.0,0.0,-0.5523882576265615,False,0.4140165915182501,False,-0.5523882576265615,False,1.0,True,999999999.9999999,True,-0.5523882576265615,True
2025,B,1549,1780451340.0,True,127,permission_denied,10,False,0.0,7.0,0.0,2.059889976535886,True,0.4987046852496434,False,2.059889976535886,True,1.0,True,3999999999.9999995,True,2.059889976535886,True
2025,B,1550,1780451400.0,True,127,permission_denied,10,False,0.0,10.0,0.0,0.7318530874148781,False,0.47295795541576013,False,0.7318530874148781,False,1.0,True,1999999999.9999998,True,0.7318530874148781,True
2025,B,1551,1780451460.0,True,127,permission_denied,10,False,0.0,16.0,0.0,-1.2938408959602565,False,0.39231061396829336,False,-1.2938408959602565,False,1.0,True,999999999.9999999,True,-1.2938408959602565,True
2025,B,1552,1780451520.0,False,-1,,10,False,0.0,6.0,0.0,-1.0095855892992613,False,0.44145138929677147,False,-1.0095855892992613,False,0.3295348248734502,False,0.12371158599853516,False,-1.0095855892992613,False
2025,B,1553,1780451580.0,False,-1,,10,False,0.0,7.0,0.0,-0.8431560782989163,False,0.46345738580036017,False,-0.8431560782989163,False,0.305536657637389,False,0.10723509788513183,False,-0.8431560782989163,False
2025,B,1554,1780451640.0,False,-1,,10,False,0.0,5.0,0.0,-0.4434096407089889,False,0.4926954612862609,False,-0.4434096407089889,False,0.3611766054503257,False,0.09602994918823242,False,-0.4434096407089889,False
2025,B,1555,1780451700.0,False,-1,,10,False,0.0,3.0,0.0,-0.5451988171863436,False,0.5679417302826452,False,-0.5451988171863436,False,0.4693057298233409,False,0.17684326171875,False,-0.5451988171863436,False
2025,B,1556,1780451760.0,False,-1,,10,False,0.0,8.0,0.0,-1.622624592287102,False,0.41919708577814047,False,-1.622624592287102,False,0.286649624048389,False,0.17020468711853026,False,-1.622624592287102,False
2025,B,1557,1780451820.0,False,-1,,10,False,0.0,3.0,0.0,-0.5980204191955378,False,0.5452514957058732,False,-0.5980204191955378,False,0.4693057298233409,False,0.10291395187377932,False,-0.5980204191955378,False
2025,B,1558,1780451880.0,False,-1,,10,False,0.0,4.0,0.0,-1.1483340668932316,False,0.5083812349745387,False,-1.1483340668932316,False,0.4049460998448299,False,0.11141724586486815,False,-1.1483340668932316,False
2025,B,1559,1780451940.0,True,128,resource_exhaustion,10,False,0.0,9.0,0.0,5.446895898547663,True,0.5510327306627402,False,5.446895898547663,True,0.27134842463487785,False,0.2527872085571289,False,5.446895898547663,True
2025,B,1560,1780452000.0,True,128,resource_exhaustion,10,False,0.0,10.0,0.0,5.446895898547663,True,0.5798534072969278,False,5.446895898547663,True,1.0,True,999999999.9999999,True,5.446895898547663,True
2025,B,1561,1780452060.0,True,128,resource_exhaustion,10,False,2.0,5.0,0.0,5.446895898547663,True,0.7009084988571074,False,5.446895898547663,True,1.0,True,999999999.9999999,True,5.446895898547663,True
2025,B,1562,1780452120.0,False,-1,,10,False,0.0,6.0,0.0,-1.2729228607378626,False,0.46890579792976184,False,-1.2729228607378626,False,0.3295348248734502,False,0.11287367343902588,False,-1.2729228607378626,False
2025,B,1563,1780452180.0,False,-1,,10,False,0.0,7.0,0.0,-0.2749803787278893,False,0.44679630597786946,False,-0.2749803787278893,False,0.305536657637389,False,0.12750911712646484,False,-0.2749803787278893,False
2025,B,1564,1780452240.0,False,-1,,10,True,0.0,64.0,0.0,-0.37076262925624004,False,0.5836641578119287,False,-0.37076262925624004,False,0.13355433608815326,False,0.1742816686630248,False,-0.37076262925624004,False
2025,B,1565,1780452300.0,False,-1,,10,True,1.0,68.0,0.0,-0.09397348469775135,False,0.6760362675860201,False,-0.09397348469775135,False,0.0008693329304101125,False,0.17648243904113758,False,-0.09397348469775135,False
2025,B,1566,1780452360.0,False,-1,,10,True,0.0,10.0,0.0,-0.8707277281822634,False,0.4318463435210051,False,-0.8707277281822634,False,0.25866249275443587,False,0.13843972682952882,False,-0.8707277281822634,False
2025,B,1567,1780452420.0,False,-1,,10,False,0.0,7.0,0.0,-1.884761267517498,False,0.4302470499653835,False,-1.884761267517498,False,0.305536657637389,False,0.15709228515624998,False,-1.884761267517498,False
2025,B,1568,1780452480.0,False,-1,,10,False,0.0,9.0,0.0,-1.7679941980861305,False,0.42285550390255217,False,-1.7679941980861305,False,0.27134842463487785,False,0.14305410385131836,False,-1.7679941980861305,False
2025,B,1569,1780452540.0,False,-1,,10,False,0.0,8.0,0.0,-1.2926208124775798,False,0.41565606307583564,False,-1.2926208124775798,False,0.286649624048389,False,0.13331472873687744,False,-1.2926208124775798,False
2025,B,1570,1780452600.0,False,-1,,10,False,0.0,5.0,0.0,0.3065729381137876,False,0.5224855307376526,False,0.3065729381137876,False,0.3611766054503257,False,0.09573783874511718,False,0.3065729381137876,False
2025,B,1571,1780452660.0,True,129,permission_denied,10,False,0.0,15.0,0.0,-0.050802883063956195,False,0.3862981602421622,False,-0.050802883063956195,False,1.0,True,1999999999.9999998,True,-0.050802883063956195,True
2025,B,1572,1780452720.0,True,129,permission_denied,10,False,0.0,6.0,0.0,-0.9145699259274442,False,0.4691464913707346,False,-0.9145699259274442,False,1.0,True,999999999.9999999,True,-0.9145699259274442,True
2025,B,1573,1780452780.0,True,129,permission_denied,10,False,0.0,7.0,0.0,-0.7867593093380831,False,0.45412384513875886,False,-0.7867593093380831,False,1.0,True,999999999.9999999,True,-0.7867593093380831,True
2025,B,1574,1780452840.0,True,129,permission_denied,10,False,0.0,6.0,0.0,2.985018355556937,True,0.5090461997539458,False,2.985018355556937,True,1.0,True,5000000000.0,True,2.985018355556937,True
2025,B,1575,1780452900.0,True,129,permission_denied,10,False,0.0,4.0,0.0,-0.9435347184849796,False,0.5035705461616055,False,-0.9435347184849796,False,0.4049460998448299,False,0.14195785522460935,False,-0.9435347184849796,False
2025,B,1576,1780452960.0,False,-1,,10,False,0.0,11.0,0.0,-1.1963811032823681,False,0.4208223817366126,False,-1.1963811032823681,False,0.24794537445720646,False,0.1520037651062012,False,-1.1963811032823681,False
2025,B,1577,1780453020.0,False,-1,,10,False,0.0,6.0,0.0,-0.6449611577246488,False,0.45834427516494647,False,-0.6449611577246488,False,0.3295348248734502,False,0.10312330722808838,False,-0.6449611577246488,False
2025,B,1578,1780453080.0,False,-1,,10,False,0.0,6.0,0.0,-1.2429769977008487,False,0.46949717864351653,False,-1.2429769977008487,False,0.3295348248734502,False,0.16295230388641357,False,-1.2429769977008487,False
2025,B,1579,1780453140.0,False,-1,,10,False,0.0,9.0,0.0,-1.4970832637320086,False,0.4055061763207908,False,-1.4970832637320086,False,0.27134842463487785,False,0.1382838249206543,False,-1.4970832637320086,False
2025,B,1580,1780453200.0,False,-1,,10,False,0.0,11.0,0.0,-1.673115140889105,False,0.39284156969366374,False,-1.673115140889105,False,0.24794537445720646,False,0.14069509506225586,False,-1.673115140889105,False
2025,B,1581,1780453260.0,False,-1,,10,False,0.0,5.0,0.0,-0.39083356055490537,False,0.48705153845553784,False,-0.39083356055490537,False,0.3611766054503257,False,0.10922222137451172,False,-0.39083356055490537,False
2025,B,1582,1780453320.0,False,-1,,10,False,0.0,6.0,0.0,-1.2770209712861478,False,0.4449546211511026,False,-1.2770209712861478,False,0.3295348248734502,False,0.1143636703491211,False,-1.2770209712861478,False
2025,B,1583,1780453380.0,False,-1,,10,False,0.0,9.0,0.0,-0.9135982044322537,False,0.45030818619734697,False,-0.9135982044322537,False,0.27134842463487785,False,0.13628950119018554,False,-0.9135982044322537,False
2025,B,1584,1780453440.0,True,130,config_error,10,False,0.0,10.0,0.0,-0.6758275013811739,False,0.44484874648886347,False,-0.6758275013811739,False,0.25866249275443587,False,0.11893641948699951,False,-0.6758275013811739,False
2025,B,1585,1780453500.0,True,130,config_error,10,False,0.0,5.0,0.0,2.3223377995751044,True,0.5212489262079958,False,2.3223377995751044,True,1.0,True,3999999999.9999995,True,2.3223377995751044,True
2025,B,1586,1780453560.0,True,130,config_error,10,False,0.0,4.0,0.0,3.0750837915924736,True,0.5458339275227432,False,3.0750837915924736,True,1.0,True,3999999999.9999995,True,3.0750837915924736,True
2025,B,1587,1780453620.0,True,130,config_error,10,False,0.0,6.0,0.0,3.911145145247514,True,0.5155590430628951,False,3.911145145247514,True,1.0,True,6000000000.0,True,3.911145145247514,True
2025,B,1588,1780453680.0,True,130,config_error,10,False,0.0,7.0,0.0,1.9273351059199695,True,0.4874442381313885,False,1.9273351059199695,True,1.0,True,3999999999.9999995,True,1.9273351059199695,True
2025,B,1589,1780453740.0,False,-1,,10,False,0.0,7.0,0.0,0.8323147263442188,False,0.4851949887636226,False,0.8323147263442188,False,0.305536657637389,False,0.12218012809753417,False,0.8323147263442188,False
2025,B,1590,1780453800.0,False,-1,,10,False,0.0,9.0,0.0,-0.09370688489929258,False,0.4348574038446625,False,-0.09370688489929258,False,0.27134842463487785,False,0.13625831604003907,False,-0.09370688489929258,False
2025,B,1591,1780453860.0,False,-1,,10,False,0.0,5.0,0.0,-0.538727504735955,False,0.4820681345552989,False,-0.538727504735955,False,0.3611766054503257,False,0.13059988021850585,False,-0.538727504735955,False
2025,B,1592,1780453920.0,False,-1,,10,False,0.0,2.0,0.0,-0.6958714525030523,False,0.6331567835253967,False,-0.6958714525030523,False,0.569804061163321,True,0.11742851734161378,False,-0.6958714525030523,False
2025,B,1593,1780453980.0,False,-1,,10,False,0.0,9.0,0.0,-1.9003192267864408,False,0.4095053898371032,False,-1.9003192267864408,False,0.27134842463487785,False,0.15663814544677734,False,-1.9003192267864408,False
2025,B,1594,1780454040.0,False,-1,,10,False,0.0,2.0,0.0,-0.8464029219130653,False,0.6277491232448328,False,-0.8464029219130653,False,0.569804061163321,True,0.11199376583099366,False,-0.8464029219130653,False
2025,B,1595,1780454100.0,False,-1,,10,False,0.0,6.0,0.0,-1.5862964506665032,False,0.4466830241425495,False,-1.5862964506665032,False,0.3295348248734502,False,0.13768303394317627,False,-1.5862964506665032,False
2025,B,1596,1780454160.0,False,-1,,10,False,0.0,4.0,0.0,-0.1824686942375502,False,0.5440391271419546,False,-0.1824686942375502,False,0.4049460998448299,False,0.11374762058258056,False,-0.1824686942375502,False
2025,B,1597,1780454220.0,False,-1,,10,False,0.0,3.0,0.0,0.945132517646198,True,0.6047788256158323,False,0.945132517646198,True,0.4693057298233409,False,0.08437604904174804,False,0.945132517646198,True
2025,B,1598,1780454280.0,True,131,resource_exhaustion,10,False,0.0,7.0,0.0,5.446895898547663,True,0.5922558167622269,False,5.446895898547663,True,0.305536657637389,False,0.24342942237854004,False,5.446895898547663,True
2025,B,1599,1780454340.0,True,131,resource_exhaustion,10,False,1.0,6.0,0.0,5.446895898547663,True,0.6989393454095028,False,5.446895898547663,True,1.0,True,999999999.9999999,True,5.446895898547663,True
2025,B,1600,1780454400.0,True,131,resource_exhaustion,10,False,2.0,9.0,0.0,5.446895898547663,True,0.7062326621093444,True,5.446895898547663,True,1.0,True,1999999999.9999998,True,5.446895898547663,True
2025,B,1601,1780454460.0,True,131,resource_exhaustion,10,False,0.0,5.0,0.0,5.446895898547663,True,0.6162409793935496,False,5.446895898547663,True,0.3611766054503257,False,0.2395726203918457,False,5.446895898547663,True
2025,B,1602,1780454520.0,False,-1,,11,False,0.0,3.0,0.0,-0.7756871898123157,False,0.5498560396637284,False,-0.7756871898123157,False,0.4693057298233409,False,0.1046064853668213,False,-0.7756871898123157,False
2025,B,1603,1780454580.0,False,-1,,11,False,0.0,9.0,0.0,-0.4392315073890014,False,0.45597271514395077,False,-0.4392315073890014,False,0.27134842463487785,False,0.19994773864746093,False,-0.4392315073890014,False
2025,B,1604,1780454640.0,False,-1,,11,False,0.0,6.0,0.0,-1.766441513774156,False,0.45039428552722505,False,-1.766441513774156,False,0.3295348248734502,False,0.13352060317993164,False,-1.766441513774156,False
2025,B,1605,1780454700.0,False,-1,,11,False,0.0,8.0,0.0,-1.4543549080785576,False,0.40874602504973107,False,-1.4543549080785576,False,0.286649624048389,False,0.1371072769165039,False,-1.4543549080785576,False
2025,B,1606,1780454760.0,False,-1,,11,False,0.0,7.0,0.0,-0.8667183153843814,False,0.4459009585974482,False,-0.8667183153843814,False,0.305536657637389,False,0.12078557014465333,False,-0.8667183153843814,False
2025,B,1607,1780454820.0,False,-1,,11,False,0.0,6.0,0.0,-1.5247667724575003,False,0.4536026565215588,False,-1.5247667724575003,False,0.3295348248734502,False,0.12432229518890381,False,-1.5247667724575003,False
2025,B,1608,1780454880.0,False,-1,,11,False,0.0,11.0,0.0,-0.9583086446998124,False,0.4288859371284584,False,-0.9583086446998124,False,0.24794537445720646,False,0.15171623229980472,False,-0.9583086446998124,False
2025,B,1609,1780454940.0,False,-1,,11,False,0.0,7.0,0.0,-1.1526850498740728,False,0.43616159374259267,False,-1.1526850498740728,False,0.305536657637389,False,0.11472749710083008,False,-1.1526850498740728,False
2025,B,1610,1780455000.0,False,-1,,11,False,0.0,3.0,0.0,-0.38607463215388105,False,0.5676012231111848,False,-0.38607463215388105,False,0.4693057298233409,False,0.12024731636047363,False,-0.38607463215388105,False
2025,B,1611,1780455060.0,False,-1,,11,False,0.0,9.0,0.0,-0.7370666420340326,False,0.46848434860023463,False,-0.7370666420340326,False,0.27134842463487785,False,0.11180896759033203,False,-0.7370666420340326,False
2025,B,1612,1780455120.0,False,-1,,11,False,0.0,9.0,0.0,-1.3861550904374162,False,0.4556979382952486,False,-1.3861550904374162,False,0.27134842463487785,False,0.15246658325195311,False,-1.3861550904374162,False
2025,B,1613,1780455180.0,True,132,permission_denied,11,False,0.0,8.0,0.0,0.6656682385247148,False,0.4513346838775865,False,0.6656682385247148,False,1.0,True,1999999999.9999998,True,0.6656682385247148,True
2025,B,1614,1780455240.0,True,132,permission_denied,11,False,0.0,5.0,0.0,-0.7516380219971728,False,0.47089695655061187,False,-0.7516380219971728,False,1.0,True,999999999.9999999,True,-0.7516380219971728,True
2025,B,1615,1780455300.0,True,132,permission_denied,11,False,0.0,5.0,0.0,-0.09078144660177312,False,0.5219820929460185,False,-0.09078144660177312,False,0.3611766054503257,False,0.19226312637329104,False,-0.09078144660177312,False
2025,B,1616,1780455360.0,False,-1,,11,False,0.0,7.0,0.0,-0.47842775024938344,False,0.4710930206394921,False,-0.47842775024938344,False,0.305536657637389,False,0.17181282043457027,False,-0.47842775024938344,False
2025,B,1617,1780455420.0,False,-1,,11,False,0.0,4.0,0.0,-0.5717493749167142,False,0.5330848741223736,False,-0.5717493749167142,False,0.4049460998448299,False,0.11991236209869385,False,-0.5717493749167142,False
2025,B,1618,1780455480.0,False,-1,,11,False,0.0,9.0,0.0,-1.6744046209363734,False,0.4162765957906632,False,-1.6744046209363734,False,0.27134842463487785,False,0.13517026901245116,False,-1.6744046209363734,False
2025,B,1619,1780455540.0,False,-1,,11,False,0.0,7.0,0.0,-0.9883972378263772,False,0.4412529490483497,False,-0.9883972378263772,False,0.305536657637389,False,0.12735910415649412,False,-0.9883972378263772,False
2025,B,1620,1780455600.0,False,-1,,11,False,0.0,4.0,0.0,-0.9228974144889088,False,0.517655982668325,False,-0.9228974144889088,False,0.4049460998448299,False,0.15553507804870606,False,-0.9228974144889088,False
2025,B,1621,1780455660.0,True,133,dependency_timeout,11,False,0.0,3.0,0.0,5.446895896243057,True,0.6253122530161843,False,5.446895896243057,True,0.4693057298233409,False,0.5414815902709961,False,5.446895896243057,True
2025,B,1622,1780455720.0,True,133,dependency_timeout,11,False,0.0,1.0,0.0,5.446895898547575,True,0.7323735915656474,True,5.446895898547575,True,0.6829569059374253,True,0.6116962432861328,False,5.446895898547575,True
2025,B,1623,1780455780.0,True,133,dependency_timeout,11,False,0.0,6.0,0.0,5.446895898547663,True,0.566433205315783,False,5.446895898547663,True,1.0,True,3000000000.0,True,5.446895898547663,True
2025,B,1624,1780455840.0,True,133,dependency_timeout,11,False,0.0,7.0,0.0,5.446895898547663,True,0.5634856612297979,False,5.446895898547663,True,1.0,True,1999999999.9999998,True,5.446895898547663,True
2025,B,1625,1780455900.0,False,-1,,11,False,0.0,5.0,0.0,4.90779435470784,True,0.5533369401887279,False,4.90779435470784,True,0.3611766054503257,False,0.10437345504760744,False,4.90779435470784,True
2025,B,1626,1780455960.0,False,-1,,11,False,0.0,3.0,0.0,-0.3405652725038033,False,0.5777840795216951,False,-0.3405652725038033,False,0.4693057298233409,False,0.12668371200561523,False,-0.3405652725038033,False
2025,B,1627,1780456020.0,False,-1,,11,False,0.0,6.0,0.0,-1.5991959806332936,False,0.44003934913995324,False,-1.5991959806332936,False,0.3295348248734502,False,0.1461458206176758,False,-1.5991959806332936,False
2025,B,1628,1780456080.0,False,-1,,11,False,0.0,8.0,0.0,-1.257248126922697,False,0.4240340983082324,False,-1.257248126922697,False,0.286649624048389,False,0.14923887252807616,False,-1.257248126922697,False
2025,B,1629,1780456140.0,False,-1,,11,False,0.0,6.0,0.0,-1.4514817199850807,False,0.448656923380787,False,-1.4514817199850807,False,0.3295348248734502,False,0.16279137134552002,False,-1.4514817199850807,False
2025,B,1630,1780456200.0,False,-1,,11,False,0.0,4.0,0.0,-1.216992080742127,False,0.49171981032374973,False,-1.216992080742127,False,0.4049460998448299,False,0.1284627676010132,False,-1.216992080742127,False
2025,B,1631,1780456260.0,False,-1,,11,False,0.0,3.0,0.0,-0.4145781960494759,False,0.5490001532306888,False,-0.4145781960494759,False,0.4693057298233409,False,0.1145214557647705,False,-0.4145781960494759,False
2025,B,1632,1780456320.0,False,-1,,11,False,0.0,9.0,0.0,-1.4314059851222067,False,0.4104113990863632,False,-1.4314059851222067,False,0.27134842463487785,False,0.13913726806640625,False,-1.4314059851222067,False
2025,B,1633,1780456380.0,True,134,config_error,11,False,0.0,7.0,0.0,3.114517798688019,True,0.47745459554676606,False,3.114517798688019,True,1.0,True,6000000000.0,True,3.114517798688019,True
2025,B,1634,1780456440.0,True,134,config_error,11,False,0.0,8.0,0.0,3.4327393185635313,True,0.4712321337368264,False,3.4327393185635313,True,1.0,True,7000000000.0,True,3.4327393185635313,True
2025,B,1635,1780456500.0,True,134,config_error,11,False,0.0,1.0,0.0,4.172082789525841,True,0.7226437390993545,True,4.172082789525841,True,0.6829569059374253,True,0.0457763671875,False,4.172082789525841,True
2025,B,1636,1780456560.0,True,134,config_error,11,False,0.0,5.0,0.0,0.7675653976331995,False,0.5220048954409076,False,0.7675653976331995,False,1.0,True,1999999999.9999998,True,0.7675653976331995,True
2025,B,1637,1780456620.0,False,-1,,11,False,0.0,9.0,0.0,-1.4658581649098252,False,0.4327678672060123,False,-1.4658581649098252,False,0.27134842463487785,False,0.17326650619506836,False,-1.4658581649098252,False
2025,B,1638,1780456680.0,False,-1,,11,False,0.0,12.0,0.0,-1.7583909936256417,False,0.407421137293494,False,-1.7583909936256417,False,0.23874979971626184,False,0.17893681526184085,False,-1.7583909936256417,False
2025,B,1639,1780456740.0,False,-1,,11,False,0.0,6.0,0.0,-1.7339912767139483,False,0.4509378595765631,False,-1.7339912767139483,False,0.3295348248734502,False,0.1443558931350708,False,-1.7339912767139483,False
2025,B,1640,1780456800.0,False,-1,,11,False,0.0,3.0,0.0,-0.8034711864237236,False,0.557460249198168,False,-0.8034711864237236,False,0.4693057298233409,False,0.1260387420654297,False,-0.8034711864237236,False
2025,B,1641,1780456860.0,False,-1,,11,False,0.0,6.0,0.0,-1.458415781182528,False,0.44063741731791717,False,-1.458415781182528,False,0.3295348248734502,False,0.14276087284088135,False,-1.458415781182528,False
2025,B,1642,1780456920.0,False,-1,,11,False,0.0,8.0,0.0,-1.336682007171012,False,0.4150478361534065,False,-1.336682007171012,False,0.286649624048389,False,0.13309054374694823,False,-1.336682007171012,False
2025,B,1643,1780456980.0,False,-1,,11,False,0.0,6.0,0.0,-0.986567818530327,False,0.46431039577481614,False,-0.986567818530327,False,0.3295348248734502,False,0.19338738918304443,False,-0.986567818530327,False
2025,B,1644,1780457040.0,False,-1,,11,False,0.0,2.0,0.0,-0.30722521641929745,False,0.6248234880071083,False,-0.30722521641929745,False,0.569804061163321,True,0.11542198657989503,False,-0.30722521641929745,False
2025,B,1645,1780457100.0,True,135,config_error,11,False,0.0,10.0,0.0,3.912685450504225,True,0.4509206022926745,False,3.912685450504225,True,1.0,True,9000000000.0,True,3.912685450504225,True
2025,B,1646,1780457160.0,True,135,config_error,11,False,0.0,8.0,0.0,3.5401172153756706,True,0.46914771831601915,False,3.5401172153756706,True,1.0,True,7000000000.0,True,3.5401172153756706,True
2025,B,1647,1780457220.0,True,135,config_error,11,False,0.0,2.0,0.0,1.6120195044678263,True,0.6435140442065787,False,1.6120195044678263,True,1.0,True,1999999999.9999998,True,1.6120195044678263,True
2025,B,1648,1780457280.0,False,-1,,11,False,0.0,7.0,0.0,-1.7496130995944812,False,0.4179321199079822,False,-1.7496130995944812,False,0.305536657637389,False,0.14644150733947753,False,-1.7496130995944812,False
2025,B,1649,1780457340.0,False,-1,,11,False,0.0,5.0,0.0,-0.9587363095692254,False,0.4693199734320642,False,-0.9587363095692254,False,0.3611766054503257,False,0.11636972427368164,False,-0.9587363095692254,False
2025,B,1650,1780457400.0,False,-1,,11,False,0.0,5.0,0.0,-1.1543343091894211,False,0.4727217226500954,False,-1.1543343091894211,False,0.3611766054503257,False,0.10991172790527344,False,-1.1543343091894211,False
2025,B,1651,1780457460.0,False,-1,,11,False,0.0,6.0,0.0,-1.6796765804327611,False,0.4455948998796493,False,-1.6796765804327611,False,0.3295348248734502,False,0.16098594665527344,False,-1.6796765804327611,False
2025,B,1652,1780457520.0,False,-1,,11,False,0.0,9.0,0.0,-0.8053872007133167,False,0.4604168743074152,False,-0.8053872007133167,False,0.27134842463487785,False,0.1109260559082031,False,-0.8053872007133167,False
2025,B,1653,1780457580.0,False,-1,,11,False,0.0,3.0,0.0,0.01636873202337963,False,0.5817898070885879,False,0.01636873202337963,False,0.4693057298233409,False,0.1117143154144287,False,0.01636873202337963,False
2025,B,1654,1780457640.0,False,-1,,11,False,0.0,7.0,0.0,-0.4214167803709925,False,0.4408775338265847,False,-0.4214167803709925,False,0.305536657637389,False,0.11012964248657227,False,-0.4214167803709925,False
2025,B,1655,1780457700.0,False,-1,,11,False,0.0,6.0,0.0,-1.509707980080897,False,0.44612218875093007,False,-1.509707980080897,False,0.3295348248734502,False,0.15498089790344238,False,-1.509707980080897,False
2025,B,1656,1780457760.0,False,-1,,11,False,0.0,6.0,0.0,0.14989471875092253,False,0.48662665293674084,False,0.14989471875092253,False,0.3295348248734502,False,0.10613000392913818,False,0.14989471875092253,False
2025,B,1657,1780457820.0,True,136,config_error,11,False,0.0,2.0,0.0,1.6577719852761312,True,0.6636530947152216,False,1.6577719852761312,True,1.0,True,999999999.9999999,True,1.6577719852761312,True
2025,B,1658,1780457880.0,True,136,config_error,11,False,0.0,4.0,0.0,0.5320837162789909,False,0.564361079263143,False,0.5320837162789909,False,1.0,True,1999999999.9999998,True,0.5320837162789909,True
2025,B,1659,1780457940.0,True,136,config_error,11,False,0.0,3.0,0.0,1.417883316689096,True,0.596340840296663,False,1.417883316689096,True,1.0,True,1999999999.9999998,True,1.417883316689096,True
2025,B,1660,1780458000.0,True,136,config_error,11,False,0.0,8.0,0.0,2.7084073410425975,True,0.4611071880070501,False,2.7084073410425975,True,1.0,True,6000000000.0,True,2.7084073410425975,True
2025,B,1661,1780458060.0,True,136,config_error,11,False,0.0,7.0,0.0,-0.7369196256780324,False,0.42961781496742435,False,-0.7369196256780324,False,1.0,True,999999999.9999999,True,-0.7369196256780324,True
2025,B,1662,1780458120.0,False,-1,,11,False,0.0,2.0,0.0,0.007690452812505022,False,0.6470583306271898,False,0.007690452812505022,False,0.569804061163321,True,0.16474688053131104,False,0.007690452812505022,False
2025,B,1663,1780458180.0,False,-1,,11,False,0.0,6.0,0.0,-0.8009785369574249,False,0.459406465937911,False,-0.8009785369574249,False,0.3295348248734502,False,0.11998355388641357,False,-0.8009785369574249,False
2025,B,1664,1780458240.0,False,-1,,11,False,0.0,5.0,0.0,-0.8113187156503612,False,0.47613502467857566,False,-0.8113187156503612,False,0.3611766054503257,False,0.14352684020996093,False,-0.8113187156503612,False
2025,B,1665,1780458300.0,False,-1,,11,False,0.0,4.0,0.0,-1.3592492928932387,False,0.4948559279979165,False,-1.3592492928932387,False,0.4049460998448299,False,0.11521191596984862,False,-1.3592492928932387,False
2025,B,1666,1780458360.0,False,-1,,11,False,0.0,3.0,0.0,2.8919209237628607,True,0.6144406908940978,False,2.8919209237628607,True,0.4693057298233409,False,0.07757391929626464,False,2.8919209237628607,True
2025,B,1667,1780458420.0,False,-1,,11,False,0.0,5.0,0.0,-0.8992221928225996,False,0.4744935099856865,False,-0.8992221928225996,False,0.3611766054503257,False,0.14118642807006837,False,-0.8992221928225996,False
2025,B,1668,1780458480.0,False,-1,,11,False,0.0,6.0,0.0,-0.7877411050284362,False,0.4502459284677713,False,-0.7877411050284362,False,0.3295348248734502,False,0.11949765682220459,False,-0.7877411050284362,False
2025,B,1669,1780458540.0,True,137,dependency_timeout,11,False,0.0,5.0,0.0,-1.3242379808194196,False,0.4635869992760669,False,-1.3242379808194196,False,0.3611766054503257,False,0.1411439895629883,False,-1.3242379808194196,False
2025,B,1670,1780458600.0,True,137,dependency_timeout,11,False,1.0,3.0,0.0,5.446895898547663,True,0.7170082882074394,True,5.446895898547663,True,1.0,True,999999999.9999999,True,5.446895898547663,True
2025,B,1671,1780458660.0,True,137,dependency_timeout,11,False,2.0,8.0,0.0,5.446895898547663,True,0.6927019371171048,False,5.446895898547663,True,1.0,True,3999999999.9999995,True,5.446895898547663,True
2025,B,1672,1780458720.0,True,137,dependency_timeout,11,False,0.0,7.0,0.0,5.44689589854532,True,0.5367366037000842,False,5.44689589854532,True,0.305536657637389,False,0.8705365180969238,False,5.44689589854532,True
2025,B,1673,1780458780.0,True,137,dependency_timeout,11,False,0.0,3.0,0.0,-0.6703514783459168,False,0.5681042234495048,False,-0.6703514783459168,False,0.4693057298233409,False,0.11811347007751465,False,-0.6703514783459168,False
2025,B,1674,1780458840.0,False,-1,,11,False,0.0,1.0,0.0,0.19827532093501965,False,0.7125573558824062,True,0.19827532093501965,False,0.6829569059374253,True,0.07446765899658203,False,0.19827532093501965,False
2025,B,1675,1780458900.0,False,-1,,11,False,0.0,5.0,0.0,-1.381654296300031,False,0.4628266325654927,False,-1.381654296300031,False,0.3611766054503257,False,0.1363300323486328,False,-1.381654296300031,False
2025,B,1676,1780458960.0,False,-1,,11,False,0.0,3.0,0.0,-0.44634734962796685,False,0.5542167414286167,False,-0.44634734962796685,False,0.4693057298233409,False,0.1308631420135498,False,-0.44634734962796685,False
2025,B,1677,1780459020.0,False,-1,,11,False,0.0,7.0,0.0,-1.7472326144593477,False,0.4301847063320736,False,-1.7472326144593477,False,0.305536657637389,False,0.13898363113403317,False,-1.7472326144593477,False
2025,B,1678,1780459080.0,False,-1,,11,False,0.0,5.0,0.0,-1.2697009622538218,False,0.47019029623536845,False,-1.2697009622538218,False,0.3611766054503257,False,0.16619434356689453,False,-1.2697009622538218,False
2025,B,1679,1780459140.0,False,-1,,11,False,0.0,4.0,0.0,-1.5266789160532603,False,0.4985602463881565,False,-1.5266789160532603,False,0.4049460998448299,False,0.13188140392303466,False,-1.5266789160532603,False
2025,B,1680,1780459200.0,False,-1,,11,False,0.0,3.0,0.0,-0.7657940444543945,False,0.5718128537728138,False,-0.7657940444543945,False,0.4693057298233409,False,0.14446496963500977,False,-0.7657940444543945,False
2025,B,1681,1780459260.0,True,138,permission_denied,11,False,0.0,4.0,0.0,1.2046998846603039,True,0.5553786477184135,False,1.2046998846603039,True,1.0,True,999999999.9999999,True,1.2046998846603039,True
2025,B,1682,1780459320.0,True,138,permission_denied,11,False,0.0,7.0,0.0,1.8508853886099144,True,0.45592770222951257,False,1.8508853886099144,True,1.0,True,3999999999.9999995,True,1.8508853886099144,True
2025,B,1683,1780459380.0,True,138,permission_denied,11,False,0.0,3.0,0.0,1.0028064484127404,True,0.5903798558786749,False,1.0028064484127404,True,1.0,True,1999999999.9999998,True,1.0028064484127404,True
2025,B,1684,1780459440.0,True,138,permission_denied,11,False,0.0,7.0,0.0,0.048574013829654206,False,0.4406739223765264,False,0.048574013829654206,False,1.0,True,1999999999.9999998,True,0.048574013829654206,True
2025,B,1685,1780459500.0,False,-1,,11,False,0.0,6.0,0.0,-0.36056134543477114,False,0.49341962744601847,False,-0.36056134543477114,False,0.3295348248734502,False,0.20021748542785645,False,-0.36056134543477114,False
2025,B,1686,1780459560.0,False,-1,,11,False,0.0,8.0,0.0,-1.3732202864996976,False,0.4222289378001682,False,-1.3732202864996976,False,0.286649624048389,False,0.15426962375640868,False,-1.3732202864996976,False
2025,B,1687,1780459620.0,False,-1,,11,False,0.0,6.0,0.0,-1.2535739654153248,False,0.44920078503813315,False,-1.2535739654153248,False,0.3295348248734502,False,0.13198351860046384,False,-1.2535739654153248,False
2025,B,1688,1780459680.0,False,-1,,11,False,0.0,3.0,0.0,-0.37422884927489,False,0.5706922196397005,False,-0.37422884927489,False,0.4693057298233409,False,0.12206859588623047,False,-0.37422884927489,False
2025,B,1689,1780459740.0,False,-1,,11,False,0.0,4.0,0.0,0.28277240592808184,False,0.5543305316009076,False,0.28277240592808184,False,0.4049460998448299,False,0.11992752552032471,False,0.28277240592808184,False
2025,B,1690,1780459800.0,False,-1,,11,False,0.0,6.0,0.0,-0.292935795955386,False,0.49680820190497976,False,-0.292935795955386,False,0.3295348248734502,False,0.17490851879119873,False,-0.292935795955386,False
2025,B,1691,1780459860.0,False,-1,,11,False,0.0,3.0,0.0,-0.25241585481034434,False,0.5473035686448329,False,-0.25241585481034434,False,0.4693057298233409,False,0.11181125640869143,False,-0.25241585481034434,False
2025,B,1692,1780459920.0,False,-1,,11,False,0.0,7.0,0.0,-1.6334893003839897,False,0.4283051145078499,False,-1.6334893003839897,False,0.305536657637389,False,0.16917090415954586,False,-1.6334893003839897,False
2025,B,1693,1780459980.0,False,-1,,11,False,0.0,6.0,0.0,-1.5420469719770056,False,0.4488398361943681,False,-1.5420469719770056,False,0.3295348248734502,False,0.14968609809875488,False,-1.5420469719770056,False
2025,B,1694,1780460040.0,True,139,dependency_timeout,11,False,0.0,2.0,0.0,0.022149280702080887,False,0.648059889608209,False,0.022149280702080887,False,0.569804061163321,True,0.10286173820495606,False,0.022149280702080887,False
2025,B,1695,1780460100.0,True,139,dependency_timeout,11,False,1.0,5.0,0.0,5.446895898547663,True,0.6766631958039487,False,5.446895898547663,True,1.0,True,999999999.9999999,True,5.446895898547663,True
2025,B,1696,1780460160.0,True,139,dependency_timeout,11,False,0.0,7.0,0.0,5.446895898547663,True,0.5480595200719169,False,5.446895898547663,True,1.0,True,1999999999.9999998,True,5.446895898547663,True
2025,B,1697,1780460220.0,True,139,dependency_timeout,11,False,1.0,7.0,0.0,5.446895898547663,True,0.638676407678781,False,5.446895898547663,True,1.0,True,999999999.9999999,True,5.446895898547663,True
2025,B,1698,1780460280.0,False,-1,,11,False,0.0,8.0,0.0,-0.42565549402711245,False,0.45954566387448875,False,-0.42565549402711245,False,0.286649624048389,False,0.10353219509124756,False,-0.42565549402711245,False
2025,B,1699,1780460340.0,False,-1,,11,True,0.0,47.0,0.0,-0.6827209497749642,False,0.5156831329510051,False,-0.6827209497749642,False,0.1458937703166382,False,0.1694550514221191,False,-0.6827209497749642,False
2025,B,1700,1780460400.0,False,-1,,11,True,0.0,54.0,0.0,-0.7783819788661672,False,0.5513505803626444,False,-0.7783819788661672,False,0.14008295178949687,False,0.17589254379272456,False,-0.7783819788661672,False
2025,B,1701,1780460460.0,False,-1,,11,True,0.0,11.0,0.0,-0.33281825737572923,False,0.46538362317663956,False,-0.33281825737572923,False,0.24794537445720646,False,0.15815567970275882,False,-0.33281825737572923,False
2025,B,1702,1780460520.0,False,-1,,11,False,0.0,3.0,0.0,-0.6474538915416552,False,0.560320090114314,False,-0.6474538915416552,False,0.4693057298233409,False,0.12399811744689941,False,-0.6474538915416552,False
2025,B,1703,1780460580.0,False,-1,,11,False,0.0,5.0,0.0,-1.069050791838018,False,0.48841590900184906,False,-1.069050791838018,False,0.3611766054503257,False,0.11650085449218749,False,-1.069050791838018,False
2025,B,1704,1780460640.0,False,-1,,11,False,0.0,3.0,0.0,-0.8058361658280591,False,0.5594991623292452,False,-0.8058361658280591,False,0.4693057298233409,False,0.09211897850036621,False,-0.8058361658280591,False
2025,B,1705,1780460700.0,False,-1,,11,False,0.0,8.0,0.0,-1.436039838908611,False,0.4116216031846664,False,-1.436039838908611,False,0.286649624048389,False,0.1446958065032959,False,-1.436039838908611,False
2025,B,1706,1780460760.0,False,-1,,11,False,0.0,4.0,0.0,2.039640792791551,True,0.595766110766582,False,2.039640792791551,True,0.4049460998448299,False,0.1373453378677368,False,2.039640792791551,True
2025,B,1707,1780460820.0,False,-1,,11,False,0.0,3.0,0.0,-0.7229781097131367,False,0.5616727763483919,False,-0.7229781097131367,False,0.4693057298233409,False,0.12457776069641113,False,-0.7229781097131367,False
2025,B,1708,1780460880.0,True,140,resource_exhaustion,11,False,0.0,4.0,0.0,5.446895898547663,True,0.6421568700005439,False,5.446895898547663,True,0.4049460998448299,False,0.3065683364868164,False,5.446895898547663,True
2025,B,1709,1780460940.0,True,140,resource_exhaustion,11,False,1.0,4.0,0.0,5.446895898547663,True,0.7281912660834847,True,5.446895898547663,True,1.0,True,1999999999.9999998,True,5.446895898547663,True
2025,B,1710,1780461000.0,True,140,resource_exhaustion,11,False,2.0,6.0,0.0,5.446895898547663,True,0.7150222200495504,True,5.446895898547663,True,1.0,True,999999999.9999999,True,5.446895898547663,True
2025,B,1711,1780461060.0,False,-1,,11,False,0.0,3.0,0.0,-0.56598153058978,False,0.5510642195069397,False,-0.56598153058978,False,0.4693057298233409,False,0.15675005912780762,False,-0.56598153058978,False
2025,B,1712,1780461120.0,False,-1,,11,False,0.0,6.0,0.0,-1.2324737302587758,False,0.4563372575905066,False,-1.2324737302587758,False,0.3295348248734502,False,0.14335691928863525,False,-1.2324737302587758,False
2025,B,1713,1780461180.0,False,-1,,11,False,0.0,10.0,0.0,-1.4734249525816034,False,0.4139002839530383,False,-1.4734249525816034,False,0.25866249275443587,False,0.16601550579071045,False,-1.4734249525816034,False
2025,B,1714,1780461240.0,False,-1,,11,False,0.0,7.0,0.0,-0.9202066691616775,False,0.43520015784853855,False,-0.9202066691616775,False,0.305536657637389,False,0.1290975570678711,False,-0.9202066691616775,False
2025,B,1715,1780461300.0,False,-1,,11,False,0.0,7.0,0.0,1.825899182121105,True,0.4941549978553223,False,1.825899182121105,True,0.305536657637389,False,0.14651317596435542,False,1.825899182121105,True
2025,B,1716,1780461360.0,False,-1,,11,False,0.0,7.0,0.0,-1.5155082619301785,False,0.4420956085874136,False,-1.5155082619301785,False,0.305536657637389,False,0.1447797298431396,False,-1.5155082619301785,False
2025,B,1717,1780461420.0,False,-1,,11,False,0.0,3.0,0.0,-1.0551906257073833,False,0.552280751873307,False,-1.0551906257073833,False,0.4693057298233409,False,0.14384241104125978,False,-1.0551906257073833,False
2025,B,1718,1780461480.0,True,141,resource_exhaustion,11,False,0.0,3.0,0.0,5.4468958985476625,True,0.6136404837064383,False,5.4468958985476625,True,0.4693057298233409,False,0.1604011058807373,False,5.4468958985476625,True
2025,B,1719,1780461540.0,True,141,resource_exhaustion,11,False,0.0,9.0,0.0,5.446895898547663,True,0.5787174159456638,False,5.446895898547663,True,0.27134842463487785,False,0.295063591003418,False,5.446895898547663,True
2025,B,1720,1780461600.0,True,141,resource_exhaustion,11,False,1.0,4.0,0.0,5.446895898547663,True,0.7171111487250739,True,5.446895898547663,True,1.0,True,999999999.9999999,True,5.446895898547663,True
2025,B,1721,1780461660.0,True,141,resource_exhaustion,11,False,0.0,5.0,0.0,5.446895898547663,True,0.6202659581036027,False,5.446895898547663,True,0.3611766054503257,False,0.25101165771484374,False,5.446895898547663,True
2025,B,1722,1780461720.0,True,141,resource_exhaustion,11,False,0.0,5.0,0.0,5.446895898547663,True,0.6010052357018282,False,5.446895898547663,True,0.3611766054503257,False,0.2110837936401367,False,5.446895898547663,True
2025,B,1723,1780461780.0,False,-1,,11,False,0.0,3.0,0.0,-0.5137023272217665,False,0.544902527847628,False,-0.5137023272217665,False,0.4693057298233409,False,0.11630501747131346,False,-0.5137023272217665,False
2025,B,1724,1780461840.0,False,-1,,11,False,0.0,4.0,0.0,-0.37539424184345904,False,0.5172894465010914,False,-0.37539424184345904,False,0.4049460998448299,False,0.12926626205444336,False,-0.37539424184345904,False
2025,B,1725,1780461900.0,False,-1,,11,False,0.0,6.0,0.0,-1.3828177033003968,False,0.4401771714113161,False,-1.3828177033003968,False,0.3295348248734502,False,0.1201314926147461,False,-1.3828177033003968,False
2025,B,1726,1780461960.0,False,-1,,11,False,0.0,7.0,0.0,-1.3605965087515806,False,0.4324852912370281,False,-1.3605965087515806,False,0.305536657637389,False,0.14996442794799805,False,-1.3605965087515806,False
2025,B,1727,1780462020.0,False,-1,,11,False,0.0,11.0,0.0,-1.301856570853535,False,0.4042437901935531,False,-1.301856570853535,False,0.24794537445720646,False,0.13083744049072268,False,-1.301856570853535,False
2025,B,1728,1780462080.0,False,-1,,11,False,0.0,9.0,0.0,-1.5446181812094917,False,0.41213063451207316,False,-1.5446181812094917,False,0.27134842463487785,False,0.1612339973449707,False,-1.5446181812094917,False
2025,B,1729,1780462140.0,False,-1,,11,False,0.0,6.0,0.0,-0.7371145403163055,False,0.4657935772569641,False,-0.7371145403163055,False,0.3295348248734502,False,0.10060667991638184,False,-0.7371145403163055,False
2025,B,1730,1780462200.0,False,-1,,11,False,0.0,5.0,0.0,-1.4206112719081778,False,0.46431372502437296,False,-1.4206112719081778,False,0.3611766054503257,False,0.1521200180053711,False,-1.4206112719081778,False
2025,B,1731,1780462260.0,False,-1,,11,False,0.0,4.0,0.0,0.014566944186029218,False,0.5591135709539968,False,0.014566944186029218,False,0.4049460998448299,False,0.1680163860321045,False,0.014566944186029218,False
2025,B,1732,1780462320.0,True,142,resource_exhaustion,11,False,0.0,5.0,0.0,5.446895898547663,True,0.6047962277792116,False,5.446895898547663,True,0.3611766054503257,False,0.2177002906799316,False,5.446895898547663,True
2025,B,1733,1780462380.0,True,142,resource_exhaustion,11,False,0.0,2.0,0.0,5.446895898547663,True,0.7142339420083998,True,5.446895898547663,True,1.0,True,999999999.9999999,True,5.446895898547663,True
2025,B,1734,1780462440.0,True,142,resource_exhaustion,11,False,2.0,6.0,0.0,5.446895898547663,True,0.7150222200495504,True,5.446895898547663,True,1.0,True,999999999.9999999,True,5.446895898547663,True
2025,B,1735,1780462500.0,False,-1,,11,False,0.0,6.0,0.0,-1.7058755561858474,False,0.4346755285699521,False,-1.7058755561858474,False,0.3295348248734502,False,0.13587164878845215,False,-1.7058755561858474,False
2025,B,1736,1780462560.0,False,-1,,11,False,0.0,4.0,0.0,-1.3226038746828355,False,0.5019260540577322,False,-1.3226038746828355,False,0.4049460998448299,False,0.14626057147979735,False,-1.3226038746828355,False
2025,B,1737,1780462620.0,False,-1,,11,False,0.0,6.0,0.0,-1.0277899457542272,False,0.44136808657917687,False,-1.0277899457542272,False,0.3295348248734502,False,0.12212276458740234,False,-1.0277899457542272,False
2025,B,1738,1780462680.0,False,-1,,11,False,0.0,10.0,0.0,-1.675458471521897,False,0.40491342634367905,False,-1.675458471521897,False,0.25866249275443587,False,0.13704862594604492,False,-1.675458471521897,False
2025,B,1739,1780462740.0,False,-1,,11,False,0.0,4.0,0.0,-1.077266149132167,False,0.5055011984263015,False,-1.077266149132167,False,0.4049460998448299,False,0.1217005729675293,False,-1.077266149132167,False
2025,B,1740,1780462800.0,False,-1,,11,False,0.0,3.0,0.0,-0.5287871069457086,False,0.5596132357116474,False,-0.5287871069457086,False,0.4693057298233409,False,0.12706708908081055,False,-0.5287871069457086,False
2025,B,1741,1780462860.0,False,-1,,11,False,0.0,6.0,0.0,-1.6382160643016128,False,0.4444466958996244,False,-1.6382160643016128,False,0.3295348248734502,False,0.16442584991455078,False,-1.6382160643016128,False
2025,B,1742,1780462920.0,False,-1,,11,False,0.0,9.0,0.0,-1.0540999712822368,False,0.4521966025074801,False,-1.0540999712822368,False,0.27134842463487785,False,0.12605161666870116,False,-1.0540999712822368,False
2025,B,1743,1780462980.0,True,143,permission_denied,11,False,0.0,5.0,0.0,0.22978543720960687,False,0.5014319093349833,False,0.22978543720960687,False,1.0,True,999999999.9999999,True,0.22978543720960687,True
2025,B,1744,1780463040.0,True,143,permission_denied,11,False,0.0,4.0,0.0,0.1728735559259693,False,0.538822245714335,False,0.1728735559259693,False,1.0,True,999999999.9999999,True,0.1728735559259693,True
2025,B,1745,1780463100.0,True,143,permission_denied,11,False,0.0,13.0,0.0,3.2164665229585494,True,0.4331098285311639,False,3.2164665229585494,True,1.0,True,7999999999.999999,True,3.2164665229585494,True
2025,B,1746,1780463160.0,True,143,permission_denied,11,False,0.0,2.0,0.0,0.5803940375503585,False,0.6483217601232514,False,0.5803940375503585,False,1.0,True,999999999.9999999,True,0.5803940375503585,True
2025,B,1747,1780463220.0,False,-1,,12,False,0.0,6.0,0.0,-0.708148635012412,False,0.48524162204395316,False,-0.708148635012412,False,0.3295348248734502,False,0.1922723054885864,False,-0.708148635012412,False
2025,B,1748,1780463280.0,False,-1,,12,False,0.0,6.0,0.0,-1.269294615642747,False,0.4477861819766059,False,-1.269294615642747,False,0.3295348248734502,False,0.1456153392791748,False,-1.269294615642747,False
2025,B,1749,1780463340.0,False,-1,,12,False,0.0,3.0,0.0,-0.2096573365784451,False,0.5489607656186833,False,-0.2096573365784451,False,0.4693057298233409,False,0.116341495513916,False,-0.2096573365784451,False
2025,B,1750,1780463400.0,False,-1,,12,False,0.0,3.0,0.0,-0.8166617872314763,False,0.5554702683940931,False,-0.8166617872314763,False,0.4693057298233409,False,0.1470639228820801,False,-0.8166617872314763,False
2025,B,1751,1780463460.0,False,-1,,12,False,0.0,7.0,0.0,-1.1513261195585116,False,0.4336826076605598,False,-1.1513261195585116,False,0.305536657637389,False,0.14436068534851074,False,-1.1513261195585116,False
2025,B,1752,1780463520.0,False,-1,,12,False,0.0,8.0,0.0,-1.4238518880286994,False,0.4124729603825056,False,-1.4238518880286994,False,0.286649624048389,False,0.13782627582550047,False,-1.4238518880286994,False
2025,B,1753,1780463580.0,False,-1,,12,False,0.0,5.0,0.0,-0.9327507183690509,False,0.4819458627623976,False,-0.9327507183690509,False,0.3611766054503257,False,0.18619661331176757,False,-0.9327507183690509,False
2025,B,1754,1780463640.0,False,-1,,12,False,0.0,11.0,0.0,-1.9829215280890162,False,0.39898671335808594,False,-1.9829215280890162,False,0.24794537445720646,False,0.15922236442565918,False,-1.9829215280890162,False
2025,B,1755,1780463700.0,False,-1,,12,False,0.0,6.0,0.0,-1.623948481324275,False,0.4486793658952681,False,-1.623948481324275,False,0.3295348248734502,False,0.14784967899322513,False,-1.623948481324275,False
2025,B,1756,1780463760.0,False,-1,,12,False,0.0,8.0,0.0,-1.4119153230961876,False,0.4467447977748533,False,-1.4119153230961876,False,0.286649624048389,False,0.15101447105407714,False,-1.4119153230961876,False
2025,B,1757,1780463820.0,False,-1,,12,False,0.0,9.0,0.0,-1.1805977708997357,False,0.4370244554777312,False,-1.1805977708997357,False,0.27134842463487785,False,0.1686701774597168,False,-1.1805977708997357,False
2025,B,1758,1780463880.0,True,144,config_error,12,False,0.0,4.0,0.0,2.133816742850726,True,0.5492755947785933,False,2.133816742850726,True,1.0,True,3000000000.0,True,2.133816742850726,True
2025,B,1759,1780463940.0,True,144,config_error,12,False,0.0,5.0,0.0,2.174939198028724,True,0.5009925403381321,False,2.174939198028724,True,1.0,True,3999999999.9999995,True,2.174939198028724,True
2025,B,1760,1780464000.0,True,144,config_error,12,False,0.0,5.0,0.0,-0.5101983342739844,False,0.46902879594190605,False,-0.5101983342739844,False,1.0,True,999999999.9999999,True,-0.5101983342739844,True
2025,B,1761,1780464060.0,False,-1,,12,False,0.0,8.0,0.0,-0.8166803527088193,False,0.4610019859353063,False,-0.8166803527088193,False,0.286649624048389,False,0.20469210147857664,False,-0.8166803527088193,False
2025,B,1762,1780464120.0,False,-1,,12,False,0.0,7.0,0.0,-1.8033077020773813,False,0.42299810381089603,False,-1.8033077020773813,False,0.305536657637389,False,0.1359630584716797,False,-1.8033077020773813,False
2025,B,1763,1780464180.0,False,-1,,12,False,0.0,4.0,0.0,-0.6344007513267611,False,0.5435431987219812,False,-0.6344007513267611,False,0.4049460998448299,False,0.11078569889068604,False,-0.6344007513267611,False
2025,B,1764,1780464240.0,False,-1,,12,False,0.0,5.0,0.0,0.18130309620045892,False,0.5159105632284613,False,0.18130309620045892,False,0.3611766054503257,False,0.16888189315795898,False,0.18130309620045892,False
2025,B,1765,1780464300.0,False,-1,,12,False,0.0,13.0,0.0,-1.6100022263866904,False,0.41704637838153996,False,-1.6100022263866904,False,0.2307562658387595,False,0.18925905227661133,False,-1.6100022263866904,False
2025,B,1766,1780464360.0,False,-1,,12,False,0.0,5.0,0.0,-0.8251892002894881,False,0.4715210754403132,False,-0.8251892002894881,False,0.3611766054503257,False,0.10823841094970703,False,-0.8251892002894881,False
2025,B,1767,1780464420.0,False,-1,,12,False,0.0,8.0,0.0,-0.6707294796045495,False,0.4345426788346076,False,-0.6707294796045495,False,0.286649624048389,False,0.11049163341522215,False,-0.6707294796045495,False
2025,B,1768,1780464480.0,False,-1,,12,False,0.0,6.0,0.0,-0.2998659582754719,False,0.48670576980887215,False,-0.2998659582754719,False,0.3295348248734502,False,0.142885684967041,False,-0.2998659582754719,False
2025,B,1769,1780464540.0,False,-1,,12,False,0.0,7.0,0.0,-0.12788718395120924,False,0.48341104699345844,False,-0.12788718395120924,False,0.305536657637389,False,0.11585645675659179,False,-0.12788718395120924,False
2025,B,1770,1780464600.0,False,-1,,12,False,0.0,9.0,0.0,-0.2246326318644032,False,0.4406280758805117,False,-0.2246326318644032,False,0.27134842463487785,False,0.10776090621948244,False,-0.2246326318644032,False
2025,B,1771,1780464660.0,True,145,resource_exhaustion,12,False,0.0,9.0,0.0,5.446895898547663,True,0.5742573064598697,False,5.446895898547663,True,0.27134842463487785,False,0.24185819625854488,False,5.446895898547663,True
2025,B,1772,1780464720.0,True,145,resource_exhaustion,12,False,1.0,4.0,0.0,5.446895898547663,True,0.7099291689458408,True,5.446895898547663,True,1.0,True,999999999.9999999,True,5.446895898547663,True
2025,B,1773,1780464780.0,True,145,resource_exhaustion,12,False,0.0,6.0,0.0,5.446895898547663,True,0.6026922409631925,False,5.446895898547663,True,0.3295348248734502,False,0.22969698905944824,False,5.446895898547663,True
2025,B,1774,1780464840.0,True,145,resource_exhaustion,12,False,0.0,10.0,0.0,5.446895898547663,True,0.5596773545707088,False,5.446895898547663,True,0.25866249275443587,False,0.25061283111572263,False,5.446895898547663,True
2025,B,1775,1780464900.0,False,-1,,12,False,0.0,8.0,0.0,-1.1143976529600428,False,0.42790458733718006,False,-1.1143976529600428,False,0.286649624048389,False,0.14743623733520508,False,-1.1143976529600428,False
2025,B,1776,1780464960.0,False,-1,,12,False,0.0,6.0,0.0,-1.5296839961165638,False,0.44316872208762315,False,-1.5296839961165638,False,0.3295348248734502,False,0.15178227424621582,False,-1.5296839961165638,False
2025,B,1777,1780465020.0,False,-1,,12,False,0.0,6.0,0.0,-1.487462831697032,False,0.4663138475488041,False,-1.487462831697032,False,0.3295348248734502,False,0.14099466800689697,False,-1.487462831697032,False
2025,B,1778,1780465080.0,False,-1,,12,False,0.0,6.0,0.0,-1.5731557299261176,False,0.4356791831430194,False,-1.5731557299261176,False,0.3295348248734502,False,0.13981926441192627,False,-1.5731557299261176,False
2025,B,1779,1780465140.0,False,-1,,12,False,0.0,5.0,0.0,-0.835594850229942,False,0.46704565863194875,False,-0.835594850229942,False,0.3611766054503257,False,0.12445907592773436,False,-0.835594850229942,False
2025,B,1780,1780465200.0,False,-1,,12,False,0.0,8.0,0.0,-0.5669690487267252,False,0.44866656010094674,False,-0.5669690487267252,False,0.286649624048389,False,0.12821691036224364,False,-0.5669690487267252,False
2025,B,1781,1780465260.0,False,-1,,12,False,0.0,8.0,0.0,-1.303714992041031,False,0.41550333718109883,False,-1.303714992041031,False,0.286649624048389,False,0.12360157966613769,False,-1.303714992041031,False
2025,B,1782,1780465320.0,False,-1,,12,False,0.0,9.0,0.0,-0.24949542860578244,False,0.45150140887765905,False,-0.24949542860578244,False,0.27134842463487785,False,0.12673730850219728,False,-0.24949542860578244,False
2025,B,1783,1780465380.0,False,-1,,12,False,0.0,8.0,0.0,0.018168489148524536,False,0.46899040699152567,False,0.018168489148524536,False,0.286649624048389,False,0.1342200994491577,False,0.018168489148524536,False
2025,B,1784,1780465440.0,False,-1,,12,False,0.0,4.0,0.0,-0.9749199818323202,False,0.5040668490753819,False,-0.9749199818323202,False,0.4049460998448299,False,0.12896487712860108,False,-0.9749199818323202,False
2025,B,1785,1780465500.0,True,146,config_error,12,False,0.0,6.0,0.0,0.6790354233731364,False,0.4927198967522507,False,0.6790354233731364,False,1.0,True,1999999999.9999998,True,0.6790354233731364,True
2025,B,1786,1780465560.0,True,146,config_error,12,False,0.0,6.0,0.0,3.881079031548894,True,0.4951828286241928,False,3.881079031548894,True,1.0,True,6000000000.0,True,3.881079031548894,True
2025,B,1787,1780465620.0,True,146,config_error,12,False,0.0,6.0,0.0,1.6952762753424877,True,0.4859381116673296,False,1.6952762753424877,True,1.0,True,3999999999.9999995,True,1.6952762753424877,True
2025,B,1788,1780465680.0,True,146,config_error,12,False,0.0,9.0,0.0,4.4793620883567575,True,0.48074226612793086,False,4.4793620883567575,True,1.0,True,9000000000.0,True,4.4793620883567575,True
2025,B,1789,1780465740.0,True,146,config_error,12,False,0.0,1.0,0.0,2.7022589837891764,True,0.7195380260034534,True,2.7022589837891764,True,0.6829569059374253,True,0.1467490196228027,False,2.7022589837891764,True
2025,B,1790,1780465800.0,False,-1,,12,False,0.0,4.0,0.0,-0.4812194466901607,False,0.5370101577581935,False,-0.4812194466901607,False,0.4049460998448299,False,0.127280330657959,False,-0.4812194466901607,False
2025,B,1791,1780465860.0,False,-1,,12,False,0.0,9.0,0.0,-1.486040851507676,False,0.41097211345951634,False,-1.486040851507676,False,0.27134842463487785,False,0.13561782836914063,False,-1.486040851507676,False
2025,B,1792,1780465920.0,False,-1,,12,False,0.0,4.0,0.0,-1.394891558833863,False,0.4936882079422561,False,-1.394891558833863,False,0.4049460998448299,False,0.1399280071258545,False,-1.394891558833863,False
2025,B,1793,1780465980.0,False,-1,,12,False,0.0,8.0,0.0,0.1216834339428825,False,0.48124506725290705,False,0.1216834339428825,False,0.286649624048389,False,0.09255728721618653,False,0.1216834339428825,False
2025,B,1794,1780466040.0,False,-1,,12,False,0.0,5.0,0.0,-0.6279093348813101,False,0.5059793534067958,False,-0.6279093348813101,False,0.3611766054503257,False,0.15848388671875,False,-0.6279093348813101,False
2025,B,1795,1780466100.0,False,-1,,12,False,0.0,6.0,0.0,0.5371342306060569,False,0.4993780642061246,False,0.5371342306060569,False,0.3295348248734502,False,0.1359199285507202,False,0.5371342306060569,False
2025,B,1796,1780466160.0,False,-1,,12,False,0.0,6.0,0.0,-1.215094754734995,False,0.4457866954623155,False,-1.215094754734995,False,0.3295348248734502,False,0.11771726608276367,False,-1.215094754734995,False
2025,B,1797,1780466220.0,False,-1,,12,False,0.0,7.0,0.0,-1.2927506002108142,False,0.4299733753529159,False,-1.2927506002108142,False,0.305536657637389,False,0.14322009086608883,False,-1.2927506002108142,False
2025,B,1798,1780466280.0,False,-1,,12,False,0.0,4.0,0.0,-1.4332452256890633,False,0.5005498347386832,False,-1.4332452256890633,False,0.4049460998448299,False,0.11458923816680908,False,-1.4332452256890633,False
2025,B,1799,1780466340.0,True,147,permission_denied,12,False,0.0,6.0,0.0,0.39642724795961204,False,0.4543511161479311,False,0.39642724795961204,False,1.0,True,1999999999.9999998,True,0.39642724795961204,True
2025,B,1800,1780466400.0,True,147,permission_denied,12,False,0.0,2.0,0.0,-0.025899759137883116,False,0.6319822016912547,False,-0.025899759137883116,False,0.569804061163321,True,0.12687668800354004,False,-0.025899759137883116,False
2025,B,1801,1780466460.0,True,147,permission_denied,12,False,0.0,11.0,0.0,2.85144430654045,True,0.4212839455986728,False,2.85144430654045,True,1.0,True,7000000000.0,True,2.85144430654045,True
2025,B,1802,1780466520.0,False,-1,,12,False,0.0,5.0,0.0,-0.8972884801332288,False,0.4815824937219734,False,-0.8972884801332288,False,0.3611766054503257,False,0.14482507705688477,False,-0.8972884801332288,False
2025,B,1803,1780466580.0,False,-1,,12,False,0.0,9.0,0.0,-1.5445380426694184,False,0.41085168498118996,False,-1.5445380426694184,False,0.27134842463487785,False,0.15612430572509767,False,-1.5445380426694184,False
2025,B,1804,1780466640.0,False,-1,,12,False,0.0,16.0,0.0,-1.310534196942994,False,0.40726463855931017,False,-1.310534196942994,False,0.21191738011819358,False,0.13337111473083496,False,-1.310534196942994,False
2025,B,1805,1780466700.0,False,-1,,12,False,0.0,8.0,0.0,-1.84689262427064,False,0.41239065242612,False,-1.84689262427064,False,0.286649624048389,False,0.1481898546218872,False,-1.84689262427064,False
2025,B,1806,1780466760.0,False,-1,,12,False,0.0,12.0,0.0,-1.821902055712231,False,0.39880203060686936,False,-1.821902055712231,False,0.23874979971626184,False,0.16919629573822026,False,-1.821902055712231,False
2025,B,1807,1780466820.0,False,-1,,12,False,0.0,4.0,0.0,-0.8049706883475345,False,0.5183294523220999,False,-0.8049706883475345,False,0.4049460998448299,False,0.1808316946029663,False,-0.8049706883475345,False
2025,B,1808,1780466880.0,False,-1,,12,False,0.0,8.0,0.0,-1.1350864387969475,False,0.4245041473011843,False,-1.1350864387969475,False,0.286649624048389,False,0.14660823345184326,False,-1.1350864387969475,False
2025,B,1809,1780466940.0,False,-1,,12,False,0.0,10.0,0.0,-0.7111697933589722,False,0.4365902119584617,False,-0.7111697933589722,False,0.25866249275443587,False,0.1276796579360962,False,-0.7111697933589722,False
2025,B,1810,1780467000.0,False,-1,,12,False,0.0,2.0,0.0,0.0036394588877275424,False,0.6328181149374533,False,0.0036394588877275424,False,0.569804061163321,True,0.10454761981964111,False,0.0036394588877275424,False
2025,B,1811,1780467060.0,True,148,resource_exhaustion,12,False,1.0,9.0,0.0,5.446895898547663,True,0.6850528199200862,False,5.446895898547663,True,1.0,True,999999999.9999999,True,5.446895898547663,True
2025,B,1812,1780467120.0,True,148,resource_exhaustion,12,False,1.0,4.0,0.0,5.446895898547663,True,0.7281912660834847,True,5.446895898547663,True,1.0,True,1999999999.9999998,True,5.446895898547663,True
2025,B,1813,1780467180.0,True,148,resource_exhaustion,12,False,1.0,2.0,0.0,5.446895898547663,True,0.7396039338043198,True,5.446895898547663,True,3.0495105959138977e-09,False,0.21853151321411132,False,5.446895898547663,False
2025,B,1814,1780467240.0,True,148,resource_exhaustion,12,False,1.0,4.0,0.0,5.446895898547663,True,0.7306061834780048,True,5.446895898547663,True,1.0,True,999999999.9999999,True,5.446895898547663,True
2025,B,1815,1780467300.0,True,148,resource_exhaustion,12,False,0.0,9.0,0.0,5.446895898547663,True,0.4984795585576637,False,5.446895898547663,True,0.27134842463487785,False,0.19413862228393555,False,5.446895898547663,True
2025,B,1816,1780467360.0,False,-1,,12,False,0.0,9.0,0.0,-1.3062624623822776,False,0.4285955744636792,False,-1.3062624623822776,False,0.27134842463487785,False,0.12182607650756834,False,-1.3062624623822776,False
2025,B,1817,1780467420.0,False,-1,,12,False,0.0,6.0,0.0,0.4056923983620955,False,0.4995026782415712,False,0.4056923983620955,False,0.3295348248734502,False,0.12013888359069824,False,0.4056923983620955,False
2025,B,1818,1780467480.0,False,-1,,12,False,0.0,10.0,0.0,-0.19677317551415818,False,0.4802559839962093,False,-0.19677317551415818,False,0.25866249275443587,False,0.11615171432495115,False,-0.19677317551415818,False
2025,B,1819,1780467540.0,False,-1,,12,False,0.0,8.0,0.0,-1.1648221691659293,False,0.43519603517697464,False,-1.1648221691659293,False,0.286649624048389,False,0.1621020793914795,False,-1.1648221691659293,False
2025,B,1820,1780467600.0,False,-1,,12,False,0.0,8.0,0.0,-1.4036183930838542,False,0.4279191843314209,False,-1.4036183930838542,False,0.286649624048389,False,0.17637972831726073,False,-1.4036183930838542,False
2025,B,1821,1780467660.0,False,-1,,12,False,0.0,3.0,0.0,-1.0755203304585175,False,0.5564440137341662,False,-1.0755203304585175,False,0.4693057298233409,False,0.10141024589538575,False,-1.0755203304585175,False
2025,B,1822,1780467720.0,True,149,dependency_timeout,12,False,1.0,6.0,0.0,5.446895898547663,True,0.6747725282069322,False,5.446895898547663,True,1.0,True,3000000000.0,True,5.446895898547663,True
2025,B,1823,1780467780.0,True,149,dependency_timeout,12,False,2.0,8.0,0.0,5.446895898547663,True,0.6907127124363366,False,5.446895898547663,True,1.0,True,3999999999.9999995,True,5.446895898547663,True
2025,B,1824,1780467840.0,True,149,dependency_timeout,12,False,1.0,10.0,0.0,5.446895898547663,True,0.6534454971256963,False,5.446895898547663,True,1.0,True,3000000000.0,True,5.446895898547663,True
2025,B,1825,1780467900.0,False,-1,,12,False,0.0,4.0,0.0,-0.4110613292397751,False,0.5468737497161328,False,-0.4110613292397751,False,0.4049460998448299,False,0.1366346836090088,False,-0.4110613292397751,False
2025,B,1826,1780467960.0,False,-1,,12,False,0.0,3.0,0.0,-0.767561899384674,False,0.5602989149793501,False,-0.767561899384674,False,0.4693057298233409,False,0.11865367889404296,False,-0.767561899384674,False
2025,B,1827,1780468020.0,False,-1,,12,False,0.0,5.0,0.0,-1.3480424267132243,False,0.4663139810306131,False,-1.3480424267132243,False,0.3611766054503257,False,0.1561288833618164,False,-1.3480424267132243,False
2025,B,1828,1780468080.0,False,-1,,12,False,0.0,8.0,0.0,-0.3551313419824451,False,0.48393487071206587,False,-0.3551313419824451,False,0.286649624048389,False,0.21506407260894775,False,-0.3551313419824451,False
2025,B,1829,1780468140.0,False,-1,,12,False,0.0,9.0,0.0,-0.8255184576009498,False,0.42092440437680545,False,-0.8255184576009498,False,0.27134842463487785,False,0.12679758071899414,False,-0.8255184576009498,False
2025,B,1830,1780468200.0,False,-1,,12,False,0.0,9.0,0.0,-1.3775855304763054,False,0.43352888320254884,False,-1.3775855304763054,False,0.27134842463487785,False,0.1874545097351074,False,-1.3775855304763054,False
2025,B,1831,1780468260.0,False,-1,,12,False,0.0,9.0,0.0,-1.6975255112172514,False,0.41177497347747594,False,-1.6975255112172514,False,0.27134842463487785,False,0.16783924102783204,False,-1.6975255112172514,False
2025,B,1832,1780468320.0,False,-1,,12,False,0.0,9.0,0.0,-1.3406935311462904,False,0.423991187785615,False,-1.3406935311462904,False,0.27134842463487785,False,0.17024850845336914,False,-1.3406935311462904,False
2025,B,1833,1780468380.0,False,-1,,12,False,0.0,6.0,0.0,-0.7350401278798646,False,0.4787266223434603,False,-0.7350401278798646,False,0.3295348248734502,False,0.16598737239837646,False,-0.7350401278798646,False
2025,B,1834,1780468440.0,False,-1,,12,False,0.0,10.0,0.0,-1.8522126476417133,False,0.4172598136293573,False,-1.8522126476417133,False,0.25866249275443587,False,0.16672935485839843,False,-1.8522126476417133,False
2025,B,1835,1780468500.0,True,150,resource_exhaustion,12,False,0.0,9.0,0.0,-1.2296542858894446,False,0.41357882101938825,False,-1.2296542858894446,False,0.27134842463487785,False,0.14607429504394528,False,-1.2296542858894446,False
2025,B,1836,1780468560.0,True,150,resource_exhaustion,12,False,0.0,7.0,0.0,5.446895898547663,True,0.602907608977059,False,5.446895898547663,True,1.0,True,999999999.9999999,True,5.446895898547663,True
2025,B,1837,1780468620.0,True,150,resource_exhaustion,12,False,0.0,6.0,0.0,5.446895898547663,True,0.5878706452552338,False,5.446895898547663,True,0.3295348248734502,False,0.20602917671203613,False,5.446895898547663,True
2025,B,1838,1780468680.0,True,150,resource_exhaustion,12,False,0.0,10.0,0.0,5.446895898547663,True,0.550372620004203,False,5.446895898547663,True,0.25866249275443587,False,0.268879771232605,False,5.446895898547663,True
2025,B,1839,1780468740.0,False,-1,,12,False,0.0,9.0,0.0,-1.0133405346185897,False,0.44892634625456457,False,-1.0133405346185897,False,0.27134842463487785,False,0.12118330001831054,False,-1.0133405346185897,False
2025,B,1840,1780468800.0,False,-1,,12,False,0.0,9.0,0.0,-1.601020567354924,False,0.4392229840253953,False,-1.601020567354924,False,0.27134842463487785,False,0.13359613418579103,False,-1.601020567354924,False
2025,B,1841,1780468860.0,False,-1,,12,False,0.0,10.0,0.0,-1.5274558979524269,False,0.41273976129086043,False,-1.5274558979524269,False,0.25866249275443587,False,0.14657864570617676,False,-1.5274558979524269,False
2025,B,1842,1780468920.0,False,-1,,12,False,0.0,7.0,0.0,-0.29289987800389916,False,0.4968857062313021,False,-0.29289987800389916,False,0.305536657637389,False,0.10807108879089355,False,-0.29289987800389916,False
2025,B,1843,1780468980.0,False,-1,,12,False,0.0,7.0,0.0,-1.0708793491580089,False,0.43582649455803585,False,-1.0708793491580089,False,0.305536657637389,False,0.12109012603759765,False,-1.0708793491580089,False
2025,B,1844,1780469040.0,False,-1,,12,False,0.0,7.0,0.0,-1.607391797729563,False,0.41826701382149933,False,-1.607391797729563,False,0.305536657637389,False,0.14111275672912596,False,-1.607391797729563,False
2025,B,1845,1780469100.0,False,-1,,12,False,0.0,11.0,0.0,-0.32321376441395877,False,0.4603954776643054,False,-0.32321376441395877,False,0.24794537445720646,False,0.11227893829345702,False,-0.32321376441395877,False
2025,B,1846,1780469160.0,False,-1,,12,False,0.0,10.0,0.0,-0.8722485898361709,False,0.4535694744922405,False,-0.8722485898361709,False,0.25866249275443587,False,0.2101614236831665,False,-0.8722485898361709,False
2025,B,1847,1780469220.0,False,-1,,12,False,0.0,14.0,0.0,-0.9525539892281385,False,0.43778343757545685,False,-0.9525539892281385,False,0.2237302694038766,False,0.14045486450195313,False,-0.9525539892281385,False
2025,B,1848,1780469280.0,False,-1,,12,False,0.0,3.0,0.0,0.39969413872127113,False,0.5944225739153357,False,0.39969413872127113,False,0.4693057298233409,False,0.11695494651794433,False,0.39969413872127113,False
2025,B,1849,1780469340.0,True,151,dependency_timeout,12,False,1.0,11.0,0.0,5.446895898547663,True,0.6472595288372254,False,5.446895898547663,True,1.0,True,3000000000.0,True,5.446895898547663,True
2025,B,1850,1780469400.0,True,151,dependency_timeout,12,False,2.0,7.0,0.0,5.446895898547663,True,0.6911903057621647,False,5.446895898547663,True,1.0,True,1999999999.9999998,True,5.446895898547663,True
2025,B,1851,1780469460.0,True,151,dependency_timeout,12,False,0.0,7.0,0.0,5.446895898547663,True,0.555209124470591,False,5.446895898547663,True,1.0,True,999999999.9999999,True,5.446895898547663,True
2025,B,1852,1780469520.0,True,151,dependency_timeout,12,False,0.0,4.0,0.0,5.446895898547663,True,0.6063708915920164,False,5.446895898547663,True,1.0,True,999999999.9999999,True,5.446895898547663,True
2025,B,1853,1780469580.0,False,-1,,12,False,0.0,6.0,0.0,-1.8399242943818148,False,0.4462238298302852,False,-1.8399242943818148,False,0.3295348248734502,False,0.14462602138519287,False,-1.8399242943818148,False
2025,B,1854,1780469640.0,False,-1,,12,False,0.0,15.0,0.0,-1.4864008657999639,False,0.41383332204152784,False,-1.4864008657999639,False,0.21749564832786078,False,0.19545307159423825,False,-1.4864008657999639,False
2025,B,1855,1780469700.0,False,-1,,12,False,0.0,13.0,0.0,-1.8530402549009866,False,0.4049893490196187,False,-1.8530402549009866,False,0.2307562658387595,False,0.1830015182495117,False,-1.8530402549009866,False
2025,B,1856,1780469760.0,False,-1,,12,False,0.0,13.0,0.0,-0.7791944467396741,False,0.41408949756160923,False,-0.7791944467396741,False,0.2307562658387595,False,0.1308359146118164,False,-0.7791944467396741,False
2025,B,1857,1780469820.0,False,-1,,12,False,0.0,9.0,0.0,-0.07368193023846548,False,0.461083636544595,False,-0.07368193023846548,False,0.27134842463487785,False,0.1294645309448242,False,-0.07368193023846548,False
2025,B,1858,1780469880.0,False,-1,,12,False,0.0,7.0,0.0,-0.7686240066459833,False,0.4423629648058179,False,-0.7686240066459833,False,0.305536657637389,False,0.12481527328491211,False,-0.7686240066459833,False
2025,B,1859,1780469940.0,False,-1,,12,False,0.0,11.0,0.0,-1.4924745609561318,False,0.39570469224731647,False,-1.4924745609561318,False,0.24794537445720646,False,0.1410195827484131,False,-1.4924745609561318,False
2025,B,1860,1780470000.0,True,152,dependency_timeout,12,False,0.0,6.0,0.0,5.287760254751344,True,0.5416296435064248,False,5.287760254751344,True,0.3295348248734502,False,0.5318129062652589,False,5.287760254751344,True
2025,B,1861,1780470060.0,True,152,dependency_timeout,12,False,2.0,11.0,0.0,5.446895898547663,True,0.6734931642043827,False,5.446895898547663,True,1.0,True,9000000000.0,True,5.446895898547663,True
2025,B,1862,1780470120.0,True,152,dependency_timeout,12,False,1.0,14.0,0.0,5.446895898547663,True,0.6442388982489144,False,5.446895898547663,True,1.0,True,3999999999.9999995,True,5.446895898547663,True
2025,B,1863,1780470180.0,True,152,dependency_timeout,12,False,0.0,13.0,0.0,5.446895898547663,True,0.5099515107091936,False,5.446895898547663,True,1.0,True,1999999999.9999998,True,5.446895898547663,True
2025,B,1864,1780470240.0,False,-1,,12,False,0.0,8.0,0.0,-1.1026178685865515,False,0.4397433423986183,False,-1.1026178685865515,False,0.286649624048389,False,0.14213731288909914,False,-1.1026178685865515,False
2025,B,1865,1780470300.0,False,-1,,12,False,0.0,7.0,0.0,-1.081278983248379,False,0.45536340629585154,False,-1.081278983248379,False,0.305536657637389,False,0.13222188949584962,False,-1.081278983248379,False
2025,B,1866,1780470360.0,False,-1,,12,False,0.0,7.0,0.0,-0.7469981674842501,False,0.4864673112608837,False,-0.7469981674842501,False,0.305536657637389,False,0.1953339576721191,False,-0.7469981674842501,False
2025,B,1867,1780470420.0,False,-1,,12,False,0.0,10.0,0.0,0.12502106294343385,False,0.4366029531126949,False,0.12502106294343385,False,0.25866249275443587,False,0.13176631927490234,False,0.12502106294343385,False
2025,B,1868,1780470480.0,False,-1,,12,False,0.0,11.0,0.0,-1.3960259361899379,False,0.42029537540044465,False,-1.3960259361899379,False,0.24794537445720646,False,0.17952537536621094,False,-1.3960259361899379,False
2025,B,1869,1780470540.0,False,-1,,12,False,0.0,9.0,0.0,-0.6864194564436925,False,0.4214319770763202,False,-0.6864194564436925,False,0.27134842463487785,False,0.12496776580810545,False,-0.6864194564436925,False
2025,B,1870,1780470600.0,False,-1,,12,False,0.0,12.0,0.0,-1.6712638098018244,False,0.39623511122461186,False,-1.6712638098018244,False,0.23874979971626184,False,0.15731232166290282,False,-1.6712638098018244,False
2025,B,1871,1780470660.0,False,-1,,12,False,0.0,8.0,0.0,-1.4721685429049653,False,0.4424709125097801,False,-1.4721685429049653,False,0.286649624048389,False,0.13471071720123293,False,-1.4721685429049653,False
2025,B,1872,1780470720.0,True,153,permission_denied,12,False,0.0,10.0,0.0,0.6990299857619471,False,0.41127137277325343,False,0.6990299857619471,False,1.0,True,3000000000.0,True,0.6990299857619471,True
2025,B,1873,1780470780.0,True,153,permission_denied,12,False,0.0,10.0,0.0,1.2568553806252654,True,0.42928992637923796,False,1.2568553806252654,True,1.0,True,3000000000.0,True,1.2568553806252654,True
2025,B,1874,1780470840.0,True,153,permission_denied,12,False,0.0,14.0,0.0,2.6343437276446267,True,0.4191848458246834,False,2.6343437276446267,True,1.0,True,7000000000.0,True,2.6343437276446267,True
2025,B,1875,1780470900.0,True,153,permission_denied,12,False,0.0,4.0,0.0,0.6997581890521838,False,0.5398084551651586,False,0.6997581890521838,False,1.0,True,1999999999.9999998,True,0.6997581890521838,True
2025,B,1876,1780470960.0,True,153,permission_denied,12,False,0.0,8.0,0.0,-1.6904455094271746,False,0.40731070700387373,False,-1.6904455094271746,False,0.286649624048389,False,0.13857734203338623,False,-1.6904455094271746,False
2025,B,1877,1780471020.0,False,-1,,12,False,0.0,4.0,0.0,-1.5091480360262644,False,0.4975792934583369,False,-1.5091480360262644,False,0.4049460998448299,False,0.13347606658935546,False,-1.5091480360262644,False
2025,B,1878,1780471080.0,False,-1,,12,False,0.0,9.0,0.0,-1.1370993521647472,False,0.4206478452241175,False,-1.1370993521647472,False,0.27134842463487785,False,0.12161445617675781,False,-1.1370993521647472,False
2025,B,1879,1780471140.0,False,-1,,12,False,0.0,8.0,0.0,-1.0166941480796794,False,0.4162621737967785,False,-1.0166941480796794,False,0.286649624048389,False,0.13442163467407225,False,-1.0166941480796794,False
2025,B,1880,1780471200.0,False,-1,,12,False,0.0,12.0,0.0,-1.6494636206589828,False,0.3969686026401755,False,-1.6494636206589828,False,0.23874979971626184,False,0.14191765785217286,False,-1.6494636206589828,False
2025,B,1881,1780471260.0,False,-1,,12,False,0.0,11.0,0.0,-1.444902710941145,False,0.4174109612391696,False,-1.444902710941145,False,0.24794537445720646,False,0.1301455497741699,False,-1.444902710941145,False
2025,B,1882,1780471320.0,False,-1,,12,False,0.0,11.0,0.0,-1.4896962780065728,False,0.41065689630802465,False,-1.4896962780065728,False,0.24794537445720646,False,0.14673423767089844,False,-1.4896962780065728,False
2025,B,1883,1780471380.0,False,-1,,12,False,0.0,11.0,0.0,-0.4554646384035088,False,0.4351481840562957,False,-0.4554646384035088,False,0.24794537445720646,False,0.11648035049438477,False,-0.4554646384035088,False
2025,B,1884,1780471440.0,False,-1,,12,False,0.0,9.0,0.0,-0.415589479472791,False,0.4495747026736495,False,-0.415589479472791,False,0.27134842463487785,False,0.1096867561340332,False,-0.415589479472791,False
2025,B,1885,1780471500.0,False,-1,,12,False,0.0,13.0,0.0,-0.2699714242197748,False,0.44309675848275776,False,-0.2699714242197748,False,0.2307562658387595,False,0.1348012924194336,False,-0.2699714242197748,False
2025,B,1886,1780471560.0,False,-1,,12,False,0.0,13.0,0.0,-1.681191374663169,False,0.4056797144037362,False,-1.681191374663169,False,0.2307562658387595,False,0.17386732101440427,False,-1.681191374663169,False
2025,B,1887,1780471620.0,True,154,permission_denied,12,False,0.0,6.0,0.0,-1.3210902327645826,False,0.4379790901196071,False,-1.3210902327645826,False,0.3295348248734502,False,0.1316514015197754,False,-1.3210902327645826,False
2025,B,1888,1780471680.0,True,154,permission_denied,12,False,0.0,9.0,0.0,2.3243272378714916,True,0.4330454154619765,False,2.3243272378714916,True,1.0,True,5000000000.0,True,2.3243272378714916,True
2025,B,1889,1780471740.0,True,154,permission_denied,12,False,0.0,8.0,0.0,1.4475354262623914,True,0.4235759972147529,False,1.4475354262623914,True,1.0,True,3999999999.9999995,True,1.4475354262623914,True
2025,B,1890,1780471800.0,False,-1,,12,False,0.0,9.0,0.0,-1.2867646050952448,False,0.4292517093159247,False,-1.2867646050952448,False,0.27134842463487785,False,0.19617528915405275,False,-1.2867646050952448,False
2025,B,1891,1780471860.0,False,-1,,12,False,1.0,10.0,0.0,-0.0069004613877616805,False,0.5934006288775041,False,-0.0069004613877616805,False,3.965085305249694e-05,False,0.1803159236907959,False,-0.0069004613877616805,False
2025,B,1892,1780471920.0,False,-1,,12,False,0.0,11.0,0.0,-0.4861741359009857,False,0.4160496732482393,False,-0.4861741359009857,False,0.24794537445720646,False,0.1426136493682861,False,-0.4861741359009857,False
2025,B,1893,1780471980.0,False,-1,,12,False,0.0,17.0,0.0,-1.238210770493894,False,0.3986545113944505,False,-1.238210770493894,False,0.2068901422906054,False,0.14133005142211913,False,-1.238210770493894,False
2025,B,1894,1780472040.0,False,-1,,12,False,0.0,11.0,0.0,-1.3518481302458474,False,0.41925206712929264,False,-1.3518481302458474,False,0.24794537445720646,False,0.16742229461669922,False,-1.3518481302458474,False
2025,B,1895,1780472100.0,False,-1,,12,False,0.0,9.0,0.0,-0.8609547255321388,False,0.4205574730029354,False,-0.8609547255321388,False,0.27134842463487785,False,0.12956705093383789,False,-0.8609547255321388,False
2025,B,1896,1780472160.0,False,-1,,12,False,0.0,9.0,0.0,-1.676506236801142,False,0.4085392347155782,False,-1.676506236801142,False,0.27134842463487785,False,0.13628721237182617,False,-1.676506236801142,False
2025,B,1897,1780472220.0,False,-1,,12,False,0.0,17.0,0.0,-1.8195009085956055,False,0.3922889049216577,False,-1.8195009085956055,False,0.2068901422906054,False,0.16253900527954102,False,-1.8195009085956055,False
2025,B,1898,1780472280.0,False,-1,,12,False,0.0,16.0,0.0,-1.485643311740402,False,0.3905047485960545,False,-1.485643311740402,False,0.21191738011819358,False,0.14148175716400144,False,-1.485643311740402,False
2025,B,1899,1780472340.0,False,-1,,12,True,0.0,52.0,0.0,-0.8223718528970752,False,0.5328137241315852,False,-0.8223718528970752,False,0.14161804067559125,False,0.16944274902343753,False,-0.8223718528970752,False
2025,B,1900,1780472400.0,False,-1,,12,True,0.0,102.0,0.0,0.13460581106279879,False,0.6527914572777321,False,0.13460581106279879,False,0.11839537975712924,False,0.16493284702301023,False,0.13460581106279879,False
2025,B,1901,1780472460.0,True,155,config_error,12,True,0.0,71.0,0.0,5.249725046822127,True,0.5379333324741267,False,5.249725046822127,True,1.0,True,52000000000.0,True,5.249725046822127,True
2025,B,1902,1780472520.0,True,155,config_error,12,False,0.0,9.0,0.0,3.7230959541133495,True,0.4619786055827132,False,3.7230959541133495,True,1.0,True,7999999999.999999,True,3.7230959541133495,True
2025,B,1903,1780472580.0,True,155,config_error,12,False,0.0,13.0,0.0,4.429525532778561,True,0.43987320720156653,False,4.429525532778561,True,1.0,True,12000000000.0,True,4.429525532778561,True
2025,B,1904,1780472640.0,True,155,config_error,12,False,0.0,12.0,0.0,1.2036419604715345,True,0.44164596797750455,False,1.2036419604715345,True,1.0,True,3000000000.0,True,1.2036419604715345,True
2025,B,1905,1780472700.0,False,-1,,13,False,0.0,6.0,0.0,-1.6705387737634823,False,0.4556814654714007,False,-1.6705387737634823,False,0.3295348248734502,False,0.1320861577987671,False,-1.6705387737634823,False
2025,B,1906,1780472760.0,False,-1,,13,False,0.0,16.0,0.0,-0.8783722042663653,False,0.40436033101269997,False,-0.8783722042663653,False,0.21191738011819358,False,0.12435460090637207,False,-0.8783722042663653,False
2025,B,1907,1780472820.0,False,-1,,13,False,0.0,10.0,0.0,-0.6188703364449344,False,0.44116287028637285,False,-0.6188703364449344,False,0.25866249275443587,False,0.1360182762145996,False,-0.6188703364449344,False
2025,B,1908,1780472880.0,False,-1,,13,False,0.0,6.0,0.0,-1.7323740658218458,False,0.4376279087071714,False,-1.7323740658218458,False,0.3295348248734502,False,0.1459728479385376,False,-1.7323740658218458,False
2025,B,1909,1780472940.0,False,-1,,13,False,0.0,9.0,0.0,0.38568372639179405,False,0.4667566302093048,False,0.38568372639179405,False,0.27134842463487785,False,0.17232027053833007,False,0.38568372639179405,False
2025,B,1910,1780473000.0,False,-1,,13,False,0.0,9.0,0.0,-1.2897426020144271,False,0.4223027278871918,False,-1.2897426020144271,False,0.27134842463487785,False,0.14240236282348634,False,-1.2897426020144271,False
2025,B,1911,1780473060.0,True,156,config_error,13,False,0.0,11.0,0.0,2.289476910168528,True,0.41129077238557904,False,2.289476910168528,True,1.0,True,6000000000.0,True,2.289476910168528,True
2025,B,1912,1780473120.0,True,156,config_error,13,False,0.0,12.0,0.0,3.8157801696821063,True,0.43613818978704766,False,3.8157801696821063,True,1.0,True,10000000000.0,True,3.8157801696821063,True
2025,B,1913,1780473180.0,True,156,config_error,13,False,0.0,10.0,0.0,3.9724646696408303,True,0.4681965008614055,False,3.9724646696408303,True,1.0,True,9000000000.0,True,3.9724646696408303,True
2025,B,1914,1780473240.0,True,156,config_error,13,False,0.0,12.0,0.0,0.5442355512502486,False,0.4054134909616198,False,0.5442355512502486,False,1.0,True,3000000000.0,True,0.5442355512502486,True
2025,B,1915,1780473300.0,False,-1,,13,False,0.0,8.0,0.0,-0.6975411470812034,False,0.4681715627922072,False,-0.6975411470812034,False,0.286649624048389,False,0.1072542905807495,False,-0.6975411470812034,False
2025,B,1916,1780473360.0,False,-1,,13,False,0.0,11.0,0.0,-1.0558320095494782,False,0.43960294329177935,False,-1.0558320095494782,False,0.24794537445720646,False,0.13333415985107422,False,-1.0558320095494782,False
2025,B,1917,1780473420.0,False,-1,,13,False,0.0,14.0,0.0,-1.1880735675106608,False,0.42542165476217025,False,-1.1880735675106608,False,0.2237302694038766,False,0.13229820728302003,False,-1.1880735675106608,False
2025,B,1918,1780473480.0,False,-1,,13,False,0.0,12.0,0.0,-1.4128588824868267,False,0.39987244945889294,False,-1.4128588824868267,False,0.23874979971626184,False,0.1371063232421875,False,-1.4128588824868267,False
2025,B,1919,1780473540.0,False,-1,,13,False,0.0,11.0,0.0,-0.3168005569505361,False,0.4700019963325891,False,-0.3168005569505361,False,0.24794537445720646,False,0.2164773941040039,False,-0.3168005569505361,False
2025,B,1920,1780473600.0,False,-1,,13,False,0.0,15.0,0.0,-0.6059786701733252,False,0.4193753879903045,False,-0.6059786701733252,False,0.21749564832786078,False,0.12798547744750974,False,-0.6059786701733252,False
2025,B,1921,1780473660.0,False,-1,,13,False,0.0,13.0,0.0,-1.3749192377251376,False,0.4002883436799199,False,-1.3749192377251376,False,0.2307562658387595,False,0.13174076080322267,False,-1.3749192377251376,False
2025,B,1922,1780473720.0,False,-1,,13,False,0.0,16.0,0.0,-1.2520555798309791,False,0.4058004305433888,False,-1.2520555798309791,False,0.21191738011819358,False,0.1462678909301758,False,-1.2520555798309791,False
2025,B,1923,1780473780.0,False,-1,,13,False,0.0,13.0,0.0,-1.0734259424880905,False,0.4097495316418463,False,-1.0734259424880905,False,0.2307562658387595,False,0.12516021728515625,False,-1.0734259424880905,False
2025,B,1924,1780473840.0,False,-1,,13,False,0.0,9.0,0.0,-1.3101565789796066,False,0.4229161913138168,False,-1.3101565789796066,False,0.27134842463487785,False,0.15476808547973633,False,-1.3101565789796066,False
2025,B,1925,1780473900.0,False,-1,,13,False,0.0,13.0,0.0,-1.409969547011972,False,0.41645984900676036,False,-1.409969547011972,False,0.2307562658387595,False,0.13037614822387694,False,-1.409969547011972,False
2025,B,1926,1780473960.0,True,157,permission_denied,13,False,0.0,15.0,0.0,2.8774111845421584,True,0.4256877317802268,False,2.8774111845421584,True,1.0,True,7000000000.0,True,2.8774111845421584,True
2025,B,1927,1780474020.0,True,157,permission_denied,13,False,0.0,15.0,0.0,4.220176587200262,True,0.45595389756801114,False,4.220176587200262,True,1.0,True,12000000000.0,True,4.220176587200262,True
2025,B,1928,1780474080.0,True,157,permission_denied,13,False,0.0,13.0,0.0,3.036240229693705,True,0.434234051776312,False,3.036240229693705,True,1.0,True,7000000000.0,True,3.036240229693705,True
2025,B,1929,1780474140.0,False,-1,,13,False,0.0,12.0,0.0,-1.606166044862654,False,0.422650351022352,False,-1.606166044862654,False,0.23874979971626184,False,0.18370895385742192,False,-1.606166044862654,False
2025,B,1930,1780474200.0,False,-1,,13,False,0.0,19.0,0.0,-1.1200991681729704,False,0.40375645111306324,False,-1.1200991681729704,False,0.19817145176349388,False,0.13672609329223634,False,-1.1200991681729704,False
2025,B,1931,1780474260.0,False,-1,,13,False,0.0,12.0,0.0,-1.7618000294962055,False,0.39290093256057723,False,-1.7618000294962055,False,0.23874979971626184,False,0.1483757257461548,False,-1.7618000294962055,False
2025,B,1932,1780474320.0,False,-1,,13,False,1.0,15.0,0.0,-1.0084255162120908,False,0.5835280360665271,False,-1.0084255162120908,False,0.00010580556144184128,False,0.16381592750549318,False,-1.0084255162120908,False
2025,B,1933,1780474380.0,False,-1,,13,False,0.0,16.0,0.0,-1.6678105016911386,False,0.4071324004289857,False,-1.6678105016911386,False,0.21191738011819358,False,0.1933901309967041,False,-1.6678105016911386,False
2025,B,1934,1780474440.0,False,-1,,13,False,0.0,15.0,0.0,-0.9703713133086298,False,0.4208012965563322,False,-0.9703713133086298,False,0.21749564832786078,False,0.1671604633331299,False,-0.9703713133086298,False
2025,B,1935,1780474500.0,True,158,config_error,13,False,0.0,13.0,0.0,1.781788580814832,True,0.4047707814067848,False,1.781788580814832,True,1.0,True,5000000000.0,True,1.781788580814832,True
2025,B,1936,1780474560.0,True,158,config_error,13,False,0.0,14.0,0.0,4.621066078062529,True,0.44171835656374975,False,4.621066078062529,True,1.0,True,13000000000.0,True,4.621066078062529,True
2025,B,1937,1780474620.0,True,158,config_error,13,False,0.0,11.0,0.0,4.22674819323566,True,0.44300553422852496,False,4.22674819323566,True,1.0,True,10000000000.0,True,4.22674819323566,True
2025,B,1938,1780474680.0,True,158,config_error,13,False,0.0,9.0,0.0,2.229881879815178,True,0.44989013655969473,False,2.229881879815178,True,1.0,True,5000000000.0,True,2.229881879815178,True
2025,B,1939,1780474740.0,False,-1,,13,False,0.0,11.0,0.0,-0.2489801183455551,False,0.4677653069189503,False,-0.2489801183455551,False,0.24794537445720646,False,0.15394783020019534,False,-0.2489801183455551,False
2025,B,1940,1780474800.0,False,-1,,13,False,0.0,13.0,0.0,-1.6522772096829241,False,0.410122378343911,False,-1.6522772096829241,False,0.2307562658387595,False,0.14436311721801753,False,-1.6522772096829241,False
2025,B,1941,1780474860.0,False,-1,,13,False,0.0,9.0,0.0,-1.3792907386176463,False,0.4068082061962275,False,-1.3792907386176463,False,0.27134842463487785,False,0.1356718063354492,False,-1.3792907386176463,False
2025,B,1942,1780474920.0,False,-1,,13,False,0.0,10.0,0.0,-0.9476144957651007,False,0.4136324869762718,False,-0.9476144957651007,False,0.25866249275443587,False,0.13264188766479493,False,-0.9476144957651007,False
2025,B,1943,1780474980.0,False,-1,,13,False,0.0,10.0,0.0,-1.1471919153497554,False,0.4376673171766426,False,-1.1471919153497554,False,0.25866249275443587,False,0.178444504737854,False,-1.1471919153497554,False
2025,B,1944,1780475040.0,True,159,resource_exhaustion,13,False,0.0,16.0,0.0,-1.5000832949339502,False,0.40315043567878345,False,-1.5000832949339502,False,0.21191738011819358,False,0.15409564971923828,False,-1.5000832949339502,False
2025,B,1945,1780475100.0,True,159,resource_exhaustion,13,False,3.0,14.0,0.0,5.446895898547663,True,0.7063233807130762,True,5.446895898547663,True,1.0,True,3000000000.0,True,5.446895898547663,True
2025,B,1946,1780475160.0,True,159,resource_exhaustion,13,False,0.0,16.0,0.0,5.446895898547663,True,0.5627172820463595,False,5.446895898547663,True,0.21191738011819358,False,0.31583583354949946,False,5.446895898547663,True
2025,B,1947,1780475220.0,True,159,resource_exhaustion,13,False,2.0,13.0,0.0,5.446895898547663,True,0.6961581604163788,False,5.446895898547663,True,1.0,True,3000000000.0,True,5.446895898547663,True
2025,B,1948,1780475280.0,True,159,resource_exhaustion,13,False,3.0,11.0,0.0,5.446895898547663,True,0.6846581457392339,False,5.446895898547663,True,1.0,True,1999999999.9999998,True,5.446895898547663,True
2025,B,1949,1780475340.0,False,-1,,13,False,0.0,17.0,0.0,-0.8844933588717732,False,0.4115998741753337,False,-0.8844933588717732,False,0.2068901422906054,False,0.12343902587890623,False,-0.8844933588717732,False
2025,B,1950,1780475400.0,False,-1,,13,False,0.0,14.0,0.0,-1.5870781020710822,False,0.4104714609765308,False,-1.5870781020710822,False,0.2237302694038766,False,0.1493302583694458,False,-1.5870781020710822,False
2025,B,1951,1780475460.0,False,-1,,13,False,0.0,13.0,0.0,-1.1003236158030703,False,0.4201375849141573,False,-1.1003236158030703,False,0.2307562658387595,False,0.16839494705200192,False,-1.1003236158030703,False
2025,B,1952,1780475520.0,False,-1,,13,False,0.0,24.0,0.0,-1.9300905442411622,False,0.36682423072633397,False,-1.9300905442411622,False,0.1817776918582098,False,0.15344977378845215,False,-1.9300905442411622,False
2025,B,1953,1780475580.0,False,-1,,13,False,0.0,10.0,0.0,-1.188651077175332,False,0.4118258423770574,False,-1.188651077175332,False,0.25866249275443587,False,0.1258540630340576,False,-1.188651077175332,False
2025,B,1954,1780475640.0,False,-1,,13,False,0.0,11.0,0.0,-1.5037241051896508,False,0.40069275794371506,False,-1.5037241051896508,False,0.24794537445720646,False,0.1332406997680664,False,-1.5037241051896508,False
2025,B,1955,1780475700.0,False,-1,,13,False,0.0,10.0,0.0,-1.3741078533678985,False,0.41632430434494605,False,-1.3741078533678985,False,0.25866249275443587,False,0.16447062492370607,False,-1.3741078533678985,False
2025,B,1956,1780475760.0,False,-1,,13,False,0.0,9.0,0.0,-0.8407347063266366,False,0.46275653112178,False,-0.8407347063266366,False,0.27134842463487785,False,0.11224918365478516,False,-0.8407347063266366,False
2025,B,1957,1780475820.0,False,-1,,13,False,1.0,18.0,0.0,-0.405313967462952,False,0.582703171879243,False,-0.405313967462952,False,0.0001520215319535912,False,0.13572220802307128,False,-0.405313967462952,False
2025,B,1958,1780475880.0,True,160,resource_exhaustion,13,False,0.0,15.0,0.0,5.446895898547663,True,0.5163689267352413,False,5.446895898547663,True,1.0,True,999999999.9999999,True,5.446895898547663,True
2025,B,1959,1780475940.0,True,160,resource_exhaustion,13,False,1.0,13.0,0.0,5.446895898547663,True,0.6810843785790514,False,5.446895898547663,True,1.0,True,999999999.9999999,True,5.446895898547663,True
2025,B,1960,1780476000.0,True,160,resource_exhaustion,13,False,4.0,17.0,0.0,5.446895898547663,True,0.7006405055460163,False,5.446895898547663,True,1.0,True,3999999999.9999995,True,5.446895898547663,True
2025,B,1961,1780476060.0,True,160,resource_exhaustion,13,False,0.0,20.0,0.0,5.446895898547663,True,0.49378943431619493,False,5.446895898547663,True,0.19435852292864553,False,0.20330157279968258,False,5.446895898547663,True
2025,B,1962,1780476120.0,False,-1,,13,False,0.0,10.0,0.0,-1.1742089433783152,False,0.4165606357768917,False,-1.1742089433783152,False,0.25866249275443587,False,0.12427895069122313,False,-1.1742089433783152,False
2025,B,1963,1780476180.0,False,-1,,13,False,0.0,11.0,0.0,-0.6164177407817117,False,0.4194061134161916,False,-0.6164177407817117,False,0.24794537445720646,False,0.12560105323791504,False,-0.6164177407817117,False
2025,B,1964,1780476240.0,False,-1,,13,False,0.0,15.0,0.0,-0.7504341067545113,False,0.399936974600693,False,-0.7504341067545113,False,0.21749564832786078,False,0.1270461082458496,False,-0.7504341067545113,False
2025,B,1965,1780476300.0,False,-1,,13,False,0.0,19.0,0.0,-1.3674586798205226,False,0.3977918406026942,False,-1.3674586798205226,False,0.19817145176349388,False,0.1437936782836914,False,-1.3674586798205226,False
2025,B,1966,1780476360.0,False,-1,,13,False,0.0,9.0,0.0,-0.9986033664364795,False,0.4200298968537898,False,-0.9986033664364795,False,0.27134842463487785,False,0.12203950881958008,False,-0.9986033664364795,False
2025,B,1967,1780476420.0,False,-1,,13,False,0.0,15.0,0.0,-1.7229132986857891,False,0.40294806635558655,False,-1.7229132986857891,False,0.21749564832786078,False,0.18976807594299316,False,-1.7229132986857891,False
2025,B,1968,1780476480.0,False,-1,,13,False,0.0,17.0,0.0,-1.4884423654026193,False,0.3834615605260383,False,-1.4884423654026193,False,0.2068901422906054,False,0.1371084213256836,False,-1.4884423654026193,False
2025,B,1969,1780476540.0,False,-1,,13,True,1.0,120.0,0.0,0.25563074263977015,False,0.7074180365397907,True,0.25563074263977015,False,0.001366318181287933,False,0.18020975589752197,False,0.25563074263977015,False
2025,B,1970,1780476600.0,True,161,resource_exhaustion,13,True,2.0,139.0,0.0,5.446895898547663,True,0.7610908254341718,True,5.446895898547663,True,1.0,True,1999999999.9999998,True,5.446895898547663,True
2025,B,1971,1780476660.0,True,161,resource_exhaustion,13,True,2.0,43.0,0.0,5.446895898547663,True,0.7097217529881253,True,5.446895898547663,True,1.0,True,3999999999.9999995,True,5.446895898547663,True
2025,B,1972,1780476720.0,True,161,resource_exhaustion,13,False,3.0,13.0,0.0,5.446895898547663,True,0.7018825425297084,False,5.446895898547663,True,1.0,True,999999999.9999999,True,5.446895898547663,True
2025,B,1973,1780476780.0,True,161,resource_exhaustion,13,False,1.0,16.0,0.0,5.446895898547663,True,0.6807984978299481,False,5.446895898547663,True,1.0,True,1999999999.9999998,True,5.446895898547663,True
2025,B,1974,1780476840.0,False,-1,,13,False,0.0,25.0,0.0,-1.3254098079338066,False,0.38972472766235,False,-1.3254098079338066,False,0.17915458308696264,False,0.17329254150390624,False,-1.3254098079338066,False
2025,B,1975,1780476900.0,False,-1,,13,False,0.0,13.0,0.0,-1.6135918608345081,False,0.39734017899830043,False,-1.6135918608345081,False,0.2307562658387595,False,0.14967947006225585,False,-1.6135918608345081,False
2025,B,1976,1780476960.0,False,-1,,13,False,0.0,17.0,0.0,-1.8596545205699178,False,0.39028139232324616,False,-1.8596545205699178,False,0.2068901422906054,False,0.18089618682861328,False,-1.8596545205699178,False
2025,B,1977,1780477020.0,False,-1,,13,False,0.0,12.0,0.0,-1.5761664589636695,False,0.4083190561551342,False,-1.5761664589636695,False,0.23874979971626184,False,0.17386612892150882,False,-1.5761664589636695,False
2025,B,1978,1780477080.0,False,-1,,13,False,0.0,14.0,0.0,-1.0517414524442854,False,0.41295965826423375,False,-1.0517414524442854,False,0.2237302694038766,False,0.15389261245727537,False,-1.0517414524442854,False
2025,B,1979,1780477140.0,False,-1,,13,False,0.0,12.0,0.0,-1.2370990373174378,False,0.41509617355874673,False,-1.2370990373174378,False,0.23874979971626184,False,0.16656219959259036,False,-1.2370990373174378,False
2025,B,1980,1780477200.0,False,-1,,13,False,0.0,12.0,0.0,-1.4876428910008128,False,0.3983432387448938,False,-1.4876428910008128,False,0.23874979971626184,False,0.13429553508758546,False,-1.4876428910008128,False
2025,B,1981,1780477260.0,False,-1,,13,False,0.0,22.0,0.0,-1.8039280435176952,False,0.38460161502485357,False,-1.8039280435176952,False,0.18759955492409922,False,0.17799179553985595,False,-1.8039280435176952,False
2025,B,1982,1780477320.0,False,-1,,13,False,0.0,9.0,0.0,-1.7185443418933426,False,0.4040927815308589,False,-1.7185443418933426,False,0.27134842463487785,False,0.14133596420288086,False,-1.7185443418933426,False
2025,B,1983,1780477380.0,False,-1,,13,False,0.0,13.0,0.0,-1.2159681394268578,False,0.42449894806724187,False,-1.2159681394268578,False,0.2307562658387595,False,0.17976570129394528,False,-1.2159681394268578,False
2025,B,1984,1780477440.0,False,-1,,13,False,0.0,13.0,0.0,-1.6315767183520284,False,0.4021996431686295,False,-1.6315767183520284,False,0.2307562658387595,False,0.13696088790893554,False,-1.6315767183520284,False
2025,B,1985,1780477500.0,True,162,dependency_timeout,13,False,3.0,13.0,0.0,5.446895898547663,True,0.6791172351979076,False,5.446895898547663,True,1.0,True,7999999999.999999,True,5.446895898547663,True
2025,B,1986,1780477560.0,True,162,dependency_timeout,13,False,0.0,7.0,0.0,5.446895898547663,True,0.5567579301841357,False,5.446895898547663,True,1.0,True,3999999999.9999995,True,5.446895898547663,True
2025,B,1987,1780477620.0,True,162,dependency_timeout,13,False,0.0,14.0,0.0,5.446895898547663,True,0.4508986617178084,False,5.446895898547663,True,1.0,True,999999999.9999999,True,5.446895898547663,True
2025,B,1988,1780477680.0,False,-1,,13,False,0.0,10.0,0.0,-0.8533763655998952,False,0.4206083251833828,False,-0.8533763655998952,False,0.25866249275443587,False,0.12171723842620852,False,-0.8533763655998952,False
2025,B,1989,1780477740.0,False,-1,,13,False,0.0,12.0,0.0,-0.41976183078108154,False,0.46778169202326814,False,-0.41976183078108154,False,0.23874979971626184,False,0.21275947093963626,False,-0.41976183078108154,False
2025,B,1990,1780477800.0,False,-1,,13,False,0.0,13.0,0.0,-1.7555457062265756,False,0.40508262648190413,False,-1.7555457062265756,False,0.2307562658387595,False,0.1566446304321289,False,-1.7555457062265756,False
2025,B,1991,1780477860.0,False,-1,,13,False,0.0,18.0,0.0,-0.27209765681449927,False,0.4239226722829598,False,-0.27209765681449927,False,0.20233050107121442,False,0.11310219764709473,False,-0.27209765681449927,False
2025,B,1992,1780477920.0,False,-1,,13,False,0.0,9.0,0.0,-1.301176248022455,False,0.4507092352041376,False,-1.301176248022455,False,0.27134842463487785,False,0.12775640487670897,False,-1.301176248022455,False
2025,B,1993,1780477980.0,False,-1,,13,False,0.0,11.0,0.0,-1.1022476110719754,False,0.4104561104344276,False,-1.1022476110719754,False,0.24794537445720646,False,0.1333620548248291,False,-1.1022476110719754,False
2025,B,1994,1780478040.0,False,-1,,13,False,0.0,13.0,0.0,-1.3235956060856173,False,0.40597045518627506,False,-1.3235956060856173,False,0.2307562658387595,False,0.13974485397338868,False,-1.3235956060856173,False
2025,B,1995,1780478100.0,False,-1,,13,False,0.0,26.0,0.0,-0.6128108659976421,False,0.43833782576319924,False,-0.6128108659976421,False,0.17669675651560246,False,0.19612014293670654,False,-0.6128108659976421,False
2025,B,1996,1780478160.0,False,-1,,13,False,0.0,17.0,0.0,-1.2159726065388616,False,0.40300992272476144,False,-1.2159726065388616,False,0.2068901422906054,False,0.12885894775390624,False,-1.2159726065388616,False
2025,B,1997,1780478220.0,True,163,dependency_timeout,13,False,2.0,16.0,0.0,5.446895898547663,True,0.653818490763566,False,5.446895898547663,True,1.0,True,5000000000.0,True,5.446895898547663,True
2025,B,1998,1780478280.0,True,163,dependency_timeout,13,False,0.0,9.0,0.0,5.446895898547663,True,0.5297802951049855,False,5.446895898547663,True,1.0,True,3000000000.0,True,5.446895898547663,True
2025,B,1999,1780478340.0,True,163,dependency_timeout,13,False,1.0,13.0,0.0,5.446895898547663,True,0.6495185349696028,False,5.446895898547663,True,1.0,True,6000000000.0,True,5.446895898547663,True
2025,B,2000,1780478400.0,True,163,dependency_timeout,13,False,0.0,19.0,0.0,5.446895898547663,True,0.47275019078079866,False,5.446895898547663,True,1.0,True,1999999999.9999998,True,5.446895898547663,True
2025,B,2001,1780478460.0,False,-1,,13,False,0.0,16.0,0.0,-1.5948789618723325,False,0.3900994962291448,False,-1.5948789618723325,False,0.21191738011819358,False,0.14969754219055176,False,-1.5948789618723325,False
2025,B,2002,1780478520.0,False,-1,,13,False,0.0,18.0,0.0,-1.7571060278994581,False,0.39191861373729536,False,-1.7571060278994581,False,0.20233050107121442,False,0.17254517078399656,False,-1.7571060278994581,False
2025,B,2003,1780478580.0,False,-1,,13,False,0.0,12.0,0.0,-1.5209644591661382,False,0.3969063122480405,False,-1.5209644591661382,False,0.23874979971626184,False,0.14360353946685792,False,-1.5209644591661382,False
2025,B,2004,1780478640.0,False,-1,,13,False,0.0,21.0,0.0,1.1771539116346137,True,0.4546858151863519,False,1.1771539116346137,True,0.1908469445255076,False,0.13777732849121097,False,1.1771539116346137,True
2025,B,2005,1780478700.0,False,-1,,13,False,0.0,19.0,0.0,-1.7820089125982852,False,0.38033172883508265,False,-1.7820089125982852,False,0.19817145176349388,False,0.14834299087524414,False,-1.7820089125982852,False
2025,B,2006,1780478760.0,False,-1,,13,False,0.0,22.0,0.0,-1.467904423959654,False,0.37713224409411483,False,-1.467904423959654,False,0.18759955492409922,False,0.14991652965545654,False,-1.467904423959654,False
2025,B,2007,1780478820.0,False,-1,,13,False,0.0,21.0,0.0,-1.482173666753388,False,0.37725706653110164,False,-1.482173666753388,False,0.1908469445255076,False,0.15315008163452148,False,-1.482173666753388,False
2025,B,2008,1780478880.0,True,164,config_error,13,False,0.0,15.0,0.0,3.6682505873924036,True,0.4694023110568252,False,3.6682505873924036,True,1.0,True,9000000000.0,True,3.6682505873924036,True
2025,B,2009,1780478940.0,True,164,config_error,13,False,0.0,15.0,0.0,5.044844214202698,True,0.43256893969852667,False,5.044844214202698,True,1.0,True,15000000000.0,True,5.044844214202698,True
2025,B,2010,1780479000.0,True,164,config_error,13,False,0.0,19.0,0.0,4.370157025787488,True,0.4266226099206686,False,4.370157025787488,True,1.0,True,15000000000.0,True,4.370157025787488,True
2025,B,2011,1780479060.0,False,-1,,13,False,0.0,15.0,0.0,-1.5792925978651695,False,0.4171885874031688,False,-1.5792925978651695,False,0.21749564832786078,False,0.16869945526123048,False,-1.5792925978651695,False
2025,B,2012,1780479120.0,False,-1,,13,False,0.0,21.0,0.0,-1.3730975764376447,False,0.3803753447028383,False,-1.3730975764376447,False,0.1908469445255076,False,0.13376140594482422,False,-1.3730975764376447,False
2025,B,2013,1780479180.0,False,-1,,13,False,0.0,22.0,0.0,-2.0065658047889734,False,0.36942875166505124,False,-2.0065658047889734,False,0.18759955492409922,False,0.1558101177215576,False,-2.0065658047889734,False
2025,B,2014,1780479240.0,False,-1,,13,False,0.0,17.0,0.0,-1.8524849589518277,False,0.38053466224314614,False,-1.8524849589518277,False,0.2068901422906054,False,0.15095291137695313,False,-1.8524849589518277,False
2025,B,2015,1780479300.0,False,-1,,13,False,0.0,20.0,0.0,-1.4031498322870615,False,0.38156482681222353,False,-1.4031498322870615,False,0.19435852292864553,False,0.14050660133361817,False,-1.4031498322870615,False
2025,B,2016,1780479360.0,False,-1,,13,False,0.0,19.0,0.0,-1.2766119040452821,False,0.4041314902261556,False,-1.2766119040452821,False,0.19817145176349388,False,0.17412166595458983,False,-1.2766119040452821,False
2025,B,2017,1780479420.0,False,-1,,13,False,0.0,14.0,0.0,-1.8051380627418459,False,0.39645841109702656,False,-1.8051380627418459,False,0.2237302694038766,False,0.16045477390289303,False,-1.8051380627418459,False
2025,B,2018,1780479480.0,False,-1,,13,False,1.0,23.0,0.0,-0.5377987109450153,False,0.5819539578283238,False,-0.5377987109450153,False,0.00023295063144767613,False,0.14903330802917483,False,-0.5377987109450153,False
2025,B,2019,1780479540.0,False,-1,,13,False,0.0,19.0,0.0,-1.5658499225571028,False,0.38194905901397397,False,-1.5658499225571028,False,0.19817145176349388,False,0.1373753547668457,False,-1.5658499225571028,False
2025,B,2020,1780479600.0,False,-1,,13,False,0.0,22.0,0.0,-2.12675531802428,False,0.37256808538383407,False,-2.12675531802428,False,0.18759955492409922,False,0.16842613220214844,False,-2.12675531802428,False
2025,B,2021,1780479660.0,False,-1,,13,False,0.0,20.0,0.0,-1.6111483717413977,False,0.39510170103449316,False,-1.6111483717413977,False,0.19435852292864553,False,0.15646278858184812,False,-1.6111483717413977,False
2025,B,2022,1780479720.0,True,165,permission_denied,13,False,0.0,25.0,0.0,-0.22344978608970045,False,0.376051573673487,False,-0.22344978608970045,False,1.0,True,1999999999.9999998,True,-0.22344978608970045,True
2025,B,2023,1780479780.0,True,165,permission_denied,13,False,0.0,14.0,0.0,1.6695545009681756,True,0.4022078395658288,False,1.6695545009681756,True,1.0,True,5000000000.0,True,1.6695545009681756,True
2025,B,2024,1780479840.0,True,165,permission_denied,13,False,0.0,21.0,0.0,2.736169589370796,True,0.38569035643505933,False,2.736169589370796,True,1.0,True,7999999999.999999,True,2.736169589370796,True
2025,B,2025,1780479900.0,True,165,permission_denied,13,False,0.0,20.0,0.0,-1.4489238277709031,False,0.3784475858615769,False,-1.4489238277709031,False,1.0,True,999999999.9999999,True,-1.4489238277709031,True
2025,B,2026,1780479960.0,False,-1,,13,False,0.0,23.0,0.0,-1.1316877899332356,False,0.38387594158416427,False,-1.1316877899332356,False,0.18458523060596266,False,0.1342996120452881,False,-1.1316877899332356,False
2025,B,2027,1780480020.0,False,-1,,13,False,0.0,28.0,0.0,-1.5546974564775011,False,0.3787385870540579,False,-1.5546974564775011,False,0.17221313128709248,False,0.15087580680847168,False,-1.5546974564775011,False
2025,B,2028,1780480080.0,False,-1,,13,False,0.0,21.0,0.0,-0.28886119636778673,False,0.40440004655136524,False,-0.28886119636778673,False,0.1908469445255076,False,0.13646554946899414,False,-0.28886119636778673,False
2025,B,2029,1780480140.0,False,-1,,13,False,0.0,17.0,0.0,-1.8987869325957574,False,0.3908477137894906,False,-1.8987869325957574,False,0.2068901422906054,False,0.17682304382324218,False,-1.8987869325957574,False
2025,B,2030,1780480200.0,False,-1,,13,False,0.0,16.0,0.0,-0.9191693785000572,False,0.4143780399050039,False,-0.9191693785000572,False,0.21191738011819358,False,0.1513458490371704,False,-0.9191693785000572,False
2025,B,2031,1780480260.0,False,-1,,13,False,0.0,17.0,0.0,-1.7952045502484033,False,0.38929804362798975,False,-1.7952045502484033,False,0.2068901422906054,False,0.15845918655395508,False,-1.7952045502484033,False
2025,B,2032,1780480320.0,True,166,dependency_timeout,13,False,1.0,18.0,0.0,5.446895898547663,True,0.6362106306118551,False,5.446895898547663,True,1.0,True,3999999999.9999995,True,5.446895898547663,True
2025,B,2033,1780480380.0,True,166,dependency_timeout,13,False,2.0,17.0,0.0,5.446895898547663,True,0.6760113066114569,False,5.446895898547663,True,1.0,True,9000000000.0,True,5.446895898547663,True
2025,B,2034,1780480440.0,True,166,dependency_timeout,13,False,2.0,19.0,0.0,5.446895898547663,True,0.6703229430002767,False,5.446895898547663,True,1.0,True,7000000000.0,True,5.446895898547663,True
2025,B,2035,1780480500.0,True,166,dependency_timeout,13,False,1.0,27.0,0.0,5.446895898547663,True,0.6334881549009935,False,5.446895898547663,True,1.0,True,5000000000.0,True,5.446895898547663,True
2025,B,2036,1780480560.0,False,-1,,13,False,0.0,15.0,0.0,-1.2122018072746172,False,0.3976076784047989,False,-1.2122018072746172,False,0.21749564832786078,False,0.1453542709350586,False,-1.2122018072746172,False
2025,B,2037,1780480620.0,False,-1,,13,False,0.0,24.0,0.0,-0.09260119347684803,False,0.4224107485410197,False,-0.09260119347684803,False,0.1817776918582098,False,0.11941759586334227,False,-0.09260119347684803,False
2025,B,2038,1780480680.0,False,-1,,13,False,0.0,19.0,0.0,-2.1320658847687994,False,0.3865353059742223,False,-2.1320658847687994,False,0.19817145176349388,False,0.17614436149597168,False,-2.1320658847687994,False
2025,B,2039,1780480740.0,False,-1,,13,False,0.0,12.0,0.0,-0.866878091441535,False,0.43383486162687485,False,-0.866878091441535,False,0.23874979971626184,False,0.18328440189361572,False,-0.866878091441535,False
2025,B,2040,1780480800.0,False,-1,,13,False,0.0,15.0,0.0,-1.436864451055544,False,0.4013999227096432,False,-1.436864451055544,False,0.21749564832786078,False,0.1340248107910156,False,-1.436864451055544,False
2025,B,2041,1780480860.0,False,-1,,13,False,0.0,12.0,0.0,-0.8482435468500604,False,0.4199273929450376,False,-0.8482435468500604,False,0.23874979971626184,False,0.13559422492980958,False,-0.8482435468500604,False
2025,B,2042,1780480920.0,False,-1,,13,False,0.0,18.0,0.0,-1.6608782815234076,False,0.380588137544621,False,-1.6608782815234076,False,0.20233050107121442,False,0.1436929225921631,False,-1.6608782815234076,False
2025,B,2043,1780480980.0,False,-1,,13,False,0.0,21.0,0.0,-1.5529278200581453,False,0.38803059174525123,False,-1.5529278200581453,False,0.1908469445255076,False,0.15505886077880862,False,-1.5529278200581453,False
2025,B,2044,1780481040.0,False,-1,,13,False,0.0,13.0,0.0,-0.46383447539015865,False,0.41991717180742427,False,-0.46383447539015865,False,0.2307562658387595,False,0.1147568702697754,False,-0.46383447539015865,False
2025,B,2045,1780481100.0,False,-1,,13,False,0.0,17.0,0.0,-1.51020304942503,False,0.40750313857487114,False,-1.51020304942503,False,0.2068901422906054,False,0.19699010848999024,False,-1.51020304942503,False
2025,B,2046,1780481160.0,True,167,permission_denied,13,False,0.0,17.0,0.0,-2.083672030711699,False,0.38264103104358266,False,-2.083672030711699,False,0.2068901422906054,False,0.16281776428222655,False,-2.083672030711699,False
2025,B,2047,1780481220.0,True,167,permission_denied,13,False,0.0,18.0,0.0,2.649385712032136,True,0.38824466083204295,False,2.649385712032136,True,1.0,True,7000000000.0,True,2.649385712032136,True
2025,B,2048,1780481280.0,True,167,permission_denied,13,False,0.0,19.0,0.0,2.620129360103824,True,0.39876176624609383,False,2.620129360103824,True,1.0,True,6000000000.0,True,2.620129360103824,True
2025,B,2049,1780481340.0,True,167,permission_denied,13,False,0.0,26.0,0.0,2.6846715517149344,True,0.42184694376307713,False,2.6846715517149344,True,1.0,True,7000000000.0,True,2.6846715517149344,True
2025,B,2050,1780481400.0,True,167,permission_denied,13,False,0.0,18.0,0.0,-1.6634378273437047,False,0.398997264998314,False,-1.6634378273437047,False,0.20233050107121442,False,0.19492292404174796,False,-1.6634378273437047,False
2025,B,2051,1780481460.0,False,-1,,14,False,0.0,18.0,0.0,-1.8044946411015257,False,0.3933579710563083,False,-1.8044946411015257,False,0.20233050107121442,False,0.15886952877044674,False,-1.8044946411015257,False
2025,B,2052,1780481520.0,False,-1,,14,False,0.0,21.0,0.0,-1.7933207563748015,False,0.37510574689064563,False,-1.7933207563748015,False,0.1908469445255076,False,0.1481413841247559,False,-1.7933207563748015,False
2025,B,2053,1780481580.0,False,-1,,14,False,0.0,18.0,0.0,-1.5056446033404924,False,0.39771587113900553,False,-1.5056446033404924,False,0.20233050107121442,False,0.16740334033966064,False,-1.5056446033404924,False
2025,B,2054,1780481640.0,False,-1,,14,False,0.0,26.0,0.0,-1.0947692205891748,False,0.3991169122955019,False,-1.0947692205891748,False,0.17669675651560246,False,0.14169156551361087,False,-1.0947692205891748,False
2025,B,2055,1780481700.0,False,-1,,14,False,0.0,18.0,0.0,-0.27187560808597766,False,0.4416804998009459,False,-0.27187560808597766,False,0.20233050107121442,False,0.11553735733032226,False,-0.27187560808597766,False
2025,B,2056,1780481760.0,False,-1,,14,False,0.0,18.0,0.0,-0.6245721132488331,False,0.4394505831886102,False,-0.6245721132488331,False,0.20233050107121442,False,0.16768431663513184,False,-0.6245721132488331,False
2025,B,2057,1780481820.0,False,-1,,14,False,0.0,13.0,0.0,-0.4579681627049972,False,0.46523015907377074,False,-0.4579681627049972,False,0.2307562658387595,False,0.1294163703918457,False,-0.4579681627049972,False
2025,B,2058,1780481880.0,False,-1,,14,False,0.0,19.0,0.0,-1.944822696749064,False,0.3858833152919426,False,-1.944822696749064,False,0.19817145176349388,False,0.17022805213928222,False,-1.944822696749064,False
2025,B,2059,1780481940.0,False,-1,,14,False,0.0,18.0,0.0,-1.2953373831549593,False,0.3887816098398475,False,-1.2953373831549593,False,0.20233050107121442,False,0.14280762672424313,False,-1.2953373831549593,False
2025,B,2060,1780482000.0,True,168,resource_exhaustion,14,False,1.0,15.0,0.0,5.446895898547663,True,0.677095579939647,False,5.446895898547663,True,1.0,True,999999999.9999999,True,5.446895898547663,True
2025,B,2061,1780482060.0,True,168,resource_exhaustion,14,False,4.0,21.0,0.0,5.446895898547663,True,0.6936660283072176,False,5.446895898547663,True,1.0,True,3999999999.9999995,True,5.446895898547663,True
2025,B,2062,1780482120.0,True,168,resource_exhaustion,14,False,3.0,16.0,0.0,5.446895898547663,True,0.7002261051889135,False,5.446895898547663,True,1.0,True,3000000000.0,True,5.446895898547663,True
2025,B,2063,1780482180.0,True,168,resource_exhaustion,14,False,2.0,20.0,0.0,5.446895898547663,True,0.693851405564802,False,5.446895898547663,True,1.0,True,1999999999.9999998,True,5.446895898547663,True
2025,B,2064,1780482240.0,False,-1,,14,False,0.0,19.0,0.0,-1.7986324687458426,False,0.38947951107354045,False,-1.7986324687458426,False,0.19817145176349388,False,0.17320618629455567,False,-1.7986324687458426,False
2025,B,2065,1780482300.0,False,-1,,14,False,1.0,13.0,0.0,0.27190838817826446,False,0.6049217707149033,False,0.27190838817826446,False,7.713610586245838e-05,False,0.180613899230957,False,0.27190838817826446,False
2025,B,2066,1780482360.0,False,-1,,14,False,0.0,15.0,0.0,-1.2822661976328442,False,0.40844188571927015,False,-1.2822661976328442,False,0.21749564832786078,False,0.1297896385192871,False,-1.2822661976328442,False
2025,B,2067,1780482420.0,False,-1,,14,False,0.0,21.0,0.0,-1.679313506984201,False,0.3832601710781934,False,-1.679313506984201,False,0.1908469445255076,False,0.16976404190063477,False,-1.679313506984201,False
2025,B,2068,1780482480.0,False,-1,,14,False,0.0,20.0,0.0,-1.2600594718607647,False,0.3881405443225466,False,-1.2600594718607647,False,0.19435852292864553,False,0.15022237300872804,False,-1.2600594718607647,False
2025,B,2069,1780482540.0,False,-1,,14,False,0.0,27.0,0.0,-1.7719561420226597,False,0.37737968260529325,False,-1.7719561420226597,False,0.1743877084429739,False,0.16757497787475584,False,-1.7719561420226597,False
2025,B,2070,1780482600.0,False,-1,,14,False,0.0,25.0,0.0,-1.172800120187035,False,0.396760716894465,False,-1.172800120187035,False,0.17915458308696264,False,0.142413330078125,False,-1.172800120187035,False
2025,B,2071,1780482660.0,False,-1,,14,False,0.0,16.0,0.0,-0.7628720353359304,False,0.4407190429781572,False,-0.7628720353359304,False,0.21191738011819358,False,0.13002169132232666,False,-0.7628720353359304,False
2025,B,2072,1780482720.0,False,-1,,14,False,0.0,20.0,0.0,-1.6338586512546645,False,0.4002169179955959,False,-1.6338586512546645,False,0.19435852292864553,False,0.17476968765258785,False,-1.6338586512546645,False
2025,B,2073,1780482780.0,False,-1,,14,False,0.0,18.0,0.0,-1.6291136128763677,False,0.3879197666098575,False,-1.6291136128763677,False,0.20233050107121442,False,0.15898890495300294,False,-1.6291136128763677,False
2025,B,2074,1780482840.0,False,-1,,14,False,0.0,22.0,0.0,-1.5309541745196658,False,0.3783580517215326,False,-1.5309541745196658,False,0.18759955492409922,False,0.1612370491027832,False,-1.5309541745196658,False
2025,B,2075,1780482900.0,True,169,config_error,14,False,0.0,22.0,0.0,4.6231746549941395,True,0.4003794261896789,False,4.6231746549941395,True,1.0,True,18000000000.0,True,4.6231746549941395,True
2025,B,2076,1780482960.0,True,169,config_error,14,False,0.0,16.0,0.0,4.164786227894324,True,0.40916264850303097,False,4.164786227894324,True,1.0,True,13000000000.0,True,4.164786227894324,True
2025,B,2077,1780483020.0,True,169,config_error,14,False,0.0,16.0,0.0,2.633158113387174,True,0.44205909124672876,False,2.633158113387174,True,1.0,True,6000000000.0,True,2.633158113387174,True
2025,B,2078,1780483080.0,False,-1,,14,False,0.0,12.0,0.0,-1.5297705154347776,False,0.4200392169025903,False,-1.5297705154347776,False,0.23874979971626184,False,0.1511340856552124,False,-1.5297705154347776,False
2025,B,2079,1780483140.0,False,-1,,14,False,1.0,16.0,0.0,-0.933828361883581,False,0.5834328028612767,False,-0.933828361883581,False,0.00012087295150669473,False,0.13258004188537598,False,-0.933828361883581,False
2025,B,2080,1780483200.0,False,-1,,14,False,0.0,20.0,0.0,-0.45471920077199535,False,0.4200792404364324,False,-0.45471920077199535,False,0.19435852292864553,False,0.12750515937805176,False,-0.45471920077199535,False
2025,B,2081,1780483260.0,False,-1,,14,False,0.0,22.0,0.0,-1.1406637800137132,False,0.3898648912654812,False,-1.1406637800137132,False,0.18759955492409922,False,0.14733433723449707,False,-1.1406637800137132,False
2025,B,2082,1780483320.0,False,-1,,14,False,0.0,20.0,0.0,-1.4715006295356927,False,0.3805359873218743,False,-1.4715006295356927,False,0.19435852292864553,False,0.14361233711242674,False,-1.4715006295356927,False
2025,B,2083,1780483380.0,False,-1,,14,False,0.0,23.0,0.0,-1.243241312107176,False,0.3939755147034572,False,-1.243241312107176,False,0.18458523060596266,False,0.14137167930603028,False,-1.243241312107176,False
2025,B,2084,1780483440.0,False,-1,,14,False,0.0,20.0,0.0,-1.429273669719346,False,0.3947019019557042,False,-1.429273669719346,False,0.19435852292864553,False,0.1463745832443237,False,-1.429273669719346,False
2025,B,2085,1780483500.0,False,-1,,14,False,0.0,28.0,0.0,-0.4591887690635632,False,0.42614153396553484,False,-0.4591887690635632,False,0.17221313128709248,False,0.17876088619232178,False,-0.4591887690635632,False
2025,B,2086,1780483560.0,False,-1,,14,False,0.0,27.0,0.0,0.1907301830999737,False,0.4530400578214059,False,0.1907301830999737,False,0.1743877084429739,False,0.21848149299621572,False,0.1907301830999737,False
2025,B,2087,1780483620.0,False,-1,,14,False,0.0,24.0,0.0,-1.8836763891736208,False,0.3682763902873632,False,-1.8836763891736208,False,0.1817776918582098,False,0.15677838325500487,False,-1.8836763891736208,False
2025,B,2088,1780483680.0,True,170,dependency_timeout,14,False,1.0,16.0,0.0,5.446895898547663,True,0.6334648537284499,False,5.446895898547663,True,1.0,True,3999999999.9999995,True,5.446895898547663,True
2025,B,2089,1780483740.0,True,170,dependency_timeout,14,False,1.0,26.0,0.0,5.446895898547663,True,0.6399529321808429,False,5.446895898547663,True,1.0,True,6000000000.0,True,5.446895898547663,True
2025,B,2090,1780483800.0,True,170,dependency_timeout,14,False,1.0,11.0,0.0,5.446895898547663,True,0.5851067016111641,False,5.446895898547663,True,1.0,True,7000000000.0,True,5.446895898547663,True
2025,B,2091,1780483860.0,True,170,dependency_timeout,14,False,2.0,26.0,0.0,5.446895898547663,True,0.6543478369145092,False,5.446895898547663,True,1.0,True,3999999999.9999995,True,5.446895898547663,True
2025,B,2092,1780483920.0,False,-1,,14,False,0.0,25.0,0.0,-1.8459835580790616,False,0.3720664324537047,False,-1.8459835580790616,False,0.17915458308696264,False,0.15102710723876947,False,-1.8459835580790616,False
2025,B,2093,1780483980.0,False,-1,,14,False,0.0,23.0,0.0,-2.122471564483079,False,0.3678318958475347,False,-2.122471564483079,False,0.18458523060596266,False,0.16668214797973635,False,-2.122471564483079,False
2025,B,2094,1780484040.0,False,-1,,14,False,0.0,20.0,0.0,-2.020608604919661,False,0.3839806180633631,False,-2.020608604919661,False,0.19435852292864553,False,0.17186589241027833,False,-2.020608604919661,False
2025,B,2095,1780484100.0,False,-1,,14,False,0.0,29.0,0.0,-1.0849240775138265,False,0.42998865400863845,False,-1.0849240775138265,False,0.17016055445988643,False,0.2187334060668945,False,-1.0849240775138265,False
2025,B,2096,1780484160.0,False,-1,,14,False,0.0,17.0,0.0,-1.1040051349377062,False,0.39094400549914166,False,-1.1040051349377062,False,0.2068901422906054,False,0.1308812141418457,False,-1.1040051349377062,False
2025,B,2097,1780484220.0,False,-1,,14,True,0.0,23.0,0.0,-1.3997241106064733,False,0.37317966376776257,False,-1.3997241106064733,False,0.18458523060596266,False,0.1470657825469971,False,-1.3997241106064733,False
2025,B,2098,1780484280.0,False,-1,,14,True,1.0,234.0,0.0,1.60018115655983,True,0.7401461498327758,True,1.60018115655983,True,0.0020510169723037936,False,0.2006438016891479,False,1.60018115655983,False
2025,B,2099,1780484340.0,False,-1,,14,True,0.0,221.0,0.0,-0.189863102994849,False,0.6968019703356269,False,-0.189863102994849,False,0.09979525751305206,False,0.18039846420288097,False,-0.189863102994849,False
2025,B,2100,1780484400.0,False,-1,,14,False,0.0,22.0,0.0,-1.2144057397266002,False,0.3869809955426901,False,-1.2144057397266002,False,0.18759955492409922,False,0.1311854362487793,False,-1.2144057397266002,False
2025,B,2101,1780484460.0,True,171,permission_denied,14,False,0.0,24.0,0.0,1.6486202185110543,True,0.3939059272212805,False,1.6486202185110543,True,1.0,True,5000000000.0,True,1.6486202185110543,True
2025,B,2102,1780484520.0,True,171,permission_denied,14,False,0.0,22.0,0.0,2.493155765949085,True,0.40575730821118206,False,2.493155765949085,True,1.0,True,6000000000.0,True,2.493155765949085,True
2025,B,2103,1780484580.0,True,171,permission_denied,14,False,0.0,14.0,0.0,3.1353493058007103,True,0.4604720860793455,False,3.1353493058007103,True,1.0,True,7000000000.0,True,3.1353493058007103,True
2025,B,2104,1780484640.0,True,171,permission_denied,14,False,0.0,21.0,0.0,-0.15036191926633524,False,0.37689714120751616,False,-0.15036191926633524,False,1.0,True,1999999999.9999998,True,-0.15036191926633524,True
2025,B,2105,1780484700.0,False,-1,,14,False,0.0,29.0,0.0,-1.628330722612997,False,0.3899598592128808,False,-1.628330722612997,False,0.17016055445988643,False,0.15746574401855468,False,-1.628330722612997,False
2025,B,2106,1780484760.0,False,-1,,14,False,0.0,16.0,0.0,-1.2779068250571974,False,0.4232468371482515,False,-1.2779068250571974,False,0.21191738011819358,False,0.16694140434265134,False,-1.2779068250571974,False
2025,B,2107,1780484820.0,False,-1,,14,False,0.0,24.0,0.0,-1.2056251789472707,False,0.39476519673828026,False,-1.2056251789472707,False,0.1817776918582098,False,0.14069111347198487,False,-1.2056251789472707,False
2025,B,2108,1780484880.0,False,-1,,14,False,0.0,21.0,0.0,-1.599305577319126,False,0.3957177330899596,False,-1.599305577319126,False,0.1908469445255076,False,0.18370485305786133,False,-1.599305577319126,False
2025,B,2109,1780484940.0,False,-1,,14,False,0.0,18.0,0.0,-1.7500458673230028,False,0.3940908897659823,False,-1.7500458673230028,False,0.20233050107121442,False,0.17741479873657226,False,-1.7500458673230028,False
2025,B,2110,1780485000.0,False,-1,,14,False,0.0,12.0,0.0,-1.1702987470147983,False,0.4190037881140584,False,-1.1702987470147983,False,0.23874979971626184,False,0.16230039596557616,False,-1.1702987470147983,False
2025,B,2111,1780485060.0,False,-1,,14,False,0.0,27.0,0.0,-1.6373750585401234,False,0.3850170227312433,False,-1.6373750585401234,False,0.1743877084429739,False,0.1665304660797119,False,-1.6373750585401234,False
2025,B,2112,1780485120.0,True,172,resource_exhaustion,14,False,4.0,26.0,0.0,5.446895898547663,True,0.6841846142812297,False,5.446895898547663,True,1.0,True,5000000000.0,True,5.446895898547663,True
2025,B,2113,1780485180.0,True,172,resource_exhaustion,14,False,3.0,22.0,0.0,5.446895898547663,True,0.6908211177349414,False,5.446895898547663,True,1.0,True,999999999.9999999,True,5.446895898547663,True
2025,B,2114,1780485240.0,True,172,resource_exhaustion,14,False,3.0,18.0,0.0,5.446895898547663,True,0.6992792191830581,False,5.446895898547663,True,1.0,True,3999999999.9999995,True,5.446895898547663,True
2025,B,2115,1780485300.0,False,-1,,14,False,0.0,22.0,0.0,-1.994332795140486,False,0.3793180284645243,False,-1.994332795140486,False,0.18759955492409922,False,0.17293972969055177,False,-1.994332795140486,False
2025,B,2116,1780485360.0,False,-1,,14,False,0.0,25.0,0.0,-1.1761602699473075,False,0.38836877359689587,False,-1.1761602699473075,False,0.17915458308696264,False,0.16043777465820314,False,-1.1761602699473075,False
2025,B,2117,1780485420.0,False,-1,,14,False,0.0,18.0,0.0,-1.1424485773038207,False,0.39323984859212413,False,-1.1424485773038207,False,0.20233050107121442,False,0.13596866130828855,False,-1.1424485773038207,False
2025,B,2118,1780485480.0,False,-1,,14,False,0.0,28.0,0.0,-1.4959161785501474,False,0.39340364452273086,False,-1.4959161785501474,False,0.17221313128709248,False,0.17525734901428225,False,-1.4959161785501474,False
2025,B,2119,1780485540.0,False,-1,,14,False,0.0,30.0,0.0,-0.7372532310625228,False,0.4385160107769043,False,-0.7372532310625228,False,0.16821905407945875,False,0.17291941642761233,False,-0.7372532310625228,False
2025,B,2120,1780485600.0,False,-1,,14,False,0.0,21.0,0.0,-1.3823566307671555,False,0.3773363039795072,False,-1.3823566307671555,False,0.1908469445255076,False,0.1360578536987305,False,-1.3823566307671555,False
2025,B,2121,1780485660.0,False,-1,,14,False,0.0,20.0,0.0,-1.9691584248224716,False,0.37732698084339783,False,-1.9691584248224716,False,0.19435852292864553,False,0.15763368606567382,False,-1.9691584248224716,False
2025,B,2122,1780485720.0,False,-1,,14,False,0.0,14.0,0.0,-1.1895412294859096,False,0.40276973177295167,False,-1.1895412294859096,False,0.2237302694038766,False,0.14384636878967286,False,-1.1895412294859096,False
2025,B,2123,1780485780.0,True,173,permission_denied,14,False,0.0,24.0,0.0,3.433422018550105,True,0.3857036195607621,False,3.433422018550105,True,1.0,True,11000000000.0,True,3.433422018550105,True
2025,B,2124,1780485840.0,True,173,permission_denied,14,False,1.0,32.0,0.0,4.168254964608408,True,0.5767265270445177,False,4.168254964608408,True,1.0,True,15000000000.0,True,4.168254964608408,True
2025,B,2125,1780485900.0,True,173,permission_denied,14,False,0.0,21.0,0.0,2.8611598738118653,True,0.415841307956652,False,2.8611598738118653,True,1.0,True,7000000000.0,True,2.8611598738118653,True
2025,B,2126,1780485960.0,True,173,permission_denied,14,False,0.0,20.0,0.0,-0.0037855128384682857,False,0.39010624072140515,False,-0.0037855128384682857,False,1.0,True,1999999999.9999998,True,-0.0037855128384682857,True
2025,B,2127,1780486020.0,False,-1,,14,False,0.0,23.0,0.0,-1.2058334960504844,False,0.3980929627301158,False,-1.2058334960504844,False,0.18458523060596266,False,0.169085693359375,False,-1.2058334960504844,False
2025,B,2128,1780486080.0,False,-1,,14,False,0.0,20.0,0.0,-1.9433036647626425,False,0.3798745737958181,False,-1.9433036647626425,False,0.19435852292864553,False,0.1649452686309814,False,-1.9433036647626425,False
2025,B,2129,1780486140.0,False,-1,,14,False,0.0,19.0,0.0,-1.4488698470728112,False,0.38700237021082096,False,-1.4488698470728112,False,0.19817145176349388,False,0.14998583793640136,False,-1.4488698470728112,False
2025,B,2130,1780486200.0,False,-1,,14,False,0.0,21.0,0.0,-1.814719593932998,False,0.3711859252208393,False,-1.814719593932998,False,0.1908469445255076,False,0.14590835571289062,False,-1.814719593932998,False
2025,B,2131,1780486260.0,False,-1,,14,False,0.0,23.0,0.0,-0.8920172694411317,False,0.40965720129578476,False,-0.8920172694411317,False,0.18458523060596266,False,0.14024653434753417,False,-0.8920172694411317,False
2025,B,2132,1780486320.0,False,-1,,14,False,0.0,18.0,0.0,-1.7057061092289318,False,0.38845419316259894,False,-1.7057061092289318,False,0.20233050107121442,False,0.15104322433471673,False,-1.7057061092289318,False
2025,B,2133,1780486380.0,False,-1,,14,False,0.0,21.0,0.0,-1.9710971419552044,False,0.3712787653420016,False,-1.9710971419552044,False,0.1908469445255076,False,0.15208816528320315,False,-1.9710971419552044,False
2025,B,2134,1780486440.0,False,-1,,14,False,0.0,22.0,0.0,-1.6564999230008342,False,0.3953689373142034,False,-1.6564999230008342,False,0.18759955492409922,False,0.18344047069549557,False,-1.6564999230008342,False
2025,B,2135,1780486500.0,True,174,config_error,14,False,0.0,19.0,0.0,4.582756228440076,True,0.4255937589390032,False,4.582756228440076,True,1.0,True,15999999999.999998,True,4.582756228440076,True
2025,B,2136,1780486560.0,True,174,config_error,14,False,0.0,28.0,0.0,4.743803174921838,True,0.4186902086437998,False,4.743803174921838,True,1.0,True,22000000000.0,True,4.743803174921838,True
2025,B,2137,1780486620.0,True,174,config_error,14,False,0.0,22.0,0.0,4.8664193511127225,True,0.41407452056533445,False,4.8664193511127225,True,1.0,True,20000000000.0,True,4.8664193511127225,True
2025,B,2138,1780486680.0,True,174,config_error,14,False,0.0,28.0,0.0,1.1509238943839568,True,0.39372288572727887,False,1.1509238943839568,True,1.0,True,3000000000.0,True,1.1509238943839568,True
2025,B,2139,1780486740.0,False,-1,,14,False,0.0,24.0,0.0,-1.8221173959187293,False,0.37567173908992535,False,-1.8221173959187293,False,0.1817776918582098,False,0.1768362998962402,False,-1.8221173959187293,False
2025,B,2140,1780486800.0,False,-1,,14,False,0.0,16.0,0.0,-0.8693679984139671,False,0.40138215058015925,False,-0.8693679984139671,False,0.21191738011819358,False,0.12373316287994385,False,-0.8693679984139671,False
2025,B,2141,1780486860.0,False,-1,,14,False,0.0,15.0,0.0,-1.961550748757242,False,0.3883179548770234,False,-1.961550748757242,False,0.21749564832786078,False,0.16101231575012206,False,-1.961550748757242,False
2025,B,2142,1780486920.0,False,-1,,14,False,0.0,23.0,0.0,-1.0883881065345982,False,0.40233710051294314,False,-1.0883881065345982,False,0.18458523060596266,False,0.1673560619354248,False,-1.0883881065345982,False
2025,B,2143,1780486980.0,False,-1,,14,False,0.0,22.0,0.0,-1.1116486903006981,False,0.39928288485153296,False,-1.1116486903006981,False,0.18759955492409922,False,0.13237013816833496,False,-1.1116486903006981,False
2025,B,2144,1780487040.0,True,175,permission_denied,14,False,0.0,23.0,0.0,1.3485950018935107,True,0.40774358432921226,False,1.3485950018935107,True,1.0,True,3000000000.0,True,1.3485950018935107,True
2025,B,2145,1780487100.0,True,175,permission_denied,14,False,0.0,17.0,0.0,2.5346071435059616,True,0.40513944186475004,False,2.5346071435059616,True,1.0,True,7000000000.0,True,2.5346071435059616,True
2025,B,2146,1780487160.0,True,175,permission_denied,14,False,0.0,18.0,0.0,1.8458867126529692,True,0.39216058553919975,False,1.8458867126529692,True,1.0,True,5000000000.0,True,1.8458867126529692,True
2025,B,2147,1780487220.0,True,175,permission_denied,14,False,1.0,22.0,0.0,2.730419765650734,True,0.5846662115954449,False,2.730419765650734,True,1.0,True,5000000000.0,True,2.730419765650734,True
2025,B,2148,1780487280.0,True,175,permission_denied,14,False,0.0,23.0,0.0,1.2320753835756317,True,0.3887540703696461,False,1.2320753835756317,True,1.0,True,3999999999.9999995,True,1.2320753835756317,True
2025,B,2149,1780487340.0,False,-1,,14,False,0.0,31.0,0.0,-1.5351957332403217,False,0.3921980612203156,False,-1.5351957332403217,False,0.16637901652440515,False,0.1509132385253906,False,-1.5351957332403217,False
2025,B,2150,1780487400.0,False,-1,,14,False,0.0,22.0,0.0,-2.148765873429733,False,0.3777340417310838,False,-2.148765873429733,False,0.18759955492409922,False,0.17531192302703857,False,-2.148765873429733,False
2025,B,2151,1780487460.0,False,-1,,14,False,0.0,32.0,0.0,-0.6406097468545031,False,0.43284855730693395,False,-0.6406097468545031,False,0.16463194446710577,False,0.13614139556884766,False,-0.6406097468545031,False
2025,B,2152,1780487520.0,False,-1,,14,False,0.0,25.0,0.0,-1.1848445809550388,False,0.3892095445360411,False,-1.1848445809550388,False,0.17915458308696264,False,0.1323420524597168,False,-1.1848445809550388,False
2025,B,2153,1780487580.0,False,-1,,14,False,0.0,23.0,0.0,-1.9746828961711218,False,0.37660996296902105,False,-1.9746828961711218,False,0.18458523060596266,False,0.17491421699523932,False,-1.9746828961711218,False
2025,B,2154,1780487640.0,False,-1,,14,False,0.0,27.0,0.0,-1.3891887746966027,False,0.3817102311510832,False,-1.3891887746966027,False,0.1743877084429739,False,0.1486133575439453,False,-1.3891887746966027,False
2025,B,2155,1780487700.0,False,-1,,14,False,0.0,26.0,0.0,-1.6312548658245314,False,0.3754922454001573,False,-1.6312548658245314,False,0.17669675651560246,False,0.15885353088378906,False,-1.6312548658245314,False
2025,B,2156,1780487760.0,False,-1,,14,False,0.0,15.0,0.0,-1.459871341761601,False,0.3904419027017153,False,-1.459871341761601,False,0.21749564832786078,False,0.1416675090789795,False,-1.459871341761601,False
2025,B,2157,1780487820.0,False,-1,,14,False,0.0,23.0,0.0,-0.2284715072174368,False,0.42235545534787855,False,-0.2284715072174368,False,0.18458523060596266,False,0.16005902290344237,False,-0.2284715072174368,False
2025,B,2158,1780487880.0,False,-1,,14,False,0.0,26.0,0.0,-0.7345958705963138,False,0.3996625488057183,False,-0.7345958705963138,False,0.17669675651560246,False,0.1417553424835205,False,-0.7345958705963138,False
2025,B,2159,1780487940.0,True,176,dependency_timeout,14,False,1.0,33.0,0.0,5.446895898547663,True,0.6419169395923735,False,5.446895898547663,True,1.0,True,9000000000.0,True,5.446895898547663,True
2025,B,2160,1780488000.0,True,176,dependency_timeout,14,False,3.0,26.0,0.0,5.446895898547663,True,0.6679060465412913,False,5.446895898547663,True,1.0,True,7000000000.0,True,5.446895898547663,True
2025,B,2161,1780488060.0,True,176,dependency_timeout,14,False,0.0,22.0,0.0,5.446895898547663,True,0.49981478092656517,False,5.446895898547663,True,1.0,True,9000000000.0,True,5.446895898547663,True
2025,B,2162,1780488120.0,True,176,dependency_timeout,14,False,3.0,25.0,0.0,5.446895898547663,True,0.6733246198906504,False,5.446895898547663,True,1.0,True,12000000000.0,True,5.446895898547663,True
2025,B,2163,1780488180.0,True,176,dependency_timeout,14,False,2.0,30.0,0.0,5.446895898547663,True,0.637436369488561,False,5.446895898547663,True,1.0,True,3999999999.9999995,True,5.446895898547663,True
2025,B,2164,1780488240.0,False,-1,,14,False,0.0,34.0,0.0,-1.4100320171959453,False,0.4123823910189015,False,-1.4100320171959453,False,0.16138735499274742,False,0.14916093349456788,False,-1.4100320171959453,False
2025,B,2165,1780488300.0,False,-1,,14,False,1.0,34.0,0.0,0.7275235943860414,False,0.6075049052545421,False,0.7275235943860414,False,0.0004100168671138981,False,0.1864481210708618,False,0.7275235943860414,False
2025,B,2166,1780488360.0,False,-1,,14,False,0.0,19.0,0.0,-1.7614048474299597,False,0.3834599630493633,False,-1.7614048474299597,False,0.19817145176349388,False,0.15669031143188478,False,-1.7614048474299597,False
2025,B,2167,1780488420.0,False,-1,,14,False,0.0,26.0,0.0,-1.6438547882426846,False,0.3956230467729768,False,-1.6438547882426846,False,0.17669675651560246,False,0.18984675407409665,False,-1.6438547882426846,False
2025,B,2168,1780488480.0,False,-1,,14,False,0.0,32.0,0.0,-1.172277384019413,False,0.4144433951208988,False,-1.172277384019413,False,0.16463194446710577,False,0.14544515609741213,False,-1.172277384019413,False
2025,B,2169,1780488540.0,False,-1,,14,False,0.0,25.0,0.0,-1.7695227178931283,False,0.3727056775982283,False,-1.7695227178931283,False,0.17915458308696264,False,0.15448493957519532,False,-1.7695227178931283,False
2025,B,2170,1780488600.0,True,177,dependency_timeout,14,False,0.0,34.0,0.0,-1.6377522910004698,False,0.40663270233120624,False,-1.6377522910004698,False,0.16138735499274742,False,0.1667902231216431,False,-1.6377522910004698,False
2025,B,2171,1780488660.0,True,177,dependency_timeout,14,False,2.0,23.0,0.0,5.446895898547663,True,0.6686337180721679,False,5.446895898547663,True,1.0,True,10000000000.0,True,5.446895898547663,True
2025,B,2172,1780488720.0,True,177,dependency_timeout,14,False,0.0,22.0,0.0,5.446895898547663,True,0.5005293738398874,False,5.446895898547663,True,1.0,True,7999999999.999999,True,5.446895898547663,True
2025,B,2173,1780488780.0,True,177,dependency_timeout,14,False,1.0,28.0,0.0,5.446895898547663,True,0.6422911777439303,False,5.446895898547663,True,1.0,True,10000000000.0,True,5.446895898547663,True
2025,B,2174,1780488840.0,True,177,dependency_timeout,14,False,0.0,26.0,0.0,5.446895898547663,True,0.44941465664177077,False,5.446895898547663,True,1.0,True,999999999.9999999,True,5.446895898547663,True
2025,B,2175,1780488900.0,False,-1,,14,False,0.0,24.0,0.0,-1.6792448361152843,False,0.36960522787163347,False,-1.6792448361152843,False,0.1817776918582098,False,0.15421111583709715,False,-1.6792448361152843,False
2025,B,2176,1780488960.0,False,-1,,14,False,0.0,24.0,0.0,-1.0616299908397702,False,0.38293329546063765,False,-1.0616299908397702,False,0.1817776918582098,False,0.15487139225006102,False,-1.0616299908397702,False
2025,B,2177,1780489020.0,False,-1,,14,False,0.0,21.0,0.0,-1.6212786474447984,False,0.3819753482607716,False,-1.6212786474447984,False,0.1908469445255076,False,0.16007184982299805,False,-1.6212786474447984,False
2025,B,2178,1780489080.0,False,-1,,14,False,0.0,23.0,0.0,-1.2866020221874654,False,0.3995297879811363,False,-1.2866020221874654,False,0.18458523060596266,False,0.19972858428955081,False,-1.2866020221874654,False
2025,B,2179,1780489140.0,False,-1,,14,False,0.0,30.0,0.0,-1.1448311230029926,False,0.42189823575334023,False,-1.1448311230029926,False,0.16821905407945875,False,0.20787460803985602,False,-1.1448311230029926,False
2025,B,2180,1780489200.0,False,-1,,14,False,0.0,20.0,0.0,-1.8875663959755782,False,0.37827589218957836,False,-1.8875663959755782,False,0.19435852292864553,False,0.1563570737838745,False,-1.8875663959755782,False
2025,B,2181,1780489260.0,False,-1,,14,False,0.0,29.0,0.0,-1.9248749350441274,False,0.379466940402802,False,-1.9248749350441274,False,0.17016055445988643,False,0.16351308822631833,False,-1.9248749350441274,False
2025,B,2182,1780489320.0,False,-1,,14,True,0.0,32.0,0.0,0.047294193117338956,False,0.4508376481588982,False,0.047294193117338956,False,0.16463194446710577,False,0.1316363573074341,False,0.047294193117338956,False
2025,B,2183,1780489380.0,False,-1,,14,True,1.0,268.0,0.0,1.9135613138120395,True,0.7477330462667227,True,1.9135613138120395,True,0.0021995002589088046,False,0.19258444309234612,False,1.9135613138120395,False
2025,B,2184,1780489440.0,False,-1,,14,True,0.0,249.0,0.0,0.2095117496562917,False,0.7066171070533401,True,0.2095117496562917,False,0.09746688321800247,False,0.16449537277221682,False,0.2095117496562917,False
2025,B,2185,1780489500.0,False,-1,,14,False,0.0,32.0,0.0,-1.6456397856375666,False,0.3998345812815527,False,-1.6456397856375666,False,0.16463194446710577,False,0.1628471851348877,False,-1.6456397856375666,False
2025,B,2186,1780489560.0,True,178,config_error,14,False,0.0,24.0,0.0,4.815349554338056,True,0.43657249467739556,False,4.815349554338056,True,1.0,True,20000000000.0,True,4.815349554338056,True
2025,B,2187,1780489620.0,True,178,config_error,14,False,0.0,18.0,0.0,4.179930702164435,True,0.4126134779186904,False,4.179930702164435,True,1.0,True,14000000000.0,True,4.179930702164435,True
2025,B,2188,1780489680.0,True,178,config_error,14,False,0.0,32.0,0.0,5.262327347733645,True,0.42978014892729804,False,5.262327347733645,True,1.0,True,30999999999.999996,True,5.262327347733645,True
2025,B,2189,1780489740.0,True,178,config_error,14,False,0.0,28.0,0.0,5.117875808042264,True,0.4261233794710263,False,5.117875808042264,True,1.0,True,26000000000.0,True,5.117875808042264,True
2025,B,2190,1780489800.0,True,178,config_error,14,False,0.0,21.0,0.0,-0.9635392687346913,False,0.3858535739109557,False,-0.9635392687346913,False,1.0,True,999999999.9999999,True,-0.9635392687346913,True
2025,B,2191,1780489860.0,False,-1,,14,False,0.0,22.0,0.0,-1.5335662237226506,False,0.3938664484258574,False,-1.5335662237226506,False,0.18759955492409922,False,0.17996127605438234,False,-1.5335662237226506,False
2025,B,2192,1780489920.0,False,-1,,14,False,0.0,22.0,0.0,-1.232012869326299,False,0.4071024559814564,False,-1.232012869326299,False,0.18759955492409922,False,0.16715629100799556,False,-1.232012869326299,False
2025,B,2193,1780489980.0,False,-1,,14,False,0.0,22.0,0.0,-1.691538992877807,False,0.37775812071826365,False,-1.691538992877807,False,0.18759955492409922,False,0.1632456064224243,False,-1.691538992877807,False
2025,B,2194,1780490040.0,False,-1,,14,False,0.0,28.0,0.0,-1.787052266819491,False,0.3775219451518493,False,-1.787052266819491,False,0.17221313128709248,False,0.16043384075164796,False,-1.787052266819491,False
2025,B,2195,1780490100.0,False,-1,,14,False,0.0,27.0,0.0,-1.2504801556422445,False,0.3802388825783974,False,-1.2504801556422445,False,0.1743877084429739,False,0.14544973373413084,False,-1.2504801556422445,False
2025,B,2196,1780490160.0,False,-1,,14,False,0.0,28.0,0.0,-1.7708784034601175,False,0.37975366495472734,False,-1.7708784034601175,False,0.17221313128709248,False,0.16659917831420898,False,-1.7708784034601175,False
2025,B,2197,1780490220.0,False,-1,,14,False,0.0,16.0,0.0,-1.1238393871141747,False,0.4062761382027967,False,-1.1238393871141747,False,0.21191738011819358,False,0.14754009246826172,False,-1.1238393871141747,False
2025,B,2198,1780490280.0,True,179,resource_exhaustion,14,False,1.0,27.0,0.0,5.446895898547663,True,0.5637447869661311,False,5.446895898547663,True,1.0,True,3999999999.9999995,True,5.446895898547663,True
2025,B,2199,1780490340.0,True,179,resource_exhaustion,14,False,6.0,27.0,0.0,5.446895898547663,True,0.6925245507955581,False,5.446895898547663,True,1.0,True,3000000000.0,True,5.446895898547663,True
2025,B,2200,1780490400.0,True,179,resource_exhaustion,14,False,6.0,22.0,0.0,5.446895898547663,True,0.6955109664258334,False,5.446895898547663,True,1.0,True,7000000000.0,True,5.446895898547663,True
2025,B,2201,1780490460.0,True,179,resource_exhaustion,14,False,1.0,34.0,0.0,5.446895898547663,True,0.6500826180211404,False,5.446895898547663,True,1.0,True,999999999.9999999,True,5.446895898547663,True
2025,B,2202,1780490520.0,False,-1,,15,False,0.0,26.0,0.0,-1.6079769545107636,False,0.37327864759173224,False,-1.6079769545107636,False,0.17669675651560246,False,0.15050828456878662,False,-1.6079769545107636,False
2025,B,2203,1780490580.0,False,-1,,15,False,1.0,27.0,0.0,0.5680871670486809,False,0.5819526276768708,False,0.5680871670486809,False,0.00029829981601707067,False,0.2151779174804686,False,0.5680871670486809,False
2025,B,2204,1780490640.0,False,-1,,15,False,0.0,26.0,0.0,-1.643063750055708,False,0.37065871888919083,False,-1.643063750055708,False,0.17669675651560246,False,0.14414072036743164,False,-1.643063750055708,False
2025,B,2205,1780490700.0,False,-1,,15,False,0.0,29.0,0.0,-1.5487942655743847,False,0.3891325732020787,False,-1.5487942655743847,False,0.17016055445988643,False,0.158347225189209,False,-1.5487942655743847,False
2025,B,2206,1780490760.0,False,-1,,15,False,0.0,21.0,0.0,-1.1235571029807252,False,0.3833222406837804,False,-1.1235571029807252,False,0.1908469445255076,False,0.1333284378051758,False,-1.1235571029807252,False
2025,B,2207,1780490820.0,False,-1,,15,False,0.0,18.0,0.0,-1.6104885591972309,False,0.40145370337222874,False,-1.6104885591972309,False,0.20233050107121442,False,0.19233944416046136,False,-1.6104885591972309,False
2025,B,2208,1780490880.0,False,-1,,15,False,0.0,33.0,0.0,-0.24750189276797396,False,0.45831725022584546,False,-0.24750189276797396,False,0.16297029669269902,False,0.13533601760864258,False,-0.24750189276797396,False
2025,B,2209,1780490940.0,False,-1,,15,False,0.0,31.0,0.0,-1.5527832756122661,False,0.39440426454497185,False,-1.5527832756122661,False,0.16637901652440515,False,0.15544819831848145,False,-1.5527832756122661,False
2025,B,2210,1780491000.0,True,180,dependency_timeout,15,False,0.0,25.0,0.0,-1.8167650220049625,False,0.3761585732468886,False,-1.8167650220049625,False,0.17915458308696264,False,0.15160379409790037,False,-1.8167650220049625,False
2025,B,2211,1780491060.0,True,180,dependency_timeout,15,False,6.0,32.0,0.0,5.446895898547663,True,0.6755832697293722,False,5.446895898547663,True,1.0,True,20000000000.0,True,5.446895898547663,True
2025,B,2212,1780491120.0,True,180,dependency_timeout,15,False,1.0,30.0,0.0,5.446895898547663,True,0.6539408686723919,False,5.446895898547663,True,1.0,True,7999999999.999999,True,5.446895898547663,True
2025,B,2213,1780491180.0,True,180,dependency_timeout,15,False,4.0,34.0,0.0,5.446895898547663,True,0.6908485416498444,False,5.446895898547663,True,1.0,True,10000000000.0,True,5.446895898547663,True
2025,B,2214,1780491240.0,True,180,dependency_timeout,15,False,1.0,28.0,0.0,5.446895898547663,True,0.5682785239306032,False,5.446895898547663,True,1.0,True,9000000000.0,True,5.446895898547663,True
2025,B,2215,1780491300.0,False,-1,,15,False,0.0,24.0,0.0,-1.9045910689081857,False,0.3711725187830305,False,-1.9045910689081857,False,0.1817776918582098,False,0.1673495054244995,False,-1.9045910689081857,False
2025,B,2216,1780491360.0,False,-1,,15,False,0.0,23.0,0.0,-1.8477162180799898,False,0.38109811214601025,False,-1.8477162180799898,False,0.18458523060596266,False,0.17273535728454592,False,-1.8477162180799898,False
2025,B,2217,1780491420.0,False,-1,,15,False,0.0,25.0,0.0,-1.7452036799760098,False,0.37044492266928075,False,-1.7452036799760098,False,0.17915458308696264,False,0.14907951354980464,False,-1.7452036799760098,False
2025,B,2218,1780491480.0,False,-1,,15,False,0.0,24.0,0.0,-1.6181835416407129,False,0.36899668930588353,False,-1.6181835416407129,False,0.1817776918582098,False,0.14667973518371583,False,-1.6181835416407129,False
2025,B,2219,1780491540.0,False,-1,,15,False,0.0,29.0,0.0,-1.563607410311449,False,0.3909408110291165,False,-1.563607410311449,False,0.17016055445988643,False,0.17744579315185544,False,-1.563607410311449,False
2025,B,2220,1780491600.0,False,-1,,15,False,0.0,28.0,0.0,-1.913113540109494,False,0.3846950801205238,False,-1.913113540109494,False,0.17221313128709248,False,0.17973408699035645,False,-1.913113540109494,False
2025,B,2221,1780491660.0,False,-1,,15,False,0.0,21.0,0.0,-1.5704765502205316,False,0.37441064846394256,False,-1.5704765502205316,False,0.1908469445255076,False,0.13883781433105472,False,-1.5704765502205316,False
2025,B,2222,1780491720.0,True,181,resource_exhaustion,15,False,3.0,25.0,0.0,5.446895898547663,True,0.6917814492866656,False,5.446895898547663,True,1.0,True,3000000000.0,True,5.446895898547663,True
2025,B,2223,1780491780.0,True,181,resource_exhaustion,15,False,4.0,24.0,0.0,5.446895898547663,True,0.6897729283460381,False,5.446895898547663,True,1.0,True,3999999999.9999995,True,5.446895898547663,True
2025,B,2224,1780491840.0,True,181,resource_exhaustion,15,False,4.0,27.0,0.0,5.446895898547663,True,0.6925245507955581,False,5.446895898547663,True,1.0,True,3999999999.9999995,True,5.446895898547663,True
2025,B,2225,1780491900.0,True,181,resource_exhaustion,15,False,3.0,22.0,0.0,5.446895898547663,True,0.691337178114159,False,5.446895898547663,True,1.0,True,1999999999.9999998,True,5.446895898547663,True
2025,B,2226,1780491960.0,True,181,resource_exhaustion,15,False,0.0,20.0,0.0,-1.4854528961249267,False,0.3789752168178014,False,-1.4854528961249267,False,0.19435852292864553,False,0.1366560935974121,False,-1.4854528961249267,False
2025,B,2227,1780492020.0,False,-1,,15,False,0.0,29.0,0.0,-1.3156553011701595,False,0.38729974850815385,False,-1.3156553011701595,False,0.17016055445988643,False,0.14506845474243163,False,-1.3156553011701595,False
2025,B,2228,1780492080.0,False,-1,,15,False,0.0,36.0,0.0,-1.3906502585487566,False,0.452226487960347,False,-1.3906502585487566,False,0.15843418223445005,False,0.19189739227294922,False,-1.3906502585487566,False
2025,B,2229,1780492140.0,False,-1,,15,False,0.0,29.0,0.0,-0.7155133555387625,False,0.4115787988948225,False,-0.7155133555387625,False,0.17016055445988643,False,0.1656489372253418,False,-0.7155133555387625,False
2025,B,2230,1780492200.0,False,-1,,15,False,0.0,28.0,0.0,-0.16430073500796993,False,0.4323708779397701,False,-0.16430073500796993,False,0.17221313128709248,False,0.1472114086151123,False,-0.16430073500796993,False
2025,B,2231,1780492260.0,False,-1,,15,False,0.0,21.0,0.0,-1.7552179531167358,False,0.37221370110693386,False,-1.7552179531167358,False,0.1908469445255076,False,0.14680862426757815,False,-1.7552179531167358,False
2025,B,2232,1780492320.0,False,-1,,15,False,0.0,30.0,0.0,-1.4474756295799276,False,0.40947874278290425,False,-1.4474756295799276,False,0.16821905407945875,False,0.18538100719451905,False,-1.4474756295799276,False
2025,B,2233,1780492380.0,False,-1,,15,False,0.0,26.0,0.0,-1.8018356638077933,False,0.37553914119643117,False,-1.8018356638077933,False,0.17669675651560246,False,0.15680015087127686,False,-1.8018356638077933,False
2025,B,2234,1780492440.0,False,-1,,15,False,0.0,24.0,0.0,-2.006227081007049,False,0.3776473277888804,False,-2.006227081007049,False,0.1817776918582098,False,0.17632625102996827,False,-2.006227081007049,False
2025,B,2235,1780492500.0,True,182,dependency_timeout,15,False,2.0,33.0,0.0,5.446895898547663,True,0.6669150370665452,False,5.446895898547663,True,1.0,True,9000000000.0,True,5.446895898547663,True
2025,B,2236,1780492560.0,True,182,dependency_timeout,15,False,3.0,26.0,0.0,5.446895898547663,True,0.6714922824782951,False,5.446895898547663,True,1.0,True,14000000000.0,True,5.446895898547663,True
2025,B,2237,1780492620.0,True,182,dependency_timeout,15,False,0.0,25.0,0.0,5.446895898547663,True,0.5022401976582576,False,5.446895898547663,True,1.0,True,9000000000.0,True,5.446895898547663,True
2025,B,2238,1780492680.0,True,182,dependency_timeout,15,False,2.0,31.0,0.0,5.446895898547663,True,0.6623164915976137,False,5.446895898547663,True,1.0,True,15000000000.0,True,5.446895898547663,True
2025,B,2239,1780492740.0,True,182,dependency_timeout,15,False,0.0,29.0,0.0,5.446895898547663,True,0.48441877229354835,False,5.446895898547663,True,1.0,True,3999999999.9999995,True,5.446895898547663,True
2025,B,2240,1780492800.0,False,-1,,15,False,0.0,35.0,0.0,-0.07489596239534446,False,0.46962988821148566,False,-0.07489596239534446,False,0.15987711290983783,False,0.12973041534423826,False,-0.07489596239534446,False
2025,B,2241,1780492860.0,False,-1,,15,False,0.0,35.0,0.0,-1.1701270360232314,False,0.4317353451473062,False,-1.1701270360232314,False,0.15987711290983783,False,0.1726333141326904,False,-1.1701270360232314,False
2025,B,2242,1780492920.0,False,-1,,15,False,0.0,36.0,0.0,-1.4069721771815207,False,0.44849546658219064,False,-1.4069721771815207,False,0.15843418223445005,False,0.1937289237976073,False,-1.4069721771815207,False
2025,B,2243,1780492980.0,False,-1,,15,False,0.0,36.0,0.0,-1.5278356976759424,False,0.4333463797847009,False,-1.5278356976759424,False,0.15843418223445005,False,0.1691657304763794,False,-1.5278356976759424,False
2025,B,2244,1780493040.0,False,-1,,15,False,0.0,38.0,0.0,-0.05599144722769811,False,0.525221233319921,False,-0.05599144722769811,False,0.15573133150025478,False,0.20767052173614528,False,-0.05599144722769811,False
2025,B,2245,1780493100.0,False,-1,,15,False,0.0,29.0,0.0,-1.165499352716182,False,0.4065054928230265,False,-1.165499352716182,False,0.17016055445988643,False,0.148259162902832,False,-1.165499352716182,False
2025,B,2246,1780493160.0,True,183,permission_denied,15,False,0.0,30.0,0.0,2.3493641215223824,True,0.384449338088959,False,2.3493641215223824,True,1.0,True,7000000000.0,True,2.3493641215223824,True
2025,B,2247,1780493220.0,True,183,permission_denied,15,False,0.0,40.0,0.0,3.9975626804136004,True,0.4575597806952307,False,3.9975626804136004,True,1.0,True,15000000000.0,True,3.9975626804136004,True
2025,B,2248,1780493280.0,True,183,permission_denied,15,False,0.0,20.0,0.0,3.0337694454886313,True,0.38584318826628045,False,3.0337694454886313,True,1.0,True,9000000000.0,True,3.0337694454886313,True
2025,B,2249,1780493340.0,True,183,permission_denied,15,False,0.0,27.0,0.0,-0.08160028402241792,False,0.38369835740055225,False,-0.08160028402241792,False,1.0,True,1999999999.9999998,True,-0.08160028402241792,True
2025,B,2250,1780493400.0,False,-1,,15,False,0.0,33.0,0.0,-0.944396956703982,False,0.41635229154926934,False,-0.944396956703982,False,0.16297029669269902,False,0.14599256515502929,False,-0.944396956703982,False
2025,B,2251,1780493460.0,False,-1,,15,False,0.0,34.0,0.0,-1.5277506290050624,False,0.4163490413274239,False,-1.5277506290050624,False,0.16138735499274742,False,0.16298501491546635,False,-1.5277506290050624,False
2025,B,2252,1780493520.0,False,-1,,15,False,0.0,28.0,0.0,-1.6172780382264254,False,0.3905070080974282,False,-1.6172780382264254,False,0.17221313128709248,False,0.16448502540588378,False,-1.6172780382264254,False
2025,B,2253,1780493580.0,False,-1,,15,False,0.0,32.0,0.0,-0.9196107458955609,False,0.4330566308632403,False,-0.9196107458955609,False,0.16463194446710577,False,0.1652544260025025,False,-0.9196107458955609,False
2025,B,2254,1780493640.0,False,-1,,15,False,0.0,34.0,0.0,-0.9210971578287808,False,0.4209048019071573,False,-0.9210971578287808,False,0.16138735499274742,False,0.13869106769561773,False,-0.9210971578287808,False
2025,B,2255,1780493700.0,False,-1,,15,False,0.0,27.0,0.0,-1.758873684454814,False,0.379391858780413,False,-1.758873684454814,False,0.1743877084429739,False,0.16486630439758293,False,-1.758873684454814,False
2025,B,2256,1780493760.0,False,-1,,15,False,0.0,43.0,0.0,0.3822425828470202,False,0.5388310540037199,False,0.3822425828470202,False,0.14986400952385226,False,0.13329343795776366,False,0.3822425828470202,False
2025,B,2257,1780493820.0,False,-1,,15,False,0.0,32.0,0.0,-0.5924368834197375,False,0.45219345290987234,False,-0.5924368834197375,False,0.16463194446710577,False,0.15751097202301026,False,-0.5924368834197375,False
2025,B,2258,1780493880.0,True,184,config_error,15,False,1.0,28.0,0.0,4.623724270798249,True,0.5692543753955808,False,4.623724270798249,True,1.0,True,20000000000.0,True,4.623724270798249,True
2025,B,2259,1780493940.0,True,184,config_error,15,False,0.0,24.0,0.0,4.616080609533415,True,0.390750771960583,False,4.616080609533415,True,1.0,True,19000000000.0,True,4.616080609533415,True
2025,B,2260,1780494000.0,True,184,config_error,15,False,0.0,29.0,0.0,4.914923746232081,True,0.4009424072654746,False,4.914923746232081,True,1.0,True,25000000000.0,True,4.914923746232081,True
2025,B,2261,1780494060.0,True,184,config_error,15,False,0.0,30.0,0.0,4.009037315755503,True,0.40932825332178363,False,4.009037315755503,True,1.0,True,15000000000.0,True,4.009037315755503,True
2025,B,2262,1780494120.0,False,-1,,15,False,0.0,27.0,0.0,-2.0248195321491638,False,0.37474646868221734,False,-2.0248195321491638,False,0.1743877084429739,False,0.17161865234374993,False,-2.0248195321491638,False
2025,B,2263,1780494180.0,False,-1,,15,False,0.0,21.0,0.0,-1.5226376724641266,False,0.3898292615669484,False,-1.5226376724641266,False,0.1908469445255076,False,0.1706385612487793,False,-1.5226376724641266,False
2025,B,2264,1780494240.0,False,-1,,15,False,0.0,21.0,0.0,-1.4022489429728502,False,0.377580265443825,False,-1.4022489429728502,False,0.1908469445255076,False,0.1382584571838379,False,-1.4022489429728502,False
2025,B,2265,1780494300.0,False,-1,,15,False,0.0,29.0,0.0,-0.3185957728506743,False,0.4323744257917731,False,-0.3185957728506743,False,0.17016055445988643,False,0.1444551467895508,False,-0.3185957728506743,False
2025,B,2266,1780494360.0,False,-1,,15,False,0.0,26.0,0.0,-1.2739266380420142,False,0.391961693104249,False,-1.2739266380420142,False,0.17669675651560246,False,0.16939818859100342,False,-1.2739266380420142,False
2025,B,2267,1780494420.0,False,-1,,15,False,0.0,31.0,0.0,-1.1827185442436754,False,0.426474308956239,False,-1.1827185442436754,False,0.16637901652440515,False,0.18986344337463376,False,-1.1827185442436754,False
2025,B,2268,1780494480.0,True,185,permission_denied,15,False,0.0,32.0,0.0,-1.2823935446451484,False,0.40536377394160295,False,-1.2823935446451484,False,0.16463194446710577,False,0.16462373733520508,False,-1.2823935446451484,False
2025,B,2269,1780494540.0,True,185,permission_denied,15,False,0.0,21.0,0.0,3.0167684206951897,True,0.3787901022149779,False,3.0167684206951897,True,1.0,True,9000000000.0,True,3.0167684206951897,True
2025,B,2270,1780494600.0,True,185,permission_denied,15,False,0.0,31.0,0.0,2.4826367398636027,True,0.43482695100136654,False,2.4826367398636027,True,1.0,True,6000000000.0,True,2.4826367398636027,True
2025,B,2271,1780494660.0,True,185,permission_denied,15,False,0.0,25.0,0.0,3.9787994446577177,True,0.4017953300635348,False,3.9787994446577177,True,1.0,True,14000000000.0,True,3.9787994446577177,True
2025,B,2272,1780494720.0,True,185,permission_denied,15,False,0.0,26.0,0.0,-1.5500734113450685,False,0.3740684072566162,False,-1.5500734113450685,False,0.17669675651560246,False,0.1517242193222046,False,-1.5500734113450685,False
2025,B,2273,1780494780.0,False,-1,,15,False,0.0,22.0,0.0,-1.3217188973268676,False,0.3900662963705136,False,-1.3217188973268676,False,0.18759955492409922,False,0.1363724946975708,False,-1.3217188973268676,False
2025,B,2274,1780494840.0,False,-1,,15,False,0.0,29.0,0.0,-1.5543009773863492,False,0.3851266519593893,False,-1.5543009773863492,False,0.17016055445988643,False,0.164969539642334,False,-1.5543009773863492,False
2025,B,2275,1780494900.0,False,-1,,15,False,0.0,28.0,0.0,-1.4704419878318111,False,0.402902081381305,False,-1.4704419878318111,False,0.17221313128709248,False,0.1753624439239502,False,-1.4704419878318111,False
2025,B,2276,1780494960.0,False,-1,,15,False,0.0,21.0,0.0,-0.5206991990766978,False,0.42341476803929284,False,-0.5206991990766978,False,0.1908469445255076,False,0.1303577423095703,False,-0.5206991990766978,False
2025,B,2277,1780495020.0,False,-1,,15,False,0.0,22.0,0.0,-1.8258952011157694,False,0.39280744817244284,False,-1.8258952011157694,False,0.18759955492409922,False,0.1874180078506469,False,-1.8258952011157694,False
2025,B,2278,1780495080.0,False,-1,,15,False,1.0,38.0,0.0,-0.4649154917989673,False,0.6064103183690334,False,-0.4649154917989673,False,0.00047144049300123245,False,0.180606770515442,False,-0.4649154917989673,False
2025,B,2279,1780495140.0,True,186,resource_exhaustion,15,False,1.0,30.0,0.0,5.446895898547663,True,0.6618767690554266,False,5.446895898547663,True,1.0,True,1999999999.9999998,True,5.446895898547663,True
2025,B,2280,1780495200.0,True,186,resource_exhaustion,15,False,9.0,31.0,0.0,5.446895898547663,True,0.6936538875114086,False,5.446895898547663,True,1.0,True,9000000000.0,True,5.446895898547663,True
2025,B,2281,1780495260.0,True,186,resource_exhaustion,15,False,3.0,27.0,0.0,5.446895898547663,True,0.688241353719544,False,5.446895898547663,True,1.0,True,3000000000.0,True,5.446895898547663,True
2025,B,2282,1780495320.0,True,186,resource_exhaustion,15,False,2.0,33.0,0.0,5.446895898547663,True,0.6874996797813352,False,5.446895898547663,True,1.0,True,999999999.9999999,True,5.446895898547663,True
2025,B,2283,1780495380.0,False,-1,,15,False,0.0,32.0,0.0,-1.356449959137862,False,0.41285304233792725,False,-1.356449959137862,False,0.16463194446710577,False,0.15615003108978276,False,-1.356449959137862,False
2025,B,2284,1780495440.0,False,-1,,15,False,0.0,34.0,0.0,-0.9631115078113988,False,0.42783205416282777,False,-0.9631115078113988,False,0.16138735499274742,False,0.14107091426849364,False,-0.9631115078113988,False
2025,B,2285,1780495500.0,False,-1,,15,False,0.0,30.0,0.0,-1.4802572734463348,False,0.3878273762644815,False,-1.4802572734463348,False,0.16821905407945875,False,0.1445476770401001,False,-1.4802572734463348,False
2025,B,2286,1780495560.0,False,-1,,15,False,0.0,22.0,0.0,-1.3438888538583438,False,0.3808393017488674,False,-1.3438888538583438,False,0.18759955492409922,False,0.13406803607940673,False,-1.3438888538583438,False
2025,B,2287,1780495620.0,False,-1,,15,False,0.0,34.0,0.0,-1.5952930344883534,False,0.41080398889846925,False,-1.5952930344883534,False,0.16138735499274742,False,0.16496851444244384,False,-1.5952930344883534,False
2025,B,2288,1780495680.0,False,-1,,15,False,0.0,32.0,0.0,-1.497937568292527,False,0.4020414899850601,False,-1.497937568292527,False,0.16463194446710577,False,0.16158523559570312,False,-1.497937568292527,False
2025,B,2289,1780495740.0,True,187,resource_exhaustion,15,False,0.0,35.0,0.0,5.446895898547663,True,0.5632094343606141,False,5.446895898547663,True,1.0,True,999999999.9999999,True,5.446895898547663,True
2025,B,2290,1780495800.0,True,187,resource_exhaustion,15,False,7.0,30.0,0.0,5.446895898547663,True,0.6936400314806114,False,5.446895898547663,True,1.0,True,7000000000.0,True,5.446895898547663,True
2025,B,2291,1780495860.0,True,187,resource_exhaustion,15,False,4.0,30.0,0.0,5.446895898547663,True,0.6810379774455815,False,5.446895898547663,True,1.0,True,1999999999.9999998,True,5.446895898547663,True
2025,B,2292,1780495920.0,False,-1,,15,False,0.0,32.0,0.0,-1.4203260638933166,False,0.419647808509095,False,-1.4203260638933166,False,0.16463194446710577,False,0.19977414608001712,False,-1.4203260638933166,False
2025,B,2293,1780495980.0,False,-1,,15,False,0.0,21.0,0.0,-1.492217375693488,False,0.40036648127659064,False,-1.492217375693488,False,0.1908469445255076,False,0.20152425765991214,False,-1.492217375693488,False
2025,B,2294,1780496040.0,False,-1,,15,False,0.0,24.0,0.0,-1.4102926418317132,False,0.3771309256607296,False,-1.4102926418317132,False,0.1817776918582098,False,0.13845994472503662,False,-1.4102926418317132,False
2025,B,2295,1780496100.0,False,-1,,15,False,0.0,27.0,0.0,-1.2474106518601014,False,0.3960935017314942,False,-1.2474106518601014,False,0.1743877084429739,False,0.15061068534851071,False,-1.2474106518601014,False
2025,B,2296,1780496160.0,False,-1,,15,False,0.0,25.0,0.0,-1.9354657645358513,False,0.3698809148427067,False,-1.9354657645358513,False,0.17915458308696264,False,0.16292438507080076,False,-1.9354657645358513,False
2025,B,2297,1780496220.0,False,-1,,15,False,0.0,31.0,0.0,-1.8211161216262512,False,0.3946454410278326,False,-1.8211161216262512,False,0.16637901652440515,False,0.1785717010498047,False,-1.8211161216262512,False
2025,B,2298,1780496280.0,False,-1,,15,False,0.0,25.0,0.0,-1.1721780439573122,False,0.39506462788919167,False,-1.1721780439573122,False,0.17915458308696264,False,0.1443614959716797,False,-1.1721780439573122,False
2025,B,2299,1780496340.0,True,188,config_error,15,False,0.0,34.0,0.0,-0.04978831774720405,False,0.40889958301360024,False,-0.04978831774720405,False,1.0,True,1999999999.9999998,True,-0.04978831774720405,True
2025,B,2300,1780496400.0,True,188,config_error,15,False,0.0,19.0,0.0,4.276347641426751,True,0.4023747051963273,False,4.276347641426751,True,1.0,True,15000000000.0,True,4.276347641426751,True
2025,B,2301,1780496460.0,True,188,config_error,15,False,0.0,22.0,0.0,5.038919502833229,True,0.416963711801732,False,5.038919502833229,True,1.0,True,21000000000.0,True,5.038919502833229,True
2025,B,2302,1780496520.0,True,188,config_error,15,False,0.0,30.0,0.0,5.135130769203246,True,0.42584040795763844,False,5.135130769203246,True,1.0,True,28000000000.0,True,5.135130769203246,True
2025,B,2303,1780496580.0,True,188,config_error,15,False,0.0,20.0,0.0,-1.0791383453089685,False,0.3896653560038569,False,-1.0791383453089685,False,1.0,True,999999999.9999999,True,-1.0791383453089685,True
2025,B,2304,1780496640.0,False,-1,,15,False,0.0,21.0,0.0,-1.3990107549307655,False,0.39721954554345423,False,-1.3990107549307655,False,0.1908469445255076,False,0.14732027053833008,False,-1.3990107549307655,False
2025,B,2305,1780496700.0,False,-1,,15,False,0.0,20.0,0.0,-1.2232038103824134,False,0.41380544726643315,False,-1.2232038103824134,False,0.19435852292864553,False,0.16022565364837646,False,-1.2232038103824134,False
2025,B,2306,1780496760.0,False,-1,,15,False,0.0,32.0,0.0,-1.4162433970547301,False,0.4077941774554056,False,-1.4162433970547301,False,0.16463194446710577,False,0.17827506065368656,False,-1.4162433970547301,False
2025,B,2307,1780496820.0,False,-1,,15,False,0.0,41.0,0.0,-1.159761892644358,False,0.4929938726828429,False,-1.159761892644358,False,0.15207486886510915,False,0.19439649581909188,False,-1.159761892644358,False
2025,B,2308,1780496880.0,False,-1,,15,False,0.0,33.0,0.0,-1.371873454397802,False,0.42454961267354274,False,-1.371873454397802,False,0.16297029669269902,False,0.19521808624267578,False,-1.371873454397802,False
2025,B,2309,1780496940.0,False,-1,,15,False,0.0,38.0,0.0,-1.369944559192203,False,0.46944590078811416,False,-1.369944559192203,False,0.15573133150025478,False,0.18960711956024184,False,-1.369944559192203,False
2025,B,2310,1780497000.0,False,-1,,15,False,0.0,34.0,0.0,-1.2010516603797559,False,0.41927260169918107,False,-1.2010516603797559,False,0.16138735499274742,False,0.1575109958648682,False,-1.2010516603797559,False
2025,B,2311,1780497060.0,False,-1,,15,False,0.0,29.0,0.0,-1.8445552400520109,False,0.38697521777985155,False,-1.8445552400520109,False,0.17016055445988643,False,0.18215656280517575,False,-1.8445552400520109,False
2025,B,2312,1780497120.0,False,-1,,15,False,0.0,31.0,0.0,-0.4420633827129432,False,0.44178612463054756,False,-0.4420633827129432,False,0.16637901652440515,False,0.15656352043151853,False,-0.4420633827129432,False
2025,B,2313,1780497180.0,True,189,config_error,15,False,0.0,27.0,0.0,2.310540224155329,True,0.40550468097779424,False,2.310540224155329,True,1.0,True,6000000000.0,True,2.310540224155329,True
2025,B,2314,1780497240.0,True,189,config_error,15,False,0.0,30.0,0.0,5.035112597947019,True,0.4134535915574551,False,5.035112597947019,True,1.0,True,27000000000.0,True,5.035112597947019,True
2025,B,2315,1780497300.0,True,189,config_error,15,False,1.0,32.0,0.0,4.255455980974822,True,0.5824694080540762,False,4.255455980974822,True,1.0,True,15000000000.0,True,4.255455980974822,True
2025,B,2316,1780497360.0,False,-1,,15,False,0.0,37.0,0.0,-1.2780389935322365,False,0.46105795088317125,False,-1.2780389935322365,False,0.15705371401464144,False,0.18855199813842774,False,-1.2780389935322365,False
2025,B,2317,1780497420.0,False,-1,,15,False,0.0,33.0,0.0,-0.9749045050332166,False,0.41735035532974424,False,-0.9749045050332166,False,0.16297029669269902,False,0.14563798904418945,False,-0.9749045050332166,False
2025,B,2318,1780497480.0,False,-1,,15,False,0.0,28.0,0.0,-0.02400762122032596,False,0.43001715210336033,False,-0.02400762122032596,False,0.17221313128709248,False,0.17511610984802245,False,-0.02400762122032596,False
2025,B,2319,1780497540.0,False,-1,,15,False,0.0,31.0,0.0,-1.5958001460471936,False,0.3975414301255496,False,-1.5958001460471936,False,0.16637901652440515,False,0.15218687057495117,False,-1.5958001460471936,False
2025,B,2320,1780497600.0,False,-1,,15,False,0.0,33.0,0.0,-1.602396349985809,False,0.4122786922873891,False,-1.602396349985809,False,0.16297029669269902,False,0.18034629821777348,False,-1.602396349985809,False
2025,B,2321,1780497660.0,False,-1,,15,False,0.0,24.0,0.0,-1.409987284919839,False,0.37415559985900565,False,-1.409987284919839,False,0.1817776918582098,False,0.1364439010620117,False,-1.409987284919839,False
2025,B,2322,1780497720.0,False,-1,,15,False,0.0,26.0,0.0,-0.9211606574856912,False,0.3937058529055321,False,-0.9211606574856912,False,0.17669675651560246,False,0.13528883457183838,False,-0.9211606574856912,False
2025,B,2323,1780497780.0,False,-1,,15,False,0.0,20.0,0.0,-2.099712620531786,False,0.38458325798524023,False,-2.099712620531786,False,0.19435852292864553,False,0.1744033575057983,False,-2.099712620531786,False
2025,B,2324,1780497840.0,False,-1,,15,False,0.0,23.0,0.0,-2.0180497312830257,False,0.3677918826628334,False,-2.0180497312830257,False,0.18458523060596266,False,0.15623030662536622,False,-2.0180497312830257,False
2025,B,2325,1780497900.0,False,-1,,15,False,0.0,24.0,0.0,-1.84333584336256,False,0.3825889189829254,False,-1.84333584336256,False,0.1817776918582098,False,0.18026316165924072,False,-1.84333584336256,False
2025,B,2326,1780497960.0,True,190,permission_denied,15,False,0.0,27.0,0.0,3.6443989674846238,True,0.4031395037044002,False,3.6443989674846238,True,1.0,True,11000000000.0,True,3.6443989674846238,True
2025,B,2327,1780498020.0,True,190,permission_denied,15,False,0.0,37.0,0.0,3.3015298777597275,True,0.44590248595612314,False,3.3015298777597275,True,1.0,True,10000000000.0,True,3.3015298777597275,True
2025,B,2328,1780498080.0,True,190,permission_denied,15,False,0.0,40.0,0.0,4.320225654500462,True,0.4704291659134717,False,4.320225654500462,True,1.0,True,18000000000.0,True,4.320225654500462,True
2025,B,2329,1780498140.0,True,190,permission_denied,15,False,0.0,26.0,0.0,3.5749394076244254,True,0.3817185011515538,False,3.5749394076244254,True,1.0,True,12000000000.0,True,3.5749394076244254,True
2025,B,2330,1780498200.0,True,190,permission_denied,15,False,0.0,30.0,0.0,-0.9127533511169172,False,0.42297470176659696,False,-0.9127533511169172,False,0.16821905407945875,False,0.14784483909606935,False,-0.9127533511169172,False
2025,B,2331,1780498260.0,False,-1,,15,False,0.0,29.0,0.0,-1.8981081340737154,False,0.38722550691339735,False,-1.8981081340737154,False,0.17016055445988643,False,0.18533439636230462,False,-1.8981081340737154,False
2025,B,2332,1780498320.0,False,-1,,15,False,0.0,25.0,0.0,-1.9768296657962292,False,0.380691091105951,False,-1.9768296657962292,False,0.17915458308696264,False,0.1812418937683105,False,-1.9768296657962292,False
2025,B,2333,1780498380.0,False,-1,,15,False,0.0,26.0,0.0,-1.7254906025639887,False,0.3810461021844054,False,-1.7254906025639887,False,0.17669675651560246,False,0.16832292079925537,False,-1.7254906025639887,False
2025,B,2334,1780498440.0,False,-1,,15,False,0.0,38.0,0.0,-1.217167383861593,False,0.4609337542152083,False,-1.217167383861593,False,0.15573133150025478,False,0.17105896472930923,False,-1.217167383861593,False
2025,B,2335,1780498500.0,False,-1,,15,False,0.0,19.0,0.0,-1.3861444924661361,False,0.42207026714923446,False,-1.3861444924661361,False,0.19817145176349388,False,0.21295857429504395,False,-1.3861444924661361,False
2025,B,2336,1780498560.0,False,-1,,15,False,0.0,33.0,0.0,-0.7380741521001308,False,0.4313780777410287,False,-0.7380741521001308,False,0.16297029669269902,False,0.13198604583740234,False,-0.7380741521001308,False
2025,B,2337,1780498620.0,False,-1,,15,False,0.0,30.0,0.0,-1.7587568760433019,False,0.3890740643006405,False,-1.7587568760433019,False,0.16821905407945875,False,0.16628801822662356,False,-1.7587568760433019,False
2025,B,2338,1780498680.0,False,-1,,15,False,0.0,37.0,0.0,-1.3329478837641773,False,0.4487745925828455,False,-1.3329478837641773,False,0.15705371401464144,False,0.16158313751220704,False,-1.3329478837641773,False
2025,B,2339,1780498740.0,False,-1,,15,False,0.0,31.0,0.0,-0.42065771206892943,False,0.4234877328059147,False,-0.42065771206892943,False,0.16637901652440515,False,0.1587216854095459,False,-0.42065771206892943,False
2025,B,2340,1780498800.0,True,191,dependency_timeout,15,False,3.0,31.0,0.0,5.446895898547663,True,0.666650290275373,False,5.446895898547663,True,1.0,True,15000000000.0,True,5.446895898547663,True
2025,B,2341,1780498860.0,True,191,dependency_timeout,15,False,0.0,31.0,0.0,5.446895898547663,True,0.5156666587340544,False,5.446895898547663,True,1.0,True,12000000000.0,True,5.446895898547663,True
2025,B,2342,1780498920.0,True,191,dependency_timeout,15,False,4.0,26.0,0.0,5.446895898547663,True,0.6691326318596005,False,5.446895898547663,True,1.0,True,11000000000.0,True,5.446895898547663,True
2025,B,2343,1780498980.0,True,191,dependency_timeout,15,False,5.0,32.0,0.0,5.446895898547663,True,0.6658331724509713,False,5.446895898547663,True,1.0,True,9000000000.0,True,5.446895898547663,True
2025,B,2344,1780499040.0,False,-1,,16,False,0.0,21.0,0.0,-1.7450754694380581,False,0.3748227705105144,False,-1.7450754694380581,False,0.1908469445255076,False,0.1554374694824219,False,-1.7450754694380581,False
2025,B,2345,1780499100.0,False,-1,,16,False,0.0,31.0,0.0,-1.2572062548351184,False,0.4090772051551118,False,-1.2572062548351184,False,0.16637901652440515,False,0.16689610481262207,False,-1.2572062548351184,False
2025,B,2346,1780499160.0,False,-1,,16,False,0.0,41.0,0.0,0.1808861543172826,False,0.5232191443934938,False,0.1808861543172826,False,0.15207486886510915,False,0.1411118507385254,False,0.1808861543172826,False
2025,B,2347,1780499220.0,False,-1,,16,True,0.0,270.0,0.0,-0.03067792999219776,False,0.7097431450474548,True,-0.03067792999219776,False,0.09595365119593245,False,0.16824522018432617,False,-0.03067792999219776,False
2025,B,2348,1780499280.0,False,-1,,16,True,0.0,285.0,0.0,0.38244789825790715,False,0.7289611901900787,True,0.38244789825790715,False,0.09497195783883947,False,0.19405374526977545,False,0.38244789825790715,False
2025,B,2349,1780499340.0,False,-1,,16,True,0.0,65.0,0.0,-0.20925466639675516,False,0.5931466209790976,False,-0.20925466639675516,False,0.13298808352617122,False,0.1606123924255371,False,-0.20925466639675516,False
2025,B,2350,1780499400.0,False,-1,,16,False,0.0,28.0,0.0,-1.6095154816164436,False,0.3811529629689458,False,-1.6095154816164436,False,0.17221313128709248,False,0.1646735906600952,False,-1.6095154816164436,False
2025,B,2351,1780499460.0,False,-1,,16,False,0.0,28.0,0.0,-1.7747508150065645,False,0.39144337503448595,False,-1.7747508150065645,False,0.17221313128709248,False,0.18403890132904052,False,-1.7747508150065645,False
2025,B,2352,1780499520.0,False,-1,,16,False,0.0,20.0,0.0,-0.03135947216790935,False,0.4140044003558304,False,-0.03135947216790935,False,0.19435852292864553,False,0.15463664531707763,False,-0.03135947216790935,False
2025,B,2353,1780499580.0,False,-1,,16,False,0.0,35.0,0.0,-1.0474095179832057,False,0.43738020080201473,False,-1.0474095179832057,False,0.15987711290983783,False,0.16289753913879396,False,-1.0474095179832057,False
2025,B,2354,1780499640.0,True,192,resource_exhaustion,16,False,0.0,37.0,0.0,-1.176647272031702,False,0.46158178921630566,False,-1.176647272031702,False,0.15705371401464144,False,0.16744956970214844,False,-1.176647272031702,False
2025,B,2355,1780499700.0,True,192,resource_exhaustion,16,False,7.0,29.0,0.0,5.446895898547663,True,0.693852726920268,False,5.446895898547663,True,1.0,True,7000000000.0,True,5.446895898547663,True
2025,B,2356,1780499760.0,True,192,resource_exhaustion,16,False,3.0,34.0,0.0,5.446895898547663,True,0.691895398156787,False,5.446895898547663,True,1.0,True,3000000000.0,True,5.446895898547663,True
2025,B,2357,1780499820.0,True,192,resource_exhaustion,16,False,3.0,31.0,0.0,5.446895898547663,True,0.6847446378860682,False,5.446895898547663,True,1.0,True,3999999999.9999995,True,5.446895898547663,True
2025,B,2358,1780499880.0,True,192,resource_exhaustion,16,False,2.0,30.0,0.0,3.938891659729866,True,0.6028692148031489,False,3.938891659729866,True,4.722189688926696e-07,False,0.18135881423950195,False,3.938891659729866,False
2025,B,2359,1780499940.0,False,-1,,16,False,0.0,36.0,0.0,-1.4136608595856055,False,0.44067954764837075,False,-1.4136608595856055,False,0.15843418223445005,False,0.16869127750396729,False,-1.4136608595856055,False
2025,B,2360,1780500000.0,False,-1,,16,False,0.0,27.0,0.0,-1.40563191697124,False,0.38801984803167233,False,-1.40563191697124,False,0.1743877084429739,False,0.15728774070739743,False,-1.40563191697124,False
2025,B,2361,1780500060.0,False,-1,,16,False,0.0,31.0,0.0,-0.6712533456464138,False,0.4110689530338004,False,-0.6712533456464138,False,0.16637901652440515,False,0.14182519912719727,False,-0.6712533456464138,False
2025,B,2362,1780500120.0,False,-1,,16,False,0.0,36.0,0.0,-1.1253308206985064,False,0.4471147781404724,False,-1.1253308206985064,False,0.15843418223445005,False,0.1469619274139404,False,-1.1253308206985064,False
2025,B,2363,1780500180.0,False,-1,,16,False,0.0,27.0,0.0,-1.4696915682049365,False,0.37666972548667993,False,-1.4696915682049365,False,0.1743877084429739,False,0.14033555984497068,False,-1.4696915682049365,False
2025,B,2364,1780500240.0,True,193,permission_denied,16,False,0.0,36.0,0.0,2.852521933658011,True,0.437772558969086,False,2.852521933658011,True,1.0,True,7999999999.999999,True,2.852521933658011,True
2025,B,2365,1780500300.0,True,193,permission_denied,16,False,0.0,21.0,0.0,3.8489422264222863,True,0.3878222812906765,False,3.8489422264222863,True,1.0,True,13000000000.0,True,3.8489422264222863,True
2025,B,2366,1780500360.0,True,193,permission_denied,16,False,0.0,32.0,0.0,4.098186059565786,True,0.4036379878556495,False,4.098186059565786,True,1.0,True,15999999999.999998,True,4.098186059565786,True
2025,B,2367,1780500420.0,True,193,permission_denied,16,False,0.0,31.0,0.0,2.75136057280706,True,0.39024150626865756,False,2.75136057280706,True,1.0,True,7999999999.999999,True,2.75136057280706,True
2025,B,2368,1780500480.0,True,193,permission_denied,16,False,0.0,26.0,0.0,-1.8368875588279252,False,0.37080537434071736,False,-1.8368875588279252,False,0.17669675651560246,False,0.16300320625305176,False,-1.8368875588279252,False
2025,B,2369,1780500540.0,False,-1,,16,False,0.0,24.0,0.0,-1.3495164648187687,False,0.3750717802550684,False,-1.3495164648187687,False,0.1817776918582098,False,0.15191879272460937,False,-1.3495164648187687,False
2025,B,2370,1780500600.0,False,-1,,16,False,0.0,34.0,0.0,-0.6948265086127767,False,0.4607772387517701,False,-0.6948265086127767,False,0.16138735499274742,False,0.17087845802307133,False,-0.6948265086127767,False
2025,B,2371,1780500660.0,False,-1,,16,False,0.0,30.0,0.0,-1.8351238408132833,False,0.3845309922593155,False,-1.8351238408132833,False,0.16821905407945875,False,0.1579000473022461,False,-1.8351238408132833,False
2025,B,2372,1780500720.0,False,-1,,16,False,0.0,21.0,0.0,-1.8969865962692456,False,0.391581699403888,False,-1.8969865962692456,False,0.1908469445255076,False,0.18686628341674807,False,-1.8969865962692456,False
2025,B,2373,1780500780.0,False,-1,,16,False,0.0,25.0,0.0,-1.1240041567049328,False,0.40476012390586674,False,-1.1240041567049328,False,0.17915458308696264,False,0.15162210464477538,False,-1.1240041567049328,False
2025,B,2374,1780500840.0,True,194,permission_denied,16,False,0.0,32.0,0.0,1.508918628799687,True,0.4333523798950667,False,1.508918628799687,True,1.0,True,3999999999.9999995,True,1.508918628799687,True
2025,B,2375,1780500900.0,True,194,permission_denied,16,False,0.0,30.0,0.0,3.974365208758847,True,0.39049387285610754,False,3.974365208758847,True,1.0,True,15000000000.0,True,3.974365208758847,True
2025,B,2376,1780500960.0,True,194,permission_denied,16,False,0.0,34.0,0.0,4.067081092681859,True,0.4114704591096109,False,4.067081092681859,True,1.0,True,15999999999.999998,True,4.067081092681859,True
2025,B,2377,1780501020.0,True,194,permission_denied,16,False,0.0,24.0,0.0,3.9464594377953315,True,0.3830500486838661,False,3.9464594377953315,True,1.0,True,14000000000.0,True,3.9464594377953315,True
2025,B,2378,1780501080.0,True,194,permission_denied,16,False,0.0,30.0,0.0,2.834092086656735,True,0.4165111876614207,False,2.834092086656735,True,1.0,True,7000000000.0,True,2.834092086656735,True
2025,B,2379,1780501140.0,False,-1,,16,False,0.0,34.0,0.0,-1.43780540199087,False,0.4298184196938434,False,-1.43780540199087,False,0.16138735499274742,False,0.19778938293457038,False,-1.43780540199087,False
2025,B,2380,1780501200.0,False,-1,,16,False,0.0,39.0,0.0,-1.357045583058965,False,0.4576459002768055,False,-1.357045583058965,False,0.15446307295598646,False,0.15988478660583494,False,-1.357045583058965,False
2025,B,2381,1780501260.0,False,-1,,16,False,0.0,22.0,0.0,-0.24801159989125665,False,0.43363203358290264,False,-0.24801159989125665,False,0.18759955492409922,False,0.13484561443328857,False,-0.24801159989125665,False
2025,B,2382,1780501320.0,False,-1,,16,False,0.0,32.0,0.0,-0.8777829473452723,False,0.4196923064380976,False,-0.8777829473452723,False,0.16463194446710577,False,0.13679542541503906,False,-0.8777829473452723,False
2025,B,2383,1780501380.0,False,-1,,16,False,0.0,31.0,0.0,-0.4183232613030725,False,0.4159661780777086,False,-0.4183232613030725,False,0.16637901652440515,False,0.13210654258728027,False,-0.4183232613030725,False
2025,B,2384,1780501440.0,False,-1,,16,False,0.0,32.0,0.0,-1.7923441604984953,False,0.3967987941399125,False,-1.7923441604984953,False,0.16463194446710577,False,0.16291689872741708,False,-1.7923441604984953,False
2025,B,2385,1780501500.0,False,-1,,16,False,0.0,37.0,0.0,-0.8868541156927225,False,0.4561102616845783,False,-0.8868541156927225,False,0.15705371401464144,False,0.16211175918579102,False,-0.8868541156927225,False
2025,B,2386,1780501560.0,False,-1,,16,False,1.0,31.0,0.0,-0.9202046390898699,False,0.5685085382608037,False,-0.9202046390898699,False,0.00036272095623327477,False,0.16120171546936032,False,-0.9202046390898699,False
2025,B,2387,1780501620.0,True,195,dependency_timeout,16,False,5.0,38.0,0.0,5.446895898547663,True,0.6780732142927431,False,5.446895898547663,True,1.0,True,12000000000.0,True,5.446895898547663,True
2025,B,2388,1780501680.0,True,195,dependency_timeout,16,False,4.0,29.0,0.0,5.446895898547663,True,0.6702510336006952,False,5.446895898547663,True,1.0,True,13000000000.0,True,5.446895898547663,True
2025,B,2389,1780501740.0,True,195,dependency_timeout,16,False,0.0,29.0,0.0,5.446895898547663,True,0.5088122488505795,False,5.446895898547663,True,1.0,True,12000000000.0,True,5.446895898547663,True
2025,B,2390,1780501800.0,True,195,dependency_timeout,16,False,1.0,33.0,0.0,5.446895898547663,True,0.6478868084423359,False,5.446895898547663,True,1.0,True,11000000000.0,True,5.446895898547663,True
2025,B,2391,1780501860.0,True,195,dependency_timeout,16,False,0.0,39.0,0.0,5.446895898547663,True,0.5187639101628122,False,5.446895898547663,True,1.0,True,0.17660913467407227,False,5.446895898547663,True
2025,B,2392,1780501920.0,False,-1,,16,False,0.0,36.0,0.0,-1.2605696390377235,False,0.43946346296780564,False,-1.2605696390377235,False,0.15843418223445005,False,0.15772712230682373,False,-1.2605696390377235,False
2025,B,2393,1780501980.0,False,-1,,16,False,0.0,33.0,0.0,-1.100776565139265,False,0.414844710018419,False,-1.100776565139265,False,0.16297029669269902,False,0.14959144592285156,False,-1.100776565139265,False
2025,B,2394,1780502040.0,False,-1,,16,False,0.0,27.0,0.0,-1.4478667589296466,False,0.39844655556996483,False,-1.4478667589296466,False,0.1743877084429739,False,0.18102765083312977,False,-1.4478667589296466,False
2025,B,2395,1780502100.0,False,-1,,16,False,0.0,30.0,0.0,-1.6053903168843586,False,0.402675997038811,False,-1.6053903168843586,False,0.16821905407945875,False,0.18260436058044432,False,-1.6053903168843586,False
2025,B,2396,1780502160.0,False,-1,,16,False,0.0,34.0,0.0,-1.389557890166997,False,0.4115167249441284,False,-1.389557890166997,False,0.16138735499274742,False,0.15206003189086917,False,-1.389557890166997,False
2025,B,2397,1780502220.0,False,-1,,16,False,0.0,26.0,0.0,-1.9756569691040555,False,0.3761667156442956,False,-1.9756569691040555,False,0.17669675651560246,False,0.17319023609161377,False,-1.9756569691040555,False
2025,B,2398,1780502280.0,False,-1,,16,False,0.0,27.0,0.0,-1.1284610292664174,False,0.39706964386399873,False,-1.1284610292664174,False,0.1743877084429739,False,0.146290922164917,False,-1.1284610292664174,False
2025,B,2399,1780502340.0,True,196,permission_denied,16,False,0.0,36.0,0.0,0.643701571529733,False,0.4289369747429227,False,0.643701571529733,False,1.0,True,3000000000.0,True,0.643701571529733,True
2025,B,2400,1780502400.0,True,196,permission_denied,16,False,0.0,24.0,0.0,3.8692225892973466,True,0.38769041148752403,False,3.8692225892973466,True,1.0,True,13000000000.0,True,3.8692225892973466,True
2025,B,2401,1780502460.0,True,196,permission_denied,16,False,0.0,35.0,0.0,3.9777929525702467,True,0.40908313780943484,False,3.9777929525702467,True,1.0,True,15000000000.0,True,3.9777929525702467,True
2025,B,2402,1780502520.0,True,196,permission_denied,16,False,0.0,29.0,0.0,3.1732680522145738,True,0.397528851965644,False,3.1732680522145738,True,1.0,True,10000000000.0,True,3.1732680522145738,True
2025,B,2403,1780502580.0,True,196,permission_denied,16,False,0.0,38.0,0.0,2.261550490230774,True,0.4454034713207146,False,2.261550490230774,True,1.0,True,6000000000.0,True,2.261550490230774,True
2025,B,2404,1780502640.0,False,-1,,16,False,0.0,38.0,0.0,-1.2670317361725392,False,0.4530425443592509,False,-1.2670317361725392,False,0.15573133150025478,False,0.15190885066986085,False,-1.2670317361725392,False
2025,B,2405,1780502700.0,False,-1,,16,False,0.0,31.0,0.0,-1.6600865285430038,False,0.3975683346195902,False,-1.6600865285430038,False,0.16637901652440515,False,0.1606459617614746,False,-1.6600865285430038,False
2025,B,2406,1780502760.0,False,-1,,16,False,0.0,46.0,0.0,1.0900450657453558,True,0.5686776563739729,False,1.0900450657453558,True,0.1468353051131084,False,0.1898413896560668,False,1.0900450657453558,True
2025,B,2407,1780502820.0,False,-1,,16,False,0.0,24.0,0.0,-1.607759597633188,False,0.37031143648744236,False,-1.607759597633188,False,0.1817776918582098,False,0.1501597166061401,False,-1.607759597633188,False
2025,B,2408,1780502880.0,False,-1,,16,False,0.0,28.0,0.0,-0.8672120650835371,False,0.42764152957021434,False,-0.8672120650835371,False,0.17221313128709248,False,0.1894943475723267,False,-0.8672120650835371,False
2025,B,2409,1780502940.0,False,-1,,16,False,0.0,39.0,0.0,-1.2272134457243373,False,0.4613811469916748,False,-1.2272134457243373,False,0.15446307295598646,False,0.15284643173217766,False,-1.2272134457243373,False
2025,B,2410,1780503000.0,False,-1,,16,False,0.0,33.0,0.0,-1.7217037646730269,False,0.4059731681544619,False,-1.7217037646730269,False,0.16297029669269902,False,0.17698774337768552,False,-1.7217037646730269,False
2025,B,2411,1780503060.0,True,197,dependency_timeout,16,False,2.0,19.0,0.0,5.446895898547663,True,0.6594116972787504,False,5.446895898547663,True,1.0,True,9000000000.0,True,5.446895898547663,True
2025,B,2412,1780503120.0,True,197,dependency_timeout,16,False,6.0,30.0,0.0,5.446895898547663,True,0.6661836942347862,False,5.446895898547663,True,1.0,True,9000000000.0,True,5.446895898547663,True
2025,B,2413,1780503180.0,True,197,dependency_timeout,16,False,1.0,31.0,0.0,5.446895898547663,True,0.6347397313695006,False,5.446895898547663,True,1.0,True,9000000000.0,True,5.446895898547663,True
2025,B,2414,1780503240.0,True,197,dependency_timeout,16,False,0.0,23.0,0.0,5.446895898547663,True,0.4423763549348418,False,5.446895898547663,True,1.0,True,999999999.9999999,True,5.446895898547663,True
2025,B,2415,1780503300.0,False,-1,,16,False,0.0,28.0,0.0,-1.5327393896587287,False,0.3833439751552861,False,-1.5327393896587287,False,0.17221313128709248,False,0.14653851985931396,False,-1.5327393896587287,False
2025,B,2416,1780503360.0,False,-1,,16,False,0.0,37.0,0.0,-1.0503415831122647,False,0.47903374947885163,False,-1.0503415831122647,False,0.15705371401464144,False,0.20178375244140628,False,-1.0503415831122647,False
2025,B,2417,1780503420.0,False,-1,,16,False,0.0,30.0,0.0,-0.5624830911856478,False,0.4110426280331298,False,-0.5624830911856478,False,0.16821905407945875,False,0.12776706218719483,False,-0.5624830911856478,False
2025,B,2418,1780503480.0,False,-1,,16,False,0.0,29.0,0.0,-1.6213091825383925,False,0.3965746934950626,False,-1.6213091825383925,False,0.17016055445988643,False,0.16987895965576172,False,-1.6213091825383925,False
2025,B,2419,1780503540.0,False,-1,,16,False,0.0,24.0,0.0,-1.3002841388316924,False,0.38020424522936097,False,-1.3002841388316924,False,0.1817776918582098,False,0.15570662021636963,False,-1.3002841388316924,False
2025,B,2420,1780503600.0,False,-1,,16,False,0.0,26.0,0.0,-0.7957291768968657,False,0.395942795463799,False,-0.7957291768968657,False,0.17669675651560246,False,0.13263225555419922,False,-0.7957291768968657,False
2025,B,2421,1780503660.0,False,-1,,16,False,0.0,35.0,0.0,-1.1716398933066232,False,0.4243962661213997,False,-1.1716398933066232,False,0.15987711290983783,False,0.14742817878723144,False,-1.1716398933066232,False
2025,B,2422,1780503720.0,False,-1,,16,False,0.0,34.0,0.0,-1.4997844843662644,False,0.4110940463306149,False,-1.4997844843662644,False,0.16138735499274742,False,0.16837186813354496,False,-1.4997844843662644,False
2025,B,2423,1780503780.0,True,198,dependency_timeout,16,False,1.0,32.0,0.0,5.446895898547663,True,0.6476215171499137,False,5.446895898547663,True,1.0,True,9000000000.0,True,5.446895898547663,True
2025,B,2424,1780503840.0,True,198,dependency_timeout,16,False,7.0,31.0,0.0,5.446895898547663,True,0.6671325699574943,False,5.446895898547663,True,1.0,True,9000000000.0,True,5.446895898547663,True
2025,B,2425,1780503900.0,True,198,dependency_timeout,16,False,1.0,35.0,0.0,5.446895898547663,True,0.6463715851166624,False,5.446895898547663,True,1.0,True,3999999999.9999995,True,5.446895898547663,True
2025,B,2426,1780503960.0,False,-1,,16,False,0.0,38.0,0.0,-0.9561453991755595,False,0.46340752432613397,False,-0.9561453991755595,False,0.15573133150025478,False,0.14523038864135748,False,-0.9561453991755595,False
2025,B,2427,1780504020.0,False,-1,,16,False,0.0,28.0,0.0,-1.003340375716376,False,0.40072180994816164,False,-1.003340375716376,False,0.17221313128709248,False,0.1535118579864502,False,-1.003340375716376,False
2025,B,2428,1780504080.0,False,-1,,16,False,0.0,30.0,0.0,-1.2900234561534178,False,0.40410549045581606,False,-1.2900234561534178,False,0.16821905407945875,False,0.1502253770828247,False,-1.2900234561534178,False
2025,B,2429,1780504140.0,False,-1,,16,False,0.0,27.0,0.0,-1.0147818714003574,False,0.41578502291270136,False,-1.0147818714003574,False,0.1743877084429739,False,0.18567447662353512,False,-1.0147818714003574,False
2025,B,2430,1780504200.0,False,-1,,16,False,0.0,30.0,0.0,-1.152485797988624,False,0.3965754862594511,False,-1.152485797988624,False,0.16821905407945875,False,0.14135570526123048,False,-1.152485797988624,False
2025,B,2431,1780504260.0,True,199,config_error,16,False,0.0,38.0,0.0,1.596884517288172,True,0.4682135439802998,False,1.596884517288172,True,1.0,True,3999999999.9999995,True,1.596884517288172,True
2025,B,2432,1780504320.0,True,199,config_error,16,False,0.0,25.0,0.0,4.900794866283067,True,0.40716869497130714,False,4.900794866283067,True,1.0,True,22000000000.0,True,4.900794866283067,True
2025,B,2433,1780504380.0,True,199,config_error,16,False,0.0,32.0,0.0,5.131067205258429,True,0.442673269308237,False,5.131067205258429,True,1.0,True,29000000000.0,True,5.131067205258429,True
2025,B,2434,1780504440.0,True,199,config_error,16,False,0.0,22.0,0.0,3.8200248080646846,True,0.4388785863797603,False,3.8200248080646846,True,1.0,True,11000000000.0,True,3.8200248080646846,True
2025,B,2435,1780504500.0,False,-1,,16,False,1.0,36.0,0.0,0.1271946774401691,False,0.611621852495668,False,0.1271946774401691,False,0.00044097366161828505,False,0.18407881259918213,False,0.1271946774401691,False
2025,B,2436,1780504560.0,False,-1,,16,False,0.0,25.0,0.0,-1.8030695322691415,False,0.3716261827598842,False,-1.8030695322691415,False,0.17915458308696264,False,0.14835290908813475,False,-1.8030695322691415,False
2025,B,2437,1780504620.0,False,-1,,16,False,0.0,26.0,0.0,-0.7095294914180021,False,0.4336555040939754,False,-0.7095294914180021,False,0.17669675651560246,False,0.20266711711883545,False,-0.7095294914180021,False
2025,B,2438,1780504680.0,False,-1,,16,False,0.0,20.0,0.0,-1.8103037855469486,False,0.39417081658959174,False,-1.8103037855469486,False,0.19435852292864553,False,0.17612102031707758,False,-1.8103037855469486,False
2025,B,2439,1780504740.0,False,-1,,16,False,0.0,24.0,0.0,-1.3507282255019408,False,0.40571901122310294,False,-1.3507282255019408,False,0.1817776918582098,False,0.19968521595001218,False,-1.3507282255019408,False
2025,B,2440,1780504800.0,False,-1,,16,False,0.0,28.0,0.0,-1.7742827422134333,False,0.38019970741859765,False,-1.7742827422134333,False,0.17221313128709248,False,0.15521936416625975,False,-1.7742827422134333,False
2025,B,2441,1780504860.0,True,200,resource_exhaustion,16,False,0.0,27.0,0.0,5.446895898547663,True,0.5338530741244634,False,5.446895898547663,True,1.0,True,999999999.9999999,True,5.446895898547663,True
2025,B,2442,1780504920.0,True,200,resource_exhaustion,16,False,4.0,33.0,0.0,5.446895898547663,True,0.6891799252760412,False,5.446895898547663,True,1.0,True,3999999999.9999995,True,5.446895898547663,True
2025,B,2443,1780504980.0,True,200,resource_exhaustion,16,False,4.0,31.0,0.0,5.446895898547663,True,0.689276727134739,False,5.446895898547663,True,1.0,True,5000000000.0,True,5.446895898547663,True
2025,B,2444,1780505040.0,True,200,resource_exhaustion,16,False,5.0,37.0,0.0,5.446895898547663,True,0.6989648200385311,False,5.446895898547663,True,1.0,True,3999999999.9999995,True,5.446895898547663,True
2025,B,2445,1780505100.0,False,-1,,16,False,0.0,38.0,0.0,-0.7350296987097078,False,0.47212423360934835,False,-0.7350296987097078,False,0.15573133150025478,False,0.15891060829162598,False,-0.7350296987097078,False
2025,B,2446,1780505160.0,False,-1,,16,False,0.0,23.0,0.0,-1.4723600463374318,False,0.3711481871048717,False,-1.4723600463374318,False,0.18458523060596266,False,0.13821625709533691,False,-1.4723600463374318,False
2025,B,2447,1780505220.0,False,-1,,16,False,0.0,27.0,0.0,-1.7235880486897601,False,0.37427642485203994,False,-1.7235880486897601,False,0.1743877084429739,False,0.16037034988403318,False,-1.7235880486897601,False
2025,B,2448,1780505280.0,False,-1,,16,False,0.0,26.0,0.0,-1.812737682109507,False,0.37763463554138005,False,-1.812737682109507,False,0.17669675651560246,False,0.17785251140594482,False,-1.812737682109507,False
2025,B,2449,1780505340.0,False,-1,,16,False,0.0,28.0,0.0,-1.4239972505530547,False,0.3887641367881277,False,-1.4239972505530547,False,0.17221313128709248,False,0.1637514352798462,False,-1.4239972505530547,False
2025,B,2450,1780505400.0,True,201,resource_exhaustion,16,False,4.0,26.0,0.0,5.446895898547663,True,0.6919728773878285,False,5.446895898547663,True,1.0,True,3999999999.9999995,True,5.446895898547663,True
2025,B,2451,1780505460.0,True,201,resource_exhaustion,16,False,5.0,34.0,0.0,5.446895898547663,True,0.6890195570291848,False,5.446895898547663,True,1.0,True,3999999999.9999995,True,5.446895898547663,True
2025,B,2452,1780505520.0,True,201,resource_exhaustion,16,False,8.0,27.0,0.0,5.446895898547663,True,0.6999597762926465,False,5.446895898547663,True,1.0,True,9000000000.0,True,5.446895898547663,True
2025,B,2453,1780505580.0,True,201,resource_exhaustion,16,False,2.0,24.0,0.0,5.446895898547663,True,0.6864972168765211,False,5.446895898547663,True,1.0,True,1999999999.9999998,True,5.446895898547663,True
2025,B,2454,1780505640.0,False,-1,,16,False,0.0,20.0,0.0,-0.9922766160924787,False,0.40008328600775195,False,-0.9922766160924787,False,0.19435852292864553,False,0.14485845565795896,False,-0.9922766160924787,False
2025,B,2455,1780505700.0,False,-1,,16,False,0.0,20.0,0.0,-2.1076974987818318,False,0.3830099970121227,False,-2.1076974987818318,False,0.19435852292864553,False,0.16986658573150631,False,-2.1076974987818318,False
2025,B,2456,1780505760.0,False,-1,,16,False,0.0,28.0,0.0,-1.9217175635822317,False,0.3857795359162763,False,-1.9217175635822317,False,0.17221313128709248,False,0.18073153495788574,False,-1.9217175635822317,False
2025,B,2457,1780505820.0,False,-1,,16,False,0.0,33.0,0.0,-1.0899025111851115,False,0.41511755087025176,False,-1.0899025111851115,False,0.16297029669269902,False,0.15090522766113282,False,-1.0899025111851115,False
2025,B,2458,1780505880.0,False,-1,,16,False,0.0,16.0,0.0,-1.3929499017551858,False,0.3886451259760275,False,-1.3929499017551858,False,0.21191738011819358,False,0.1366521120071411,False,-1.3929499017551858,False
2025,B,2459,1780505940.0,False,-1,,16,False,0.0,32.0,0.0,-1.5019120101119041,False,0.4158480329173048,False,-1.5019120101119041,False,0.16463194446710577,False,0.17588007450103763,False,-1.5019120101119041,False
2025,B,2460,1780506000.0,False,-1,,16,False,0.0,23.0,0.0,-1.9636990048017466,False,0.37011557336993295,False,-1.9636990048017466,False,0.18458523060596266,False,0.16125435829162602,False,-1.9636990048017466,False
2025,B,2461,1780506060.0,False,-1,,16,False,0.0,28.0,0.0,-1.2908861338192024,False,0.3851912647390722,False,-1.2908861338192024,False,0.17221313128709248,False,0.15243489742279054,False,-1.2908861338192024,False
2025,B,2462,1780506120.0,False,-1,,16,False,0.0,40.0,0.0,-0.9390880922544866,False,0.48016372166668664,False,-0.9390880922544866,False,0.1532453426781667,False,0.17790071964263915,False,-0.9390880922544866,False
2025,B,2463,1780506180.0,False,-1,,16,False,0.0,30.0,0.0,-1.1066585944833154,False,0.409333585690578,False,-1.1066585944833154,False,0.16821905407945875,False,0.18295097351074222,False,-1.1066585944833154,False
2025,B,2464,1780506240.0,False,-1,,16,False,0.0,33.0,0.0,-1.0318296937671718,False,0.4179214246102019,False,-1.0318296937671718,False,0.16297029669269902,False,0.1595979690551758,False,-1.0318296937671718,False
2025,B,2465,1780506300.0,True,202,config_error,16,False,0.0,32.0,0.0,3.0769228965839557,True,0.40779981749725663,False,3.0769228965839557,True,1.0,True,9000000000.0,True,3.0769228965839557,True
2025,B,2466,1780506360.0,True,202,config_error,16,False,0.0,28.0,0.0,5.0022264601994575,True,0.407312061819933,False,5.0022264601994575,True,1.0,True,25000000000.0,True,5.0022264601994575,True
2025,B,2467,1780506420.0,True,202,config_error,16,False,0.0,24.0,0.0,4.982490770473725,True,0.4342130968782534,False,4.982490770473725,True,1.0,True,22000000000.0,True,4.982490770473725,True
2025,B,2468,1780506480.0,True,202,config_error,16,False,0.0,34.0,0.0,5.083774508657348,True,0.42304823444282447,False,5.083774508657348,True,1.0,True,30000000000.0,True,5.083774508657348,True
2025,B,2469,1780506540.0,False,-1,,16,False,0.0,29.0,0.0,-1.5154235417227495,False,0.3853894225726525,False,-1.5154235417227495,False,0.17016055445988643,False,0.1454631805419922,False,-1.5154235417227495,False
2025,B,2470,1780506600.0,False,-1,,16,False,1.0,23.0,0.0,-1.1040965387893173,False,0.56656069956231,False,-1.1040965387893173,False,0.00023295063144767613,False,0.15749406814575195,False,-1.1040965387893173,False
2025,B,2471,1780506660.0,False,-1,,16,False,0.0,22.0,0.0,-1.8063059025674955,False,0.3884864595469991,False,-1.8063059025674955,False,0.18759955492409922,False,0.1957409858703613,False,-1.8063059025674955,False
2025,B,2472,1780506720.0,False,-1,,16,False,0.0,27.0,0.0,-1.5020679601349665,False,0.3819419260524978,False,-1.5020679601349665,False,0.1743877084429739,False,0.14470520019531252,False,-1.5020679601349665,False
2025,B,2473,1780506780.0,False,-1,,16,False,0.0,27.0,0.0,-1.1901183410254985,False,0.39288024142658595,False,-1.1901183410254985,False,0.1743877084429739,False,0.1427753448486328,False,-1.1901183410254985,False
2025,B,2474,1780506840.0,False,-1,,16,False,0.0,27.0,0.0,-1.6558582734981862,False,0.3856173549477425,False,-1.6558582734981862,False,0.1743877084429739,False,0.16319966316223142,False,-1.6558582734981862,False
2025,B,2475,1780506900.0,True,203,config_error,16,False,0.0,33.0,0.0,4.448466464447364,True,0.41616543125949335,False,4.448466464447364,True,1.0,True,20000000000.0,True,4.448466464447364,True
2025,B,2476,1780506960.0,True,203,config_error,16,False,0.0,31.0,0.0,5.015708175317385,True,0.41151723925747413,False,5.015708175317385,True,1.0,True,27000000000.0,True,5.015708175317385,True
2025,B,2477,1780507020.0,True,203,config_error,16,False,0.0,25.0,0.0,4.891265252622276,True,0.4045347922862106,False,4.891265252622276,True,1.0,True,22000000000.0,True,4.891265252622276,True
2025,B,2478,1780507080.0,True,203,config_error,16,False,0.0,26.0,0.0,3.0191553604889316,True,0.3765839597345771,False,3.0191553604889316,True,1.0,True,9000000000.0,True,3.0191553604889316,True
2025,B,2479,1780507140.0,False,-1,,17,False,0.0,33.0,0.0,-0.8119911454829758,False,0.42049074029743405,False,-0.8119911454829758,False,0.16297029669269902,False,0.1447805404663086,False,-0.8119911454829758,False
2025,B,2480,1780507200.0,False,-1,,17,False,0.0,37.0,0.0,-1.2711648933513064,False,0.4461614996487998,False,-1.2711648933513064,False,0.15705371401464144,False,0.15360450744628906,False,-1.2711648933513064,False
2025,B,2481,1780507260.0,False,-1,,17,False,0.0,38.0,0.0,-0.9054254233924786,False,0.47029236240488737,False,-0.9054254233924786,False,0.15573133150025478,False,0.17963337898254403,False,-0.9054254233924786,False
2025,B,2482,1780507320.0,False,-1,,17,False,1.0,25.0,0.0,1.1676360395381211,True,0.6167818891106078,False,1.1676360395381211,True,0.00026568023391353006,False,0.18632183074951164,False,1.1676360395381211,False
2025,B,2483,1780507380.0,False,-1,,17,False,0.0,27.0,0.0,-1.8309264995635068,False,0.3729516586711878,False,-1.8309264995635068,False,0.1743877084429739,False,0.15928988456726073,False,-1.8309264995635068,False
2025,B,2484,1780507440.0,False,-1,,17,False,0.0,24.0,0.0,-1.327570640495872,False,0.3980494600305408,False,-1.327570640495872,False,0.1817776918582098,False,0.16354131698608398,False,-1.327570640495872,False
2025,B,2485,1780507500.0,True,204,resource_exhaustion,17,False,1.0,33.0,0.0,5.446895898547663,True,0.6693647266948792,False,5.446895898547663,True,1.0,True,1999999999.9999998,True,5.446895898547663,True
2025,B,2486,1780507560.0,True,204,resource_exhaustion,17,False,6.0,22.0,0.0,5.446895898547663,True,0.6992042532187958,False,5.446895898547663,True,1.0,True,6000000000.0,True,5.446895898547663,True
2025,B,2487,1780507620.0,True,204,resource_exhaustion,17,False,6.0,32.0,0.0,5.446895898547663,True,0.691306547352976,False,5.446895898547663,True,1.0,True,6000000000.0,True,5.446895898547663,True
2025,B,2488,1780507680.0,True,204,resource_exhaustion,17,False,1.0,32.0,0.0,5.446895898547663,True,0.6436540700424691,False,5.446895898547663,True,1.0,True,999999999.9999999,True,5.446895898547663,True
2025,B,2489,1780507740.0,False,-1,,17,False,0.0,34.0,0.0,-0.4457841111039711,False,0.46101894729959697,False,-0.4457841111039711,False,0.16138735499274742,False,0.2061729431152344,False,-0.4457841111039711,False
2025,B,2490,1780507800.0,False,-1,,17,False,0.0,20.0,0.0,-1.0744252650434465,False,0.38925234357306404,False,-1.0744252650434465,False,0.19435852292864553,False,0.13631696701049806,False,-1.0744252650434465,False
2025,B,2491,1780507860.0,False,-1,,17,False,0.0,34.0,0.0,-1.336634025640266,False,0.4205848190420988,False,-1.336634025640266,False,0.16138735499274742,False,0.1773279428482056,False,-1.336634025640266,False
2025,B,2492,1780507920.0,False,-1,,17,False,0.0,28.0,0.0,-0.22431350374408243,False,0.4193805392852798,False,-0.22431350374408243,False,0.17221313128709248,False,0.16321179866790772,False,-0.22431350374408243,False
2025,B,2493,1780507980.0,False,-1,,17,False,1.0,26.0,0.0,-0.744593975338983,False,0.5756563563949381,False,-0.744593975338983,False,0.00028201299942720543,False,0.13920962810516355,False,-0.744593975338983,False
2025,B,2494,1780508040.0,False,-1,,17,False,0.0,24.0,0.0,-1.7919431554814418,False,0.37075666038496147,False,-1.7919431554814418,False,0.1817776918582098,False,0.15828430652618408,False,-1.7919431554814418,False
2025,B,2495,1780508100.0,False,-1,,17,False,0.0,31.0,0.0,-1.7069854482457236,False,0.400771589946321,False,-1.7069854482457236,False,0.16637901652440515,False,0.18294382095336914,False,-1.7069854482457236,False
2025,B,2496,1780508160.0,False,-1,,17,False,0.0,28.0,0.0,-1.9274614791666496,False,0.384037897863065,False,-1.9274614791666496,False,0.17221313128709248,False,0.18480823040008545,False,-1.9274614791666496,False
2025,B,2497,1780508220.0,False,-1,,17,False,0.0,31.0,0.0,-0.9993886635665676,False,0.431646334371847,False,-0.9993886635665676,False,0.16637901652440515,False,0.18889355659484866,False,-0.9993886635665676,False
2025,B,2498,1780508280.0,False,-1,,17,False,0.0,29.0,0.0,-0.5989247881571202,False,0.40609172719791853,False,-0.5989247881571202,False,0.17016055445988643,False,0.13225946426391602,False,-0.5989247881571202,False
2025,B,2499,1780508340.0,True,205,dependency_timeout,17,False,0.0,31.0,0.0,5.446895898547663,True,0.45972877028485526,False,5.446895898547663,True,1.0,True,999999999.9999999,True,5.446895898547663,True
2025,B,2500,1780508400.0,True,205,dependency_timeout,17,False,3.0,23.0,0.0,5.446895898547663,True,0.6718898333966505,False,5.446895898547663,True,1.0,True,15999999999.999998,True,5.446895898547663,True
2025,B,2501,1780508460.0,True,205,dependency_timeout,17,False,1.0,26.0,0.0,5.446895898547663,True,0.6375243162491188,False,5.446895898547663,True,1.0,True,11000000000.0,True,5.446895898547663,True
2025,B,2502,1780508520.0,True,205,dependency_timeout,17,True,11.0,77.0,0.0,5.446895898547663,True,0.7213856714337665,True,5.446895898547663,True,1.0,True,41000000000.0,True,5.446895898547663,True
2025,B,2503,1780508580.0,True,205,dependency_timeout,17,True,19.0,259.0,0.0,5.446895898547663,True,0.7872232317567807,True,5.446895898547663,True,1.0,True,63999999999.99999,True,5.446895898547663,True
2025,B,2504,1780508640.0,False,-1,,17,True,0.0,280.0,0.0,0.2884370779473757,False,0.7063518007337433,True,0.2884370779473757,False,0.09529084833287381,False,0.18213012218475338,False,0.2884370779473757,False
2025,B,2505,1780508700.0,False,-1,,17,False,0.0,44.0,0.0,-0.9538170715071699,False,0.504506222559166,False,-0.9538170715071699,False,0.1488183960155862,False,0.14988265037536622,False,-0.9538170715071699,False
2025,B,2506,1780508760.0,False,-1,,17,False,0.0,28.0,0.0,-1.9593089178352487,False,0.3742398755723861,False,-1.9593089178352487,False,0.17221313128709248,False,0.16073429584503174,False,-1.9593089178352487,False
2025,B,2507,1780508820.0,False,-1,,17,False,0.0,24.0,0.0,-1.7608753355689677,False,0.3776846020679921,False,-1.7608753355689677,False,0.1817776918582098,False,0.17667388916015625,False,-1.7608753355689677,False
2025,B,2508,1780508880.0,False,-1,,17,False,0.0,27.0,0.0,-2.0434930548932027,False,0.36984849760674554,False,-2.0434930548932027,False,0.1743877084429739,False,0.16742463111877443,False,-2.0434930548932027,False
2025,B,2509,1780508940.0,False,-1,,17,False,0.0,43.0,0.0,-0.4827955419833101,False,0.5300085680966063,False,-0.4827955419833101,False,0.14986400952385226,False,0.21119222640991203,False,-0.4827955419833101,False
2025,B,2510,1780509000.0,False,-1,,17,False,0.0,33.0,0.0,-1.5041659435449528,False,0.4059346291269253,False,-1.5041659435449528,False,0.16297029669269902,False,0.15295963287353515,False,-1.5041659435449528,False
2025,B,2511,1780509060.0,True,206,dependency_timeout,17,False,0.0,31.0,0.0,5.446895898547663,True,0.4980425632375024,False,5.446895898547663,True,1.0,True,1999999999.9999998,True,5.446895898547663,True
2025,B,2512,1780509120.0,True,206,dependency_timeout,17,False,1.0,29.0,0.0,5.446895898547663,True,0.6368919234209174,False,5.446895898547663,True,1.0,True,9000000000.0,True,5.446895898547663,True
2025,B,2513,1780509180.0,True,206,dependency_timeout,17,False,4.0,30.0,0.0,5.446895898547663,True,0.670545176076947,False,5.446895898547663,True,1.0,True,12000000000.0,True,5.446895898547663,True
2025,B,2514,1780509240.0,True,206,dependency_timeout,17,False,0.0,23.0,0.0,5.446895898547663,True,0.4993395534156785,False,5.446895898547663,True,1.0,True,9000000000.0,True,5.446895898547663,True
2025,B,2515,1780509300.0,True,206,dependency_timeout,17,False,6.0,37.0,0.0,5.446895898547663,True,0.6756466267601697,False,5.446895898547663,True,1.0,True,15000000000.0,True,5.446895898547663,True
2025,B,2516,1780509360.0,False,-1,,17,False,0.0,31.0,0.0,-1.4310566415731865,False,0.3996593842755106,False,-1.4310566415731865,False,0.16637901652440515,False,0.15064024925231934,False,-1.4310566415731865,False
2025,B,2517,1780509420.0,False,-1,,17,False,0.0,21.0,0.0,-1.3226599252619389,False,0.40347617351799075,False,-1.3226599252619389,False,0.1908469445255076,False,0.15924072265625003,False,-1.3226599252619389,False
2025,B,2518,1780509480.0,False,-1,,17,False,0.0,33.0,0.0,-0.5588753965123523,False,0.4340635649115186,False,-0.5588753965123523,False,0.16297029669269902,False,0.14551372528076173,False,-0.5588753965123523,False
2025,B,2519,1780509540.0,False,-1,,17,False,0.0,31.0,0.0,-0.5276787606631057,False,0.446265906429442,False,-0.5276787606631057,False,0.16637901652440515,False,0.15991044044494626,False,-0.5276787606631057,False
2025,B,2520,1780509600.0,False,-1,,17,False,0.0,22.0,0.0,-1.7280429105273765,False,0.37123987500410993,False,-1.7280429105273765,False,0.18759955492409922,False,0.14377920627593993,False,-1.7280429105273765,False
2025,B,2521,1780509660.0,False,-1,,17,False,0.0,44.0,0.0,-0.9699372573725107,False,0.5071849434221894,False,-0.9699372573725107,False,0.1488183960155862,False,0.17361314296722413,False,-0.9699372573725107,False
2025,B,2522,1780509720.0,False,-1,,17,False,0.0,38.0,0.0,-1.1136522348427196,False,0.461280133719759,False,-1.1136522348427196,False,0.15573133150025478,False,0.1484003067016602,False,-1.1136522348427196,False
2025,B,2523,1780509780.0,False,-1,,17,False,0.0,27.0,0.0,-1.5183424839786204,False,0.3752659109808931,False,-1.5183424839786204,False,0.1743877084429739,False,0.1443888187408447,False,-1.5183424839786204,False
2025,B,2524,1780509840.0,False,-1,,17,False,0.0,19.0,0.0,-1.3791499876625766,False,0.3916934182318731,False,-1.3791499876625766,False,0.19817145176349388,False,0.14927897453308103,False,-1.3791499876625766,False
2025,B,2525,1780509900.0,True,207,permission_denied,17,False,0.0,34.0,0.0,2.930317910679494,True,0.4670446948373114,False,2.930317910679494,True,1.0,True,5000000000.0,True,2.930317910679494,True
2025,B,2526,1780509960.0,True,207,permission_denied,17,False,0.0,33.0,0.0,3.78415501144488,True,0.4268326811125344,False,3.78415501144488,True,1.0,True,13000000000.0,True,3.78415501144488,True
2025,B,2527,1780510020.0,True,207,permission_denied,17,False,0.0,31.0,0.0,3.902510978935128,True,0.40496151461781504,False,3.902510978935128,True,1.0,True,14000000000.0,True,3.902510978935128,True
2025,B,2528,1780510080.0,True,207,permission_denied,17,False,0.0,23.0,0.0,3.2604605150388766,True,0.3989645800661508,False,3.2604605150388766,True,1.0,True,10000000000.0,True,3.2604605150388766,True
2025,B,2529,1780510140.0,False,-1,,17,False,0.0,34.0,0.0,-1.5247583900666362,False,0.410100700571245,False,-1.5247583900666362,False,0.16138735499274742,False,0.16591863632202147,False,-1.5247583900666362,False
2025,B,2530,1780510200.0,False,-1,,17,False,0.0,24.0,0.0,-1.2755588015249675,False,0.3966409797976941,False,-1.2755588015249675,False,0.1817776918582098,False,0.14837384223937986,False,-1.2755588015249675,False
2025,B,2531,1780510260.0,False,-1,,17,False,0.0,36.0,0.0,-1.1895128840482379,False,0.45186812306214064,False,-1.1895128840482379,False,0.15843418223445005,False,0.17748367786407468,False,-1.1895128840482379,False
2025,B,2532,1780510320.0,False,-1,,17,False,0.0,26.0,0.0,-1.3047896402522232,False,0.39727363545248,False,-1.3047896402522232,False,0.17669675651560246,False,0.18676161766052246,False,-1.3047896402522232,False
2025,B,2533,1780510380.0,False,-1,,17,False,0.0,32.0,0.0,-1.4358703500807621,False,0.4049370559345075,False,-1.4358703500807621,False,0.16463194446710577,False,0.1606791973114014,False,-1.4358703500807621,False
2025,B,2534,1780510440.0,False,-1,,17,False,0.0,42.0,0.0,-0.9056950784830038,False,0.5143708692592752,False,-0.9056950784830038,False,0.15094866723996742,False,0.19517543315887445,False,-0.9056950784830038,False
2025,B,2535,1780510500.0,False,-1,,17,False,0.0,27.0,0.0,-0.9787385647129678,False,0.39194847445708514,False,-0.9787385647129678,False,0.1743877084429739,False,0.144661283493042,False,-0.9787385647129678,False
2025,B,2536,1780510560.0,True,208,config_error,17,False,0.0,25.0,0.0,4.448467445197924,True,0.45818232778465856,False,4.448467445197924,True,1.0,True,15999999999.999998,True,4.448467445197924,True
2025,B,2537,1780510620.0,True,208,config_error,17,False,0.0,29.0,0.0,5.09609891014715,True,0.47118260357049613,False,5.09609891014715,True,1.0,True,26000000000.0,True,5.09609891014715,True
2025,B,2538,1780510680.0,True,208,config_error,17,False,0.0,22.0,0.0,4.886619237295042,True,0.4299936295623209,False,4.886619237295042,True,1.0,True,20000000000.0,True,4.886619237295042,True
2025,B,2539,1780510740.0,True,208,config_error,17,False,0.0,27.0,0.0,4.648203015602591,True,0.4071686821505494,False,4.648203015602591,True,1.0,True,20000000000.0,True,4.648203015602591,True
2025,B,2540,1780510800.0,False,-1,,17,False,0.0,32.0,0.0,-0.8421441523017617,False,0.438880011133853,False,-0.8421441523017617,False,0.16463194446710577,False,0.20125627517700198,False,-0.8421441523017617,False
2025,B,2541,1780510860.0,False,-1,,17,False,0.0,40.0,0.0,-1.1704621656816574,False,0.4795484490696372,False,-1.1704621656816574,False,0.1532453426781667,False,0.1822466373443603,False,-1.1704621656816574,False
2025,B,2542,1780510920.0,False,-1,,17,False,0.0,33.0,0.0,-1.5913671853809763,False,0.4069399031199238,False,-1.5913671853809763,False,0.16297029669269902,False,0.16388216018676757,False,-1.5913671853809763,False
2025,B,2543,1780510980.0,False,-1,,17,False,0.0,19.0,0.0,-2.0015359489568,False,0.3850311838415707,False,-2.0015359489568,False,0.19817145176349388,False,0.1600639820098877,False,-2.0015359489568,False
2025,B,2544,1780511040.0,False,-1,,17,False,0.0,28.0,0.0,-1.7792338478907164,False,0.3865560682933104,False,-1.7792338478907164,False,0.17221313128709248,False,0.17733230590820312,False,-1.7792338478907164,False
2025,B,2545,1780511100.0,False,-1,,17,False,0.0,23.0,0.0,-1.471400100386373,False,0.39417046520248206,False,-1.471400100386373,False,0.18458523060596266,False,0.18941693305969243,False,-1.471400100386373,False
2025,B,2546,1780511160.0,False,-1,,17,False,0.0,30.0,0.0,-1.7887139600388515,False,0.3884990881818263,False,-1.7887139600388515,False,0.16821905407945875,False,0.16734864711761477,False,-1.7887139600388515,False
2025,B,2547,1780511220.0,False,-1,,17,False,0.0,26.0,0.0,-1.2788947197713414,False,0.3841049601670156,False,-1.2788947197713414,False,0.17669675651560246,False,0.15786945819854736,False,-1.2788947197713414,False
2025,B,2548,1780511280.0,False,-1,,17,False,0.0,26.0,0.0,-1.8200861298401652,False,0.3855143345364811,False,-1.8200861298401652,False,0.17669675651560246,False,0.17381727695465088,False,-1.8200861298401652,False
2025,B,2549,1780511340.0,False,-1,,17,False,0.0,30.0,0.0,-1.4189119181883907,False,0.4084229842142161,False,-1.4189119181883907,False,0.16821905407945875,False,0.18527317047119143,False,-1.4189119181883907,False
2025,B,2550,1780511400.0,True,209,config_error,17,False,0.0,15.0,0.0,0.03635093386921273,False,0.40647282096613013,False,0.03635093386921273,False,1.0,True,1999999999.9999998,True,0.03635093386921273,True
2025,B,2551,1780511460.0,True,209,config_error,17,False,0.0,34.0,0.0,5.146319173404754,True,0.4314077076124515,False,5.146319173404754,True,1.0,True,30999999999.999996,True,5.146319173404754,True
2025,B,2552,1780511520.0,True,209,config_error,17,False,0.0,32.0,0.0,5.179898778443035,True,0.43001599553568487,False,5.179898778443035,True,1.0,True,30000000000.0,True,5.179898778443035,True
2025,B,2553,1780511580.0,True,209,config_error,17,False,0.0,18.0,0.0,3.925744777995522,True,0.4342585470502381,False,3.925744777995522,True,1.0,True,11000000000.0,True,3.925744777995522,True
2025,B,2554,1780511640.0,False,-1,,17,False,0.0,34.0,0.0,-0.43022642390593724,False,0.4425830911932634,False,-0.43022642390593724,False,0.16138735499274742,False,0.13389248847961427,False,-0.43022642390593724,False
2025,B,2555,1780511700.0,False,-1,,17,False,0.0,31.0,0.0,-1.319461735861811,False,0.4230324230434573,False,-1.319461735861811,False,0.16637901652440515,False,0.20422363281249997,False,-1.319461735861811,False
2025,B,2556,1780511760.0,False,-1,,17,False,0.0,19.0,0.0,-1.6323161943929367,False,0.3946636544926259,False,-1.6323161943929367,False,0.19817145176349388,False,0.147713041305542,False,-1.6323161943929367,False
2025,B,2557,1780511820.0,False,-1,,17,False,0.0,34.0,0.0,-0.9263941710466987,False,0.43499263223163265,False,-0.9263941710466987,False,0.16138735499274742,False,0.14703679084777835,False,-0.9263941710466987,False
2025,B,2558,1780511880.0,False,-1,,17,False,0.0,22.0,0.0,-1.8294734117435167,False,0.3705942359789879,False,-1.8294734117435167,False,0.18759955492409922,False,0.14712939262390134,False,-1.8294734117435167,False
2025,B,2559,1780511940.0,False,-1,,17,False,0.0,28.0,0.0,-0.19403625807628355,False,0.4379620143201921,False,-0.19403625807628355,False,0.17221313128709248,False,0.1352370262145996,False,-0.19403625807628355,False
2025,B,2560,1780512000.0,False,-1,,17,False,0.0,44.0,0.0,-0.7450088533633359,False,0.5307436424969152,False,-0.7450088533633359,False,0.1488183960155862,False,0.19242002964019775,False,-0.7450088533633359,False
2025,B,2561,1780512060.0,False,-1,,17,False,0.0,27.0,0.0,-1.521005024179467,False,0.3909721949886756,False,-1.521005024179467,False,0.1743877084429739,False,0.19250230789184564,False,-1.521005024179467,False
2025,B,2562,1780512120.0,False,-1,,17,False,0.0,29.0,0.0,-1.8077067163166305,False,0.3825750574037159,False,-1.8077067163166305,False,0.17016055445988643,False,0.16960630416870115,False,-1.8077067163166305,False
2025,B,2563,1780512180.0,False,-1,,17,False,0.0,27.0,0.0,-0.9380643040448335,False,0.3943623644504494,False,-0.9380643040448335,False,0.1743877084429739,False,0.1524878025054931,False,-0.9380643040448335,False
2025,B,2564,1780512240.0,True,210,permission_denied,17,False,0.0,24.0,0.0,2.7003394251186563,True,0.3837781230169258,False,2.7003394251186563,True,1.0,True,7999999999.999999,True,2.7003394251186563,True
2025,B,2565,1780512300.0,True,210,permission_denied,17,False,0.0,28.0,0.0,3.909237023389972,True,0.39628109861450383,False,3.909237023389972,True,1.0,True,14000000000.0,True,3.909237023389972,True
2025,B,2566,1780512360.0,True,210,permission_denied,17,False,0.0,35.0,0.0,4.327993573208328,True,0.4232827200160215,False,4.327993573208328,True,1.0,True,18000000000.0,True,4.327993573208328,True
2025,B,2567,1780512420.0,True,210,permission_denied,17,False,1.0,27.0,0.0,1.787584972206624,True,0.571451647171125,False,1.787584972206624,True,1.0,True,3999999999.9999995,True,1.787584972206624,True
2025,B,2568,1780512480.0,False,-1,,17,False,0.0,32.0,0.0,-0.9859531439825346,False,0.4372513661091278,False,-0.9859531439825346,False,0.16463194446710577,False,0.21638405323028564,False,-0.9859531439825346,False
2025,B,2569,1780512540.0,False,-1,,17,False,0.0,31.0,0.0,-1.7131958310849393,False,0.3925501283101623,False,-1.7131958310849393,False,0.16637901652440515,False,0.15966677665710446,False,-1.7131958310849393,False
2025,B,2570,1780512600.0,False,-1,,17,False,0.0,27.0,0.0,-1.954627199158561,False,0.3777072526432446,False,-1.954627199158561,False,0.1743877084429739,False,0.18223996162414546,False,-1.954627199158561,False
2025,B,2571,1780512660.0,False,-1,,17,False,0.0,26.0,0.0,-1.3081413822726118,False,0.3754764035780744,False,-1.3081413822726118,False,0.17669675651560246,False,0.13888895511627197,False,-1.3081413822726118,False
2025,B,2572,1780512720.0,False,-1,,17,False,0.0,30.0,0.0,-1.6160654447525475,False,0.4017380990160966,False,-1.6160654447525475,False,0.16821905407945875,False,0.17634129524230957,False,-1.6160654447525475,False
2025,B,2573,1780512780.0,False,-1,,17,False,0.0,21.0,0.0,-1.016895757597963,False,0.38843275043962056,False,-1.016895757597963,False,0.1908469445255076,False,0.13681840896606445,False,-1.016895757597963,False
2025,B,2574,1780512840.0,False,-1,,17,False,0.0,21.0,0.0,-1.5986227057539555,False,0.3743038396449818,False,-1.5986227057539555,False,0.1908469445255076,False,0.14954042434692383,False,-1.5986227057539555,False
2025,B,2575,1780512900.0,False,-1,,17,False,0.0,40.0,0.0,-0.6680772082352959,False,0.4861518311566557,False,-0.6680772082352959,False,0.1532453426781667,False,0.169830322265625,False,-0.6680772082352959,False
2025,B,2576,1780512960.0,False,-1,,17,False,1.0,35.0,0.0,-0.13647314220734774,False,0.5944829491607223,False,-0.13647314220734774,False,0.00042555521592599094,False,0.15227904319763183,False,-0.13647314220734774,False
2025,B,2577,1780513020.0,True,211,config_error,17,False,0.0,30.0,0.0,4.275961605593926,True,0.4159794562827226,False,4.275961605593926,True,1.0,True,16999999999.999998,True,4.275961605593926,True
2025,B,2578,1780513080.0,True,211,config_error,17,False,0.0,28.0,0.0,5.094117323039204,True,0.415377412432156,False,5.094117323039204,True,1.0,True,26000000000.0,True,5.094117323039204,True
2025,B,2579,1780513140.0,True,211,config_error,17,False,0.0,31.0,0.0,5.161896489754038,True,0.43885901334350935,False,5.161896489754038,True,1.0,True,29000000000.0,True,5.161896489754038,True
2025,B,2580,1780513200.0,False,-1,,17,False,0.0,24.0,0.0,-1.4667856170798643,False,0.37815179561095225,False,-1.4667856170798643,False,0.1817776918582098,False,0.1568436622619629,False,-1.4667856170798643,False
2025,B,2581,1780513260.0,False,-1,,17,False,0.0,23.0,0.0,-2.0564795770112454,False,0.37351434300590663,False,-2.0564795770112454,False,0.18458523060596266,False,0.17016229629516602,False,-2.0564795770112454,False
2025,B,2582,1780513320.0,False,-1,,17,False,0.0,31.0,0.0,-1.5343941721355865,False,0.4091062067599531,False,-1.5343941721355865,False,0.16637901652440515,False,0.1828486919403076,False,-1.5343941721355865,False
2025,B,2583,1780513380.0,False,-1,,17,False,0.0,31.0,0.0,-1.550474546177501,False,0.3964211339219098,False,-1.550474546177501,False,0.16637901652440515,False,0.15532040596008298,False,-1.550474546177501,False
2025,B,2584,1780513440.0,False,-1,,17,False,0.0,22.0,0.0,-1.0139988743092037,False,0.4116252008987986,False,-1.0139988743092037,False,0.18759955492409922,False,0.15680856704711912,False,-1.0139988743092037,False
2025,B,2585,1780513500.0,False,-1,,17,False,0.0,30.0,0.0,-1.771716210526158,False,0.3963716818818264,False,-1.771716210526158,False,0.16821905407945875,False,0.18773477077484135,False,-1.771716210526158,False
2025,B,2586,1780513560.0,False,-1,,17,False,0.0,30.0,0.0,-1.359888453557736,False,0.397288490854489,False,-1.359888453557736,False,0.16821905407945875,False,0.17241144180297852,False,-1.359888453557736,False
2025,B,2587,1780513620.0,False,-1,,17,False,0.0,28.0,0.0,0.2765709916898009,False,0.43814918937485725,False,0.2765709916898009,False,0.17221313128709248,False,0.2567940711975098,False,0.2765709916898009,False
2025,B,2588,1780513680.0,False,-1,,17,False,0.0,33.0,0.0,-1.2752810093133968,False,0.419042624841755,False,-1.2752810093133968,False,0.16297029669269902,False,0.16412525177001952,False,-1.2752810093133968,False
2025,B,2589,1780513740.0,True,212,resource_exhaustion,17,False,0.0,28.0,0.0,5.446895898547663,True,0.49001971281213336,False,5.446895898547663,True,1.0,True,999999999.9999999,True,5.446895898547663,True
2025,B,2590,1780513800.0,True,212,resource_exhaustion,17,False,4.0,24.0,0.0,5.446895898547663,True,0.6897729283460381,False,5.446895898547663,True,1.0,True,3999999999.9999995,True,5.446895898547663,True
2025,B,2591,1780513860.0,True,212,resource_exhaustion,17,False,1.0,29.0,0.0,5.446895898547663,True,0.6628317594173428,False,5.446895898547663,True,1.0,True,999999999.9999999,True,5.446895898547663,True
2025,B,2592,1780513920.0,True,212,resource_exhaustion,17,False,1.0,26.0,0.0,5.446895898547663,True,0.6430216023744886,False,5.446895898547663,True,1.0,True,999999999.9999999,True,5.446895898547663,True
2025,B,2593,1780513980.0,False,-1,,17,False,1.0,35.0,0.0,-0.6992557486526101,False,0.5821974220882903,False,-0.6992557486526101,False,0.00042555521592599094,False,0.1638950824737548,False,-0.6992557486526101,False
2025,B,2594,1780514040.0,False,-1,,17,False,0.0,33.0,0.0,-0.30692741516143496,False,0.44673799983703466,False,-0.30692741516143496,False,0.16297029669269902,False,0.12931766510009765,False,-0.30692741516143496,False
2025,B,2595,1780514100.0,False,-1,,17,False,0.0,18.0,0.0,-0.9573886392254671,False,0.39962375857589866,False,-0.9573886392254671,False,0.20233050107121442,False,0.13513264656066895,False,-0.9573886392254671,False
2025,B,2596,1780514160.0,False,-1,,17,False,0.0,20.0,0.0,-1.795927332575868,False,0.38267104353377895,False,-1.795927332575868,False,0.19435852292864553,False,0.1604096174240112,False,-1.795927332575868,False
2025,B,2597,1780514220.0,False,-1,,17,False,0.0,25.0,0.0,-1.638184841160311,False,0.3903341386955503,False,-1.638184841160311,False,0.17915458308696264,False,0.17417335510253898,False,-1.638184841160311,False
2025,B,2598,1780514280.0,False,-1,,17,True,0.0,31.0,0.0,-1.044254972189199,False,0.42107274890550433,False,-1.044254972189199,False,0.16637901652440515,False,0.17333674430847168,False,-1.044254972189199,False
2025,B,2599,1780514340.0,False,-1,,17,True,1.0,277.0,0.0,1.9084757731815039,True,0.7460866228181505,True,1.9084757731815039,True,0.0022360175363254618,False,0.17779817581176766,False,1.9084757731815039,False
2025,B,2600,1780514400.0,True,213,permission_denied,17,True,0.0,274.0,0.0,4.996787910591848,True,0.7107776491615141,True,4.996787910591848,True,1.0,True,31999999999.999996,True,4.996787910591848,True
2025,B,2601,1780514460.0,True,213,permission_denied,17,False,0.0,30.0,0.0,3.7443731179883804,True,0.38944749477295704,False,3.7443731179883804,True,1.0,True,13000000000.0,True,3.7443731179883804,True
2025,B,2602,1780514520.0,True,213,permission_denied,17,False,0.0,30.0,0.0,4.154096743954889,True,0.42597691216479405,False,4.154096743954889,True,1.0,True,15000000000.0,True,4.154096743954889,True
2025,B,2603,1780514580.0,True,213,permission_denied,17,False,0.0,32.0,0.0,2.7794081616959847,True,0.3947225436605926,False,2.7794081616959847,True,1.0,True,7999999999.999999,True,2.7794081616959847,True
2025,B,2604,1780514640.0,False,-1,,17,False,0.0,24.0,0.0,-1.9693712795535907,False,0.3766183852697155,False,-1.9693712795535907,False,0.1817776918582098,False,0.18252229690551758,False,-1.9693712795535907,False
2025,B,2605,1780514700.0,False,-1,,17,False,0.0,22.0,0.0,-1.9842746595468874,False,0.37745386493289107,False,-1.9842746595468874,False,0.18759955492409922,False,0.16209690570831298,False,-1.9842746595468874,False
2025,B,2606,1780514760.0,False,-1,,17,False,0.0,33.0,0.0,-1.4849471274934984,False,0.4234565553328134,False,-1.4849471274934984,False,0.16297029669269902,False,0.18661537170410153,False,-1.4849471274934984,False
2025,B,2607,1780514820.0,False,-1,,17,False,0.0,36.0,0.0,-1.502292829838721,False,0.4407772757208835,False,-1.502292829838721,False,0.15843418223445005,False,0.18389630317687986,False,-1.502292829838721,False
2025,B,2608,1780514880.0,False,-1,,17,False,0.0,29.0,0.0,-1.530468554802905,False,0.3929913500539513,False,-1.530468554802905,False,0.17016055445988643,False,0.15426950454711913,False,-1.530468554802905,False
2025,B,2609,1780514940.0,False,-1,,17,False,0.0,25.0,0.0,-1.5081388820001305,False,0.38197137179737467,False,-1.5081388820001305,False,0.17915458308696264,False,0.14154767990112296,False,-1.5081388820001305,False
2025,B,2610,1780515000.0,False,-1,,17,False,0.0,29.0,0.0,-1.7168613747013204,False,0.38493542873341724,False,-1.7168613747013204,False,0.17016055445988643,False,0.15568189620971676,False,-1.7168613747013204,False
2025,B,2611,1780515060.0,False,-1,,17,False,0.0,35.0,0.0,-0.9701859919853124,False,0.45266943916724894,False,-0.9701859919853124,False,0.15987711290983783,False,0.20754895210266106,False,-0.9701859919853124,False
2025,B,2612,1780515120.0,True,214,dependency_timeout,17,False,1.0,31.0,0.0,5.446895898547663,True,0.5484269071037174,False,5.446895898547663,True,1.0,True,7999999999.999999,True,5.446895898547663,True
2025,B,2613,1780515180.0,True,214,dependency_timeout,17,False,8.0,32.0,0.0,5.446895898547663,True,0.6771667710385517,False,5.446895898547663,True,1.0,True,19000000000.0,True,5.446895898547663,True
2025,B,2614,1780515240.0,True,214,dependency_timeout,17,False,3.0,25.0,0.0,5.446895898547663,True,0.6659482249233537,False,5.446895898547663,True,1.0,True,6000000000.0,True,5.446895898547663,True
2025,B,2615,1780515300.0,False,-1,,17,False,0.0,28.0,0.0,-0.6116664437743369,False,0.4246467582956648,False,-0.6116664437743369,False,0.17221313128709248,False,0.16221284866333008,False,-0.6116664437743369,False
2025,B,2616,1780515360.0,False,-1,,17,False,0.0,23.0,0.0,-1.807094434091428,False,0.36876962566643,False,-1.807094434091428,False,0.18458523060596266,False,0.15660252571105956,False,-1.807094434091428,False
2025,B,2617,1780515420.0,False,-1,,17,False,0.0,31.0,0.0,-0.7444026852351984,False,0.43686601542583364,False,-0.7444026852351984,False,0.16637901652440515,False,0.16980123519897458,False,-0.7444026852351984,False
2025,B,2618,1780515480.0,False,-1,,17,False,0.0,23.0,0.0,-1.5072470471344879,False,0.3713769888469436,False,-1.5072470471344879,False,0.18458523060596266,False,0.14404306411743165,False,-1.5072470471344879,False
2025,B,2619,1780515540.0,False,-1,,17,False,0.0,35.0,0.0,-1.6691079181644977,False,0.4171272102601675,False,-1.6691079181644977,False,0.15987711290983783,False,0.16665644645690914,False,-1.6691079181644977,False
2025,B,2620,1780515600.0,True,215,resource_exhaustion,17,False,0.0,26.0,0.0,5.446895898504626,True,0.45960787888018456,False,5.446895898504626,True,0.17669675651560246,False,0.19855797290802002,False,5.446895898504626,True
2025,B,2621,1780515660.0,True,215,resource_exhaustion,17,False,3.0,30.0,0.0,5.446895898547663,True,0.6888641062336691,False,5.446895898547663,True,1.0,True,6000000000.0,True,5.446895898547663,True
2025,B,2622,1780515720.0,True,215,resource_exhaustion,17,False,5.0,25.0,0.0,5.446895898547663,True,0.693641969057849,False,5.446895898547663,True,1.0,True,5000000000.0,True,5.446895898547663,True
2025,B,2623,1780515780.0,True,215,resource_exhaustion,17,False,1.0,21.0,0.0,5.446895898547663,True,0.6193999642851505,False,5.446895898547663,True,0.0001744601363078203,False,0.1467100143432617,False,5.446895898547663,False
2025,B,2624,1780515840.0,False,-1,,18,False,0.0,31.0,0.0,-1.0003374204190445,False,0.4046857104379867,False,-1.0003374204190445,False,0.16637901652440515,False,0.13422822952270508,False,-1.0003374204190445,False
2025,B,2625,1780515900.0,False,-1,,18,False,0.0,24.0,0.0,-2.0280107503276117,False,0.3766109586847166,False,-2.0280107503276117,False,0.1817776918582098,False,0.18244662284851074,False,-2.0280107503276117,False
2025,B,2626,1780515960.0,False,-1,,18,False,0.0,31.0,0.0,-0.905644211850209,False,0.43589558367873404,False,-0.905644211850209,False,0.16637901652440515,False,0.22038960456848142,False,-0.905644211850209,False
2025,B,2627,1780516020.0,False,-1,,18,False,0.0,25.0,0.0,-0.48822247071401215,False,0.41242513398630576,False,-0.48822247071401215,False,0.17915458308696264,False,0.1747591018676757,False,-0.48822247071401215,False
2025,B,2628,1780516080.0,False,-1,,18,False,0.0,27.0,0.0,-1.9985592476876715,False,0.3778500473843931,False,-1.9985592476876715,False,0.1743877084429739,False,0.1832488536834716,False,-1.9985592476876715,False
2025,B,2629,1780516140.0,False,-1,,18,False,0.0,29.0,0.0,-1.963219156331709,False,0.3791146831980587,False,-1.963219156331709,False,0.17016055445988643,False,0.16724443435668943,False,-1.963219156331709,False
2025,B,2630,1780516200.0,True,216,resource_exhaustion,18,False,5.0,31.0,0.0,5.446895898547663,True,0.6865376634146891,False,5.446895898547663,True,1.0,True,3999999999.9999995,True,5.446895898547663,True
2025,B,2631,1780516260.0,True,216,resource_exhaustion,18,False,2.0,24.0,0.0,5.446895898547663,True,0.6895675280518242,False,5.446895898547663,True,1.0,True,3000000000.0,True,5.446895898547663,True
2025,B,2632,1780516320.0,True,216,resource_exhaustion,18,False,4.0,20.0,0.0,5.446895898547663,True,0.7000013624383848,False,5.446895898547663,True,1.0,True,5000000000.0,True,5.446895898547663,True
2025,B,2633,1780516380.0,True,216,resource_exhaustion,18,False,6.0,23.0,0.0,5.446895898547663,True,0.6939856082497093,False,5.446895898547663,True,1.0,True,5000000000.0,True,5.446895898547663,True
2025,B,2634,1780516440.0,False,-1,,18,False,0.0,38.0,0.0,-0.44613069558523755,False,0.4753158081933861,False,-0.44613069558523755,False,0.15573133150025478,False,0.14916579723358153,False,-0.44613069558523755,False
2025,B,2635,1780516500.0,False,-1,,18,False,0.0,20.0,0.0,-2.106956414791247,False,0.3808173502067777,False,-2.106956414791247,False,0.19435852292864553,False,0.16986243724822994,False,-2.106956414791247,False
2025,B,2636,1780516560.0,False,-1,,18,False,0.0,25.0,0.0,-1.4642852906804,False,0.3998779885976555,False,-1.4642852906804,False,0.17915458308696264,False,0.19500799179077138,False,-1.4642852906804,False
2025,B,2637,1780516620.0,False,-1,,18,False,0.0,26.0,0.0,-1.397073761747813,False,0.3807476216208537,False,-1.397073761747813,False,0.17669675651560246,False,0.1591867208480835,False,-1.397073761747813,False
2025,B,2638,1780516680.0,False,-1,,18,False,0.0,21.0,0.0,-1.3769491671269387,False,0.40227699184320714,False,-1.3769491671269387,False,0.1908469445255076,False,0.17197036743164065,False,-1.3769491671269387,False
2025,B,2639,1780516740.0,False,-1,,18,False,0.0,24.0,0.0,-1.1004682158465595,False,0.39144123255647373,False,-1.1004682158465595,False,0.1817776918582098,False,0.14686508178710939,False,-1.1004682158465595,False
2025,B,2640,1780516800.0,True,217,permission_denied,18,False,1.0,34.0,0.0,3.205321303553605,True,0.594050373205215,False,3.205321303553605,True,1.0,True,6000000000.0,True,3.205321303553605,True
2025,B,2641,1780516860.0,True,217,permission_denied,18,False,0.0,21.0,0.0,3.031243937103818,True,0.3842006943274368,False,3.031243937103818,True,1.0,True,9000000000.0,True,3.031243937103818,True
2025,B,2642,1780516920.0,True,217,permission_denied,18,False,0.0,20.0,0.0,3.0421531375621393,True,0.3835880148682902,False,3.0421531375621393,True,1.0,True,9000000000.0,True,3.0421531375621393,True
2025,B,2643,1780516980.0,True,217,permission_denied,18,False,0.0,21.0,0.0,0.8212879934182329,False,0.3841435745447109,False,0.8212879934182329,False,1.0,True,3000000000.0,True,0.8212879934182329,True
2025,B,2644,1780517040.0,False,-1,,18,False,0.0,21.0,0.0,-1.8408099392612591,False,0.381947598133744,False,-1.8408099392612591,False,0.1908469445255076,False,0.17762517929077148,False,-1.8408099392612591,False
2025,B,2645,1780517100.0,False,-1,,18,True,0.0,120.0,0.0,0.3473798125668113,False,0.6454696651717496,False,0.3473798125668113,False,0.1138995137807125,False,0.15009856224060059,False,0.3473798125668113,False
2025,B,2646,1780517160.0,False,-1,,18,True,0.0,221.0,0.0,0.1886035451409569,False,0.7010065516496575,False,0.1886035451409569,False,0.09979525751305206,False,0.1997685432434086,False,0.1886035451409569,False
2025,B,2647,1780517220.0,False,-1,,18,True,0.0,112.0,0.0,0.024851277430573582,False,0.6513315329649707,False,0.024851277430573582,False,0.11576424872723481,False,0.1714339256286621,False,0.024851277430573582,False
2025,B,2648,1780517280.0,False,-1,,18,False,0.0,33.0,0.0,-0.784395321164018,False,0.4454002837713354,False,-0.784395321164018,False,0.16297029669269902,False,0.18999557495117186,False,-0.784395321164018,False
2025,B,2649,1780517340.0,False,-1,,18,False,0.0,21.0,0.0,-1.4048356406754872,False,0.387765399565923,False,-1.4048356406754872,False,0.1908469445255076,False,0.1474714279174805,False,-1.4048356406754872,False
2025,B,2650,1780517400.0,False,-1,,18,False,0.0,27.0,0.0,-1.0653903442236663,False,0.4162105146171536,False,-1.0653903442236663,False,0.1743877084429739,False,0.22369799613952626,False,-1.0653903442236663,False
2025,B,2651,1780517460.0,False,-1,,18,False,0.0,29.0,0.0,-1.168494825145431,False,0.4022792720683744,False,-1.168494825145431,False,0.17016055445988643,False,0.1619288444519043,False,-1.168494825145431,False
2025,B,2652,1780517520.0,False,-1,,18,False,0.0,19.0,0.0,-1.0245062548467407,False,0.4213163347846427,False,-1.0245062548467407,False,0.19817145176349388,False,0.20250835418701174,False,-1.0245062548467407,False
2025,B,2653,1780517580.0,False,-1,,18,False,0.0,25.0,0.0,-0.9911162995164702,False,0.39140251808313065,False,-0.9911162995164702,False,0.17915458308696264,False,0.13124160766601561,False,-0.9911162995164702,False
2025,B,2654,1780517640.0,True,218,resource_exhaustion,18,False,0.0,26.0,0.0,-1.564356494436546,False,0.37553213680348335,False,-1.564356494436546,False,0.17669675651560246,False,0.1532125473022461,False,-1.564356494436546,False
2025,B,2655,1780517700.0,True,218,resource_exhaustion,18,False,2.0,20.0,0.0,5.446895898547663,True,0.690573022514816,False,5.446895898547663,True,1.0,True,3999999999.9999995,True,5.446895898547663,True
2025,B,2656,1780517760.0,True,218,resource_exhaustion,18,False,7.0,26.0,0.0,5.446895898547663,True,0.6935505716204531,False,5.446895898547663,True,1.0,True,5000000000.0,True,5.446895898547663,True
2025,B,2657,1780517820.0,True,218,resource_exhaustion,18,False,6.0,20.0,0.0,5.446895898547663,True,0.7037989071276347,False,5.446895898547663,True,1.0,True,6000000000.0,True,5.446895898547663,True
2025,B,2658,1780517880.0,True,218,resource_exhaustion,18,False,0.0,16.0,0.0,5.446895898547663,True,0.5426551183363701,False,5.446895898547663,True,0.21191738011819358,False,0.2714608907699585,False,5.446895898547663,True
2025,B,2659,1780517940.0,False,-1,,18,False,0.0,34.0,0.0,-1.4189315484793923,False,0.4150276355617341,False,-1.4189315484793923,False,0.16138735499274742,False,0.15972530841827395,False,-1.4189315484793923,False
2025,B,2660,1780518000.0,False,-1,,18,False,0.0,23.0,0.0,-1.0736925634507628,False,0.3813288782359022,False,-1.0736925634507628,False,0.18458523060596266,False,0.137768030166626,False,-1.0736925634507628,False
2025,B,2661,1780518060.0,False,-1,,18,False,0.0,29.0,0.0,-0.4764985692789754,False,0.4124650429034134,False,-0.4764985692789754,False,0.17016055445988643,False,0.12951250076293944,False,-0.4764985692789754,False
2025,B,2662,1780518120.0,False,-1,,18,False,0.0,35.0,0.0,0.11181207294653905,False,0.4730564232971975,False,0.11181207294653905,False,0.15987711290983783,False,0.2488669395446773,False,0.11181207294653905,False
2025,B,2663,1780518180.0,False,-1,,18,False,0.0,30.0,0.0,-1.4444132566758183,False,0.38859771104151575,False,-1.4444132566758183,False,0.16821905407945875,False,0.14327833652496338,False,-1.4444132566758183,False
2025,B,2664,1780518240.0,False,-1,,18,False,0.0,33.0,0.0,-1.6010205414425887,False,0.4119390733477037,False,-1.6010205414425887,False,0.16297029669269902,False,0.1603377342224121,False,-1.6010205414425887,False
2025,B,2665,1780518300.0,False,-1,,18,False,0.0,25.0,0.0,-1.6703510111257858,False,0.38583447030878937,False,-1.6703510111257858,False,0.17915458308696264,False,0.16382894515991211,False,-1.6703510111257858,False
2025,B,2666,1780518360.0,False,-1,,18,False,0.0,26.0,0.0,-1.2093156984819355,False,0.3802407435520141,False,-1.2093156984819355,False,0.17669675651560246,False,0.1480382680892944,False,-1.2093156984819355,False
2025,B,2667,1780518420.0,False,-1,,18,False,0.0,19.0,0.0,-1.9067851009173804,False,0.3812010915349997,False,-1.9067851009173804,False,0.19817145176349388,False,0.1538702964782715,False,-1.9067851009173804,False
2025,B,2668,1780518480.0,False,-1,,18,False,0.0,27.0,0.0,-1.4810126437089322,False,0.40243885370617577,False,-1.4810126437089322,False,0.1743877084429739,False,0.20863447189331055,False,-1.4810126437089322,False
2025,B,2669,1780518540.0,False,-1,,18,False,0.0,27.0,0.0,-1.693217731162716,False,0.385601864057816,False,-1.693217731162716,False,0.1743877084429739,False,0.1688820362091064,False,-1.693217731162716,False
2025,B,2670,1780518600.0,True,219,dependency_timeout,18,False,0.0,19.0,0.0,5.446895898547663,True,0.5014004814426127,False,5.446895898547663,True,1.0,True,5000000000.0,True,5.446895898547663,True
2025,B,2671,1780518660.0,True,219,dependency_timeout,18,False,3.0,32.0,0.0,5.446895898547663,True,0.6659386835746356,False,5.446895898547663,True,1.0,True,14000000000.0,True,5.446895898547663,True
2025,B,2672,1780518720.0,True,219,dependency_timeout,18,False,1.0,20.0,0.0,5.446895898547663,True,0.6436036208672796,False,5.446895898547663,True,1.0,True,9000000000.0,True,5.446895898547663,True
2025,B,2673,1780518780.0,True,219,dependency_timeout,18,False,1.0,20.0,0.0,5.446895898547663,True,0.6474244357619574,False,5.446895898547663,True,1.0,True,7999999999.999999,True,5.446895898547663,True
2025,B,2674,1780518840.0,True,219,dependency_timeout,18,False,0.0,21.0,0.0,5.446895898547663,True,0.4751580376629601,False,5.446895898547663,True,1.0,True,3999999999.9999995,True,5.446895898547663,True
2025,B,2675,1780518900.0,False,-1,,18,False,0.0,29.0,0.0,-0.4181979692717359,False,0.4360629526699508,False,-0.4181979692717359,False,0.17016055445988643,False,0.1368758201599121,False,-0.4181979692717359,False
2025,B,2676,1780518960.0,False,-1,,18,False,0.0,17.0,0.0,-1.4477495439394659,False,0.3895832229248543,False,-1.4477495439394659,False,0.2068901422906054,False,0.13950843811035157,False,-1.4477495439394659,False
2025,B,2677,1780519020.0,False,-1,,18,False,0.0,21.0,0.0,-1.317712004922206,False,0.39298203191158787,False,-1.317712004922206,False,0.1908469445255076,False,0.14853572845458987,False,-1.317712004922206,False
2025,B,2678,1780519080.0,False,-1,,18,False,0.0,27.0,0.0,-1.3720399995693322,False,0.38277536989106653,False,-1.3720399995693322,False,0.1743877084429739,False,0.1416616916656494,False,-1.3720399995693322,False
2025,B,2679,1780519140.0,False,-1,,18,False,0.0,20.0,0.0,-0.7491245100114536,False,0.44066159802137383,False,-0.7491245100114536,False,0.19435852292864553,False,0.17094354629516598,False,-0.7491245100114536,False
2025,B,2680,1780519200.0,False,-1,,18,False,0.0,19.0,0.0,-1.0130805004327934,False,0.4125421899986867,False,-1.0130805004327934,False,0.19817145176349388,False,0.12888965606689454,False,-1.0130805004327934,False
2025,B,2681,1780519260.0,False,-1,,18,False,0.0,30.0,0.0,-1.2330218530315031,False,0.4274506103901256,False,-1.2330218530315031,False,0.16821905407945875,False,0.20602064132690434,False,-1.2330218530315031,False
2025,B,2682,1780519320.0,False,-1,,18,False,0.0,25.0,0.0,-1.291441669952473,False,0.3860366431296054,False,-1.291441669952473,False,0.17915458308696264,False,0.1464322090148925,False,-1.291441669952473,False
2025,B,2683,1780519380.0,False,-1,,18,False,0.0,24.0,0.0,-1.7557963441096893,False,0.3846208012028722,False,-1.7557963441096893,False,0.1817776918582098,False,0.17436420917510986,False,-1.7557963441096893,False
2025,B,2684,1780519440.0,True,220,dependency_timeout,18,False,3.0,19.0,0.0,5.446895898547663,True,0.6806926012053319,False,5.446895898547663,True,1.0,True,10000000000.0,True,5.446895898547663,True
2025,B,2685,1780519500.0,True,220,dependency_timeout,18,False,1.0,20.0,0.0,5.446895898547663,True,0.6467515917225473,False,5.446895898547663,True,1.0,True,10000000000.0,True,5.446895898547663,True
2025,B,2686,1780519560.0,True,220,dependency_timeout,18,False,1.0,15.0,0.0,5.446895898547663,True,0.649393197383941,False,5.446895898547663,True,1.0,True,6000000000.0,True,5.446895898547663,True
2025,B,2687,1780519620.0,True,220,dependency_timeout,18,False,3.0,21.0,0.0,5.446895898547663,True,0.6689675043221339,False,5.446895898547663,True,1.0,True,9000000000.0,True,5.446895898547663,True
2025,B,2688,1780519680.0,False,-1,,18,False,0.0,23.0,0.0,-1.1428522171275182,False,0.38202749401179775,False,-1.1428522171275182,False,0.18458523060596266,False,0.130887508392334,False,-1.1428522171275182,False
2025,B,2689,1780519740.0,False,-1,,18,False,0.0,20.0,0.0,-0.0781040353262723,False,0.4292633476433948,False,-0.0781040353262723,False,0.19435852292864553,False,0.11524245738983155,False,-0.0781040353262723,False
2025,B,2690,1780519800.0,False,-1,,18,False,0.0,27.0,0.0,-1.0587267515852092,False,0.40288836507961645,False,-1.0587267515852092,False,0.1743877084429739,False,0.1486135959625244,False,-1.0587267515852092,False
2025,B,2691,1780519860.0,False,-1,,18,False,0.0,31.0,0.0,-0.7971926737531128,False,0.41334648147134895,False,-0.7971926737531128,False,0.16637901652440515,False,0.14836859703063962,False,-0.7971926737531128,False
2025,B,2692,1780519920.0,False,-1,,18,False,0.0,17.0,0.0,-0.7085417216892731,False,0.405976511939081,False,-0.7085417216892731,False,0.2068901422906054,False,0.12877140045166016,False,-0.7085417216892731,False
2025,B,2693,1780519980.0,False,-1,,18,False,0.0,21.0,0.0,-2.144247046812878,False,0.3717346626101313,False,-2.144247046812878,False,0.1908469445255076,False,0.1650524139404297,False,-2.144247046812878,False
2025,B,2694,1780520040.0,False,-1,,18,False,0.0,25.0,0.0,-2.1007152024227596,False,0.3706448434814867,False,-2.1007152024227596,False,0.17915458308696264,False,0.1679456710815429,False,-2.1007152024227596,False
2025,B,2695,1780520100.0,False,-1,,18,False,0.0,24.0,0.0,-1.6244667131101211,False,0.37355091886790703,False,-1.6244667131101211,False,0.1817776918582098,False,0.14464118480682375,False,-1.6244667131101211,False
2025,B,2696,1780520160.0,False,-1,,18,False,0.0,19.0,0.0,-1.9078764785214597,False,0.39023540979497956,False,-1.9078764785214597,False,0.19817145176349388,False,0.164994478225708,False,-1.9078764785214597,False
2025,B,2697,1780520220.0,True,221,resource_exhaustion,18,False,1.0,22.0,0.0,5.446895898547663,True,0.6692604101049131,False,5.446895898547663,True,1.0,True,999999999.9999999,True,5.446895898547663,True
2025,B,2698,1780520280.0,True,221,resource_exhaustion,18,False,6.0,30.0,0.0,5.446895898547663,True,0.6922335373268861,False,5.446895898547663,True,1.0,True,6000000000.0,True,5.446895898547663,True
2025,B,2699,1780520340.0,True,221,resource_exhaustion,18,False,1.0,23.0,0.0,5.446895898547663,True,0.6692284893324907,False,5.446895898547663,True,1.0,True,1999999999.9999998,True,5.446895898547663,True
2025,B,2700,1780520400.0,True,221,resource_exhaustion,18,False,2.0,25.0,0.0,5.446895898547663,True,0.6858489754381447,False,5.446895898547663,True,1.0,True,999999999.9999999,True,5.446895898547663,True
2025,B,2701,1780520460.0,False,-1,,18,False,0.0,21.0,0.0,-1.6670568331497053,False,0.39957805340842095,False,-1.6670568331497053,False,0.1908469445255076,False,0.19200897216796878,False,-1.6670568331497053,False
2025,B,2702,1780520520.0,False,-1,,18,False,0.0,25.0,0.0,-1.9125247965206054,False,0.36982790090541856,False,-1.9125247965206054,False,0.17915458308696264,False,0.15261669158935548,False,-1.9125247965206054,False
2025,B,2703,1780520580.0,False,-1,,18,False,0.0,24.0,0.0,-1.5505213872712993,False,0.385121107246258,False,-1.5505213872712993,False,0.1817776918582098,False,0.15310161113739013,False,-1.5505213872712993,False
2025,B,2704,1780520640.0,False,-1,,18,False,0.0,25.0,0.0,-1.5119662276351935,False,0.37539717669334016,False,-1.5119662276351935,False,0.17915458308696264,False,0.14169359207153318,False,-1.5119662276351935,False
2025,B,2705,1780520700.0,False,-1,,18,False,0.0,19.0,0.0,-0.7655633815627105,False,0.4185354660227514,False,-0.7655633815627105,False,0.19817145176349388,False,0.12953085899353028,False,-0.7655633815627105,False
2025,B,2706,1780520760.0,True,222,permission_denied,18,False,0.0,16.0,0.0,0.43960401353025613,False,0.39238397086015814,False,0.43960401353025613,False,1.0,True,3000000000.0,True,0.43960401353025613,True
2025,B,2707,1780520820.0,True,222,permission_denied,18,False,0.0,18.0,0.0,2.498422644561943,True,0.38644962888987194,False,2.498422644561943,True,1.0,True,7000000000.0,True,2.498422644561943,True
2025,B,2708,1780520880.0,True,222,permission_denied,18,False,0.0,24.0,0.0,3.3278493458548173,True,0.40294917759587245,False,3.3278493458548173,True,1.0,True,10000000000.0,True,3.3278493458548173,True
2025,B,2709,1780520940.0,True,222,permission_denied,18,False,0.0,21.0,0.0,0.5556278233007905,False,0.3925904260347074,False,0.5556278233007905,False,1.0,True,3000000000.0,True,0.5556278233007905,True
2025,B,2710,1780521000.0,False,-1,,18,False,0.0,15.0,0.0,-1.5396688357395831,False,0.3992934933016264,False,-1.5396688357395831,False,0.21749564832786078,False,0.16383986473083495,False,-1.5396688357395831,False
2025,B,2711,1780521060.0,False,-1,,18,False,0.0,21.0,0.0,-1.5918204894075112,False,0.3787625569022536,False,-1.5918204894075112,False,0.1908469445255076,False,0.1399545669555664,False,-1.5918204894075112,False
2025,B,2712,1780521120.0,False,-1,,18,False,0.0,15.0,0.0,-1.9934601197365334,False,0.382995009893976,False,-1.9934601197365334,False,0.21749564832786078,False,0.15590348243713378,False,-1.9934601197365334,False
2025,B,2713,1780521180.0,False,-1,,18,False,0.0,22.0,0.0,-1.3558054811261657,False,0.37617027125285524,False,-1.3558054811261657,False,0.18759955492409922,False,0.14348189830780028,False,-1.3558054811261657,False
2025,B,2714,1780521240.0,False,-1,,18,False,0.0,26.0,0.0,-0.66661895361369,False,0.3981296498754524,False,-0.66661895361369,False,0.17669675651560246,False,0.1375645399093628,False,-0.66661895361369,False
2025,B,2715,1780521300.0,False,-1,,18,False,0.0,24.0,0.0,-1.2259744210544161,False,0.3986054799937438,False,-1.2259744210544161,False,0.1817776918582098,False,0.1814558982849121,False,-1.2259744210544161,False
2025,B,2716,1780521360.0,False,-1,,18,False,0.0,29.0,0.0,-1.2724977043679058,False,0.4123316402027064,False,-1.2724977043679058,False,0.17016055445988643,False,0.17882785797119138,False,-1.2724977043679058,False
2025,B,2717,1780521420.0,False,-1,,18,False,0.0,28.0,0.0,-1.7924550504272254,False,0.39053879484988935,False,-1.7924550504272254,False,0.17221313128709248,False,0.1801396608352661,False,-1.7924550504272254,False
2025,B,2718,1780521480.0,False,-1,,18,False,0.0,17.0,0.0,-1.832584020735358,False,0.38994123706964856,False,-1.832584020735358,False,0.2068901422906054,False,0.1705759048461914,False,-1.832584020735358,False
2025,B,2719,1780521540.0,True,223,permission_denied,18,False,0.0,27.0,0.0,-0.6579065814886196,False,0.4064713229480764,False,-0.6579065814886196,False,1.0,True,999999999.9999999,True,-0.6579065814886196,True
2025,B,2720,1780521600.0,True,223,permission_denied,18,False,0.0,21.0,0.0,3.4324727509232584,True,0.40420354884169285,False,3.4324727509232584,True,1.0,True,10000000000.0,True,3.4324727509232584,True
2025,B,2721,1780521660.0,True,223,permission_denied,18,False,0.0,19.0,0.0,2.515858238735583,True,0.3903966439972051,False,2.515858238735583,True,1.0,True,7000000000.0,True,2.515858238735583,True
2025,B,2722,1780521720.0,True,223,permission_denied,18,False,1.0,24.0,0.0,0.42955197683973,False,0.5707843203189154,False,0.42955197683973,False,1.0,True,1999999999.9999998,True,0.42955197683973,True
2025,B,2723,1780521780.0,False,-1,,18,False,0.0,16.0,0.0,-0.9457560924979962,False,0.39719751349351756,False,-0.9457560924979962,False,0.21191738011819358,False,0.13504397869110107,False,-0.9457560924979962,False
2025,B,2724,1780521840.0,False,-1,,18,False,0.0,12.0,0.0,-1.7164461934218753,False,0.4075689689923953,False,-1.7164461934218753,False,0.23874979971626184,False,0.17464785575866704,False,-1.7164461934218753,False
2025,B,2725,1780521900.0,False,-1,,18,False,0.0,28.0,0.0,-1.6505993650229929,False,0.37694709902242074,False,-1.6505993650229929,False,0.17221313128709248,False,0.14828753471374512,False,-1.6505993650229929,False
2025,B,2726,1780521960.0,False,-1,,18,False,0.0,22.0,0.0,-1.700872541803557,False,0.3870250857272393,False,-1.700872541803557,False,0.18759955492409922,False,0.1773235559463501,False,-1.700872541803557,False
2025,B,2727,1780522020.0,False,-1,,18,False,0.0,18.0,0.0,-1.2409215906915305,False,0.38618854685715837,False,-1.2409215906915305,False,0.20233050107121442,False,0.13646130561828612,False,-1.2409215906915305,False
2025,B,2728,1780522080.0,False,-1,,18,False,0.0,13.0,0.0,-1.3756825951680511,False,0.3998297974180137,False,-1.3756825951680511,False,0.2307562658387595,False,0.13522415161132811,False,-1.3756825951680511,False
2025,B,2729,1780522140.0,False,-1,,18,False,0.0,20.0,0.0,-1.8894190882579691,False,0.380555081707337,False,-1.8894190882579691,False,0.19435852292864553,False,0.16292788982391354,False,-1.8894190882579691,False
2025,B,2730,1780522200.0,False,-1,,18,False,0.0,24.0,0.0,-1.5339977913643557,False,0.37030387846984797,False,-1.5339977913643557,False,0.1817776918582098,False,0.14342398643493653,False,-1.5339977913643557,False
2025,B,2731,1780522260.0,True,224,config_error,18,False,0.0,15.0,0.0,-1.3711504452779737,False,0.39803217734638613,False,-1.3711504452779737,False,0.21749564832786078,False,0.1615288734436035,False,-1.3711504452779737,False
2025,B,2732,1780522320.0,True,224,config_error,18,False,0.0,12.0,0.0,3.869882049058524,True,0.430987572969958,False,3.869882049058524,True,1.0,True,10000000000.0,True,3.869882049058524,True
2025,B,2733,1780522380.0,True,224,config_error,18,False,0.0,16.0,0.0,4.4379567584235335,True,0.4309281148513629,False,4.4379567584235335,True,1.0,True,14000000000.0,True,4.4379567584235335,True
2025,B,2734,1780522440.0,True,224,config_error,18,False,0.0,19.0,0.0,4.520134940955518,True,0.4077447450904635,False,4.520134940955518,True,1.0,True,15999999999.999998,True,4.520134940955518,True
2025,B,2735,1780522500.0,True,224,config_error,18,False,0.0,19.0,0.0,3.546071334984498,True,0.3898664183527247,False,3.546071334984498,True,1.0,True,11000000000.0,True,3.546071334984498,True
2025,B,2736,1780522560.0,False,-1,,18,False,0.0,22.0,0.0,-1.8463013267885335,False,0.3743335304529181,False,-1.8463013267885335,False,0.18759955492409922,False,0.15912630558013915,False,-1.8463013267885335,False
2025,B,2737,1780522620.0,False,-1,,18,False,0.0,19.0,0.0,-1.9681587727880308,False,0.38800236331387505,False,-1.9681587727880308,False,0.19817145176349388,False,0.16935691833496094,False,-1.9681587727880308,False
2025,B,2738,1780522680.0,False,-1,,18,False,0.0,19.0,0.0,-1.148587808294053,False,0.3945470086755516,False,-1.148587808294053,False,0.19817145176349388,False,0.1333518028259277,False,-1.148587808294053,False
2025,B,2739,1780522740.0,False,-1,,18,False,0.0,24.0,0.0,-1.8345408116566837,False,0.36831461106909247,False,-1.8345408116566837,False,0.1817776918582098,False,0.14955532550811768,False,-1.8345408116566837,False
2025,B,2740,1780522800.0,False,-1,,18,False,0.0,22.0,0.0,-1.9310459492108505,False,0.373002656969908,False,-1.9310459492108505,False,0.18759955492409922,False,0.1583322286605835,False,-1.9310459492108505,False
2025,B,2741,1780522860.0,False,-1,,18,False,0.0,15.0,0.0,-1.0417881984974926,False,0.42916586053573436,False,-1.0417881984974926,False,0.21749564832786078,False,0.21157169342041013,False,-1.0417881984974926,False
2025,B,2742,1780522920.0,False,-1,,18,False,0.0,21.0,0.0,-1.7825240968258758,False,0.3842068598391844,False,-1.7825240968258758,False,0.1908469445255076,False,0.17649745941162112,False,-1.7825240968258758,False
2025,B,2743,1780522980.0,False,-1,,18,False,0.0,13.0,0.0,-1.5369653841871225,False,0.42385554313712365,False,-1.5369653841871225,False,0.2307562658387595,False,0.16982755661010743,False,-1.5369653841871225,False
2025,B,2744,1780523040.0,False,-1,,18,False,0.0,13.0,0.0,-1.1800173563651306,False,0.42038602053151825,False,-1.1800173563651306,False,0.2307562658387595,False,0.17007999420166012,False,-1.1800173563651306,False
2025,B,2745,1780523100.0,False,-1,,18,False,0.0,23.0,0.0,-1.9937066017343135,False,0.36509938737122116,False,-1.9937066017343135,False,0.18458523060596266,False,0.15599994659423833,False,-1.9937066017343135,False
2025,B,2746,1780523160.0,True,225,dependency_timeout,18,False,3.0,20.0,0.0,5.446895898547663,True,0.6656985804219797,False,5.446895898547663,True,1.0,True,6000000000.0,True,5.446895898547663,True
2025,B,2747,1780523220.0,True,225,dependency_timeout,18,False,0.0,23.0,0.0,5.446895898547663,True,0.5052562193944004,False,5.446895898547663,True,1.0,True,12000000000.0,True,5.446895898547663,True
2025,B,2748,1780523280.0,True,225,dependency_timeout,18,False,3.0,22.0,0.0,5.446895898547663,True,0.6649452193700293,False,5.446895898547663,True,1.0,True,9000000000.0,True,5.446895898547663,True
2025,B,2749,1780523340.0,True,225,dependency_timeout,18,False,2.0,26.0,0.0,5.446895898547663,True,0.667796133479017,False,5.446895898547663,True,1.0,True,10000000000.0,True,5.446895898547663,True
2025,B,2750,1780523400.0,False,-1,,18,False,0.0,16.0,0.0,-0.7236605996004535,False,0.42019346317934786,False,-0.7236605996004535,False,0.21191738011819358,False,0.1195518970489502,False,-0.7236605996004535,False
2025,B,2751,1780523460.0,False,-1,,18,False,0.0,24.0,0.0,-1.0142472327545873,False,0.39816458683687067,False,-1.0142472327545873,False,0.1817776918582098,False,0.1770280361175537,False,-1.0142472327545873,False
2025,B,2752,1780523520.0,False,-1,,18,False,0.0,20.0,0.0,-1.882795880172087,False,0.37785669022249857,False,-1.882795880172087,False,0.19435852292864553,False,0.15330014228820799,False,-1.882795880172087,False
2025,B,2753,1780523580.0,False,-1,,18,False,0.0,17.0,0.0,-1.3284599097579148,False,0.4066834064664235,False,-1.3284599097579148,False,0.2068901422906054,False,0.13949174880981446,False,-1.3284599097579148,False
2025,B,2754,1780523640.0,False,-1,,18,False,0.0,22.0,0.0,-0.41263446526785597,False,0.40948406664165715,False,-0.41263446526785597,False,0.18759955492409922,False,0.1437610149383545,False,-0.41263446526785597,False
2025,B,2755,1780523700.0,False,-1,,18,False,0.0,16.0,0.0,-1.8262915531280388,False,0.38511112225881977,False,-1.8262915531280388,False,0.21191738011819358,False,0.14580488204956052,False,-1.8262915531280388,False
2025,B,2756,1780523760.0,False,-1,,18,False,0.0,17.0,0.0,-1.8245901438184564,False,0.3809645610749972,False,-1.8245901438184564,False,0.2068901422906054,False,0.15030260086059571,False,-1.8245901438184564,False
2025,B,2757,1780523820.0,False,-1,,18,False,0.0,15.0,0.0,-1.4528171076255543,False,0.4160876686870019,False,-1.4528171076255543,False,0.21749564832786078,False,0.1554417133331299,False,-1.4528171076255543,False
2025,B,2758,1780523880.0,False,-1,,18,False,0.0,16.0,0.0,-0.9477966576914465,False,0.42011086778072004,False,-0.9477966576914465,False,0.21191738011819358,False,0.16057753562927246,False,-0.9477966576914465,False
2025,B,2759,1780523940.0,False,-1,,18,False,0.0,12.0,0.0,-0.8717098330952995,False,0.42622007468520307,False,-0.8717098330952995,False,0.23874979971626184,False,0.13092679977416993,False,-0.8717098330952995,False
2025,B,2760,1780524000.0,True,226,config_error,18,False,0.0,13.0,0.0,2.8363489607289667,True,0.41327782145470743,False,2.8363489607289667,True,1.0,True,7000000000.0,True,2.8363489607289667,True
2025,B,2761,1780524060.0,True,226,config_error,18,False,0.0,18.0,0.0,4.5312848428449275,True,0.45951100232313924,False,4.5312848428449275,True,1.0,True,15000000000.0,True,4.5312848428449275,True
2025,B,2762,1780524120.0,True,226,config_error,18,False,0.0,23.0,0.0,4.373559843810181,True,0.4404055829596061,False,4.373559843810181,True,1.0,True,15999999999.999998,True,4.373559843810181,True
2025,B,2763,1780524180.0,False,-1,,18,False,0.0,18.0,0.0,-1.8346653517821885,False,0.38036504772213564,False,-1.8346653517821885,False,0.20233050107121442,False,0.14839389324188226,False,-1.8346653517821885,False
2025,B,2764,1780524240.0,False,-1,,18,False,0.0,22.0,0.0,-2.060370799305079,False,0.3713741435413546,False,-2.060370799305079,False,0.18759955492409922,False,0.1632724046707153,False,-2.060370799305079,False
2025,B,2765,1780524300.0,False,-1,,18,False,0.0,11.0,0.0,-1.0181307400412898,False,0.4164220334441831,False,-1.0181307400412898,False,0.24794537445720646,False,0.14875006675720218,False,-1.0181307400412898,False
2025,B,2766,1780524360.0,False,-1,,18,False,0.0,16.0,0.0,-0.9586540888393769,False,0.41334321873347085,False,-0.9586540888393769,False,0.21191738011819358,False,0.12428355216979982,False,-0.9586540888393769,False
2025,B,2767,1780524420.0,False,-1,,18,False,0.0,10.0,0.0,-1.9082434223852234,False,0.4040409814297523,False,-1.9082434223852234,False,0.25866249275443587,False,0.14791250228881836,False,-1.9082434223852234,False
2025,B,2768,1780524480.0,False,-1,,18,False,0.0,13.0,0.0,-1.7068646398472236,False,0.4151467811908334,False,-1.7068646398472236,False,0.2307562658387595,False,0.18774948120117185,False,-1.7068646398472236,False
2025,B,2769,1780524540.0,True,227,config_error,18,False,0.0,22.0,0.0,3.542967232241536,True,0.40154627253807273,False,3.542967232241536,True,1.0,True,10000000000.0,True,3.542967232241536,True
2025,B,2770,1780524600.0,True,227,config_error,18,False,0.0,10.0,0.0,3.2924708859783536,True,0.48076656409386814,False,3.2924708859783536,True,1.0,True,7000000000.0,True,3.2924708859783536,True
2025,B,2771,1780524660.0,True,227,config_error,18,False,0.0,16.0,0.0,5.076439852253011,True,0.43764841666467036,False,5.076439852253011,True,1.0,True,15999999999.999998,True,5.076439852253011,True
2025,B,2772,1780524720.0,True,227,config_error,18,False,0.0,14.0,0.0,-0.6968418049083116,False,0.39237945454199497,False,-0.6968418049083116,False,1.0,True,999999999.9999999,True,-0.6968418049083116,True
2025,B,2773,1780524780.0,False,-1,,19,False,0.0,22.0,0.0,-0.044895594281349815,False,0.4410885086408535,False,-0.044895594281349815,False,0.18759955492409922,False,0.1833455085754394,False,-0.044895594281349815,False
2025,B,2774,1780524840.0,False,-1,,19,False,0.0,15.0,0.0,-0.20240366734166226,False,0.4375654215349556,False,-0.20240366734166226,False,0.21749564832786078,False,0.1335002899169922,False,-0.20240366734166226,False
2025,B,2775,1780524900.0,False,-1,,19,False,0.0,18.0,0.0,-1.676591394274598,False,0.3950823409893989,False,-1.676591394274598,False,0.20233050107121442,False,0.1489589929580688,False,-1.676591394274598,False
2025,B,2776,1780524960.0,False,-1,,19,False,0.0,15.0,0.0,-1.2364011455291966,False,0.4300068832208846,False,-1.2364011455291966,False,0.21749564832786078,False,0.17157254219055168,False,-1.2364011455291966,False
2025,B,2777,1780525020.0,False,-1,,19,False,0.0,12.0,0.0,0.8572646718595474,False,0.4789140056877722,False,0.8572646718595474,False,0.23874979971626184,False,0.12585766315460206,False,0.8572646718595474,False
2025,B,2778,1780525080.0,False,-1,,19,False,1.0,23.0,0.0,-0.11437052489360688,False,0.5861462949036056,False,-0.11437052489360688,False,0.00023295063144767613,False,0.1997880458831788,False,-0.11437052489360688,False
2025,B,2779,1780525140.0,False,-1,,19,False,0.0,16.0,0.0,-1.7925404485327592,False,0.3959391718778778,False,-1.7925404485327592,False,0.21191738011819358,False,0.17297697067260742,False,-1.7925404485327592,False
2025,B,2780,1780525200.0,False,-1,,19,False,0.0,12.0,0.0,-1.6481923952035125,False,0.39360845126092053,False,-1.6481923952035125,False,0.23874979971626184,False,0.14172208309173584,False,-1.6481923952035125,False
2025,B,2781,1780525260.0,False,-1,,19,False,0.0,20.0,0.0,-1.5650545934230866,False,0.3935216549788435,False,-1.5650545934230866,False,0.19435852292864553,False,0.14567747116088867,False,-1.5650545934230866,False
2025,B,2782,1780525320.0,True,228,dependency_timeout,19,False,3.0,21.0,0.0,5.446895898547663,True,0.6645183343288807,False,5.446895898547663,True,1.0,True,9000000000.0,True,5.446895898547663,True
2025,B,2783,1780525380.0,True,228,dependency_timeout,19,False,0.0,13.0,0.0,5.446895898547663,True,0.517418248810373,False,5.446895898547663,True,1.0,True,5000000000.0,True,5.446895898547663,True
2025,B,2784,1780525440.0,True,228,dependency_timeout,19,False,0.0,10.0,0.0,5.446895898547663,True,0.5010425062332498,False,5.446895898547663,True,1.0,True,999999999.9999999,True,5.446895898547663,True
2025,B,2785,1780525500.0,False,-1,,19,False,0.0,20.0,0.0,-1.6876279645774028,False,0.4013497144541807,False,-1.6876279645774028,False,0.19435852292864553,False,0.19594900608062737,False,-1.6876279645774028,False
2025,B,2786,1780525560.0,False,-1,,19,False,0.0,10.0,0.0,-0.6531954485684812,False,0.4238503342400531,False,-0.6531954485684812,False,0.25866249275443587,False,0.13300294876098634,False,-0.6531954485684812,False
2025,B,2787,1780525620.0,False,-1,,19,False,0.0,17.0,0.0,-1.1101758265662696,False,0.39478244120170525,False,-1.1101758265662696,False,0.2068901422906054,False,0.12653083801269532,False,-1.1101758265662696,False
2025,B,2788,1780525680.0,False,-1,,19,False,0.0,12.0,0.0,-2.001222723616614,False,0.3974238038545555,False,-2.001222723616614,False,0.23874979971626184,False,0.1591813087463379,False,-2.001222723616614,False
2025,B,2789,1780525740.0,False,-1,,19,False,0.0,26.0,0.0,-1.6013231106187513,False,0.376176516899029,False,-1.6013231106187513,False,0.17669675651560246,False,0.1564335823059082,False,-1.6013231106187513,False
2025,B,2790,1780525800.0,False,-1,,19,False,0.0,17.0,0.0,-1.1390865560292882,False,0.39071780817090984,False,-1.1390865560292882,False,0.2068901422906054,False,0.1480020523071289,False,-1.1390865560292882,False
2025,B,2791,1780525860.0,True,229,dependency_timeout,19,False,1.0,10.0,0.0,5.446895898547663,True,0.6535222573456028,False,5.446895898547663,True,1.0,True,999999999.9999999,True,5.446895898547663,True
2025,B,2792,1780525920.0,True,229,dependency_timeout,19,False,2.0,14.0,0.0,5.446895898547663,True,0.6701746975922027,False,5.446895898547663,True,1.0,True,5000000000.0,True,5.446895898547663,True
2025,B,2793,1780525980.0,True,229,dependency_timeout,19,False,1.0,13.0,0.0,5.446895898547663,True,0.6595830869552768,False,5.446895898547663,True,1.0,True,6000000000.0,True,5.446895898547663,True
2025,B,2794,1780526040.0,True,229,dependency_timeout,19,False,1.0,14.0,0.0,5.446895898547663,True,0.6581069322163867,False,5.446895898547663,True,1.0,True,10000000000.0,True,5.446895898547663,True
2025,B,2795,1780526100.0,True,229,dependency_timeout,19,False,2.0,19.0,0.0,5.446895898547663,True,0.6679826385160237,False,5.446895898547663,True,1.0,True,1999999999.9999998,True,5.446895898547663,True
2025,B,2796,1780526160.0,False,-1,,19,False,0.0,19.0,0.0,-1.776737218251074,False,0.3856058184998694,False,-1.776737218251074,False,0.19817145176349388,False,0.14908318519592284,False,-1.776737218251074,False
2025,B,2797,1780526220.0,False,-1,,19,False,0.0,19.0,0.0,-1.825033990142959,False,0.3812313011417131,False,-1.825033990142959,False,0.19817145176349388,False,0.15385804176330567,False,-1.825033990142959,False
2025,B,2798,1780526280.0,False,-1,,19,False,0.0,14.0,0.0,-1.3380738488013764,False,0.41738319390987866,False,-1.3380738488013764,False,0.2237302694038766,False,0.14205002784729004,False,-1.3380738488013764,False
2025,B,2799,1780526340.0,False,-1,,19,False,0.0,22.0,0.0,-1.5575404711597347,False,0.38830824371117595,False,-1.5575404711597347,False,0.18759955492409922,False,0.17815496921539303,False,-1.5575404711597347,False
2025,B,2800,1780526400.0,False,-1,,19,False,0.0,18.0,0.0,-1.3736379352990022,False,0.3961507788569138,False,-1.3736379352990022,False,0.20233050107121442,False,0.13994958400726315,False,-1.3736379352990022,False
2025,B,2801,1780526460.0,False,-1,,19,False,0.0,12.0,0.0,-1.8166412119622484,False,0.3927253392983127,False,-1.8166412119622484,False,0.23874979971626184,False,0.1473116397857666,False,-1.8166412119622484,False
2025,B,2802,1780526520.0,False,-1,,19,False,0.0,21.0,0.0,-2.122786695035688,False,0.3719374233287016,False,-2.122786695035688,False,0.1908469445255076,False,0.16107559204101565,False,-2.122786695035688,False
2025,B,2803,1780526580.0,True,230,config_error,19,False,0.0,17.0,0.0,2.8836930542831416,True,0.3923682381314145,False,2.8836930542831416,True,1.0,True,7999999999.999999,True,2.8836930542831416,True
2025,B,2804,1780526640.0,True,230,config_error,19,False,0.0,10.0,0.0,3.952558541213375,True,0.4529346327629959,False,3.952558541213375,True,1.0,True,9000000000.0,True,3.952558541213375,True
2025,B,2805,1780526700.0,True,230,config_error,19,False,0.0,18.0,0.0,5.155820679634265,True,0.4344295761424932,False,5.155820679634265,True,1.0,True,18000000000.0,True,5.155820679634265,True
2025,B,2806,1780526760.0,True,230,config_error,19,False,0.0,14.0,0.0,1.8359785420805106,True,0.4118884039286545,False,1.8359785420805106,True,1.0,True,5000000000.0,True,1.8359785420805106,True
2025,B,2807,1780526820.0,False,-1,,19,False,0.0,12.0,0.0,-0.6705249146610575,False,0.4118694781229302,False,-0.6705249146610575,False,0.23874979971626184,False,0.1449061870574951,False,-0.6705249146610575,False
2025,B,2808,1780526880.0,False,-1,,19,False,1.0,17.0,0.0,-1.2101123966279408,False,0.5713328743037932,False,-1.2101123966279408,False,0.00013630377573117572,False,0.16090965270996094,False,-1.2101123966279408,False
2025,B,2809,1780526940.0,False,-1,,19,False,0.0,15.0,0.0,-0.29121960391153046,False,0.45034888908171966,False,-0.29121960391153046,False,0.21749564832786078,False,0.230820083618164,False,-0.29121960391153046,False
2025,B,2810,1780527000.0,False,-1,,19,False,0.0,23.0,0.0,-1.2026511252020091,False,0.38268349783435385,False,-1.2026511252020091,False,0.18458523060596266,False,0.1443173408508301,False,-1.2026511252020091,False
2025,B,2811,1780527060.0,False,-1,,19,False,0.0,20.0,0.0,-1.5075974576108235,False,0.3919887286600997,False,-1.5075974576108235,False,0.19435852292864553,False,0.14727957248687742,False,-1.5075974576108235,False
2025,B,2812,1780527120.0,False,-1,,19,False,0.0,13.0,0.0,-0.9072035043859596,False,0.4089190806190875,False,-0.9072035043859596,False,0.2307562658387595,False,0.13098354339599608,False,-0.9072035043859596,False
2025,B,2813,1780527180.0,False,-1,,19,False,0.0,10.0,0.0,-1.4195992835375693,False,0.4369468241003196,False,-1.4195992835375693,False,0.25866249275443587,False,0.1366624355316162,False,-1.4195992835375693,False
2025,B,2814,1780527240.0,True,231,resource_exhaustion,19,False,0.0,15.0,0.0,5.446895898547663,True,0.456050246451908,False,5.446895898547663,True,1.0,True,999999999.9999999,True,5.446895898547663,True
2025,B,2815,1780527300.0,True,231,resource_exhaustion,19,False,0.0,10.0,0.0,5.446895898547663,True,0.5673155030188268,False,5.446895898547663,True,0.25866249275443587,False,0.22688789367675782,False,5.446895898547663,True
2025,B,2816,1780527360.0,True,231,resource_exhaustion,19,False,2.0,17.0,0.0,5.446895898547663,True,0.6961500892429581,False,5.446895898547663,True,1.0,True,1999999999.9999998,True,5.446895898547663,True
2025,B,2817,1780527420.0,True,231,resource_exhaustion,19,False,3.0,14.0,0.0,5.446895898547663,True,0.7013394395799692,False,5.446895898547663,True,1.0,True,1999999999.9999998,True,5.446895898547663,True
2025,B,2818,1780527480.0,True,231,resource_exhaustion,19,False,0.0,17.0,0.0,5.446895898547663,True,0.4536330488534463,False,5.446895898547663,True,0.2068901422906054,False,0.16870765686035155,False,5.446895898547663,True
2025,B,2819,1780527540.0,False,-1,,19,False,0.0,8.0,0.0,-1.58973507593796,False,0.4075002542007697,False,-1.58973507593796,False,0.286649624048389,False,0.1423924446105957,False,-1.58973507593796,False
2025,B,2820,1780527600.0,False,-1,,19,False,0.0,21.0,0.0,-1.9940801427488273,False,0.3721577298671053,False,-1.9940801427488273,False,0.1908469445255076,False,0.16367959976196292,False,-1.9940801427488273,False
2025,B,2821,1780527660.0,False,-1,,19,False,0.0,15.0,0.0,-1.9482548301055802,False,0.3900949255373784,False,-1.9482548301055802,False,0.21749564832786078,False,0.16331486701965328,False,-1.9482548301055802,False
2025,B,2822,1780527720.0,False,-1,,19,False,0.0,14.0,0.0,-1.6385016522869122,False,0.39233016202727805,False,-1.6385016522869122,False,0.2237302694038766,False,0.14694044589996336,False,-1.6385016522869122,False
2025,B,2823,1780527780.0,False,-1,,19,False,0.0,12.0,0.0,-1.3587234908745751,False,0.4309393749574296,False,-1.3587234908745751,False,0.23874979971626184,False,0.13540258407592773,False,-1.3587234908745751,False
2025,B,2824,1780527840.0,False,-1,,19,False,0.0,14.0,0.0,-1.8905456714068087,False,0.3946140968028949,False,-1.8905456714068087,False,0.2237302694038766,False,0.16104221343994138,False,-1.8905456714068087,False
2025,B,2825,1780527900.0,False,-1,,19,False,0.0,13.0,0.0,-0.4044360894509653,False,0.4224115844435252,False,-0.4044360894509653,False,0.2307562658387595,False,0.12783193588256833,False,-0.4044360894509653,False
2025,B,2826,1780527960.0,False,-1,,19,False,0.0,15.0,0.0,-1.3321656565558833,False,0.4189081803057527,False,-1.3321656565558833,False,0.21749564832786078,False,0.20214715003967285,False,-1.3321656565558833,False
2025,B,2827,1780528020.0,False,-1,,19,False,0.0,17.0,0.0,-1.703642417608159,False,0.39627668073712946,False,-1.703642417608159,False,0.2068901422906054,False,0.1489358901977539,False,-1.703642417608159,False
2025,B,2828,1780528080.0,False,-1,,19,False,0.0,19.0,0.0,-1.0013641300349896,False,0.4309062409466378,False,-1.0013641300349896,False,0.19817145176349388,False,0.20121512413024906,False,-1.0013641300349896,False
2025,B,2829,1780528140.0,True,232,permission_denied,19,False,0.0,10.0,0.0,-1.0327041506045163,False,0.40731668557898104,False,-1.0327041506045163,False,1.0,True,999999999.9999999,True,-1.0327041506045163,True
2025,B,2830,1780528200.0,True,232,permission_denied,19,False,0.0,14.0,0.0,1.646949667089411,True,0.4031723421882002,False,1.646949667089411,True,1.0,True,5000000000.0,True,1.646949667089411,True
2025,B,2831,1780528260.0,True,232,permission_denied,19,False,0.0,11.0,0.0,1.2656493703635316,True,0.40243925209896214,False,1.2656493703635316,True,1.0,True,3999999999.9999995,True,1.2656493703635316,True
2025,B,2832,1780528320.0,True,232,permission_denied,19,False,0.0,9.0,0.0,-0.671963521931163,False,0.4485259655990892,False,-0.671963521931163,False,1.0,True,999999999.9999999,True,-0.671963521931163,True
2025,B,2833,1780528380.0,False,-1,,19,False,0.0,11.0,0.0,-0.16694880641001575,False,0.4434232717226293,False,-0.16694880641001575,False,0.24794537445720646,False,0.14844393730163577,False,-0.16694880641001575,False
2025,B,2834,1780528440.0,False,-1,,19,False,0.0,16.0,0.0,-1.2597939047384061,False,0.39918111796464084,False,-1.2597939047384061,False,0.21191738011819358,False,0.15368008613586426,False,-1.2597939047384061,False
2025,B,2835,1780528500.0,False,-1,,19,False,0.0,11.0,0.0,-1.568748977327262,False,0.4096472540946922,False,-1.568748977327262,False,0.24794537445720646,False,0.14259290695190432,False,-1.568748977327262,False
2025,B,2836,1780528560.0,False,-1,,19,False,0.0,15.0,0.0,-0.9851576174422956,False,0.40287159718588195,False,-0.9851576174422956,False,0.21749564832786078,False,0.14173989295959474,False,-0.9851576174422956,False
2025,B,2837,1780528620.0,False,-1,,19,False,0.0,14.0,0.0,-1.2830842115257646,False,0.41918061062502937,False,-1.2830842115257646,False,0.2237302694038766,False,0.17991096973419182,False,-1.2830842115257646,False
2025,B,2838,1780528680.0,False,-1,,19,False,0.0,11.0,0.0,-1.2402469145350157,False,0.4039182715392349,False,-1.2402469145350157,False,0.24794537445720646,False,0.13889026641845703,False,-1.2402469145350157,False
2025,B,2839,1780528740.0,False,-1,,19,False,0.0,10.0,0.0,-1.4632691221797733,False,0.4128624813877848,False,-1.4632691221797733,False,0.25866249275443587,False,0.16175005435943604,False,-1.4632691221797733,False
2025,B,2840,1780528800.0,False,-1,,19,False,0.0,9.0,0.0,-1.3799056953291435,False,0.4185667494107719,False,-1.3799056953291435,False,0.27134842463487785,False,0.14300765991210937,False,-1.3799056953291435,False
2025,B,2841,1780528860.0,False,-1,,19,False,0.0,11.0,0.0,-1.8018976492989571,False,0.397976654600346,False,-1.8018976492989571,False,0.24794537445720646,False,0.16366147994995117,False,-1.8018976492989571,False
2025,B,2842,1780528920.0,True,233,resource_exhaustion,19,False,1.0,13.0,0.0,5.446895898547663,True,0.6570003430715574,False,5.446895898547663,True,1.0,True,999999999.9999999,True,5.446895898547663,True
2025,B,2843,1780528980.0,True,233,resource_exhaustion,19,False,2.0,18.0,0.0,5.446895898547663,True,0.6952087150602557,False,5.446895898547663,True,1.0,True,1999999999.9999998,True,5.446895898547663,True
2025,B,2844,1780529040.0,True,233,resource_exhaustion,19,False,0.0,15.0,0.0,5.446895898547663,True,0.5608326348706604,False,5.446895898547663,True,0.21749564832786078,False,0.2998311996459961,False,5.446895898547663,True
2025,B,2845,1780529100.0,False,-1,,19,False,0.0,14.0,0.0,-1.6795066312932985,False,0.40171052062003604,False,-1.6795066312932985,False,0.2237302694038766,False,0.17370729446411132,False,-1.6795066312932985,False
2025,B,2846,1780529160.0,False,-1,,19,False,0.0,10.0,0.0,-1.4999975719242427,False,0.40895426385993483,False,-1.4999975719242427,False,0.25866249275443587,False,0.15483975410461426,False,-1.4999975719242427,False
2025,B,2847,1780529220.0,False,-1,,19,False,0.0,15.0,0.0,-1.9599453507070024,False,0.39748906625406516,False,-1.9599453507070024,False,0.21749564832786078,False,0.17085423469543454,False,-1.9599453507070024,False
2025,B,2848,1780529280.0,False,-1,,19,False,0.0,18.0,0.0,-1.9907732990922788,False,0.38702265632121957,False,-1.9907732990922788,False,0.20233050107121442,False,0.17439787387847894,False,-1.9907732990922788,False
2025,B,2849,1780529340.0,False,-1,,19,False,0.0,12.0,0.0,-1.7371439221436198,False,0.4097961132605557,False,-1.7371439221436198,False,0.23874979971626184,False,0.1845261573791504,False,-1.7371439221436198,False
2025,B,2850,1780529400.0,False,-1,,19,False,0.0,14.0,0.0,-2.0037601484902003,False,0.3945124653395768,False,-2.0037601484902003,False,0.2237302694038766,False,0.1706083297729492,False,-2.0037601484902003,False
2025,B,2851,1780529460.0,False,-1,,19,False,1.0,16.0,0.0,-1.060459057955887,False,0.5798107750415595,False,-1.060459057955887,False,0.00012087295150669473,False,0.1503506898880005,False,-1.060459057955887,False
2025,B,2852,1780529520.0,True,234,permission_denied,19,False,0.0,11.0,0.0,2.1578362200588654,True,0.4404820671251581,False,2.1578362200588654,True,1.0,True,5000000000.0,True,2.1578362200588654,True
2025,B,2853,1780529580.0,True,234,permission_denied,19,False,0.0,11.0,0.0,1.4122665209050478,True,0.41966974085834186,False,1.4122665209050478,True,1.0,True,3999999999.9999995,True,1.4122665209050478,True
2025,B,2854,1780529640.0,True,234,permission_denied,19,False,0.0,23.0,0.0,3.021462371220753,True,0.38956471392735953,False,3.021462371220753,True,1.0,True,9000000000.0,True,3.021462371220753,True
2025,B,2855,1780529700.0,True,234,permission_denied,19,False,0.0,13.0,0.0,2.234527002448687,True,0.42606048476544955,False,2.234527002448687,True,1.0,True,5000000000.0,True,2.234527002448687,True
2025,B,2856,1780529760.0,False,-1,,19,True,0.0,77.0,0.0,-0.008480902577924887,False,0.6090491273995751,False,-0.008480902577924887,False,0.1270964678630292,False,0.19170055389404278,False,-0.008480902577924887,False
2025,B,2857,1780529820.0,False,-1,,19,True,0.0,113.0,0.0,-0.132755949493645,False,0.6393781882005586,False,-0.132755949493645,False,0.1155204486249982,False,0.17469959259033196,False,-0.132755949493645,False
2025,B,2858,1780529880.0,False,-1,,19,True,0.0,73.0,0.0,0.2036900755114246,False,0.6133905964711376,False,0.2036900755114246,False,0.12889488171106864,False,0.15763845443725588,False,0.2036900755114246,False
2025,B,2859,1780529940.0,False,-1,,19,False,0.0,15.0,0.0,-1.7728328382909408,False,0.39941248293371107,False,-1.7728328382909408,False,0.21749564832786078,False,0.18059244155883789,False,-1.7728328382909408,False
2025,B,2860,1780530000.0,False,-1,,19,False,0.0,11.0,0.0,-0.9354677145600849,False,0.40605139231692516,False,-0.9354677145600849,False,0.24794537445720646,False,0.14100170135498047,False,-0.9354677145600849,False
2025,B,2861,1780530060.0,False,-1,,19,False,0.0,14.0,0.0,-1.634900055162853,False,0.4016063561833219,False,-1.634900055162853,False,0.2237302694038766,False,0.14259605407714843,False,-1.634900055162853,False
2025,B,2862,1780530120.0,False,-1,,19,False,0.0,9.0,0.0,0.02159936542607266,False,0.47093000904720855,False,0.02159936542607266,False,0.27134842463487785,False,0.11055030822753906,False,0.02159936542607266,False
2025,B,2863,1780530180.0,False,-1,,19,False,0.0,5.0,0.0,-1.246850110574635,False,0.4873041746661939,False,-1.246850110574635,False,0.3611766054503257,False,0.1602029800415039,False,-1.246850110574635,False
2025,B,2864,1780530240.0,False,-1,,19,False,0.0,13.0,0.0,-1.6564713981649355,False,0.4004803848065679,False,-1.6564713981649355,False,0.2307562658387595,False,0.153438663482666,False,-1.6564713981649355,False
2025,B,2865,1780530300.0,True,235,dependency_timeout,19,False,1.0,11.0,0.0,5.446895898547663,True,0.6567458553326981,False,5.446895898547663,True,1.0,True,5000000000.0,True,5.446895898547663,True
2025,B,2866,1780530360.0,True,235,dependency_timeout,19,False,0.0,18.0,0.0,5.446895898547663,True,0.5032583976567914,False,5.446895898547663,True,1.0,True,3000000000.0,True,5.446895898547663,True
2025,B,2867,1780530420.0,True,235,dependency_timeout,19,False,2.0,14.0,0.0,5.446895898547663,True,0.6761214454442628,False,5.446895898547663,True,1.0,True,10000000000.0,True,5.446895898547663,True
2025,B,2868,1780530480.0,True,235,dependency_timeout,19,False,0.0,16.0,0.0,5.446895898547663,True,0.5060847547718403,False,5.446895898547663,True,1.0,True,6000000000.0,True,5.446895898547663,True
2025,B,2869,1780530540.0,True,235,dependency_timeout,19,False,0.0,17.0,0.0,5.446895898547663,True,0.44649268430040767,False,5.446895898547663,True,1.0,True,0.3120902776718139,False,5.446895898547663,True
2025,B,2870,1780530600.0,False,-1,,19,False,0.0,14.0,0.0,0.4353966726753953,False,0.4873793137416041,False,0.4353966726753953,False,0.2237302694038766,False,0.23581075668334953,False,0.4353966726753953,False
2025,B,2871,1780530660.0,False,-1,,19,False,0.0,13.0,0.0,-1.2495046341214877,False,0.42309888353213326,False,-1.2495046341214877,False,0.2307562658387595,False,0.20650072097778313,False,-1.2495046341214877,False
2025,B,2872,1780530720.0,False,-1,,19,False,0.0,13.0,0.0,-1.403117135691918,False,0.4081969576373941,False,-1.403117135691918,False,0.2307562658387595,False,0.15957374572753902,False,-1.403117135691918,False
2025,B,2873,1780530780.0,False,-1,,19,False,0.0,10.0,0.0,-1.08007318235469,False,0.4410705213050902,False,-1.08007318235469,False,0.25866249275443587,False,0.20656378269195558,False,-1.08007318235469,False
2025,B,2874,1780530840.0,False,-1,,19,False,0.0,21.0,0.0,-0.6073193673662329,False,0.3960246718599851,False,-0.6073193673662329,False,0.1908469445255076,False,0.1364755630493164,False,-0.6073193673662329,False
2025,B,2875,1780530900.0,False,-1,,19,False,0.0,11.0,0.0,-1.765754675146515,False,0.4047618496436288,False,-1.765754675146515,False,0.24794537445720646,False,0.1714329719543457,False,-1.765754675146515,False
2025,B,2876,1780530960.0,False,-1,,19,False,0.0,10.0,0.0,-1.837672069033582,False,0.40283661736081744,False,-1.837672069033582,False,0.25866249275443587,False,0.14502124786376952,False,-1.837672069033582,False
2025,B,2877,1780531020.0,True,236,permission_denied,19,False,0.0,11.0,0.0,0.5618348222104483,False,0.4049915728764643,False,0.5618348222104483,False,1.0,True,3000000000.0,True,0.5618348222104483,True
2025,B,2878,1780531080.0,True,236,permission_denied,19,False,0.0,15.0,0.0,1.5529788391021255,True,0.39789909998022405,False,1.5529788391021255,True,1.0,True,3999999999.9999995,True,1.5529788391021255,True
2025,B,2879,1780531140.0,True,236,permission_denied,19,False,0.0,11.0,0.0,0.656413055419697,False,0.4000877582339535,False,0.656413055419697,False,1.0,True,3000000000.0,True,0.656413055419697,True
2025,B,2880,1780531200.0,True,236,permission_denied,19,False,0.0,11.0,0.0,1.5256499477478003,True,0.40467406351281937,False,1.5256499477478003,True,1.0,True,3999999999.9999995,True,1.5256499477478003,True
2025,B,2881,1780531260.0,False,-1,,19,False,0.0,8.0,0.0,-1.7215465991239052,False,0.42124720369514435,False,-1.7215465991239052,False,0.286649624048389,False,0.132706356048584,False,-1.7215465991239052,False
2025,B,2882,1780531320.0,False,-1,,19,False,0.0,12.0,0.0,0.6864069792042038,False,0.5055914925122071,False,0.6864069792042038,False,0.23874979971626184,False,0.22365038394927983,False,0.6864069792042038,False
2025,B,2883,1780531380.0,False,-1,,19,False,0.0,10.0,0.0,-0.8287418989623401,False,0.41907601826974056,False,-0.8287418989623401,False,0.25866249275443587,False,0.14685122966766356,False,-0.8287418989623401,False
2025,B,2884,1780531440.0,False,-1,,19,False,0.0,23.0,0.0,-1.4091957510727857,False,0.40708342315368307,False,-1.4091957510727857,False,0.18458523060596266,False,0.21103487014770514,False,-1.4091957510727857,False
2025,B,2885,1780531500.0,False,-1,,19,False,0.0,14.0,0.0,-1.6175882964956791,False,0.4024117124562166,False,-1.6175882964956791,False,0.2237302694038766,False,0.1627623081207275,False,-1.6175882964956791,False
2025,B,2886,1780531560.0,False,-1,,19,False,0.0,8.0,0.0,-1.0293407354619166,False,0.4515944932791581,False,-1.0293407354619166,False,0.286649624048389,False,0.11840214729309081,False,-1.0293407354619166,False
2025,B,2887,1780531620.0,False,-1,,19,False,0.0,7.0,0.0,-1.0894486990115047,False,0.442888831362291,False,-1.0894486990115047,False,0.305536657637389,False,0.14745540618896483,False,-1.0894486990115047,False
2025,B,2888,1780531680.0,False,-1,,19,False,0.0,6.0,0.0,-1.5139649924514735,False,0.4484594586334643,False,-1.5139649924514735,False,0.3295348248734502,False,0.148124098777771,False,-1.5139649924514735,False
2025,B,2889,1780531740.0,True,237,config_error,19,False,0.0,11.0,0.0,1.4947935210049654,True,0.44827736506511023,False,1.4947935210049654,True,1.0,True,3999999999.9999995,True,1.4947935210049654,True
2025,B,2890,1780531800.0,True,237,config_error,19,False,0.0,12.0,0.0,4.355867838687018,True,0.48409543938487704,False,4.355867838687018,True,1.0,True,11000000000.0,True,4.355867838687018,True
2025,B,2891,1780531860.0,True,237,config_error,19,False,0.0,12.0,0.0,2.229593807661959,True,0.4243535121096741,False,2.229593807661959,True,1.0,True,6000000000.0,True,2.229593807661959,True
2025,B,2892,1780531920.0,False,-1,,19,False,0.0,9.0,0.0,-0.37699136932351784,False,0.4628026717371404,False,-0.37699136932351784,False,0.27134842463487785,False,0.18943119049072266,False,-0.37699136932351784,False
2025,B,2893,1780531980.0,False,-1,,19,False,0.0,8.0,0.0,-1.141213127572156,False,0.4368909669694925,False,-1.141213127572156,False,0.286649624048389,False,0.1268925905227661,False,-1.141213127572156,False
2025,B,2894,1780532040.0,False,-1,,19,False,0.0,18.0,0.0,-1.9381934660525992,False,0.3935935256687768,False,-1.9381934660525992,False,0.20233050107121442,False,0.17797884941101055,False,-1.9381934660525992,False
2025,B,2895,1780532100.0,False,-1,,19,False,0.0,13.0,0.0,-0.5397723072408507,False,0.42874753765150936,False,-0.5397723072408507,False,0.2307562658387595,False,0.11388483047485351,False,-0.5397723072408507,False
2025,B,2896,1780532160.0,False,-1,,19,False,0.0,6.0,0.0,-0.54302616131387,False,0.46135652840305813,False,-0.54302616131387,False,0.3295348248734502,False,0.1146441698074341,False,-0.54302616131387,False
2025,B,2897,1780532220.0,False,-1,,19,False,0.0,14.0,0.0,-1.4654166223926968,False,0.3951467480296126,False,-1.4654166223926968,False,0.2237302694038766,False,0.13697288036346436,False,-1.4654166223926968,False
2025,B,2898,1780532280.0,False,-1,,19,False,0.0,10.0,0.0,-0.9525007728466601,False,0.43919787842677915,False,-0.9525007728466601,False,0.25866249275443587,False,0.11774234771728517,False,-0.9525007728466601,False
2025,B,2899,1780532340.0,False,-1,,19,False,0.0,10.0,0.0,-0.505071796959002,False,0.42780673692016224,False,-0.505071796959002,False,0.25866249275443587,False,0.1280038833618164,False,-0.505071796959002,False
2025,B,2900,1780532400.0,True,238,config_error,19,False,0.0,15.0,0.0,2.6009296938093383,True,0.42106430344029416,False,2.6009296938093383,True,1.0,True,6000000000.0,True,2.6009296938093383,True
2025,B,2901,1780532460.0,True,238,config_error,19,False,0.0,9.0,0.0,3.7349562591275935,True,0.4640515912358961,False,3.7349562591275935,True,1.0,True,7999999999.999999,True,3.7349562591275935,True
2025,B,2902,1780532520.0,True,238,config_error,19,False,0.0,16.0,0.0,4.004805466147394,True,0.42769529448707655,False,4.004805466147394,True,1.0,True,12000000000.0,True,4.004805466147394,True
2025,B,2903,1780532580.0,False,-1,,19,False,0.0,12.0,0.0,-1.6779682841954084,False,0.39319162305799776,False,-1.6779682841954084,False,0.23874979971626184,False,0.1436873435974121,False,-1.6779682841954084,False
2025,B,2904,1780532640.0,False,-1,,19,False,0.0,5.0,0.0,-0.6380760885552164,False,0.4958877073785519,False,-0.6380760885552164,False,0.3611766054503257,False,0.17232999801635743,False,-0.6380760885552164,False
2025,B,2905,1780532700.0,False,-1,,19,False,0.0,17.0,0.0,-1.8327841020936253,False,0.38048116192543185,False,-1.8327841020936253,False,0.2068901422906054,False,0.14811420440673828,False,-1.8327841020936253,False
2025,B,2906,1780532760.0,False,-1,,19,False,0.0,7.0,0.0,-1.530859545183004,False,0.43002812425897324,False,-1.530859545183004,False,0.305536657637389,False,0.16944174766540523,False,-1.530859545183004,False
2025,B,2907,1780532820.0,False,-1,,19,False,0.0,10.0,0.0,-0.39349283838273497,False,0.43760005897938475,False,-0.39349283838273497,False,0.25866249275443587,False,0.1297826051712036,False,-0.39349283838273497,False
2025,B,2908,1780532880.0,False,-1,,19,False,1.0,9.0,0.0,0.06929893634507245,False,0.5982607185666345,False,0.06929893634507245,False,2.9258959872420195e-05,False,0.13283166885375977,False,0.06929893634507245,False
2025,B,2909,1780532940.0,False,-1,,19,False,0.0,17.0,0.0,-1.4924639365306325,False,0.39434965663937566,False,-1.4924639365306325,False,0.2068901422906054,False,0.155194091796875,False,-1.4924639365306325,False
2025,B,2910,1780533000.0,False,-1,,19,False,0.0,9.0,0.0,-0.9839159871721153,False,0.4555129532173054,False,-0.9839159871721153,False,0.27134842463487785,False,0.1203878402709961,False,-0.9839159871721153,False
2025,B,2911,1780533060.0,False,-1,,19,True,0.0,29.0,0.0,-1.6899363220904782,False,0.3828688069624463,False,-1.6899363220904782,False,0.17016055445988643,False,0.15560054779052732,False,-1.6899363220904782,False
2025,B,2912,1780533120.0,False,-1,,19,True,0.0,91.0,0.0,0.19201008316624257,False,0.6170945350750037,False,0.19201008316624257,False,0.12177690170153224,False,0.15837693214416498,False,0.19201008316624257,False
2025,B,2913,1780533180.0,True,239,resource_exhaustion,19,True,0.0,101.0,0.0,5.446895898547663,True,0.6893066839666466,False,5.446895898547663,True,1.0,True,999999999.9999999,True,5.446895898547663,True
2025,B,2914,1780533240.0,True,239,resource_exhaustion,19,False,3.0,12.0,0.0,5.446895898547663,True,0.7043681677028837,True,5.446895898547663,True,1.0,True,3000000000.0,True,5.446895898547663,True
2025,B,2915,1780533300.0,True,239,resource_exhaustion,19,False,2.0,9.0,0.0,5.446895898547663,True,0.7062326621093444,True,5.446895898547663,True,1.0,True,1999999999.9999998,True,5.446895898547663,True
2025,B,2916,1780533360.0,True,239,resource_exhaustion,19,False,1.0,15.0,0.0,5.446895898547663,True,0.6618325252936853,False,5.446895898547663,True,1.0,True,999999999.9999999,True,5.446895898547663,True
2025,B,2917,1780533420.0,False,-1,,19,False,0.0,14.0,0.0,-1.003995460341737,False,0.4040259505698267,False,-1.003995460341737,False,0.2237302694038766,False,0.1278977394104004,False,-1.003995460341737,False
2025,B,2918,1780533480.0,False,-1,,19,False,0.0,7.0,0.0,-0.04352544653850465,False,0.5073667427535967,False,-0.04352544653850465,False,0.305536657637389,False,0.13435392379760738,False,-0.04352544653850465,False
2025,B,2919,1780533540.0,False,-1,,19,False,0.0,8.0,0.0,-1.7226067892122705,False,0.40990212779928825,False,-1.7226067892122705,False,0.286649624048389,False,0.1353220224380493,False,-1.7226067892122705,False
2025,B,2920,1780533600.0,False,-1,,19,False,0.0,11.0,0.0,-1.5745193407822473,False,0.3951259479043486,False,-1.5745193407822473,False,0.24794537445720646,False,0.14173007011413574,False,-1.5745193407822473,False
2025,B,2921,1780533660.0,False,-1,,19,False,0.0,7.0,0.0,-1.6614232817881263,False,0.4258072355670727,False,-1.6614232817881263,False,0.305536657637389,False,0.15513691902160642,False,-1.6614232817881263,False
2025,B,2922,1780533720.0,False,-1,,19,False,0.0,15.0,0.0,-1.0325355548028616,False,0.43202050458495916,False,-1.0325355548028616,False,0.21749564832786078,False,0.19685611724853513,False,-1.0325355548028616,False
2025,B,2923,1780533780.0,False,-1,,19,False,0.0,5.0,0.0,-1.4514047252287607,False,0.45363006766942016,False,-1.4514047252287607,False,0.3611766054503257,False,0.13540849685668943,False,-1.4514047252287607,False
2025,B,2924,1780533840.0,False,-1,,19,False,0.0,8.0,0.0,-0.6474487856837996,False,0.4431300541606513,False,-0.6474487856837996,False,0.286649624048389,False,0.13264305591583253,False,-0.6474487856837996,False
2025,B,2925,1780533900.0,False,-1,,19,False,0.0,10.0,0.0,-1.589055826491963,False,0.4219471307492058,False,-1.589055826491963,False,0.25866249275443587,False,0.18392276763916016,False,-1.589055826491963,False
2025,B,2926,1780533960.0,False,-1,,19,False,0.0,0.0,0.0,5.446895898547663,True,0.7457157405529148,True,5.446895898547663,True,1.4613085119466306e-52,False,0.0,False,5.446895898547663,True
