seq,phase,data_mode,function,runtime,variant,memory_mb,role,pattern,warming,intended_cold,force_cold,rep,block,burst_id,idle_gap_min,t_start,t_start_utc,request_id,status,function_error,error,rtt_ms,duration_ms,billed_ms,init_ms,cold,max_memory_used_mb,report_source,effective_billed_ms,cost_usd
0,baseline,live,python-default,python,default,128,warmup,steady,off,False,,0,,,,1789974631.927,2026-09-21T07:10:31.926+00:00,aa65d0b7-dde6-4cd5-a9ee-1b94646d8004,200,,False,3414.723,176.69,2865,2687.83,True,112,logs,2865.0,4.975023875e-06
1,baseline,live,python-default,python,default,128,warmup,steady,off,False,,0,,,,1789974635.343,2026-09-21T07:10:35.342+00:00,c1fef726-3ed4-479c-8745-ac17222f2189,200,,False,341.314,152.0,153,,False,112,logs,153.0,4.55001275e-07
2,baseline,live,python-default,python,default,128,measure,steady,off,False,,0,,,,1789974635.685,2026-09-21T07:10:35.685+00:00,ec980558-f84a-4688-b2d4-015bf7f817c7,200,,False,338.871,166.26,167,,False,112,logs,167.0,4.78334725e-07
3,baseline,live,python-default,python,default,1024,warmup,steady,off,False,,0,,,,1789974637.904,2026-09-21T07:10:37.903+00:00,613b4752-17fe-4ccd-9a38-cc9aa2e937f4,200,,False,3587.305,12.65,3040,3026.82,True,132,logs,3040.0,4.0733536e-05
4,baseline,live,python-default,python,default,1024,warmup,steady,off,False,,0,,,,1789974641.493,2026-09-21T07:10:41.492+00:00,2095afca-6dd2-4847-b6d7-c1fd6bcd8fcd,200,,False,217.895,22.62,23,,False,132,logs,23.0,5.066682e-07
5,baseline,live,python-default,python,default,1024,measure,steady,off,False,,0,,,,1789974641.712,2026-09-21T07:10:41.711+00:00,00c6f1aa-8cee-4899-a0e5-c060a5422a94,200,,False,198.592,25.75,26,,False,132,logs,26.0,5.466683999999999e-07
6,baseline,live,python-default,python,default,3008,warmup,steady,off,False,,0,,,,1789974643.74,2026-09-21T07:10:43.740+00:00,2362bf38-0fc5-4e95-b3d4-161f6c025ac2,200,,False,3941.636,17.28,3254,3236.53,True,134,logs,3254.0,0.000127648970575
7,baseline,live,python-default,python,default,3008,warmup,steady,off,False,,0,,,,1789974647.683,2026-09-21T07:10:47.683+00:00,9c0eecc3-87ec-4398-ab04-f38caf3698b3,200,,False,193.611,17.34,18,,False,134,logs,18.0,9.05003525e-07
8,baseline,live,python-default,python,default,3008,measure,steady,off,False,,0,,,,1789974647.88,2026-09-21T07:10:47.879+00:00,e12ce727-64ca-4dc5-ad78-232b64db28ff,200,,False,190.41,16.73,17,,False,134,logs,17.0,8.658366625e-07
9,baseline,live,python-default,python,default,512,warmup,steady,off,False,,0,,,,1789974649.971,2026-09-21T07:10:49.971+00:00,79c8122a-3fad-4bc7-b7fd-a874717ab468,200,,False,4013.728,50.23,3546,3495.65,True,134,logs,3546.0,2.38401182e-05
10,baseline,live,python-default,python,default,512,warmup,steady,off,False,,0,,,,1789974653.986,2026-09-21T07:10:53.986+00:00,0bbabf4a-44db-46c3-931b-08acfc815b42,200,,False,221.759,47.41,48,,False,134,logs,48.0,5.200016e-07
11,baseline,live,python-default,python,default,512,measure,steady,off,False,,0,,,,1789974654.209,2026-09-21T07:10:54.209+00:00,da7556de-b69f-4949-94ac-2227f6f6a4e0,200,,False,217.408,38.58,39,,False,134,logs,39.0,4.600013e-07
12,baseline,live,python-default,python,default,3008,warmup,steady,off,False,,1,,,,1789974656.279,2026-09-21T07:10:56.278+00:00,fbe2764f-b911-4e9f-9267-1ea06d8a51f4,200,,False,3637.189,17.14,3099,3081.45,True,132,logs,3099.0,0.00012157810688750002
13,baseline,live,python-default,python,default,3008,warmup,steady,off,False,,1,,,,1789974659.917,2026-09-21T07:10:59.917+00:00,56efd7cd-7e64-4f82-bade-bdd1590184b3,200,,False,190.693,16.54,17,,False,132,logs,17.0,8.658366625e-07
14,baseline,live,python-default,python,default,3008,measure,steady,off,False,,1,,,,1789974660.109,2026-09-21T07:11:00.109+00:00,9658f6e2-43d1-496f-93c6-7f2d4e7bdbb8,200,,False,191.134,16.36,17,,False,132,logs,17.0,8.658366625e-07
15,baseline,live,python-default,python,default,128,warmup,steady,off,False,,1,,,,1789974662.215,2026-09-21T07:11:02.215+00:00,b9c633ce-93c2-44a6-b2ff-c5f8aad7ae41,200,,False,4263.027,205.61,3766,3559.66,True,113,logs,3766.0,6.47669805e-06
16,baseline,live,python-default,python,default,128,warmup,steady,off,False,,1,,,,1789974666.479,2026-09-21T07:11:06.479+00:00,bdafbd5a-eb75-437a-a884-0533165a959b,200,,False,397.514,219.31,220,,False,113,logs,220.0,5.666685e-07
17,baseline,live,python-default,python,default,128,measure,steady,off,False,,1,,,,1789974666.88,2026-09-21T07:11:06.879+00:00,900b8d74-f416-4daf-b318-0f279e25b55c,200,,False,376.699,202.86,203,,False,113,logs,203.0,5.38335025e-07
18,baseline,live,python-default,python,default,512,warmup,steady,off,False,,1,,,,1789974669.094,2026-09-21T07:11:09.093+00:00,e9a7133f-9d3d-481d-894d-c0bd81c34713,200,,False,4153.777,47.66,3631,3583.07,True,134,logs,3631.0,2.44067877e-05
19,baseline,live,python-default,python,default,512,warmup,steady,off,False,,1,,,,1789974673.25,2026-09-21T07:11:13.249+00:00,13afcef1-022b-4d28-8c31-871a2d9f7509,200,,False,216.516,37.34,38,,False,134,logs,38.0,4.533346e-07
20,baseline,live,python-default,python,default,512,measure,steady,off,False,,1,,,,1789974673.469,2026-09-21T07:11:13.468+00:00,8cec523f-4d4f-4608-86b1-f325bad7dee8,200,,False,217.4,37.58,38,,False,134,logs,38.0,4.533346e-07
21,baseline,live,python-default,python,default,1024,warmup,steady,off,False,,1,,,,1789974675.577,2026-09-21T07:11:15.576+00:00,ded0b880-9c64-452e-97a3-c42c6b4207dd,200,,False,4039.665,29.13,3528,3498.05,True,132,logs,3528.0,4.72402352e-05
22,baseline,live,python-default,python,default,1024,warmup,steady,off,False,,1,,,,1789974679.617,2026-09-21T07:11:19.617+00:00,f9b7bb5d-ae28-485f-89b3-4282d7ed9c6e,200,,False,197.634,21.13,22,,False,132,logs,22.0,4.933348e-07
23,baseline,live,python-default,python,default,1024,measure,steady,off,False,,1,,,,1789974679.816,2026-09-21T07:11:19.816+00:00,c70d4601-6b18-4616-a2ea-de4ba0434227,200,,False,199.183,20.34,21,,False,132,logs,21.0,4.800014000000001e-07
24,baseline,live,python-default,python,default,3008,warmup,steady,off,False,,2,,,,1789974681.945,2026-09-21T07:11:21.944+00:00,9c925e88-0c2b-4bb0-9b8d-db5da6410807,200,,False,3672.866,17.84,3205,3186.23,True,132,logs,3205.0,0.00012572979431249999
25,baseline,live,python-default,python,default,3008,warmup,steady,off,False,,2,,,,1789974685.619,2026-09-21T07:11:25.618+00:00,b4cb8e73-944d-4a7c-87c5-63e280edd71a,200,,False,197.32,16.93,17,,False,132,logs,17.0,8.658366625e-07
26,baseline,live,python-default,python,default,3008,measure,steady,off,False,,2,,,,1789974685.817,2026-09-21T07:11:25.817+00:00,c0adf5f9-82a1-49cc-bdaf-c02a64dd75c5,200,,False,191.71,17.0,18,,False,132,logs,18.0,9.05003525e-07
27,baseline,live,python-default,python,default,1024,warmup,steady,off,False,,2,,,,1789974687.881,2026-09-21T07:11:27.881+00:00,cb9b302d-ce5d-487f-85b4-2801eca2bdd4,200,,False,3926.372,28.62,3466,3436.55,True,132,logs,3466.0,4.64135644e-05
28,baseline,live,python-default,python,default,1024,warmup,steady,off,False,,2,,,,1789974691.808,2026-09-21T07:11:31.808+00:00,8bb55f9f-aff3-448b-93f9-f29f03b92dad,200,,False,198.579,20.22,21,,False,132,logs,21.0,4.800014000000001e-07
29,baseline,live,python-default,python,default,1024,measure,steady,off,False,,2,,,,1789974692.008,2026-09-21T07:11:32.007+00:00,bc0e5782-c977-4998-953f-109f15596b98,200,,False,197.982,19.76,20,,False,132,logs,20.0,4.66668e-07
30,baseline,live,python-default,python,default,512,warmup,steady,off,False,,2,,,,1789974694.057,2026-09-21T07:11:34.056+00:00,e96d0d2e-febf-479d-a55a-86b6f5e8fcd2,200,,False,4266.512,43.36,3782,3738.04,True,132,logs,3782.0,2.54134594e-05
31,baseline,live,python-default,python,default,512,warmup,steady,off,False,,2,,,,1789974698.324,2026-09-21T07:11:38.324+00:00,075703de-f359-4d5c-8701-29663cc53d4d,200,,False,218.125,37.44,38,,False,132,logs,38.0,4.533346e-07
32,baseline,live,python-default,python,default,512,measure,steady,off,False,,2,,,,1789974698.543,2026-09-21T07:11:38.543+00:00,d51a6bf6-57f2-49bc-a549-8725a523e3cd,200,,False,218.83,38.13,39,,False,132,logs,39.0,4.600013e-07
33,baseline,live,python-default,python,default,128,warmup,steady,off,False,,2,,,,1789974700.593,2026-09-21T07:11:40.592+00:00,4102c2f5-aae2-4ceb-b5f6-dc7133c566e8,200,,False,3203.26,177.14,2789,2611.01,True,111,logs,2789.0,4.848356575e-06
34,baseline,live,python-default,python,default,128,warmup,steady,off,False,,2,,,,1789974703.797,2026-09-21T07:11:43.797+00:00,3453566b-69f5-4b4a-af3f-00729a159c96,200,,False,330.549,153.32,154,,False,111,logs,154.0,4.5666795e-07
35,baseline,live,python-default,python,default,128,measure,steady,off,False,,2,,,,1789974704.129,2026-09-21T07:11:44.128+00:00,c6422a52-4850-4631-86d6-8b58bfd019a8,200,,False,339.154,167.47,168,,False,111,logs,168.0,4.800014000000001e-07
36,baseline,live,python-default,python,default,128,warmup,steady,off,False,,3,,,,1789974704.469,2026-09-21T07:11:44.469+00:00,d763747f-c510-4989-bf33-ae0302264b1b,200,,False,339.054,160.15,161,,False,111,logs,161.0,4.68334675e-07
37,baseline,live,python-default,python,default,128,warmup,steady,off,False,,3,,,,1789974704.811,2026-09-21T07:11:44.810+00:00,ea8cb180-e00c-4676-a0a7-78f6a3e7c1f2,200,,False,337.974,163.89,164,,False,111,logs,164.0,4.733347e-07
38,baseline,live,python-default,python,default,128,measure,steady,off,False,,3,,,,1789974705.15,2026-09-21T07:11:45.149+00:00,7b1057dc-4fca-4a63-a034-4c5bc9c55ae2,200,,False,337.748,164.99,165,,False,111,logs,165.0,4.75001375e-07
39,baseline,live,python-default,python,default,3008,warmup,steady,off,False,,3,,,,1789974707.362,2026-09-21T07:11:47.362+00:00,c2242a61-e4d9-4490-84bc-c5c597272dae,200,,False,3650.614,17.17,3194,3176.67,True,132,logs,3194.0,0.000125298958825
40,baseline,live,python-default,python,default,3008,warmup,steady,off,False,,3,,,,1789974711.014,2026-09-21T07:11:51.013+00:00,8446a6f5-e4c7-4ada-9edf-76482f66dcfa,200,,False,188.341,16.72,17,,False,132,logs,17.0,8.658366625e-07
41,baseline,live,python-default,python,default,3008,measure,steady,off,False,,3,,,,1789974711.203,2026-09-21T07:11:51.203+00:00,8dc81edc-d2c4-4ce7-9fb4-155745638270,200,,False,193.153,16.56,17,,False,132,logs,17.0,8.658366625e-07
42,baseline,live,python-default,python,default,512,warmup,steady,off,False,,3,,,,1789974713.234,2026-09-21T07:11:53.233+00:00,72efaf05-5936-4d72-a0d3-5dc89ceaa6ba,200,,False,3290.091,36.7,2876,2838.78,True,132,logs,2876.0,1.9373429200000002e-05
43,baseline,live,python-default,python,default,512,warmup,steady,off,False,,3,,,,1789974716.525,2026-09-21T07:11:56.524+00:00,17ab088d-c2ca-4c66-9c8a-02e84fdce4a2,200,,False,215.306,43.21,44,,False,132,logs,44.0,4.933348e-07
44,baseline,live,python-default,python,default,512,measure,steady,off,False,,3,,,,1789974716.741,2026-09-21T07:11:56.741+00:00,ef5e75d6-cf86-4e2c-9bf3-6395fc185557,200,,False,219.542,44.35,45,,False,132,logs,45.0,5.000015e-07
45,baseline,live,python-default,python,default,1024,warmup,steady,off,False,,3,,,,1789974718.82,2026-09-21T07:11:58.820+00:00,2eef5833-f0fb-49f5-9ef4-9631596155ca,200,,False,3932.098,17.09,3459,3441.57,True,132,logs,3459.0,4.63202306e-05
46,baseline,live,python-default,python,default,1024,warmup,steady,off,False,,3,,,,1789974722.755,2026-09-21T07:12:02.754+00:00,1a68a48d-0f8e-4c03-bcb4-1973bf9bff7d,200,,False,195.515,19.08,20,,False,132,logs,20.0,4.66668e-07
47,baseline,live,python-default,python,default,1024,measure,steady,off,False,,3,,,,1789974722.953,2026-09-21T07:12:02.952+00:00,c2074c96-acc2-4bf0-a0ad-8625e1f2a08d,200,,False,197.549,21.45,22,,False,132,logs,22.0,4.933348e-07
48,baseline,live,python-default,python,default,1024,warmup,steady,off,False,,4,,,,1789974723.151,2026-09-21T07:12:03.150+00:00,abac1025-4254-4417-9d31-f74404ac3d3c,200,,False,200.824,28.97,29,,False,132,logs,29.0,5.866686000000001e-07
49,baseline,live,python-default,python,default,1024,warmup,steady,off,False,,4,,,,1789974723.352,2026-09-21T07:12:03.351+00:00,e892c0f8-76a0-459d-a6e3-5938db2413ec,200,,False,198.584,26.87,27,,False,132,logs,27.0,5.600018e-07
50,baseline,live,python-default,python,default,1024,measure,steady,off,False,,4,,,,1789974723.551,2026-09-21T07:12:03.550+00:00,b19a71ab-2602-4b9b-8882-80be83a3c8de,200,,False,199.686,26.59,27,,False,132,logs,27.0,5.600018e-07
51,baseline,live,python-default,python,default,128,warmup,steady,off,False,,4,,,,1789974725.585,2026-09-21T07:12:05.584+00:00,7ca4fc3f-0688-4c95-8e3d-cf51186b24a5,200,,False,4098.356,206.98,3640,3432.61,True,111,logs,3640.0,6.266697e-06
52,baseline,live,python-default,python,default,128,warmup,steady,off,False,,4,,,,1789974729.684,2026-09-21T07:12:09.684+00:00,d4be5334-1b22-4e45-9bb6-de8103e032e5,200,,False,380.659,200.58,201,,False,111,logs,201.0,5.35001675e-07
53,baseline,live,python-default,python,default,128,measure,steady,off,False,,4,,,,1789974730.065,2026-09-21T07:12:10.065+00:00,b8427b4f-3dc1-4a1f-9940-9cee0f86f6a6,200,,False,379.098,199.41,200,,False,111,logs,200.0,5.33335e-07
54,baseline,live,python-default,python,default,512,warmup,steady,off,False,,4,,,,1789974732.324,2026-09-21T07:12:12.324+00:00,4382018e-99d0-4f9c-95c5-546161224d32,200,,False,3375.295,36.83,2781,2744.03,True,132,logs,2781.0,1.8740092700000003e-05
55,baseline,live,python-default,python,default,512,warmup,steady,off,False,,4,,,,1789974735.701,2026-09-21T07:12:15.700+00:00,b28125e5-2f84-4a67-a866-06f4856b3510,200,,False,217.554,44.73,45,,False,132,logs,45.0,5.000015e-07
56,baseline,live,python-default,python,default,512,measure,steady,off,False,,4,,,,1789974735.919,2026-09-21T07:12:15.919+00:00,78162f72-3fd2-4435-85c0-9ec4da3b8ed8,200,,False,219.202,44.81,45,,False,132,logs,45.0,5.000015e-07
57,baseline,live,python-default,python,default,3008,warmup,steady,off,False,,4,,,,1789974737.979,2026-09-21T07:12:17.978+00:00,b9a7dc0c-aaa2-4270-b849-6a4acb133ee5,200,,False,2943.639,12.75,2450,2436.55,True,132,logs,2450.0,9.615881312500001e-05
58,baseline,live,python-default,python,default,3008,warmup,steady,off,False,,4,,,,1789974740.923,2026-09-21T07:12:20.923+00:00,93b29417-4c9b-406c-b148-ba21c9a07c7a,200,,False,185.529,11.68,12,,False,132,logs,12.0,6.7000235e-07
59,baseline,live,python-default,python,default,3008,measure,steady,off,False,,4,,,,1789974741.11,2026-09-21T07:12:21.109+00:00,94b37046-2b71-4283-b559-9e58763fd0ee,200,,False,188.01,11.79,12,,False,132,logs,12.0,6.7000235e-07
60,baseline,live,python-default,python,default,512,warmup,steady,off,False,,5,,,,1789974743.121,2026-09-21T07:12:23.121+00:00,d0e76191-e51a-4733-8395-8a7366a9683e,200,,False,3064.357,36.67,2656,2618.9,True,132,logs,2656.0,1.7906755200000003e-05
61,baseline,live,python-default,python,default,512,warmup,steady,off,False,,5,,,,1789974746.189,2026-09-21T07:12:26.189+00:00,d69b1105-0112-45a1-b60a-4660ba25c374,200,,False,214.488,39.41,40,,False,132,logs,40.0,4.66668e-07
62,baseline,live,python-default,python,default,512,measure,steady,off,False,,5,,,,1789974746.407,2026-09-21T07:12:26.406+00:00,41aead88-7ecb-4061-a70d-4d6d9409d2a6,200,,False,238.2,48.78,49,,False,132,logs,49.0,5.266683e-07
63,baseline,live,python-default,python,default,128,warmup,steady,off,False,,5,,,,1789974748.467,2026-09-21T07:12:28.466+00:00,e5b3894b-f7f1-4c3d-925a-43a2b5e13e3d,200,,False,3207.687,176.66,2751,2573.62,True,112,logs,2751.0,4.785022925e-06
64,baseline,live,python-default,python,default,128,warmup,steady,off,False,,5,,,,1789974751.676,2026-09-21T07:12:31.675+00:00,e491569a-2cbf-49a3-9f61-485fcdcb1dc9,200,,False,333.467,161.22,162,,False,112,logs,162.0,4.7000135000000003e-07
65,baseline,live,python-default,python,default,128,measure,steady,off,False,,5,,,,1789974752.012,2026-09-21T07:12:32.012+00:00,b2f5b440-3069-457b-8f61-4dca9877552b,200,,False,337.611,160.24,161,,False,112,logs,161.0,4.68334675e-07
66,baseline,live,python-default,python,default,3008,warmup,steady,off,False,,5,,,,1789974754.187,2026-09-21T07:12:34.186+00:00,c618d619-0899-4c43-92a9-fbd229394807,200,,False,3323.89,16.87,2883,2865.96,True,132,logs,2883.0,0.0001131180645875
67,baseline,live,python-default,python,default,3008,warmup,steady,off,False,,5,,,,1789974757.512,2026-09-21T07:12:37.512+00:00,d42fa5d3-642d-4aeb-9925-3eca4037b9de,200,,False,197.13,16.4,17,,False,132,logs,17.0,8.658366625e-07
68,baseline,live,python-default,python,default,3008,measure,steady,off,False,,5,,,,1789974757.712,2026-09-21T07:12:37.711+00:00,fb9f5511-ff3a-4081-aef8-aac5149046f6,200,,False,195.243,16.47,17,,False,132,logs,17.0,8.658366625e-07
69,baseline,live,python-default,python,default,1024,warmup,steady,off,False,,5,,,,1789974759.745,2026-09-21T07:12:39.744+00:00,28d3f283-8b30-4804-80ec-b1fd119435cc,200,,False,3178.096,26.08,2705,2678.76,True,134,logs,2705.0,3.6266847e-05
70,baseline,live,python-default,python,default,1024,warmup,steady,off,False,,5,,,,1789974762.925,2026-09-21T07:12:42.925+00:00,ca8c895b-982c-4e6a-8c99-c9e0aaa32b5d,200,,False,196.805,24.66,25,,False,134,logs,25.0,5.33335e-07
71,baseline,live,python-default,python,default,1024,measure,steady,off,False,,5,,,,1789974763.125,2026-09-21T07:12:43.124+00:00,9e4e3132-a5e0-4dc4-9d3b-90169f305e45,200,,False,197.621,25.2,26,,False,134,logs,26.0,5.466683999999999e-07
72,baseline,live,python-default,python,default,128,warmup,steady,off,False,,6,,,,1789974765.208,2026-09-21T07:12:45.208+00:00,2d01b751-8c67-40d1-a960-e3415a971744,200,,False,4106.434,216.55,3661,3444.12,True,112,logs,3661.0,6.301697175e-06
73,baseline,live,python-default,python,default,128,warmup,steady,off,False,,6,,,,1789974769.318,2026-09-21T07:12:49.317+00:00,2a1b667b-a078-4edf-9d86-6c59d07e891f,200,,False,376.876,204.49,205,,False,112,logs,205.0,5.41668375e-07
74,baseline,live,python-default,python,default,128,measure,steady,off,False,,6,,,,1789974769.696,2026-09-21T07:12:49.695+00:00,89db1ed7-3a07-456c-8dcd-0a5c8dbadc24,200,,False,378.894,201.56,202,,False,112,logs,202.0,5.3666835e-07
75,baseline,live,python-default,python,default,3008,warmup,steady,off,False,,6,,,,1789974771.916,2026-09-21T07:12:51.916+00:00,cee4d9c3-eff7-440b-aaf0-6db3831c0b66,200,,False,3751.474,20.56,3273,3251.62,True,134,logs,3273.0,0.00012839314096250003
76,baseline,live,python-default,python,default,3008,warmup,steady,off,False,,6,,,,1789974775.669,2026-09-21T07:12:55.669+00:00,feab915b-7a75-47a8-944b-71fb75644ad5,200,,False,194.021,18.76,19,,False,134,logs,19.0,9.441703875e-07
77,baseline,live,python-default,python,default,3008,measure,steady,off,False,,6,,,,1789974775.864,2026-09-21T07:12:55.864+00:00,af3e5c2f-105c-4b6c-91c4-a93362c5a1ba,200,,False,193.958,16.3,17,,False,134,logs,17.0,8.658366625e-07
78,baseline,live,python-default,python,default,1024,warmup,steady,off,False,,6,,,,1789974777.879,2026-09-21T07:12:57.878+00:00,14f60116-d9a3-42d7-92a3-1d69ffd87420,200,,False,4192.008,17.25,3654,3636.65,True,132,logs,3654.0,4.89202436e-05
79,baseline,live,python-default,python,default,1024,warmup,steady,off,False,,6,,,,1789974782.072,2026-09-21T07:13:02.071+00:00,f9bbcdad-c117-453e-a94d-fb328f8e3995,200,,False,195.326,21.33,22,,False,132,logs,22.0,4.933348e-07
80,baseline,live,python-default,python,default,1024,measure,steady,off,False,,6,,,,1789974782.268,2026-09-21T07:13:02.268+00:00,9bd02e73-e82a-459c-9656-7e3da551a208,200,,False,200.664,27.71,28,,False,132,logs,28.0,5.733352e-07
81,baseline,live,python-default,python,default,512,warmup,steady,off,False,,6,,,,1789974784.313,2026-09-21T07:13:04.312+00:00,7f26a2dd-bd69-4556-b56a-c1c1cd7cec35,200,,False,3374.442,36.06,2992,2955.53,True,132,logs,2992.0,2.0146766400000002e-05
82,baseline,live,python-default,python,default,512,warmup,steady,off,False,,6,,,,1789974787.688,2026-09-21T07:13:07.688+00:00,32e54421-842e-47e6-8ac5-264aa8d7a19c,200,,False,219.142,42.84,43,,False,132,logs,43.0,4.866681e-07
83,baseline,live,python-default,python,default,512,measure,steady,off,False,,6,,,,1789974787.909,2026-09-21T07:13:07.908+00:00,7e885330-8f7e-4493-b1a3-4cc10d149486,200,,False,217.619,39.48,40,,False,132,logs,40.0,4.66668e-07
84,baseline,live,python-default,python,default,3008,warmup,steady,off,False,,7,,,,1789974789.958,2026-09-21T07:13:09.957+00:00,e4135384-0706-4498-977b-1ebde13358f0,200,,False,3039.479,12.48,2644,2631.36,True,134,logs,2644.0,0.00010375718445000001
85,baseline,live,python-default,python,default,3008,warmup,steady,off,False,,7,,,,1789974792.998,2026-09-21T07:13:12.998+00:00,12efbb07-fa88-4c99-a5b5-ada6d28760fc,200,,False,192.401,14.08,15,,False,134,logs,15.0,7.875029375e-07
86,baseline,live,python-default,python,default,3008,measure,steady,off,False,,7,,,,1789974793.192,2026-09-21T07:13:13.192+00:00,7cbdb761-6ad3-4da6-af9a-31a0508b014c,200,,False,183.131,12.16,13,,False,134,logs,13.0,7.091692125e-07
87,baseline,live,python-default,python,default,128,warmup,steady,off,False,,7,,,,1789974795.214,2026-09-21T07:13:15.214+00:00,09a900d8-b78b-401e-a8cf-c113cb9c2c14,200,,False,4419.297,219.71,3971,3751.13,True,112,logs,3971.0,6.818366425e-06
88,baseline,live,python-default,python,default,128,warmup,steady,off,False,,7,,,,1789974799.635,2026-09-21T07:13:19.635+00:00,c5315477-ca0c-4fea-8fbc-410c0a82bd94,200,,False,377.484,194.52,195,,False,112,logs,195.0,5.25001625e-07
89,baseline,live,python-default,python,default,128,measure,steady,off,False,,7,,,,1789974800.014,2026-09-21T07:13:20.013+00:00,9da4f47e-d18c-4bbb-a921-e183ad075895,200,,False,378.444,205.94,206,,False,112,logs,206.0,5.4333505e-07
90,baseline,live,python-default,python,default,1024,warmup,steady,off,False,,7,,,,1789974802.281,2026-09-21T07:13:22.280+00:00,7a4354de-4eed-4b56-912c-8734caa3110a,200,,False,3223.676,32.56,2844,2811.05,True,132,logs,2844.0,3.8120189599999994e-05
91,baseline,live,python-default,python,default,1024,warmup,steady,off,False,,7,,,,1789974805.506,2026-09-21T07:13:25.505+00:00,8f9b950f-8919-46a4-b77f-16148202a16e,200,,False,195.881,21.93,22,,False,132,logs,22.0,4.933348e-07
92,baseline,live,python-default,python,default,1024,measure,steady,off,False,,7,,,,1789974805.704,2026-09-21T07:13:25.703+00:00,f61f5f83-aa7c-4cab-8830-6df31961577c,200,,False,197.154,20.78,21,,False,132,logs,21.0,4.800014000000001e-07
93,baseline,live,python-default,python,default,512,warmup,steady,off,False,,7,,,,1789974807.785,2026-09-21T07:13:27.785+00:00,688dfdb7-49b6-4665-9bb1-cd1af20d2058,200,,False,3058.757,36.93,2656,2618.28,True,134,logs,2656.0,1.7906755200000003e-05
94,baseline,live,python-default,python,default,512,warmup,steady,off,False,,7,,,,1789974810.847,2026-09-21T07:13:30.846+00:00,5443a5c5-4cf3-487c-8bdf-bc6855f1962f,200,,False,216.86,47.85,48,,False,134,logs,48.0,5.200016e-07
95,baseline,live,python-default,python,default,512,measure,steady,off,False,,7,,,,1789974811.065,2026-09-21T07:13:31.064+00:00,68de3d25-c13a-4323-9f44-02c884b1b43d,200,,False,219.066,46.41,47,,False,134,logs,47.0,5.133349e-07
96,baseline,live,python-default,python,default,3008,warmup,steady,off,False,,8,,,,1789974813.18,2026-09-21T07:13:33.180+00:00,4b611ba6-81ac-48b6-bbea-631a6a27bcfa,200,,False,3542.903,16.89,3062,3044.85,True,134,logs,3062.0,0.00012012893297499999
97,baseline,live,python-default,python,default,3008,warmup,steady,off,False,,8,,,,1789974816.724,2026-09-21T07:13:36.724+00:00,8213358a-45ea-48bc-901b-51d664406e93,200,,False,192.325,16.52,17,,False,134,logs,17.0,8.658366625e-07
98,baseline,live,python-default,python,default,3008,measure,steady,off,False,,8,,,,1789974816.918,2026-09-21T07:13:36.917+00:00,010807cc-0603-40a7-aa66-bd7bcaa654ee,200,,False,193.349,16.19,17,,False,134,logs,17.0,8.658366625e-07
99,baseline,live,python-default,python,default,512,warmup,steady,off,False,,8,,,,1789974818.976,2026-09-21T07:13:38.975+00:00,a1e5477d-2bbe-4b4a-89e5-25f08b66db5b,200,,False,3195.071,36.52,2735,2698.45,True,132,logs,2735.0,1.8433424500000002e-05
100,baseline,live,python-default,python,default,512,warmup,steady,off,False,,8,,,,1789974822.172,2026-09-21T07:13:42.171+00:00,48ac8d15-e47c-4d18-b9ae-86ccb7253fb3,200,,False,218.089,41.14,42,,False,132,logs,42.0,4.800014000000001e-07
101,baseline,live,python-default,python,default,512,measure,steady,off,False,,8,,,,1789974822.393,2026-09-21T07:13:42.392+00:00,1dbba21d-a49f-48d4-a9d1-8f1f0c6c3c6e,200,,False,217.49,43.55,44,,False,132,logs,44.0,4.933348e-07
102,baseline,live,python-default,python,default,1024,warmup,steady,off,False,,8,,,,1789974824.42,2026-09-21T07:13:44.419+00:00,7066dca2-1794-4032-86d4-4829e5affa52,200,,False,3094.743,17.02,2686,2668.45,True,134,logs,2686.0,3.6013512399999996e-05
103,baseline,live,python-default,python,default,1024,warmup,steady,off,False,,8,,,,1789974827.518,2026-09-21T07:13:47.517+00:00,b5d32de6-b230-4727-9448-5f27a6a69ec0,200,,False,193.99,20.94,21,,False,134,logs,21.0,4.800014000000001e-07
104,baseline,live,python-default,python,default,1024,measure,steady,off,False,,8,,,,1789974827.712,2026-09-21T07:13:47.712+00:00,4e5c6a06-9584-468c-bf37-c805691573d2,200,,False,199.0,17.53,18,,False,134,logs,18.0,4.400012e-07
105,baseline,live,python-default,python,default,128,warmup,steady,off,False,,8,,,,1789974829.74,2026-09-21T07:13:49.739+00:00,1d019e63-87a8-42c0-890f-92c61376fd75,200,,False,3963.206,195.21,3533,3337.63,True,112,logs,3533.0,6.088362774999999e-06
106,baseline,live,python-default,python,default,128,warmup,steady,off,False,,8,,,,1789974833.705,2026-09-21T07:13:53.705+00:00,3b5a3fc4-d132-413f-bef4-9dcfb3f17c48,200,,False,377.224,202.72,203,,False,112,logs,203.0,5.38335025e-07
107,baseline,live,python-default,python,default,128,measure,steady,off,False,,8,,,,1789974834.084,2026-09-21T07:13:54.083+00:00,e6c4e58d-88c9-47dd-9616-1f2887018b96,200,,False,379.236,198.59,199,,False,112,logs,199.0,5.31668325e-07
108,baseline,live,python-default,python,default,128,warmup,steady,off,False,,9,,,,1789974834.464,2026-09-21T07:13:54.464+00:00,a43e4348-c5de-4da6-8198-b9b0a41c8c1d,200,,False,417.796,204.39,205,,False,112,logs,205.0,5.41668375e-07
109,baseline,live,python-default,python,default,128,warmup,steady,off,False,,9,,,,1789974834.883,2026-09-21T07:13:54.883+00:00,c25497c2-7785-43a1-9de4-838403387a4a,200,,False,359.637,187.18,188,,False,112,logs,188.0,5.133349e-07
110,baseline,live,python-default,python,default,128,measure,steady,off,False,,9,,,,1789974835.244,2026-09-21T07:13:55.243+00:00,af4a03cd-0697-465c-8d6c-54edeac667b7,200,,False,377.85,207.46,208,,False,112,logs,208.0,5.466683999999999e-07
111,baseline,live,python-default,python,default,1024,warmup,steady,off,False,,9,,,,1789974837.432,2026-09-21T07:13:57.431+00:00,0181e34f-075e-4d0b-a2c1-1b8bd9963520,200,,False,3991.828,27.68,3527,3499.19,True,132,logs,3527.0,4.72269018e-05
112,baseline,live,python-default,python,default,1024,warmup,steady,off,False,,9,,,,1789974841.425,2026-09-21T07:14:01.425+00:00,cb516aa5-73be-436c-a013-07252ec2908f,200,,False,194.98,16.6,17,,False,132,logs,17.0,4.266678e-07
113,baseline,live,python-default,python,default,1024,measure,steady,off,False,,9,,,,1789974841.623,2026-09-21T07:14:01.622+00:00,ab6adb13-44db-4256-8c25-c56bf873e51b,200,,False,216.044,29.4,30,,False,132,logs,30.0,6.00002e-07
114,baseline,live,python-default,python,default,512,warmup,steady,off,False,,9,,,,1789974843.67,2026-09-21T07:14:03.669+00:00,8936c444-7025-4678-ae10-49082520e629,200,,False,3494.049,60.79,3044,2982.81,True,134,logs,3044.0,2.0493434800000002e-05
115,baseline,live,python-default,python,default,512,warmup,steady,off,False,,9,,,,1789974847.165,2026-09-21T07:14:07.164+00:00,771a9753-e6fe-4e89-8883-b57cf31a3d57,200,,False,200.548,25.08,26,,False,134,logs,26.0,3.7333419999999996e-07
116,baseline,live,python-default,python,default,512,measure,steady,off,False,,9,,,,1789974847.366,2026-09-21T07:14:07.366+00:00,feb59f5d-f431-454b-a977-017076d629dc,200,,False,217.732,43.8,44,,False,134,logs,44.0,4.933348e-07
117,baseline,live,python-default,python,default,3008,warmup,steady,off,False,,9,,,,1789974849.445,2026-09-21T07:14:09.444+00:00,5bfc4ccb-da98-4ab9-be20-e2ba7ec2d4b4,200,,False,3034.704,12.53,2622,2608.74,True,132,logs,2622.0,0.000102895513475
118,baseline,live,python-default,python,default,3008,warmup,steady,off,False,,9,,,,1789974852.481,2026-09-21T07:14:12.480+00:00,dd23c3b7-e6d8-49e2-a275-6e0e2a7adcc6,200,,False,186.462,12.43,13,,False,132,logs,13.0,7.091692125e-07
119,baseline,live,python-default,python,default,3008,measure,steady,off,False,,9,,,,1789974852.67,2026-09-21T07:14:12.669+00:00,e8f0bc8d-d22a-493e-ad97-85569385ca85,200,,False,190.917,12.18,13,,False,132,logs,13.0,7.091692125e-07
0,runtime_compare,live,java-optimised,java,optimised,1024,measure,idle,off,True,update_env,0,,,,1789974855.948,2026-09-21T07:14:15.947+00:00,eb9e45e0-e728-412d-a25c-0c8b0f33eb99,200,,False,924.701,140.82,625,484.16,True,97,logs,625.0,8.533375e-06
1,runtime_compare,live,java-optimised,java,optimised,1024,follow_up,idle,off,False,update_env,0,,,,1789974856.874,2026-09-21T07:14:16.873+00:00,4eeb73cd-1011-4dd7-b5e0-738f8b2c9824,200,,False,212.581,41.78,42,,False,97,logs,42.0,7.600028e-07
2,runtime_compare,live,nodejs-optimised,nodejs,optimised,1024,measure,idle,off,True,update_env,0,,,,1789974859.41,2026-09-21T07:14:19.409+00:00,16e2c533-2359-47cf-9dfd-e5a119870b80,200,,False,709.677,194.23,342,146.84,True,78,logs,342.0,4.7600228e-06
3,runtime_compare,live,nodejs-optimised,nodejs,optimised,1024,follow_up,idle,off,False,update_env,0,,,,1789974860.121,2026-09-21T07:14:20.120+00:00,32086636-b250-4851-9ca6-71406ca90608,200,,False,289.1,114.72,115,,False,79,logs,115.0,1.733341e-06
4,runtime_compare,live,python-optimised,python,optimised,1024,measure,idle,off,True,update_env,0,,,,1789974862.706,2026-09-21T07:14:22.706+00:00,a55b227e-82d8-42b2-92c2-671137f727a4,200,,False,399.609,21.98,105,82.81,True,41,logs,105.0,1.600007e-06
5,runtime_compare,live,python-optimised,python,optimised,1024,follow_up,idle,off,False,update_env,0,,,,1789974863.107,2026-09-21T07:14:23.106+00:00,1b9b481e-e02a-43c1-bb43-e2704c03a365,200,,False,197.617,28.68,29,,False,41,logs,29.0,5.866686000000001e-07
6,runtime_compare,live,java-optimised,java,optimised,1024,measure,idle,off,True,update_env,1,,,,1789974865.322,2026-09-21T07:14:25.321+00:00,e7c04b7f-a1de-49ef-a43a-4867601d399b,200,,False,748.151,112.86,464,350.64,True,107,logs,464.0,6.3866976e-06
7,runtime_compare,live,java-optimised,java,optimised,1024,follow_up,idle,off,False,update_env,1,,,,1789974866.071,2026-09-21T07:14:26.070+00:00,a4cc7c83-a20f-43af-8cb2-74755bbd9246,200,,False,198.056,28.92,29,,False,107,logs,29.0,5.866686000000001e-07
8,runtime_compare,live,nodejs-optimised,nodejs,optimised,1024,measure,idle,off,True,update_env,1,,,,1789974868.299,2026-09-21T07:14:28.299+00:00,30b4fe7b-12df-4dec-89d0-02dad2bacefb,200,,False,572.124,159.61,298,137.47,True,79,logs,298.0,4.173353199999999e-06
9,runtime_compare,live,nodejs-optimised,nodejs,optimised,1024,follow_up,idle,off,False,update_env,1,,,,1789974868.872,2026-09-21T07:14:28.871+00:00,44c8119f-1871-42a3-af60-4f1898a1b781,200,,False,292.267,123.62,124,,False,79,logs,124.0,1.8533416e-06
10,runtime_compare,live,python-optimised,python,optimised,1024,measure,idle,off,True,update_env,1,,,,1789974871.244,2026-09-21T07:14:31.243+00:00,64826a99-480c-4977-9c50-22478d4293e1,200,,False,392.445,17.76,105,86.62,True,41,logs,105.0,1.600007e-06
11,runtime_compare,live,python-optimised,python,optimised,1024,follow_up,idle,off,False,update_env,1,,,,1789974871.637,2026-09-21T07:14:31.637+00:00,5266e936-e941-4fdc-8403-b6723470b2a4,200,,False,192.35,22.52,23,,False,41,logs,23.0,5.066682e-07
12,runtime_compare,live,java-optimised,java,optimised,1024,measure,idle,off,True,update_env,2,,,,1789974873.901,2026-09-21T07:14:33.900+00:00,04c272a3-9288-450a-b836-082c55b5bc6a,200,,False,821.114,116.02,541,424.72,True,107,logs,541.0,7.4133694e-06
13,runtime_compare,live,java-optimised,java,optimised,1024,follow_up,idle,off,False,update_env,2,,,,1789974874.723,2026-09-21T07:14:34.722+00:00,5dd754ed-20ff-45b7-8c4f-37017f582fa6,200,,False,216.564,47.16,48,,False,107,logs,48.0,8.400032e-07
14,runtime_compare,live,python-optimised,python,optimised,1024,measure,idle,off,True,update_env,2,,,,1789974876.994,2026-09-21T07:14:36.994+00:00,1e82b1c3-2061-486f-ac7a-e48e26d8c11c,200,,False,415.147,27.06,130,102.03,True,41,logs,130.0,1.933342e-06
15,runtime_compare,live,python-optimised,python,optimised,1024,follow_up,idle,off,False,update_env,2,,,,1789974877.41,2026-09-21T07:14:37.410+00:00,ea63f3de-89c1-4aad-aedd-3085344cb7ce,200,,False,200.257,26.26,27,,False,41,logs,27.0,5.600018e-07
16,runtime_compare,live,nodejs-optimised,nodejs,optimised,1024,measure,idle,off,True,update_env,2,,,,1789974879.655,2026-09-21T07:14:39.654+00:00,145e1c67-48c7-4793-9104-b12a039bcc05,200,,False,650.333,209.75,364,153.48,True,78,logs,364.0,5.053357599999999e-06
17,runtime_compare,live,nodejs-optimised,nodejs,optimised,1024,follow_up,idle,off,False,update_env,2,,,,1789974880.306,2026-09-21T07:14:40.306+00:00,711e1562-d714-4d0b-b0bb-2e52abe6d67e,200,,False,274.127,108.19,109,,False,78,logs,109.0,1.6533406e-06
18,runtime_compare,live,python-optimised,python,optimised,1024,measure,idle,off,True,update_env,3,,,,1789974882.635,2026-09-21T07:14:42.634+00:00,39c21728-76b2-46c0-9b33-c231ee43f34d,200,,False,373.085,24.28,96,71.63,True,41,logs,96.0,1.4800064e-06
19,runtime_compare,live,python-optimised,python,optimised,1024,follow_up,idle,off,False,update_env,3,,,,1789974883.011,2026-09-21T07:14:43.010+00:00,c1a25a39-69a2-48f6-aefa-cc50af146c6a,200,,False,199.065,29.23,30,,False,41,logs,30.0,6.00002e-07
20,runtime_compare,live,java-optimised,java,optimised,1024,measure,idle,off,True,update_env,3,,,,1789974885.346,2026-09-21T07:14:45.345+00:00,a31b515e-4858-473a-b52d-fe29b83864cc,200,,False,810.158,117.65,532,413.59,True,109,logs,532.0,7.2933688e-06
21,runtime_compare,live,java-optimised,java,optimised,1024,follow_up,idle,off,False,update_env,3,,,,1789974886.157,2026-09-21T07:14:46.157+00:00,d35b8c0e-8f8c-461e-aaab-2cd357128066,200,,False,213.639,46.54,47,,False,109,logs,47.0,8.266698e-07
22,runtime_compare,live,nodejs-optimised,nodejs,optimised,1024,measure,idle,off,True,update_env,3,,,,1789974888.441,2026-09-21T07:14:48.441+00:00,2a89b760-6c74-4756-8387-be6c6757ef5b,200,,False,601.994,180.35,324,142.75,True,79,logs,324.0,4.5200216e-06
23,runtime_compare,live,nodejs-optimised,nodejs,optimised,1024,follow_up,idle,off,False,update_env,3,,,,1789974889.044,2026-09-21T07:14:49.044+00:00,e6340800-bb13-4a31-b5a3-290c94c46881,200,,False,285.598,114.03,115,,False,79,logs,115.0,1.733341e-06
24,runtime_compare,live,nodejs-optimised,nodejs,optimised,1024,measure,idle,off,True,update_env,4,,,,1789974891.431,2026-09-21T07:14:51.431+00:00,f0c17c5c-f63a-4186-a126-25b2fcb39760,200,,False,647.748,211.59,363,151.1,True,79,logs,363.0,5.0400242e-06
25,runtime_compare,live,nodejs-optimised,nodejs,optimised,1024,follow_up,idle,off,False,update_env,4,,,,1789974892.08,2026-09-21T07:14:52.079+00:00,c37b412a-a5f1-4bd6-9237-a1f19d701654,200,,False,296.837,131.5,132,,False,79,logs,132.0,1.9600088e-06
26,runtime_compare,live,python-optimised,python,optimised,1024,measure,idle,off,True,update_env,4,,,,1789974894.421,2026-09-21T07:14:54.421+00:00,31133f38-536a-434c-bc72-307471a4c5ee,200,,False,403.634,23.7,91,66.82,True,43,logs,91.0,1.4133393999999999e-06
27,runtime_compare,live,python-optimised,python,optimised,1024,follow_up,idle,off,False,update_env,4,,,,1789974894.826,2026-09-21T07:14:54.825+00:00,ed33a2fc-f0ff-4158-8079-b1fd6f33d36c,200,,False,176.259,13.8,14,,False,43,logs,14.0,3.866676e-07
28,runtime_compare,live,java-optimised,java,optimised,1024,measure,idle,off,True,update_env,4,,,,1789974897.066,2026-09-21T07:14:57.065+00:00,4290cf78-5d4a-4449-abf7-cfdb9d128c51,200,,False,831.956,115.88,549,432.39,True,109,logs,549.0,7.520036600000001e-06
29,runtime_compare,live,java-optimised,java,optimised,1024,follow_up,idle,off,False,update_env,4,,,,1789974897.899,2026-09-21T07:14:57.898+00:00,56c4894a-1100-47d9-ae6b-5dbcdd34b704,200,,False,213.202,47.5,48,,False,109,logs,48.0,8.400032e-07
19,burst,live,python-optimised,python,optimised,1024,measure,burst,off,True,,0,,python-optimised-0,,1789974900.983,2026-09-21T07:15:00.982+00:00,ce539b63-ebfc-4a6f-bf9b-9643de63d518,200,,False,1615.437,18.32,19,,False,41,logs,19.0,4.533346e-07
0,burst,live,python-optimised,python,optimised,1024,measure,burst,off,True,,0,,python-optimised-0,,1789974900.984,2026-09-21T07:15:00.983+00:00,7cf5cdba-d215-4883-9dd9-b8d3ba104569,200,,False,416.221,18.14,105,86.18,True,41,logs,105.0,1.600007e-06
2,burst,live,python-optimised,python,optimised,1024,measure,burst,off,True,,0,,python-optimised-0,,1789974900.986,2026-09-21T07:15:00.985+00:00,79e06ab6-b8c3-4131-bec2-d093b9faa83f,200,,False,594.505,16.62,17,,False,41,logs,17.0,4.266678e-07
3,burst,live,python-optimised,python,optimised,1024,measure,burst,off,True,,0,,python-optimised-0,,1789974900.987,2026-09-21T07:15:00.987+00:00,060e4b17-c8d3-405a-bd09-747c03fb9097,200,,False,651.238,20.06,21,,False,41,logs,21.0,4.800014000000001e-07
6,burst,live,python-optimised,python,optimised,1024,measure,burst,off,True,,0,,python-optimised-0,,1789974900.988,2026-09-21T07:15:00.988+00:00,27f3a206-0205-491b-97d6-fc62c6c85c33,200,,False,776.282,29.16,126,96.71,True,41,logs,126.0,1.8800084e-06
8,burst,live,python-optimised,python,optimised,1024,measure,burst,off,True,,0,,python-optimised-0,,1789974900.989,2026-09-21T07:15:00.989+00:00,f0140e05-7efa-4ffb-9a3a-a80cbd3bd5ac,200,,False,1452.106,15.87,16,,False,41,logs,16.0,4.133344e-07
5,burst,live,python-optimised,python,optimised,1024,measure,burst,off,True,,0,,python-optimised-0,,1789974900.991,2026-09-21T07:15:00.990+00:00,e0cdf118-64ee-4794-a1e8-9851a135bba4,200,,False,763.19,29.19,120,90.41,True,41,logs,120.0,1.800008e-06
10,burst,live,python-optimised,python,optimised,1024,measure,burst,off,True,,0,,python-optimised-0,,1789974900.992,2026-09-21T07:15:00.992+00:00,f2d591ae-bea9-4b08-a7ea-210b644a3d6e,200,,False,504.619,18.83,19,,False,41,logs,19.0,4.533346e-07
16,burst,live,python-optimised,python,optimised,1024,measure,burst,off,True,,0,,python-optimised-0,,1789974900.993,2026-09-21T07:15:00.993+00:00,270b2211-0385-49af-a779-93a33468ee96,200,,False,728.126,27.43,99,71.07,True,41,logs,99.0,1.5200066e-06
11,burst,live,python-optimised,python,optimised,1024,measure,burst,off,True,,0,,python-optimised-0,,1789974900.994,2026-09-21T07:15:00.993+00:00,31a0b384-baa2-4b02-a40e-c9a9c5596d5d,200,,False,722.978,16.82,108,90.27,True,41,logs,108.0,1.6400072e-06
12,burst,live,python-optimised,python,optimised,1024,measure,burst,off,True,,0,,python-optimised-0,,1789974900.995,2026-09-21T07:15:00.995+00:00,dc6dbbf2-ed53-454c-a114-44559602e776,200,,False,1026.633,28.38,29,,False,41,logs,29.0,5.866686000000001e-07
14,burst,live,python-optimised,python,optimised,1024,measure,burst,off,True,,0,,python-optimised-0,,1789974900.995,2026-09-21T07:15:00.994+00:00,b6f37d36-77d4-4bf7-818d-44072a862172,200,,False,758.593,32.83,119,85.65,True,41,logs,119.0,1.7866746e-06
13,burst,live,python-optimised,python,optimised,1024,measure,burst,off,True,,0,,python-optimised-0,,1789974900.996,2026-09-21T07:15:00.996+00:00,233ab26c-0ca0-4ce2-b010-4ac2e6349f1e,200,,False,1483.325,31.05,32,,False,41,logs,32.0,6.266688e-07
18,burst,live,python-optimised,python,optimised,1024,measure,burst,off,True,,0,,python-optimised-0,,1789974900.996,2026-09-21T07:15:00.995+00:00,4a81d078-87f8-4281-aa45-008a125f60c1,200,,False,544.437,29.0,29,,False,41,logs,29.0,5.866686000000001e-07
9,burst,live,python-optimised,python,optimised,1024,measure,burst,off,True,,0,,python-optimised-0,,1789974900.997,2026-09-21T07:15:00.996+00:00,0240203c-42a8-42db-b0c6-79ea89e960f3,200,,False,600.181,16.57,17,,False,41,logs,17.0,4.266678e-07
17,burst,live,python-optimised,python,optimised,1024,measure,burst,off,True,,0,,python-optimised-0,,1789974900.997,2026-09-21T07:15:00.997+00:00,5478fb3f-006f-4f3b-a601-cd3d44bc38ac,200,,False,1501.425,19.5,20,,False,41,logs,20.0,4.66668e-07
15,burst,live,python-optimised,python,optimised,1024,measure,burst,off,True,,0,,python-optimised-0,,1789974900.998,2026-09-21T07:15:00.998+00:00,9c51d24e-eb74-48ae-b55b-51777a2d9c62,200,,False,1464.178,17.16,18,,False,41,logs,18.0,4.400012e-07
1,burst,live,python-optimised,python,optimised,1024,measure,burst,off,True,,0,,python-optimised-0,,1789974900.999,2026-09-21T07:15:00.998+00:00,51722e76-fcad-4680-92ae-9afa2b2f8cb4,200,,False,1638.146,31.09,32,,False,41,logs,32.0,6.266688e-07
7,burst,live,python-optimised,python,optimised,1024,measure,burst,off,True,,0,,python-optimised-0,,1789974900.999,2026-09-21T07:15:00.999+00:00,d9a68007-b88a-4dfc-952c-e63111d4e8f4,200,,False,684.079,13.63,87,72.58,True,41,logs,87.0,1.3600058e-06
4,burst,live,python-optimised,python,optimised,1024,measure,burst,off,True,,0,,python-optimised-0,,1789974901.0,2026-09-21T07:15:00.999+00:00,3a1c2a37-8ce2-4b43-a240-ae55d725a207,200,,False,1161.181,26.24,27,,False,41,logs,27.0,5.600018e-07
39,burst,live,java-optimised,java,optimised,1024,measure,burst,off,True,,0,,java-optimised-0,,1789974905.077,2026-09-21T07:15:05.077+00:00,4b003fd0-9d0c-42c3-9987-7a04e5871ad2,200,,False,901.766,137.47,592,454.18,True,108,logs,592.0,8.093372799999999e-06
20,burst,live,java-optimised,java,optimised,1024,measure,burst,off,True,,0,,java-optimised-0,,1789974905.078,2026-09-21T07:15:05.077+00:00,c1561fb2-837a-4fde-a1f9-fdf4756f8c39,200,,False,830.165,114.06,533,418.2,True,109,logs,533.0,7.3067022e-06
23,burst,live,java-optimised,java,optimised,1024,measure,burst,off,True,,0,,java-optimised-0,,1789974905.079,2026-09-21T07:15:05.078+00:00,fa19612b-9706-4410-9e0f-503905374800,200,,False,908.857,116.48,523,406.16,True,107,logs,523.0,7.1733682000000005e-06
25,burst,live,java-optimised,java,optimised,1024,measure,burst,off,True,,0,,java-optimised-0,,1789974905.08,2026-09-21T07:15:05.079+00:00,0b4e4807-f838-4f41-9b65-2009fc3c9cbb,200,,False,901.117,135.37,588,451.97,True,109,logs,588.0,8.040039199999999e-06
27,burst,live,java-optimised,java,optimised,1024,measure,burst,off,True,,0,,java-optimised-0,,1789974905.081,2026-09-21T07:15:05.080+00:00,90d37a4c-4f9f-4a0c-a4d9-c3eb82c88770,200,,False,904.648,128.51,574,445.23,True,107,logs,574.0,7.853371599999999e-06
30,burst,live,java-optimised,java,optimised,1024,measure,burst,off,True,,0,,java-optimised-0,,1789974905.082,2026-09-21T07:15:05.081+00:00,8e43d065-52f3-48fc-ad19-ebd1403e9031,200,,False,887.44,149.1,589,438.93,True,107,logs,589.0,8.0533726e-06
32,burst,live,java-optimised,java,optimised,1024,measure,burst,off,True,,0,,java-optimised-0,,1789974905.082,2026-09-21T07:15:05.082+00:00,adf1ed35-846b-4b1a-bc41-457834778964,200,,False,850.788,120.99,540,418.88,True,109,logs,540.0,7.4000360000000004e-06
33,burst,live,java-optimised,java,optimised,1024,measure,burst,off,True,,0,,java-optimised-0,,1789974905.083,2026-09-21T07:15:05.083+00:00,b283a115-f958-4145-acbf-c3588a0a220a,200,,False,630.16,83.04,356,272.73,True,111,logs,356.0,4.9466903999999995e-06
28,burst,live,java-optimised,java,optimised,1024,measure,burst,off,True,,0,,java-optimised-0,,1789974905.084,2026-09-21T07:15:05.083+00:00,deb58c25-c6cb-4e00-a452-d954ae8da30a,200,,False,851.113,131.28,581,449.32,True,109,logs,581.0,7.9467054e-06
31,burst,live,java-optimised,java,optimised,1024,measure,burst,off,True,,0,,java-optimised-0,,1789974905.085,2026-09-21T07:15:05.085+00:00,8c09b3b0-bbff-444c-86cd-99c330c1e232,200,,False,896.129,139.56,572,431.69,True,109,logs,572.0,7.8267048e-06
34,burst,live,java-optimised,java,optimised,1024,measure,burst,off,True,,0,,java-optimised-0,,1789974905.086,2026-09-21T07:15:05.085+00:00,b9e0c777-527f-4d49-9b7c-b84022d67145,200,,False,1653.038,38.17,39,,False,107,logs,39.0,7.200026e-07
29,burst,live,java-optimised,java,optimised,1024,measure,burst,off,True,,0,,java-optimised-0,,1789974905.087,2026-09-21T07:15:05.086+00:00,7f0b2067-e6de-4aa7-b550-35e8b681aeb3,200,,False,1715.222,38.18,39,,False,107,logs,39.0,7.200026e-07
22,burst,live,java-optimised,java,optimised,1024,measure,burst,off,True,,0,,java-optimised-0,,1789974905.088,2026-09-21T07:15:05.088+00:00,72280bef-6f8a-48c1-a914-02cf1c3cb619,200,,False,1028.751,36.6,37,,False,107,logs,37.0,6.933357999999999e-07
38,burst,live,java-optimised,java,optimised,1024,measure,burst,off,True,,0,,java-optimised-0,,1789974905.088,2026-09-21T07:15:05.087+00:00,58f16c9e-dd91-4921-bd42-58348d3052e4,200,,False,1168.447,38.56,39,,False,107,logs,39.0,7.200026e-07
35,burst,live,java-optimised,java,optimised,1024,measure,burst,off,True,,0,,java-optimised-0,,1789974905.089,2026-09-21T07:15:05.088+00:00,ebbf745d-36b9-44f8-9818-82af2daa1691,200,,False,1571.116,42.05,43,,False,107,logs,43.0,7.733362e-07
26,burst,live,java-optimised,java,optimised,1024,measure,burst,off,True,,0,,java-optimised-0,,1789974905.09,2026-09-21T07:15:05.090+00:00,89d01fee-a37b-4660-9afe-725e293d092f,200,,False,1688.18,35.69,36,,False,107,logs,36.0,6.800024e-07
37,burst,live,java-optimised,java,optimised,1024,measure,burst,off,True,,0,,java-optimised-0,,1789974905.09,2026-09-21T07:15:05.089+00:00,f475bc7f-4096-4435-8664-778bde39171c,200,,False,997.262,35.77,36,,False,107,logs,36.0,6.800024e-07
21,burst,live,java-optimised,java,optimised,1024,measure,burst,off,True,,0,,java-optimised-0,,1789974905.091,2026-09-21T07:15:05.090+00:00,2b857d0f-4db3-40de-aab4-9c402466a4bd,200,,False,1056.933,35.82,36,,False,107,logs,36.0,6.800024e-07
24,burst,live,java-optimised,java,optimised,1024,measure,burst,off,True,,0,,java-optimised-0,,1789974905.091,2026-09-21T07:15:05.091+00:00,75399821-1706-4c52-a811-c97ed094d5da,200,,False,1212.03,46.67,47,,False,107,logs,47.0,8.266698e-07
36,burst,live,java-optimised,java,optimised,1024,measure,burst,off,True,,0,,java-optimised-0,,1789974905.093,2026-09-21T07:15:05.092+00:00,5cf75344-3771-4465-9410-893a772ca85f,200,,False,1446.347,41.14,42,,False,107,logs,42.0,7.600028e-07
40,burst,live,nodejs-optimised,nodejs,optimised,1024,measure,burst,off,True,,0,,nodejs-optimised-0,,1789974909.134,2026-09-21T07:15:09.134+00:00,58cb6fe3-3ee8-408d-bf46-f7d737e54752,200,,False,644.611,178.61,335,156.28,True,78,logs,335.0,4.6666890000000005e-06
59,burst,live,nodejs-optimised,nodejs,optimised,1024,measure,burst,off,True,,0,,nodejs-optimised-0,,1789974909.134,2026-09-21T07:15:09.133+00:00,bc763075-c872-4454-89b1-e67122c2254a,200,,False,934.407,125.54,126,,False,78,logs,126.0,1.8800084e-06
42,burst,live,nodejs-optimised,nodejs,optimised,1024,measure,burst,off,True,,0,,nodejs-optimised-0,,1789974909.136,2026-09-21T07:15:09.135+00:00,07a697d5-918c-45ba-80dd-39d01b7440e8,200,,False,576.756,147.63,259,111.11,True,80,logs,259.0,3.6533506e-06
45,burst,live,nodejs-optimised,nodejs,optimised,1024,measure,burst,off,True,,0,,nodejs-optimised-0,,1789974909.136,2026-09-21T07:15:09.136+00:00,61355329-4cf7-4ea9-9c53-ba31fef7736e,200,,False,645.972,195.82,341,144.95,True,79,logs,341.0,4.7466894e-06
46,burst,live,nodejs-optimised,nodejs,optimised,1024,measure,burst,off,True,,0,,nodejs-optimised-0,,1789974909.137,2026-09-21T07:15:09.137+00:00,ea6bf6e0-3b51-4656-a5bf-4131f3e7d4f1,200,,False,708.787,189.96,334,143.68,True,78,logs,334.0,4.6533556e-06
48,burst,live,nodejs-optimised,nodejs,optimised,1024,measure,burst,off,True,,0,,nodejs-optimised-0,,1789974909.138,2026-09-21T07:15:09.138+00:00,9755cb3f-e591-4ddc-9722-81a8cfc14054,200,,False,652.499,196.68,351,153.61,True,78,logs,351.0,4.880023399999999e-06
50,burst,live,nodejs-optimised,nodejs,optimised,1024,measure,burst,off,True,,0,,nodejs-optimised-0,,1789974909.139,2026-09-21T07:15:09.139+00:00,bab4e850-0f29-4dc5-9b36-947820af0952,200,,False,589.416,178.09,295,116.56,True,79,logs,295.0,4.133353e-06
52,burst,live,nodejs-optimised,nodejs,optimised,1024,measure,burst,off,True,,0,,nodejs-optimised-0,,1789974909.14,2026-09-21T07:15:09.139+00:00,c8cc4262-9d80-4c26-b553-d37a7f85be5a,200,,False,636.949,195.23,344,148.73,True,78,logs,344.0,4.7866896e-06
55,burst,live,nodejs-optimised,nodejs,optimised,1024,measure,burst,off,True,,0,,nodejs-optimised-0,,1789974909.141,2026-09-21T07:15:09.140+00:00,b651cd2a-e4a6-45f1-a6bb-670dda22fd6b,200,,False,627.063,191.52,334,142.02,True,78,logs,334.0,4.6533556e-06
58,burst,live,nodejs-optimised,nodejs,optimised,1024,measure,burst,off,True,,0,,nodejs-optimised-0,,1789974909.141,2026-09-21T07:15:09.141+00:00,8ed96d34-c3f7-4ecc-b2ed-15fc0eeb445e,200,,False,622.378,185.85,328,142.04,True,78,logs,328.0,4.5733552e-06
44,burst,live,nodejs-optimised,nodejs,optimised,1024,measure,burst,off,True,,0,,nodejs-optimised-0,,1789974909.142,2026-09-21T07:15:09.141+00:00,bb7dcad2-403f-4b65-8ad5-f311832a8dc1,200,,False,592.169,186.7,306,119.25,True,79,logs,306.0,4.2800204e-06
47,burst,live,nodejs-optimised,nodejs,optimised,1024,measure,burst,off,True,,0,,nodejs-optimised-0,,1789974909.142,2026-09-21T07:15:09.142+00:00,6fc05e76-7b21-4e76-a1f1-b8c958e859c1,200,,False,1044.135,131.88,132,,False,78,logs,132.0,1.9600088e-06
49,burst,live,nodejs-optimised,nodejs,optimised,1024,measure,burst,off,True,,0,,nodejs-optimised-0,,1789974909.143,2026-09-21T07:15:09.143+00:00,dad683e3-ca59-49df-ad3b-f55eb319ef35,200,,False,1035.755,135.27,136,,False,78,logs,136.0,2.0133424000000003e-06
51,burst,live,nodejs-optimised,nodejs,optimised,1024,measure,burst,off,True,,0,,nodejs-optimised-0,,1789974909.144,2026-09-21T07:15:09.143+00:00,87d52f85-7e55-416b-8821-9ecbf0c8628c,200,,False,1513.601,123.34,124,,False,79,logs,124.0,1.8533416e-06
53,burst,live,nodejs-optimised,nodejs,optimised,1024,measure,burst,off,True,,0,,nodejs-optimised-0,,1789974909.145,2026-09-21T07:15:09.144+00:00,caf7d701-eded-44e8-822f-0ba70c29dcc8,200,,False,1572.09,133.05,134,,False,78,logs,134.0,1.9866756000000004e-06
41,burst,live,nodejs-optimised,nodejs,optimised,1024,measure,burst,off,True,,0,,nodejs-optimised-0,,1789974909.146,2026-09-21T07:15:09.146+00:00,57459cd8-2d97-4a44-95a8-9930e11c8dd3,200,,False,1129.185,131.8,132,,False,78,logs,132.0,1.9600088e-06
56,burst,live,nodejs-optimised,nodejs,optimised,1024,measure,burst,off,True,,0,,nodejs-optimised-0,,1789974909.146,2026-09-21T07:15:09.145+00:00,b06c3eae-7a47-40c9-a216-4a61d29b23c2,200,,False,1109.696,114.35,115,,False,79,logs,115.0,1.733341e-06
43,burst,live,nodejs-optimised,nodejs,optimised,1024,measure,burst,off,True,,0,,nodejs-optimised-0,,1789974909.148,2026-09-21T07:15:09.147+00:00,c9743a3e-05b6-49d8-b36d-e3e7ae886914,200,,False,1407.432,131.87,132,,False,78,logs,132.0,1.9600088e-06
54,burst,live,nodejs-optimised,nodejs,optimised,1024,measure,burst,off,True,,0,,nodejs-optimised-0,,1789974909.148,2026-09-21T07:15:09.148+00:00,0193a0ef-2dab-47b5-8d23-7d706b57b434,200,,False,1581.865,151.11,152,,False,82,logs,152.0,2.2266768e-06
57,burst,live,nodejs-optimised,nodejs,optimised,1024,measure,burst,off,True,,0,,nodejs-optimised-0,,1789974909.15,2026-09-21T07:15:09.150+00:00,e88c56dc-9281-4b2f-9265-aec87796d421,200,,False,877.046,111.26,112,,False,78,logs,112.0,1.6933408e-06
60,burst,live,nodejs-optimised,nodejs,optimised,1024,measure,burst,off,True,,1,,nodejs-optimised-1,,1789974912.886,2026-09-21T07:15:12.886+00:00,7eaeadee-64d5-42d4-baf4-b6187541de5a,200,,False,568.734,156.58,283,125.79,True,78,logs,283.0,3.973352199999999e-06
79,burst,live,nodejs-optimised,nodejs,optimised,1024,measure,burst,off,True,,1,,nodejs-optimised-1,,1789974912.886,2026-09-21T07:15:12.885+00:00,868a86b1-ac23-4cf5-aea2-5742100d37ac,200,,False,578.525,187.05,304,116.0,True,79,logs,304.0,4.2533536e-06
62,burst,live,nodejs-optimised,nodejs,optimised,1024,measure,burst,off,True,,1,,nodejs-optimised-1,,1789974912.888,2026-09-21T07:15:12.887+00:00,54da44e9-36da-45e0-a796-340aa0a944d5,200,,False,648.419,209.65,355,145.08,True,79,logs,355.0,4.933357e-06
64,burst,live,nodejs-optimised,nodejs,optimised,1024,measure,burst,off,True,,1,,nodejs-optimised-1,,1789974912.888,2026-09-21T07:15:12.888+00:00,22577b33-1357-4f5f-ba2a-cfba0fcefb45,200,,False,590.608,189.24,307,117.52,True,83,logs,307.0,4.2933537999999995e-06
66,burst,live,nodejs-optimised,nodejs,optimised,1024,measure,burst,off,True,,1,,nodejs-optimised-1,,1789974912.89,2026-09-21T07:15:12.889+00:00,e2c4b90a-3b2d-46d3-a8a9-fece8de00088,200,,False,635.643,193.59,339,144.48,True,78,logs,339.0,4.7200226e-06
68,burst,live,nodejs-optimised,nodejs,optimised,1024,measure,burst,off,True,,1,,nodejs-optimised-1,,1789974912.89,2026-09-21T07:15:12.890+00:00,edc5aa6c-4b92-474f-a825-9b5d6fc1c748,200,,False,682.117,218.16,378,158.86,True,78,logs,378.0,5.2400252e-06
70,burst,live,nodejs-optimised,nodejs,optimised,1024,measure,burst,off,True,,1,,nodejs-optimised-1,,1789974912.891,2026-09-21T07:15:12.891+00:00,e953e324-6d86-4066-a55f-7466539dc6ed,200,,False,636.556,201.05,343,141.38,True,79,logs,343.0,4.7733562e-06
71,burst,live,nodejs-optimised,nodejs,optimised,1024,measure,burst,off,True,,1,,nodejs-optimised-1,,1789974912.892,2026-09-21T07:15:12.891+00:00,281edd5a-9edb-4cfc-8bb8-e7357dc95edd,200,,False,569.079,137.35,249,110.98,True,78,logs,249.0,3.5200166000000003e-06
76,burst,live,nodejs-optimised,nodejs,optimised,1024,measure,burst,off,True,,1,,nodejs-optimised-1,,1789974912.893,2026-09-21T07:15:12.893+00:00,7aad1263-1754-42f9-a3a2-bd6f77fa8aff,200,,False,1714.744,113.69,114,,False,79,logs,114.0,1.7200076e-06
77,burst,live,nodejs-optimised,nodejs,optimised,1024,measure,burst,off,True,,1,,nodejs-optimised-1,,1789974912.894,2026-09-21T07:15:12.894+00:00,91e96ad4-086a-4a64-bf80-00e7220939d6,200,,False,639.041,199.91,348,147.74,True,78,logs,348.0,4.8400232e-06
63,burst,live,nodejs-optimised,nodejs,optimised,1024,measure,burst,off,True,,1,,nodejs-optimised-1,,1789974912.895,2026-09-21T07:15:12.894+00:00,9514bf9e-81bc-45fc-9001-07bec80de7f7,200,,False,1118.658,128.44,129,,False,79,logs,129.0,1.9200086e-06
75,burst,live,nodejs-optimised,nodejs,optimised,1024,measure,burst,off,True,,1,,nodejs-optimised-1,,1789974912.895,2026-09-21T07:15:12.895+00:00,4122ff8d-8707-47db-a1f7-9953cc6ebd46,200,,False,545.942,160.66,271,109.92,True,80,logs,271.0,3.8133514000000005e-06
67,burst,live,nodejs-optimised,nodejs,optimised,1024,measure,burst,off,True,,1,,nodejs-optimised-1,,1789974912.896,2026-09-21T07:15:12.895+00:00,873cf8d3-8c2f-4c53-a04f-0b3f17c19812,200,,False,1744.318,108.35,109,,False,79,logs,109.0,1.6533406e-06
69,burst,live,nodejs-optimised,nodejs,optimised,1024,measure,burst,off,True,,1,,nodejs-optimised-1,,1789974912.896,2026-09-21T07:15:12.896+00:00,81409975-f997-4025-80c5-272b19a3e0c9,200,,False,1175.558,130.6,131,,False,78,logs,131.0,1.9466754e-06
74,burst,live,nodejs-optimised,nodejs,optimised,1024,measure,burst,off,True,,1,,nodejs-optimised-1,,1789974912.897,2026-09-21T07:15:12.897+00:00,3a12d5a0-bc23-42ab-bdcf-22a7d93cca12,200,,False,832.382,108.19,109,,False,78,logs,109.0,1.6533406e-06
78,burst,live,nodejs-optimised,nodejs,optimised,1024,measure,burst,off,True,,1,,nodejs-optimised-1,,1789974912.898,2026-09-21T07:15:12.897+00:00,a6c0d21a-53a1-4df4-a3a6-cca52c403d36,200,,False,1648.471,129.81,130,,False,78,logs,130.0,1.933342e-06
73,burst,live,nodejs-optimised,nodejs,optimised,1024,measure,burst,off,True,,1,,nodejs-optimised-1,,1789974912.899,2026-09-21T07:15:12.899+00:00,4308fa97-ff6a-4e08-b2b9-020f127822aa,200,,False,1240.464,127.54,128,,False,78,logs,128.0,1.9066752000000001e-06
61,burst,live,nodejs-optimised,nodejs,optimised,1024,measure,burst,off,True,,1,,nodejs-optimised-1,,1789974912.9,2026-09-21T07:15:12.899+00:00,970352a9-91ad-4a2e-a732-a3eb55a87683,200,,False,1706.271,122.6,123,,False,78,logs,123.0,1.8400082e-06
65,burst,live,nodejs-optimised,nodejs,optimised,1024,measure,burst,off,True,,1,,nodejs-optimised-1,,1789974912.901,2026-09-21T07:15:12.900+00:00,48689dda-a85e-4c9d-9457-8dd04bea83c4,200,,False,1400.279,136.79,137,,False,78,logs,137.0,2.0266758e-06
72,burst,live,nodejs-optimised,nodejs,optimised,1024,measure,burst,off,True,,1,,nodejs-optimised-1,,1789974912.902,2026-09-21T07:15:12.902+00:00,6ad3d919-c22d-4d3b-a5fe-5db88d25fc2c,200,,False,837.698,122.53,123,,False,79,logs,123.0,1.8400082e-06
99,burst,live,java-optimised,java,optimised,1024,measure,burst,off,True,,1,,java-optimised-1,,1789974916.807,2026-09-21T07:15:16.806+00:00,61a20410-ba89-4794-96a4-04d6e240a884,200,,False,889.978,130.91,578,446.22,True,111,logs,578.0,7.906705199999999e-06
81,burst,live,java-optimised,java,optimised,1024,measure,burst,off,True,,1,,java-optimised-1,,1789974916.808,2026-09-21T07:15:16.808+00:00,6f8879f1-6cca-48fe-98bd-55fb065e5bdf,200,,False,815.519,147.93,507,358.59,True,109,logs,507.0,6.9600338e-06
85,burst,live,java-optimised,java,optimised,1024,measure,burst,off,True,,1,,java-optimised-1,,1789974916.809,2026-09-21T07:15:16.809+00:00,fc796390-a7c8-4815-a87f-af33aa7a3e67,200,,False,879.167,140.69,576,435.15,True,107,logs,576.0,7.8800384e-06
86,burst,live,java-optimised,java,optimised,1024,measure,burst,off,True,,1,,java-optimised-1,,1789974916.81,2026-09-21T07:15:16.810+00:00,2f6a6770-e3b3-467b-b9d3-7d1cb1aac4ad,200,,False,768.274,115.5,459,342.65,True,110,logs,459.0,6.3200306e-06
83,burst,live,java-optimised,java,optimised,1024,measure,burst,off,True,,1,,java-optimised-1,,1789974916.811,2026-09-21T07:15:16.811+00:00,7500b837-dc0c-47fe-a525-e7603f4a178a,200,,False,879.79,135.23,579,443.14,True,108,logs,579.0,7.920038599999999e-06
89,burst,live,java-optimised,java,optimised,1024,measure,burst,off,True,,1,,java-optimised-1,,1789974916.812,2026-09-21T07:15:16.812+00:00,578c19a0-2ad8-4928-b25b-5d06ad74a26c,200,,False,868.707,115.34,556,440.21,True,107,logs,556.0,7.613370400000001e-06
94,burst,live,java-optimised,java,optimised,1024,measure,burst,off,True,,1,,java-optimised-1,,1789974916.813,2026-09-21T07:15:16.812+00:00,b8e9ff8f-3975-42c8-8b0e-788114a6123d,200,,False,867.354,129.7,589,458.6,True,107,logs,589.0,8.0533726e-06
80,burst,live,java-optimised,java,optimised,1024,measure,burst,off,True,,1,,java-optimised-1,,1789974916.814,2026-09-21T07:15:16.813+00:00,91d80f62-9179-47e0-bf4e-e1a899d2c955,200,,False,868.297,135.11,575,439.32,True,108,logs,575.0,7.866704999999999e-06
82,burst,live,java-optimised,java,optimised,1024,measure,burst,off,True,,1,,java-optimised-1,,1789974916.814,2026-09-21T07:15:16.814+00:00,ac040ef7-e281-441b-a184-6e59b0375777,200,,False,830.428,28.96,29,,False,109,logs,29.0,5.866686000000001e-07
84,burst,live,java-optimised,java,optimised,1024,measure,burst,off,True,,1,,java-optimised-1,,1789974916.815,2026-09-21T07:15:16.814+00:00,9aa54a37-85be-4b47-872e-ee3094ddb81e,200,,False,797.437,113.37,515,400.81,True,107,logs,515.0,7.066701e-06
87,burst,live,java-optimised,java,optimised,1024,measure,burst,off,True,,1,,java-optimised-1,,1789974916.815,2026-09-21T07:15:16.815+00:00,c0b0284d-6eb6-4e06-a254-3711c2a7f54d,200,,False,771.511,126.21,489,361.93,True,109,logs,489.0,6.7200326e-06
88,burst,live,java-optimised,java,optimised,1024,measure,burst,off,True,,1,,java-optimised-1,,1789974916.816,2026-09-21T07:15:16.815+00:00,45d3e3d3-f697-4587-8cbf-2195b26602d4,200,,False,1312.305,40.7,41,,False,111,logs,41.0,7.466694e-07
93,burst,live,java-optimised,java,optimised,1024,measure,burst,off,True,,1,,java-optimised-1,,1789974916.817,2026-09-21T07:15:16.816+00:00,83d2aa81-b5da-4075-a20d-365b68a9fa68,200,,False,1482.716,37.33,38,,False,111,logs,38.0,7.066692e-07
96,burst,live,java-optimised,java,optimised,1024,measure,burst,off,True,,1,,java-optimised-1,,1789974916.817,2026-09-21T07:15:16.817+00:00,1fb5e4a3-0dcd-481a-a43e-9fc6fa4aad66,200,,False,1007.988,36.89,37,,False,111,logs,37.0,6.933357999999999e-07
98,burst,live,java-optimised,java,optimised,1024,measure,burst,off,True,,1,,java-optimised-1,,1789974916.818,2026-09-21T07:15:16.817+00:00,735ec9bd-c69c-40ff-9fd8-3cd0c164db5e,200,,False,1125.764,46.77,47,,False,108,logs,47.0,8.266698e-07
92,burst,live,java-optimised,java,optimised,1024,measure,burst,off,True,,1,,java-optimised-1,,1789974916.819,2026-09-21T07:15:16.819+00:00,81840f14-7d9d-4fcd-8db9-5538e99ca794,200,,False,1165.208,49.02,50,,False,111,logs,50.0,8.6667e-07
97,burst,live,java-optimised,java,optimised,1024,measure,burst,off,True,,1,,java-optimised-1,,1789974916.82,2026-09-21T07:15:16.819+00:00,119841bc-d926-4c29-a3b4-852c6855f892,200,,False,1096.654,42.05,43,,False,111,logs,43.0,7.733362e-07
95,burst,live,java-optimised,java,optimised,1024,measure,burst,off,True,,1,,java-optimised-1,,1789974916.821,2026-09-21T07:15:16.820+00:00,36d34612-6755-4450-ab4c-52f8d57d40fb,200,,False,1562.131,30.34,31,,False,111,logs,31.0,6.133354e-07
91,burst,live,java-optimised,java,optimised,1024,measure,burst,off,True,,1,,java-optimised-1,,1789974916.822,2026-09-21T07:15:16.822+00:00,3063a711-18e6-4c01-be0d-214306f7d9bc,200,,False,2621.914,39.56,40,,False,111,logs,40.0,7.33336e-07
90,burst,live,java-optimised,java,optimised,1024,measure,burst,off,True,,1,,java-optimised-1,,1789974916.823,2026-09-21T07:15:16.822+00:00,93584095-364d-478a-bde4-484f3634a7a4,200,,False,1137.2,49.12,50,,False,108,logs,50.0,8.6667e-07
100,burst,live,python-optimised,python,optimised,1024,measure,burst,off,True,,1,,python-optimised-1,,1789974921.557,2026-09-21T07:15:21.557+00:00,e953dc5a-c7d6-4fe0-a374-3310ffd11f77,200,,False,549.997,23.84,24,,False,41,logs,24.0,5.200016e-07
101,burst,live,python-optimised,python,optimised,1024,measure,burst,off,True,,1,,python-optimised-1,,1789974921.557,2026-09-21T07:15:21.557+00:00,c9bc55b5-68b1-4571-a10d-0ff21ebd3079,200,,False,454.987,27.61,142,114.28,True,41,logs,142.0,2.0933427999999998e-06
119,burst,live,python-optimised,python,optimised,1024,measure,burst,off,True,,1,,python-optimised-1,,1789974921.557,2026-09-21T07:15:21.556+00:00,6e2b3bb7-9f99-4677-83ea-3f35f0b0c768,200,,False,400.262,27.16,106,78.18,True,41,logs,106.0,1.6133403999999999e-06
104,burst,live,python-optimised,python,optimised,1024,measure,burst,off,True,,1,,python-optimised-1,,1789974921.558,2026-09-21T07:15:21.558+00:00,de78594a-686f-4edf-b8fd-48619b93b63b,200,,False,519.974,16.41,17,,False,41,logs,17.0,4.266678e-07
105,burst,live,python-optimised,python,optimised,1024,measure,burst,off,True,,1,,python-optimised-1,,1789974921.558,2026-09-21T07:15:21.557+00:00,4ae388c5-e0cf-4606-9cb6-3410c9686f5f,200,,False,432.804,30.68,118,87.09,True,41,logs,118.0,1.7733412e-06
107,burst,live,python-optimised,python,optimised,1024,measure,burst,off,True,,1,,python-optimised-1,,1789974921.558,2026-09-21T07:15:21.558+00:00,08d5a385-faa8-4530-93bc-036e7e83a934,200,,False,426.987,33.07,132,98.8,True,41,logs,132.0,1.9600088e-06
110,burst,live,python-optimised,python,optimised,1024,measure,burst,off,True,,1,,python-optimised-1,,1789974921.558,2026-09-21T07:15:21.558+00:00,cd22170e-bf8b-4035-9e51-63c722311921,200,,False,431.865,33.63,125,91.12,True,41,logs,125.0,1.866675e-06
112,burst,live,python-optimised,python,optimised,1024,measure,burst,off,True,,1,,python-optimised-1,,1789974921.559,2026-09-21T07:15:21.558+00:00,3ceb3bb7-203c-4649-b63e-ff3b4dd54992,200,,False,441.52,27.67,119,90.89,True,41,logs,119.0,1.7866746e-06
113,burst,live,python-optimised,python,optimised,1024,measure,burst,off,True,,1,,python-optimised-1,,1789974921.559,2026-09-21T07:15:21.558+00:00,2220b919-7c53-409a-b44d-c868b851ad45,200,,False,441.68,12.51,88,75.1,True,41,logs,88.0,1.3733392e-06
116,burst,live,python-optimised,python,optimised,1024,measure,burst,off,True,,1,,python-optimised-1,,1789974921.56,2026-09-21T07:15:21.559+00:00,7b48ce44-c26e-433b-a503-8d8269dd11d7,200,,False,430.231,27.47,121,93.49,True,41,logs,121.0,1.8133414e-06
117,burst,live,python-optimised,python,optimised,1024,measure,burst,off,True,,1,,python-optimised-1,,1789974921.56,2026-09-21T07:15:21.560+00:00,f52c3587-00f1-437a-a9c8-16792cb526eb,200,,False,404.627,12.87,105,91.62,True,43,logs,105.0,1.600007e-06
115,burst,live,python-optimised,python,optimised,1024,measure,burst,off,True,,1,,python-optimised-1,,1789974921.561,2026-09-21T07:15:21.560+00:00,dd117c5f-8f6f-43e0-b2c0-be5772f444b7,200,,False,409.533,27.13,115,87.77,True,41,logs,115.0,1.733341e-06
103,burst,live,python-optimised,python,optimised,1024,measure,burst,off,True,,1,,python-optimised-1,,1789974921.562,2026-09-21T07:15:21.561+00:00,8261d9cd-68d8-46ff-b49a-d50c39cc4931,200,,False,503.731,18.95,19,,False,41,logs,19.0,4.533346e-07
114,burst,live,python-optimised,python,optimised,1024,measure,burst,off,True,,1,,python-optimised-1,,1789974921.563,2026-09-21T07:15:21.563+00:00,e2ffcaf8-8d78-46ed-9751-d08a729cd8f7,200,,False,543.957,26.34,27,,False,41,logs,27.0,5.600018e-07
102,burst,live,python-optimised,python,optimised,1024,measure,burst,off,True,,1,,python-optimised-1,,1789974921.565,2026-09-21T07:15:21.564+00:00,66cffb6c-6d53-4608-856d-af190ca91221,200,,False,528.927,18.51,19,,False,41,logs,19.0,4.533346e-07
106,burst,live,python-optimised,python,optimised,1024,measure,burst,off,True,,1,,python-optimised-1,,1789974921.566,2026-09-21T07:15:21.565+00:00,ba51c814-8cbf-48ee-98b5-39571be873c7,200,,False,543.47,16.34,17,,False,41,logs,17.0,4.266678e-07
111,burst,live,python-optimised,python,optimised,1024,measure,burst,off,True,,1,,python-optimised-1,,1789974921.566,2026-09-21T07:15:21.566+00:00,203a89ad-379d-47de-824d-24ed3a655a74,200,,False,573.574,29.39,30,,False,41,logs,30.0,6.00002e-07
118,burst,live,python-optimised,python,optimised,1024,measure,burst,off,True,,1,,python-optimised-1,,1789974921.567,2026-09-21T07:15:21.567+00:00,e98b671f-430f-4ae1-ad71-a37e06f3fa93,200,,False,552.224,16.48,17,,False,41,logs,17.0,4.266678e-07
108,burst,live,python-optimised,python,optimised,1024,measure,burst,off,True,,1,,python-optimised-1,,1789974921.568,2026-09-21T07:15:21.567+00:00,b7f859cc-ddec-49c4-964c-d7d5c9737ff1,200,,False,528.155,29.03,30,,False,41,logs,30.0,6.00002e-07
109,burst,live,python-optimised,python,optimised,1024,measure,burst,off,True,,1,,python-optimised-1,,1789974921.569,2026-09-21T07:15:21.569+00:00,9dcb7c3c-425d-4bbc-8dbd-37be6bd16742,200,,False,552.483,30.24,31,,False,41,logs,31.0,6.133354e-07
121,burst,live,python-optimised,python,optimised,1024,measure,burst,off,True,,2,,python-optimised-2,,1789974924.221,2026-09-21T07:15:24.220+00:00,70398162-173a-4772-bf18-9dabb2e48225,200,,False,418.669,20.05,116,95.45,True,41,logs,116.0,1.7466744e-06
128,burst,live,python-optimised,python,optimised,1024,measure,burst,off,True,,2,,python-optimised-2,,1789974924.221,2026-09-21T07:15:24.221+00:00,c7132c4c-b408-448f-b63b-8fdfe469ba27,200,,False,409.94,29.16,119,89.55,True,41,logs,119.0,1.7866746e-06
129,burst,live,python-optimised,python,optimised,1024,measure,burst,off,True,,2,,python-optimised-2,,1789974924.221,2026-09-21T07:15:24.221+00:00,ecb87c6e-0670-434d-ace0-4ffe489366fd,200,,False,413.044,19.05,116,96.31,True,41,logs,116.0,1.7466744e-06
131,burst,live,python-optimised,python,optimised,1024,measure,burst,off,True,,2,,python-optimised-2,,1789974924.221,2026-09-21T07:15:24.221+00:00,a01d1462-72bb-404d-9d03-e842d132e9ae,200,,False,370.977,16.01,95,78.04,True,41,logs,95.0,1.466673e-06
139,burst,live,python-optimised,python,optimised,1024,measure,burst,off,True,,2,,python-optimised-2,,1789974924.221,2026-09-21T07:15:24.220+00:00,17d2e193-5061-4263-9d5c-549a1e38680f,200,,False,401.811,27.89,119,90.94,True,41,logs,119.0,1.7866746e-06
125,burst,live,python-optimised,python,optimised,1024,measure,burst,off,True,,2,,python-optimised-2,,1789974924.222,2026-09-21T07:15:24.221+00:00,b39c3b40-52f2-4b86-a896-58b0fb369002,200,,False,383.995,22.94,119,95.51,True,41,logs,119.0,1.7866746e-06
132,burst,live,python-optimised,python,optimised,1024,measure,burst,off,True,,2,,python-optimised-2,,1789974924.222,2026-09-21T07:15:24.222+00:00,219106bb-8492-495b-bb26-866ce6dba798,200,,False,406.077,13.9,80,65.94,True,41,logs,80.0,1.266672e-06
133,burst,live,python-optimised,python,optimised,1024,measure,burst,off,True,,2,,python-optimised-2,,1789974924.222,2026-09-21T07:15:24.221+00:00,5c5edb7f-7915-44d7-80bb-fc98ac3e3031,200,,False,445.848,30.48,147,116.03,True,41,logs,147.0,2.1600097999999996e-06
138,burst,live,python-optimised,python,optimised,1024,measure,burst,off,True,,2,,python-optimised-2,,1789974924.222,2026-09-21T07:15:24.222+00:00,66feda7c-27ad-445b-9e97-a9c291a260aa,200,,False,396.562,33.46,119,85.26,True,41,logs,119.0,1.7866746e-06
123,burst,live,python-optimised,python,optimised,1024,measure,burst,off,True,,2,,python-optimised-2,,1789974924.223,2026-09-21T07:15:24.222+00:00,4eb2ff3d-306b-40a1-a709-bd732a5f2ed9,200,,False,504.189,33.9,34,,False,41,logs,34.0,6.533356e-07
126,burst,live,python-optimised,python,optimised,1024,measure,burst,off,True,,2,,python-optimised-2,,1789974924.223,2026-09-21T07:15:24.222+00:00,fb113bfe-6ffe-435c-8eb4-909fce981dca,200,,False,516.194,16.74,17,,False,41,logs,17.0,4.266678e-07
127,burst,live,python-optimised,python,optimised,1024,measure,burst,off,True,,2,,python-optimised-2,,1789974924.223,2026-09-21T07:15:24.222+00:00,46e4c7a2-5143-4814-9b4c-4e5500ebab9b,200,,False,519.055,16.88,199,181.85,True,41,logs,199.0,2.8533466e-06
130,burst,live,python-optimised,python,optimised,1024,measure,burst,off,True,,2,,python-optimised-2,,1789974924.223,2026-09-21T07:15:24.223+00:00,d6a1cdce-21fe-43a8-898a-45b2b19439ed,200,,False,524.45,26.38,27,,False,41,logs,27.0,5.600018e-07
134,burst,live,python-optimised,python,optimised,1024,measure,burst,off,True,,2,,python-optimised-2,,1789974924.223,2026-09-21T07:15:24.223+00:00,403832eb-a132-4b1f-93df-661020b3443f,200,,False,508.219,30.23,31,,False,41,logs,31.0,6.133354e-07
120,burst,live,python-optimised,python,optimised,1024,measure,burst,off,True,,2,,python-optimised-2,,1789974924.224,2026-09-21T07:15:24.224+00:00,933f602e-8fa7-4e38-95b7-1b27286d20cf,200,,False,525.976,16.99,17,,False,41,logs,17.0,4.266678e-07
135,burst,live,python-optimised,python,optimised,1024,measure,burst,off,True,,2,,python-optimised-2,,1789974924.224,2026-09-21T07:15:24.223+00:00,d72d9492-6428-428e-9461-4448188b50a7,200,,False,526.372,15.5,16,,False,41,logs,16.0,4.133344e-07
136,burst,live,python-optimised,python,optimised,1024,measure,burst,off,True,,2,,python-optimised-2,,1789974924.224,2026-09-21T07:15:24.223+00:00,77d754f8-43ab-44ca-ba4b-9acd079680b2,200,,False,546.056,34.74,35,,False,41,logs,35.0,6.666690000000001e-07
137,burst,live,python-optimised,python,optimised,1024,measure,burst,off,True,,2,,python-optimised-2,,1789974924.224,2026-09-21T07:15:24.224+00:00,44a1eacd-04ad-475d-a68f-3f39dc6cce85,200,,False,505.283,16.14,17,,False,41,logs,17.0,4.266678e-07
122,burst,live,python-optimised,python,optimised,1024,measure,burst,off,True,,2,,python-optimised-2,,1789974924.225,2026-09-21T07:15:24.224+00:00,e584d6f5-fb63-4d6a-92fc-37d4c9e92290,200,,False,488.463,17.99,18,,False,41,logs,18.0,4.400012e-07
124,burst,live,python-optimised,python,optimised,1024,measure,burst,off,True,,2,,python-optimised-2,,1789974924.225,2026-09-21T07:15:24.224+00:00,b70dbcdf-86da-4282-8454-1f93a2c26690,200,,False,509.267,23.49,24,,False,41,logs,24.0,5.200016e-07
159,burst,live,nodejs-optimised,nodejs,optimised,1024,measure,burst,off,True,,2,,nodejs-optimised-2,,1789974926.792,2026-09-21T07:15:26.792+00:00,39ec2fb6-ab0e-4834-88bb-6c592def85e8,200,,False,905.618,127.85,128,,False,79,logs,128.0,1.9066752000000001e-06
140,burst,live,nodejs-optimised,nodejs,optimised,1024,measure,burst,off,True,,2,,nodejs-optimised-2,,1789974926.793,2026-09-21T07:15:26.792+00:00,898d5467-15f3-49e1-a439-c614c2b1a19f,200,,False,651.471,201.81,351,148.56,True,81,logs,351.0,4.880023399999999e-06
142,burst,live,nodejs-optimised,nodejs,optimised,1024,measure,burst,off,True,,2,,nodejs-optimised-2,,1789974926.794,2026-09-21T07:15:26.793+00:00,6611bb16-3ed8-471f-a656-0f7b03892c5c,200,,False,655.301,194.9,346,150.75,True,80,logs,346.0,4.8133564e-06
144,burst,live,nodejs-optimised,nodejs,optimised,1024,measure,burst,off,True,,2,,nodejs-optimised-2,,1789974926.795,2026-09-21T07:15:26.794+00:00,3874ab7f-2904-4632-a4ae-008aa6cc50fb,200,,False,694.02,225.78,388,162.1,True,79,logs,388.0,5.3733592e-06
146,burst,live,nodejs-optimised,nodejs,optimised,1024,measure,burst,off,True,,2,,nodejs-optimised-2,,1789974926.796,2026-09-21T07:15:26.795+00:00,29790567-7721-4d81-9aee-5ea2af8c37cf,200,,False,625.803,176.64,307,129.82,True,79,logs,307.0,4.2933537999999995e-06
148,burst,live,nodejs-optimised,nodejs,optimised,1024,measure,burst,off,True,,2,,nodejs-optimised-2,,1789974926.796,2026-09-21T07:15:26.796+00:00,92599dd5-d1d1-4bf3-8d2b-6c4e736ccdb0,200,,False,664.748,205.21,362,155.93,True,79,logs,362.0,5.026690799999999e-06
149,burst,live,nodejs-optimised,nodejs,optimised,1024,measure,burst,off,True,,2,,nodejs-optimised-2,,1789974926.797,2026-09-21T07:15:26.796+00:00,972d5c07-e318-49e0-b871-80d6a248fa5f,200,,False,581.037,152.45,283,130.31,True,78,logs,283.0,3.973352199999999e-06
152,burst,live,nodejs-optimised,nodejs,optimised,1024,measure,burst,off,True,,2,,nodejs-optimised-2,,1789974926.797,2026-09-21T07:15:26.797+00:00,60013a4a-f1d8-4a25-9626-3d95066bac5d,200,,False,622.023,170.85,336,164.45,True,79,logs,336.0,4.6800224e-06
154,burst,live,nodejs-optimised,nodejs,optimised,1024,measure,burst,off,True,,2,,nodejs-optimised-2,,1789974926.798,2026-09-21T07:15:26.797+00:00,47da8d45-cc2b-4df4-ac68-9c6298e90a94,200,,False,1569.849,147.42,148,,False,83,logs,148.0,2.1733432e-06
155,burst,live,nodejs-optimised,nodejs,optimised,1024,measure,burst,off,True,,2,,nodejs-optimised-2,,1789974926.798,2026-09-21T07:15:26.798+00:00,afb4b855-d152-4936-8454-160ccd030793,200,,False,674.001,197.6,382,183.82,True,79,logs,382.0,5.2933588e-06
141,burst,live,nodejs-optimised,nodejs,optimised,1024,measure,burst,off,True,,2,,nodejs-optimised-2,,1789974926.799,2026-09-21T07:15:26.799+00:00,d08ba276-c2ec-4604-b1e3-03f4c4957bd1,200,,False,623.25,176.31,323,146.19,True,79,logs,323.0,4.5066882e-06
158,burst,live,nodejs-optimised,nodejs,optimised,1024,measure,burst,off,True,,2,,nodejs-optimised-2,,1789974926.799,2026-09-21T07:15:26.798+00:00,b2d203d6-db6a-4a0b-8024-eed57bc33749,200,,False,641.328,196.03,348,151.5,True,79,logs,348.0,4.8400232e-06
143,burst,live,nodejs-optimised,nodejs,optimised,1024,measure,burst,off,True,,2,,nodejs-optimised-2,,1789974926.8,2026-09-21T07:15:26.800+00:00,82cf75b0-33c8-4c0a-a933-34a33361daab,200,,False,1561.77,136.83,137,,False,79,logs,137.0,2.0266758e-06
145,burst,live,nodejs-optimised,nodejs,optimised,1024,measure,burst,off,True,,2,,nodejs-optimised-2,,1789974926.801,2026-09-21T07:15:26.800+00:00,e293fcf1-b379-4b17-afe2-dec6e3438267,200,,False,1189.066,132.56,133,,False,80,logs,133.0,1.9733422e-06
147,burst,live,nodejs-optimised,nodejs,optimised,1024,measure,burst,off,True,,2,,nodejs-optimised-2,,1789974926.801,2026-09-21T07:15:26.801+00:00,97aeb737-9998-46fb-ad36-03c145e049b0,200,,False,1765.463,132.85,133,,False,83,logs,133.0,1.9733422e-06
150,burst,live,nodejs-optimised,nodejs,optimised,1024,measure,burst,off,True,,2,,nodejs-optimised-2,,1789974926.801,2026-09-21T07:15:26.801+00:00,2dad5ee5-a079-43d4-8995-a95846d36fcf,200,,False,1228.286,137.75,138,,False,79,logs,138.0,2.0400092000000003e-06
151,burst,live,nodejs-optimised,nodejs,optimised,1024,measure,burst,off,True,,2,,nodejs-optimised-2,,1789974926.802,2026-09-21T07:15:26.802+00:00,fc38450b-b0c0-4256-b40b-0a4f6edf0ddb,200,,False,981.181,126.26,127,,False,80,logs,127.0,1.8933418e-06
153,burst,live,nodejs-optimised,nodejs,optimised,1024,measure,burst,off,True,,2,,nodejs-optimised-2,,1789974926.803,2026-09-21T07:15:26.802+00:00,c0a2a587-ef0a-4c0a-a548-109f7c6de30e,200,,False,1682.498,130.33,131,,False,79,logs,131.0,1.9466754e-06
157,burst,live,nodejs-optimised,nodejs,optimised,1024,measure,burst,off,True,,2,,nodejs-optimised-2,,1789974926.804,2026-09-21T07:15:26.803+00:00,c49903fd-d5ef-4b0e-bb03-145f69d2199e,200,,False,1319.668,124.97,125,,False,80,logs,125.0,1.866675e-06
156,burst,live,nodejs-optimised,nodejs,optimised,1024,measure,burst,off,True,,2,,nodejs-optimised-2,,1789974926.806,2026-09-21T07:15:26.805+00:00,1154c75e-99da-44d0-b3c4-83001ee7f5e2,200,,False,865.47,141.66,142,,False,79,logs,142.0,2.0933427999999998e-06
179,burst,live,java-optimised,java,optimised,1024,measure,burst,off,True,,2,,java-optimised-2,,1789974930.698,2026-09-21T07:15:30.698+00:00,11941f64-fd21-4237-ad28-e95d434af6d4,200,,False,1111.004,46.94,47,,False,107,logs,47.0,8.266698e-07
160,burst,live,java-optimised,java,optimised,1024,measure,burst,off,True,,2,,java-optimised-2,,1789974930.699,2026-09-21T07:15:30.698+00:00,17ed9af8-e8a9-49b2-a9cb-73f41d178f0b,200,,False,831.922,126.43,527,400.0,True,109,logs,527.0,7.2267018e-06
164,burst,live,java-optimised,java,optimised,1024,measure,burst,off,True,,2,,java-optimised-2,,1789974930.7,2026-09-21T07:15:30.699+00:00,4d8bed8a-7400-4773-9a01-065be1e33902,200,,False,1309.087,48.65,49,,False,107,logs,49.0,8.533366e-07
165,burst,live,java-optimised,java,optimised,1024,measure,burst,off,True,,2,,java-optimised-2,,1789974930.7,2026-09-21T07:15:30.700+00:00,11c934d8-cb3a-4b46-9a0f-405237b20a37,200,,False,809.963,111.97,480,367.11,True,107,logs,480.0,6.6000319999999995e-06
161,burst,live,java-optimised,java,optimised,1024,measure,burst,off,True,,2,,java-optimised-2,,1789974930.701,2026-09-21T07:15:30.701+00:00,65f1f49e-ac4f-495d-a5a9-468601d71030,200,,False,939.778,140.62,612,470.64,True,110,logs,612.0,8.3600408e-06
168,burst,live,java-optimised,java,optimised,1024,measure,burst,off,True,,2,,java-optimised-2,,1789974930.702,2026-09-21T07:15:30.702+00:00,ef593111-cb4f-4b6f-87d3-283dc9d7ccff,200,,False,812.742,145.63,510,364.32,True,111,logs,510.0,7.0000339999999996e-06
169,burst,live,java-optimised,java,optimised,1024,measure,burst,off,True,,2,,java-optimised-2,,1789974930.703,2026-09-21T07:15:30.702+00:00,15b915bc-4a2a-4891-88bb-d13e6cb1bd68,200,,False,837.004,132.5,512,378.57,True,107,logs,512.0,7.0267008e-06
172,burst,live,java-optimised,java,optimised,1024,measure,burst,off,True,,2,,java-optimised-2,,1789974930.704,2026-09-21T07:15:30.703+00:00,71166fb5-3a4c-4765-85b4-f82f13e52fa7,200,,False,808.723,124.83,510,384.49,True,107,logs,510.0,7.0000339999999996e-06
173,burst,live,java-optimised,java,optimised,1024,measure,burst,off,True,,2,,java-optimised-2,,1789974930.704,2026-09-21T07:15:30.703+00:00,baf6b930-1682-419e-81f9-d84d5752e9e5,200,,False,895.074,141.07,575,433.91,True,107,logs,575.0,7.866704999999999e-06
178,burst,live,java-optimised,java,optimised,1024,measure,burst,off,True,,2,,java-optimised-2,,1789974930.705,2026-09-21T07:15:30.704+00:00,c7996bca-2fbc-477a-9284-e9a220944dc9,200,,False,968.765,145.92,648,501.7,True,109,logs,648.0,8.840043200000001e-06
166,burst,live,java-optimised,java,optimised,1024,measure,burst,off,True,,2,,java-optimised-2,,1789974930.706,2026-09-21T07:15:30.705+00:00,9aa42cd5-107a-4ad8-9998-910541d43efa,200,,False,751.861,110.04,436,325.9,True,109,logs,436.0,6.0133624e-06
177,burst,live,java-optimised,java,optimised,1024,measure,burst,off,True,,2,,java-optimised-2,,1789974930.707,2026-09-21T07:15:30.706+00:00,9c581257-941a-47bd-827b-f40209ef2532,200,,False,879.296,138.7,572,433.0,True,107,logs,572.0,7.8267048e-06
162,burst,live,java-optimised,java,optimised,1024,measure,burst,off,True,,2,,java-optimised-2,,1789974930.708,2026-09-21T07:15:30.707+00:00,b9a3dd2b-4120-4de3-84bb-8c9443e2b674,200,,False,877.825,28.72,29,,False,107,logs,29.0,5.866686000000001e-07
176,burst,live,java-optimised,java,optimised,1024,measure,burst,off,True,,2,,java-optimised-2,,1789974930.708,2026-09-21T07:15:30.708+00:00,3ce53a3f-5441-4922-902e-2b5a0fba96f1,200,,False,1061.604,42.63,43,,False,109,logs,43.0,7.733362e-07
171,burst,live,java-optimised,java,optimised,1024,measure,burst,off,True,,2,,java-optimised-2,,1789974930.73,2026-09-21T07:15:30.729+00:00,03e6f1a7-cb51-4aa7-a4c8-98628e23580c,200,,False,1564.942,40.76,41,,False,110,logs,41.0,7.466694e-07
175,burst,live,java-optimised,java,optimised,1024,measure,burst,off,True,,2,,java-optimised-2,,1789974930.73,2026-09-21T07:15:30.730+00:00,0a66de34-37c8-47e1-b619-f9c45ed16c41,200,,False,1583.528,43.18,44,,False,107,logs,44.0,7.866696e-07
167,burst,live,java-optimised,java,optimised,1024,measure,burst,off,True,,2,,java-optimised-2,,1789974930.731,2026-09-21T07:15:30.731+00:00,46803579-7be1-4b9a-8961-d90c5884e452,200,,False,1478.946,37.43,38,,False,110,logs,38.0,7.066692e-07
170,burst,live,java-optimised,java,optimised,1024,measure,burst,off,True,,2,,java-optimised-2,,1789974930.732,2026-09-21T07:15:30.732+00:00,b146febd-b23c-487c-8475-b370f91bcac9,200,,False,1187.967,36.21,37,,False,107,logs,37.0,6.933357999999999e-07
174,burst,live,java-optimised,java,optimised,1024,measure,burst,off,True,,2,,java-optimised-2,,1789974930.732,2026-09-21T07:15:30.731+00:00,90ea9801-600e-40d1-9f78-643f27aadbbf,200,,False,1458.419,41.85,42,,False,107,logs,42.0,7.600028e-07
163,burst,live,java-optimised,java,optimised,1024,measure,burst,off,True,,2,,java-optimised-2,,1789974930.733,2026-09-21T07:15:30.733+00:00,2911cbc3-1f7f-4608-862f-309877644815,200,,False,1079.618,48.84,49,,False,110,logs,49.0,8.533366e-07
180,burst,live,python-optimised,python,optimised,1024,measure,burst,off,True,,3,,python-optimised-3,,1789974934.433,2026-09-21T07:15:34.433+00:00,3d520a9f-5322-4a9f-b86e-d1a9564b0aaa,200,,False,427.056,17.05,118,100.15,True,41,logs,118.0,1.7733412e-06
199,burst,live,python-optimised,python,optimised,1024,measure,burst,off,True,,3,,python-optimised-3,,1789974934.433,2026-09-21T07:15:34.432+00:00,d8131376-7ba2-4ec6-873a-1c25adb64e8a,200,,False,435.259,19.05,125,105.48,True,41,logs,125.0,1.866675e-06
184,burst,live,python-optimised,python,optimised,1024,measure,burst,off,True,,3,,python-optimised-3,,1789974934.435,2026-09-21T07:15:34.434+00:00,c14d31b9-b321-4bb3-ac59-cf0a969272a8,200,,False,360.908,13.63,92,77.84,True,41,logs,92.0,1.4266728e-06
181,burst,live,python-optimised,python,optimised,1024,measure,burst,off,True,,3,,python-optimised-3,,1789974934.436,2026-09-21T07:15:34.436+00:00,9bec9977-083b-47fc-9b1d-602d0c17691e,200,,False,394.062,16.74,110,92.38,True,41,logs,110.0,1.666674e-06
186,burst,live,python-optimised,python,optimised,1024,measure,burst,off,True,,3,,python-optimised-3,,1789974934.436,2026-09-21T07:15:34.435+00:00,e430fdf8-746d-4758-8efa-8460a0c75068,200,,False,377.989,17.93,107,88.6,True,41,logs,107.0,1.6266738e-06
188,burst,live,python-optimised,python,optimised,1024,measure,burst,off,True,,3,,python-optimised-3,,1789974934.437,2026-09-21T07:15:34.437+00:00,07c7477a-a5d7-405b-994b-eba3280edbe9,200,,False,356.241,12.54,85,71.67,True,41,logs,85.0,1.333339e-06
191,burst,live,python-optimised,python,optimised,1024,measure,burst,off,True,,3,,python-optimised-3,,1789974934.438,2026-09-21T07:15:34.438+00:00,3d6d31aa-5082-4160-a595-17bd51bb20cc,200,,False,380.056,18.73,108,88.64,True,41,logs,108.0,1.6400072e-06
196,burst,live,python-optimised,python,optimised,1024,measure,burst,off,True,,3,,python-optimised-3,,1789974934.439,2026-09-21T07:15:34.438+00:00,9e705d73-7116-45d4-9951-0b9c31751498,200,,False,414.042,19.93,124,103.07,True,41,logs,124.0,1.8533416e-06
194,burst,live,python-optimised,python,optimised,1024,measure,burst,off,True,,3,,python-optimised-3,,1789974934.44,2026-09-21T07:15:34.440+00:00,d50d7900-8566-468a-a905-11ad2111ce2a,200,,False,417.294,13.87,110,95.3,True,41,logs,110.0,1.666674e-06
185,burst,live,python-optimised,python,optimised,1024,measure,burst,off,True,,3,,python-optimised-3,,1789974934.441,2026-09-21T07:15:34.441+00:00,ae844eeb-bd0c-475b-9785-5aae09b9ae9c,200,,False,414.045,20.79,113,92.2,True,41,logs,113.0,1.7066742000000001e-06
183,burst,live,python-optimised,python,optimised,1024,measure,burst,off,True,,3,,python-optimised-3,,1789974934.442,2026-09-21T07:15:34.441+00:00,44fe2b16-622e-4a17-87a9-da6c7263c66b,200,,False,554.065,21.79,22,,False,41,logs,22.0,4.933348e-07
187,burst,live,python-optimised,python,optimised,1024,measure,burst,off,True,,3,,python-optimised-3,,1789974934.443,2026-09-21T07:15:34.442+00:00,5e6f8648-f38d-4f9e-9eff-8a3fb8a54fab,200,,False,531.357,24.02,25,,False,41,logs,25.0,5.33335e-07
195,burst,live,python-optimised,python,optimised,1024,measure,burst,off,True,,3,,python-optimised-3,,1789974934.443,2026-09-21T07:15:34.443+00:00,3a8c33b0-9e87-479b-983b-9ff0526b0333,200,,False,521.594,17.48,18,,False,41,logs,18.0,4.400012e-07
193,burst,live,python-optimised,python,optimised,1024,measure,burst,off,True,,3,,python-optimised-3,,1789974934.444,2026-09-21T07:15:34.443+00:00,986dd271-9b95-49fb-a306-1842efbd16a8,200,,False,506.278,16.55,17,,False,41,logs,17.0,4.266678e-07
189,burst,live,python-optimised,python,optimised,1024,measure,burst,off,True,,3,,python-optimised-3,,1789974934.446,2026-09-21T07:15:34.446+00:00,86a70728-646e-4edf-ac09-f4cfcb450ca7,200,,False,554.658,25.77,26,,False,41,logs,26.0,5.466683999999999e-07
192,burst,live,python-optimised,python,optimised,1024,measure,burst,off,True,,3,,python-optimised-3,,1789974934.446,2026-09-21T07:15:34.445+00:00,54f78327-8031-4f61-b82f-2e5d43f68678,200,,False,531.186,13.48,14,,False,41,logs,14.0,3.866676e-07
182,burst,live,python-optimised,python,optimised,1024,measure,burst,off,True,,3,,python-optimised-3,,1789974934.447,2026-09-21T07:15:34.446+00:00,ebd7ae72-587c-4d05-b1c8-8d4d3db8df51,200,,False,539.603,27.48,28,,False,41,logs,28.0,5.733352e-07
197,burst,live,python-optimised,python,optimised,1024,measure,burst,off,True,,3,,python-optimised-3,,1789974934.448,2026-09-21T07:15:34.447+00:00,0a50f8e4-6088-4e9e-864f-3ed329c9cf39,200,,False,555.718,30.88,31,,False,41,logs,31.0,6.133354e-07
198,burst,live,python-optimised,python,optimised,1024,measure,burst,off,True,,3,,python-optimised-3,,1789974934.448,2026-09-21T07:15:34.448+00:00,433f2f4f-084c-43a1-bb81-87c8f9f8bd78,200,,False,533.289,28.2,29,,False,41,logs,29.0,5.866686000000001e-07
190,burst,live,python-optimised,python,optimised,1024,measure,burst,off,True,,3,,python-optimised-3,,1789974934.449,2026-09-21T07:15:34.449+00:00,9771672c-041b-4c7c-8b0b-c626d730317c,200,,False,506.179,17.93,18,,False,41,logs,18.0,4.400012e-07
200,burst,live,nodejs-optimised,nodejs,optimised,1024,measure,burst,off,True,,3,,nodejs-optimised-3,,1789974937.131,2026-09-21T07:15:37.131+00:00,faeeaf33-8467-48d9-be68-30f595416ed3,200,,False,658.144,191.77,357,165.13,True,78,logs,357.0,4.9600238e-06
219,burst,live,nodejs-optimised,nodejs,optimised,1024,measure,burst,off,True,,3,,nodejs-optimised-3,,1789974937.131,2026-09-21T07:15:37.130+00:00,4aab8767-27b0-4bea-98d0-253a4ce1f0d5,200,,False,591.463,176.33,319,141.84,True,79,logs,319.0,4.4533546e-06
204,burst,live,nodejs-optimised,nodejs,optimised,1024,measure,burst,off,True,,3,,nodejs-optimised-3,,1789974937.132,2026-09-21T07:15:37.132+00:00,e1dd6834-d06d-426d-92e5-d0cd60b5271f,200,,False,624.197,189.6,323,132.71,True,78,logs,323.0,4.5066882e-06
205,burst,live,nodejs-optimised,nodejs,optimised,1024,measure,burst,off,True,,3,,nodejs-optimised-3,,1789974937.133,2026-09-21T07:15:37.133+00:00,d90d5db4-2233-44c9-86e2-49fb2beefad2,200,,False,625.584,196.21,348,151.06,True,78,logs,348.0,4.8400232e-06
208,burst,live,nodejs-optimised,nodejs,optimised,1024,measure,burst,off,True,,3,,nodejs-optimised-3,,1789974937.134,2026-09-21T07:15:37.134+00:00,74cc9666-2b03-4de5-b975-5be2c625d988,200,,False,562.761,151.04,271,119.95,True,78,logs,271.0,3.8133514000000005e-06
209,burst,live,nodejs-optimised,nodejs,optimised,1024,measure,burst,off,True,,3,,nodejs-optimised-3,,1789974937.135,2026-09-21T07:15:37.134+00:00,e66e1fc6-febc-4719-8714-7f6b9bf19080,200,,False,666.834,196.51,346,148.66,True,79,logs,346.0,4.8133564e-06
212,burst,live,nodejs-optimised,nodejs,optimised,1024,measure,burst,off,True,,3,,nodejs-optimised-3,,1789974937.136,2026-09-21T07:15:37.135+00:00,4ce01619-d7ab-4653-aa34-3e9f309f5eb0,200,,False,681.138,204.08,365,160.19,True,78,logs,365.0,5.066691e-06
213,burst,live,nodejs-optimised,nodejs,optimised,1024,measure,burst,off,True,,3,,nodejs-optimised-3,,1789974937.136,2026-09-21T07:15:37.136+00:00,4aac6f71-8b26-4f5f-8625-b7c90c752386,200,,False,655.514,200.26,352,151.65,True,80,logs,352.0,4.8933568e-06
203,burst,live,nodejs-optimised,nodejs,optimised,1024,measure,burst,off,True,,3,,nodejs-optimised-3,,1789974937.137,2026-09-21T07:15:37.137+00:00,c6346c07-d959-4cc0-8494-fd73bde1752f,200,,False,643.703,202.46,368,165.47,True,78,logs,368.0,5.1066912e-06
202,burst,live,nodejs-optimised,nodejs,optimised,1024,measure,burst,off,True,,3,,nodejs-optimised-3,,1789974937.138,2026-09-21T07:15:37.138+00:00,0e564355-6298-42a9-ad0e-15851ea688e6,200,,False,1165.617,131.35,132,,False,79,logs,132.0,1.9600088e-06
206,burst,live,nodejs-optimised,nodejs,optimised,1024,measure,burst,off,True,,3,,nodejs-optimised-3,,1789974937.138,2026-09-21T07:15:37.137+00:00,833d7673-3988-423d-bab8-720e71aea351,200,,False,683.605,208.67,367,157.4,True,78,logs,367.0,5.0933578e-06
211,burst,live,nodejs-optimised,nodejs,optimised,1024,measure,burst,off,True,,3,,nodejs-optimised-3,,1789974937.139,2026-09-21T07:15:37.139+00:00,ea511543-75ef-4508-a431-8abbd5817d1f,200,,False,1654.554,136.14,137,,False,78,logs,137.0,2.0266758e-06
207,burst,live,nodejs-optimised,nodejs,optimised,1024,measure,burst,off,True,,3,,nodejs-optimised-3,,1789974937.14,2026-09-21T07:15:37.139+00:00,f1c3624d-1750-45fa-ba6a-3ab2ea6bbbc2,200,,False,981.849,117.15,118,,False,79,logs,118.0,1.7733412e-06
210,burst,live,nodejs-optimised,nodejs,optimised,1024,measure,burst,off,True,,3,,nodejs-optimised-3,,1789974937.14,2026-09-21T07:15:37.140+00:00,0e6687b7-6242-477e-89b3-f04e00ae161d,200,,False,1666.052,125.74,126,,False,78,logs,126.0,1.8800084e-06
215,burst,live,nodejs-optimised,nodejs,optimised,1024,measure,burst,off,True,,3,,nodejs-optimised-3,,1789974937.141,2026-09-21T07:15:37.140+00:00,a90f79b8-6f2e-405b-ba61-1b72fb148d73,200,,False,1293.682,136.03,137,,False,78,logs,137.0,2.0266758e-06
201,burst,live,nodejs-optimised,nodejs,optimised,1024,measure,burst,off,True,,3,,nodejs-optimised-3,,1789974937.142,2026-09-21T07:15:37.142+00:00,ded577f0-ac03-41c2-baad-5b35d547d959,200,,False,861.83,145.62,146,,False,78,logs,146.0,2.1466764e-06
214,burst,live,nodejs-optimised,nodejs,optimised,1024,measure,burst,off,True,,3,,nodejs-optimised-3,,1789974937.142,2026-09-21T07:15:37.141+00:00,96f68946-331e-43ab-aaff-11a50ca47519,200,,False,1551.503,129.51,130,,False,78,logs,130.0,1.933342e-06
216,burst,live,nodejs-optimised,nodejs,optimised,1024,measure,burst,off,True,,3,,nodejs-optimised-3,,1789974937.143,2026-09-21T07:15:37.143+00:00,8aa32828-d0c4-4ff6-a639-cb4fa6a3e4f7,200,,False,1426.398,125.93,126,,False,79,logs,126.0,1.8800084e-06
217,burst,live,nodejs-optimised,nodejs,optimised,1024,measure,burst,off,True,,3,,nodejs-optimised-3,,1789974937.144,2026-09-21T07:15:37.143+00:00,ca419daf-82af-4385-983c-ca5b0063246f,200,,False,1607.031,149.79,150,,False,82,logs,150.0,2.20001e-06
218,burst,live,nodejs-optimised,nodejs,optimised,1024,measure,burst,off,True,,3,,nodejs-optimised-3,,1789974937.145,2026-09-21T07:15:37.144+00:00,5264d064-fb02-4cf5-b350-4eeff72f7fc0,200,,False,907.051,119.55,120,,False,78,logs,120.0,1.800008e-06
239,burst,live,java-optimised,java,optimised,1024,measure,burst,off,True,,3,,java-optimised-3,,1789974940.846,2026-09-21T07:15:40.846+00:00,4e1fbd73-9a64-4522-b088-f541dddc34ee,200,,False,1643.918,41.15,42,,False,109,logs,42.0,7.600028e-07
220,burst,live,java-optimised,java,optimised,1024,measure,burst,off,True,,3,,java-optimised-3,,1789974940.847,2026-09-21T07:15:40.846+00:00,4be0f0d4-780a-44cd-bcb0-8012b0110f35,200,,False,857.738,135.02,561,425.74,True,109,logs,561.0,7.6800374e-06
222,burst,live,java-optimised,java,optimised,1024,measure,burst,off,True,,3,,java-optimised-3,,1789974940.848,2026-09-21T07:15:40.848+00:00,ea13a04e-4292-4d28-82f4-e32d8610a44d,200,,False,1273.462,38.35,39,,False,107,logs,39.0,7.200026e-07
223,burst,live,java-optimised,java,optimised,1024,measure,burst,off,True,,3,,java-optimised-3,,1789974940.848,2026-09-21T07:15:40.848+00:00,e588436b-8746-407e-934a-5c1741977209,200,,False,900.136,126.93,561,433.9,True,107,logs,561.0,7.6800374e-06
224,burst,live,java-optimised,java,optimised,1024,measure,burst,off,True,,3,,java-optimised-3,,1789974940.849,2026-09-21T07:15:40.848+00:00,11b854b7-92f6-432f-9bf7-0349f5fdcd29,200,,False,887.216,120.84,546,424.59,True,107,logs,546.0,7.4800364e-06
227,burst,live,java-optimised,java,optimised,1024,measure,burst,off,True,,3,,java-optimised-3,,1789974940.85,2026-09-21T07:15:40.849+00:00,9f0edd58-8700-4df8-910e-3ab20a68da4d,200,,False,930.017,51.96,52,,False,109,logs,52.0,8.933368e-07
228,burst,live,java-optimised,java,optimised,1024,measure,burst,off,True,,3,,java-optimised-3,,1789974940.85,2026-09-21T07:15:40.849+00:00,3f516c5a-87c1-47f1-8c78-3ef3685b50af,200,,False,767.172,97.08,428,330.76,True,109,logs,428.0,5.9066952e-06
230,burst,live,java-optimised,java,optimised,1024,measure,burst,off,True,,3,,java-optimised-3,,1789974940.85,2026-09-21T07:15:40.850+00:00,34d252e1-b9ab-4d44-8f97-9bb3723f9636,200,,False,764.431,108.71,433,323.92,True,109,logs,433.0,5.9733621999999995e-06
233,burst,live,java-optimised,java,optimised,1024,measure,burst,off,True,,3,,java-optimised-3,,1789974940.851,2026-09-21T07:15:40.850+00:00,8f5c3ffb-ae49-479e-838b-91d83040dc25,200,,False,881.701,137.53,585,447.46,True,107,logs,585.0,8.000039e-06
234,burst,live,java-optimised,java,optimised,1024,measure,burst,off,True,,3,,java-optimised-3,,1789974940.851,2026-09-21T07:15:40.851+00:00,f969ad70-57c6-42fd-9e11-69119106ae17,200,,False,842.308,118.83,565,445.88,True,109,logs,565.0,7.733371e-06
235,burst,live,java-optimised,java,optimised,1024,measure,burst,off,True,,3,,java-optimised-3,,1789974940.852,2026-09-21T07:15:40.851+00:00,3e5191de-11ea-49e5-8595-b780de973c2f,200,,False,912.149,143.01,637,493.91,True,109,logs,637.0,8.6933758e-06
238,burst,live,java-optimised,java,optimised,1024,measure,burst,off,True,,3,,java-optimised-3,,1789974940.852,2026-09-21T07:15:40.852+00:00,ae4f97b0-8021-449f-bcd0-e4446f49ac95,200,,False,879.894,129.45,572,441.59,True,109,logs,572.0,7.8267048e-06
221,burst,live,java-optimised,java,optimised,1024,measure,burst,off,True,,3,,java-optimised-3,,1789974940.853,2026-09-21T07:15:40.852+00:00,11efe6a0-8830-4eb9-8f86-f02724286f1b,200,,False,797.184,123.9,497,372.99,True,111,logs,497.0,6.8266997999999995e-06
225,burst,live,java-optimised,java,optimised,1024,measure,burst,off,True,,3,,java-optimised-3,,1789974940.854,2026-09-21T07:15:40.853+00:00,82bf89ef-181c-4f8d-a2fe-ce0ccd4495e6,200,,False,1011.769,43.42,44,,False,109,logs,44.0,7.866696e-07
226,burst,live,java-optimised,java,optimised,1024,measure,burst,off,True,,3,,java-optimised-3,,1789974940.854,2026-09-21T07:15:40.854+00:00,cbe7b817-818c-4f83-8010-fb818538f923,200,,False,1087.032,36.85,37,,False,107,logs,37.0,6.933357999999999e-07
229,burst,live,java-optimised,java,optimised,1024,measure,burst,off,True,,3,,java-optimised-3,,1789974940.855,2026-09-21T07:15:40.854+00:00,0c2ccc2f-d08e-4e6b-abaf-18b10772befe,200,,False,1579.236,45.21,46,,False,109,logs,46.0,8.133364e-07
231,burst,live,java-optimised,java,optimised,1024,measure,burst,off,True,,3,,java-optimised-3,,1789974940.856,2026-09-21T07:15:40.855+00:00,06d8baf2-0840-4c73-bdc6-64bc6a25a781,200,,False,1317.897,47.58,48,,False,109,logs,48.0,8.400032e-07
232,burst,live,java-optimised,java,optimised,1024,measure,burst,off,True,,3,,java-optimised-3,,1789974940.856,2026-09-21T07:15:40.856+00:00,762e3659-8cb1-446e-b6e7-a252dd8a7b8b,200,,False,850.914,36.84,37,,False,109,logs,37.0,6.933357999999999e-07
237,burst,live,java-optimised,java,optimised,1024,measure,burst,off,True,,3,,java-optimised-3,,1789974940.857,2026-09-21T07:15:40.857+00:00,ac20d59e-7d30-488e-81c7-52f81b3205f4,200,,False,1060.548,55.11,56,,False,109,logs,56.0,9.466704e-07
236,burst,live,java-optimised,java,optimised,1024,measure,burst,off,True,,3,,java-optimised-3,,1789974940.859,2026-09-21T07:15:40.858+00:00,ca2896de-d77a-496f-ac4e-3627e861e82e,200,,False,1048.045,37.99,38,,False,109,logs,38.0,7.066692e-07
259,burst,live,nodejs-optimised,nodejs,optimised,1024,measure,burst,off,True,,4,,nodejs-optimised-4,,1789974944.567,2026-09-21T07:15:44.567+00:00,e5c24cd0-27b9-49f8-9413-70c37bd63a21,200,,False,1611.704,124.71,125,,False,78,logs,125.0,1.866675e-06
240,burst,live,nodejs-optimised,nodejs,optimised,1024,measure,burst,off,True,,4,,nodejs-optimised-4,,1789974944.568,2026-09-21T07:15:44.567+00:00,5a1789f1-4115-4dd5-bc15-0ae05cb1f425,200,,False,588.468,167.42,291,122.75,True,78,logs,291.0,4.0800194e-06
242,burst,live,nodejs-optimised,nodejs,optimised,1024,measure,burst,off,True,,4,,nodejs-optimised-4,,1789974944.569,2026-09-21T07:15:44.568+00:00,e7eea29a-2de9-4f48-9547-083bb870f7c8,200,,False,574.164,164.86,290,125.01,True,79,logs,290.0,4.0666859999999996e-06
245,burst,live,nodejs-optimised,nodejs,optimised,1024,measure,burst,off,True,,4,,nodejs-optimised-4,,1789974944.57,2026-09-21T07:15:44.569+00:00,6dfe79d8-79d1-4867-9d8e-c5806a2d5bbc,200,,False,658.868,194.54,335,140.02,True,78,logs,335.0,4.6666890000000005e-06
243,burst,live,nodejs-optimised,nodejs,optimised,1024,measure,burst,off,True,,4,,nodejs-optimised-4,,1789974944.571,2026-09-21T07:15:44.570+00:00,f2bf3f28-075f-4c54-8bf1-9796f85e937f,200,,False,627.505,178.3,326,147.63,True,78,logs,326.0,4.5466884e-06
250,burst,live,nodejs-optimised,nodejs,optimised,1024,measure,burst,off,True,,4,,nodejs-optimised-4,,1789974944.571,2026-09-21T07:15:44.571+00:00,57c54773-ca47-4624-b2c1-7b878809e4ac,200,,False,633.505,190.01,336,145.78,True,78,logs,336.0,4.6800224e-06
252,burst,live,nodejs-optimised,nodejs,optimised,1024,measure,burst,off,True,,4,,nodejs-optimised-4,,1789974944.572,2026-09-21T07:15:44.572+00:00,43be9b73-b678-451d-a1d4-ed762dd2c453,200,,False,658.731,210.07,364,153.15,True,78,logs,364.0,5.053357599999999e-06
248,burst,live,nodejs-optimised,nodejs,optimised,1024,measure,burst,off,True,,4,,nodejs-optimised-4,,1789974944.573,2026-09-21T07:15:44.573+00:00,390a2f63-57c1-4e66-a5e5-ce5e4f8fb565,200,,False,536.505,152.1,266,113.11,True,78,logs,266.0,3.7466844000000002e-06
253,burst,live,nodejs-optimised,nodejs,optimised,1024,measure,burst,off,True,,4,,nodejs-optimised-4,,1789974944.573,2026-09-21T07:15:44.572+00:00,3aae3b9d-263b-4c93-84ac-8eb9cbe07394,200,,False,628.9,204.96,350,144.2,True,78,logs,350.0,4.86669e-06
249,burst,live,nodejs-optimised,nodejs,optimised,1024,measure,burst,off,True,,4,,nodejs-optimised-4,,1789974944.574,2026-09-21T07:15:44.574+00:00,4c9521fc-569a-43a1-8e20-9dc7ef01dd89,200,,False,551.206,150.48,266,115.39,True,78,logs,266.0,3.7466844000000002e-06
255,burst,live,nodejs-optimised,nodejs,optimised,1024,measure,burst,off,True,,4,,nodejs-optimised-4,,1789974944.575,2026-09-21T07:15:44.575+00:00,e423905e-ab68-4ca8-bd81-07a36690c4c5,200,,False,647.625,216.71,362,145.05,True,79,logs,362.0,5.026690799999999e-06
258,burst,live,nodejs-optimised,nodejs,optimised,1024,measure,burst,off,True,,4,,nodejs-optimised-4,,1789974944.576,2026-09-21T07:15:44.575+00:00,351c7e83-286e-4454-a9f2-eb833d6708d2,200,,False,657.484,111.13,112,,False,78,logs,112.0,1.6933408e-06
257,burst,live,nodejs-optimised,nodejs,optimised,1024,measure,burst,off,True,,4,,nodejs-optimised-4,,1789974944.577,2026-09-21T07:15:44.577+00:00,8f88a738-b0de-4015-90a5-e67a8681c795,200,,False,838.605,132.96,133,,False,78,logs,133.0,1.9733422e-06
254,burst,live,nodejs-optimised,nodejs,optimised,1024,measure,burst,off,True,,4,,nodejs-optimised-4,,1789974944.578,2026-09-21T07:15:44.578+00:00,7fc5bc1b-929c-4104-bffa-27bd8c604f1a,200,,False,1595.012,151.7,152,,False,82,logs,152.0,2.2266768e-06
241,burst,live,nodejs-optimised,nodejs,optimised,1024,measure,burst,off,True,,4,,nodejs-optimised-4,,1789974944.579,2026-09-21T07:15:44.578+00:00,46c3fc35-9449-4810-9696-73eda451e7c9,200,,False,1111.885,132.84,133,,False,78,logs,133.0,1.9733422e-06
246,burst,live,nodejs-optimised,nodejs,optimised,1024,measure,burst,off,True,,4,,nodejs-optimised-4,,1789974944.579,2026-09-21T07:15:44.579+00:00,d70e0dca-c36d-46cf-89de-080e43e6d6aa,200,,False,1689.326,96.5,97,,False,78,logs,97.0,1.4933398000000001e-06
244,burst,live,nodejs-optimised,nodejs,optimised,1024,measure,burst,off,True,,4,,nodejs-optimised-4,,1789974944.58,2026-09-21T07:15:44.580+00:00,712dea7c-f8de-4570-9060-326aca598787,200,,False,1799.626,126.97,127,,False,78,logs,127.0,1.8933418e-06
256,burst,live,nodejs-optimised,nodejs,optimised,1024,measure,burst,off,True,,4,,nodejs-optimised-4,,1789974944.581,2026-09-21T07:15:44.581+00:00,62b229f4-6872-4dec-9eea-37a5bc5204fe,200,,False,947.26,129.01,130,,False,78,logs,130.0,1.933342e-06
247,burst,live,nodejs-optimised,nodejs,optimised,1024,measure,burst,off,True,,4,,nodejs-optimised-4,,1789974944.582,2026-09-21T07:15:44.582+00:00,9941b611-7eb9-47d2-b81d-730ddfc800c3,200,,False,1823.599,132.18,133,,False,83,logs,133.0,1.9733422e-06
251,burst,live,nodejs-optimised,nodejs,optimised,1024,measure,burst,off,True,,4,,nodejs-optimised-4,,1789974944.582,2026-09-21T07:15:44.581+00:00,4294e2c3-ad82-42d8-833a-71e50ddd224d,200,,False,1270.263,123.96,124,,False,78,logs,124.0,1.8533416e-06
279,burst,live,python-optimised,python,optimised,1024,measure,burst,off,True,,4,,python-optimised-4,,1789974948.508,2026-09-21T07:15:48.507+00:00,58715f7c-aa60-4d70-9a61-0e5db19609bd,200,,False,427.605,32.81,123,89.31,True,41,logs,123.0,1.8400082e-06
260,burst,live,python-optimised,python,optimised,1024,measure,burst,off,True,,4,,python-optimised-4,,1789974948.509,2026-09-21T07:15:48.508+00:00,b3633087-621a-45b6-a5c3-1ea86026a4d6,200,,False,372.43,18.4,105,85.86,True,41,logs,105.0,1.600007e-06
263,burst,live,python-optimised,python,optimised,1024,measure,burst,off,True,,4,,python-optimised-4,,1789974948.51,2026-09-21T07:15:48.509+00:00,eb39bedc-3f5c-46dd-86e5-b6e24a43c235,200,,False,414.33,27.07,115,87.09,True,41,logs,115.0,1.733341e-06
265,burst,live,python-optimised,python,optimised,1024,measure,burst,off,True,,4,,python-optimised-4,,1789974948.511,2026-09-21T07:15:48.510+00:00,71d0e65d-cb3f-4257-87cd-17c5c56d3997,200,,False,417.561,16.82,110,92.42,True,43,logs,110.0,1.666674e-06
261,burst,live,python-optimised,python,optimised,1024,measure,burst,off,True,,4,,python-optimised-4,,1789974948.512,2026-09-21T07:15:48.511+00:00,90f5b216-ecce-4ad9-b969-d215ea719a94,200,,False,344.175,14.2,85,70.77,True,41,logs,85.0,1.333339e-06
266,burst,live,python-optimised,python,optimised,1024,measure,burst,off,True,,4,,python-optimised-4,,1789974948.513,2026-09-21T07:15:48.513+00:00,62b3f0bc-e807-484d-aa3f-988ae1135db5,200,,False,389.235,31.26,102,70.59,True,41,logs,102.0,1.5600068e-06
269,burst,live,python-optimised,python,optimised,1024,measure,burst,off,True,,4,,python-optimised-4,,1789974948.513,2026-09-21T07:15:48.512+00:00,9d5c714f-5d2d-403c-9ab7-4b11c9a306e3,200,,False,399.376,17.03,103,85.1,True,41,logs,103.0,1.5733402e-06
272,burst,live,python-optimised,python,optimised,1024,measure,burst,off,True,,4,,python-optimised-4,,1789974948.514,2026-09-21T07:15:48.513+00:00,f5958480-ce38-4b9f-9a34-8fbaa22a6294,200,,False,411.368,27.71,118,90.09,True,41,logs,118.0,1.7733412e-06
276,burst,live,python-optimised,python,optimised,1024,measure,burst,off,True,,4,,python-optimised-4,,1789974948.514,2026-09-21T07:15:48.514+00:00,8912ad7b-d0d9-4a66-a6c3-ea4b970f88b6,200,,False,360.74,12.99,84,70.92,True,41,logs,84.0,1.3200056e-06
262,burst,live,python-optimised,python,optimised,1024,measure,burst,off,True,,4,,python-optimised-4,,1789974948.515,2026-09-21T07:15:48.515+00:00,4b882235-4825-4284-8b9a-960744decb19,200,,False,406.582,34.09,123,88.75,True,41,logs,123.0,1.8400082e-06
264,burst,live,python-optimised,python,optimised,1024,measure,burst,off,True,,4,,python-optimised-4,,1789974948.516,2026-09-21T07:15:48.515+00:00,005b4908-1c63-40ad-9042-05cd71180164,200,,False,545.739,26.16,27,,False,41,logs,27.0,5.600018e-07
271,burst,live,python-optimised,python,optimised,1024,measure,burst,off,True,,4,,python-optimised-4,,1789974948.517,2026-09-21T07:15:48.516+00:00,f2b55c72-57ca-45b1-8aef-3b136d459ce7,200,,False,534.648,22.73,23,,False,41,logs,23.0,5.066682e-07
277,burst,live,python-optimised,python,optimised,1024,measure,burst,off,True,,4,,python-optimised-4,,1789974948.517,2026-09-21T07:15:48.517+00:00,b6e438cd-7f6c-4835-85e6-2432a4ce0a9e,200,,False,530.248,27.18,28,,False,41,logs,28.0,5.733352e-07
278,burst,live,python-optimised,python,optimised,1024,measure,burst,off,True,,4,,python-optimised-4,,1789974948.518,2026-09-21T07:15:48.518+00:00,57c6f580-db0a-4c56-8e1a-93a52a74f972,200,,False,552.867,19.03,20,,False,41,logs,20.0,4.66668e-07
275,burst,live,python-optimised,python,optimised,1024,measure,burst,off,True,,4,,python-optimised-4,,1789974948.519,2026-09-21T07:15:48.518+00:00,8598b38b-9129-4afa-b54e-09a69edf18bc,200,,False,533.126,16.5,17,,False,41,logs,17.0,4.266678e-07
270,burst,live,python-optimised,python,optimised,1024,measure,burst,off,True,,4,,python-optimised-4,,1789974948.52,2026-09-21T07:15:48.519+00:00,0e7ce1ba-6d11-4b0e-bda0-6fdb03298c08,200,,False,524.746,16.34,17,,False,43,logs,17.0,4.266678e-07
274,burst,live,python-optimised,python,optimised,1024,measure,burst,off,True,,4,,python-optimised-4,,1789974948.521,2026-09-21T07:15:48.520+00:00,fcfe6df8-52ff-471f-9e7b-985da747fb9b,200,,False,526.06,17.4,18,,False,41,logs,18.0,4.400012e-07
268,burst,live,python-optimised,python,optimised,1024,measure,burst,off,True,,4,,python-optimised-4,,1789974948.522,2026-09-21T07:15:48.521+00:00,bb5b363e-190f-43d0-a400-de7c70393bdd,200,,False,535.962,26.17,27,,False,41,logs,27.0,5.600018e-07
273,burst,live,python-optimised,python,optimised,1024,measure,burst,off,True,,4,,python-optimised-4,,1789974948.523,2026-09-21T07:15:48.523+00:00,85a4bc3f-b265-436f-8dbe-c784ad83cd87,200,,False,543.658,26.47,27,,False,41,logs,27.0,5.600018e-07
267,burst,live,python-optimised,python,optimised,1024,measure,burst,off,True,,4,,python-optimised-4,,1789974948.524,2026-09-21T07:15:48.524+00:00,5c3c25b6-4c85-4c03-beef-bd33120303ec,200,,False,528.308,14.75,15,,False,41,logs,15.0,4.00001e-07
280,burst,live,java-optimised,java,optimised,1024,measure,burst,off,True,,4,,java-optimised-4,,1789974951.226,2026-09-21T07:15:51.226+00:00,111e8ec4-a442-41cb-9be6-7f859bb226eb,200,,False,828.956,123.73,533,409.07,True,112,logs,533.0,7.3067022e-06
299,burst,live,java-optimised,java,optimised,1024,measure,burst,off,True,,4,,java-optimised-4,,1789974951.226,2026-09-21T07:15:51.225+00:00,c50afeed-e72e-48d7-ae0d-5779411a42ce,200,,False,755.562,121.53,453,331.11,True,109,logs,453.0,6.2400302e-06
282,burst,live,java-optimised,java,optimised,1024,measure,burst,off,True,,4,,java-optimised-4,,1789974951.228,2026-09-21T07:15:51.227+00:00,733460af-2f40-462b-8c00-a2b777ebbe8f,200,,False,902.024,121.46,568,446.36,True,108,logs,568.0,7.7733712e-06
285,burst,live,java-optimised,java,optimised,1024,measure,burst,off,True,,4,,java-optimised-4,,1789974951.228,2026-09-21T07:15:51.228+00:00,8b7ae055-03f2-4c1a-a072-4da375bce6e6,200,,False,873.727,121.03,571,449.42,True,109,logs,571.0,7.8133714e-06
286,burst,live,java-optimised,java,optimised,1024,measure,burst,off,True,,4,,java-optimised-4,,1789974951.229,2026-09-21T07:15:51.229+00:00,2aca62b7-8942-4506-9a3f-14dcc6712b57,200,,False,891.969,157.06,587,429.33,True,107,logs,587.0,8.026705799999999e-06
288,burst,live,java-optimised,java,optimised,1024,measure,burst,off,True,,4,,java-optimised-4,,1789974951.23,2026-09-21T07:15:51.229+00:00,9eb9a68e-1b2c-4e16-be7b-11eb23bb411f,200,,False,839.827,127.7,551,422.8,True,109,logs,551.0,7.5467034000000006e-06
290,burst,live,java-optimised,java,optimised,1024,measure,burst,off,True,,4,,java-optimised-4,,1789974951.231,2026-09-21T07:15:51.230+00:00,d63266ac-763f-4ee1-9b4f-158340d3d890,200,,False,856.136,116.04,549,432.47,True,111,logs,549.0,7.520036600000001e-06
296,burst,live,java-optimised,java,optimised,1024,measure,burst,off,True,,4,,java-optimised-4,,1789974951.232,2026-09-21T07:15:51.231+00:00,fd019158-6ed4-421f-8017-baa727c77526,200,,False,864.558,129.43,568,437.78,True,109,logs,568.0,7.7733712e-06
294,burst,live,java-optimised,java,optimised,1024,measure,burst,off,True,,4,,java-optimised-4,,1789974951.233,2026-09-21T07:15:51.233+00:00,7dfd6307-007b-46cb-a9f3-e30685acb843,200,,False,870.941,135.38,576,439.93,True,109,logs,576.0,7.8800384e-06
284,burst,live,java-optimised,java,optimised,1024,measure,burst,off,True,,4,,java-optimised-4,,1789974951.234,2026-09-21T07:15:51.233+00:00,d7a96456-74bd-4e91-b775-f9c961af3525,200,,False,816.923,130.78,551,420.06,True,107,logs,551.0,7.5467034000000006e-06
287,burst,live,java-optimised,java,optimised,1024,measure,burst,off,True,,4,,java-optimised-4,,1789974951.235,2026-09-21T07:15:51.234+00:00,3c713bae-fd11-4671-a936-82f209a47788,200,,False,872.371,47.22,48,,False,112,logs,48.0,8.400032e-07
289,burst,live,java-optimised,java,optimised,1024,measure,burst,off,True,,4,,java-optimised-4,,1789974951.235,2026-09-21T07:15:51.235+00:00,5c610d20-1f0c-415d-b60b-d9d56de23376,200,,False,1204.573,39.39,40,,False,107,logs,40.0,7.33336e-07
292,burst,live,java-optimised,java,optimised,1024,measure,burst,off,True,,4,,java-optimised-4,,1789974951.236,2026-09-21T07:15:51.236+00:00,60f543ba-3e7e-44a2-b1e4-4ee85b94858f,200,,False,1209.555,32.69,33,,False,108,logs,33.0,6.400022e-07
298,burst,live,java-optimised,java,optimised,1024,measure,burst,off,True,,4,,java-optimised-4,,1789974951.236,2026-09-21T07:15:51.235+00:00,b263123a-b857-4020-b243-886765acd885,200,,False,1328.6,36.68,37,,False,107,logs,37.0,6.933357999999999e-07
295,burst,live,java-optimised,java,optimised,1024,measure,burst,off,True,,4,,java-optimised-4,,1789974951.237,2026-09-21T07:15:51.236+00:00,2bb425eb-746d-4ba0-a487-59ba63dfac4b,200,,False,1169.441,50.59,51,,False,108,logs,51.0,8.800034e-07
281,burst,live,java-optimised,java,optimised,1024,measure,burst,off,True,,4,,java-optimised-4,,1789974951.238,2026-09-21T07:15:51.237+00:00,d15a7fa2-22c1-4fa2-a1cc-e7bf6e6a7f79,200,,False,871.496,46.84,47,,False,107,logs,47.0,8.266698e-07
283,burst,live,java-optimised,java,optimised,1024,measure,burst,off,True,,4,,java-optimised-4,,1789974951.238,2026-09-21T07:15:51.238+00:00,013f7457-38d9-4a7f-bef8-b3f4092b7488,200,,False,943.83,38.31,39,,False,108,logs,39.0,7.200026e-07
293,burst,live,java-optimised,java,optimised,1024,measure,burst,off,True,,4,,java-optimised-4,,1789974951.239,2026-09-21T07:15:51.239+00:00,319462b1-2092-4e38-9f4d-49e4d48ddfed,200,,False,2613.574,41.12,42,,False,107,logs,42.0,7.600028e-07
297,burst,live,java-optimised,java,optimised,1024,measure,burst,off,True,,4,,java-optimised-4,,1789974951.241,2026-09-21T07:15:51.240+00:00,eb9d7be6-9feb-416d-b15f-9a49b114eb40,200,,False,1207.405,46.05,47,,False,109,logs,47.0,8.266698e-07
291,burst,live,java-optimised,java,optimised,1024,measure,burst,off,True,,4,,java-optimised-4,,1789974951.242,2026-09-21T07:15:51.241+00:00,a1da7321-77fb-45ab-9f88-9ce25b5181b0,200,,False,1295.068,36.0,37,,False,108,logs,37.0,6.933357999999999e-07
