seed,phase,window,start,label,injection_id,category,block,burst,cold_starts,invocations,throttles,score_d1_ocsvm,pred_d1_ocsvm,score_d1_iforest,pred_d1_iforest,score_d1_primary,pred_d1_primary,score_d2_transfer,pred_d2_transfer,score_d3_thresholds,pred_d3_thresholds
2025,B,0,1780358400.0,False,-1,,0,False,0.0,12.0,0.0,-1.1176681931297168,False,0.3876991630796234,False,-1.1176681931297168,False,0.24455063116099418,False,0.1366363286972046,False
2025,B,1,1780358460.0,False,-1,,0,False,0.0,5.0,0.0,-0.5129019560083758,False,0.4738512711728048,False,-0.5129019560083758,False,0.036683938886476364,False,0.13901004791259766,False
2025,B,2,1780358520.0,False,-1,,0,False,0.0,16.0,0.0,-1.1060720954003402,False,0.3778997200735745,False,-1.1060720954003402,False,0.3483801247404773,False,0.14416325092315674,False
2025,B,3,1780358580.0,False,-1,,0,False,0.0,16.0,0.0,-0.8346345321223279,False,0.38644206280400983,False,-0.8346345321223279,False,0.3483801247404773,False,0.12581574916839597,False
2025,B,4,1780358640.0,False,-1,,0,False,0.0,7.0,0.0,-1.5227013606380781,False,0.40929981876740557,False,-1.5227013606380781,False,0.09041902030251087,False,0.1724504470825195,False
2025,B,5,1780358700.0,False,-1,,0,False,0.0,10.0,0.0,-0.7847448438195128,False,0.4318619274914341,False,-0.7847448438195128,False,0.1842881608538789,False,0.11311278343200684,False
2025,B,6,1780358760.0,False,-1,,0,False,0.0,12.0,0.0,-0.4462645432695105,False,0.41874322647211326,False,-0.4462645432695105,False,0.24455063116099418,False,0.10804202556610107,False
2025,B,7,1780358820.0,False,-1,,0,True,0.0,107.0,0.0,-0.1965236970780131,False,0.6189830699105471,False,-0.1965236970780131,False,0.8128347400752006,True,0.16200780868530273,False
2025,B,8,1780358880.0,False,-1,,0,True,0.0,101.0,0.0,-0.20074256286872316,False,0.6161573601240685,False,-0.20074256286872316,False,0.806097423547682,True,0.1694488525390625,False
2025,B,9,1780358940.0,False,-1,,0,True,0.0,34.0,0.0,-1.4774919964154956,False,0.39370760215341666,False,-1.4774919964154956,False,0.5994968631203155,True,0.16195402145385743,False
2025,B,10,1780359000.0,False,-1,,0,False,0.0,11.0,0.0,-1.4283111451572568,False,0.3888731566844202,False,-1.4283111451572568,False,0.21499157607060515,False,0.140531063079834,False
2025,B,11,1780359060.0,True,0,dependency_timeout,0,False,0.0,11.0,0.0,4.490681288578891,True,0.5576493692404644,False,4.490681288578891,True,1.0,True,20.047271728515625,True
2025,B,12,1780359120.0,True,0,dependency_timeout,0,False,1.0,12.0,0.0,4.490681288578891,True,0.690847230998983,False,4.490681288578891,True,1.0,True,999999999.9999999,True
2025,B,13,1780359180.0,True,0,dependency_timeout,0,False,0.0,11.0,0.0,4.490681288578891,True,0.5329658788745789,False,4.490681288578891,True,1.0,True,999999999.9999999,True
2025,B,14,1780359240.0,False,-1,,0,False,0.0,10.0,0.0,-1.527577198298367,False,0.3896988497808547,False,-1.527577198298367,False,0.1842881608538789,False,0.13918731212615967,False
2025,B,15,1780359300.0,False,-1,,0,False,0.0,13.0,0.0,-1.3849137742938389,False,0.37563424302157833,False,-1.3849137742938389,False,0.2727417982240277,False,0.14478988647460936,False
2025,B,16,1780359360.0,False,-1,,0,False,0.0,5.0,0.0,-0.9736809695243149,False,0.4700429091758676,False,-0.9736809695243149,False,0.036683938886476364,False,0.18673954010009766,False
2025,B,17,1780359420.0,False,-1,,0,False,1.0,17.0,0.0,-0.2082467766584699,False,0.5786270461816749,False,-0.2082467766584699,False,1.7835329516433285e-05,False,0.13717260360717773,False
2025,B,18,1780359480.0,False,-1,,0,False,0.0,14.0,0.0,-0.9447309575740448,False,0.409960690834471,False,-0.9447309575740448,False,0.29945633811066746,False,0.1794116497039795,False
2025,B,19,1780359540.0,True,1,permission_denied,0,False,0.0,5.0,0.0,4.4763846881882925,True,0.5342497867455437,False,4.4763846881882925,True,2.283291834464131e-07,False,3.0,True
2025,B,20,1780359600.0,True,1,permission_denied,0,False,0.0,19.0,0.0,4.4906391915956245,True,0.477938605436675,False,4.4906391915956245,True,5.998599867776633e-07,False,7.0,True
2025,B,21,1780359660.0,True,1,permission_denied,0,False,0.0,7.0,0.0,4.357081271949741,True,0.48978191752628536,False,4.357081271949741,True,3.491732194332882e-07,False,2.0,True
2025,B,22,1780359720.0,True,1,permission_denied,0,False,0.0,7.0,0.0,4.487614343191174,True,0.5145637769573124,False,4.487614343191174,True,3.059273003851539e-07,False,4.0,True
2025,B,23,1780359780.0,False,-1,,0,False,0.0,9.0,0.0,-1.1818783253998513,False,0.3923879790836864,False,-1.1818783253998513,False,0.15282910832620436,False,0.12776660919189453,False
2025,B,24,1780359840.0,False,-1,,0,False,0.0,8.0,0.0,-0.023331654364031174,False,0.43012788159564497,False,-0.023331654364031174,False,0.12123243654708447,False,0.1247932195663452,False
2025,B,25,1780359900.0,False,-1,,0,False,0.0,14.0,0.0,-0.59756986206252,False,0.4082284769391126,False,-0.59756986206252,False,0.29945633811066746,False,0.11451363563537598,False
2025,B,26,1780359960.0,False,-1,,0,False,0.0,12.0,0.0,0.6642510208911476,False,0.5980615804591265,False,0.6642510208911476,False,6.018157426521544e-05,False,1.0,False
2025,B,27,1780360020.0,False,-1,,0,False,0.0,11.0,0.0,-0.974273416291231,False,0.41717463052213943,False,-0.974273416291231,False,0.21499157607060515,False,0.13658380508422852,False
2025,B,28,1780360080.0,False,-1,,0,False,0.0,11.0,0.0,-1.318512249706477,False,0.38802985099303766,False,-1.318512249706477,False,0.21499157607060515,False,0.1513803005218506,False
2025,B,29,1780360140.0,False,-1,,0,False,0.0,12.0,0.0,-1.423601866050805,False,0.3905093909279234,False,-1.423601866050805,False,0.24455063116099418,False,0.16254823207855223,False
2025,B,30,1780360200.0,False,-1,,0,False,0.0,8.0,0.0,-1.1726230585741924,False,0.41914780744489327,False,-1.1726230585741924,False,0.12123243654708447,False,0.18670032024383545,False
2025,B,31,1780360260.0,True,2,resource_exhaustion,0,False,1.0,8.0,0.0,4.490681288578891,True,0.694942739180833,True,4.490681288578891,True,1.0,True,999999999.9999999,True
2025,B,32,1780360320.0,True,2,resource_exhaustion,0,False,0.0,5.0,0.0,4.490681288578891,True,0.6358424483655807,False,4.490681288578891,True,1.0,True,999999999.9999999,True
2025,B,33,1780360380.0,True,2,resource_exhaustion,0,False,2.0,5.0,0.0,4.490681288578891,True,0.7086467090739164,True,4.490681288578891,True,1.0,True,999999999.9999999,True
2025,B,34,1780360440.0,True,2,resource_exhaustion,0,False,4.0,14.0,0.0,4.490681288578891,True,0.7065205616441741,True,4.490681288578891,True,1.0,True,3999999999.9999995,True
2025,B,35,1780360500.0,False,-1,,0,False,0.0,13.0,0.0,-0.35853584236370306,False,0.41510704286151145,False,-0.35853584236370306,False,0.2727417982240277,False,0.10825128555297851,False
2025,B,36,1780360560.0,False,-1,,0,False,0.0,8.0,0.0,-1.623212014142255,False,0.39145522754015444,False,-1.623212014142255,False,0.12123243654708447,False,0.16178336143493652,False
2025,B,37,1780360620.0,False,-1,,0,False,0.0,9.0,0.0,-1.208867979800842,False,0.39925781907266156,False,-1.208867979800842,False,0.15282910832620436,False,0.12666149139404295,False
2025,B,38,1780360680.0,False,-1,,0,False,0.0,13.0,0.0,-1.5122569609287702,False,0.3760786216877227,False,-1.5122569609287702,False,0.2727417982240277,False,0.1621933937072754,False
2025,B,39,1780360740.0,False,-1,,0,False,0.0,6.0,0.0,-0.31295345367495475,False,0.46745434758147464,False,-0.31295345367495475,False,0.06167876191882357,False,0.11459243297576904,False
2025,B,40,1780360800.0,True,3,dependency_timeout,0,False,3.0,10.0,0.0,4.490681288578891,True,0.6832186816834721,False,4.490681288578891,True,1.0,True,999999999.9999999,True
2025,B,41,1780360860.0,True,3,dependency_timeout,0,False,0.0,11.0,0.0,4.490681288578891,True,0.5631535131388136,False,4.490681288578891,True,1.0,True,20.039363384246826,True
2025,B,42,1780360920.0,True,3,dependency_timeout,0,False,0.0,8.0,0.0,4.490681288578891,True,0.5634322094585721,False,4.490681288578891,True,1.0,True,20.050230836868288,True
2025,B,43,1780360980.0,True,3,dependency_timeout,0,False,0.0,9.0,0.0,4.490681288578891,True,0.5954620575914074,False,4.490681288578891,True,1.0,True,20.038719749450685,True
2025,B,44,1780361040.0,False,-1,,0,False,0.0,12.0,0.0,-1.3096026541184411,False,0.39173148616958875,False,-1.3096026541184411,False,0.24455063116099418,False,0.13531084060668946,False
2025,B,45,1780361100.0,False,-1,,0,False,0.0,14.0,0.0,-0.932604247688186,False,0.3973527060540107,False,-0.932604247688186,False,0.29945633811066746,False,0.1391670227050781,False
2025,B,46,1780361160.0,False,-1,,0,False,0.0,11.0,0.0,-0.7830934480244434,False,0.41434868238805944,False,-0.7830934480244434,False,0.21499157607060515,False,0.16877388954162598,False
2025,B,47,1780361220.0,False,-1,,0,False,0.0,10.0,0.0,-1.0605906687085058,False,0.4132729945648629,False,-1.0605906687085058,False,0.1842881608538789,False,0.16228458881378174,False
2025,B,48,1780361280.0,False,-1,,0,False,0.0,3.0,0.0,-0.21672000779070189,False,0.5450851048054567,False,-0.21672000779070189,False,0.005277466365621823,False,0.11042442321777343,False
2025,B,49,1780361340.0,False,-1,,0,False,0.0,10.0,0.0,-1.341483980245961,False,0.4003420212151102,False,-1.341483980245961,False,0.1842881608538789,False,0.12882955074310304,False
2025,B,50,1780361400.0,False,-1,,0,False,0.0,9.0,0.0,4.060549403930892,True,0.472704972559255,False,4.060549403930892,True,0.15282910832620436,False,0.13046960830688475,False
2025,B,51,1780361460.0,True,4,permission_denied,0,False,0.0,12.0,0.0,4.305546499338706,True,0.4597228978573194,False,4.305546499338706,True,6.165422058829238e-07,False,2.0,True
2025,B,52,1780361520.0,True,4,permission_denied,0,False,0.0,9.0,0.0,4.486637152367108,True,0.4900871801560937,False,4.486637152367108,True,3.864139984717084e-07,False,4.0,True
2025,B,53,1780361580.0,True,4,permission_denied,0,False,0.0,12.0,0.0,4.490506130902371,True,0.4700887342900789,False,4.490506130902371,True,4.445503721202564e-07,False,6.0,True
2025,B,54,1780361640.0,True,4,permission_denied,0,False,0.0,9.0,0.0,-0.8571447978057529,False,0.408409996431652,False,-0.8571447978057529,False,0.15282910832620436,False,0.12107038497924803,False
2025,B,55,1780361700.0,False,-1,,0,False,0.0,10.0,0.0,-1.0604325104557457,False,0.3976099802015064,False,-1.0604325104557457,False,0.1842881608538789,False,0.14429376125335694,False
2025,B,56,1780361760.0,False,-1,,0,False,0.0,5.0,0.0,-1.2171339916971986,False,0.43657879680606443,False,-1.2171339916971986,False,0.036683938886476364,False,0.12145442962646484,False
2025,B,57,1780361820.0,False,-1,,0,False,0.0,13.0,0.0,-0.4037005227501993,False,0.4361386919370856,False,-0.4037005227501993,False,0.2727417982240277,False,0.11903944015502929,False
2025,B,58,1780361880.0,False,-1,,0,False,0.0,11.0,0.0,-1.5639067054174243,False,0.377825535699271,False,-1.5639067054174243,False,0.21499157607060515,False,0.16112422943115234,False
2025,B,59,1780361940.0,False,-1,,0,False,0.0,7.0,0.0,-0.7248219767781343,False,0.4402237624971099,False,-0.7248219767781343,False,0.09041902030251087,False,0.09992942810058592,False
2025,B,60,1780362000.0,False,-1,,0,False,0.0,14.0,0.0,-1.6086293823311077,False,0.3741577637226755,False,-1.6086293823311077,False,0.29945633811066746,False,0.17155041694641113,False
2025,B,61,1780362060.0,False,-1,,0,False,0.0,8.0,0.0,-0.5193027974411626,False,0.44600747385717116,False,-0.5193027974411626,False,0.12123243654708447,False,0.16516413688659667,False
2025,B,62,1780362120.0,True,5,config_error,0,False,0.0,5.0,0.0,-0.21741782500787465,False,0.49442994877419527,False,-0.21741782500787465,False,0.036683938886476364,False,0.117718505859375,False
2025,B,63,1780362180.0,True,5,config_error,0,False,0.0,9.0,0.0,4.490680931042182,True,0.5132161259592087,False,4.490680931042182,True,4.744680362601863e-10,False,9.0,True
2025,B,64,1780362240.0,True,5,config_error,0,False,0.0,7.0,0.0,4.490676750611606,True,0.5494045346122296,False,4.490676750611606,True,3.292103427667486e-09,False,7.0,True
2025,B,65,1780362300.0,True,5,config_error,0,False,0.0,6.0,0.0,4.49036577316739,True,0.5327719169816602,False,4.49036577316739,True,3.6621144543274274e-08,False,5.0,True
2025,B,66,1780362360.0,False,-1,,0,False,0.0,11.0,0.0,-1.2195641469904652,False,0.3821132878057018,False,-1.2195641469904652,False,0.21499157607060515,False,0.13222551345825195,False
2025,B,67,1780362420.0,False,-1,,0,False,0.0,10.0,0.0,-1.2107446219423093,False,0.39287366790660583,False,-1.2107446219423093,False,0.1842881608538789,False,0.1391765594482422,False
2025,B,68,1780362480.0,False,-1,,0,False,0.0,4.0,0.0,-1.3019312913422203,False,0.4733226099772186,False,-1.3019312913422203,False,0.017343794071682,False,0.12103936672210694,False
2025,B,69,1780362540.0,False,-1,,0,False,0.0,13.0,0.0,-1.2177336417830018,False,0.38247187169183317,False,-1.2177336417830018,False,0.2727417982240277,False,0.13988981246948243,False
2025,B,70,1780362600.0,False,-1,,0,False,0.0,9.0,0.0,-0.9546148384890012,False,0.43784683009012215,False,-0.9546148384890012,False,0.15282910832620436,False,0.19307880401611333,False
2025,B,71,1780362660.0,False,-1,,0,False,0.0,8.0,0.0,-1.3442151740820805,False,0.39077859883580823,False,-1.3442151740820805,False,0.12123243654708447,False,0.1393493890762329,False
2025,B,72,1780362720.0,False,-1,,0,False,0.0,9.0,0.0,-1.5600943234077311,False,0.38560400233413533,False,-1.5600943234077311,False,0.15282910832620436,False,0.14423246383666993,False
2025,B,73,1780362780.0,False,-1,,0,False,0.0,4.0,0.0,-0.7643990171475155,False,0.4758435188268726,False,-0.7643990171475155,False,0.017343794071682,False,0.12395915985107422,False
2025,B,74,1780362840.0,True,6,resource_exhaustion,0,False,0.0,9.0,0.0,4.490681288578891,True,0.5335396430628158,False,4.490681288578891,True,0.15282910832620436,False,0.22838621139526366,False
2025,B,75,1780362900.0,True,6,resource_exhaustion,0,False,1.0,5.0,0.0,4.490681288578891,True,0.7126694210229546,True,4.490681288578891,True,1.0,True,999999999.9999999,True
2025,B,76,1780362960.0,True,6,resource_exhaustion,0,False,1.0,5.0,0.0,4.490681288578891,True,0.7214878720506059,True,4.490681288578891,True,1.0,True,1999999999.9999998,True
2025,B,77,1780363020.0,True,6,resource_exhaustion,0,False,1.0,14.0,0.0,4.490681288578891,True,0.624122475920502,False,4.490681288578891,True,7.880351696086075e-06,False,0.1778101682662964,False
2025,B,78,1780363080.0,False,-1,,0,False,0.0,9.0,0.0,-1.1989556915437962,False,0.4171541946633955,False,-1.1989556915437962,False,0.15282910832620436,False,0.13382539749145508,False
2025,B,79,1780363140.0,False,-1,,0,False,0.0,7.0,0.0,-0.5862228906199949,False,0.4180248305833819,False,-0.5862228906199949,False,0.09041902030251087,False,0.11323771476745606,False
2025,B,80,1780363200.0,False,-1,,0,False,0.0,14.0,0.0,-0.8998125202947405,False,0.3959286541439695,False,-0.8998125202947405,False,0.29945633811066746,False,0.14733703136444087,False
2025,B,81,1780363260.0,False,-1,,0,False,0.0,7.0,0.0,-1.1643520939565075,False,0.42488911759429376,False,-1.1643520939565075,False,0.09041902030251087,False,0.1845370769500732,False
2025,B,82,1780363320.0,False,-1,,0,False,0.0,4.0,0.0,-1.3459374343620043,False,0.4678603670093366,False,-1.3459374343620043,False,0.017343794071682,False,0.12384762763977049,False
2025,B,83,1780363380.0,False,-1,,0,False,0.0,9.0,0.0,-0.015792918121607435,False,0.4557412455812026,False,-0.015792918121607435,False,0.15282910832620436,False,0.16341028213500977,False
2025,B,84,1780363440.0,False,-1,,0,False,0.0,12.0,0.0,-1.4857454430122123,False,0.37708609070143806,False,-1.4857454430122123,False,0.24455063116099418,False,0.1391793966293335,False
2025,B,85,1780363500.0,False,-1,,0,False,0.0,6.0,0.0,-1.2168773310196652,False,0.4402434438242911,False,-1.2168773310196652,False,0.06167876191882357,False,0.15547966957092282,False
2025,B,86,1780363560.0,True,7,dependency_timeout,0,False,1.0,11.0,0.0,4.490681288578891,True,0.6648513778315726,False,4.490681288578891,True,1.0,True,20.04954957962036,True
2025,B,87,1780363620.0,True,7,dependency_timeout,0,False,2.0,11.0,0.0,4.490681288578891,True,0.6957041888080217,True,4.490681288578891,True,1.0,True,3000000000.0,True
2025,B,88,1780363680.0,True,7,dependency_timeout,0,False,2.0,12.0,0.0,4.490681288578891,True,0.6940127805032225,True,4.490681288578891,True,1.0,True,1999999999.9999998,True
2025,B,89,1780363740.0,True,7,dependency_timeout,0,False,1.0,6.0,0.0,4.490681288578891,True,0.6993522611253714,True,4.490681288578891,True,1.0,True,20.049700260162354,True
2025,B,90,1780363800.0,True,7,dependency_timeout,0,False,0.0,9.0,0.0,4.490681288578891,True,0.5151030020043299,False,4.490681288578891,True,1.0,True,999999999.9999999,True
2025,B,91,1780363860.0,False,-1,,0,False,0.0,9.0,0.0,-1.5012406286494642,False,0.4003572385675103,False,-1.5012406286494642,False,0.15282910832620436,False,0.1564836502075195,False
2025,B,92,1780363920.0,False,-1,,0,False,0.0,6.0,0.0,-1.169284189474209,False,0.44004454198401305,False,-1.169284189474209,False,0.06167876191882357,False,0.1903771162033081,False
2025,B,93,1780363980.0,False,-1,,0,False,0.0,8.0,0.0,-1.5191893864823198,False,0.40327949432937904,False,-1.5191893864823198,False,0.12123243654708447,False,0.14120519161224365,False
2025,B,94,1780364040.0,False,-1,,0,False,0.0,7.0,0.0,-1.525123045032811,False,0.41120109790976,False,-1.525123045032811,False,0.09041902030251087,False,0.12620010375976562,False
2025,B,95,1780364100.0,False,-1,,0,False,0.0,8.0,0.0,-0.23686427054529435,False,0.4555614782747745,False,-0.23686427054529435,False,0.12123243654708447,False,0.17904219627380372,False
2025,B,96,1780364160.0,False,-1,,0,False,0.0,10.0,0.0,-1.3295380815790363,False,0.390553553921822,False,-1.3295380815790363,False,0.1842881608538789,False,0.1372744083404541,False
2025,B,97,1780364220.0,False,-1,,0,False,0.0,4.0,0.0,-1.1503322037228214,False,0.4703333417948478,False,-1.1503322037228214,False,0.017343794071682,False,0.1533264875411987,False
2025,B,98,1780364280.0,False,-1,,0,False,0.0,7.0,0.0,-1.40113932324397,False,0.4123225647151993,False,-1.40113932324397,False,0.09041902030251087,False,0.145170783996582,False
2025,B,99,1780364340.0,False,-1,,0,False,0.0,4.0,0.0,-0.5895600245794039,False,0.5022546533483296,False,-0.5895600245794039,False,0.017343794071682,False,0.1433807611465454,False
2025,B,100,1780364400.0,True,8,config_error,0,False,0.0,4.0,0.0,4.483041141273895,True,0.5686870226315383,False,4.483041141273895,True,2.010390169731755e-06,False,3.0,True
2025,B,101,1780364460.0,True,8,config_error,0,False,0.0,4.0,0.0,4.490051101730483,True,0.5708204957607035,False,4.490051101730483,True,8.895036907375472e-08,False,4.0,True
2025,B,102,1780364520.0,True,8,config_error,0,False,0.0,4.0,0.0,4.489884317164955,True,0.5672112905708138,False,4.489884317164955,True,8.895036907375472e-08,False,4.0,True
2025,B,103,1780364580.0,True,8,config_error,0,False,0.0,5.0,0.0,4.489431515262385,True,0.5472716720913053,False,4.489431515262385,True,1.7312471115552824e-07,False,4.0,True
2025,B,104,1780364640.0,False,-1,,0,False,0.0,6.0,0.0,-0.5980777576622911,False,0.4464421949398947,False,-0.5980777576622911,False,0.06167876191882357,False,0.13264334201812744,False
2025,B,105,1780364700.0,False,-1,,0,False,0.0,12.0,0.0,-1.4766350990850432,False,0.378288625595387,False,-1.4766350990850432,False,0.24455063116099418,False,0.13707752227783201,False
2025,B,106,1780364760.0,False,-1,,0,False,0.0,8.0,0.0,-0.5814883010655736,False,0.45374765286649343,False,-0.5814883010655736,False,0.12123243654708447,False,0.18852663040161133,False
2025,B,107,1780364820.0,False,-1,,0,False,0.0,7.0,0.0,0.34843835218146957,False,0.4792441808588663,False,0.34843835218146957,False,0.09041902030251087,False,0.2493608474731445,False
2025,B,108,1780364880.0,False,-1,,0,False,0.0,8.0,0.0,-1.287715801993408,False,0.40240030505858565,False,-1.287715801993408,False,0.12123243654708447,False,0.16285674571990966,False
2025,B,109,1780364940.0,False,-1,,0,False,0.0,4.0,0.0,-1.0190593709739675,False,0.5241779689641304,False,-1.0190593709739675,False,0.017343794071682,False,0.09839336872100832,False
2025,B,110,1780365000.0,True,9,resource_exhaustion,0,False,0.0,16.0,0.0,4.490681288578891,True,0.47104262638142036,False,4.490681288578891,True,0.3483801247404773,False,0.19025802612304688,False
2025,B,111,1780365060.0,True,9,resource_exhaustion,0,False,2.0,11.0,0.0,4.490681288578891,True,0.7068227116895881,True,4.490681288578891,True,1.0,True,999999999.9999999,True
2025,B,112,1780365120.0,True,9,resource_exhaustion,0,False,0.0,9.0,0.0,4.490681288578891,True,0.5995008038889366,False,4.490681288578891,True,1.0,True,999999999.9999999,True
2025,B,113,1780365180.0,True,9,resource_exhaustion,0,False,4.0,11.0,0.0,4.490681288578891,True,0.7161906050968904,True,4.490681288578891,True,1.0,True,5000000000.0,True
2025,B,114,1780365240.0,True,9,resource_exhaustion,0,False,1.0,6.0,0.0,4.49068128857889,True,0.6543891720233345,False,4.49068128857889,True,7.249050868400238e-08,False,0.19762539863586426,False
2025,B,115,1780365300.0,False,-1,,0,False,0.0,5.0,0.0,-0.7822873094405791,False,0.449183197422567,False,-0.7822873094405791,False,0.036683938886476364,False,0.10727863311767577,False
2025,B,116,1780365360.0,False,-1,,0,False,0.0,5.0,0.0,-1.088430835606788,False,0.4386503437252735,False,-1.088430835606788,False,0.036683938886476364,False,0.13033342361450195,False
2025,B,117,1780365420.0,False,-1,,0,False,0.0,7.0,0.0,-1.2390779022640261,False,0.40427343385142456,False,-1.2390779022640261,False,0.09041902030251087,False,0.12710890769958497,False
2025,B,118,1780365480.0,False,-1,,0,False,0.0,11.0,0.0,-1.0784098846713768,False,0.4055738677530665,False,-1.0784098846713768,False,0.21499157607060515,False,0.14909529685974118,False
2025,B,119,1780365540.0,False,-1,,0,False,0.0,13.0,0.0,-1.4683595357630832,False,0.38006595241570473,False,-1.4683595357630832,False,0.2727417982240277,False,0.13927412033081052,False
2025,B,120,1780365600.0,False,-1,,0,False,0.0,8.0,0.0,-1.2020922432625936,False,0.4041080673255811,False,-1.2020922432625936,False,0.12123243654708447,False,0.13478398323059082,False
2025,B,121,1780365660.0,False,-1,,0,False,0.0,10.0,0.0,-1.1969454152700658,False,0.41194812342427933,False,-1.1969454152700658,False,0.1842881608538789,False,0.12499916553497314,False
2025,B,122,1780365720.0,False,-1,,0,False,0.0,9.0,0.0,-0.8235244360168261,False,0.4094490425466628,False,-0.8235244360168261,False,0.15282910832620436,False,0.15389862060546874,False
2025,B,123,1780365780.0,False,-1,,0,False,0.0,5.0,0.0,-0.5132415641199284,False,0.4616985946068402,False,-0.5132415641199284,False,0.036683938886476364,False,0.11340389251708982,False
2025,B,124,1780365840.0,False,-1,,0,False,0.0,9.0,0.0,-1.5642224476561486,False,0.38848340631518496,False,-1.5642224476561486,False,0.15282910832620436,False,0.146388053894043,False
2025,B,125,1780365900.0,False,-1,,0,False,0.0,3.0,0.0,-0.41703087759007396,False,0.5481696216064691,False,-0.41703087759007396,False,0.005277466365621823,False,0.1678302764892578,False
2025,B,126,1780365960.0,True,10,permission_denied,0,False,0.0,7.0,0.0,4.4886757439261835,True,0.5466810601098578,False,4.4886757439261835,True,3.059273003851539e-07,False,4.0,True
2025,B,127,1780366020.0,True,10,permission_denied,0,False,0.0,12.0,0.0,3.534237453194171,True,0.45510632576540827,False,3.534237453194171,True,9.675209809892895e-07,False,1.0,False
2025,B,128,1780366080.0,True,10,permission_denied,0,False,0.0,10.0,0.0,4.4588525644332675,True,0.4685742650757691,False,4.4588525644332675,True,4.538680148248372e-07,False,3.0,True
2025,B,129,1780366140.0,True,10,permission_denied,0,False,0.0,6.0,0.0,-0.8281995455826463,False,0.4602305518366946,False,-0.8281995455826463,False,0.06167876191882357,False,0.2046794891357422,False
2025,B,130,1780366200.0,False,-1,,0,False,0.0,10.0,0.0,-0.8356531670040344,False,0.4319150959283445,False,-0.8356531670040344,False,0.1842881608538789,False,0.17969145774841308,False
2025,B,131,1780366260.0,False,-1,,0,False,0.0,6.0,0.0,-1.4541170072860528,False,0.42723802218222046,False,-1.4541170072860528,False,0.06167876191882357,False,0.16258704662322998,False
2025,B,132,1780366320.0,False,-1,,0,False,0.0,9.0,0.0,-0.9395376129354753,False,0.4059140848178337,False,-0.9395376129354753,False,0.15282910832620436,False,0.1185366630554199,False
2025,B,133,1780366380.0,False,-1,,0,False,0.0,4.0,0.0,0.0138935025376421,False,0.5110745966063518,False,0.0138935025376421,False,0.017343794071682,False,0.1388927459716797,False
2025,B,134,1780366440.0,False,-1,,0,False,0.0,3.0,0.0,-0.7866129769129762,False,0.5195714370087501,False,-0.7866129769129762,False,0.005277466365621823,False,0.13215303421020508,False
2025,B,135,1780366500.0,False,-1,,0,False,0.0,7.0,0.0,-1.5102027928197144,False,0.4103544652177285,False,-1.5102027928197144,False,0.09041902030251087,False,0.12678489685058592,False
2025,B,136,1780366560.0,False,-1,,0,False,0.0,7.0,0.0,-1.4722980671766273,False,0.40845872654295745,False,-1.4722980671766273,False,0.09041902030251087,False,0.17212576866149903,False
2025,B,137,1780366620.0,False,-1,,0,False,0.0,4.0,0.0,-1.0191085690883916,False,0.4691020747777703,False,-1.0191085690883916,False,0.017343794071682,False,0.13261146545410157,False
2025,B,138,1780366680.0,False,-1,,0,False,0.0,12.0,0.0,-1.664467622906372,False,0.37768873191668834,False,-1.664467622906372,False,0.24455063116099418,False,0.15225577354431155,False
2025,B,139,1780366740.0,True,11,config_error,0,False,0.0,7.0,0.0,4.490674414812904,True,0.522171883292568,False,4.490674414812904,True,3.292103427667486e-09,False,7.0,True
2025,B,140,1780366800.0,True,11,config_error,0,False,0.0,9.0,0.0,4.490680848783176,True,0.5057545325977867,False,4.490680848783176,True,1.0675176602147201e-09,False,9.0,True
2025,B,141,1780366860.0,True,11,config_error,0,False,0.0,7.0,0.0,4.4906745999678375,True,0.5550735063975111,False,4.4906745999678375,True,3.292103427667486e-09,False,7.0,True
2025,B,142,1780366920.0,True,11,config_error,0,False,0.0,8.0,0.0,4.486759103103467,True,0.505151401068559,False,4.486759103103467,True,5.200520321293312e-07,False,4.0,True
2025,B,143,1780366980.0,False,-1,,1,False,0.0,3.0,0.0,-1.0850796979552992,False,0.5333292999912566,False,-1.0850796979552992,False,0.005277466365621823,False,0.10038938522338867,False
2025,B,144,1780367040.0,False,-1,,1,False,0.0,4.0,0.0,-0.8731647000296032,False,0.4816892013230475,False,-0.8731647000296032,False,0.017343794071682,False,0.1307243824005127,False
2025,B,145,1780367100.0,False,-1,,1,False,0.0,6.0,0.0,-1.5923756143175387,False,0.4208178349542102,False,-1.5923756143175387,False,0.06167876191882357,False,0.14153051376342773,False
2025,B,146,1780367160.0,False,-1,,1,False,0.0,6.0,0.0,-1.3404201784126037,False,0.4238304866813027,False,-1.3404201784126037,False,0.06167876191882357,False,0.11887812614440918,False
2025,B,147,1780367220.0,False,-1,,1,False,0.0,5.0,0.0,-0.04101367468828432,False,0.4854041501523134,False,-0.04101367468828432,False,0.036683938886476364,False,0.09843177795410156,False
2025,B,148,1780367280.0,False,-1,,1,False,0.0,5.0,0.0,-0.78660878574411,False,0.44608942927463496,False,-0.78660878574411,False,0.036683938886476364,False,0.11680803298950197,False
2025,B,149,1780367340.0,False,-1,,1,False,0.0,4.0,0.0,-0.689793845221014,False,0.48072864042410796,False,-0.689793845221014,False,0.017343794071682,False,0.10418736934661865,False
2025,B,150,1780367400.0,False,-1,,1,False,0.0,9.0,0.0,-1.2249949469792716,False,0.4096171569681606,False,-1.2249949469792716,False,0.15282910832620436,False,0.155731201171875,False
2025,B,151,1780367460.0,False,-1,,1,False,0.0,3.0,0.0,-1.1682036145525423,False,0.5143737437397895,False,-1.1682036145525423,False,0.005277466365621823,False,0.11464028358459474,False
2025,B,152,1780367520.0,False,-1,,1,False,0.0,12.0,0.0,-0.1352805202298697,False,0.45617303808663384,False,-0.1352805202298697,False,0.24455063116099418,False,0.18949050903320314,False
2025,B,153,1780367580.0,False,-1,,1,False,0.0,5.0,0.0,-0.6161956535765247,False,0.5015437232460362,False,-0.6161956535765247,False,0.036683938886476364,False,0.11951074600219727,False
2025,B,154,1780367640.0,True,12,dependency_timeout,1,False,1.0,9.0,0.0,4.490681288578891,True,0.6927708457796894,True,4.490681288578891,True,1.0,True,999999999.9999999,True
2025,B,155,1780367700.0,True,12,dependency_timeout,1,False,1.0,9.0,0.0,4.490681288578891,True,0.7054016472509567,True,4.490681288578891,True,1.0,True,20.052495670318603,True
2025,B,156,1780367760.0,True,12,dependency_timeout,1,False,0.0,9.0,0.0,4.490681288578891,True,0.5273152185676139,False,4.490681288578891,True,1.0,True,20.048054122924803,True
2025,B,157,1780367820.0,False,-1,,1,False,0.0,4.0,0.0,-0.6489972816781346,False,0.5053695271238214,False,-0.6489972816781346,False,0.017343794071682,False,0.15939338207244874,False
2025,B,158,1780367880.0,False,-1,,1,False,0.0,7.0,0.0,-1.6478495016326429,False,0.40281429053897966,False,-1.6478495016326429,False,0.09041902030251087,False,0.15467443466186523,False
2025,B,159,1780367940.0,False,-1,,1,False,0.0,1.0,0.0,1.740611768640893,True,0.6735572145817631,False,1.740611768640893,True,4.602080067180691e-07,False,0.14553546905517578,False
2025,B,160,1780368000.0,False,-1,,1,False,0.0,5.0,0.0,-0.9387209930623808,False,0.45023553175529585,False,-0.9387209930623808,False,0.036683938886476364,False,0.11096715927124023,False
2025,B,161,1780368060.0,False,-1,,1,False,0.0,5.0,0.0,-1.5224769894029846,False,0.43876039459961674,False,-1.5224769894029846,False,0.036683938886476364,False,0.1276552200317383,False
2025,B,162,1780368120.0,False,-1,,1,False,0.0,9.0,0.0,-0.5178932824028353,False,0.40513655999951154,False,-0.5178932824028353,False,0.15282910832620436,False,0.11754236221313477,False
2025,B,163,1780368180.0,False,-1,,1,False,0.0,5.0,0.0,-1.1818852470654972,False,0.43417657413150273,False,-1.1818852470654972,False,0.036683938886476364,False,0.11946229934692382,False
2025,B,164,1780368240.0,False,-1,,1,False,0.0,5.0,0.0,-1.329507370406474,False,0.4460966065937732,False,-1.329507370406474,False,0.036683938886476364,False,0.11363916397094727,False
2025,B,165,1780368300.0,True,13,resource_exhaustion,1,False,0.0,8.0,0.0,4.490681288578891,True,0.5678111137343845,False,4.490681288578891,True,1.0,True,999999999.9999999,True
2025,B,166,1780368360.0,True,13,resource_exhaustion,1,False,0.0,7.0,0.0,4.490681288578891,True,0.5577548352279049,False,4.490681288578891,True,0.09041902030251087,False,0.2640113353729248,False
2025,B,167,1780368420.0,True,13,resource_exhaustion,1,False,0.0,5.0,0.0,4.490681288578891,True,0.6358424483655807,False,4.490681288578891,True,1.0,True,999999999.9999999,True
2025,B,168,1780368480.0,True,13,resource_exhaustion,1,False,2.0,7.0,0.0,4.490681288578891,True,0.7127837839883805,True,4.490681288578891,True,1.0,True,999999999.9999999,True
2025,B,169,1780368540.0,False,-1,,1,False,0.0,6.0,0.0,-0.11083407490144737,False,0.46467176013688116,False,-0.11083407490144737,False,0.06167876191882357,False,0.11646676063537598,False
2025,B,170,1780368600.0,False,-1,,1,False,0.0,4.0,0.0,-1.3826384666674487,False,0.48690125285816016,False,-1.3826384666674487,False,0.017343794071682,False,0.11017017364501953,False
2025,B,171,1780368660.0,False,-1,,1,False,0.0,6.0,0.0,-0.8306678238636964,False,0.4387121003690846,False,-0.8306678238636964,False,0.06167876191882357,False,0.12991595268249512,False
2025,B,172,1780368720.0,False,-1,,1,False,0.0,8.0,0.0,-0.6449152020568691,False,0.41298974617600626,False,-0.6449152020568691,False,0.12123243654708447,False,0.11439654827117922,False
2025,B,173,1780368780.0,False,-1,,1,False,0.0,8.0,0.0,-1.6623609220374531,False,0.39537648215166193,False,-1.6623609220374531,False,0.12123243654708447,False,0.14977197647094728,False
2025,B,174,1780368840.0,False,-1,,1,False,0.0,5.0,0.0,-1.2117618810188464,False,0.4458499870299466,False,-1.2117618810188464,False,0.036683938886476364,False,0.1423130989074707,False
2025,B,175,1780368900.0,True,14,permission_denied,1,False,0.0,2.0,0.0,-0.06445796651447733,False,0.6316706325677277,False,-0.06445796651447733,False,0.0005433478593949257,False,0.11954376697540284,False
2025,B,176,1780368960.0,True,14,permission_denied,1,False,0.0,12.0,0.0,4.490650635967509,True,0.47556126450964914,False,4.490650635967509,True,4.253021803342904e-07,False,7.0,True
2025,B,177,1780369020.0,True,14,permission_denied,1,False,0.0,5.0,0.0,4.421502778031658,True,0.5242338205307715,False,4.421502778031658,True,2.399534958256943e-07,False,2.0,True
2025,B,178,1780369080.0,True,14,permission_denied,1,False,0.0,4.0,0.0,-0.5769374503047988,False,0.5029698461968616,False,-0.5769374503047988,False,0.017343794071682,False,0.14448628425598145,False
2025,B,179,1780369140.0,False,-1,,1,False,0.0,10.0,0.0,-1.0112773330637088,False,0.4172278009041799,False,-1.0112773330637088,False,0.1842881608538789,False,0.11667773723602295,False
2025,B,180,1780369200.0,False,-1,,1,False,0.0,6.0,0.0,-0.9031549553213232,False,0.4460552933297322,False,-0.9031549553213232,False,0.06167876191882357,False,0.1601412296295166,False
2025,B,181,1780369260.0,False,-1,,1,False,0.0,7.0,0.0,-1.1594806337503405,False,0.41814557703025396,False,-1.1594806337503405,False,0.09041902030251087,False,0.1288593292236328,False
2025,B,182,1780369320.0,False,-1,,1,False,0.0,8.0,0.0,-0.6002015222760315,False,0.42689188607976125,False,-0.6002015222760315,False,0.12123243654708447,False,0.13884484767913818,False
2025,B,183,1780369380.0,False,-1,,1,False,0.0,8.0,0.0,-1.56322607772199,False,0.4037295795561614,False,-1.56322607772199,False,0.12123243654708447,False,0.1649550437927246,False
2025,B,184,1780369440.0,False,-1,,1,False,0.0,6.0,0.0,-1.3110138478530695,False,0.4269265175089629,False,-1.3110138478530695,False,0.06167876191882357,False,0.12189316749572754,False
2025,B,185,1780369500.0,False,-1,,1,False,0.0,4.0,0.0,-0.7047696255482192,False,0.4897895538650472,False,-0.7047696255482192,False,0.017343794071682,False,0.10600800514221193,False
2025,B,186,1780369560.0,True,15,resource_exhaustion,1,False,0.0,7.0,0.0,4.490681288578891,True,0.5577548352279049,False,4.490681288578891,True,0.09041902030251087,False,0.23878679275512696,False
2025,B,187,1780369620.0,True,15,resource_exhaustion,1,False,0.0,5.0,0.0,4.490681288578891,True,0.6358424483655807,False,4.490681288578891,True,1.0,True,999999999.9999999,True
2025,B,188,1780369680.0,True,15,resource_exhaustion,1,False,2.0,8.0,0.0,4.490681288578891,True,0.703706095031159,True,4.490681288578891,True,1.0,True,999999999.9999999,True
2025,B,189,1780369740.0,True,15,resource_exhaustion,1,False,0.0,5.0,0.0,4.490681288578891,True,0.5803548969852088,False,4.490681288578891,True,0.036683938886476364,False,0.26219797134399414,False
2025,B,190,1780369800.0,True,15,resource_exhaustion,1,False,0.0,8.0,0.0,4.490681288473936,True,0.5108251576314614,False,4.490681288473936,True,0.12123243654708447,False,0.2504123210906982,False
2025,B,191,1780369860.0,False,-1,,1,False,0.0,4.0,0.0,-0.6277562499183365,False,0.5149242355064456,False,-0.6277562499183365,False,0.017343794071682,False,0.14677286148071286,False
2025,B,192,1780369920.0,False,-1,,1,False,0.0,5.0,0.0,-0.58303267555985,False,0.4715294587928727,False,-0.58303267555985,False,0.036683938886476364,False,0.09589910507202148,False
2025,B,193,1780369980.0,False,-1,,1,False,0.0,4.0,0.0,-1.0858386780274394,False,0.47171699908082143,False,-1.0858386780274394,False,0.017343794071682,False,0.14800260066986082,False
2025,B,194,1780370040.0,False,-1,,1,False,0.0,3.0,0.0,-0.11381345818534871,False,0.5250747446126597,False,-0.11381345818534871,False,0.005277466365621823,False,0.11364130973815918,False
2025,B,195,1780370100.0,False,-1,,1,False,0.0,4.0,0.0,-1.2473049649726429,False,0.46599283988692,False,-1.2473049649726429,False,0.017343794071682,False,0.13943922519683835,False
2025,B,196,1780370160.0,False,-1,,1,False,0.0,7.0,0.0,-0.7029994074164794,False,0.4291841006445028,False,-0.7029994074164794,False,0.09041902030251087,False,0.1150808334350586,False
2025,B,197,1780370220.0,False,-1,,1,False,0.0,9.0,0.0,-1.2735169962269586,False,0.4060539214095797,False,-1.2735169962269586,False,0.15282910832620436,False,0.15028905868530273,False
2025,B,198,1780370280.0,False,-1,,1,False,0.0,4.0,0.0,-0.9410977314275781,False,0.4700717002885235,False,-0.9410977314275781,False,0.017343794071682,False,0.11166484355926513,False
2025,B,199,1780370340.0,False,-1,,1,False,0.0,4.0,0.0,-0.4971243155964311,False,0.49916421260298816,False,-0.4971243155964311,False,0.017343794071682,False,0.12195990085601804,False
2025,B,200,1780370400.0,True,16,config_error,1,False,0.0,3.0,0.0,4.045192924290301,True,0.6121138642515874,False,4.045192924290301,True,0.9993900150507656,True,1.0,False
2025,B,201,1780370460.0,True,16,config_error,1,False,0.0,6.0,0.0,4.49040332372445,True,0.5521836695352189,False,4.49040332372445,True,3.6621144543274274e-08,False,5.0,True
2025,B,202,1780370520.0,True,16,config_error,1,False,0.0,5.0,0.0,4.490604234038691,True,0.5742034693798501,False,4.490604234038691,True,2.0407243364765948e-08,False,5.0,True
2025,B,203,1780370580.0,True,16,config_error,1,False,0.0,5.0,0.0,4.489506977987274,True,0.5580645923205984,False,4.489506977987274,True,1.7312471115552824e-07,False,4.0,True
2025,B,204,1780370640.0,False,-1,,1,False,0.0,4.0,0.0,-0.5464774175595597,False,0.4956460344374747,False,-0.5464774175595597,False,0.017343794071682,False,0.17127864360809322,False
2025,B,205,1780370700.0,False,-1,,1,False,0.0,8.0,0.0,-1.3642835037545415,False,0.40998302087441174,False,-1.3642835037545415,False,0.12123243654708447,False,0.1445561408996582,False
2025,B,206,1780370760.0,False,-1,,1,False,0.0,7.0,0.0,-1.2361124984381435,False,0.4276757958718811,False,-1.2361124984381435,False,0.09041902030251087,False,0.11903800964355467,False
2025,B,207,1780370820.0,False,-1,,1,False,0.0,5.0,0.0,-0.8462286380359823,False,0.46185172481796993,False,-0.8462286380359823,False,0.036683938886476364,False,0.16573944091796874,False
2025,B,208,1780370880.0,False,-1,,1,False,0.0,4.0,0.0,-0.028554491061948184,False,0.5051797266600232,False,-0.028554491061948184,False,0.017343794071682,False,0.11403727531433105,False
2025,B,209,1780370940.0,False,-1,,1,False,0.0,9.0,0.0,-1.1695806623588414,False,0.41820375538331156,False,-1.1695806623588414,False,0.15282910832620436,False,0.19100627899169922,False
2025,B,210,1780371000.0,True,17,config_error,1,False,0.0,5.0,0.0,4.480146059756012,True,0.5382357156124209,False,4.480146059756012,True,3.623489568315531e-06,False,3.0,True
2025,B,211,1780371060.0,True,17,config_error,1,False,0.0,5.0,0.0,4.490526481930245,True,0.547799081731252,False,4.490526481930245,True,2.0407243364765948e-08,False,5.0,True
2025,B,212,1780371120.0,True,17,config_error,1,False,0.0,5.0,0.0,4.490525829348502,True,0.5361927879659448,False,4.490525829348502,True,2.0407243364765948e-08,False,5.0,True
2025,B,213,1780371180.0,True,17,config_error,1,False,0.0,11.0,0.0,4.490515834119261,True,0.47028605033315857,False,4.490515834119261,True,3.4946492750151084e-08,False,6.0,True
2025,B,214,1780371240.0,False,-1,,1,False,0.0,6.0,0.0,-1.1395397104871465,False,0.4442867858045299,False,-1.1395397104871465,False,0.06167876191882357,False,0.12747108936309814,False
2025,B,215,1780371300.0,False,-1,,1,False,0.0,8.0,0.0,-1.3234250767072053,False,0.40569432913385167,False,-1.3234250767072053,False,0.12123243654708447,False,0.12100558280944824,False
2025,B,216,1780371360.0,False,-1,,1,False,0.0,2.0,0.0,1.04135474832264,False,0.6377473809498914,False,1.04135474832264,False,0.0005433478593949257,False,0.10139002799987792,False
2025,B,217,1780371420.0,False,-1,,1,False,0.0,6.0,0.0,-1.541198717503165,False,0.4181286327259444,False,-1.541198717503165,False,0.06167876191882357,False,0.1300978660583496,False
2025,B,218,1780371480.0,False,-1,,1,False,0.0,6.0,0.0,-1.037115000168825,False,0.43573179023762637,False,-1.037115000168825,False,0.06167876191882357,False,0.12682831287384033,False
2025,B,219,1780371540.0,False,-1,,1,False,0.0,5.0,0.0,-0.4859891612633236,False,0.4580229017788694,False,-0.4859891612633236,False,0.036683938886476364,False,0.11126613616943358,False
2025,B,220,1780371600.0,False,-1,,1,False,0.0,2.0,0.0,-0.2174583278786768,False,0.5965026860630167,False,-0.2174583278786768,False,0.0005433478593949257,False,0.14093031883239748,False
2025,B,221,1780371660.0,False,-1,,1,False,0.0,4.0,0.0,0.4475084181159046,False,0.5312257502360317,False,0.4475084181159046,False,0.017343794071682,False,0.12997570037841796,False
2025,B,222,1780371720.0,True,18,dependency_timeout,1,False,0.0,4.0,0.0,3.3655741185796586,True,0.5638785289677156,False,3.3655741185796586,True,0.03743514637525582,False,19.246262931823733,True
2025,B,223,1780371780.0,True,18,dependency_timeout,1,False,0.0,2.0,0.0,4.490681288578891,True,0.6933731732887429,True,4.490681288578891,True,1.0,True,0.5273652076721191,False
2025,B,224,1780371840.0,True,18,dependency_timeout,1,False,1.0,7.0,0.0,4.490681288578891,True,0.6842711812796943,False,4.490681288578891,True,1.0,True,999999999.9999999,True
2025,B,225,1780371900.0,True,18,dependency_timeout,1,False,1.0,9.0,0.0,4.490681288578891,True,0.6879479497380958,False,4.490681288578891,True,1.0,True,20.082694244384765,True
2025,B,226,1780371960.0,False,-1,,1,True,0.0,20.0,0.0,-1.45409366735346,False,0.368575615937742,False,-1.45409366735346,False,0.42959277422704245,False,0.1682553052902221,False
2025,B,227,1780372020.0,False,-1,,1,True,0.0,52.0,0.0,-0.7920580967799955,False,0.4983953737674186,False,-0.7920580967799955,False,0.7011378581189666,True,0.1770238161087036,False
2025,B,228,1780372080.0,False,-1,,1,True,0.0,42.0,0.0,-0.9048845196837609,False,0.4406900774294874,False,-0.9048845196837609,False,0.6539353971273275,True,0.168035864830017,False
2025,B,229,1780372140.0,False,-1,,1,False,0.0,4.0,0.0,-1.1474030008470955,False,0.47010329015136215,False,-1.1474030008470955,False,0.017343794071682,False,0.1545070171356201,False
2025,B,230,1780372200.0,False,-1,,1,False,0.0,2.0,0.0,0.7845477286116092,False,0.6320376978322997,False,0.7845477286116092,False,0.0005433478593949257,False,0.19721980094909672,False
2025,B,231,1780372260.0,False,-1,,1,False,0.0,9.0,0.0,-1.0564466172250588,False,0.3963734898497111,False,-1.0564466172250588,False,0.15282910832620436,False,0.1213862419128418,False
2025,B,232,1780372320.0,False,-1,,1,False,0.0,8.0,0.0,-1.149095476348493,False,0.40687800635742016,False,-1.149095476348493,False,0.12123243654708447,False,0.1440253734588623,False
2025,B,233,1780372380.0,True,19,config_error,1,False,0.0,6.0,0.0,4.473162029633561,True,0.5215876469282203,False,4.473162029633561,True,5.406953556716065e-06,False,3.0,True
2025,B,234,1780372440.0,True,19,config_error,1,False,0.0,7.0,0.0,4.49067531281124,True,0.5302334663124181,False,4.49067531281124,True,3.292103427667486e-09,False,7.0,True
2025,B,235,1780372500.0,True,19,config_error,1,False,0.0,4.0,0.0,3.9093086923571256,True,0.5497937334316789,False,3.9093086923571256,True,0.999628649268077,True,1.0,False
2025,B,236,1780372560.0,False,-1,,1,False,0.0,7.0,0.0,-1.4589019877877876,False,0.41713130204918464,False,-1.4589019877877876,False,0.09041902030251087,False,0.17334437370300293,False
2025,B,237,1780372620.0,False,-1,,1,False,0.0,2.0,0.0,-0.45135936457051784,False,0.596651619191435,False,-0.45135936457051784,False,0.0005433478593949257,False,0.12294340133666992,False
2025,B,238,1780372680.0,False,-1,,1,False,0.0,4.0,0.0,-0.913240931864566,False,0.49078777683477,False,-0.913240931864566,False,0.017343794071682,False,0.12715327739715576,False
2025,B,239,1780372740.0,False,-1,,1,False,0.0,0.0,0.0,4.490681288578891,True,0.7222684892572282,True,4.490681288578891,True,2.947493325127797e-05,False,0.0,False
2025,B,240,1780372800.0,False,-1,,1,False,0.0,6.0,0.0,-1.326670344008134,False,0.41909345527961384,False,-1.326670344008134,False,0.06167876191882357,False,0.1399550437927246,False
2025,B,241,1780372860.0,False,-1,,1,False,0.0,5.0,0.0,0.2993232289409571,False,0.4994828144817743,False,0.2993232289409571,False,0.036683938886476364,False,0.17907314300537108,False
2025,B,242,1780372920.0,False,-1,,1,False,0.0,12.0,0.0,-1.4892434662020788,False,0.3879725117008878,False,-1.4892434662020788,False,0.24455063116099418,False,0.18514845371246344,False
2025,B,243,1780372980.0,False,-1,,1,False,0.0,8.0,0.0,-0.025910542086599264,False,0.45615903014206993,False,-0.025910542086599264,False,0.12123243654708447,False,0.16924188137054444,False
2025,B,244,1780373040.0,False,-1,,1,False,0.0,1.0,0.0,1.7340779698661004,True,0.6804920434403141,False,1.7340779698661004,True,4.602080067180691e-07,False,0.15032768249511722,False
2025,B,245,1780373100.0,False,-1,,1,False,0.0,2.0,0.0,-0.39778655438443966,False,0.6362359428756094,False,-0.39778655438443966,False,0.0005433478593949257,False,0.10193192958831788,False
2025,B,246,1780373160.0,True,20,resource_exhaustion,1,False,0.0,5.0,0.0,4.490681288578891,True,0.49620741647634864,False,4.490681288578891,True,0.036683938886476364,False,0.14959487915039063,False
2025,B,247,1780373220.0,True,20,resource_exhaustion,1,False,0.0,1.0,0.0,4.490681288578891,True,0.7086046753543052,True,4.490681288578891,True,4.602080067180691e-07,False,0.27947425842285156,False
2025,B,248,1780373280.0,True,20,resource_exhaustion,1,False,2.0,10.0,0.0,4.490681288578891,True,0.7014031306296156,True,4.490681288578891,True,1.0,True,1999999999.9999998,True
2025,B,249,1780373340.0,True,20,resource_exhaustion,1,False,0.0,4.0,0.0,4.490681288578891,True,0.5241918182432226,False,4.490681288578891,True,0.017343794071682,False,0.15228066444396973,False
2025,B,250,1780373400.0,False,-1,,1,False,0.0,5.0,0.0,0.07005816797504139,False,0.4753993424925544,False,0.07005816797504139,False,0.036683938886476364,False,0.11439647674560546,False
2025,B,251,1780373460.0,False,-1,,1,False,0.0,3.0,0.0,0.018386372426290265,False,0.538292491221357,False,0.018386372426290265,False,0.005277466365621823,False,0.12719311714172363,False
2025,B,252,1780373520.0,False,-1,,1,False,0.0,7.0,0.0,0.2444998041696076,False,0.47519653430421166,False,0.2444998041696076,False,0.09041902030251087,False,0.21837835311889645,False
2025,B,253,1780373580.0,False,-1,,1,False,0.0,8.0,0.0,1.0376247154968796,False,0.5147883506961584,False,1.0376247154968796,False,0.12123243654708447,False,0.09202995300292971,False
2025,B,254,1780373640.0,False,-1,,1,False,0.0,4.0,0.0,-0.650387522280174,False,0.5197785221355335,False,-0.650387522280174,False,0.017343794071682,False,0.18103315830230712,False
2025,B,255,1780373700.0,False,-1,,1,False,0.0,3.0,0.0,-0.7379078412162485,False,0.5146790900364254,False,-0.7379078412162485,False,0.005277466365621823,False,0.10965404510498049,False
2025,B,256,1780373760.0,False,-1,,1,False,0.0,9.0,0.0,-1.3920226015857846,False,0.40417272762878553,False,-1.3920226015857846,False,0.15282910832620436,False,0.13245668411254882,False
2025,B,257,1780373820.0,False,-1,,1,False,0.0,5.0,0.0,-1.0942616268025915,False,0.4386107101715507,False,-1.0942616268025915,False,0.036683938886476364,False,0.12985563278198242,False
2025,B,258,1780373880.0,False,-1,,1,False,0.0,4.0,0.0,3.4647165496432955,True,0.6305115595616051,False,3.4647165496432955,True,2.7936938920799585e-06,False,1.0,False
2025,B,259,1780373940.0,False,-1,,1,False,0.0,7.0,0.0,-1.6136700930638481,False,0.40799848778534287,False,-1.6136700930638481,False,0.09041902030251087,False,0.14227633476257323,False
2025,B,260,1780374000.0,True,21,permission_denied,1,False,0.0,6.0,0.0,3.8686748588013966,True,0.5101211434624239,False,3.8686748588013966,True,3.378724872621822e-07,False,1.0,False
2025,B,261,1780374060.0,True,21,permission_denied,1,False,0.0,8.0,0.0,4.372740012443846,True,0.4904537280025792,False,4.372740012443846,True,4.031082813873389e-07,False,2.0,True
2025,B,262,1780374120.0,True,21,permission_denied,1,False,0.0,8.0,0.0,4.384529560838636,True,0.49470958719536834,False,4.384529560838636,True,4.031082813873389e-07,False,2.0,True
2025,B,263,1780374180.0,True,21,permission_denied,1,False,0.0,6.0,0.0,-0.6515687525835832,False,0.46048078600195386,False,-0.6515687525835832,False,0.06167876191882357,False,0.16449522972106934,False
2025,B,264,1780374240.0,False,-1,,1,False,0.0,9.0,0.0,-0.9407088762744182,False,0.39373269430749924,False,-0.9407088762744182,False,0.15282910832620436,False,0.12190618515014648,False
2025,B,265,1780374300.0,False,-1,,1,False,0.0,2.0,0.0,-0.3544462592120601,False,0.5953348745205491,False,-0.3544462592120601,False,0.0005433478593949257,False,0.10219223499298097,False
2025,B,266,1780374360.0,False,-1,,1,False,0.0,5.0,0.0,-1.5244599838256878,False,0.44324502728724324,False,-1.5244599838256878,False,0.036683938886476364,False,0.1302769660949707,False
2025,B,267,1780374420.0,False,-1,,1,False,0.0,5.0,0.0,-1.040875176437666,False,0.4424246495939389,False,-1.040875176437666,False,0.036683938886476364,False,0.13721351623535155,False
2025,B,268,1780374480.0,False,-1,,1,False,0.0,2.0,0.0,-0.8510630663031984,False,0.6169348972465178,False,-0.8510630663031984,False,0.0005433478593949257,False,0.09391610622406008,False
2025,B,269,1780374540.0,False,-1,,1,False,0.0,3.0,0.0,0.5306268395841407,False,0.5854759203139518,False,0.5306268395841407,False,0.005277466365621823,False,0.18507704734802247,False
2025,B,270,1780374600.0,False,-1,,1,False,0.0,10.0,0.0,-1.326577497519172,False,0.4119343257140619,False,-1.326577497519172,False,0.1842881608538789,False,0.19234087467193603,False
2025,B,271,1780374660.0,False,-1,,1,False,0.0,8.0,0.0,-1.2717661800870133,False,0.40411597215814027,False,-1.2717661800870133,False,0.12123243654708447,False,0.16361525058746337,False
2025,B,272,1780374720.0,False,-1,,1,False,0.0,6.0,0.0,-1.0951466163582158,False,0.44106574866516174,False,-1.0951466163582158,False,0.06167876191882357,False,0.1088869571685791,False
2025,B,273,1780374780.0,True,22,dependency_timeout,1,False,0.0,6.0,0.0,4.490681288578891,True,0.5432024082907636,False,4.490681288578891,True,1.0,True,19.038548707962043,True
2025,B,274,1780374840.0,True,22,dependency_timeout,1,False,1.0,7.0,0.0,4.490681288578891,True,0.6978844825577086,True,4.490681288578891,True,1.0,True,999999999.9999999,True
2025,B,275,1780374900.0,True,22,dependency_timeout,1,False,0.0,7.0,0.0,4.490681288578891,True,0.5839314862924836,False,4.490681288578891,True,1.0,True,20.047131156921385,True
2025,B,276,1780374960.0,True,22,dependency_timeout,1,False,0.0,2.0,0.0,4.490668689649279,True,0.6779495769951379,False,4.490668689649279,True,0.0005433478593949257,False,0.6551474094390869,False
2025,B,277,1780375020.0,True,22,dependency_timeout,1,False,0.0,7.0,0.0,4.490681288578891,True,0.5773100293018282,False,4.490681288578891,True,1.0,True,20.092539978027343,True
2025,B,278,1780375080.0,False,-1,,1,False,0.0,8.0,0.0,-1.3796559954763188,False,0.4179031744927385,False,-1.3796559954763188,False,0.12123243654708447,False,0.17859318256378173,False
2025,B,279,1780375140.0,False,-1,,1,False,0.0,7.0,0.0,-0.8196929785895541,False,0.407235693667599,False,-0.8196929785895541,False,0.09041902030251087,False,0.12096266746520996,False
2025,B,280,1780375200.0,False,-1,,1,False,0.0,4.0,0.0,-1.0301748058777376,False,0.47248754735259085,False,-1.0301748058777376,False,0.017343794071682,False,0.1310035228729248,False
2025,B,281,1780375260.0,False,-1,,1,False,0.0,4.0,0.0,-1.3960057823076912,False,0.4783188880917963,False,-1.3960057823076912,False,0.017343794071682,False,0.11576316356658933,False
2025,B,282,1780375320.0,False,-1,,1,False,0.0,8.0,0.0,-1.2534700355429749,False,0.3965988933091413,False,-1.2534700355429749,False,0.12123243654708447,False,0.14544775485992434,False
2025,B,283,1780375380.0,False,-1,,1,False,0.0,5.0,0.0,-1.082872330573255,False,0.4535127260464288,False,-1.082872330573255,False,0.036683938886476364,False,0.1635594367980957,False
2025,B,284,1780375440.0,False,-1,,1,False,0.0,6.0,0.0,0.2034144086127112,False,0.5080032786093311,False,0.2034144086127112,False,0.06167876191882357,False,0.17652273178100586,False
2025,B,285,1780375500.0,False,-1,,1,False,0.0,12.0,0.0,-1.4525769601309904,False,0.37784800365176263,False,-1.4525769601309904,False,0.24455063116099418,False,0.14150853157043458,False
2025,B,286,1780375560.0,False,-1,,1,False,0.0,3.0,0.0,-0.19500136151588432,False,0.5503895516540781,False,-0.19500136151588432,False,0.005277466365621823,False,0.12246775627136229,False
2025,B,287,1780375620.0,True,23,permission_denied,1,False,0.0,4.0,0.0,3.881857913938534,True,0.5410581929908276,False,3.881857913938534,True,1.7791978674365704e-07,False,1.0,False
2025,B,288,1780375680.0,True,23,permission_denied,1,False,0.0,7.0,0.0,3.799926162252483,True,0.4837619194850041,False,3.799926162252483,True,4.287484871595767e-07,False,1.0,False
2025,B,289,1780375740.0,True,23,permission_denied,1,False,0.0,4.0,0.0,-0.19763592888803938,False,0.5267686658691799,False,-0.19763592888803938,False,0.017343794071682,False,0.13863217830657962,False
2025,B,290,1780375800.0,False,-1,,2,False,0.0,8.0,0.0,-1.6352726874682926,False,0.3969040734016167,False,-1.6352726874682926,False,0.12123243654708447,False,0.15570178031921386,False
2025,B,291,1780375860.0,False,-1,,2,False,0.0,5.0,0.0,-0.1430998077015433,False,0.49356887351731576,False,-0.1430998077015433,False,0.036683938886476364,False,0.16788320541381835,False
2025,B,292,1780375920.0,False,-1,,2,False,0.0,5.0,0.0,-0.8451697074730431,False,0.4611763820271581,False,-0.8451697074730431,False,0.036683938886476364,False,0.13458518981933593,False
2025,B,293,1780375980.0,False,-1,,2,False,0.0,12.0,0.0,-1.1591289090435755,False,0.40164591796371124,False,-1.1591289090435755,False,0.24455063116099418,False,0.1700350046157837,False
2025,B,294,1780376040.0,False,-1,,2,False,0.0,4.0,0.0,-1.0431865777991112,False,0.46632693082655347,False,-1.0431865777991112,False,0.017343794071682,False,0.11720926761627197,False
2025,B,295,1780376100.0,False,-1,,2,False,0.0,3.0,0.0,-0.8606781767774772,False,0.5298025093205018,False,-0.8606781767774772,False,0.005277466365621823,False,0.13370094299316407,False
2025,B,296,1780376160.0,False,-1,,2,False,0.0,9.0,0.0,-0.9315867743015227,False,0.41339789005396516,False,-0.9315867743015227,False,0.15282910832620436,False,0.12943830490112304,False
2025,B,297,1780376220.0,False,-1,,2,False,0.0,6.0,0.0,-1.469048142460828,False,0.422631688583211,False,-1.469048142460828,False,0.06167876191882357,False,0.15205502510070804,False
2025,B,298,1780376280.0,False,-1,,2,False,0.0,10.0,0.0,-1.3427197555061143,False,0.39888710258979604,False,-1.3427197555061143,False,0.1842881608538789,False,0.1445103406906128,False
2025,B,299,1780376340.0,False,-1,,2,False,0.0,1.0,0.0,0.85848424045541,False,0.6945446792361482,True,0.85848424045541,False,4.602080067180691e-07,False,0.12793779373168943,False
2025,B,300,1780376400.0,True,24,permission_denied,2,False,0.0,2.0,0.0,0.32799919435814484,False,0.5945051721970013,False,0.32799919435814484,False,0.0005433478593949257,False,0.11398353576660158,False
2025,B,301,1780376460.0,True,24,permission_denied,2,False,0.0,6.0,0.0,3.8244582302378394,True,0.5045786596836573,False,3.8244582302378394,True,3.378724872621822e-07,False,1.0,False
2025,B,302,1780376520.0,True,24,permission_denied,2,False,0.0,8.0,0.0,4.465589398724217,True,0.49464926850325347,False,4.465589398724217,True,3.691661598509887e-07,False,3.0,True
2025,B,303,1780376580.0,True,24,permission_denied,2,False,0.0,3.0,0.0,-0.3623705650334559,False,0.5342777282762671,False,-0.3623705650334559,False,0.005277466365621823,False,0.13021411895751953,False
2025,B,304,1780376640.0,False,-1,,2,False,0.0,4.0,0.0,-1.008583538946361,False,0.4769135549675162,False,-1.008583538946361,False,0.017343794071682,False,0.15171966552734376,False
2025,B,305,1780376700.0,False,-1,,2,False,0.0,7.0,0.0,-1.2981020223529356,False,0.41776271902653833,False,-1.2981020223529356,False,0.09041902030251087,False,0.17782907485961907,False
2025,B,306,1780376760.0,False,-1,,2,False,0.0,7.0,0.0,-0.9009074861651989,False,0.4381840544927133,False,-0.9009074861651989,False,0.09041902030251087,False,0.10258593559265139,False
2025,B,307,1780376820.0,False,-1,,2,False,0.0,4.0,0.0,-1.1109794225992964,False,0.475436759825823,False,-1.1109794225992964,False,0.017343794071682,False,0.14726362228393555,False
2025,B,308,1780376880.0,False,-1,,2,False,0.0,6.0,0.0,-1.1232801357766915,False,0.441358883033575,False,-1.1232801357766915,False,0.06167876191882357,False,0.14534413814544678,False
2025,B,309,1780376940.0,False,-1,,2,False,0.0,6.0,0.0,-1.4142780022104882,False,0.4171787671351292,False,-1.4142780022104882,False,0.06167876191882357,False,0.1458272933959961,False
2025,B,310,1780377000.0,False,-1,,2,False,0.0,4.0,0.0,-0.8435048525299731,False,0.5202301311119089,False,-0.8435048525299731,False,0.017343794071682,False,0.12830748558044433,False
2025,B,311,1780377060.0,True,25,config_error,2,False,0.0,4.0,0.0,3.9993234008642644,True,0.5662045254993417,False,3.9993234008642644,True,0.999628649268077,True,1.0,False
2025,B,312,1780377120.0,True,25,config_error,2,False,0.0,11.0,0.0,4.490681259381775,True,0.5175090575050032,False,4.490681259381775,True,4.865063404866945e-10,False,11.0,True
2025,B,313,1780377180.0,True,25,config_error,2,False,0.0,8.0,0.0,4.490670650494206,True,0.5342172760460171,False,4.490670650494206,True,5.3722672869839186e-09,False,7.0,True
2025,B,314,1780377240.0,True,25,config_error,2,False,0.0,4.0,0.0,4.490146550125514,True,0.5827519747730301,False,4.490146550125514,True,8.895036907375472e-08,False,4.0,True
2025,B,315,1780377300.0,True,25,config_error,2,False,0.0,6.0,0.0,-1.0371820161768124,False,0.4276147657836065,False,-1.0371820161768124,False,0.06167876191882357,False,0.12239062786102295,False
2025,B,316,1780377360.0,False,-1,,2,False,0.0,9.0,0.0,-0.987122022532871,False,0.41898684503112443,False,-0.987122022532871,False,0.15282910832620436,False,0.18214683532714843,False
2025,B,317,1780377420.0,False,-1,,2,False,0.0,7.0,0.0,-1.3734806444293008,False,0.41463508527989884,False,-1.3734806444293008,False,0.09041902030251087,False,0.12676467895507812,False
2025,B,318,1780377480.0,False,-1,,2,False,0.0,5.0,0.0,-0.6123619732393726,False,0.4540364449639312,False,-0.6123619732393726,False,0.036683938886476364,False,0.12014646530151367,False
2025,B,319,1780377540.0,False,-1,,2,False,0.0,6.0,0.0,-0.9380522949044465,False,0.44864684823315953,False,-0.9380522949044465,False,0.06167876191882357,False,0.14971876144409177,False
2025,B,320,1780377600.0,False,-1,,2,False,0.0,8.0,0.0,-1.6585997803080597,False,0.3923356947039069,False,-1.6585997803080597,False,0.12123243654708447,False,0.14191758632659912,False
2025,B,321,1780377660.0,False,-1,,2,False,0.0,6.0,0.0,-1.0020890020989084,False,0.4219323630479654,False,-1.0020890020989084,False,0.06167876191882357,False,0.11608052253723145,False
2025,B,322,1780377720.0,False,-1,,2,False,0.0,12.0,0.0,-1.6563430447273078,False,0.373658714036614,False,-1.6563430447273078,False,0.24455063116099418,False,0.14983997344970704,False
2025,B,323,1780377780.0,False,-1,,2,False,0.0,7.0,0.0,-1.5371810741173553,False,0.40960692066500387,False,-1.5371810741173553,False,0.09041902030251087,False,0.13864235877990722,False
2025,B,324,1780377840.0,False,-1,,2,False,0.0,4.0,0.0,-0.07242155743217094,False,0.5322126108033893,False,-0.07242155743217094,False,0.017343794071682,False,0.1797931671142578,False
2025,B,325,1780377900.0,True,26,permission_denied,2,False,0.0,7.0,0.0,4.468031505284537,True,0.5049012133293043,False,4.468031505284537,True,3.2472233623456324e-07,False,3.0,True
2025,B,326,1780377960.0,True,26,permission_denied,2,False,0.0,7.0,0.0,4.490234400970384,True,0.5178529818246493,False,4.490234400970384,True,2.848294213953169e-07,False,5.0,True
2025,B,327,1780378020.0,True,26,permission_denied,2,False,0.0,5.0,0.0,4.422559124421237,True,0.5375450707998969,False,4.422559124421237,True,2.399534958256943e-07,False,2.0,True
2025,B,328,1780378080.0,True,26,permission_denied,2,False,0.0,4.0,0.0,3.894372007740791,True,0.5358006998678264,False,3.894372007740791,True,1.7791978674365704e-07,False,1.0,False
2025,B,329,1780378140.0,False,-1,,2,False,0.0,6.0,0.0,-0.9504431778677853,False,0.45397024512813616,False,-0.9504431778677853,False,0.06167876191882357,False,0.16774797439575195,False
2025,B,330,1780378200.0,False,-1,,2,False,0.0,10.0,0.0,-1.4688387831923988,False,0.3946094007545889,False,-1.4688387831923988,False,0.1842881608538789,False,0.14327805042266845,False
2025,B,331,1780378260.0,False,-1,,2,False,0.0,6.0,0.0,-0.8468370452792033,False,0.4524383623848783,False,-0.8468370452792033,False,0.06167876191882357,False,0.11494302749633788,False
2025,B,332,1780378320.0,False,-1,,2,False,0.0,6.0,0.0,-1.1183707810574575,False,0.43246179081056785,False,-1.1183707810574575,False,0.06167876191882357,False,0.1600884199142456,False
2025,B,333,1780378380.0,False,-1,,2,False,0.0,7.0,0.0,-0.4965992505757644,False,0.4250256738627591,False,-0.4965992505757644,False,0.09041902030251087,False,0.11835727691650391,False
2025,B,334,1780378440.0,False,-1,,2,False,0.0,6.0,0.0,-1.3227106334671506,False,0.4138554628224666,False,-1.3227106334671506,False,0.06167876191882357,False,0.12581789493560788,False
2025,B,335,1780378500.0,False,-1,,2,False,0.0,10.0,0.0,-1.0799761292591912,False,0.395798399726927,False,-1.0799761292591912,False,0.1842881608538789,False,0.12366642951965334,False
2025,B,336,1780378560.0,False,-1,,2,False,0.0,4.0,0.0,-0.6184701053853123,False,0.47629563973549494,False,-0.6184701053853123,False,0.017343794071682,False,0.1223761796951294,False
2025,B,337,1780378620.0,False,-1,,2,False,0.0,3.0,0.0,-0.9203277297178367,False,0.5100746988559258,False,-0.9203277297178367,False,0.005277466365621823,False,0.1365376949310303,False
2025,B,338,1780378680.0,True,27,dependency_timeout,2,False,1.0,7.0,0.0,4.490681288578891,True,0.6891949089340368,False,4.490681288578891,True,1.0,True,999999999.9999999,True
2025,B,339,1780378740.0,True,27,dependency_timeout,2,False,0.0,6.0,0.0,4.490681288578891,True,0.5954657869902299,False,4.490681288578891,True,1.0,True,20.06092238426208,True
2025,B,340,1780378800.0,True,27,dependency_timeout,2,False,1.0,10.0,0.0,4.490681288578891,True,0.6934680758788054,True,4.490681288578891,True,1.0,True,20.053313589096067,True
2025,B,341,1780378860.0,True,27,dependency_timeout,2,False,0.0,10.0,0.0,4.490681288578891,True,0.5806739357016447,False,4.490681288578891,True,1.0,True,999999999.9999999,True
2025,B,342,1780378920.0,False,-1,,2,False,0.0,5.0,0.0,-0.9624986279620611,False,0.45343040122220674,False,-0.9624986279620611,False,0.036683938886476364,False,0.1406095504760742,False
2025,B,343,1780378980.0,False,-1,,2,False,0.0,4.0,0.0,-0.8130315910092838,False,0.48941255033061776,False,-0.8130315910092838,False,0.017343794071682,False,0.1353154420852661,False
2025,B,344,1780379040.0,False,-1,,2,False,0.0,12.0,0.0,-0.6214790916619233,False,0.40871928313064226,False,-0.6214790916619233,False,0.24455063116099418,False,0.130057430267334,False
2025,B,345,1780379100.0,False,-1,,2,False,0.0,9.0,0.0,-1.3748921615841496,False,0.4026490406096626,False,-1.3748921615841496,False,0.15282910832620436,False,0.1284778594970703,False
2025,B,346,1780379160.0,False,-1,,2,False,0.0,6.0,0.0,-1.190047910974231,False,0.434549112436908,False,-1.190047910974231,False,0.06167876191882357,False,0.14744126796722412,False
2025,B,347,1780379220.0,False,-1,,2,False,0.0,9.0,0.0,-1.2500879963257319,False,0.41031160452567994,False,-1.2500879963257319,False,0.15282910832620436,False,0.1373194694519043,False
2025,B,348,1780379280.0,False,-1,,2,False,0.0,6.0,0.0,-1.1519947030639912,False,0.416279010928788,False,-1.1519947030639912,False,0.06167876191882357,False,0.12597298622131348,False
2025,B,349,1780379340.0,False,-1,,2,False,0.0,3.0,0.0,-0.019938775589541713,False,0.5532144052418383,False,-0.019938775589541713,False,0.005277466365621823,False,0.14652113914489745,False
2025,B,350,1780379400.0,False,-1,,2,False,0.0,5.0,0.0,-0.06478296918172699,False,0.5451594037037824,False,-0.06478296918172699,False,0.036683938886476364,False,0.10306787490844727,False
2025,B,351,1780379460.0,False,-1,,2,False,0.0,3.0,0.0,-1.1092259479186275,False,0.5635271398252111,False,-1.1092259479186275,False,0.005277466365621823,False,0.09803256988525391,False
2025,B,352,1780379520.0,False,-1,,2,False,0.0,7.0,0.0,-1.0105729557607255,False,0.4322513105074703,False,-1.0105729557607255,False,0.09041902030251087,False,0.10756158828735352,False
2025,B,353,1780379580.0,True,28,resource_exhaustion,2,True,10.0,48.0,0.0,4.490681288578891,True,0.714508397460654,True,4.490681288578891,True,1.0,True,10000000000.0,True
2025,B,354,1780379640.0,True,28,resource_exhaustion,2,True,9.0,70.0,0.0,4.490681288578891,True,0.7399359570568567,True,4.490681288578891,True,1.0,True,9000000000.0,True
2025,B,355,1780379700.0,True,28,resource_exhaustion,2,True,7.0,50.0,0.0,4.490681288578891,True,0.7212127417307065,True,4.490681288578891,True,1.0,True,6000000000.0,True
2025,B,356,1780379760.0,True,28,resource_exhaustion,2,False,0.0,7.0,0.0,4.49068128857889,True,0.542902560609857,False,4.49068128857889,True,0.09041902030251087,False,0.2283958911895752,False
2025,B,357,1780379820.0,True,28,resource_exhaustion,2,False,0.0,9.0,0.0,-1.2590830673323996,False,0.40713456172249185,False,-1.2590830673323996,False,0.15282910832620436,False,0.13104095458984374,False
2025,B,358,1780379880.0,False,-1,,2,False,0.0,15.0,0.0,-1.4053612088416658,False,0.37438507443898933,False,-1.4053612088416658,False,0.32466280815287585,False,0.14756188392639158,False
2025,B,359,1780379940.0,False,-1,,2,False,0.0,11.0,0.0,0.7429333788914549,False,0.612807193944144,False,0.7429333788914549,False,4.84296317889242e-05,False,1.0,False
2025,B,360,1780380000.0,False,-1,,2,False,0.0,9.0,0.0,-0.8202245026742929,False,0.40722557574010376,False,-0.8202245026742929,False,0.15282910832620436,False,0.14263811111450195,False
2025,B,361,1780380060.0,False,-1,,2,True,0.0,53.0,0.0,-0.6201479744345129,False,0.5182761365386028,False,-0.6201479744345129,False,0.7049869828682847,True,0.14948635101318358,False
2025,B,362,1780380120.0,False,-1,,2,True,0.0,80.0,0.0,-0.27660648478248007,False,0.5688583318551046,False,-0.27660648478248007,False,0.7754416442529228,True,0.1557799100875853,False
2025,B,363,1780380180.0,False,-1,,2,True,0.0,30.0,0.0,-0.5018304461280527,False,0.3915354248718057,False,-0.5018304461280527,False,0.5635068877933571,True,0.1520287275314331,False
2025,B,364,1780380240.0,False,-1,,2,False,0.0,7.0,0.0,-1.544990991601079,False,0.4058162311052277,False,-1.544990991601079,False,0.09041902030251087,False,0.16690196990966794,False
2025,B,365,1780380300.0,False,-1,,2,False,0.0,9.0,0.0,-1.093515445189893,False,0.4338505875497081,False,-1.093515445189893,False,0.15282910832620436,False,0.12386426925659182,False
2025,B,366,1780380360.0,False,-1,,2,False,0.0,9.0,0.0,-1.4490651563892243,False,0.39915574011660465,False,-1.4490651563892243,False,0.15282910832620436,False,0.165541934967041,False
2025,B,367,1780380420.0,True,29,config_error,2,False,0.0,12.0,0.0,4.490528958283062,True,0.4683338357174894,False,4.490528958283062,True,4.071035156900617e-08,False,6.0,True
2025,B,368,1780380480.0,True,29,config_error,2,False,0.0,4.0,0.0,4.4826017400087474,True,0.5610459999572526,False,4.4826017400087474,True,2.010390169731755e-06,False,3.0,True
2025,B,369,1780380540.0,True,29,config_error,2,False,0.0,9.0,0.0,4.4906779485143415,True,0.5227284681611569,False,4.4906779485143415,True,2.8033902788488824e-09,False,8.0,True
2025,B,370,1780380600.0,True,29,config_error,2,False,0.0,7.0,0.0,4.490196485298485,True,0.5127472199755954,False,4.490196485298485,True,5.665370781171422e-08,False,5.0,True
2025,B,371,1780380660.0,False,-1,,2,False,0.0,8.0,0.0,-1.340890640921642,False,0.39528754552245976,False,-1.340890640921642,False,0.12123243654708447,False,0.1426309108734131,False
2025,B,372,1780380720.0,False,-1,,2,False,0.0,16.0,0.0,-1.645500560096326,False,0.3833826676568784,False,-1.645500560096326,False,0.3483801247404773,False,0.16971421241760254,False
2025,B,373,1780380780.0,False,-1,,2,False,0.0,7.0,0.0,-1.4475039287800318,False,0.4061154355863058,False,-1.4475039287800318,False,0.09041902030251087,False,0.13571019172668455,False
2025,B,374,1780380840.0,False,-1,,2,False,0.0,10.0,0.0,-1.0200351728150796,False,0.40113947596351235,False,-1.0200351728150796,False,0.1842881608538789,False,0.14423162937164308,False
2025,B,375,1780380900.0,False,-1,,2,False,0.0,7.0,0.0,-1.4055234184751457,False,0.40755881685546513,False,-1.4055234184751457,False,0.09041902030251087,False,0.1373220443725586,False
2025,B,376,1780380960.0,False,-1,,2,False,0.0,12.0,0.0,-0.5717577830508089,False,0.42550021046878533,False,-0.5717577830508089,False,0.24455063116099418,False,0.14459040164947512,False
2025,B,377,1780381020.0,False,-1,,2,False,0.0,3.0,0.0,-0.6857196028275263,False,0.520354676196949,False,-0.6857196028275263,False,0.005277466365621823,False,0.132668399810791,False
2025,B,378,1780381080.0,False,-1,,2,False,0.0,7.0,0.0,-1.5902257498839543,False,0.4087182501738947,False,-1.5902257498839543,False,0.09041902030251087,False,0.1532687664031982,False
2025,B,379,1780381140.0,False,-1,,2,False,0.0,8.0,0.0,-0.6751556944225099,False,0.42039666533171943,False,-0.6751556944225099,False,0.12123243654708447,False,0.1588008403778076,False
2025,B,380,1780381200.0,True,30,resource_exhaustion,2,False,0.0,9.0,0.0,4.490681288578891,True,0.5543616814515222,False,4.490681288578891,True,0.15282910832620436,False,0.24015026092529296,False
2025,B,381,1780381260.0,True,30,resource_exhaustion,2,False,1.0,8.0,0.0,4.490681288578891,True,0.7006320082339944,True,4.490681288578891,True,1.0,True,999999999.9999999,True
2025,B,382,1780381320.0,True,30,resource_exhaustion,2,False,0.0,5.0,0.0,-0.7951285504095011,False,0.46095742019895125,False,-0.7951285504095011,False,0.036683938886476364,False,0.13247671127319335,False
2025,B,383,1780381380.0,False,-1,,2,False,0.0,10.0,0.0,-0.9731086751627771,False,0.41391181269246247,False,-0.9731086751627771,False,0.1842881608538789,False,0.12233974933624267,False
2025,B,384,1780381440.0,False,-1,,2,False,0.0,10.0,0.0,1.487152120129215,True,0.6076694732970962,False,1.487152120129215,True,3.79967465558482e-05,False,1.0,False
2025,B,385,1780381500.0,False,-1,,2,False,0.0,6.0,0.0,-1.4423620563153685,False,0.42365078524175015,False,-1.4423620563153685,False,0.06167876191882357,False,0.1546539068222046,False
2025,B,386,1780381560.0,False,-1,,2,False,0.0,9.0,0.0,-0.7735311210141091,False,0.4052002558581649,False,-0.7735311210141091,False,0.15282910832620436,False,0.12368831634521485,False
2025,B,387,1780381620.0,False,-1,,2,False,0.0,8.0,0.0,-1.1883259866468414,False,0.4151817337721901,False,-1.1883259866468414,False,0.12123243654708447,False,0.12553975582122803,False
2025,B,388,1780381680.0,False,-1,,2,False,0.0,12.0,0.0,-0.9040465200973369,False,0.41119410326203437,False,-0.9040465200973369,False,0.24455063116099418,False,0.1761183500289917,False
2025,B,389,1780381740.0,True,31,dependency_timeout,2,False,0.0,11.0,0.0,4.448261585059256,True,0.4488699319259644,False,4.448261585059256,True,0.21499157607060515,False,0.7248120307922363,False
2025,B,390,1780381800.0,True,31,dependency_timeout,2,False,3.0,10.0,0.0,4.490681288578891,True,0.6986836528048479,True,4.490681288578891,True,1.0,True,999999999.9999999,True
2025,B,391,1780381860.0,True,31,dependency_timeout,2,False,0.0,7.0,0.0,4.490681288578891,True,0.5767173110226189,False,4.490681288578891,True,1.0,True,999999999.9999999,True
2025,B,392,1780381920.0,True,31,dependency_timeout,2,False,0.0,6.0,0.0,4.490681288578891,True,0.6300203801082502,False,4.490681288578891,True,1.0,True,1999999999.9999998,True
2025,B,393,1780381980.0,True,31,dependency_timeout,2,False,2.0,12.0,0.0,4.490681288578891,True,0.6628811319865133,False,4.490681288578891,True,1.0,True,999999999.9999999,True
2025,B,394,1780382040.0,False,-1,,2,False,0.0,7.0,0.0,-1.199595929009111,False,0.428768791673865,False,-1.199595929009111,False,0.09041902030251087,False,0.13421573638916015,False
2025,B,395,1780382100.0,False,-1,,2,False,0.0,7.0,0.0,-0.7848922316726883,False,0.4399319271983302,False,-0.7848922316726883,False,0.09041902030251087,False,0.1694531917572021,False
2025,B,396,1780382160.0,False,-1,,2,False,0.0,13.0,0.0,-0.6319231453797247,False,0.4133800934978628,False,-0.6319231453797247,False,0.2727417982240277,False,0.11328325271606442,False
2025,B,397,1780382220.0,False,-1,,2,False,0.0,8.0,0.0,-1.5679944116335118,False,0.39133309958556567,False,-1.5679944116335118,False,0.12123243654708447,False,0.13511924743652345,False
2025,B,398,1780382280.0,False,-1,,2,False,0.0,9.0,0.0,-1.4252749443153006,False,0.3987360160509924,False,-1.4252749443153006,False,0.15282910832620436,False,0.15730609893798828,False
2025,B,399,1780382340.0,True,32,permission_denied,2,False,0.0,7.0,0.0,3.674306985459271,True,0.47234688437332184,False,3.674306985459271,True,4.287484871595767e-07,False,1.0,False
2025,B,400,1780382400.0,True,32,permission_denied,2,False,0.0,8.0,0.0,4.486736210318842,True,0.5145966884172608,False,4.486736210318842,True,3.474783740983417e-07,False,4.0,True
2025,B,401,1780382460.0,True,32,permission_denied,2,False,0.0,7.0,0.0,4.488470190844017,True,0.5289307031850493,False,4.488470190844017,True,3.059273003851539e-07,False,4.0,True
2025,B,402,1780382520.0,True,32,permission_denied,2,False,0.0,9.0,0.0,4.3609939559542665,True,0.4878262228648175,False,4.3609939559542665,True,4.567675190387084e-07,False,2.0,True
2025,B,403,1780382580.0,True,32,permission_denied,2,False,0.0,7.0,0.0,-0.5071103243974919,False,0.42158493443500394,False,-0.5071103243974919,False,0.09041902030251087,False,0.11826877593994141,False
2025,B,404,1780382640.0,False,-1,,2,False,0.0,7.0,0.0,-0.5015829139480754,False,0.4194342220229232,False,-0.5015829139480754,False,0.09041902030251087,False,0.11592535972595214,False
2025,B,405,1780382700.0,False,-1,,2,False,0.0,9.0,0.0,-1.020751559953922,False,0.4159325495551837,False,-1.020751559953922,False,0.15282910832620436,False,0.17833585739135743,False
2025,B,406,1780382760.0,False,-1,,2,False,0.0,6.0,0.0,-1.1277933352188239,False,0.43947240751843264,False,-1.1277933352188239,False,0.06167876191882357,False,0.19052410125732422,False
2025,B,407,1780382820.0,False,-1,,2,False,0.0,14.0,0.0,-0.5743363327746263,False,0.4233075709706862,False,-0.5743363327746263,False,0.29945633811066746,False,0.12586827278137208,False
2025,B,408,1780382880.0,False,-1,,2,False,0.0,7.0,0.0,-0.6736197374830022,False,0.4430197956195115,False,-0.6736197374830022,False,0.09041902030251087,False,0.19229683876037595,False
2025,B,409,1780382940.0,False,-1,,2,False,0.0,8.0,0.0,-0.6330179127456548,False,0.45200309462188115,False,-0.6330179127456548,False,0.12123243654708447,False,0.18485817909240723,False
2025,B,410,1780383000.0,True,33,dependency_timeout,2,False,0.0,7.0,0.0,4.490681288578891,True,0.5708193209930261,False,4.490681288578891,True,1.0,True,999999999.9999999,True
2025,B,411,1780383060.0,True,33,dependency_timeout,2,False,2.0,6.0,0.0,4.490681288578891,True,0.7165196546386178,True,4.490681288578891,True,1.0,True,1999999999.9999998,True
2025,B,412,1780383120.0,True,33,dependency_timeout,2,False,1.0,9.0,0.0,4.490681288578891,True,0.7013986914089739,True,4.490681288578891,True,1.0,True,20.08900852203369,True
2025,B,413,1780383180.0,True,33,dependency_timeout,2,False,2.0,8.0,0.0,4.490681288578891,True,0.6986549994365812,True,4.490681288578891,True,1.0,True,999999999.9999999,True
2025,B,414,1780383240.0,False,-1,,2,False,0.0,10.0,0.0,-0.8508366959821929,False,0.4064327142972856,False,-0.8508366959821929,False,0.1842881608538789,False,0.12309722900390625,False
2025,B,415,1780383300.0,False,-1,,2,False,0.0,12.0,0.0,-1.4175339396665034,False,0.38772733831582407,False,-1.4175339396665034,False,0.24455063116099418,False,0.14760558605194093,False
2025,B,416,1780383360.0,False,-1,,2,False,0.0,8.0,0.0,-1.0811453482663476,False,0.4086885085434338,False,-1.0811453482663476,False,0.12123243654708447,False,0.130277681350708,False
2025,B,417,1780383420.0,False,-1,,2,False,0.0,4.0,0.0,-0.45249964205698134,False,0.49487688712292677,False,-0.45249964205698134,False,0.017343794071682,False,0.12985002994537354,False
2025,B,418,1780383480.0,False,-1,,2,False,0.0,6.0,0.0,-0.30993887501301565,False,0.4654378884198009,False,-0.30993887501301565,False,0.06167876191882357,False,0.15327835083007812,False
2025,B,419,1780383540.0,False,-1,,2,False,0.0,14.0,0.0,-0.9013779751779154,False,0.403643185953973,False,-0.9013779751779154,False,0.29945633811066746,False,0.14861466884613037,False
2025,B,420,1780383600.0,False,-1,,2,False,0.0,12.0,0.0,-0.7754616741670208,False,0.42481553190557325,False,-0.7754616741670208,False,0.24455063116099418,False,0.16375918388366703,False
2025,B,421,1780383660.0,False,-1,,2,False,0.0,3.0,0.0,-0.9487849917051312,False,0.5151013006729256,False,-0.9487849917051312,False,0.005277466365621823,False,0.13673353195190427,False
2025,B,422,1780383720.0,False,-1,,2,False,0.0,7.0,0.0,-0.877542340978386,False,0.4377740727344592,False,-0.877542340978386,False,0.09041902030251087,False,0.1245603084564209,False
2025,B,423,1780383780.0,True,34,config_error,2,False,1.0,19.0,0.0,-0.9039351038139074,False,0.5680149505066169,False,-0.9039351038139074,False,2.756789558352042e-05,False,0.15251893997192384,False
2025,B,424,1780383840.0,True,34,config_error,2,False,0.0,8.0,0.0,4.490608956698552,True,0.5274947263565523,False,4.490608956698552,True,1.8185690205608657e-08,False,6.0,True
2025,B,425,1780383900.0,True,34,config_error,2,False,0.0,7.0,0.0,4.490673784604457,True,0.524810350187556,False,4.490673784604457,True,3.292103427667486e-09,False,7.0,True
2025,B,426,1780383960.0,True,34,config_error,2,False,0.0,3.0,0.0,4.486922540652126,True,0.593255629152121,False,4.486922540652126,True,9.0473081116881e-07,False,3.0,True
2025,B,427,1780384020.0,False,-1,,2,False,0.0,8.0,0.0,-1.4951325494650272,False,0.394740359032676,False,-1.4951325494650272,False,0.12123243654708447,False,0.16105992794036866,False
2025,B,428,1780384080.0,False,-1,,2,False,0.0,8.0,0.0,-0.944977663604714,False,0.4449502722065286,False,-0.944977663604714,False,0.12123243654708447,False,0.13700318336486816,False
2025,B,429,1780384140.0,False,-1,,2,False,0.0,4.0,0.0,-1.2823891379848291,False,0.46367357459683534,False,-1.2823891379848291,False,0.017343794071682,False,0.12908992767333985,False
2025,B,430,1780384200.0,False,-1,,2,False,0.0,13.0,0.0,-1.5056483203823179,False,0.37965293266355976,False,-1.5056483203823179,False,0.2727417982240277,False,0.13988800048828126,False
2025,B,431,1780384260.0,False,-1,,2,False,0.0,9.0,0.0,-0.24352830611684428,False,0.4321495098487548,False,-0.24352830611684428,False,0.15282910832620436,False,0.1434147834777832,False
2025,B,432,1780384320.0,False,-1,,2,False,0.0,5.0,0.0,-0.02882153675455612,False,0.5202577389343704,False,-0.02882153675455612,False,0.036683938886476364,False,0.19417228698730468,False
2025,B,433,1780384380.0,False,-1,,2,False,0.0,7.0,0.0,-1.4648035208742893,False,0.4165231494172306,False,-1.4648035208742893,False,0.09041902030251087,False,0.16545872688293456,False
2025,B,434,1780384440.0,False,-1,,2,False,0.0,7.0,0.0,-1.2406280808569443,False,0.41191108413654165,False,-1.2406280808569443,False,0.09041902030251087,False,0.11924829483032229,False
2025,B,435,1780384500.0,False,-1,,2,False,0.0,9.0,0.0,-1.4257796972982089,False,0.39125239774027076,False,-1.4257796972982089,False,0.15282910832620436,False,0.12867660522460939,False
2025,B,436,1780384560.0,False,-1,,2,False,0.0,8.0,0.0,-0.7843512632589071,False,0.4344101775052109,False,-0.7843512632589071,False,0.12123243654708447,False,0.10938572883605957,False
2025,B,437,1780384620.0,False,-1,,2,False,0.0,12.0,0.0,-1.133230634125196,False,0.3910286058967757,False,-1.133230634125196,False,0.24455063116099418,False,0.1476914644241333,False
2025,B,438,1780384680.0,True,35,resource_exhaustion,2,False,0.0,9.0,0.0,4.490681288578891,True,0.5543616814515222,False,4.490681288578891,True,0.15282910832620436,False,0.33890619277954104,False
2025,B,439,1780384740.0,True,35,resource_exhaustion,2,False,1.0,8.0,0.0,4.490681288578891,True,0.7036583556573546,True,4.490681288578891,True,1.0,True,1999999999.9999998,True
2025,B,440,1780384800.0,True,35,resource_exhaustion,2,False,1.0,13.0,0.0,4.49068128857889,True,0.6591690215607454,False,4.49068128857889,True,5.6512845703240665e-06,False,0.2642840385437011,False
2025,B,441,1780384860.0,False,-1,,3,False,0.0,10.0,0.0,-1.552371218151122,False,0.39336085249054004,False,-1.552371218151122,False,0.1842881608538789,False,0.15260162353515624,False
2025,B,442,1780384920.0,False,-1,,3,False,0.0,18.0,0.0,-1.715598517846205,False,0.3684927637804092,False,-1.715598517846205,False,0.391567299653465,False,0.16052350997924805,False
2025,B,443,1780384980.0,False,-1,,3,False,0.0,11.0,0.0,-1.44132096228856,False,0.3880876401824115,False,-1.44132096228856,False,0.21499157607060515,False,0.13504552841186523,False
2025,B,444,1780385040.0,False,-1,,3,False,0.0,8.0,0.0,-1.5183758170294617,False,0.4037072854541715,False,-1.5183758170294617,False,0.12123243654708447,False,0.14363977909088135,False
2025,B,445,1780385100.0,False,-1,,3,False,0.0,10.0,0.0,-1.4868380624108992,False,0.38842775567723925,False,-1.4868380624108992,False,0.1842881608538789,False,0.1409727334976196,False
2025,B,446,1780385160.0,False,-1,,3,False,0.0,6.0,0.0,-1.405672670233959,False,0.4216668641223917,False,-1.405672670233959,False,0.06167876191882357,False,0.12183880805969237,False
2025,B,447,1780385220.0,False,-1,,3,False,0.0,11.0,0.0,-1.3372748058948334,False,0.38235882784660963,False,-1.3372748058948334,False,0.21499157607060515,False,0.13669276237487793,False
2025,B,448,1780385280.0,True,36,dependency_timeout,3,False,1.0,13.0,0.0,4.490681288578891,True,0.6885743109797436,False,4.490681288578891,True,1.0,True,999999999.9999999,True
2025,B,449,1780385340.0,True,36,dependency_timeout,3,False,4.0,16.0,0.0,4.490681288578891,True,0.6881579849500163,False,4.490681288578891,True,1.0,True,3999999999.9999995,True
2025,B,450,1780385400.0,True,36,dependency_timeout,3,False,1.0,15.0,0.0,4.490681288578891,True,0.6785850761662786,False,4.490681288578891,True,1.0,True,999999999.9999999,True
2025,B,451,1780385460.0,False,-1,,3,False,0.0,16.0,0.0,-1.4909017340088617,False,0.3945113254403124,False,-1.4909017340088617,False,0.3483801247404773,False,0.18462181091308594,False
2025,B,452,1780385520.0,False,-1,,3,False,0.0,13.0,0.0,-1.6653138474258613,False,0.3766535466853071,False,-1.6653138474258613,False,0.2727417982240277,False,0.15924081802368162,False
2025,B,453,1780385580.0,False,-1,,3,False,0.0,11.0,0.0,-0.9896146974023061,False,0.41701566539457724,False,-0.9896146974023061,False,0.21499157607060515,False,0.19763708114624026,False
2025,B,454,1780385640.0,False,-1,,3,False,0.0,14.0,0.0,-0.46743438250547076,False,0.4278731707752117,False,-0.46743438250547076,False,0.29945633811066746,False,0.2095985889434814,False
2025,B,455,1780385700.0,False,-1,,3,False,0.0,15.0,0.0,-1.2993502946355422,False,0.4038803176689356,False,-1.2993502946355422,False,0.32466280815287585,False,0.16141142845153808,False
2025,B,456,1780385760.0,False,-1,,3,False,0.0,11.0,0.0,-0.5301430278166244,False,0.4316922444510251,False,-0.5301430278166244,False,0.21499157607060515,False,0.22865200042724612,False
2025,B,457,1780385820.0,False,-1,,3,False,0.0,6.0,0.0,-0.7499056198878158,False,0.4411260659861448,False,-0.7499056198878158,False,0.06167876191882357,False,0.1166616678237915,False
2025,B,458,1780385880.0,False,-1,,3,False,0.0,8.0,0.0,-0.8055747546214356,False,0.42442439613711147,False,-0.8055747546214356,False,0.12123243654708447,False,0.17093465328216553,False
2025,B,459,1780385940.0,False,-1,,3,False,0.0,15.0,0.0,-1.4046153900726202,False,0.37406100560837,False,-1.4046153900726202,False,0.32466280815287585,False,0.156813383102417,False
2025,B,460,1780386000.0,True,37,config_error,3,False,0.0,13.0,0.0,4.4549975649929205,True,0.46582116994123574,False,4.4549975649929205,True,2.255656502033409e-05,False,3.0,True
2025,B,461,1780386060.0,True,37,config_error,3,False,0.0,10.0,0.0,4.490681179728164,True,0.5164415959473813,False,4.490681179728164,True,6.986949336071823e-10,False,10.0,True
2025,B,462,1780386120.0,True,37,config_error,3,False,0.0,10.0,0.0,4.490680771984629,True,0.5663943729487354,False,4.490680771984629,True,1.6495495022327867e-09,False,9.0,True
2025,B,463,1780386180.0,True,37,config_error,3,False,0.0,18.0,0.0,4.49068124435798,True,0.5054151942229093,False,4.49068124435798,True,1.202346195502867e-09,False,12.0,True
2025,B,464,1780386240.0,False,-1,,3,False,0.0,11.0,0.0,-0.4154090981731482,False,0.40316962403703366,False,-0.4154090981731482,False,0.21499157607060515,False,0.13733196258544922,False
2025,B,465,1780386300.0,False,-1,,3,False,0.0,9.0,0.0,-1.0075315403902714,False,0.4165547654754258,False,-1.0075315403902714,False,0.15282910832620436,False,0.1418792724609375,False
2025,B,466,1780386360.0,False,-1,,3,False,0.0,7.0,0.0,-1.1674431387576423,False,0.40591892437341653,False,-1.1674431387576423,False,0.09041902030251087,False,0.1358187198638916,False
2025,B,467,1780386420.0,False,-1,,3,False,0.0,6.0,0.0,-1.1277086163178458,False,0.4179865094663632,False,-1.1277086163178458,False,0.06167876191882357,False,0.11946296691894531,False
2025,B,468,1780386480.0,False,-1,,3,False,0.0,13.0,0.0,-1.3755000187583883,False,0.3758634934741926,False,-1.3755000187583883,False,0.2727417982240277,False,0.1437488555908203,False
2025,B,469,1780386540.0,False,-1,,3,False,0.0,15.0,0.0,-1.3740010180530193,False,0.39105041048657546,False,-1.3740010180530193,False,0.32466280815287585,False,0.14597439765930176,False
2025,B,470,1780386600.0,False,-1,,3,False,0.0,6.0,0.0,-1.0622326378876759,False,0.44098503241606524,False,-1.0622326378876759,False,0.06167876191882357,False,0.15658092498779297,False
2025,B,471,1780386660.0,False,-1,,3,False,0.0,14.0,0.0,-1.3863501692847384,False,0.3842328185260976,False,-1.3863501692847384,False,0.29945633811066746,False,0.16761059761047364,False
2025,B,472,1780386720.0,False,-1,,3,False,0.0,10.0,0.0,-0.09081130114245539,False,0.43488196599868234,False,-0.09081130114245539,False,0.1842881608538789,False,0.1447695255279541,False
2025,B,473,1780386780.0,False,-1,,3,False,0.0,22.0,0.0,-1.260053195842981,False,0.3955469843225095,False,-1.260053195842981,False,0.46310969853896505,False,0.1524795055389404,False
2025,B,474,1780386840.0,True,38,resource_exhaustion,3,False,1.0,11.0,0.0,4.490681288578891,True,0.7013500608894482,True,4.490681288578891,True,1.0,True,999999999.9999999,True
2025,B,475,1780386900.0,True,38,resource_exhaustion,3,False,1.0,11.0,0.0,4.490681288578891,True,0.6930777465148965,True,4.490681288578891,True,1.0,True,999999999.9999999,True
2025,B,476,1780386960.0,True,38,resource_exhaustion,3,False,0.0,9.0,0.0,4.490681288578891,True,0.5388303480719276,False,4.490681288578891,True,0.15282910832620436,False,0.3720541000366211,False
2025,B,477,1780387020.0,False,-1,,3,False,0.0,15.0,0.0,-1.21849486951381,False,0.37730592036442273,False,-1.21849486951381,False,0.32466280815287585,False,0.14843816757202144,False
2025,B,478,1780387080.0,False,-1,,3,False,0.0,6.0,0.0,-0.7149938814119174,False,0.45196697805280955,False,-0.7149938814119174,False,0.06167876191882357,False,0.11860477924346924,False
2025,B,479,1780387140.0,False,-1,,3,False,0.0,9.0,0.0,-0.9360713569381724,False,0.4387250706155758,False,-0.9360713569381724,False,0.15282910832620436,False,0.12801637649536132,False
2025,B,480,1780387200.0,False,-1,,3,False,0.0,6.0,0.0,-1.084509417966241,False,0.45348146577746135,False,-1.084509417966241,False,0.06167876191882357,False,0.18380045890808105,False
2025,B,481,1780387260.0,False,-1,,3,False,0.0,11.0,0.0,-1.2480602244764558,False,0.3922058167975817,False,-1.2480602244764558,False,0.21499157607060515,False,0.14272570610046387,False
2025,B,482,1780387320.0,False,-1,,3,False,0.0,9.0,0.0,-0.7987734032018974,False,0.4125304981578678,False,-0.7987734032018974,False,0.15282910832620436,False,0.13089799880981445,False
2025,B,483,1780387380.0,False,-1,,3,False,0.0,14.0,0.0,-1.7030725435589753,False,0.37323925783289547,False,-1.7030725435589753,False,0.29945633811066746,False,0.156375527381897,False
2025,B,484,1780387440.0,False,-1,,3,False,0.0,13.0,0.0,-1.4341960627943715,False,0.38131559293902656,False,-1.4341960627943715,False,0.2727417982240277,False,0.16225099563598633,False
2025,B,485,1780387500.0,True,39,permission_denied,3,False,0.0,15.0,0.0,4.483895724291618,True,0.4546399773391179,False,4.483895724291618,True,5.915790540364221e-07,False,4.0,True
2025,B,486,1780387560.0,True,39,permission_denied,3,False,0.0,9.0,0.0,4.4899428315979755,True,0.4932896154370599,False,4.4899428315979755,True,3.658861114993432e-07,False,5.0,True
2025,B,487,1780387620.0,True,39,permission_denied,3,False,0.0,11.0,0.0,4.490539806356007,True,0.5047175136223239,False,4.490539806356007,True,4.1399588924223013e-07,False,6.0,True
2025,B,488,1780387680.0,True,39,permission_denied,3,False,0.0,10.0,0.0,3.678367557279553,True,0.48044599442946156,False,3.678367557279553,True,7.369420163444125e-07,False,1.0,False
2025,B,489,1780387740.0,False,-1,,3,False,0.0,15.0,0.0,-1.566343195773836,False,0.3731959364210746,False,-1.566343195773836,False,0.32466280815287585,False,0.1613006591796875,False
2025,B,490,1780387800.0,False,-1,,3,False,0.0,19.0,0.0,-1.5622493544122218,False,0.36702791932650675,False,-1.5622493544122218,False,0.41118454089992934,False,0.16260132789611817,False
2025,B,491,1780387860.0,False,-1,,3,False,0.0,15.0,0.0,-0.6728090149095785,False,0.39235670205191164,False,-0.6728090149095785,False,0.32466280815287585,False,0.12458772659301758,False
2025,B,492,1780387920.0,False,-1,,3,False,0.0,11.0,0.0,-1.0945983636671741,False,0.3832526192716275,False,-1.0945983636671741,False,0.21499157607060515,False,0.13047075271606445,False
2025,B,493,1780387980.0,False,-1,,3,False,0.0,14.0,0.0,-0.9775318478669668,False,0.3860392104646693,False,-0.9775318478669668,False,0.29945633811066746,False,0.15307385921478267,False
2025,B,494,1780388040.0,False,-1,,3,False,0.0,15.0,0.0,-1.6815883132084144,False,0.37343653677440247,False,-1.6815883132084144,False,0.32466280815287585,False,0.16563510894775388,False
2025,B,495,1780388100.0,False,-1,,3,False,0.0,9.0,0.0,-1.524693957306103,False,0.39535101914855647,False,-1.524693957306103,False,0.15282910832620436,False,0.1613245964050293,False
2025,B,496,1780388160.0,False,-1,,3,False,0.0,13.0,0.0,-0.9681013641449718,False,0.3985636170866242,False,-0.9681013641449718,False,0.2727417982240277,False,0.12126216888427732,False
2025,B,497,1780388220.0,False,-1,,3,False,0.0,12.0,0.0,-1.4936295541748823,False,0.38453201061608266,False,-1.4936295541748823,False,0.24455063116099418,False,0.16191644668579103,False
2025,B,498,1780388280.0,False,-1,,3,False,0.0,14.0,0.0,-1.6174683848658322,False,0.37660326679702966,False,-1.6174683848658322,False,0.29945633811066746,False,0.14867792129516602,False
2025,B,499,1780388340.0,True,40,permission_denied,3,False,0.0,12.0,0.0,4.4897177458853195,True,0.4755556476926622,False,4.4897177458853195,True,4.6618099304238893e-07,False,5.0,True
2025,B,500,1780388400.0,True,40,permission_denied,3,False,0.0,9.0,0.0,4.4148453950524065,True,0.5251803429045447,False,4.4148453950524065,True,4.567675190387084e-07,False,2.0,True
2025,B,501,1780388460.0,True,40,permission_denied,3,False,0.0,11.0,0.0,4.490675341536008,True,0.4888688974591169,False,4.490675341536008,True,3.740920426131543e-07,False,8.0,True
2025,B,502,1780388520.0,True,40,permission_denied,3,False,0.0,14.0,0.0,0.0720815779512618,False,0.4219251248420569,False,0.0720815779512618,False,0.29945633811066746,False,0.11187756061553955,False
2025,B,503,1780388580.0,False,-1,,3,False,0.0,12.0,0.0,-1.6828359075866661,False,0.37581713154742924,False,-1.6828359075866661,False,0.24455063116099418,False,0.16321508884429936,False
2025,B,504,1780388640.0,False,-1,,3,False,0.0,9.0,0.0,-0.9413250537721991,False,0.3966913789844852,False,-0.9413250537721991,False,0.15282910832620436,False,0.12392349243164061,False
2025,B,505,1780388700.0,False,-1,,3,False,0.0,11.0,0.0,-1.6381480949501928,False,0.3812016447156178,False,-1.6381480949501928,False,0.21499157607060515,False,0.14759540557861328,False
2025,B,506,1780388760.0,False,-1,,3,False,0.0,8.0,0.0,-0.21305939079091551,False,0.4335045734565023,False,-0.21305939079091551,False,0.12123243654708447,False,0.15202991962432863,False
2025,B,507,1780388820.0,False,-1,,3,False,0.0,13.0,0.0,-1.3485457976422257,False,0.38315919050967195,False,-1.3485457976422257,False,0.2727417982240277,False,0.16743459701538083,False
2025,B,508,1780388880.0,False,-1,,3,False,0.0,18.0,0.0,-1.5132384929246738,False,0.3686722625492925,False,-1.5132384929246738,False,0.391567299653465,False,0.15652632713317868,False
2025,B,509,1780388940.0,False,-1,,3,False,0.0,12.0,0.0,-0.7928182319820003,False,0.40865300723771436,False,-0.7928182319820003,False,0.24455063116099418,False,0.16986410617828368,False
2025,B,510,1780389000.0,False,-1,,3,False,0.0,12.0,0.0,-1.5400772845315451,False,0.38245848143364547,False,-1.5400772845315451,False,0.24455063116099418,False,0.1408937454223633,False
2025,B,511,1780389060.0,False,-1,,3,False,0.0,18.0,0.0,-1.3454627313402474,False,0.373859753568572,False,-1.3454627313402474,False,0.391567299653465,False,0.1716537952423095,False
2025,B,512,1780389120.0,True,41,config_error,3,False,0.0,15.0,0.0,4.490681279058962,True,0.4889469176795105,False,4.490681279058962,True,5.148945272959141e-10,False,13.0,True
2025,B,513,1780389180.0,True,41,config_error,3,False,0.0,10.0,0.0,4.4906573923105455,True,0.4939271557743214,False,4.4906573923105455,True,9.875007419827115e-09,False,7.0,True
2025,B,514,1780389240.0,True,41,config_error,3,False,0.0,13.0,0.0,4.490681267444907,True,0.4929509509279873,False,4.490681267444907,True,5.225297961406595e-10,False,12.0,True
2025,B,515,1780389300.0,True,41,config_error,3,False,0.0,12.0,0.0,4.490675066005302,True,0.49823045211803363,False,4.490675066005302,True,5.911227546132067e-09,False,8.0,True
2025,B,516,1780389360.0,False,-1,,3,False,0.0,8.0,0.0,-1.6373133458743077,False,0.3924750566487214,False,-1.6373133458743077,False,0.12123243654708447,False,0.14105429649353024,False
2025,B,517,1780389420.0,False,-1,,3,False,0.0,18.0,0.0,-1.2294718205922361,False,0.38658320372785204,False,-1.2294718205922361,False,0.391567299653465,False,0.1557194948196411,False
2025,B,518,1780389480.0,False,-1,,3,False,0.0,16.0,0.0,-1.356072278211787,False,0.38887732691485405,False,-1.356072278211787,False,0.3483801247404773,False,0.16231977939605713,False
2025,B,519,1780389540.0,False,-1,,3,False,0.0,12.0,0.0,-0.2663353634784471,False,0.4478924820436341,False,-0.2663353634784471,False,0.24455063116099418,False,0.14205925464630126,False
2025,B,520,1780389600.0,False,-1,,3,False,0.0,16.0,0.0,-1.4194666189006568,False,0.3887573453836635,False,-1.4194666189006568,False,0.3483801247404773,False,0.15083932876586914,False
2025,B,521,1780389660.0,False,-1,,3,False,0.0,17.0,0.0,-1.5580665654402042,False,0.3693567319059981,False,-1.5580665654402042,False,0.370658671338492,False,0.15093822479248048,False
2025,B,522,1780389720.0,False,-1,,3,False,0.0,15.0,0.0,-0.45750758142696313,False,0.39887881402413866,False,-0.45750758142696313,False,0.32466280815287585,False,0.14723277091979978,False
2025,B,523,1780389780.0,True,42,permission_denied,3,False,0.0,12.0,0.0,4.467973078723075,True,0.5063307883622244,False,4.467973078723075,True,5.346272174212268e-07,False,3.0,True
2025,B,524,1780389840.0,True,42,permission_denied,3,False,0.0,10.0,0.0,4.485278104963344,True,0.46789202502779276,False,4.485278104963344,True,4.2348795578772734e-07,False,4.0,True
2025,B,525,1780389900.0,True,42,permission_denied,3,False,1.0,8.0,0.0,4.490639703621934,True,0.6548783562816498,False,4.490639703621934,True,5.433008336864089e-08,False,5.0,True
2025,B,526,1780389960.0,True,42,permission_denied,3,False,0.0,12.0,0.0,-1.0292847864783692,False,0.40828891799654715,False,-1.0292847864783692,False,0.24455063116099418,False,0.13174338340759278,False
2025,B,527,1780390020.0,False,-1,,3,False,0.0,11.0,0.0,-0.9035024419244131,False,0.4080624450287572,False,-0.9035024419244131,False,0.21499157607060515,False,0.12724637985229495,False
2025,B,528,1780390080.0,False,-1,,3,False,0.0,18.0,0.0,-1.5323153262682432,False,0.37453769551881577,False,-1.5323153262682432,False,0.391567299653465,False,0.14739966392517087,False
2025,B,529,1780390140.0,False,-1,,3,False,0.0,14.0,0.0,-1.408010969440162,False,0.3881817773934876,False,-1.408010969440162,False,0.29945633811066746,False,0.18583128452301023,False
2025,B,530,1780390200.0,False,-1,,3,False,0.0,15.0,0.0,-1.4366902732214344,False,0.3773498875783139,False,-1.4366902732214344,False,0.32466280815287585,False,0.15085844993591307,False
2025,B,531,1780390260.0,False,-1,,3,False,0.0,20.0,0.0,-1.7163665057694928,False,0.37008648571183284,False,-1.7163665057694928,False,0.42959277422704245,False,0.17087473869323727,False
2025,B,532,1780390320.0,False,-1,,3,False,0.0,14.0,0.0,-1.2090358630628337,False,0.4071684392739256,False,-1.2090358630628337,False,0.29945633811066746,False,0.19297170639038083,False
2025,B,533,1780390380.0,False,-1,,3,False,0.0,15.0,0.0,-1.0932529997837666,False,0.3941105898155854,False,-1.0932529997837666,False,0.32466280815287585,False,0.13497066497802732,False
2025,B,534,1780390440.0,False,-1,,3,False,0.0,13.0,0.0,-0.9803048155084468,False,0.40150527563819627,False,-0.9803048155084468,False,0.2727417982240277,False,0.12440052032470703,False
2025,B,535,1780390500.0,False,-1,,3,False,0.0,13.0,0.0,-1.2652751441184407,False,0.3961783628161432,False,-1.2652751441184407,False,0.2727417982240277,False,0.15667047500610348,False
2025,B,536,1780390560.0,True,43,dependency_timeout,3,False,0.0,17.0,0.0,2.5380842512242245,True,0.42465371402153973,False,2.5380842512242245,True,0.370658671338492,False,0.3583409309387207,False
2025,B,537,1780390620.0,True,43,dependency_timeout,3,False,0.0,19.0,0.0,4.490681288578891,True,0.5448775858748223,False,4.490681288578891,True,1.0,True,999999999.9999999,True
2025,B,538,1780390680.0,True,43,dependency_timeout,3,False,1.0,12.0,0.0,4.490681288578891,True,0.683994803722281,False,4.490681288578891,True,1.0,True,20.062004041671752,True
2025,B,539,1780390740.0,True,43,dependency_timeout,3,False,1.0,16.0,0.0,4.490681288578891,True,0.676038852271264,False,4.490681288578891,True,1.0,True,999999999.9999999,True
2025,B,540,1780390800.0,True,43,dependency_timeout,3,False,0.0,6.0,0.0,4.490681288578891,True,0.580194088732363,False,4.490681288578891,True,1.0,True,999999999.9999999,True
2025,B,541,1780390860.0,False,-1,,3,False,0.0,22.0,0.0,-1.1703423648107618,False,0.38412108778585347,False,-1.1703423648107618,False,0.46310969853896505,False,0.14669811725616452,False
2025,B,542,1780390920.0,False,-1,,3,False,0.0,18.0,0.0,-1.3454447823735922,False,0.38829876490858894,False,-1.3454447823735922,False,0.391567299653465,False,0.1512608051300049,False
2025,B,543,1780390980.0,False,-1,,3,False,1.0,17.0,0.0,-0.7774434929942649,False,0.5673636974907436,False,-0.7774434929942649,False,1.7835329516433285e-05,False,0.16335077285766603,False
2025,B,544,1780391040.0,False,-1,,3,False,0.0,19.0,0.0,-1.587540459252887,False,0.3661165812647233,False,-1.587540459252887,False,0.41118454089992934,False,0.16251296997070314,False
2025,B,545,1780391100.0,False,-1,,3,False,0.0,18.0,0.0,-1.5860853749963058,False,0.3669912097312958,False,-1.5860853749963058,False,0.391567299653465,False,0.1493539810180664,False
2025,B,546,1780391160.0,False,-1,,3,False,0.0,27.0,0.0,-0.49695977584378337,False,0.38514495356622214,False,-0.49695977584378337,False,0.5311016008972118,True,0.1421995162963867,False
2025,B,547,1780391220.0,False,-1,,3,False,0.0,15.0,0.0,-1.0418307831592726,False,0.3796757714752395,False,-1.0418307831592726,False,0.32466280815287585,False,0.14317970275878905,False
2025,B,548,1780391280.0,True,44,resource_exhaustion,3,False,0.0,17.0,0.0,4.490681288578891,True,0.5838557997432661,False,4.490681288578891,True,1.0,True,1999999999.9999998,True
2025,B,549,1780391340.0,True,44,resource_exhaustion,3,False,4.0,16.0,0.0,4.490681288578891,True,0.7319983003651744,True,4.490681288578891,True,1.0,True,3000000000.0,True
2025,B,550,1780391400.0,True,44,resource_exhaustion,3,False,2.0,19.0,0.0,4.490681288578891,True,0.6939850155423604,True,4.490681288578891,True,1.0,True,1999999999.9999998,True
2025,B,551,1780391460.0,False,-1,,3,False,0.0,11.0,0.0,-1.71702471107724,False,0.38148099174944355,False,-1.71702471107724,False,0.21499157607060515,False,0.16270780563354492,False
2025,B,552,1780391520.0,False,-1,,3,False,0.0,14.0,0.0,-0.7377940177388727,False,0.40498145826347237,False,-0.7377940177388727,False,0.29945633811066746,False,0.12245697975158691,False
2025,B,553,1780391580.0,False,-1,,3,False,0.0,10.0,0.0,-1.1012078928089881,False,0.4197212717524431,False,-1.1012078928089881,False,0.1842881608538789,False,0.1717254638671875,False
2025,B,554,1780391640.0,False,-1,,3,False,0.0,15.0,0.0,-0.7247158779653393,False,0.4031309316810513,False,-0.7247158779653393,False,0.32466280815287585,False,0.14048843383789064,False
2025,B,555,1780391700.0,False,-1,,3,False,0.0,18.0,0.0,-1.3782163346578509,False,0.3680151810604472,False,-1.3782163346578509,False,0.391567299653465,False,0.1596902132034302,False
2025,B,556,1780391760.0,False,-1,,3,False,0.0,17.0,0.0,-1.2700544101889575,False,0.3717395510751052,False,-1.2700544101889575,False,0.370658671338492,False,0.14770660400390626,False
2025,B,557,1780391820.0,False,-1,,3,False,0.0,11.0,0.0,-0.8382317359272697,False,0.4196465159510794,False,-0.8382317359272697,False,0.21499157607060515,False,0.19306182861328125,False
2025,B,558,1780391880.0,False,-1,,3,False,0.0,21.0,0.0,-1.469736564443119,False,0.38572358413440916,False,-1.469736564443119,False,0.446874446272475,False,0.17392778396606445,False
2025,B,559,1780391940.0,True,45,config_error,3,False,0.0,19.0,0.0,4.267692803002128,True,0.569059328802241,False,4.267692803002128,True,8.485220778641758e-06,False,4.0,True
2025,B,560,1780392000.0,True,45,config_error,3,False,0.0,17.0,0.0,4.490681275560253,True,0.49572801711092007,False,4.490681275560253,True,7.05555353241145e-10,False,13.0,True
2025,B,561,1780392060.0,True,45,config_error,3,False,0.0,20.0,0.0,4.490681288525119,True,0.5089950958170918,False,4.490681288525119,True,1.7412377574956628e-10,False,18.0,True
2025,B,562,1780392120.0,True,45,config_error,3,False,0.0,13.0,0.0,4.490646915661769,True,0.4665554485906329,False,4.490646915661769,True,1.617728011637692e-08,False,7.0,True
2025,B,563,1780392180.0,False,-1,,3,False,0.0,15.0,0.0,-1.4924015726344093,False,0.37601963821755247,False,-1.4924015726344093,False,0.32466280815287585,False,0.15615715980529785,False
2025,B,564,1780392240.0,False,-1,,3,False,0.0,9.0,0.0,-1.2906013477714788,False,0.40288422950684405,False,-1.2906013477714788,False,0.15282910832620436,False,0.13853006362915038,False
2025,B,565,1780392300.0,False,-1,,3,False,0.0,11.0,0.0,-1.5532190810390736,False,0.3801447803847616,False,-1.5532190810390736,False,0.21499157607060515,False,0.13910484313964844,False
2025,B,566,1780392360.0,False,-1,,3,False,0.0,11.0,0.0,-0.9395596488363305,False,0.4124054661687591,False,-0.9395596488363305,False,0.21499157607060515,False,0.17401599884033203,False
2025,B,567,1780392420.0,False,-1,,3,False,0.0,9.0,0.0,-1.217210301853715,False,0.3930532704311875,False,-1.217210301853715,False,0.15282910832620436,False,0.14602251052856446,False
2025,B,568,1780392480.0,False,-1,,3,False,0.0,18.0,0.0,-1.1874907597432696,False,0.38415137831078594,False,-1.1874907597432696,False,0.391567299653465,False,0.13981389999389648,False
2025,B,569,1780392540.0,False,-1,,3,False,0.0,14.0,0.0,-1.3747634968395044,False,0.37742914713853964,False,-1.3747634968395044,False,0.29945633811066746,False,0.16497211456298827,False
2025,B,570,1780392600.0,False,-1,,3,False,0.0,28.0,0.0,-1.5659219220711496,False,0.36882145981994086,False,-1.5659219220711496,False,0.5424988195659789,True,0.1682346820831299,False
2025,B,571,1780392660.0,False,-1,,3,False,0.0,14.0,0.0,-0.8312087598045252,False,0.39346411569379364,False,-0.8312087598045252,False,0.29945633811066746,False,0.14542815685272217,False
2025,B,572,1780392720.0,False,-1,,3,False,0.0,8.0,0.0,-1.067227137833913,False,0.3961283871031852,False,-1.067227137833913,False,0.12123243654708447,False,0.1240464210510254,False
2025,B,573,1780392780.0,True,46,resource_exhaustion,3,False,2.0,22.0,0.0,4.490681288578891,True,0.6758027800085319,False,4.490681288578891,True,1.0,True,1999999999.9999998,True
2025,B,574,1780392840.0,True,46,resource_exhaustion,3,False,1.0,15.0,0.0,4.490681288578891,True,0.6968345687584511,True,4.490681288578891,True,1.0,True,1999999999.9999998,True
2025,B,575,1780392900.0,True,46,resource_exhaustion,3,False,2.0,6.0,0.0,4.490681288578891,True,0.7057138334901891,True,4.490681288578891,True,1.0,True,999999999.9999999,True
2025,B,576,1780392960.0,True,46,resource_exhaustion,3,True,15.0,95.0,0.0,4.490681288578891,True,0.7482426412975872,True,4.490681288578891,True,1.0,True,13000000000.0,True
2025,B,577,1780393020.0,True,46,resource_exhaustion,3,True,9.0,162.0,0.0,4.490681288578891,True,0.7782750911271005,True,4.490681288578891,True,1.0,True,9000000000.0,True
2025,B,578,1780393080.0,False,-1,,3,True,0.0,72.0,0.0,-0.38514033623194166,False,0.5599780828609723,False,-0.38514033623194166,False,0.7595660257703961,True,0.16254413127899178,False
2025,B,579,1780393140.0,False,-1,,3,False,0.0,14.0,0.0,-1.6778266432720237,False,0.37417235040996605,False,-1.6778266432720237,False,0.29945633811066746,False,0.15653603076934813,False
2025,B,580,1780393200.0,False,-1,,3,False,0.0,16.0,0.0,-1.4720971375889906,False,0.37858938743204684,False,-1.4720971375889906,False,0.3483801247404773,False,0.17543292045593262,False
2025,B,581,1780393260.0,False,-1,,3,False,0.0,20.0,0.0,-0.4991155706258503,False,0.41553611113409494,False,-0.4991155706258503,False,0.42959277422704245,False,0.18538787364959713,False
2025,B,582,1780393320.0,False,-1,,3,False,0.0,12.0,0.0,-1.5734052190460357,False,0.3833003647847603,False,-1.5734052190460357,False,0.24455063116099418,False,0.16726055145263674,False
2025,B,583,1780393380.0,False,-1,,3,False,0.0,10.0,0.0,-1.4398002076237582,False,0.3969346228908933,False,-1.4398002076237582,False,0.1842881608538789,False,0.13396904468536378,False
2025,B,584,1780393440.0,False,-1,,3,False,0.0,22.0,0.0,-1.6079573593342005,False,0.3622670892878205,False,-1.6079573593342005,False,0.46310969853896505,False,0.15216877460479736,False
2025,B,585,1780393500.0,False,-1,,3,False,0.0,15.0,0.0,-1.4671587108826358,False,0.3789909267757389,False,-1.4671587108826358,False,0.32466280815287585,False,0.165106201171875,False
2025,B,586,1780393560.0,False,-1,,3,False,0.0,18.0,0.0,-1.604428989386844,False,0.36787235215519687,False,-1.604428989386844,False,0.391567299653465,False,0.15392396450042722,False
2025,B,587,1780393620.0,False,-1,,3,False,0.0,18.0,0.0,-1.6601226816415409,False,0.37795154225694005,False,-1.6601226816415409,False,0.391567299653465,False,0.17830505371093744,False
2025,B,588,1780393680.0,True,47,dependency_timeout,3,False,0.0,15.0,0.0,4.490681288578891,True,0.5088318110871619,False,4.490681288578891,True,1.0,True,20.06335687637329,True
2025,B,589,1780393740.0,True,47,dependency_timeout,3,False,0.0,21.0,0.0,4.490681288578891,True,0.5662871574650882,False,4.490681288578891,True,1.0,True,999999999.9999999,True
2025,B,590,1780393800.0,True,47,dependency_timeout,3,False,0.0,14.0,0.0,4.490681288578891,True,0.55578146632206,False,4.490681288578891,True,1.0,True,999999999.9999999,True
2025,B,591,1780393860.0,False,-1,,4,False,0.0,19.0,0.0,-1.291187374599252,False,0.38178871137754267,False,-1.291187374599252,False,0.41118454089992934,False,0.17306060791015626,False
2025,B,592,1780393920.0,False,-1,,4,False,0.0,20.0,0.0,-1.4542863403496842,False,0.3744821454929367,False,-1.4542863403496842,False,0.42959277422704245,False,0.14532518386840818,False
2025,B,593,1780393980.0,False,-1,,4,False,0.0,19.0,0.0,-1.4927961760316704,False,0.3780203161774567,False,-1.4927961760316704,False,0.41118454089992934,False,0.15599832534790037,False
2025,B,594,1780394040.0,False,-1,,4,False,0.0,23.0,0.0,-1.4537421796135206,False,0.36572211474279614,False,-1.4537421796135206,False,0.4783749513294757,False,0.14275116920471193,False
2025,B,595,1780394100.0,False,-1,,4,False,0.0,14.0,0.0,-0.8072642720207677,False,0.39076101803955465,False,-0.8072642720207677,False,0.29945633811066746,False,0.14305715560913085,False
2025,B,596,1780394160.0,False,-1,,4,False,1.0,21.0,0.0,-0.7097297386684396,False,0.576648388913937,False,-0.7097297386684396,False,4.0047235747210535e-05,False,0.1461038589477539,False
2025,B,597,1780394220.0,False,-1,,4,False,0.0,17.0,0.0,-0.9077395152034162,False,0.37924509831401004,False,-0.9077395152034162,False,0.370658671338492,False,0.1434804916381836,False
2025,B,598,1780394280.0,False,-1,,4,False,0.0,17.0,0.0,-1.520213198684389,False,0.3718739557973093,False,-1.520213198684389,False,0.370658671338492,False,0.14392557144165039,False
2025,B,599,1780394340.0,False,-1,,4,False,0.0,19.0,0.0,-1.0705985888687586,False,0.4074731162284772,False,-1.0705985888687586,False,0.41118454089992934,False,0.20272378921508788,False
2025,B,600,1780394400.0,False,-1,,4,False,0.0,13.0,0.0,-0.9022298368521104,False,0.4205301758106205,False,-0.9022298368521104,False,0.2727417982240277,False,0.13986701965332032,False
2025,B,601,1780394460.0,False,-1,,4,False,0.0,25.0,0.0,-1.0177765695758483,False,0.3818906446006051,False,-1.0177765695758483,False,0.5062783192703245,True,0.17831859588623045,False
2025,B,602,1780394520.0,True,48,config_error,4,False,0.0,23.0,0.0,4.490681288331594,True,0.46354177757466536,False,4.490681288331594,True,3.305992135344838e-10,False,17.0,True
2025,B,603,1780394580.0,True,48,config_error,4,False,0.0,21.0,0.0,4.490681288558765,True,0.49705500170624983,False,4.490681288558765,True,1.4793073925377006e-10,False,19.0,True
2025,B,604,1780394640.0,True,48,config_error,4,False,0.0,12.0,0.0,4.49067996025876,True,0.48333161190456536,False,4.49067996025876,True,2.8167030903689556e-09,False,9.0,True
2025,B,605,1780394700.0,True,48,config_error,4,False,0.0,12.0,0.0,4.490681278504431,True,0.4967249782136904,False,4.490681278504431,True,3.5539396372009003e-10,False,12.0,True
2025,B,606,1780394760.0,True,48,config_error,4,False,0.0,22.0,0.0,4.490450624084554,True,0.46043436736835175,False,4.490450624084554,True,1.0584193678523994e-07,False,6.0,True
2025,B,607,1780394820.0,False,-1,,4,False,0.0,21.0,0.0,-0.5484037202275394,False,0.39763639236984055,False,-0.5484037202275394,False,0.446874446272475,False,0.16233062744140625,False
2025,B,608,1780394880.0,False,-1,,4,False,0.0,18.0,0.0,-1.335418709718665,False,0.3886069083353206,False,-1.335418709718665,False,0.391567299653465,False,0.16497371196746827,False
2025,B,609,1780394940.0,False,-1,,4,False,0.0,12.0,0.0,-1.6257887265194366,False,0.3802264595194624,False,-1.6257887265194366,False,0.24455063116099418,False,0.15517284870147707,False
2025,B,610,1780395000.0,False,-1,,4,False,0.0,23.0,0.0,-1.5968975245278383,False,0.35840268724888147,False,-1.5968975245278383,False,0.4783749513294757,False,0.15781168937683107,False
2025,B,611,1780395060.0,False,-1,,4,False,0.0,23.0,0.0,-1.5958608251293507,False,0.3665368883046567,False,-1.5958608251293507,False,0.4783749513294757,False,0.1624131679534912,False
2025,B,612,1780395120.0,False,-1,,4,False,0.0,23.0,0.0,-0.24253968373928725,False,0.43387191286711985,False,-0.24253968373928725,False,0.4783749513294757,False,0.21252431869506844,False
2025,B,613,1780395180.0,False,-1,,4,False,0.0,19.0,0.0,-1.2846643819952783,False,0.37984464983342686,False,-1.2846643819952783,False,0.41118454089992934,False,0.15339674949645996,False
2025,B,614,1780395240.0,True,49,permission_denied,4,False,0.0,18.0,0.0,4.4845183076856365,True,0.46896532207562763,False,4.4845183076856365,True,6.026583047710748e-07,False,4.0,True
2025,B,615,1780395300.0,True,49,permission_denied,4,False,0.0,23.0,0.0,4.490681269579853,True,0.4553476527976849,False,4.490681269579853,True,4.987346602573817e-07,False,13.0,True
2025,B,616,1780395360.0,True,49,permission_denied,4,False,0.0,17.0,0.0,4.490678842811502,True,0.46921954145104217,False,4.490678842811502,True,4.517355448977229e-07,False,9.0,True
2025,B,617,1780395420.0,True,49,permission_denied,4,False,0.0,19.0,0.0,4.490576630729941,True,0.5377596585586771,False,4.490576630729941,True,5.504171213963219e-07,False,6.0,True
2025,B,618,1780395480.0,True,49,permission_denied,4,False,1.0,18.0,0.0,4.481657637542935,True,0.6311741414244567,False,4.481657637542935,True,8.45778672781274e-08,False,3.0,True
2025,B,619,1780395540.0,False,-1,,4,False,0.0,10.0,0.0,-0.7682095223967202,False,0.42147024705902636,False,-0.7682095223967202,False,0.1842881608538789,False,0.13416883945465088,False
2025,B,620,1780395600.0,False,-1,,4,False,0.0,19.0,0.0,-0.7375647637419496,False,0.3971934721539828,False,-0.7375647637419496,False,0.41118454089992934,False,0.12672481536865235,False
2025,B,621,1780395660.0,False,-1,,4,False,0.0,19.0,0.0,-1.1587846014666985,False,0.38373662164708766,False,-1.1587846014666985,False,0.41118454089992934,False,0.1401902675628662,False
2025,B,622,1780395720.0,False,-1,,4,False,0.0,15.0,0.0,-1.1303547745234237,False,0.39438426654044256,False,-1.1303547745234237,False,0.32466280815287585,False,0.16739563941955563,False
2025,B,623,1780395780.0,False,-1,,4,False,0.0,21.0,0.0,-1.6392778339765215,False,0.3691755329639167,False,-1.6392778339765215,False,0.446874446272475,False,0.15317392349243164,False
2025,B,624,1780395840.0,False,-1,,4,False,0.0,13.0,0.0,-1.4872193291806628,False,0.3812421864120484,False,-1.4872193291806628,False,0.2727417982240277,False,0.13846731185913083,False
2025,B,625,1780395900.0,True,50,resource_exhaustion,4,False,0.0,19.0,0.0,4.490681288578891,True,0.5720300212932815,False,4.490681288578891,True,1.0,True,999999999.9999999,True
2025,B,626,1780395960.0,True,50,resource_exhaustion,4,False,3.0,17.0,0.0,4.490681288578891,True,0.7011755990621109,True,4.490681288578891,True,1.0,True,3000000000.0,True
2025,B,627,1780396020.0,True,50,resource_exhaustion,4,False,4.0,22.0,0.0,4.490681288578891,True,0.694765896759299,True,4.490681288578891,True,1.0,True,3999999999.9999995,True
2025,B,628,1780396080.0,True,50,resource_exhaustion,4,False,6.0,22.0,0.0,4.490681288578891,True,0.6935496785579734,True,4.490681288578891,True,1.0,True,6000000000.0,True
2025,B,629,1780396140.0,True,50,resource_exhaustion,4,False,0.0,24.0,0.0,4.490681287438684,True,0.4746882067076074,False,4.490681287438684,True,0.4927421303739932,False,0.24972324371337887,False
2025,B,630,1780396200.0,False,-1,,4,False,0.0,20.0,0.0,0.14050487037959059,False,0.6063574298379569,False,0.14050487037959059,False,0.0001994640122571382,False,1.0,False
2025,B,631,1780396260.0,False,-1,,4,False,0.0,22.0,0.0,-1.655636347081514,False,0.3698108691713377,False,-1.655636347081514,False,0.46310969853896505,False,0.17545931339263915,False
2025,B,632,1780396320.0,False,-1,,4,False,0.0,15.0,0.0,-1.4890546148459638,False,0.37374272020982674,False,-1.4890546148459638,False,0.32466280815287585,False,0.15016307830810546,False
2025,B,633,1780396380.0,False,-1,,4,False,0.0,27.0,0.0,-0.7867889173796323,False,0.37343207761376734,False,-0.7867889173796323,False,0.5311016008972118,True,0.1451876640319824,False
2025,B,634,1780396440.0,False,-1,,4,False,0.0,22.0,0.0,-0.9368342665473381,False,0.3745237379679916,False,-0.9368342665473381,False,0.46310969853896505,False,0.13623666763305664,False
2025,B,635,1780396500.0,False,-1,,4,False,0.0,20.0,0.0,-1.6842675428786231,False,0.36823566490847853,False,-1.6842675428786231,False,0.42959277422704245,False,0.1591062545776367,False
2025,B,636,1780396560.0,True,51,permission_denied,4,False,0.0,21.0,0.0,-1.5690233663225444,False,0.3793497052212852,False,-1.5690233663225444,False,0.446874446272475,False,0.1838188171386719,False
2025,B,637,1780396620.0,True,51,permission_denied,4,False,0.0,18.0,0.0,4.489418104346899,True,0.45355494950779873,False,4.489418104346899,True,5.595101945356334e-07,False,5.0,True
2025,B,638,1780396680.0,True,51,permission_denied,4,False,0.0,18.0,0.0,4.48416562101377,True,0.4686978663018374,False,4.48416562101377,True,6.026583047710748e-07,False,4.0,True
2025,B,639,1780396740.0,True,51,permission_denied,4,False,0.0,23.0,0.0,4.490681269297312,True,0.4683639538836893,False,4.490681269297312,True,4.987346602573817e-07,False,13.0,True
2025,B,640,1780396800.0,True,51,permission_denied,4,False,0.0,16.0,0.0,4.484741342788261,True,0.4716274977637029,False,4.484741342788261,True,5.487093294539441e-07,False,4.0,True
2025,B,641,1780396860.0,False,-1,,4,False,0.0,25.0,0.0,-1.5960983434323381,False,0.361624849709512,False,-1.5960983434323381,False,0.5062783192703245,True,0.16331148147583005,False
2025,B,642,1780396920.0,False,-1,,4,False,0.0,25.0,0.0,-1.1231945527000695,False,0.37641043040625916,False,-1.1231945527000695,False,0.5062783192703245,True,0.16307067871093742,False
2025,B,643,1780396980.0,False,-1,,4,False,0.0,20.0,0.0,-1.5657660864489324,False,0.38435247177407045,False,-1.5657660864489324,False,0.42959277422704245,False,0.17888689041137693,False
2025,B,644,1780397040.0,False,-1,,4,False,1.0,26.0,0.0,-0.3574784194382028,False,0.5730286004419017,False,-0.3574784194382028,False,8.423681413445131e-05,False,0.14563620090484616,False
2025,B,645,1780397100.0,False,-1,,4,False,0.0,20.0,0.0,-1.493635371089563,False,0.37283320283181054,False,-1.493635371089563,False,0.42959277422704245,False,0.17304363250732419,False
2025,B,646,1780397160.0,False,-1,,4,False,0.0,19.0,0.0,-1.6091238049471448,False,0.37958550574342365,False,-1.6091238049471448,False,0.41118454089992934,False,0.17368431091308595,False
2025,B,647,1780397220.0,True,52,dependency_timeout,4,False,0.0,27.0,0.0,-1.4512480482633707,False,0.3643884325763809,False,-1.4512480482633707,False,0.5489473792797284,True,14.67360999584199,True
2025,B,648,1780397280.0,True,52,dependency_timeout,4,False,1.0,21.0,0.0,4.490681288578891,True,0.6771931253847938,False,4.490681288578891,True,1.0,True,999999999.9999999,True
2025,B,649,1780397340.0,True,52,dependency_timeout,4,False,2.0,24.0,0.0,4.490681288578891,True,0.684176784338452,False,4.490681288578891,True,1.0,True,1999999999.9999998,True
2025,B,650,1780397400.0,True,52,dependency_timeout,4,False,3.0,24.0,0.0,4.490681288578891,True,0.6836987299313445,False,4.490681288578891,True,1.0,True,3000000000.0,True
2025,B,651,1780397460.0,False,-1,,4,False,0.0,22.0,0.0,-1.0703221850010047,False,0.37367315142071694,False,-1.0703221850010047,False,0.46310969853896505,False,0.13443455696105958,False
2025,B,652,1780397520.0,False,-1,,4,False,0.0,22.0,0.0,-0.8154439434474208,False,0.4077747367413187,False,-0.8154439434474208,False,0.46310969853896505,False,0.18956503868103025,False
2025,B,653,1780397580.0,False,-1,,4,False,0.0,24.0,0.0,-0.3757451681033226,False,0.4323040967740955,False,-0.3757451681033226,False,0.4927421303739932,False,0.21884226799011228,False
2025,B,654,1780397640.0,False,-1,,4,False,0.0,16.0,0.0,-0.8312014822086349,False,0.3885806526852331,False,-0.8312014822086349,False,0.3483801247404773,False,0.1357651948928833,False
2025,B,655,1780397700.0,False,-1,,4,False,0.0,16.0,0.0,-0.7454051413721388,False,0.3929868168486705,False,-0.7454051413721388,False,0.3483801247404773,False,0.13833093643188477,False
2025,B,656,1780397760.0,False,-1,,4,False,0.0,15.0,0.0,0.1839381063565968,False,0.5955226500064135,False,0.1839381063565968,False,0.00010319820640285715,False,1.0,False
2025,B,657,1780397820.0,False,-1,,4,False,0.0,16.0,0.0,-1.206549867840483,False,0.3933735156988923,False,-1.206549867840483,False,0.3483801247404773,False,0.13499331474304196,False
2025,B,658,1780397880.0,True,53,config_error,4,False,0.0,25.0,0.0,4.490681288575103,True,0.4996203344152656,False,4.490681288575103,True,1.4261032620475507e-10,False,21.0,True
2025,B,659,1780397940.0,True,53,config_error,4,False,0.0,18.0,0.0,4.490681288476346,True,0.49193571106717404,False,4.490681288476346,True,1.6259094372092995e-10,False,17.0,True
2025,B,660,1780398000.0,True,53,config_error,4,False,0.0,26.0,0.0,4.490681288566719,True,0.47783934890299423,False,4.490681288566719,True,1.9573362186578957e-10,False,20.0,True
2025,B,661,1780398060.0,True,53,config_error,4,False,0.0,30.0,0.0,4.490678816926289,True,0.4726928074455242,False,4.490678816926289,True,1.2151413917550204e-08,False,9.0,True
2025,B,662,1780398120.0,False,-1,,4,False,0.0,26.0,0.0,-1.2767138371886713,False,0.3754032981708464,False,-1.2767138371886713,False,0.5190456887361276,True,0.1660621166229248,False
2025,B,663,1780398180.0,False,-1,,4,False,0.0,19.0,0.0,-1.4759030473239854,False,0.36899546077084516,False,-1.4759030473239854,False,0.41118454089992934,False,0.16793231964111327,False
2025,B,664,1780398240.0,False,-1,,4,False,0.0,26.0,0.0,-0.6121377546790416,False,0.40376206343860555,False,-0.6121377546790416,False,0.5190456887361276,True,0.17739593982696533,False
2025,B,665,1780398300.0,False,-1,,4,False,1.0,18.0,0.0,0.27132992233823927,False,0.5909000981436969,False,0.27132992233823927,False,2.2370771324069398e-05,False,0.18927443027496338,False
2025,B,666,1780398360.0,False,-1,,4,False,0.0,26.0,0.0,-0.9686935339057285,False,0.5555958396600152,False,-0.9686935339057285,False,0.0003517444744201395,False,1.0,False
2025,B,667,1780398420.0,True,54,permission_denied,4,False,0.0,29.0,0.0,4.490443059571349,True,0.45258210239619123,False,4.490443059571349,True,7.396246138311892e-07,False,6.0,True
2025,B,668,1780398480.0,True,54,permission_denied,4,False,0.0,28.0,0.0,4.4906294626840655,True,0.45300500020768597,False,4.4906294626840655,True,6.847732644036207e-07,False,7.0,True
2025,B,669,1780398540.0,True,54,permission_denied,4,False,0.0,21.0,0.0,4.490441662771124,True,0.45257275607746045,False,4.490441662771124,True,5.910680690387679e-07,False,6.0,True
2025,B,670,1780398600.0,True,54,permission_denied,4,False,0.0,20.0,0.0,4.490632143148059,True,0.4633702584855958,False,4.490632143148059,True,5.451943111230561e-07,False,7.0,True
2025,B,671,1780398660.0,False,-1,,4,False,0.0,34.0,0.0,-0.7195596379949318,False,0.4068956963336455,False,-0.7195596379949318,False,0.5994968631203155,True,0.13368604183197022,False
2025,B,672,1780398720.0,False,-1,,4,False,0.0,14.0,0.0,-1.6600360411036075,False,0.3782227947404955,False,-1.6600360411036075,False,0.29945633811066746,False,0.16894550323486324,False
2025,B,673,1780398780.0,False,-1,,4,False,0.0,15.0,0.0,-1.3117463331539234,False,0.37895180696190134,False,-1.3117463331539234,False,0.32466280815287585,False,0.13771753311157228,False
2025,B,674,1780398840.0,False,-1,,4,False,0.0,20.0,0.0,-0.4496681209970994,False,0.41708118116233894,False,-0.4496681209970994,False,0.42959277422704245,False,0.11816847324371338,False
2025,B,675,1780398900.0,False,-1,,4,False,0.0,17.0,0.0,-1.5227245251379848,False,0.3746169697970354,False,-1.5227245251379848,False,0.370658671338492,False,0.15932817459106446,False
2025,B,676,1780398960.0,False,-1,,4,False,0.0,23.0,0.0,-1.0193328032974591,False,0.36481745059782944,False,-1.0193328032974591,False,0.4783749513294757,False,0.15573968887329104,False
2025,B,677,1780399020.0,True,55,resource_exhaustion,4,False,0.0,18.0,0.0,4.490681288578891,True,0.5008795804780923,False,4.490681288578891,True,0.391567299653465,False,0.23315777778625485,False
2025,B,678,1780399080.0,True,55,resource_exhaustion,4,False,3.0,15.0,0.0,4.490681288578891,True,0.7063170357733836,True,4.490681288578891,True,1.0,True,3999999999.9999995,True
2025,B,679,1780399140.0,True,55,resource_exhaustion,4,False,2.0,19.0,0.0,4.490681288578891,True,0.6980008627707822,True,4.490681288578891,True,1.0,True,999999999.9999999,True
2025,B,680,1780399200.0,True,55,resource_exhaustion,4,False,3.0,27.0,0.0,4.490681288578891,True,0.6923859650729255,False,4.490681288578891,True,1.0,True,3999999999.9999995,True
2025,B,681,1780399260.0,True,55,resource_exhaustion,4,False,2.0,27.0,0.0,4.490681288578891,True,0.6894311923606676,False,4.490681288578891,True,1.0,True,1999999999.9999998,True
2025,B,682,1780399320.0,False,-1,,4,False,0.0,25.0,0.0,-1.086725298621853,False,0.39239137348185804,False,-1.086725298621853,False,0.5062783192703245,True,0.13815345764160156,False
2025,B,683,1780399380.0,False,-1,,4,False,0.0,15.0,0.0,-1.3180987024956785,False,0.3815898878568831,False,-1.3180987024956785,False,0.32466280815287585,False,0.14480304718017578,False
2025,B,684,1780399440.0,False,-1,,4,False,0.0,27.0,0.0,-1.171015627180445,False,0.3655630121847773,False,-1.171015627180445,False,0.5311016008972118,True,0.14988784790039061,False
2025,B,685,1780399500.0,False,-1,,4,False,0.0,19.0,0.0,-1.4928259781958646,False,0.3767320011731624,False,-1.4928259781958646,False,0.41118454089992934,False,0.18171315193176268,False
2025,B,686,1780399560.0,False,-1,,4,False,0.0,28.0,0.0,-0.8906475188599616,False,0.39170958859403654,False,-0.8906475188599616,False,0.5424988195659789,True,0.14019830226898194,False
2025,B,687,1780399620.0,False,-1,,4,False,0.0,21.0,0.0,-1.3420107594416821,False,0.38841412998727626,False,-1.3420107594416821,False,0.446874446272475,False,0.17576360702514648,False
2025,B,688,1780399680.0,False,-1,,4,False,0.0,34.0,0.0,-0.9414138711015685,False,0.41776880551096884,False,-0.9414138711015685,False,0.5994968631203155,True,0.13872594833374025,False
2025,B,689,1780399740.0,False,-1,,4,False,0.0,25.0,0.0,-1.4309834386800881,False,0.3786281378442703,False,-1.4309834386800881,False,0.5062783192703245,True,0.18474712371826169,False
2025,B,690,1780399800.0,False,-1,,4,False,0.0,24.0,0.0,-1.021672507923669,False,0.3807669573139021,False,-1.021672507923669,False,0.4927421303739932,False,0.14182710647583008,False
2025,B,691,1780399860.0,True,56,config_error,4,False,1.0,32.0,0.0,4.42036745489247,True,0.6356399586729317,False,4.42036745489247,True,0.00018006745306794805,False,2.0,True
2025,B,692,1780399920.0,True,56,config_error,4,False,0.0,26.0,0.0,4.490681288566267,True,0.4587455280400153,False,4.490681288566267,True,1.9573362186578957e-10,False,20.0,True
2025,B,693,1780399980.0,True,56,config_error,4,False,0.0,20.0,0.0,4.490681287990383,True,0.48218101003324326,False,4.490681287990383,True,3.357933675281961e-10,False,16.0,True
2025,B,694,1780400040.0,True,56,config_error,4,False,0.0,22.0,0.0,4.490681288576613,True,0.5046618158282014,False,4.490681288576613,True,8.809909881502528e-11,False,21.0,True
2025,B,695,1780400100.0,False,-1,,4,True,0.0,231.0,0.0,-0.0682601131942171,False,0.6947862002811938,True,-0.0682601131942171,False,0.8785988033275147,True,0.16837406158447255,False
2025,B,696,1780400160.0,False,-1,,4,True,0.0,226.0,0.0,2.070804009588927,True,0.7406653781211333,True,2.070804009588927,True,0.01348913701599277,False,1.0,False
2025,B,697,1780400220.0,False,-1,,4,True,0.0,36.0,0.0,-0.9054403849215893,False,0.41301287578890616,False,-0.9054403849215893,False,0.6150052106932189,True,0.1694749593734741,False
2025,B,698,1780400280.0,False,-1,,4,False,0.0,20.0,0.0,-1.1929358367708813,False,0.38838095979858545,False,-1.1929358367708813,False,0.42959277422704245,False,0.1526214838027954,False
2025,B,699,1780400340.0,False,-1,,4,False,0.0,18.0,0.0,-1.3856602663598343,False,0.38467154251984464,False,-1.3856602663598343,False,0.391567299653465,False,0.14664690494537352,False
2025,B,700,1780400400.0,False,-1,,4,False,0.0,23.0,0.0,-1.0503637499979375,False,0.3815881060603668,False,-1.0503637499979375,False,0.4783749513294757,False,0.13286490440368653,False
2025,B,701,1780400460.0,False,-1,,4,False,0.0,24.0,0.0,-1.392369350591812,False,0.372825289281851,False,-1.392369350591812,False,0.4927421303739932,False,0.1452855825424194,False
2025,B,702,1780400520.0,False,-1,,4,False,0.0,24.0,0.0,-1.6531507347250463,False,0.3645884117228307,False,-1.6531507347250463,False,0.4927421303739932,False,0.15859255790710447,False
2025,B,703,1780400580.0,False,-1,,4,False,0.0,19.0,0.0,-1.4492588282567809,False,0.3681373500295131,False,-1.4492588282567809,False,0.41118454089992934,False,0.1429445266723633,False
2025,B,704,1780400640.0,True,57,dependency_timeout,4,False,0.0,21.0,0.0,4.490681288578891,True,0.5156040658427749,False,4.490681288578891,True,1.0,True,999999999.9999999,True
2025,B,705,1780400700.0,True,57,dependency_timeout,4,False,2.0,15.0,0.0,4.490681288578891,True,0.6858749559534225,False,4.490681288578891,True,1.0,True,1999999999.9999998,True
2025,B,706,1780400760.0,True,57,dependency_timeout,4,False,4.0,26.0,0.0,4.490681288578891,True,0.6814934860651691,False,4.490681288578891,True,1.0,True,3000000000.0,True
2025,B,707,1780400820.0,True,57,dependency_timeout,4,False,0.0,19.0,0.0,4.490681288578891,True,0.5573213324081249,False,4.490681288578891,True,1.0,True,999999999.9999999,True
2025,B,708,1780400880.0,True,57,dependency_timeout,4,False,0.0,22.0,0.0,4.490681288578891,True,0.530711859103881,False,4.490681288578891,True,1.0,True,16.217011928558364,True
2025,B,709,1780400940.0,False,-1,,4,False,0.0,17.0,0.0,-1.6569623327853549,False,0.36879995026413703,False,-1.6569623327853549,False,0.370658671338492,False,0.15606813430786134,False
2025,B,710,1780401000.0,False,-1,,4,False,0.0,28.0,0.0,-1.2559296747205435,False,0.36793254550312815,False,-1.2559296747205435,False,0.5424988195659789,True,0.1578204870223999,False
2025,B,711,1780401060.0,False,-1,,4,False,0.0,18.0,0.0,-1.5585925286417464,False,0.3660782938297384,False,-1.5585925286417464,False,0.391567299653465,False,0.15255057811737058,False
2025,B,712,1780401120.0,False,-1,,4,False,0.0,29.0,0.0,-1.5949444327195232,False,0.36929624100487013,False,-1.5949444327195232,False,0.5532857800736111,True,0.1716909408569336,False
2025,B,713,1780401180.0,False,-1,,4,False,0.0,21.0,0.0,-1.454288679253425,False,0.37024929901547937,False,-1.454288679253425,False,0.446874446272475,False,0.17113208770751956,False
2025,B,714,1780401240.0,False,-1,,4,False,0.0,37.0,0.0,-1.251111140526092,False,0.4121174355447511,False,-1.251111140526092,False,0.6222322699989643,True,0.17245407104492189,False
2025,B,715,1780401300.0,False,-1,,4,False,0.0,30.0,0.0,-1.4198839528044624,False,0.38764688686359616,False,-1.4198839528044624,False,0.5635068877933571,True,0.1631687879562378,False
2025,B,716,1780401360.0,True,58,dependency_timeout,4,False,1.0,17.0,0.0,4.490681288578891,True,0.6829311504693257,False,4.490681288578891,True,1.0,True,20.06607666015625,True
2025,B,717,1780401420.0,True,58,dependency_timeout,4,False,3.0,12.0,0.0,4.490681288578891,True,0.6940446749566124,True,4.490681288578891,True,1.0,True,3999999999.9999995,True
2025,B,718,1780401480.0,True,58,dependency_timeout,4,False,3.0,23.0,0.0,4.490681288578891,True,0.6829663940857652,False,4.490681288578891,True,1.0,True,1999999999.9999998,True
2025,B,719,1780401540.0,True,58,dependency_timeout,4,False,2.0,19.0,0.0,4.490681288578891,True,0.6823092398609808,False,4.490681288578891,True,1.0,True,1999999999.9999998,True
2025,B,720,1780401600.0,False,-1,,4,False,0.0,26.0,0.0,-0.7090976776442677,False,0.39898241082496666,False,-0.7090976776442677,False,0.5190456887361276,True,0.15174984931945804,False
2025,B,721,1780401660.0,False,-1,,4,False,0.0,19.0,0.0,-1.5442608677392684,False,0.374298485392528,False,-1.5442608677392684,False,0.41118454089992934,False,0.17283573150634765,False
2025,B,722,1780401720.0,False,-1,,4,False,0.0,19.0,0.0,-1.5556098535491572,False,0.3736380928289148,False,-1.5556098535491572,False,0.41118454089992934,False,0.14693851470947267,False
2025,B,723,1780401780.0,False,-1,,4,False,0.0,36.0,0.0,0.3900824229352109,False,0.4664912850950303,False,0.3900824229352109,False,0.6150052106932189,True,0.23833096027374265,False
2025,B,724,1780401840.0,False,-1,,4,False,0.0,19.0,0.0,-1.371778000786965,False,0.3678109170903909,False,-1.371778000786965,False,0.41118454089992934,False,0.15380520820617677,False
2025,B,725,1780401900.0,False,-1,,4,False,0.0,28.0,0.0,-1.4646189896791446,False,0.3660729376654798,False,-1.4646189896791446,False,0.5424988195659789,True,0.15217301845550538,False
2025,B,726,1780401960.0,False,-1,,4,False,0.0,24.0,0.0,-0.9316446578026794,False,0.38714751642181183,False,-0.9316446578026794,False,0.4927421303739932,False,0.1937744617462158,False
2025,B,727,1780402020.0,True,59,resource_exhaustion,4,False,0.0,33.0,0.0,4.490681288578891,True,0.48964521660610194,False,4.490681288578891,True,0.5911651082946788,True,0.2056011199951172,False
2025,B,728,1780402080.0,True,59,resource_exhaustion,4,False,4.0,23.0,0.0,4.490681288578891,True,0.6931498252441002,True,4.490681288578891,True,1.0,True,3999999999.9999995,True
2025,B,729,1780402140.0,True,59,resource_exhaustion,4,False,5.0,26.0,0.0,4.490681288578891,True,0.6925537909026492,False,4.490681288578891,True,1.0,True,5000000000.0,True
2025,B,730,1780402200.0,True,59,resource_exhaustion,4,False,4.0,24.0,0.0,4.490681288578891,True,0.695278391996214,True,4.490681288578891,True,1.0,True,3999999999.9999995,True
2025,B,731,1780402260.0,True,59,resource_exhaustion,4,False,0.0,21.0,0.0,4.4906812885788865,True,0.5174160922578492,False,4.4906812885788865,True,0.446874446272475,False,0.2526979446411133,False
2025,B,732,1780402320.0,False,-1,,5,False,0.0,26.0,0.0,-1.5493508243340068,False,0.36540994954335904,False,-1.5493508243340068,False,0.5190456887361276,True,0.1537954807281494,False
2025,B,733,1780402380.0,False,-1,,5,False,0.0,24.0,0.0,-1.4296063509799852,False,0.36792818635283325,False,-1.4296063509799852,False,0.4927421303739932,False,0.1754295825958252,False
2025,B,734,1780402440.0,False,-1,,5,False,0.0,22.0,0.0,-1.042158946211189,False,0.38587061431779957,False,-1.042158946211189,False,0.46310969853896505,False,0.1861461877822876,False
2025,B,735,1780402500.0,False,-1,,5,False,0.0,28.0,0.0,-0.8783280685438646,False,0.37399122488266595,False,-0.8783280685438646,False,0.5424988195659789,True,0.15985555648803712,False
2025,B,736,1780402560.0,False,-1,,5,False,0.0,33.0,0.0,-1.2492255136695274,False,0.3931489917039987,False,-1.2492255136695274,False,0.5911651082946788,True,0.15199918746948243,False
2025,B,737,1780402620.0,False,-1,,5,False,0.0,22.0,0.0,-1.0742239815530503,False,0.386697337429199,False,-1.0742239815530503,False,0.46310969853896505,False,0.1775768995285034,False
2025,B,738,1780402680.0,False,-1,,5,False,0.0,28.0,0.0,-1.2049765163280535,False,0.3804018852820652,False,-1.2049765163280535,False,0.5424988195659789,True,0.16605758666992188,False
2025,B,739,1780402740.0,False,-1,,5,False,0.0,25.0,0.0,-1.3612387493557572,False,0.3808498023728612,False,-1.3612387493557572,False,0.5062783192703245,True,0.14700775146484368,False
2025,B,740,1780402800.0,True,60,dependency_timeout,5,False,2.0,25.0,0.0,4.490681288578891,True,0.6813770698813316,False,4.490681288578891,True,1.0,True,999999999.9999999,True
2025,B,741,1780402860.0,True,60,dependency_timeout,5,False,6.0,30.0,0.0,4.490681288578891,True,0.6831676258935723,False,4.490681288578891,True,1.0,True,7000000000.0,True
2025,B,742,1780402920.0,True,60,dependency_timeout,5,False,2.0,16.0,0.0,4.490681288578891,True,0.6878081618244976,False,4.490681288578891,True,1.0,True,999999999.9999999,True
2025,B,743,1780402980.0,False,-1,,5,False,0.0,21.0,0.0,-1.3047920187228783,False,0.3949284215991034,False,-1.3047920187228783,False,0.446874446272475,False,0.19188976287841794,False
2025,B,744,1780403040.0,False,-1,,5,False,0.0,26.0,0.0,-0.3826282804741439,False,0.41009223997741895,False,-0.3826282804741439,False,0.5190456887361276,True,0.22450923919677734,False
2025,B,745,1780403100.0,False,-1,,5,False,0.0,26.0,0.0,-1.4451588464789387,False,0.3740617053193044,False,-1.4451588464789387,False,0.5190456887361276,True,0.1850360631942749,False
2025,B,746,1780403160.0,False,-1,,5,False,0.0,33.0,0.0,-1.1886727056404407,False,0.40025637463819796,False,-1.1886727056404407,False,0.5911651082946788,True,0.14231090545654296,False
2025,B,747,1780403220.0,False,-1,,5,False,0.0,19.0,0.0,-0.7851782947763954,False,0.38284285871389306,False,-0.7851782947763954,False,0.41118454089992934,False,0.13698725700378417,False
2025,B,748,1780403280.0,False,-1,,5,False,0.0,24.0,0.0,2.374765725251611,True,0.6158289186532162,False,2.374765725251611,True,0.28185115580372233,False,2.0,True
2025,B,749,1780403340.0,True,61,dependency_timeout,5,False,0.0,27.0,0.0,4.490681288578891,True,0.5270973311955843,False,4.490681288578891,True,1.0,True,20.03748188018799,True
2025,B,750,1780403400.0,True,61,dependency_timeout,5,False,2.0,22.0,0.0,4.490681288578891,True,0.6809130892301297,False,4.490681288578891,True,1.0,True,3000000000.0,True
2025,B,751,1780403460.0,True,61,dependency_timeout,5,False,1.0,30.0,0.0,4.490681288578891,True,0.6695112183573521,False,4.490681288578891,True,1.0,True,20.09174919128418,True
2025,B,752,1780403520.0,True,61,dependency_timeout,5,False,1.0,20.0,0.0,4.490681288578891,True,0.6770472887811718,False,4.490681288578891,True,1.0,True,1999999999.9999998,True
2025,B,753,1780403580.0,True,61,dependency_timeout,5,False,1.0,26.0,0.0,4.490681288578891,True,0.6747766812010528,False,4.490681288578891,True,1.0,True,20.04795789718628,True
2025,B,754,1780403640.0,False,-1,,5,False,0.0,30.0,0.0,-0.9822955517807443,False,0.41590324404088297,False,-0.9822955517807443,False,0.5635068877933571,True,0.15099155902862552,False
2025,B,755,1780403700.0,False,-1,,5,False,0.0,22.0,0.0,-0.48266224841101035,False,0.40313661375360405,False,-0.48266224841101035,False,0.46310969853896505,False,0.18570232391357422,False
2025,B,756,1780403760.0,False,-1,,5,False,0.0,24.0,0.0,-1.2415601896531054,False,0.36547510296527036,False,-1.2415601896531054,False,0.4927421303739932,False,0.154042911529541,False
2025,B,757,1780403820.0,False,-1,,5,False,0.0,27.0,0.0,-1.0692263397541204,False,0.36608562019368907,False,-1.0692263397541204,False,0.5311016008972118,True,0.14979052543640137,False
2025,B,758,1780403880.0,False,-1,,5,False,0.0,22.0,0.0,-1.5162183238569806,False,0.37360104867103333,False,-1.5162183238569806,False,0.46310969853896505,False,0.1821310520172119,False
2025,B,759,1780403940.0,False,-1,,5,False,0.0,35.0,0.0,-1.252539731063517,False,0.40450776227506385,False,-1.252539731063517,False,0.6074347942855897,True,0.18069920539855938,False
2025,B,760,1780404000.0,False,-1,,5,False,0.0,30.0,0.0,-0.8593736164886039,False,0.41519701105378737,False,-0.8593736164886039,False,0.5635068877933571,True,0.1339956998825073,False
2025,B,761,1780404060.0,False,-1,,5,False,0.0,29.0,0.0,-0.5947837124918944,False,0.3913079586607155,False,-0.5947837124918944,False,0.5532857800736111,True,0.15458860397338867,False
2025,B,762,1780404120.0,False,-1,,5,False,0.0,19.0,0.0,-1.1753642144188445,False,0.37686567607684296,False,-1.1753642144188445,False,0.41118454089992934,False,0.13505916595458983,False
2025,B,763,1780404180.0,True,62,resource_exhaustion,5,False,0.0,24.0,0.0,4.490681288578867,True,0.4546113907025584,False,4.490681288578867,True,0.4927421303739932,False,0.17365362644195556,False
2025,B,764,1780404240.0,True,62,resource_exhaustion,5,False,3.0,24.0,0.0,4.490681288578891,True,0.6935457729103184,True,4.490681288578891,True,1.0,True,3999999999.9999995,True
2025,B,765,1780404300.0,True,62,resource_exhaustion,5,False,3.0,22.0,0.0,4.490681288578891,True,0.6952729117658683,True,4.490681288578891,True,1.0,True,3999999999.9999995,True
2025,B,766,1780404360.0,True,62,resource_exhaustion,5,False,5.0,23.0,0.0,4.490681288578891,True,0.6933843527544169,True,4.490681288578891,True,1.0,True,3999999999.9999995,True
2025,B,767,1780404420.0,True,62,resource_exhaustion,5,False,0.0,31.0,0.0,-1.2747388428605007,False,0.4011612770528229,False,-1.2747388428605007,False,0.5732028251853444,True,0.18147921562194821,False
2025,B,768,1780404480.0,False,-1,,5,False,0.0,19.0,0.0,0.6054867852682793,False,0.43915404321212415,False,0.6054867852682793,False,0.41118454089992934,False,0.18282351493835453,False
2025,B,769,1780404540.0,False,-1,,5,False,0.0,27.0,0.0,-1.4154841355161611,False,0.3823063794727583,False,-1.4154841355161611,False,0.5311016008972118,True,0.17382016181945797,False
2025,B,770,1780404600.0,False,-1,,5,False,0.0,23.0,0.0,-1.1247729429479358,False,0.37313933378216124,False,-1.1247729429479358,False,0.4783749513294757,False,0.1364044189453125,False
2025,B,771,1780404660.0,False,-1,,5,False,1.0,29.0,0.0,-0.48027416024770453,False,0.5828931637056813,False,-0.48027416024770453,False,0.00012008505798441948,False,0.18075037002563477,False
2025,B,772,1780404720.0,False,-1,,5,False,0.0,26.0,0.0,-1.4758974458212597,False,0.3740718236403698,False,-1.4758974458212597,False,0.5190456887361276,True,0.1850295066833496,False
2025,B,773,1780404780.0,False,-1,,5,False,0.0,28.0,0.0,-0.8920547895868189,False,0.3793276508653962,False,-0.8920547895868189,False,0.5424988195659789,True,0.16493549346923828,False
2025,B,774,1780404840.0,False,-1,,5,False,0.0,28.0,0.0,-1.2514589966465444,False,0.367738220180994,False,-1.2514589966465444,False,0.5424988195659789,True,0.15347900390625002,False
2025,B,775,1780404900.0,False,-1,,5,False,0.0,29.0,0.0,-1.1789325136980366,False,0.3933004261503785,False,-1.1789325136980366,False,0.5532857800736111,True,0.19930229187011717,False
2025,B,776,1780404960.0,False,-1,,5,False,0.0,34.0,0.0,-1.462273191410561,False,0.3944540794257487,False,-1.462273191410561,False,0.5994968631203155,True,0.16331136226654056,False
2025,B,777,1780405020.0,False,-1,,5,False,0.0,27.0,0.0,-0.33298488996655706,False,0.3926537536814007,False,-0.33298488996655706,False,0.5311016008972118,True,0.1543559074401855,False
2025,B,778,1780405080.0,True,63,permission_denied,5,False,0.0,30.0,0.0,4.45264887557025,True,0.47879602225080736,False,4.45264887557025,True,1.04385949003338e-06,False,3.0,True
2025,B,779,1780405140.0,True,63,permission_denied,5,False,0.0,28.0,0.0,4.490681221814312,True,0.4615658892655954,False,4.490681221814312,True,5.809229511146548e-07,False,12.0,True
2025,B,780,1780405200.0,True,63,permission_denied,5,False,0.0,25.0,0.0,4.490669305575708,True,0.4485978651782979,False,4.490669305575708,True,6.091875693123677e-07,False,8.0,True
2025,B,781,1780405260.0,True,63,permission_denied,5,False,0.0,23.0,0.0,4.4906810800992645,True,0.4544909036714343,False,4.4906810800992645,True,5.251203643648975e-07,False,11.0,True
2025,B,782,1780405320.0,True,63,permission_denied,5,False,0.0,32.0,0.0,3.624899665153666,True,0.46665202038101283,False,3.624899665153666,True,3.654426564313896e-06,False,1.0,False
2025,B,783,1780405380.0,False,-1,,5,False,0.0,24.0,0.0,-1.6230311730695357,False,0.3626474080539242,False,-1.6230311730695357,False,0.4927421303739932,False,0.1681948184967041,False
2025,B,784,1780405440.0,False,-1,,5,False,0.0,22.0,0.0,-1.3433152056053972,False,0.3644159507616903,False,-1.3433152056053972,False,0.46310969853896505,False,0.16765718460083004,False
2025,B,785,1780405500.0,False,-1,,5,False,0.0,23.0,0.0,-1.2544682120142818,False,0.38727243660051924,False,-1.2544682120142818,False,0.4783749513294757,False,0.18046994209289552,False
2025,B,786,1780405560.0,False,-1,,5,False,0.0,25.0,0.0,-0.904304011632937,False,0.38035704682884913,False,-0.904304011632937,False,0.5062783192703245,True,0.15966415405273438,False
2025,B,787,1780405620.0,False,-1,,5,False,0.0,24.0,0.0,-1.034150641116173,False,0.40645720968449683,False,-1.034150641116173,False,0.4927421303739932,False,0.1921678781509399,False
2025,B,788,1780405680.0,False,-1,,5,False,0.0,30.0,0.0,-1.0553266418472314,False,0.40731051154045994,False,-1.0553266418472314,False,0.5635068877933571,True,0.14214751720428467,False
2025,B,789,1780405740.0,False,-1,,5,False,0.0,26.0,0.0,-1.410665628369287,False,0.3609303536703529,False,-1.410665628369287,False,0.5190456887361276,True,0.15189170837402347,False
2025,B,790,1780405800.0,False,-1,,5,False,0.0,22.0,0.0,-1.3071701800381819,False,0.3714958524892371,False,-1.3071701800381819,False,0.46310969853896505,False,0.1383298397064209,False
2025,B,791,1780405860.0,False,-1,,5,False,0.0,24.0,0.0,-1.344809450157956,False,0.369039930479944,False,-1.344809450157956,False,0.4927421303739932,False,0.17242662906646725,False
2025,B,792,1780405920.0,True,64,permission_denied,5,False,0.0,21.0,0.0,3.5593685285218104,True,0.4443787635474454,False,3.5593685285218104,True,2.002324032647101e-06,False,1.0,False
2025,B,793,1780405980.0,True,64,permission_denied,5,False,0.0,34.0,0.0,4.490681110182845,True,0.49927260403494655,False,4.490681110182845,True,6.712003903884187e-07,False,11.0,True
2025,B,794,1780406040.0,True,64,permission_denied,5,False,0.0,27.0,0.0,4.4906722687075105,True,0.4867448109727473,False,4.4906722687075105,True,6.406166564535801e-07,False,8.0,True
2025,B,795,1780406100.0,True,64,permission_denied,5,False,0.0,31.0,0.0,4.490681104641827,True,0.49608837473798945,False,4.490681104641827,True,6.346240338954595e-07,False,11.0,True
2025,B,796,1780406160.0,False,-1,,5,False,0.0,27.0,0.0,-1.423055896072185,False,0.36543825127059815,False,-1.423055896072185,False,0.5489473792797284,True,0.16610586643218994,False
2025,B,797,1780406220.0,False,-1,,5,False,0.0,25.0,0.0,-1.067423272546944,False,0.3644313082059982,False,-1.067423272546944,False,0.4854375923972486,False,0.14443244934082033,False
2025,B,798,1780406280.0,False,-1,,5,False,0.0,31.0,0.0,-0.8802807302896758,False,0.4272722028927907,False,-0.8802807302896758,False,0.5732028251853444,True,0.1459066867828369,False
2025,B,799,1780406340.0,False,-1,,5,False,0.0,30.0,0.0,-1.5096207174572305,False,0.385684314046572,False,-1.5096207174572305,False,0.5635068877933571,True,0.16226885318756107,False
2025,B,800,1780406400.0,False,-1,,5,False,0.0,29.0,0.0,-0.19181150558281868,False,0.4090330307665425,False,-0.19181150558281868,False,0.5532857800736111,True,0.1255340576171875,False
2025,B,801,1780406460.0,False,-1,,5,False,0.0,31.0,0.0,-0.4000121368182352,False,0.39846879369069077,False,-0.4000121368182352,False,0.5732028251853444,True,0.15268158912658691,False
2025,B,802,1780406520.0,False,-1,,5,False,0.0,35.0,0.0,-0.99951379079676,False,0.41907149077191447,False,-0.99951379079676,False,0.6074347942855897,True,0.14013705253601072,False
2025,B,803,1780406580.0,False,-1,,5,False,0.0,32.0,0.0,-1.4537291096903253,False,0.3879140162858595,False,-1.4537291096903253,False,0.5824108545055228,True,0.17985544204711917,False
2025,B,804,1780406640.0,False,-1,,5,False,0.0,28.0,0.0,-1.2443920252831893,False,0.37989150701631497,False,-1.2443920252831893,False,0.5424988195659789,True,0.18090662956237794,False
2025,B,805,1780406700.0,False,-1,,5,False,0.0,23.0,0.0,-0.4470255442893878,False,0.4073182836860864,False,-0.4470255442893878,False,0.4783749513294757,False,0.17646212577819828,False
2025,B,806,1780406760.0,True,65,resource_exhaustion,5,False,1.0,30.0,0.0,4.490681288578891,True,0.6797808277410643,False,4.490681288578891,True,1.0,True,999999999.9999999,True
2025,B,807,1780406820.0,True,65,resource_exhaustion,5,False,4.0,32.0,0.0,4.490681288578891,True,0.6903965027789608,False,4.490681288578891,True,1.0,True,5000000000.0,True
2025,B,808,1780406880.0,True,65,resource_exhaustion,5,False,7.0,28.0,0.0,4.490681288578891,True,0.6920192871730053,False,4.490681288578891,True,1.0,True,5000000000.0,True
2025,B,809,1780406940.0,True,65,resource_exhaustion,5,False,1.0,24.0,0.0,4.490681288578891,True,0.6846892039829254,False,4.490681288578891,True,1.0,True,1999999999.9999998,True
2025,B,810,1780407000.0,False,-1,,5,False,0.0,18.0,0.0,0.09613492888509612,False,0.43800589393640826,False,0.09613492888509612,False,0.391567299653465,False,0.22448043823242173,False
2025,B,811,1780407060.0,False,-1,,5,False,0.0,31.0,0.0,-1.2000259259635602,False,0.392656574057475,False,-1.2000259259635602,False,0.5732028251853444,True,0.15111541748046875,False
2025,B,812,1780407120.0,False,-1,,5,False,0.0,31.0,0.0,-1.2626285755508189,False,0.38701387267488674,False,-1.2626285755508189,False,0.5732028251853444,True,0.14576935768127441,False
2025,B,813,1780407180.0,False,-1,,5,False,0.0,20.0,0.0,-1.3189453294437667,False,0.3796648422052774,False,-1.3189453294437667,False,0.42959277422704245,False,0.14576988220214843,False
2025,B,814,1780407240.0,False,-1,,5,False,1.0,21.0,0.0,0.21903695142627821,False,0.5865769747277626,False,0.21903695142627821,False,4.0047235747210535e-05,False,0.1247406005859375,False
2025,B,815,1780407300.0,False,-1,,5,False,0.0,24.0,0.0,-1.5519110481873195,False,0.3779676083785486,False,-1.5519110481873195,False,0.4927421303739932,False,0.1643320083618164,False
2025,B,816,1780407360.0,False,-1,,5,False,0.0,27.0,0.0,-1.443519970911412,False,0.36429882306853384,False,-1.443519970911412,False,0.5311016008972118,True,0.17383713722229,False
2025,B,817,1780407420.0,False,-1,,5,False,0.0,33.0,0.0,-0.8365035589516339,False,0.40213629529065886,False,-0.8365035589516339,False,0.5911651082946788,True,0.13267040252685547,False
2025,B,818,1780407480.0,True,66,config_error,5,False,0.0,22.0,0.0,4.490670297490941,True,0.46365210673223883,False,4.490670297490941,True,1.5793533674032016e-08,False,8.0,True
2025,B,819,1780407540.0,True,66,config_error,5,False,0.0,30.0,0.0,4.490681288578884,True,0.4953923523983477,False,4.490681288578884,True,5.170457251747437e-11,False,28.0,True
2025,B,820,1780407600.0,True,66,config_error,5,False,0.0,39.0,0.0,4.490681288578891,True,0.505359572124672,False,4.490681288578891,True,3.77280600324908e-11,False,35.0,True
2025,B,821,1780407660.0,True,66,config_error,5,False,0.0,36.0,0.0,4.490681288578888,True,0.5064767948151089,False,4.490681288578888,True,6.291090815355618e-11,False,30.0,True
2025,B,822,1780407720.0,True,66,config_error,5,False,0.0,26.0,0.0,4.490681281528288,True,0.4482229271831472,False,4.490681281528288,True,9.986637603278664e-10,False,14.0,True
2025,B,823,1780407780.0,False,-1,,5,False,0.0,27.0,0.0,-1.2575635909762637,False,0.38957570368043326,False,-1.2575635909762637,False,0.5311016008972118,True,0.18813743591308588,False
2025,B,824,1780407840.0,False,-1,,5,False,0.0,30.0,0.0,-0.9164757745246854,False,0.3930825243434354,False,-0.9164757745246854,False,0.5635068877933571,True,0.13899629116058348,False
2025,B,825,1780407900.0,False,-1,,5,False,0.0,37.0,0.0,-1.3716029175896907,False,0.40931788099969313,False,-1.3716029175896907,False,0.6222322699989643,True,0.16401891708374022,False
2025,B,826,1780407960.0,False,-1,,5,False,0.0,36.0,0.0,-1.3222442825059488,False,0.41206597679995105,False,-1.3222442825059488,False,0.6150052106932189,True,0.17940485477447507,False
2025,B,827,1780408020.0,False,-1,,5,False,0.0,34.0,0.0,-1.1229951371737865,False,0.396912364797563,False,-1.1229951371737865,False,0.5994968631203155,True,0.14613223075866702,False
2025,B,828,1780408080.0,False,-1,,5,False,0.0,30.0,0.0,-1.5260391365825532,False,0.3743039296238662,False,-1.5260391365825532,False,0.5635068877933571,True,0.17129359245300296,False
2025,B,829,1780408140.0,False,-1,,5,False,0.0,32.0,0.0,-1.4437974163041885,False,0.39207636930768813,False,-1.4437974163041885,False,0.5824108545055228,True,0.17417106628417972,False
2025,B,830,1780408200.0,True,67,dependency_timeout,5,False,3.0,32.0,0.0,4.490681288578891,True,0.6699216554255798,False,4.490681288578891,True,1.0,True,1999999999.9999998,True
2025,B,831,1780408260.0,True,67,dependency_timeout,5,True,13.0,81.0,0.0,4.490681288578891,True,0.7354689913197558,True,4.490681288578891,True,1.0,True,7000000000.0,True
2025,B,832,1780408320.0,True,67,dependency_timeout,5,True,35.0,308.0,2.0,4.490681288578891,True,0.7913232923720119,True,4.490681288578891,True,1.0,True,36000000000.0,True
2025,B,833,1780408380.0,True,67,dependency_timeout,5,True,24.0,235.0,3.0,4.490681288578891,True,0.7784117874997344,True,4.490681288578891,True,1.0,True,21000000000.0,True
2025,B,834,1780408440.0,True,67,dependency_timeout,5,False,0.0,26.0,0.0,4.490681288578891,True,0.5431289221094487,False,4.490681288578891,True,1.0,True,3000000000.0,True
2025,B,835,1780408500.0,False,-1,,5,False,0.0,38.0,0.0,-1.0273952310396766,False,0.44364330169312394,False,-1.0273952310396766,False,0.6291381747762922,True,0.1802022695541383,False
2025,B,836,1780408560.0,False,-1,,5,False,0.0,26.0,0.0,-1.2168948276186269,False,0.3724799637936763,False,-1.2168948276186269,False,0.5190456887361276,True,0.1819056272506714,False
2025,B,837,1780408620.0,False,-1,,5,False,0.0,35.0,0.0,-1.3507919278599338,False,0.4092170668306807,False,-1.3507919278599338,False,0.6074347942855897,True,0.18288998603820797,False
2025,B,838,1780408680.0,False,-1,,5,False,0.0,30.0,0.0,-1.316282421925262,False,0.37819045215997643,False,-1.316282421925262,False,0.5635068877933571,True,0.14461333751678465,False
2025,B,839,1780408740.0,False,-1,,5,False,0.0,20.0,0.0,-0.4712328426011245,False,0.4303617186893687,False,-0.4712328426011245,False,0.42959277422704245,False,0.14281001091003417,False
2025,B,840,1780408800.0,False,-1,,5,False,0.0,20.0,0.0,-1.1128949005364763,False,0.38939670525704717,False,-1.1128949005364763,False,0.42959277422704245,False,0.14196090698242186,False
2025,B,841,1780408860.0,False,-1,,5,False,0.0,33.0,0.0,-1.4178588250912636,False,0.3887439885157346,False,-1.4178588250912636,False,0.5911651082946788,True,0.17635507583618165,False
2025,B,842,1780408920.0,True,68,permission_denied,5,False,0.0,23.0,0.0,4.4844570303047435,True,0.47616393986658107,False,4.4844570303047435,True,7.303799414637438e-07,False,4.0,True
2025,B,843,1780408980.0,True,68,permission_denied,5,False,0.0,28.0,0.0,4.490681286109716,True,0.4681627632779518,False,4.490681286109716,True,5.432601766033765e-07,False,15.0,True
2025,B,844,1780409040.0,True,68,permission_denied,5,False,0.0,22.0,0.0,4.490669584435775,True,0.4705590632117343,False,4.490669584435775,True,5.595573718998773e-07,False,8.0,True
2025,B,845,1780409100.0,True,68,permission_denied,5,False,0.0,30.0,0.0,4.4906810583058565,True,0.45580877225260547,False,4.4906810583058565,True,6.219802329634508e-07,False,11.0,True
2025,B,846,1780409160.0,True,68,permission_denied,5,False,0.0,27.0,0.0,4.282670491264833,True,0.45864384937132746,False,4.282670491264833,True,1.2514393847569852e-06,False,2.0,True
2025,B,847,1780409220.0,False,-1,,5,False,0.0,28.0,0.0,-1.5904127829301444,False,0.36781150504466237,False,-1.5904127829301444,False,0.5424988195659789,True,0.1739647388458252,False
2025,B,848,1780409280.0,False,-1,,5,False,0.0,26.0,0.0,-1.4869221225995757,False,0.3791009668740031,False,-1.4869221225995757,False,0.5190456887361276,True,0.18666982650756836,False
2025,B,849,1780409340.0,False,-1,,5,False,0.0,37.0,0.0,-1.1653685746624785,False,0.4119892476261236,False,-1.1653685746624785,False,0.6222322699989643,True,0.16491823196411132,False
2025,B,850,1780409400.0,False,-1,,5,False,0.0,24.0,0.0,-1.2474037544560117,False,0.3672754277574107,False,-1.2474037544560117,False,0.4927421303739932,False,0.1713470458984375,False
2025,B,851,1780409460.0,False,-1,,5,False,0.0,33.0,0.0,-1.1020280164972949,False,0.38605529248596787,False,-1.1020280164972949,False,0.5911651082946788,True,0.1585235595703125,False
2025,B,852,1780409520.0,False,-1,,5,False,0.0,29.0,0.0,-1.1854005456110785,False,0.37108825695916237,False,-1.1854005456110785,False,0.5532857800736111,True,0.16239385604858395,False
2025,B,853,1780409580.0,False,-1,,5,False,0.0,31.0,0.0,-0.9741220276322897,False,0.38834787066802523,False,-0.9741220276322897,False,0.5732028251853444,True,0.17569804191589355,False
2025,B,854,1780409640.0,False,-1,,5,False,0.0,29.0,0.0,-0.6842460277056439,False,0.3921689731168056,False,-0.6842460277056439,False,0.5532857800736111,True,0.16147727966308595,False
2025,B,855,1780409700.0,False,-1,,5,False,0.0,36.0,0.0,-1.3306807129375002,False,0.4083069709453864,False,-1.3306807129375002,False,0.6150052106932189,True,0.15754294395446775,False
2025,B,856,1780409760.0,True,69,config_error,5,False,0.0,35.0,0.0,4.490681108692497,True,0.4842839982517594,False,4.490681108692497,True,4.957162992622327e-09,False,11.0,True
2025,B,857,1780409820.0,True,69,config_error,5,False,0.0,33.0,0.0,4.49068128857889,True,0.5515717913803306,False,4.49068128857889,True,4.960688326395899e-11,False,30.0,True
2025,B,858,1780409880.0,True,69,config_error,5,False,0.0,18.0,0.0,4.490681288190834,True,0.49883141050793345,False,4.490681288190834,True,2.5236453237709e-10,False,16.0,True
2025,B,859,1780409940.0,True,69,config_error,5,False,0.0,36.0,0.0,4.49068128153002,True,0.473615661415236,False,4.49068128153002,True,1.5561909380089265e-09,False,14.0,True
2025,B,860,1780410000.0,False,-1,,5,False,0.0,31.0,0.0,-0.4836090808460778,False,0.4105592133279042,False,-0.4836090808460778,False,0.5732028251853444,True,0.12671279907226562,False
2025,B,861,1780410060.0,False,-1,,5,False,0.0,26.0,0.0,-1.3783707984179898,False,0.3758178614031932,False,-1.3783707984179898,False,0.5190456887361276,True,0.15802741050720215,False
2025,B,862,1780410120.0,False,-1,,5,False,0.0,35.0,0.0,-0.9288308258651057,False,0.4125493645610339,False,-0.9288308258651057,False,0.6074347942855897,True,0.1627481937408447,False
2025,B,863,1780410180.0,False,-1,,5,False,0.0,38.0,0.0,-0.8818648723724358,False,0.4407335917025897,False,-0.8818648723724358,False,0.6291381747762922,True,0.20356371402740497,False
2025,B,864,1780410240.0,False,-1,,5,False,0.0,36.0,0.0,-0.9636183726616698,False,0.4260255090661781,False,-0.9636183726616698,False,0.6150052106932189,True,0.18997216224670402,False
2025,B,865,1780410300.0,False,-1,,5,False,0.0,23.0,0.0,-1.6397963512085934,False,0.370160773596374,False,-1.6397963512085934,False,0.4783749513294757,False,0.17226943969726563,False
2025,B,866,1780410360.0,False,-1,,5,False,0.0,24.0,0.0,-0.7151373593915142,False,0.38509953814026887,False,-0.7151373593915142,False,0.4927421303739932,False,0.1680232286453247,False
2025,B,867,1780410420.0,True,70,config_error,5,False,0.0,37.0,0.0,4.490680758939057,True,0.498078735582654,False,4.490680758939057,True,8.895488185113012e-09,False,10.0,True
2025,B,868,1780410480.0,True,70,config_error,5,False,0.0,31.0,0.0,4.4906812885788705,True,0.5050718823154867,False,4.4906812885788705,True,7.123394838783153e-11,False,27.0,True
2025,B,869,1780410540.0,True,70,config_error,5,False,0.0,20.0,0.0,4.490681288578078,True,0.5472129174344248,False,4.490681288578078,True,7.322630515452121e-11,False,20.0,True
2025,B,870,1780410600.0,True,70,config_error,5,False,0.0,24.0,0.0,4.490483511521092,True,0.47096209936295513,False,4.490483511521092,True,1.2033070874065018e-07,False,6.0,True
2025,B,871,1780410660.0,False,-1,,5,False,0.0,24.0,0.0,-1.0747173087676005,False,0.36847769850971823,False,-1.0747173087676005,False,0.4927421303739932,False,0.14396324157714843,False
2025,B,872,1780410720.0,False,-1,,5,False,0.0,28.0,0.0,-0.7622983934426371,False,0.3818020282553585,False,-0.7622983934426371,False,0.5424988195659789,True,0.15740699768066407,False
2025,B,873,1780410780.0,False,-1,,5,False,0.0,27.0,0.0,-0.8569848754707348,False,0.39883357004436554,False,-0.8569848754707348,False,0.5311016008972118,True,0.2174425125122069,False
2025,B,874,1780410840.0,False,-1,,5,False,0.0,41.0,0.0,-0.40590186587655364,False,0.4876667161632639,False,-0.40590186587655364,False,0.6481252890398529,True,0.18142604827880862,False
2025,B,875,1780410900.0,False,-1,,5,False,0.0,29.0,0.0,-0.9067627445560227,False,0.3857825975782668,False,-0.9067627445560227,False,0.5532857800736111,True,0.15673046112060546,False
2025,B,876,1780410960.0,False,-1,,5,False,0.0,29.0,0.0,0.7912640511700322,False,0.4272362007990894,False,0.7912640511700322,False,0.5532857800736111,True,0.27056827545165996,False
2025,B,877,1780411020.0,False,-1,,5,False,0.0,21.0,0.0,-0.49692893197646004,False,0.4322589220518351,False,-0.49692893197646004,False,0.446874446272475,False,0.18267774581909182,False
2025,B,878,1780411080.0,True,71,resource_exhaustion,5,False,0.0,40.0,0.0,4.490681288578891,True,0.5780570904463852,False,4.490681288578891,True,1.0,True,999999999.9999999,True
2025,B,879,1780411140.0,True,71,resource_exhaustion,5,False,6.0,38.0,0.0,4.490681288578891,True,0.7030533149893192,True,4.490681288578891,True,1.0,True,7000000000.0,True
2025,B,880,1780411200.0,True,71,resource_exhaustion,5,False,4.0,25.0,0.0,4.490681288578891,True,0.6933270634886243,True,4.490681288578891,True,1.0,True,3000000000.0,True
2025,B,881,1780411260.0,True,71,resource_exhaustion,5,False,1.0,25.0,0.0,4.490681288578891,True,0.647009045814221,False,4.490681288578891,True,1.0,True,999999999.9999999,True
2025,B,882,1780411320.0,False,-1,,6,False,0.0,35.0,0.0,-1.187357591988345,False,0.39714716859804017,False,-1.187357591988345,False,0.6074347942855897,True,0.15416917800903318,False
2025,B,883,1780411380.0,False,-1,,6,False,0.0,33.0,0.0,-1.235137689562201,False,0.3939926917626539,False,-1.235137689562201,False,0.5911651082946788,True,0.16325979232788085,False
2025,B,884,1780411440.0,False,-1,,6,False,0.0,29.0,0.0,-1.4796720909905217,False,0.3717870347030422,False,-1.4796720909905217,False,0.5532857800736111,True,0.17632789611816402,False
2025,B,885,1780411500.0,False,-1,,6,False,0.0,34.0,0.0,2.2007721773417064,True,0.6106432055769077,False,2.2007721773417064,True,0.3783419860129161,False,2.0,True
2025,B,886,1780411560.0,False,-1,,6,False,1.0,41.0,0.0,-0.4002367162187461,False,0.6127937767683294,False,-0.4002367162187461,False,0.0003344673439543197,False,0.1690702438354493,False
2025,B,887,1780411620.0,False,-1,,6,False,0.0,30.0,0.0,-0.9980509067393948,False,0.38554065391120784,False,-0.9980509067393948,False,0.5635068877933571,True,0.16247906684875488,False
2025,B,888,1780411680.0,False,-1,,6,False,0.0,38.0,0.0,0.6364112610841839,False,0.6260828880298014,False,0.6364112610841839,False,0.0007574793010339366,False,1.0,False
2025,B,889,1780411740.0,False,-1,,6,False,0.0,35.0,0.0,-1.1818290631885207,False,0.4030128148291084,False,-1.1818290631885207,False,0.6074347942855897,True,0.15100698471069335,False
2025,B,890,1780411800.0,False,-1,,6,False,0.0,28.0,0.0,-1.5424025836240052,False,0.36623708281161965,False,-1.5424025836240052,False,0.5424988195659789,True,0.15679140090942384,False
2025,B,891,1780411860.0,False,-1,,6,False,0.0,27.0,0.0,-0.9674138936881684,False,0.37959570799916653,False,-0.9674138936881684,False,0.5311016008972118,True,0.1560537338256836,False
2025,B,892,1780411920.0,True,72,config_error,6,False,0.0,35.0,0.0,4.490681286128125,True,0.4678857002933056,False,4.490681286128125,True,1.0901482907719647e-09,False,15.0,True
2025,B,893,1780411980.0,True,72,config_error,6,False,0.0,22.0,0.0,4.490681288576854,True,0.4975924697979514,False,4.490681288576854,True,8.809909881502528e-11,False,21.0,True
2025,B,894,1780412040.0,True,72,config_error,6,False,0.0,32.0,0.0,4.4906812885788865,True,0.4928400591093361,False,4.4906812885788865,True,5.3916475609136385e-11,False,29.0,True
2025,B,895,1780412100.0,True,72,config_error,6,False,0.0,39.0,0.0,4.49068128857889,True,0.5335323578617615,False,4.49068128857889,True,6.456627757732991e-11,False,31.0,True
2025,B,896,1780412160.0,False,-1,,6,False,0.0,37.0,0.0,-0.700093280893225,False,0.4319950740550799,False,-0.700093280893225,False,0.6222322699989643,True,0.14332036972045897,False
2025,B,897,1780412220.0,False,-1,,6,False,1.0,23.0,0.0,0.5361937186188777,False,0.5912071539743335,False,0.5361937186188777,False,5.543944018203937e-05,False,0.22259001731872563,False
2025,B,898,1780412280.0,False,-1,,6,False,0.0,34.0,0.0,-1.291943985487162,False,0.4042207680480838,False,-1.291943985487162,False,0.5994968631203155,True,0.16470417976379395,False
2025,B,899,1780412340.0,False,-1,,6,False,0.0,32.0,0.0,-1.4109953113188576,False,0.3830616793048569,False,-1.4109953113188576,False,0.5824108545055228,True,0.15158801078796386,False
2025,B,900,1780412400.0,False,-1,,6,False,0.0,32.0,0.0,-1.319285978111405,False,0.38181048285812114,False,-1.319285978111405,False,0.5824108545055228,True,0.1652723073959351,False
2025,B,901,1780412460.0,False,-1,,6,False,0.0,26.0,0.0,-0.9253494698115254,False,0.38586572479462194,False,-0.9253494698115254,False,0.5190456887361276,True,0.19528567790985107,False
2025,B,902,1780412520.0,True,73,permission_denied,6,True,0.0,248.0,0.0,4.490681288578891,True,0.7333724355677228,True,4.490681288578891,True,1.019092526495639e-06,False,73.0,True
2025,B,903,1780412580.0,True,73,permission_denied,6,True,0.0,293.0,0.0,4.490681288578891,True,0.7285615176861882,True,4.490681288578891,True,9.643820224190611e-07,False,116.0,True
2025,B,904,1780412640.0,True,73,permission_denied,6,True,0.0,68.0,0.0,4.490681288568861,True,0.6487810678935205,False,4.490681288568861,True,7.904555657958064e-06,False,29.0,True
2025,B,905,1780412700.0,True,73,permission_denied,6,False,0.0,26.0,0.0,4.490632870951973,True,0.46538936912491624,False,4.490632870951973,True,6.518076631886537e-07,False,7.0,True
2025,B,906,1780412760.0,False,-1,,6,False,0.0,33.0,0.0,-0.8790040789530416,False,0.42693028492222884,False,-0.8790040789530416,False,0.5911651082946788,True,0.17049217224121094,False
2025,B,907,1780412820.0,False,-1,,6,False,0.0,24.0,0.0,-1.416805293587207,False,0.3643866988591483,False,-1.416805293587207,False,0.4927421303739932,False,0.16955599784851075,False
2025,B,908,1780412880.0,False,-1,,6,False,0.0,27.0,0.0,-1.1063844509425813,False,0.40663426404058917,False,-1.1063844509425813,False,0.5311016008972118,True,0.1665283679962158,False
2025,B,909,1780412940.0,False,-1,,6,False,0.0,31.0,0.0,-1.2744714560816623,False,0.3853054928194178,False,-1.2744714560816623,False,0.5732028251853444,True,0.15360593795776364,False
2025,B,910,1780413000.0,False,-1,,6,False,0.0,30.0,0.0,-0.5143415418147681,False,0.4060912214162075,False,-0.5143415418147681,False,0.5635068877933571,True,0.17532560825347906,False
2025,B,911,1780413060.0,False,-1,,6,False,0.0,27.0,0.0,-0.7308960963944511,False,0.4009219361801393,False,-0.7308960963944511,False,0.5311016008972118,True,0.21827373504638672,False
2025,B,912,1780413120.0,False,-1,,6,False,0.0,28.0,0.0,-1.6303991143254564,False,0.3670808774675176,False,-1.6303991143254564,False,0.5424988195659789,True,0.16726830005645751,False
2025,B,913,1780413180.0,False,-1,,6,False,0.0,26.0,0.0,-1.5595493579871382,False,0.3618080649201679,False,-1.5595493579871382,False,0.5190456887361276,True,0.1518803834915161,False
2025,B,914,1780413240.0,False,-1,,6,False,0.0,18.0,0.0,-0.5631340134230189,False,0.3922579758195315,False,-0.5631340134230189,False,0.391567299653465,False,0.12455203533172607,False
2025,B,915,1780413300.0,True,74,resource_exhaustion,6,False,9.0,35.0,0.0,4.490681288578891,True,0.6978104690222418,True,4.490681288578891,True,1.0,True,10000000000.0,True
2025,B,916,1780413360.0,True,74,resource_exhaustion,6,False,3.0,26.0,0.0,4.490681288578891,True,0.6916618187676825,False,4.490681288578891,True,1.0,True,3000000000.0,True
2025,B,917,1780413420.0,True,74,resource_exhaustion,6,False,2.0,23.0,0.0,4.490681288578891,True,0.69393504486879,True,4.490681288578891,True,1.0,True,3000000000.0,True
2025,B,918,1780413480.0,True,74,resource_exhaustion,6,False,6.0,39.0,0.0,4.490681288578891,True,0.7072290145483945,True,4.490681288578891,True,1.0,True,5000000000.0,True
2025,B,919,1780413540.0,False,-1,,6,False,0.0,28.0,0.0,-1.388175728534108,False,0.3687220611701622,False,-1.388175728534108,False,0.5424988195659789,True,0.1629182815551758,False
2025,B,920,1780413600.0,False,-1,,6,False,0.0,26.0,0.0,-1.493181605445531,False,0.3638679997592952,False,-1.493181605445531,False,0.5190456887361276,True,0.16727685928344727,False
2025,B,921,1780413660.0,False,-1,,6,False,0.0,23.0,0.0,-1.5689377318737279,False,0.3738386103284054,False,-1.5689377318737279,False,0.4783749513294757,False,0.17384409904479983,False
2025,B,922,1780413720.0,False,-1,,6,False,0.0,24.0,0.0,-1.2093312758870995,False,0.38448355877023893,False,-1.2093312758870995,False,0.4927421303739932,False,0.1464564561843872,False
2025,B,923,1780413780.0,False,-1,,6,False,0.0,32.0,0.0,-0.6509329867302247,False,0.4029388755215301,False,-0.6509329867302247,False,0.5824108545055228,True,0.14265062808990478,False
2025,B,924,1780413840.0,False,-1,,6,False,0.0,30.0,0.0,-0.4395947780984777,False,0.4146426100278756,False,-0.4395947780984777,False,0.5635068877933571,True,0.22280282974243168,False
2025,B,925,1780413900.0,False,-1,,6,False,0.0,34.0,0.0,-1.1907097553294799,False,0.4024793920274035,False,-1.1907097553294799,False,0.5994968631203155,True,0.17759761810302735,False
2025,B,926,1780413960.0,True,75,dependency_timeout,6,False,1.0,30.0,0.0,4.490681288578891,True,0.6747248556236378,False,4.490681288578891,True,1.0,True,20.04813165664673,True
2025,B,927,1780414020.0,True,75,dependency_timeout,6,False,2.0,30.0,0.0,4.490681288578891,True,0.6733831512267372,False,4.490681288578891,True,1.0,True,3999999999.9999995,True
2025,B,928,1780414080.0,True,75,dependency_timeout,6,False,2.0,26.0,0.0,4.490681288578891,True,0.6712046196646465,False,4.490681288578891,True,1.0,True,20.06239547729492,True
2025,B,929,1780414140.0,True,75,dependency_timeout,6,False,1.0,30.0,0.0,4.490681288578891,True,0.6488768435851894,False,4.490681288578891,True,1.0,True,1999999999.9999998,True
2025,B,930,1780414200.0,False,-1,,6,False,0.0,31.0,0.0,-1.5143801482065475,False,0.37798788381414944,False,-1.5143801482065475,False,0.5732028251853444,True,0.17327523231506345,False
2025,B,931,1780414260.0,False,-1,,6,False,0.0,31.0,0.0,-0.37359472913593184,False,0.41174900391662284,False,-0.37359472913593184,False,0.5732028251853444,True,0.13715791702270508,False
2025,B,932,1780414320.0,False,-1,,6,False,0.0,42.0,0.0,-1.1828796877382928,False,0.4435971870034742,False,-1.1828796877382928,False,0.6539353971273275,True,0.17212889194488523,False
2025,B,933,1780414380.0,False,-1,,6,False,0.0,33.0,0.0,-0.4947793317596263,False,0.424357262549972,False,-0.4947793317596263,False,0.5911651082946788,True,0.212518310546875,False
2025,B,934,1780414440.0,False,-1,,6,False,0.0,34.0,0.0,-1.080561991034644,False,0.4094910542895391,False,-1.080561991034644,False,0.5994968631203155,True,0.18905143737792973,False
2025,B,935,1780414500.0,False,-1,,6,False,0.0,26.0,0.0,-0.6052407488620615,False,0.3924402578527923,False,-0.6052407488620615,False,0.5190456887361276,True,0.16930460929870605,False
2025,B,936,1780414560.0,True,76,config_error,6,False,1.0,35.0,0.0,4.490681288578276,True,0.6532276174359571,False,4.490681288578276,True,3.688045014331917e-11,False,19.0,True
2025,B,937,1780414620.0,True,76,config_error,6,False,0.0,34.0,0.0,4.49068128857889,True,0.526293740573898,False,4.49068128857889,True,4.582217376924242e-11,False,31.0,True
2025,B,938,1780414680.0,True,76,config_error,6,False,0.0,35.0,0.0,4.490681288578888,True,0.48395319389487546,False,4.490681288578888,True,5.890242514334309e-11,False,30.0,True
2025,B,939,1780414740.0,True,76,config_error,6,False,0.0,31.0,0.0,4.309806905525481,True,0.4736619545778925,False,4.309806905525481,True,0.01748591372913291,False,2.0,True
2025,B,940,1780414800.0,False,-1,,6,False,0.0,39.0,0.0,-1.2371730508174679,False,0.42029822217469986,False,-1.2371730508174679,False,0.6357433507567806,True,0.1714903831481933,False
2025,B,941,1780414860.0,False,-1,,6,False,0.0,32.0,0.0,-1.2073871322733893,False,0.38511660975676776,False,-1.2073871322733893,False,0.5824108545055228,True,0.16319599151611328,False
2025,B,942,1780414920.0,False,-1,,6,False,0.0,29.0,0.0,-1.002063263833155,False,0.3817461790659454,False,-1.002063263833155,False,0.569499212250367,True,0.16697111129760742,False
2025,B,943,1780414980.0,False,-1,,6,False,0.0,35.0,0.0,-0.26348907254117737,False,0.44744852061901824,False,-0.26348907254117737,False,0.5943708957119554,True,0.21512258052825942,False
2025,B,944,1780415040.0,False,-1,,6,False,0.0,29.0,0.0,-0.5901330304999428,False,0.38560493020613934,False,-0.5901330304999428,False,0.5532857800736111,True,0.15105791091918946,False
2025,B,945,1780415100.0,False,-1,,6,False,0.0,29.0,0.0,-1.4726286712594643,False,0.36867650175546535,False,-1.4726286712594643,False,0.5532857800736111,True,0.1745147705078125,False
2025,B,946,1780415160.0,False,-1,,6,False,0.0,32.0,0.0,-0.9553891607167957,False,0.40089577512637803,False,-0.9553891607167957,False,0.5824108545055228,True,0.1556876659393311,False
2025,B,947,1780415220.0,False,-1,,6,False,0.0,30.0,0.0,-1.0897090943387475,False,0.38031249599133465,False,-1.0897090943387475,False,0.5635068877933571,True,0.15987579822540285,False
2025,B,948,1780415280.0,True,77,dependency_timeout,6,False,2.0,20.0,0.0,4.490681288578891,True,0.6880253686065045,False,4.490681288578891,True,1.0,True,1999999999.9999998,True
2025,B,949,1780415340.0,True,77,dependency_timeout,6,False,3.0,32.0,0.0,4.490681288578891,True,0.6853224785245924,False,4.490681288578891,True,1.0,True,1999999999.9999998,True
2025,B,950,1780415400.0,True,77,dependency_timeout,6,False,0.0,31.0,0.0,4.490681288578891,True,0.556203895405124,False,4.490681288578891,True,1.0,True,999999999.9999999,True
2025,B,951,1780415460.0,True,77,dependency_timeout,6,False,2.0,34.0,0.0,4.490681288578891,True,0.6781265713942234,False,4.490681288578891,True,1.0,True,3000000000.0,True
2025,B,952,1780415520.0,True,77,dependency_timeout,6,False,1.0,26.0,0.0,4.490681288578891,True,0.6362915346119006,False,4.490681288578891,True,1.0,True,15.37190284729,True
2025,B,953,1780415580.0,False,-1,,6,False,0.0,28.0,0.0,-1.1315268782782413,False,0.38365904473830836,False,-1.1315268782782413,False,0.5424988195659789,True,0.15694892406463623,False
2025,B,954,1780415640.0,False,-1,,6,False,0.0,26.0,0.0,-1.321904533478782,False,0.38699721974002155,False,-1.321904533478782,False,0.5190456887361276,True,0.15441834926605222,False
2025,B,955,1780415700.0,False,-1,,6,False,0.0,30.0,0.0,-0.6953146432517219,False,0.409773821497292,False,-0.6953146432517219,False,0.5635068877933571,True,0.15884976387023925,False
2025,B,956,1780415760.0,False,-1,,6,False,0.0,36.0,0.0,0.789835156666836,False,0.4623040356450655,False,0.789835156666836,False,0.6150052106932189,True,0.26175725460052474,False
2025,B,957,1780415820.0,False,-1,,6,False,0.0,29.0,0.0,-1.4721048280357572,False,0.38063982634354027,False,-1.4721048280357572,False,0.5532857800736111,True,0.15548181533813477,False
2025,B,958,1780415880.0,True,78,resource_exhaustion,6,False,5.0,42.0,0.0,4.490681288578891,True,0.7075592250331938,True,4.490681288578891,True,1.0,True,5000000000.0,True
2025,B,959,1780415940.0,True,78,resource_exhaustion,6,False,4.0,34.0,0.0,4.490681288578891,True,0.7307151104609122,True,4.490681288578891,True,1.0,True,5000000000.0,True
2025,B,960,1780416000.0,True,78,resource_exhaustion,6,False,2.0,26.0,0.0,4.490681288578891,True,0.6898831368399615,False,4.490681288578891,True,1.0,True,1999999999.9999998,True
2025,B,961,1780416060.0,True,78,resource_exhaustion,6,False,1.0,28.0,0.0,4.490681288578891,True,0.6576223918203217,False,4.490681288578891,True,1.0,True,999999999.9999999,True
2025,B,962,1780416120.0,False,-1,,6,False,0.0,29.0,0.0,-1.4809119882887511,False,0.37154502368086084,False,-1.4809119882887511,False,0.5532857800736111,True,0.15044736862182617,False
2025,B,963,1780416180.0,False,-1,,6,False,0.0,30.0,0.0,-1.2658068758277716,False,0.3926770868675054,False,-1.2658068758277716,False,0.5635068877933571,True,0.14277472496032717,False
2025,B,964,1780416240.0,False,-1,,6,False,0.0,38.0,0.0,-1.3226416669149836,False,0.4136923756554061,False,-1.3226416669149836,False,0.6291381747762922,True,0.16381642818450928,False
2025,B,965,1780416300.0,False,-1,,6,False,0.0,38.0,0.0,-1.266603635623511,False,0.41988281080228057,False,-1.266603635623511,False,0.6291381747762922,True,0.15498771667480474,False
2025,B,966,1780416360.0,False,-1,,6,False,0.0,22.0,0.0,-0.46636510258882335,False,0.5666221678485152,False,-0.46636510258882335,False,0.000245999828269547,False,1.0,False
2025,B,967,1780416420.0,False,-1,,6,False,0.0,34.0,0.0,-0.6932373540708827,False,0.4028543659355901,False,-0.6932373540708827,False,0.5994968631203155,True,0.1752367734909058,False
2025,B,968,1780416480.0,True,79,permission_denied,6,False,0.0,35.0,0.0,4.490444099421243,True,0.470886841029248,False,4.490444099421243,True,8.404482293487248e-07,False,6.0,True
2025,B,969,1780416540.0,True,79,permission_denied,6,False,0.0,40.0,0.0,4.490681288477726,True,0.48573463962045327,False,4.490681288477726,True,6.383073368919481e-07,False,18.0,True
2025,B,970,1780416600.0,True,79,permission_denied,6,False,0.0,31.0,0.0,4.490678634487297,True,0.4756438394061,False,4.490678634487297,True,6.744560789907568e-07,False,9.0,True
2025,B,971,1780416660.0,True,79,permission_denied,6,False,0.0,21.0,0.0,4.490636987650854,True,0.4893503528896761,False,4.490636987650854,True,5.63920143210868e-07,False,7.0,True
2025,B,972,1780416720.0,False,-1,,6,False,0.0,34.0,0.0,-1.3284355561464363,False,0.4063924522541796,False,-1.3284355561464363,False,0.5994968631203155,True,0.18686435222625739,False
2025,B,973,1780416780.0,False,-1,,6,False,0.0,23.0,0.0,-1.7149269064540773,False,0.36063208960558574,False,-1.7149269064540773,False,0.4783749513294757,False,0.1674642562866211,False
2025,B,974,1780416840.0,False,-1,,6,False,0.0,26.0,0.0,-1.5719074423244992,False,0.36863791856326616,False,-1.5719074423244992,False,0.5190456887361276,True,0.166395902633667,False
2025,B,975,1780416900.0,False,-1,,6,False,0.0,26.0,0.0,-1.4368040429395643,False,0.36856457348962834,False,-1.4368040429395643,False,0.5190456887361276,True,0.1491689682006836,False
2025,B,976,1780416960.0,False,-1,,6,False,0.0,45.0,0.0,-0.7346153847197181,False,0.4855712254425336,False,-0.7346153847197181,False,0.6700167029983223,True,0.1928377151489258,False
2025,B,977,1780417020.0,False,-1,,6,False,0.0,34.0,0.0,-0.4081370539608402,False,0.4241058534316522,False,-0.4081370539608402,False,0.5994968631203155,True,0.13001749515533448,False
2025,B,978,1780417080.0,False,-1,,6,False,0.0,44.0,0.0,-0.5441440285606216,False,0.5005398153460159,False,-0.5441440285606216,False,0.6648679332432831,True,0.17340776920318604,False
2025,B,979,1780417140.0,False,-1,,6,False,0.0,24.0,0.0,-1.358885894464291,False,0.36586299319948656,False,-1.358885894464291,False,0.4927421303739932,False,0.16854777336120605,False
2025,B,980,1780417200.0,False,-1,,6,False,0.0,28.0,0.0,-1.2405276683241278,False,0.3749978321493561,False,-1.2405276683241278,False,0.5424988195659789,True,0.14398884773254395,False
2025,B,981,1780417260.0,True,80,permission_denied,6,False,0.0,29.0,0.0,4.3160028813787905,True,0.48145740473570536,False,4.3160028813787905,True,1.3439695406020956e-06,False,2.0,True
2025,B,982,1780417320.0,True,80,permission_denied,6,False,0.0,40.0,0.0,4.490681287787212,True,0.4850398180499162,False,4.490681287787212,True,6.606796769942049e-07,False,16.0,True
2025,B,983,1780417380.0,True,80,permission_denied,6,False,1.0,37.0,0.0,4.490681284775771,True,0.6365619034811453,False,4.490681284775771,True,1.8079507992034237e-07,False,12.0,True
2025,B,984,1780417440.0,True,80,permission_denied,6,False,0.0,30.0,0.0,4.309556939692092,True,0.4745878476114375,False,4.309556939692092,True,1.390135227325951e-06,False,2.0,True
2025,B,985,1780417500.0,False,-1,,6,False,0.0,35.0,0.0,-0.8183248655596529,False,0.40859756584231616,False,-0.8183248655596529,False,0.6074347942855897,True,0.16967372894287094,False
2025,B,986,1780417560.0,False,-1,,6,False,0.0,36.0,0.0,-1.0995261684788638,False,0.4383352756316846,False,-1.0995261684788638,False,0.6150052106932189,True,0.1706224679946899,False
2025,B,987,1780417620.0,False,-1,,6,False,0.0,28.0,0.0,-1.4313046741913373,False,0.3649251722955666,False,-1.4313046741913373,False,0.5424988195659789,True,0.16098432540893554,False
2025,B,988,1780417680.0,False,-1,,6,False,0.0,25.0,0.0,-1.4897343519367245,False,0.36035034066026644,False,-1.4897343519367245,False,0.5062783192703245,True,0.1596054077148437,False
2025,B,989,1780417740.0,False,-1,,6,False,0.0,33.0,0.0,-1.350038145135139,False,0.39334048971741636,False,-1.350038145135139,False,0.5911651082946788,True,0.17496128082275392,False
2025,B,990,1780417800.0,False,-1,,6,False,0.0,33.0,0.0,-1.3814535917123978,False,0.3975067221689703,False,-1.3814535917123978,False,0.5911651082946788,True,0.18373823165893555,False
2025,B,991,1780417860.0,False,-1,,6,False,0.0,17.0,0.0,-1.351469161872365,False,0.3696950850512763,False,-1.351469161872365,False,0.370658671338492,False,0.1552943229675293,False
2025,B,992,1780417920.0,False,-1,,6,False,0.0,31.0,0.0,-1.220804782064464,False,0.38807108298030374,False,-1.220804782064464,False,0.5732028251853444,True,0.1770765781402588,False
2025,B,993,1780417980.0,False,-1,,6,False,0.0,25.0,0.0,-0.6978772540408587,False,0.37931499094688775,False,-0.6978772540408587,False,0.5062783192703245,True,0.13081655502319334,False
2025,B,994,1780418040.0,False,-1,,6,False,0.0,29.0,0.0,-1.4564572168656307,False,0.3662277231054496,False,-1.4564572168656307,False,0.5532857800736111,True,0.15867185592651367,False
2025,B,995,1780418100.0,True,81,resource_exhaustion,6,False,2.0,29.0,0.0,4.490681288578891,True,0.6838435866719914,False,4.490681288578891,True,1.0,True,3000000000.0,True
2025,B,996,1780418160.0,True,81,resource_exhaustion,6,False,5.0,28.0,0.0,4.490681288578891,True,0.6937927689324397,True,4.490681288578891,True,1.0,True,6000000000.0,True
2025,B,997,1780418220.0,True,81,resource_exhaustion,6,False,6.0,28.0,0.0,4.490681288578891,True,0.6937927689324397,True,4.490681288578891,True,1.0,True,5000000000.0,True
2025,B,998,1780418280.0,False,-1,,6,False,0.0,30.0,0.0,-1.5854327220660869,False,0.37731103836167096,False,-1.5854327220660869,False,0.5635068877933571,True,0.17079339027404788,False
2025,B,999,1780418340.0,False,-1,,6,False,0.0,31.0,0.0,-0.810076334469449,False,0.3954975863606436,False,-0.810076334469449,False,0.5732028251853444,True,0.14894795417785645,False
2025,B,1000,1780418400.0,False,-1,,6,False,0.0,28.0,0.0,-1.4408508568824807,False,0.37310911957352155,False,-1.4408508568824807,False,0.5424988195659789,True,0.16315717697143556,False
2025,B,1001,1780418460.0,False,-1,,6,False,0.0,39.0,0.0,-1.1690548266683,False,0.43053808849679653,False,-1.1690548266683,False,0.6357433507567806,True,0.1492065906524658,False
2025,B,1002,1780418520.0,False,-1,,6,False,0.0,33.0,0.0,-0.8394738975882969,False,0.4099313429767003,False,-0.8394738975882969,False,0.5911651082946788,True,0.1540903091430664,False
2025,B,1003,1780418580.0,False,-1,,6,False,0.0,30.0,0.0,-1.165955397199439,False,0.37702571850822725,False,-1.165955397199439,False,0.5635068877933571,True,0.14669358730316162,False
2025,B,1004,1780418640.0,False,-1,,6,False,0.0,22.0,0.0,0.2636342288843263,False,0.5835062845671595,False,0.2636342288843263,False,0.000245999828269547,False,1.0,False
2025,B,1005,1780418700.0,True,82,dependency_timeout,6,False,5.0,23.0,0.0,4.490681288578891,True,0.6773409351257795,False,4.490681288578891,True,1.0,True,5000000000.0,True
2025,B,1006,1780418760.0,True,82,dependency_timeout,6,False,2.0,23.0,0.0,4.490681288578891,True,0.6779514639102328,False,4.490681288578891,True,1.0,True,999999999.9999999,True
2025,B,1007,1780418820.0,True,82,dependency_timeout,6,False,3.0,30.0,0.0,4.490681288578891,True,0.6767930015340622,False,4.490681288578891,True,1.0,True,999999999.9999999,True
2025,B,1008,1780418880.0,True,82,dependency_timeout,6,False,4.0,39.0,0.0,4.490681288578891,True,0.687804332933909,False,4.490681288578891,True,1.0,True,7000000000.0,True
2025,B,1009,1780418940.0,False,-1,,6,False,0.0,35.0,0.0,-1.0688951682208794,False,0.41803953048781567,False,-1.0688951682208794,False,0.6074347942855897,True,0.1752202987670898,False
2025,B,1010,1780419000.0,False,-1,,6,False,0.0,30.0,0.0,-1.4511123317422543,False,0.3730556856379478,False,-1.4511123317422543,False,0.5635068877933571,True,0.15131912231445313,False
2025,B,1011,1780419060.0,False,-1,,6,False,0.0,25.0,0.0,-1.5955413255436603,False,0.3613391006970863,False,-1.5955413255436603,False,0.5062783192703245,True,0.16028013229370114,False
2025,B,1012,1780419120.0,False,-1,,6,False,0.0,28.0,0.0,-1.3854438167349388,False,0.37043842081943196,False,-1.3854438167349388,False,0.5424988195659789,True,0.1748399019241333,False
2025,B,1013,1780419180.0,False,-1,,6,False,0.0,32.0,0.0,-1.2685897768507708,False,0.3866641942494587,False,-1.2685897768507708,False,0.5824108545055228,True,0.14771153926849367,False
2025,B,1014,1780419240.0,False,-1,,6,False,0.0,26.0,0.0,-1.5412119735781413,False,0.3613496936275823,False,-1.5412119735781413,False,0.5190456887361276,True,0.17291903495788574,False
2025,B,1015,1780419300.0,False,-1,,6,False,0.0,22.0,0.0,-1.0326824402694017,False,0.38143534792581496,False,-1.0326824402694017,False,0.46310969853896505,False,0.18343906402587887,False
2025,B,1016,1780419360.0,False,-1,,6,False,0.0,44.0,0.0,-0.7194152362777082,False,0.4733672226371594,False,-0.7194152362777082,False,0.6648679332432831,True,0.1458373546600342,False
2025,B,1017,1780419420.0,False,-1,,6,False,0.0,30.0,0.0,-1.4875453024892398,False,0.3756168115291086,False,-1.4875453024892398,False,0.5635068877933571,True,0.1710668087005615,False
2025,B,1018,1780419480.0,False,-1,,6,False,0.0,32.0,0.0,-1.3200978095800417,False,0.39094550678587103,False,-1.3200978095800417,False,0.5824108545055228,True,0.1488231182098389,False
2025,B,1019,1780419540.0,False,-1,,6,False,0.0,25.0,0.0,-1.2608572494488337,False,0.38347191544650866,False,-1.2608572494488337,False,0.5062783192703245,True,0.13986120223999024,False
2025,B,1020,1780419600.0,True,83,config_error,6,False,0.0,32.0,0.0,4.490671728204298,True,0.4744023171233571,False,4.490671728204298,True,2.678009803232382e-08,False,8.0,True
2025,B,1021,1780419660.0,True,83,config_error,6,False,0.0,31.0,0.0,4.490681288578887,True,0.4937455007371514,False,4.490681288578887,True,4.744316472265964e-11,False,29.0,True
2025,B,1022,1780419720.0,True,83,config_error,6,False,0.0,28.0,0.0,4.490681288578611,True,0.486552807380206,False,4.490681288578611,True,9.759072273517497e-11,False,24.0,True
2025,B,1023,1780419780.0,True,83,config_error,6,False,0.0,29.0,0.0,4.490681286720994,True,0.4740914033102384,False,4.490681286720994,True,8.454153832275791e-10,False,15.0,True
2025,B,1024,1780419840.0,False,-1,,7,False,0.0,37.0,0.0,-0.9290564906818535,False,0.4147930435178208,False,-0.9290564906818535,False,0.6222322699989643,True,0.16030216217041016,False
2025,B,1025,1780419900.0,False,-1,,7,False,0.0,30.0,0.0,-1.1162280024322335,False,0.3895793639484089,False,-1.1162280024322335,False,0.5635068877933571,True,0.1686241865158081,False
2025,B,1026,1780419960.0,False,-1,,7,False,0.0,23.0,0.0,-1.4294465887170125,False,0.358679183790479,False,-1.4294465887170125,False,0.4783749513294757,False,0.14995179176330567,False
2025,B,1027,1780420020.0,False,-1,,7,False,1.0,29.0,0.0,-0.6141598583330081,False,0.5747667665830586,False,-0.6141598583330081,False,0.00012008505798441948,False,0.1659050941467285,False
2025,B,1028,1780420080.0,False,-1,,7,False,0.0,30.0,0.0,-1.5267322592260024,False,0.37478662599255735,False,-1.5267322592260024,False,0.5635068877933571,True,0.1565621852874756,False
2025,B,1029,1780420140.0,False,-1,,7,False,0.0,40.0,0.0,-0.7941018252806762,False,0.4347266064199432,False,-0.7941018252806762,False,0.6420666083902896,True,0.14654440879821776,False
2025,B,1030,1780420200.0,False,-1,,7,False,0.0,34.0,0.0,-0.25463692568131435,False,0.5777444082280443,False,-0.25463692568131435,False,0.0006087952874394074,False,1.0,False
2025,B,1031,1780420260.0,False,-1,,7,False,0.0,37.0,0.0,-0.34107420131243504,False,0.4455746893823509,False,-0.34107420131243504,False,0.6222322699989643,True,0.17649726867675786,False
2025,B,1032,1780420320.0,False,-1,,7,False,0.0,28.0,0.0,0.27432986261000725,False,0.4314524728788542,False,0.27432986261000725,False,0.5424988195659789,True,0.2503893375396729,False
2025,B,1033,1780420380.0,True,84,config_error,7,False,0.0,25.0,0.0,-1.110333108499809,False,0.39311371935918876,False,-1.110333108499809,False,0.5062783192703245,True,0.1423093795776367,False
2025,B,1034,1780420440.0,True,84,config_error,7,False,0.0,28.0,0.0,4.4906812885788625,True,0.538662325721822,False,4.4906812885788625,True,6.229021088234542e-11,False,26.0,True
2025,B,1035,1780420500.0,True,84,config_error,7,False,0.0,22.0,0.0,4.490681288522573,True,0.4972717368648835,False,4.490681288522573,True,2.2831959949041528e-10,False,18.0,True
2025,B,1036,1780420560.0,True,84,config_error,7,False,0.0,29.0,0.0,4.490681288578848,True,0.4985211015974695,False,4.490681288578848,True,7.115070438899507e-11,False,26.0,True
2025,B,1037,1780420620.0,False,-1,,7,False,0.0,32.0,0.0,-1.2998951614568464,False,0.39362191573236943,False,-1.2998951614568464,False,0.5824108545055228,True,0.14722526073455813,False
2025,B,1038,1780420680.0,False,-1,,7,False,0.0,35.0,0.0,-1.372124596813074,False,0.3953566727216455,False,-1.372124596813074,False,0.6074347942855897,True,0.1571578025817871,False
2025,B,1039,1780420740.0,False,-1,,7,False,0.0,29.0,0.0,-0.9007225196163677,False,0.3819216185307264,False,-0.9007225196163677,False,0.5532857800736111,True,0.17351980209350581,False
2025,B,1040,1780420800.0,False,-1,,7,False,0.0,29.0,0.0,-1.2317410061186793,False,0.3876985051168625,False,-1.2317410061186793,False,0.5532857800736111,True,0.1801426887512206,False
2025,B,1041,1780420860.0,False,-1,,7,False,0.0,26.0,0.0,-1.3393189139248491,False,0.3612808388925607,False,-1.3393189139248491,False,0.5190456887361276,True,0.15540599822998047,False
2025,B,1042,1780420920.0,False,-1,,7,False,0.0,39.0,0.0,-1.0600626093899912,False,0.44500102281467846,False,-1.0600626093899912,False,0.6357433507567806,True,0.16785097122192374,False
2025,B,1043,1780420980.0,False,-1,,7,False,0.0,38.0,0.0,-1.2284229794707615,False,0.4277640772823262,False,-1.2284229794707615,False,0.6291381747762922,True,0.15615687370300294,False
2025,B,1044,1780421040.0,False,-1,,7,False,0.0,35.0,0.0,-0.8849843826344674,False,0.4140822292944034,False,-0.8849843826344674,False,0.6074347942855897,True,0.13901939392089843,False
2025,B,1045,1780421100.0,False,-1,,7,False,0.0,31.0,0.0,-1.3214637880092894,False,0.3928809897784164,False,-1.3214637880092894,False,0.5732028251853444,True,0.17182517051696777,False
2025,B,1046,1780421160.0,False,-1,,7,False,0.0,34.0,0.0,-1.4180949813353596,False,0.4027624000482127,False,-1.4180949813353596,False,0.5994968631203155,True,0.17869935035705573,False
2025,B,1047,1780421220.0,False,-1,,7,False,0.0,36.0,0.0,-0.8880269298368164,False,0.43067046948263393,False,-0.8880269298368164,False,0.6150052106932189,True,0.1993812322616576,False
2025,B,1048,1780421280.0,True,85,dependency_timeout,7,False,4.0,30.0,0.0,4.490681288578891,True,0.6799317819219898,False,4.490681288578891,True,1.0,True,3999999999.9999995,True
2025,B,1049,1780421340.0,True,85,dependency_timeout,7,False,3.0,26.0,0.0,4.490681288578891,True,0.6784691101384501,False,4.490681288578891,True,1.0,True,1999999999.9999998,True
2025,B,1050,1780421400.0,True,85,dependency_timeout,7,False,5.0,27.0,0.0,4.490681288578891,True,0.6793712317266769,False,4.490681288578891,True,1.0,True,3000000000.0,True
2025,B,1051,1780421460.0,True,85,dependency_timeout,7,True,0.0,118.0,0.0,4.490681288578891,True,0.688357859538633,False,4.490681288578891,True,1.0,True,999999999.9999999,True
2025,B,1052,1780421520.0,False,-1,,7,True,0.0,307.0,0.0,0.3570065173706487,False,0.7035136120416667,True,0.3570065173706487,False,0.8946826918945672,True,0.18323569297790526,False
2025,B,1053,1780421580.0,False,-1,,7,True,0.0,194.0,0.0,3.581999252044207,True,0.7586410265445788,True,3.581999252044207,True,0.7849995272900906,True,2.0,True
2025,B,1054,1780421640.0,False,-1,,7,False,0.0,27.0,0.0,-1.4733262960762756,False,0.3621450671053756,False,-1.4733262960762756,False,0.5311016008972118,True,0.15921149253845213,False
2025,B,1055,1780421700.0,False,-1,,7,False,0.0,40.0,0.0,-0.5245134138488563,False,0.4623441805636094,False,-0.5245134138488563,False,0.6420666083902896,True,0.1342602014541626,False
2025,B,1056,1780421760.0,False,-1,,7,False,0.0,18.0,0.0,-1.222446780351543,False,0.37062697491134694,False,-1.222446780351543,False,0.391567299653465,False,0.15276668071746827,False
2025,B,1057,1780421820.0,False,-1,,7,False,0.0,25.0,0.0,-0.6908574852505787,False,0.5664939035650448,False,-0.6908574852505787,False,0.00032378431471717336,False,1.0,False
2025,B,1058,1780421880.0,False,-1,,7,False,0.0,43.0,0.0,-0.26646661169941854,False,0.46103569723530635,False,-0.26646661169941854,False,0.6595117195029815,True,0.16313414573669432,False
2025,B,1059,1780421940.0,False,-1,,7,False,0.0,40.0,0.0,-1.2887786354421538,False,0.4280499699522531,False,-1.2887786354421538,False,0.6420666083902896,True,0.16720952987670898,False
2025,B,1060,1780422000.0,False,-1,,7,False,0.0,27.0,0.0,-1.6154161089573655,False,0.37046232025974574,False,-1.6154161089573655,False,0.5311016008972118,True,0.15967254638671874,False
2025,B,1061,1780422060.0,False,-1,,7,False,0.0,24.0,0.0,-1.416432736069651,False,0.3649621509238902,False,-1.416432736069651,False,0.4927421303739932,False,0.14845070838928223,False
2025,B,1062,1780422120.0,False,-1,,7,False,0.0,31.0,0.0,-1.2472519202932384,False,0.3767680464057412,False,-1.2472519202932384,False,0.5732028251853444,True,0.15782713890075684,False
2025,B,1063,1780422180.0,True,86,resource_exhaustion,7,False,5.0,28.0,0.0,4.490681288578891,True,0.6900476281762431,False,4.490681288578891,True,1.0,True,6000000000.0,True
2025,B,1064,1780422240.0,True,86,resource_exhaustion,7,False,5.0,22.0,0.0,4.490681288578891,True,0.6940190835579013,True,4.490681288578891,True,1.0,True,5000000000.0,True
2025,B,1065,1780422300.0,True,86,resource_exhaustion,7,False,4.0,26.0,0.0,4.490681288578891,True,0.6925983901386159,False,4.490681288578891,True,1.0,True,3999999999.9999995,True
2025,B,1066,1780422360.0,True,86,resource_exhaustion,7,False,4.0,22.0,0.0,4.490681288578891,True,0.694765896759299,True,4.490681288578891,True,1.0,True,3999999999.9999995,True
2025,B,1067,1780422420.0,True,86,resource_exhaustion,7,False,0.0,27.0,0.0,4.490681288578841,True,0.5025400220907249,False,4.490681288578841,True,0.5311016008972118,True,0.262097406387329,False
2025,B,1068,1780422480.0,False,-1,,7,False,0.0,43.0,0.0,-0.7934291466730663,False,0.46303825715111707,False,-0.7934291466730663,False,0.6595117195029815,True,0.17736377716064447,False
2025,B,1069,1780422540.0,False,-1,,7,False,0.0,24.0,0.0,-1.3637168344158725,False,0.37709477788112644,False,-1.3637168344158725,False,0.4927421303739932,False,0.15695021152496336,False
2025,B,1070,1780422600.0,False,-1,,7,False,0.0,18.0,0.0,-1.6696368629083223,False,0.37250366409620683,False,-1.6696368629083223,False,0.391567299653465,False,0.16645104885101314,False
2025,B,1071,1780422660.0,False,-1,,7,False,0.0,30.0,0.0,-1.0152725755004264,False,0.3892889712067469,False,-1.0152725755004264,False,0.5635068877933571,True,0.16395277976989747,False
2025,B,1072,1780422720.0,False,-1,,7,False,0.0,24.0,0.0,-0.4326988755641912,False,0.3921954377181366,False,-0.4326988755641912,False,0.4927421303739932,False,0.12985062599182132,False
2025,B,1073,1780422780.0,False,-1,,7,False,0.0,29.0,0.0,-1.3294497627351705,False,0.375517658279969,False,-1.3294497627351705,False,0.5532857800736111,True,0.1501070022583008,False
2025,B,1074,1780422840.0,True,87,permission_denied,7,False,0.0,35.0,0.0,3.5722672525016925,True,0.48285621113906163,False,3.5722672525016925,True,4.145171637120063e-06,False,1.0,False
2025,B,1075,1780422900.0,True,87,permission_denied,7,False,1.0,28.0,0.0,4.490681286207785,True,0.6532096795208551,False,4.490681286207785,True,1.5235732177177036e-07,False,12.0,True
2025,B,1076,1780422960.0,True,87,permission_denied,7,False,0.0,17.0,0.0,4.489714945909938,True,0.5033467378057122,False,4.489714945909938,True,5.359895110616557e-07,False,5.0,True
2025,B,1077,1780423020.0,True,87,permission_denied,7,False,0.0,26.0,0.0,3.72181151207211,True,0.5770122924164034,False,3.72181151207211,True,5.2842610610465195e-06,False,3.0,True
2025,B,1078,1780423080.0,False,-1,,7,False,0.0,25.0,0.0,-1.028067925722321,False,0.36742096934648366,False,-1.028067925722321,False,0.5062783192703245,True,0.14887733459472657,False
2025,B,1079,1780423140.0,False,-1,,7,False,0.0,20.0,0.0,-1.7217580566633561,False,0.36930258771800517,False,-1.7217580566633561,False,0.42959277422704245,False,0.16691823005676265,False
2025,B,1080,1780423200.0,False,-1,,7,False,0.0,37.0,0.0,-1.36160725083589,False,0.4107299831506816,False,-1.36160725083589,False,0.6222322699989643,True,0.16669445037841796,False
2025,B,1081,1780423260.0,False,-1,,7,False,0.0,35.0,0.0,-1.420658615510451,False,0.3957382237870686,False,-1.420658615510451,False,0.6074347942855897,True,0.16751055717468252,False
2025,B,1082,1780423320.0,False,-1,,7,False,0.0,34.0,0.0,-1.0166450675067251,False,0.39561964323709914,False,-1.0166450675067251,False,0.5994968631203155,True,0.1735272884368897,False
2025,B,1083,1780423380.0,True,88,dependency_timeout,7,False,0.0,25.0,0.0,-1.439214430727401,False,0.37131654276475723,False,-1.439214430727401,False,0.525990144013878,True,15.079917311668396,True
2025,B,1084,1780423440.0,True,88,dependency_timeout,7,False,5.0,29.0,0.0,4.490681288578891,True,0.6828705870406401,False,4.490681288578891,True,1.0,True,3999999999.9999995,True
2025,B,1085,1780423500.0,True,88,dependency_timeout,7,False,1.0,31.0,0.0,4.490681288578891,True,0.6817299864215548,False,4.490681288578891,True,1.0,True,3000000000.0,True
2025,B,1086,1780423560.0,True,88,dependency_timeout,7,False,5.0,39.0,0.0,4.490681288578891,True,0.6920271773810601,False,4.490681288578891,True,1.0,True,5000000000.0,True
2025,B,1087,1780423620.0,True,88,dependency_timeout,7,False,3.0,33.0,0.0,4.490681288578891,True,0.6763432972751982,False,4.490681288578891,True,1.0,True,1999999999.9999998,True
2025,B,1088,1780423680.0,False,-1,,7,False,0.0,18.0,0.0,-0.7114817074842383,False,0.3922781560355271,False,-0.7114817074842383,False,0.391567299653465,False,0.13075578212738037,False
2025,B,1089,1780423740.0,False,-1,,7,False,0.0,27.0,0.0,-1.1357257707075163,False,0.3832233232897163,False,-1.1357257707075163,False,0.5311016008972118,True,0.19489288330078114,False
2025,B,1090,1780423800.0,False,-1,,7,False,0.0,27.0,0.0,-1.0583056042171863,False,0.3971645464988463,False,-1.0583056042171863,False,0.5311016008972118,True,0.1888868808746337,False
2025,B,1091,1780423860.0,False,-1,,7,False,0.0,34.0,0.0,-1.085049026190859,False,0.4002739706443073,False,-1.085049026190859,False,0.5994968631203155,True,0.14170660972595214,False
2025,B,1092,1780423920.0,False,-1,,7,False,0.0,39.0,0.0,-0.656280084391736,False,0.4263403698673785,False,-0.656280084391736,False,0.6357433507567806,True,0.1608952045440674,False
2025,B,1093,1780423980.0,False,-1,,7,False,0.0,30.0,0.0,-1.4911459607557846,False,0.3729375677214764,False,-1.4911459607557846,False,0.5635068877933571,True,0.1582626819610596,False
2025,B,1094,1780424040.0,False,-1,,7,False,0.0,33.0,0.0,-1.1955430249950947,False,0.41354542463494076,False,-1.1955430249950947,False,0.5911651082946788,True,0.18928537368774412,False
2025,B,1095,1780424100.0,False,-1,,7,False,0.0,31.0,0.0,-1.1475330300969704,False,0.39344291532491027,False,-1.1475330300969704,False,0.5732028251853444,True,0.1867096424102783,False
2025,B,1096,1780424160.0,True,89,permission_denied,7,False,0.0,29.0,0.0,3.4826866665958134,True,0.44162597697098765,False,3.4826866665958134,True,3.179459758809439e-06,False,1.0,False
2025,B,1097,1780424220.0,True,89,permission_denied,7,False,0.0,29.0,0.0,4.490681287930498,True,0.4767290424386578,False,4.490681287930498,True,5.444698693686959e-07,False,16.0,True
2025,B,1098,1780424280.0,True,89,permission_denied,7,False,0.0,31.0,0.0,4.4906812883330485,True,0.49557751841355147,False,4.4906812883330485,True,5.573173853397287e-07,False,17.0,True
2025,B,1099,1780424340.0,True,89,permission_denied,7,False,0.0,33.0,0.0,4.490681227624577,True,0.4725971691210937,False,4.490681227624577,True,6.423807917295582e-07,False,12.0,True
2025,B,1100,1780424400.0,False,-1,,7,False,0.0,34.0,0.0,-0.09483523168229979,False,0.5870378105362344,False,-0.09483523168229979,False,0.0006087952874394074,False,1.0,False
2025,B,1101,1780424460.0,False,-1,,7,False,0.0,37.0,0.0,-0.9751225712011902,False,0.44922294245324984,False,-0.9751225712011902,False,0.6222322699989643,True,0.17060546875,False
2025,B,1102,1780424520.0,False,-1,,7,False,0.0,27.0,0.0,-1.1165738047641076,False,0.41055244447380546,False,-1.1165738047641076,False,0.5311016008972118,True,0.18571939468383786,False
2025,B,1103,1780424580.0,False,-1,,7,False,0.0,29.0,0.0,-1.257033352128511,False,0.37507835123006095,False,-1.257033352128511,False,0.5532857800736111,True,0.16797056198120114,False
2025,B,1104,1780424640.0,False,-1,,7,False,0.0,27.0,0.0,-1.4918437976997438,False,0.372484175648526,False,-1.4918437976997438,False,0.5311016008972118,True,0.14816460609436033,False
2025,B,1105,1780424700.0,False,-1,,7,False,0.0,29.0,0.0,-1.2319628655129753,False,0.3810776043116922,False,-1.2319628655129753,False,0.5532857800736111,True,0.1406522750854492,False
2025,B,1106,1780424760.0,True,90,config_error,7,False,0.0,32.0,0.0,4.490460227567842,True,0.4668408499765511,False,4.490460227567842,True,1.8220335214794673e-07,False,6.0,True
2025,B,1107,1780424820.0,True,90,config_error,7,False,0.0,36.0,0.0,4.490681288578891,True,0.5200737258884339,False,4.490681288578891,True,4.6592082526087617e-11,False,32.0,True
2025,B,1108,1780424880.0,True,90,config_error,7,False,0.0,38.0,0.0,4.490681288578891,True,0.5018955734243862,False,4.490681288578891,True,4.035609136235567e-11,False,34.0,True
2025,B,1109,1780424940.0,True,90,config_error,7,False,0.0,32.0,0.0,4.49068128857889,True,0.5066824539590573,False,4.49068128857889,True,3.306796260880772e-11,False,31.0,True
2025,B,1110,1780425000.0,True,90,config_error,7,False,0.0,31.0,0.0,4.490681282833485,True,0.4841451510899305,False,4.490681282833485,True,1.2766463113290419e-09,False,14.0,True
2025,B,1111,1780425060.0,False,-1,,7,False,0.0,24.0,0.0,-1.5028134561532607,False,0.36604111892828894,False,-1.5028134561532607,False,0.4927421303739932,False,0.16540100574493408,False
2025,B,1112,1780425120.0,False,-1,,7,False,0.0,37.0,0.0,-1.2495518503733987,False,0.4127327286489845,False,-1.2495518503733987,False,0.6222322699989643,True,0.1704324722290039,False
2025,B,1113,1780425180.0,False,-1,,7,False,0.0,30.0,0.0,-1.1085858809489944,False,0.37866551928954795,False,-1.1085858809489944,False,0.5635068877933571,True,0.16937115192413332,False
2025,B,1114,1780425240.0,False,-1,,7,False,0.0,24.0,0.0,1.149263633548613,True,0.6229413955247255,False,1.149263633548613,True,0.0002968244215787012,False,1.0,False
2025,B,1115,1780425300.0,False,-1,,7,False,0.0,29.0,0.0,-1.3194154067106405,False,0.3728658898617587,False,-1.3194154067106405,False,0.5532857800736111,True,0.14371032714843748,False
2025,B,1116,1780425360.0,False,-1,,7,False,0.0,32.0,0.0,-1.4727335401779884,False,0.38125315604623755,False,-1.4727335401779884,False,0.5824108545055228,True,0.17421238422393803,False
2025,B,1117,1780425420.0,False,-1,,7,False,0.0,25.0,0.0,-1.1438029762906288,False,0.3640316331468498,False,-1.1438029762906288,False,0.5062783192703245,True,0.15740270614624016,False
2025,B,1118,1780425480.0,False,-1,,7,False,0.0,25.0,0.0,-1.4653243068108468,False,0.37189310704235085,False,-1.4653243068108468,False,0.5062783192703245,True,0.14546270370483394,False
2025,B,1119,1780425540.0,False,-1,,7,False,0.0,23.0,0.0,-1.3762938438891803,False,0.3652945451313487,False,-1.3762938438891803,False,0.4783749513294757,False,0.1738439083099365,False
2025,B,1120,1780425600.0,True,91,dependency_timeout,7,False,0.0,24.0,0.0,4.490681288578891,True,0.49824758201356495,False,4.490681288578891,True,1.0,True,1999999999.9999998,True
2025,B,1121,1780425660.0,True,91,dependency_timeout,7,False,5.0,32.0,0.0,4.490681288578891,True,0.6864408564655979,False,4.490681288578891,True,1.0,True,3999999999.9999995,True
2025,B,1122,1780425720.0,True,91,dependency_timeout,7,False,2.0,23.0,0.0,4.490681288578891,True,0.677211765874211,False,4.490681288578891,True,1.0,True,1999999999.9999998,True
2025,B,1123,1780425780.0,False,-1,,7,False,0.0,23.0,0.0,-0.8123419260495135,False,0.381635504231044,False,-0.8123419260495135,False,0.4783749513294757,False,0.14970622062683106,False
2025,B,1124,1780425840.0,False,-1,,7,False,0.0,24.0,0.0,-0.514487397592978,False,0.39501736312155505,False,-0.514487397592978,False,0.4927421303739932,False,0.16188347339630127,False
2025,B,1125,1780425900.0,False,-1,,7,False,0.0,31.0,0.0,-1.241985425219541,False,0.38240529744333296,False,-1.241985425219541,False,0.5732028251853444,True,0.15762376785278318,False
2025,B,1126,1780425960.0,False,-1,,7,False,1.0,27.0,0.0,0.6190623231246843,False,0.6018035185539037,False,0.6190623231246843,False,9.539560064054456e-05,False,0.20997490882873523,False
2025,B,1127,1780426020.0,False,-1,,7,False,0.0,31.0,0.0,-0.9637908411580387,False,0.3876262910948963,False,-0.9637908411580387,False,0.5732028251853444,True,0.1548154354095459,False
2025,B,1128,1780426080.0,False,-1,,7,False,0.0,26.0,0.0,0.803179758086193,False,0.4610297138753486,False,0.803179758086193,False,0.5190456887361276,True,0.24593591690063477,False
2025,B,1129,1780426140.0,False,-1,,7,False,0.0,31.0,0.0,-1.4774104549337865,False,0.37592572535655217,False,-1.4774104549337865,False,0.5732028251853444,True,0.16167140007019043,False
2025,B,1130,1780426200.0,True,92,config_error,7,False,0.0,29.0,0.0,4.4906812885787994,True,0.503957872329489,False,4.4906812885787994,True,8.73270143689998e-11,False,25.0,True
2025,B,1131,1780426260.0,True,92,config_error,7,False,0.0,27.0,0.0,4.490681288553266,True,0.48742162212130474,False,4.490681288553266,True,2.6378753717248644e-10,False,19.0,True
2025,B,1132,1780426320.0,True,92,config_error,7,False,0.0,28.0,0.0,4.490681288578181,True,0.4830825184739041,False,4.490681288578181,True,1.1975273550767146e-10,False,23.0,True
2025,B,1133,1780426380.0,True,92,config_error,7,False,0.0,26.0,0.0,4.490673489990079,True,0.501169482937098,False,4.490673489990079,True,2.006170994344445e-08,False,8.0,True
2025,B,1134,1780426440.0,False,-1,,7,False,0.0,21.0,0.0,-1.3317435523937116,False,0.37014230159486516,False,-1.3317435523937116,False,0.446874446272475,False,0.14272308349609375,False
2025,B,1135,1780426500.0,False,-1,,7,False,0.0,23.0,0.0,-0.8896194481593449,False,0.5640636690312854,False,-0.8896194481593449,False,0.00027088827244914105,False,1.0,False
2025,B,1136,1780426560.0,False,-1,,7,False,0.0,20.0,0.0,-0.7871576314465552,False,0.39390805626831116,False,-0.7871576314465552,False,0.42959277422704245,False,0.12456052303314208,False
2025,B,1137,1780426620.0,False,-1,,7,False,0.0,38.0,0.0,-1.1816278765975543,False,0.43702648173443304,False,-1.1816278765975543,False,0.6291381747762922,True,0.18355731964111338,False
2025,B,1138,1780426680.0,False,-1,,7,False,0.0,36.0,0.0,-1.1876078700164872,False,0.4084130253189961,False,-1.1876078700164872,False,0.6150052106932189,True,0.15599775314331052,False
2025,B,1139,1780426740.0,False,-1,,7,False,0.0,26.0,0.0,-1.4233808295872636,False,0.3698915255409548,False,-1.4233808295872636,False,0.5190456887361276,True,0.18137097358703613,False
2025,B,1140,1780426800.0,True,93,resource_exhaustion,7,False,0.0,34.0,0.0,4.4906812885787435,True,0.48310940678783265,False,4.4906812885787435,True,0.5994968631203155,True,0.18705689907073988,False
2025,B,1141,1780426860.0,True,93,resource_exhaustion,7,False,7.0,30.0,0.0,4.490681288578891,True,0.6934379439406072,True,4.490681288578891,True,1.0,True,6000000000.0,True
2025,B,1142,1780426920.0,True,93,resource_exhaustion,7,False,4.0,25.0,0.0,4.490681288578891,True,0.6937915543817126,True,4.490681288578891,True,1.0,True,5000000000.0,True
2025,B,1143,1780426980.0,True,93,resource_exhaustion,7,False,5.0,27.0,0.0,4.490681288578891,True,0.6917852213769327,False,4.490681288578891,True,1.0,True,5000000000.0,True
2025,B,1144,1780427040.0,True,93,resource_exhaustion,7,False,0.0,41.0,0.0,4.490681288578891,True,0.6643593016081936,False,4.490681288578891,True,0.0008768689079449612,False,1.0,False
2025,B,1145,1780427100.0,False,-1,,7,False,0.0,25.0,0.0,-1.5236173221987848,False,0.3664580563559624,False,-1.5236173221987848,False,0.5062783192703245,True,0.14760961532592767,False
2025,B,1146,1780427160.0,False,-1,,7,False,0.0,21.0,0.0,-1.011335909667939,False,0.3790931028836293,False,-1.011335909667939,False,0.446874446272475,False,0.13428306579589844,False
2025,B,1147,1780427220.0,False,-1,,7,False,1.0,23.0,0.0,0.47034661247825227,False,0.5910857792840875,False,0.47034661247825227,False,5.543944018203937e-05,False,0.21018462181091319,False
2025,B,1148,1780427280.0,False,-1,,7,False,0.0,23.0,0.0,-1.6177924582734358,False,0.3605501688172906,False,-1.6177924582734358,False,0.4783749513294757,False,0.16445207595825198,False
2025,B,1149,1780427340.0,False,-1,,7,False,0.0,24.0,0.0,-1.478743032207948,False,0.3718269532274282,False,-1.478743032207948,False,0.4927421303739932,False,0.17994768619537355,False
2025,B,1150,1780427400.0,False,-1,,7,False,0.0,30.0,0.0,-1.0317900559222402,False,0.3805323734196918,False,-1.0317900559222402,False,0.5635068877933571,True,0.1708827257156372,False
2025,B,1151,1780427460.0,False,-1,,7,False,0.0,21.0,0.0,0.039020884361277375,False,0.4225079547057596,False,0.039020884361277375,False,0.446874446272475,False,0.11352109909057617,False
2025,B,1152,1780427520.0,False,-1,,7,False,0.0,30.0,0.0,-1.1970246086608753,False,0.37893519351413296,False,-1.1970246086608753,False,0.5635068877933571,True,0.1719640970230103,False
2025,B,1153,1780427580.0,True,94,permission_denied,7,False,0.0,23.0,0.0,4.490680456216931,True,0.448056750293618,False,4.490680456216931,True,5.400545566856454e-07,False,10.0,True
2025,B,1154,1780427640.0,True,94,permission_denied,7,False,0.0,31.0,0.0,4.490649757170636,True,0.578098072095669,False,4.490649757170636,True,8.53350593180994e-06,False,11.0,True
2025,B,1155,1780427700.0,True,94,permission_denied,7,False,0.0,31.0,0.0,4.490681282763313,True,0.4767996368896458,False,4.490681282763313,True,5.911912251489231e-07,False,14.0,True
2025,B,1156,1780427760.0,True,94,permission_denied,7,False,0.0,24.0,0.0,4.490681132956023,True,0.5089558481526758,False,4.490681132956023,True,5.400512039501522e-07,False,11.0,True
2025,B,1157,1780427820.0,True,94,permission_denied,7,False,0.0,25.0,0.0,-1.3453644101868418,False,0.3798673198278362,False,-1.3453644101868418,False,0.5062783192703245,True,0.16118183135986328,False
2025,B,1158,1780427880.0,False,-1,,7,False,0.0,31.0,0.0,-1.2383860783731135,False,0.4079482775307946,False,-1.2383860783731135,False,0.5732028251853444,True,0.15572547912597656,False
2025,B,1159,1780427940.0,False,-1,,7,False,0.0,25.0,0.0,0.21055075822440195,False,0.5915167834775277,False,0.21055075822440195,False,0.00032378431471717336,False,1.0,False
2025,B,1160,1780428000.0,False,-1,,7,False,0.0,23.0,0.0,-1.2817627187803469,False,0.3819406077319833,False,-1.2817627187803469,False,0.4783749513294757,False,0.18883409500122073,False
2025,B,1161,1780428060.0,False,-1,,7,False,0.0,29.0,0.0,-0.7664952384772477,False,0.4279131518780017,False,-0.7664952384772477,False,0.5532857800736111,True,0.1829347610473632,False
2025,B,1162,1780428120.0,False,-1,,7,False,0.0,17.0,0.0,-1.305859443254965,False,0.39126418671423147,False,-1.305859443254965,False,0.370658671338492,False,0.1388861656188965,False
2025,B,1163,1780428180.0,False,-1,,7,False,0.0,28.0,0.0,-1.2813835886966771,False,0.36873334044084954,False,-1.2813835886966771,False,0.5424988195659789,True,0.16264188289642334,False
2025,B,1164,1780428240.0,False,-1,,7,False,0.0,22.0,0.0,-1.1237871960726613,False,0.3905522065509471,False,-1.1237871960726613,False,0.46310969853896505,False,0.17925267219543453,False
2025,B,1165,1780428300.0,False,-1,,7,False,0.0,24.0,0.0,-1.0400970589194563,False,0.5583524332343418,False,-1.0400970589194563,False,0.0002968244215787012,False,1.0,False
2025,B,1166,1780428360.0,True,95,resource_exhaustion,7,False,2.0,17.0,0.0,4.490681288578891,True,0.6988841093432299,True,4.490681288578891,True,1.0,True,1999999999.9999998,True
2025,B,1167,1780428420.0,True,95,resource_exhaustion,7,False,6.0,26.0,0.0,4.490681288578891,True,0.6918146830006255,False,4.490681288578891,True,1.0,True,5000000000.0,True
2025,B,1168,1780428480.0,True,95,resource_exhaustion,7,False,3.0,31.0,0.0,4.490681288578891,True,0.6940947431207526,True,4.490681288578891,True,1.0,True,3000000000.0,True
2025,B,1169,1780428540.0,False,-1,,8,False,0.0,26.0,0.0,-0.7520390552283427,False,0.5669398049836518,False,-0.7520390552283427,False,0.0003517444744201395,False,1.0,False
2025,B,1170,1780428600.0,False,-1,,8,False,0.0,33.0,0.0,-0.861349639317722,False,0.4149966032670278,False,-0.861349639317722,False,0.5911651082946788,True,0.20523977279663086,False
2025,B,1171,1780428660.0,False,-1,,8,False,0.0,17.0,0.0,-1.5119375727814637,False,0.3684641112848412,False,-1.5119375727814637,False,0.370658671338492,False,0.1497641563415527,False
2025,B,1172,1780428720.0,False,-1,,8,False,0.0,26.0,0.0,-0.9424056403962116,False,0.4088786055234566,False,-0.9424056403962116,False,0.5190456887361276,True,0.15769958496093753,False
2025,B,1173,1780428780.0,False,-1,,8,False,0.0,26.0,0.0,-1.6173898136314557,False,0.36082460555444934,False,-1.6173898136314557,False,0.5190456887361276,True,0.15968799591064453,False
2025,B,1174,1780428840.0,False,-1,,8,False,0.0,27.0,0.0,-1.4069561954297338,False,0.38122275260236693,False,-1.4069561954297338,False,0.5311016008972118,True,0.15641021728515622,False
2025,B,1175,1780428900.0,False,-1,,8,False,0.0,32.0,0.0,-1.0218780617856424,False,0.3993389940110117,False,-1.0218780617856424,False,0.5824108545055228,True,0.136663556098938,False
2025,B,1176,1780428960.0,False,-1,,8,False,0.0,31.0,0.0,-1.3494529160376558,False,0.3844241393551526,False,-1.3494529160376558,False,0.5732028251853444,True,0.16162800788879392,False
2025,B,1177,1780429020.0,False,-1,,8,False,0.0,25.0,0.0,-1.3561200329514307,False,0.3668311314809682,False,-1.3561200329514307,False,0.5062783192703245,True,0.1425384521484375,False
2025,B,1178,1780429080.0,False,-1,,8,False,0.0,25.0,0.0,-1.4600351236410045,False,0.36869807043253433,False,-1.4600351236410045,False,0.5062783192703245,True,0.16988010406494133,False
2025,B,1179,1780429140.0,True,96,dependency_timeout,8,False,0.0,17.0,0.0,-1.0793586556408146,False,0.41649720470807466,False,-1.0793586556408146,False,0.370658671338492,False,0.2027727127075195,False
2025,B,1180,1780429200.0,True,96,dependency_timeout,8,False,3.0,29.0,0.0,4.490681288578891,True,0.6827836571158209,False,4.490681288578891,True,1.0,True,1999999999.9999998,True
2025,B,1181,1780429260.0,True,96,dependency_timeout,8,False,1.0,21.0,0.0,4.490681288578891,True,0.6773898397294253,False,4.490681288578891,True,1.0,True,1999999999.9999998,True
2025,B,1182,1780429320.0,True,96,dependency_timeout,8,False,1.0,23.0,0.0,4.490681288578891,True,0.6480158034205178,False,4.490681288578891,True,1.0,True,999999999.9999999,True
2025,B,1183,1780429380.0,False,-1,,8,False,1.0,34.0,0.0,-0.0035524295699458364,False,0.5848256788297709,False,-0.0035524295699458364,False,0.00019570711949851876,False,0.14606134891510011,False
2025,B,1184,1780429440.0,False,-1,,8,False,0.0,24.0,0.0,-1.6369967688692428,False,0.36507371637539904,False,-1.6369967688692428,False,0.4927421303739932,False,0.16835856437683105,False
2025,B,1185,1780429500.0,False,-1,,8,False,0.0,24.0,0.0,-0.25885203068184914,False,0.39025709490979016,False,-0.25885203068184914,False,0.4927421303739932,False,0.15675449371337888,False
2025,B,1186,1780429560.0,False,-1,,8,False,0.0,18.0,0.0,-1.5474170630586785,False,0.37187005291105785,False,-1.5474170630586785,False,0.391567299653465,False,0.154931640625,False
2025,B,1187,1780429620.0,False,-1,,8,False,0.0,24.0,0.0,-0.7540213834942673,False,0.3785249473630876,False,-0.7540213834942673,False,0.4927421303739932,False,0.14182348251342775,False
2025,B,1188,1780429680.0,True,97,resource_exhaustion,8,False,2.0,25.0,0.0,4.490681288578891,True,0.6875961241968844,False,4.490681288578891,True,1.0,True,3000000000.0,True
2025,B,1189,1780429740.0,True,97,resource_exhaustion,8,False,4.0,34.0,0.0,4.490681288578891,True,0.6952781540990439,True,4.490681288578891,True,1.0,True,3999999999.9999995,True
2025,B,1190,1780429800.0,True,97,resource_exhaustion,8,False,3.0,23.0,0.0,4.490681288578891,True,0.6921611994218264,False,4.490681288578891,True,1.0,True,3000000000.0,True
2025,B,1191,1780429860.0,False,-1,,8,False,0.0,26.0,0.0,-0.8591600381239193,False,0.39840311093172825,False,-0.8591600381239193,False,0.5190456887361276,True,0.13373196125030518,False
2025,B,1192,1780429920.0,False,-1,,8,False,0.0,21.0,0.0,-1.191613366888154,False,0.3820117613105595,False,-1.191613366888154,False,0.446874446272475,False,0.1661186218261719,False
2025,B,1193,1780429980.0,False,-1,,8,True,1.0,200.0,0.0,0.9747723188142565,False,0.7288552083486245,True,0.9747723188142565,False,0.009303598286126287,False,0.17254889011383048,False
2025,B,1194,1780430040.0,False,-1,,8,True,0.0,240.0,0.0,0.05146552082367872,False,0.6879845673774402,False,0.05146552082367872,False,0.8809597851261264,True,0.16377322673797606,False
2025,B,1195,1780430100.0,False,-1,,8,True,0.0,68.0,0.0,-0.19069661115314318,False,0.5526203952713569,False,-0.19069661115314318,False,0.7503707226528508,True,0.1867375135421753,False
2025,B,1196,1780430160.0,False,-1,,8,False,0.0,21.0,0.0,-1.484806711949366,False,0.3732545343687893,False,-1.484806711949366,False,0.446874446272475,False,0.17752790451049807,False
2025,B,1197,1780430220.0,True,98,permission_denied,8,False,0.0,31.0,0.0,4.490650410461555,True,0.5247710378920875,False,4.490650410461555,True,7.323360323917196e-07,False,7.0,True
2025,B,1198,1780430280.0,True,98,permission_denied,8,False,0.0,17.0,0.0,4.490635022740095,True,0.45631144172191823,False,4.490635022740095,True,4.859880439281777e-07,False,7.0,True
2025,B,1199,1780430340.0,True,98,permission_denied,8,False,0.0,22.0,0.0,4.490627748591053,True,0.44968622661383845,False,4.490627748591053,True,5.822202098361674e-07,False,7.0,True
2025,B,1200,1780430400.0,True,98,permission_denied,8,False,0.0,23.0,0.0,4.325623392780836,True,0.4918233311879215,False,4.325623392780836,True,1.0655573908998791e-06,False,2.0,True
2025,B,1201,1780430460.0,False,-1,,8,False,0.0,31.0,0.0,-1.1053239675255595,False,0.39567635093550385,False,-1.1053239675255595,False,0.5732028251853444,True,0.14655900001525876,False
2025,B,1202,1780430520.0,False,-1,,8,False,0.0,18.0,0.0,-0.7831134332407848,False,0.4057939328017548,False,-0.7831134332407848,False,0.391567299653465,False,0.14637537002563475,False
2025,B,1203,1780430580.0,False,-1,,8,False,0.0,22.0,0.0,-1.265342132078497,False,0.3756904332370159,False,-1.265342132078497,False,0.46310969853896505,False,0.17841520309448242,False
2025,B,1204,1780430640.0,False,-1,,8,False,0.0,23.0,0.0,-0.9850567478512007,False,0.3662996711721212,False,-0.9850567478512007,False,0.4783749513294757,False,0.1513275146484375,False
2025,B,1205,1780430700.0,False,-1,,8,False,0.0,13.0,0.0,-1.0836892620651515,False,0.403906493698638,False,-1.0836892620651515,False,0.2727417982240277,False,0.15667600631713868,False
2025,B,1206,1780430760.0,False,-1,,8,False,0.0,17.0,0.0,-1.3907674035697148,False,0.3704399894727133,False,-1.3907674035697148,False,0.370658671338492,False,0.16070499420166015,False
2025,B,1207,1780430820.0,False,-1,,8,False,0.0,23.0,0.0,-1.2196306295855166,False,0.3830105845561397,False,-1.2196306295855166,False,0.4783749513294757,False,0.13782815933227538,False
2025,B,1208,1780430880.0,False,-1,,8,False,0.0,24.0,0.0,-0.8988087832805158,False,0.5645396963667471,False,-0.8988087832805158,False,0.0002968244215787012,False,1.0,False
2025,B,1209,1780430940.0,False,-1,,8,False,0.0,30.0,0.0,-1.1837780222128673,False,0.38621300543345216,False,-1.1837780222128673,False,0.5635068877933571,True,0.13986811637878419,False
2025,B,1210,1780431000.0,False,-1,,8,False,0.0,36.0,0.0,0.812858817605179,False,0.5980305447514026,False,0.812858817605179,False,0.0006815813483997579,False,1.0,False
2025,B,1211,1780431060.0,False,-1,,8,False,0.0,19.0,0.0,-1.405230992577109,False,0.3842413883806297,False,-1.405230992577109,False,0.41118454089992934,False,0.14491491317749022,False
2025,B,1212,1780431120.0,True,99,resource_exhaustion,8,False,4.0,29.0,0.0,4.490681288578891,True,0.6929801171667712,True,4.490681288578891,True,1.0,True,5000000000.0,True
2025,B,1213,1780431180.0,True,99,resource_exhaustion,8,False,5.0,31.0,0.0,4.490681288578891,True,0.6931759877852487,True,4.490681288578891,True,1.0,True,5000000000.0,True
2025,B,1214,1780431240.0,True,99,resource_exhaustion,8,False,6.0,28.0,0.0,4.490681288578891,True,0.6920192871730053,False,4.490681288578891,True,1.0,True,5000000000.0,True
2025,B,1215,1780431300.0,False,-1,,8,False,0.0,25.0,0.0,-0.9207401217011943,False,0.36713781686490754,False,-0.9207401217011943,False,0.5062783192703245,True,0.14472150802612302,False
2025,B,1216,1780431360.0,False,-1,,8,False,0.0,23.0,0.0,-0.36600515586261206,False,0.43165438878179496,False,-0.36600515586261206,False,0.4783749513294757,False,0.18033576011657718,False
2025,B,1217,1780431420.0,False,-1,,8,False,0.0,29.0,0.0,-1.5250512641521787,False,0.36911799935760986,False,-1.5250512641521787,False,0.5532857800736111,True,0.16519241333007811,False
2025,B,1218,1780431480.0,False,-1,,8,False,0.0,23.0,0.0,-1.55242937704634,False,0.3664654822157645,False,-1.55242937704634,False,0.4783749513294757,False,0.17358913421630862,False
2025,B,1219,1780431540.0,False,-1,,8,False,0.0,32.0,0.0,-0.4281674802950901,False,0.5606690673636723,False,-0.4281674802950901,False,0.0005392635080246558,False,1.0,False
2025,B,1220,1780431600.0,False,-1,,8,False,1.0,29.0,0.0,-0.4860558868397655,False,0.5814486641126592,False,-0.4860558868397655,False,0.00012008505798441948,False,0.15997858047485353,False
2025,B,1221,1780431660.0,False,-1,,8,False,0.0,12.0,0.0,-1.3392353240657613,False,0.3842800080051958,False,-1.3392353240657613,False,0.24455063116099418,False,0.14752588272094727,False
2025,B,1222,1780431720.0,False,-1,,8,False,0.0,21.0,0.0,-1.0590986638580162,False,0.3729016338590636,False,-1.0590986638580162,False,0.446874446272475,False,0.14775848388671875,False
2025,B,1223,1780431780.0,True,100,permission_denied,8,False,0.0,17.0,0.0,3.512426472803637,True,0.45771891988983227,False,3.512426472803637,True,1.4721648594022322e-06,False,1.0,False
2025,B,1224,1780431840.0,True,100,permission_denied,8,False,0.0,21.0,0.0,4.490678904705246,True,0.4610532912463085,False,4.490678904705246,True,5.240331118337892e-07,False,9.0,True
2025,B,1225,1780431900.0,True,100,permission_denied,8,False,0.0,19.0,0.0,4.49068077360375,True,0.4878098841569402,False,4.49068077360375,True,4.740006072125493e-07,False,10.0,True
2025,B,1226,1780431960.0,True,100,permission_denied,8,False,0.0,18.0,0.0,4.450066788223961,True,0.46284180172898687,False,4.450066788223961,True,6.743149688604571e-07,False,3.0,True
2025,B,1227,1780432020.0,False,-1,,8,False,0.0,23.0,0.0,-0.8735954969671198,False,0.41500448734341266,False,-0.8735954969671198,False,0.4783749513294757,False,0.1982238292694092,False
2025,B,1228,1780432080.0,False,-1,,8,False,0.0,17.0,0.0,-0.790760224503857,False,0.38640661788658526,False,-0.790760224503857,False,0.370658671338492,False,0.1259934425354004,False
2025,B,1229,1780432140.0,False,-1,,8,False,0.0,32.0,0.0,-1.2156078876109104,False,0.41038650903821033,False,-1.2156078876109104,False,0.5824108545055228,True,0.1563085794448853,False
2025,B,1230,1780432200.0,False,-1,,8,False,0.0,19.0,0.0,-1.4687340077684317,False,0.36838589783151177,False,-1.4687340077684317,False,0.41118454089992934,False,0.16354894638061523,False
2025,B,1231,1780432260.0,False,-1,,8,False,0.0,24.0,0.0,-0.7968351367127919,False,0.3938726248420981,False,-0.7968351367127919,False,0.4927421303739932,False,0.12571792602539061,False
2025,B,1232,1780432320.0,False,-1,,8,False,0.0,30.0,0.0,-1.2271706509724218,False,0.38368397745179417,False,-1.2271706509724218,False,0.5635068877933571,True,0.1608028888702393,False
2025,B,1233,1780432380.0,False,-1,,8,False,0.0,17.0,0.0,-1.520875492671843,False,0.3688430539955831,False,-1.520875492671843,False,0.370658671338492,False,0.15347423553466796,False
2025,B,1234,1780432440.0,True,101,config_error,8,False,0.0,11.0,0.0,4.486521762380693,True,0.4874394637874804,False,4.486521762380693,True,9.258130770857754e-07,False,4.0,True
2025,B,1235,1780432500.0,True,101,config_error,8,False,0.0,19.0,0.0,4.490681288466292,True,0.5210181158291898,False,4.490681288466292,True,2.078980475934593e-10,False,17.0,True
2025,B,1236,1780432560.0,True,101,config_error,8,False,0.0,25.0,0.0,4.490681288578737,True,0.503644450954275,False,4.490681288578737,True,6.170815261738152e-11,False,24.0,True
2025,B,1237,1780432620.0,True,101,config_error,8,False,0.0,22.0,0.0,4.490681235610491,True,0.4836932216677138,False,4.490681235610491,True,1.6628254019899558e-09,False,12.0,True
2025,B,1238,1780432680.0,False,-1,,8,False,0.0,24.0,0.0,-1.3275304865267268,False,0.36705156383710963,False,-1.3275304865267268,False,0.4927421303739932,False,0.1681518077850342,False
2025,B,1239,1780432740.0,False,-1,,8,False,0.0,23.0,0.0,-1.2739024195435045,False,0.3717950710502147,False,-1.2739024195435045,False,0.4783749513294757,False,0.13690500259399413,False
2025,B,1240,1780432800.0,False,-1,,8,False,0.0,25.0,0.0,-1.4295085437734478,False,0.3583584240493712,False,-1.4295085437734478,False,0.5062783192703245,True,0.1530155181884765,False
2025,B,1241,1780432860.0,False,-1,,8,False,0.0,24.0,0.0,-0.8524284380172773,False,0.4000216024521657,False,-0.8524284380172773,False,0.4927421303739932,False,0.20979986190795896,False
2025,B,1242,1780432920.0,False,-1,,8,False,0.0,19.0,0.0,-1.0503367298572206,False,0.3744167269914965,False,-1.0503367298572206,False,0.41118454089992934,False,0.14685730934143065,False
2025,B,1243,1780432980.0,False,-1,,8,False,1.0,29.0,0.0,-0.7619470603957792,False,0.5671751744017989,False,-0.7619470603957792,False,0.00012008505798441948,False,0.15955123901367185,False
2025,B,1244,1780433040.0,False,-1,,8,False,0.0,25.0,0.0,-1.4158150873755675,False,0.35879181175239916,False,-1.4158150873755675,False,0.5062783192703245,True,0.15355415344238282,False
2025,B,1245,1780433100.0,True,102,permission_denied,8,False,0.0,20.0,0.0,3.48314252006885,True,0.45095489160235064,False,3.48314252006885,True,1.865691187375291e-06,False,1.0,False
2025,B,1246,1780433160.0,True,102,permission_denied,8,False,0.0,24.0,0.0,4.490681117161972,True,0.5026894585765784,False,4.490681117161972,True,5.400512039501522e-07,False,11.0,True
2025,B,1247,1780433220.0,True,102,permission_denied,8,False,0.0,20.0,0.0,4.490679303619819,True,0.49092716618402965,False,4.490679303619819,True,5.068879228022767e-07,False,9.0,True
2025,B,1248,1780433280.0,True,102,permission_denied,8,False,0.0,23.0,0.0,4.4906804595319025,True,0.46107144619001955,False,4.4906804595319025,True,5.400545566856454e-07,False,10.0,True
2025,B,1249,1780433340.0,False,-1,,8,False,0.0,27.0,0.0,-1.0482409543164435,False,0.39916878894711105,False,-1.0482409543164435,False,0.5311016008972118,True,0.1944204807281494,False
2025,B,1250,1780433400.0,False,-1,,8,False,0.0,23.0,0.0,-1.4751132579224135,False,0.358084181002279,False,-1.4751132579224135,False,0.4783749513294757,False,0.15297484397888186,False
2025,B,1251,1780433460.0,False,-1,,8,False,0.0,20.0,0.0,-1.3733499109705614,False,0.3691047923077578,False,-1.3733499109705614,False,0.42959277422704245,False,0.16728258132934568,False
2025,B,1252,1780433520.0,False,-1,,8,False,0.0,26.0,0.0,-1.3222023223641877,False,0.38204083833424457,False,-1.3222023223641877,False,0.5190456887361276,True,0.14418303966522217,False
2025,B,1253,1780433580.0,False,-1,,8,False,0.0,29.0,0.0,-1.2309455203916926,False,0.3748019233376769,False,-1.2309455203916926,False,0.5532857800736111,True,0.1578015327453613,False
2025,B,1254,1780433640.0,False,-1,,8,False,0.0,23.0,0.0,-0.24945217879625936,False,0.38888627856475083,False,-0.24945217879625936,False,0.4783749513294757,False,0.13115549087524414,False
2025,B,1255,1780433700.0,False,-1,,8,False,0.0,11.0,0.0,-0.7529893707592663,False,0.4111559948563261,False,-0.7529893707592663,False,0.21499157607060515,False,0.11241459846496582,False
2025,B,1256,1780433760.0,False,-1,,8,False,0.0,25.0,0.0,-1.226115359803778,False,0.3799916043040295,False,-1.226115359803778,False,0.5062783192703245,True,0.19418563842773426,False
2025,B,1257,1780433820.0,False,-1,,8,False,0.0,22.0,0.0,-1.474557214418918,False,0.3743913523039797,False,-1.474557214418918,False,0.46310969853896505,False,0.15941755771636962,False
2025,B,1258,1780433880.0,False,-1,,8,False,0.0,26.0,0.0,-1.119382281095703,False,0.4064058538201808,False,-1.119382281095703,False,0.5190456887361276,True,0.16714632511138916,False
2025,B,1259,1780433940.0,False,-1,,8,False,0.0,23.0,0.0,-0.5599204552578092,False,0.383921912763345,False,-0.5599204552578092,False,0.4783749513294757,False,0.16058974266052245,False
2025,B,1260,1780434000.0,True,103,config_error,8,False,0.0,25.0,0.0,4.490681287905912,True,0.4617624882095038,False,4.490681287905912,True,5.05087177620664e-10,False,16.0,True
2025,B,1261,1780434060.0,True,103,config_error,8,False,0.0,25.0,0.0,4.490681288578855,True,0.4890984100168677,False,4.490681288578855,True,4.1210541815504055e-11,False,25.0,True
2025,B,1262,1780434120.0,True,103,config_error,8,False,0.0,17.0,0.0,4.490681288339535,True,0.5280757423302546,False,4.490681288339535,True,1.96246479165002e-10,False,16.0,True
2025,B,1263,1780434180.0,True,103,config_error,8,False,0.0,26.0,0.0,4.4895014781627625,True,0.46294061615497506,False,4.4895014781627625,True,5.398652085143898e-07,False,5.0,True
2025,B,1264,1780434240.0,False,-1,,8,False,0.0,23.0,0.0,-1.494879641433176,False,0.3683097060298303,False,-1.494879641433176,False,0.4783749513294757,False,0.1450812339782715,False
2025,B,1265,1780434300.0,False,-1,,8,False,0.0,15.0,0.0,-0.4069678973207793,False,0.43229951314886356,False,-0.4069678973207793,False,0.32466280815287585,False,0.19340810775756834,False
2025,B,1266,1780434360.0,False,-1,,8,False,0.0,22.0,0.0,-1.4978528228027503,False,0.36371101744238976,False,-1.4978528228027503,False,0.46310969853896505,False,0.16008617877960202,False
2025,B,1267,1780434420.0,False,-1,,8,False,0.0,21.0,0.0,-0.9513641373372677,False,0.4013971422844525,False,-0.9513641373372677,False,0.446874446272475,False,0.148676872253418,False
2025,B,1268,1780434480.0,False,-1,,8,False,0.0,21.0,0.0,-1.1192605457645097,False,0.3759206442499676,False,-1.1192605457645097,False,0.446874446272475,False,0.1418256759643555,False
2025,B,1269,1780434540.0,False,-1,,8,False,0.0,22.0,0.0,-1.2717970734107302,False,0.38960538796294675,False,-1.2717970734107302,False,0.46310969853896505,False,0.15199575424194336,False
2025,B,1270,1780434600.0,False,-1,,8,False,0.0,23.0,0.0,-0.838991748588616,False,0.37660039748826507,False,-0.838991748588616,False,0.4783749513294757,False,0.13214826583862305,False
2025,B,1271,1780434660.0,False,-1,,8,False,1.0,19.0,0.0,0.13532739643120006,False,0.5992027723425654,False,0.13532739643120006,False,2.756789558352042e-05,False,0.14237704277038574,False
2025,B,1272,1780434720.0,True,104,config_error,8,False,0.0,16.0,0.0,4.490681277750334,True,0.498116113145269,False,4.490681277750334,True,6.150117672402081e-10,False,13.0,True
2025,B,1273,1780434780.0,True,104,config_error,8,False,0.0,27.0,0.0,4.4906812885786165,True,0.49766088004403247,False,4.4906812885786165,True,8.999424802807552e-11,False,25.0,True
2025,B,1274,1780434840.0,True,104,config_error,8,False,0.0,17.0,0.0,4.490681275308817,True,0.47807784123667046,False,4.490681275308817,True,6.755721831179624e-10,False,12.0,True
2025,B,1275,1780434900.0,True,104,config_error,8,False,0.0,23.0,0.0,4.490681267365506,True,0.4600326040795884,False,4.490681267365506,True,1.1916618885659744e-09,False,13.0,True
2025,B,1276,1780434960.0,False,-1,,8,False,0.0,20.0,0.0,-0.8280930788966057,False,0.4090070377964591,False,-0.8280930788966057,False,0.42959277422704245,False,0.15865776538848875,False
2025,B,1277,1780435020.0,False,-1,,8,False,0.0,20.0,0.0,-1.5605624814581311,False,0.38171754114125417,False,-1.5605624814581311,False,0.42959277422704245,False,0.17181000709533692,False
2025,B,1278,1780435080.0,False,-1,,8,False,0.0,18.0,0.0,-0.2939281231676265,False,0.4204637871644977,False,-0.2939281231676265,False,0.391567299653465,False,0.1294746160507202,False
2025,B,1279,1780435140.0,False,-1,,8,False,0.0,14.0,0.0,-0.4064025324554148,False,0.4045393827113021,False,-0.4064025324554148,False,0.29945633811066746,False,0.11047632694244384,False
2025,B,1280,1780435200.0,False,-1,,8,False,0.0,22.0,0.0,-1.5630532672067465,False,0.36277824438305006,False,-1.5630532672067465,False,0.46310969853896505,False,0.15859980583190914,False
2025,B,1281,1780435260.0,False,-1,,8,False,0.0,16.0,0.0,-1.2800224629920054,False,0.39246573985006544,False,-1.2800224629920054,False,0.3483801247404773,False,0.13542568683624268,False
2025,B,1282,1780435320.0,True,105,resource_exhaustion,8,False,0.0,18.0,0.0,4.49068128857874,True,0.44705858842448754,False,4.49068128857874,True,0.391567299653465,False,0.1487166166305542,False
2025,B,1283,1780435380.0,True,105,resource_exhaustion,8,False,1.0,23.0,0.0,4.490681288578891,True,0.6835535138439833,False,4.490681288578891,True,1.0,True,1999999999.9999998,True
2025,B,1284,1780435440.0,True,105,resource_exhaustion,8,False,2.0,18.0,0.0,4.490681288578891,True,0.6971960845477283,True,4.490681288578891,True,1.0,True,1999999999.9999998,True
2025,B,1285,1780435500.0,True,105,resource_exhaustion,8,False,0.0,9.0,0.0,4.490681288578891,True,0.5543616814515222,False,4.490681288578891,True,0.15282910832620436,False,0.26272058486938477,False
2025,B,1286,1780435560.0,True,105,resource_exhaustion,8,False,1.0,26.0,0.0,4.490681288578891,True,0.6547319581316107,False,4.490681288578891,True,1.0,True,999999999.9999999,True
2025,B,1287,1780435620.0,False,-1,,8,False,0.0,16.0,0.0,-1.1901520272441184,False,0.3894434077032371,False,-1.1901520272441184,False,0.3483801247404773,False,0.17758798599243164,False
2025,B,1288,1780435680.0,False,-1,,8,False,0.0,20.0,0.0,-1.5111495408209645,False,0.3730361306571942,False,-1.5111495408209645,False,0.42959277422704245,False,0.14643747806549068,False
2025,B,1289,1780435740.0,False,-1,,8,False,0.0,20.0,0.0,-1.064036704961425,False,0.40100477640245025,False,-1.064036704961425,False,0.42959277422704245,False,0.14752366542816162,False
2025,B,1290,1780435800.0,False,-1,,8,False,0.0,11.0,0.0,-0.2216588639556436,False,0.4472049436880142,False,-0.2216588639556436,False,0.21499157607060515,False,0.12014245986938477,False
2025,B,1291,1780435860.0,False,-1,,8,False,0.0,18.0,0.0,-0.7505258533843291,False,0.38144157546300517,False,-0.7505258533843291,False,0.391567299653465,False,0.1337709903717041,False
2025,B,1292,1780435920.0,False,-1,,8,True,2.0,178.0,0.0,4.435441833357685,True,0.7756466881074643,True,4.435441833357685,True,2.0666172601832905e-06,False,1.0,False
2025,B,1293,1780435980.0,True,106,dependency_timeout,8,True,15.0,224.0,0.0,4.490681288578891,True,0.7961166264899622,True,4.490681288578891,True,1.0,True,13000000000.0,True
2025,B,1294,1780436040.0,True,106,dependency_timeout,8,True,0.0,34.0,0.0,4.490681288578891,True,0.5525606453525058,False,4.490681288578891,True,1.0,True,999999999.9999999,True
2025,B,1295,1780436100.0,True,106,dependency_timeout,8,False,0.0,22.0,0.0,4.490681288578891,True,0.5440452945529414,False,4.490681288578891,True,1.0,True,20.058038520812985,True
2025,B,1296,1780436160.0,False,-1,,8,False,0.0,25.0,0.0,-1.340807288754096,False,0.3659749046135291,False,-1.340807288754096,False,0.5062783192703245,True,0.1434014320373535,False
2025,B,1297,1780436220.0,False,-1,,8,False,0.0,19.0,0.0,-1.605244573274084,False,0.36544976276422064,False,-1.605244573274084,False,0.41118454089992934,False,0.1586820125579834,False
2025,B,1298,1780436280.0,False,-1,,8,False,0.0,22.0,0.0,-1.5673499792363828,False,0.36314306239261546,False,-1.5673499792363828,False,0.46310969853896505,False,0.16402456760406492,False
2025,B,1299,1780436340.0,False,-1,,8,False,0.0,21.0,0.0,-0.7700919711996876,False,0.4112939553014351,False,-0.7700919711996876,False,0.446874446272475,False,0.12810182571411133,False
2025,B,1300,1780436400.0,False,-1,,8,False,0.0,20.0,0.0,-1.3642220494813015,False,0.37543886173863533,False,-1.3642220494813015,False,0.42959277422704245,False,0.14336614608764645,False
2025,B,1301,1780436460.0,False,-1,,8,False,0.0,17.0,0.0,-0.7648519857112399,False,0.4074359847181728,False,-0.7648519857112399,False,0.370658671338492,False,0.13103075027465821,False
2025,B,1302,1780436520.0,False,-1,,8,False,0.0,17.0,0.0,-1.65671573113499,False,0.37390522696519585,False,-1.65671573113499,False,0.370658671338492,False,0.17599935531616212,False
2025,B,1303,1780436580.0,False,-1,,8,False,0.0,23.0,0.0,-1.688378733447692,False,0.361138043463622,False,-1.688378733447692,False,0.4783749513294757,False,0.16307740211486815,False
2025,B,1304,1780436640.0,False,-1,,8,False,0.0,19.0,0.0,-1.29755038014709,False,0.38457084907946987,False,-1.29755038014709,False,0.41118454089992934,False,0.1447162628173828,False
2025,B,1305,1780436700.0,True,107,dependency_timeout,8,False,1.0,28.0,0.0,4.490681288578891,True,0.667931197657267,False,4.490681288578891,True,1.0,True,1999999999.9999998,True
2025,B,1306,1780436760.0,True,107,dependency_timeout,8,False,2.0,19.0,0.0,4.490681288578891,True,0.6845783760713503,False,4.490681288578891,True,1.0,True,1999999999.9999998,True
2025,B,1307,1780436820.0,True,107,dependency_timeout,8,False,0.0,11.0,0.0,4.490681288578891,True,0.5589504795907233,False,4.490681288578891,True,1.0,True,20.044493198394775,True
2025,B,1308,1780436880.0,False,-1,,9,False,0.0,9.0,0.0,-1.6090286265748395,False,0.39230771555284366,False,-1.6090286265748395,False,0.15282910832620436,False,0.14917984008789062,False
2025,B,1309,1780436940.0,False,-1,,9,False,0.0,19.0,0.0,-1.7163027704972498,False,0.36971433627579775,False,-1.7163027704972498,False,0.41118454089992934,False,0.16670818328857423,False
2025,B,1310,1780437000.0,False,-1,,9,False,0.0,27.0,0.0,-1.4703333694544076,False,0.36189981963345086,False,-1.4703333694544076,False,0.5311016008972118,True,0.1547250747680664,False
2025,B,1311,1780437060.0,False,-1,,9,False,0.0,16.0,0.0,-1.1623662015936018,False,0.38881218653208177,False,-1.1623662015936018,False,0.3483801247404773,False,0.14333748817443848,False
2025,B,1312,1780437120.0,False,-1,,9,False,0.0,17.0,0.0,-1.0666108563925176,False,0.5625940187812487,False,-1.0666108563925176,False,0.00013813791726691147,False,1.0,False
2025,B,1313,1780437180.0,False,-1,,9,False,0.0,19.0,0.0,-0.7027274128833945,False,0.5714839198279601,False,-0.7027274128833945,False,0.00017786645451779793,False,1.0,False
2025,B,1314,1780437240.0,False,-1,,9,False,0.0,19.0,0.0,-0.5023663911305238,False,0.40401018096028307,False,-0.5023663911305238,False,0.41118454089992934,False,0.1170374393463135,False
2025,B,1315,1780437300.0,False,-1,,9,False,0.0,16.0,0.0,-1.0992651520832064,False,0.38317165140743864,False,-1.0992651520832064,False,0.3483801247404773,False,0.16303706169128418,False
2025,B,1316,1780437360.0,True,108,config_error,9,False,0.0,22.0,0.0,3.4995945230702183,True,0.441397281152312,False,3.4995945230702183,True,0.9999281220470505,True,1.0,False
2025,B,1317,1780437420.0,True,108,config_error,9,False,0.0,18.0,0.0,4.490681288181994,True,0.49993051011637446,False,4.490681288181994,True,2.5236453237709e-10,False,16.0,True
2025,B,1318,1780437480.0,True,108,config_error,9,False,0.0,22.0,0.0,4.490681288572442,True,0.4899773779110827,False,4.490681288572442,True,1.2724524466488488e-10,False,20.0,True
2025,B,1319,1780437540.0,True,108,config_error,9,False,0.0,16.0,0.0,4.4906789177203725,True,0.47224575289865145,False,4.4906789177203725,True,4.818358274969423e-09,False,9.0,True
2025,B,1320,1780437600.0,False,-1,,9,False,0.0,25.0,0.0,-1.0558936089856799,False,0.380901422392262,False,-1.0558936089856799,False,0.5062783192703245,True,0.13259840011596682,False
2025,B,1321,1780437660.0,False,-1,,9,False,0.0,16.0,0.0,-1.4744587214781237,False,0.3728093585546256,False,-1.4744587214781237,False,0.3483801247404773,False,0.15766406059265137,False
2025,B,1322,1780437720.0,False,-1,,9,False,0.0,18.0,0.0,-1.1315646532651105,False,0.3958592686111399,False,-1.1315646532651105,False,0.391567299653465,False,0.20065367221832262,False
2025,B,1323,1780437780.0,False,-1,,9,False,0.0,17.0,0.0,-1.4284624852666647,False,0.3823052697206886,False,-1.4284624852666647,False,0.370658671338492,False,0.16544523239135742,False
2025,B,1324,1780437840.0,False,-1,,9,False,0.0,23.0,0.0,-0.7901521568572134,False,0.3747046765336655,False,-0.7901521568572134,False,0.4783749513294757,False,0.1329370975494385,False
2025,B,1325,1780437900.0,False,-1,,9,False,0.0,19.0,0.0,-0.6497658136105295,False,0.42248882275729427,False,-0.6497658136105295,False,0.41118454089992934,False,0.18649849891662598,False
2025,B,1326,1780437960.0,False,-1,,9,False,0.0,20.0,0.0,-0.637290857621843,False,0.41666878738434826,False,-0.637290857621843,False,0.42959277422704245,False,0.22925693988800044,False
2025,B,1327,1780438020.0,False,-1,,9,False,0.0,12.0,0.0,-1.6635457378094678,False,0.3725809911258831,False,-1.6635457378094678,False,0.24455063116099418,False,0.15199353694915774,False
2025,B,1328,1780438080.0,True,109,dependency_timeout,9,False,3.0,15.0,0.0,4.490681288578891,True,0.6972467024072723,True,4.490681288578891,True,1.0,True,1999999999.9999998,True
2025,B,1329,1780438140.0,True,109,dependency_timeout,9,False,1.0,20.0,0.0,4.490681288578891,True,0.6824721354149038,False,4.490681288578891,True,1.0,True,999999999.9999999,True
2025,B,1330,1780438200.0,True,109,dependency_timeout,9,False,0.0,13.0,0.0,4.490681288578891,True,0.5509552260344539,False,4.490681288578891,True,1.0,True,20.048794937133792,True
2025,B,1331,1780438260.0,True,109,dependency_timeout,9,False,0.0,17.0,0.0,4.224929371840584,True,0.43600540052273135,False,4.224929371840584,True,0.370658671338492,False,0.5496661186218261,False
2025,B,1332,1780438320.0,False,-1,,9,False,0.0,18.0,0.0,-1.435287562199222,False,0.37619551511424987,False,-1.435287562199222,False,0.391567299653465,False,0.1647737264633178,False
2025,B,1333,1780438380.0,False,-1,,9,False,0.0,21.0,0.0,-1.0630570779069286,False,0.3852027827832112,False,-1.0630570779069286,False,0.446874446272475,False,0.1328854560852051,False
2025,B,1334,1780438440.0,False,-1,,9,False,0.0,14.0,0.0,-0.4446526668816153,False,0.42270529862048056,False,-0.4446526668816153,False,0.29945633811066746,False,0.1157942533493042,False
2025,B,1335,1780438500.0,False,-1,,9,False,0.0,16.0,0.0,-0.9391031282670808,False,0.4008304789889732,False,-0.9391031282670808,False,0.3483801247404773,False,0.17754864692687988,False
2025,B,1336,1780438560.0,False,-1,,9,False,0.0,24.0,0.0,-1.3425177940682955,False,0.3821867555074884,False,-1.3425177940682955,False,0.4927421303739932,False,0.14439542293548585,False
2025,B,1337,1780438620.0,False,-1,,9,False,0.0,14.0,0.0,-1.054739078446513,False,0.38707737240377305,False,-1.054739078446513,False,0.29945633811066746,False,0.15615715980529785,False
2025,B,1338,1780438680.0,True,110,resource_exhaustion,9,False,0.0,15.0,0.0,4.490681288578891,True,0.5712365075612102,False,4.490681288578891,True,1.0,True,999999999.9999999,True
2025,B,1339,1780438740.0,True,110,resource_exhaustion,9,False,2.0,18.0,0.0,4.490681288578891,True,0.6971960845477283,True,4.490681288578891,True,1.0,True,1999999999.9999998,True
2025,B,1340,1780438800.0,True,110,resource_exhaustion,9,False,2.0,14.0,0.0,4.490681288578891,True,0.7060703778514158,True,4.490681288578891,True,1.0,True,1999999999.9999998,True
2025,B,1341,1780438860.0,False,-1,,9,False,0.0,15.0,0.0,-1.2227535942127545,False,0.3836489608726518,False,-1.2227535942127545,False,0.32466280815287585,False,0.16400275230407713,False
2025,B,1342,1780438920.0,False,-1,,9,False,0.0,15.0,0.0,-1.088785038912878,False,0.4095375739306182,False,-1.088785038912878,False,0.32466280815287585,False,0.20350403785705562,False
2025,B,1343,1780438980.0,False,-1,,9,False,0.0,15.0,0.0,-1.2868914220421672,False,0.37982075034279766,False,-1.2868914220421672,False,0.32466280815287585,False,0.1680448055267334,False
2025,B,1344,1780439040.0,False,-1,,9,False,0.0,18.0,0.0,-0.8722917909236596,False,0.3875827988982401,False,-0.8722917909236596,False,0.391567299653465,False,0.14580688476562498,False
2025,B,1345,1780439100.0,False,-1,,9,False,1.0,15.0,0.0,-1.0221626527314847,False,0.5703027089304166,False,-1.0221626527314847,False,1.0626236745526425e-05,False,0.17116360664367675,False
2025,B,1346,1780439160.0,False,-1,,9,False,0.0,17.0,0.0,-1.5645210733756123,False,0.3686324920496113,False,-1.5645210733756123,False,0.370658671338492,False,0.15192089080810547,False
2025,B,1347,1780439220.0,False,-1,,9,False,0.0,17.0,0.0,-0.6590329918307622,False,0.3993707156522116,False,-0.6590329918307622,False,0.370658671338492,False,0.13102645874023439,False
2025,B,1348,1780439280.0,False,-1,,9,False,0.0,17.0,0.0,-1.3285661435942684,False,0.394734377556245,False,-1.3285661435942684,False,0.370658671338492,False,0.1975433349609375,False
2025,B,1349,1780439340.0,False,-1,,9,False,0.0,13.0,0.0,-1.0623346192916028,False,0.38396355977350094,False,-1.0623346192916028,False,0.2727417982240277,False,0.12902069091796875,False
2025,B,1350,1780439400.0,False,-1,,9,False,0.0,14.0,0.0,-1.1300878512923065,False,0.3930931373930154,False,-1.1300878512923065,False,0.29945633811066746,False,0.1820761680603027,False
2025,B,1351,1780439460.0,False,-1,,9,False,0.0,9.0,0.0,-1.2412917963177827,False,0.40028299169730314,False,-1.2412917963177827,False,0.15282910832620436,False,0.16121978759765626,False
2025,B,1352,1780439520.0,True,111,dependency_timeout,9,False,0.0,15.0,0.0,4.490681288578891,True,0.5151041369282656,False,4.490681288578891,True,1.0,True,17.39670062065123,True
2025,B,1353,1780439580.0,True,111,dependency_timeout,9,False,2.0,20.0,0.0,4.490681288578891,True,0.6857288524881016,False,4.490681288578891,True,1.0,True,3000000000.0,True
2025,B,1354,1780439640.0,True,111,dependency_timeout,9,False,1.0,19.0,0.0,4.490681288578891,True,0.6805062002045497,False,4.490681288578891,True,1.0,True,999999999.9999999,True
2025,B,1355,1780439700.0,True,111,dependency_timeout,9,False,2.0,19.0,0.0,4.490681288578891,True,0.6837783004233653,False,4.490681288578891,True,1.0,True,1999999999.9999998,True
2025,B,1356,1780439760.0,True,111,dependency_timeout,9,False,0.0,16.0,0.0,4.490681288578891,True,0.49324908543924567,False,4.490681288578891,True,1.0,True,17.095447301864617,True
2025,B,1357,1780439820.0,False,-1,,9,False,0.0,17.0,0.0,-1.695756181643623,False,0.3721440065905182,False,-1.695756181643623,False,0.370658671338492,False,0.16359615325927734,False
2025,B,1358,1780439880.0,False,-1,,9,False,0.0,9.0,0.0,-1.1494503440865742,False,0.4187137831361842,False,-1.1494503440865742,False,0.15282910832620436,False,0.14042587280273439,False
2025,B,1359,1780439940.0,False,-1,,9,False,0.0,21.0,0.0,-1.3175944732928135,False,0.3751085259835703,False,-1.3175944732928135,False,0.446874446272475,False,0.1705188751220703,False
2025,B,1360,1780440000.0,False,-1,,9,False,0.0,15.0,0.0,-1.1058634615941774,False,0.3851439705386765,False,-1.1058634615941774,False,0.32466280815287585,False,0.1657081127166748,False
2025,B,1361,1780440060.0,False,-1,,9,False,0.0,8.0,0.0,-0.8832104911322052,False,0.4181546030199145,False,-0.8832104911322052,False,0.12123243654708447,False,0.11079256534576418,False
2025,B,1362,1780440120.0,False,-1,,9,False,0.0,15.0,0.0,-1.641326129632013,False,0.38309584883017367,False,-1.641326129632013,False,0.32466280815287585,False,0.16563000679016113,False
2025,B,1363,1780440180.0,True,112,resource_exhaustion,9,False,2.0,14.0,0.0,4.490681288578891,True,0.699843066855575,True,4.490681288578891,True,1.0,True,1999999999.9999998,True
2025,B,1364,1780440240.0,True,112,resource_exhaustion,9,False,2.0,13.0,0.0,4.490681288578891,True,0.7067829329874837,True,4.490681288578891,True,1.0,True,1999999999.9999998,True
2025,B,1365,1780440300.0,True,112,resource_exhaustion,9,False,7.0,18.0,0.0,4.490681288578891,True,0.6980072921673572,True,4.490681288578891,True,1.0,True,7000000000.0,True
2025,B,1366,1780440360.0,False,-1,,9,False,0.0,12.0,0.0,-1.5737050623414568,False,0.3802915377629554,False,-1.5737050623414568,False,0.24455063116099418,False,0.15502755641937258,False
2025,B,1367,1780440420.0,False,-1,,9,False,1.0,12.0,0.0,-0.5254351212034019,False,0.5802118925115578,False,-0.5254351212034019,False,3.8916002757731035e-06,False,0.1638206481933594,False
2025,B,1368,1780440480.0,False,-1,,9,False,0.0,18.0,0.0,-1.1758077063775003,False,0.3974669319395228,False,-1.1758077063775003,False,0.391567299653465,False,0.17344653606414784,False
2025,B,1369,1780440540.0,False,-1,,9,False,0.0,18.0,0.0,-1.2165227031490282,False,0.38238579206288864,False,-1.2165227031490282,False,0.391567299653465,False,0.16054482460021968,False
2025,B,1370,1780440600.0,False,-1,,9,False,0.0,10.0,0.0,-1.5241188090539302,False,0.3887267972274623,False,-1.5241188090539302,False,0.1842881608538789,False,0.15809504985809325,False
2025,B,1371,1780440660.0,False,-1,,9,False,0.0,18.0,0.0,-1.3309525601204015,False,0.3897498458168175,False,-1.3309525601204015,False,0.391567299653465,False,0.14210515022277828,False
2025,B,1372,1780440720.0,False,-1,,9,False,0.0,20.0,0.0,-0.6478081427356415,False,0.3869266172337978,False,-0.6478081427356415,False,0.42959277422704245,False,0.14393126964569092,False
2025,B,1373,1780440780.0,False,-1,,9,False,0.0,16.0,0.0,-1.5325281937211486,False,0.37920544824589725,False,-1.5325281937211486,False,0.3483801247404773,False,0.1532628536224365,False
2025,B,1374,1780440840.0,False,-1,,9,False,0.0,15.0,0.0,-1.571772037244508,False,0.38180765262723426,False,-1.571772037244508,False,0.32466280815287585,False,0.17814288139343262,False
2025,B,1375,1780440900.0,False,-1,,9,False,0.0,11.0,0.0,-0.9384857582096755,False,0.4045382490305451,False,-0.9384857582096755,False,0.21499157607060515,False,0.11637234687805176,False
2025,B,1376,1780440960.0,False,-1,,9,False,0.0,13.0,0.0,0.9459231859980397,False,0.4598087970258135,False,0.9459231859980397,False,0.2727417982240277,False,0.12898035049438478,False
2025,B,1377,1780441020.0,True,113,resource_exhaustion,9,False,0.0,18.0,0.0,4.490681288578891,True,0.4707407169270053,False,4.490681288578891,True,0.391567299653465,False,0.2150404453277587,False
2025,B,1378,1780441080.0,True,113,resource_exhaustion,9,False,2.0,19.0,0.0,4.490681288578891,True,0.6985609639927426,True,4.490681288578891,True,1.0,True,1999999999.9999998,True
2025,B,1379,1780441140.0,True,113,resource_exhaustion,9,False,3.0,12.0,0.0,4.490681288578891,True,0.7034665340819489,True,4.490681288578891,True,1.0,True,3000000000.0,True
2025,B,1380,1780441200.0,True,113,resource_exhaustion,9,False,1.0,11.0,0.0,4.490681288578891,True,0.7013500608894482,True,4.490681288578891,True,1.0,True,999999999.9999999,True
2025,B,1381,1780441260.0,True,113,resource_exhaustion,9,False,0.0,14.0,0.0,4.490681288578881,True,0.49143941218484355,False,4.490681288578881,True,0.29945633811066746,False,0.23864083290100097,False
2025,B,1382,1780441320.0,False,-1,,9,False,0.0,17.0,0.0,-1.5330577157207097,False,0.37288927427364216,False,-1.5330577157207097,False,0.370658671338492,False,0.1446847915649414,False
2025,B,1383,1780441380.0,False,-1,,9,False,0.0,13.0,0.0,-1.525917364006741,False,0.3977808079644819,False,-1.525917364006741,False,0.2727417982240277,False,0.18487472534179683,False
2025,B,1384,1780441440.0,False,-1,,9,False,0.0,16.0,0.0,-1.1833849449264706,False,0.4095137974578634,False,-1.1833849449264706,False,0.3483801247404773,False,0.18526053428649902,False
2025,B,1385,1780441500.0,False,-1,,9,False,0.0,17.0,0.0,-0.9779485917825719,False,0.3951485579865019,False,-0.9779485917825719,False,0.370658671338492,False,0.18385076522827148,False
2025,B,1386,1780441560.0,False,-1,,9,False,0.0,16.0,0.0,-0.8520194681596838,False,0.40503079915469137,False,-0.8520194681596838,False,0.3483801247404773,False,0.1891350746154785,False
2025,B,1387,1780441620.0,False,-1,,9,False,0.0,17.0,0.0,-0.28330955558247073,False,0.39364608439737214,False,-0.28330955558247073,False,0.370658671338492,False,0.1460860252380371,False
2025,B,1388,1780441680.0,False,-1,,9,False,0.0,15.0,0.0,-1.2437185781109532,False,0.37820052967571877,False,-1.2437185781109532,False,0.32466280815287585,False,0.14824552536010743,False
2025,B,1389,1780441740.0,False,-1,,9,False,0.0,5.0,0.0,-0.0781617096184899,False,0.468990674784418,False,-0.0781617096184899,False,0.036683938886476364,False,0.11842966079711914,False
2025,B,1390,1780441800.0,False,-1,,9,False,0.0,13.0,0.0,-1.1777829452009545,False,0.392485035326534,False,-1.1777829452009545,False,0.2727417982240277,False,0.17035551071166985,False
2025,B,1391,1780441860.0,False,-1,,9,False,0.0,11.0,0.0,-0.3747660151639298,False,0.44883802564797515,False,-0.3747660151639298,False,0.21499157607060515,False,0.20230650901794442,False
2025,B,1392,1780441920.0,True,114,config_error,9,False,0.0,10.0,0.0,4.49068048224778,True,0.5183421067984993,False,4.49068048224778,True,1.6495495022327867e-09,False,9.0,True
2025,B,1393,1780441980.0,True,114,config_error,9,False,0.0,13.0,0.0,4.4906812730715515,True,0.5074509963452182,False,4.4906812730715515,True,5.225297961406595e-10,False,12.0,True
2025,B,1394,1780442040.0,True,114,config_error,9,False,0.0,15.0,0.0,4.279516623485027,True,0.44774179401047554,False,4.279516623485027,True,0.005805252254199057,False,2.0,True
2025,B,1395,1780442100.0,False,-1,,9,False,0.0,11.0,0.0,-0.9422755491516952,False,0.3956756310497715,False,-0.9422755491516952,False,0.21499157607060515,False,0.12551593780517578,False
2025,B,1396,1780442160.0,False,-1,,9,False,0.0,15.0,0.0,-1.1863492902176667,False,0.3959232895779439,False,-1.1863492902176667,False,0.32466280815287585,False,0.18586611747741696,False
2025,B,1397,1780442220.0,False,-1,,9,False,0.0,12.0,0.0,-1.1392458692388407,False,0.39531634430125473,False,-1.1392458692388407,False,0.24455063116099418,False,0.15344526767730712,False
2025,B,1398,1780442280.0,False,-1,,9,False,1.0,9.0,0.0,-0.06629336989305035,False,0.5818440916203331,False,-0.06629336989305035,False,8.911641445843728e-07,False,0.1593297004699707,False
2025,B,1399,1780442340.0,False,-1,,9,False,0.0,15.0,0.0,-1.6979434646383424,False,0.3770963694453503,False,-1.6979434646383424,False,0.32466280815287585,False,0.16252441406249996,False
2025,B,1400,1780442400.0,False,-1,,9,False,0.0,17.0,0.0,-1.1784984965371121,False,0.40549965427683937,False,-1.1784984965371121,False,0.370658671338492,False,0.17751140594482423,False
2025,B,1401,1780442460.0,False,-1,,9,False,0.0,11.0,0.0,-1.419293353827821,False,0.3806010441021233,False,-1.419293353827821,False,0.21499157607060515,False,0.14721035957336429,False
2025,B,1402,1780442520.0,False,-1,,9,False,0.0,11.0,0.0,-0.9434055621079551,False,0.3957327012382117,False,-0.9434055621079551,False,0.21499157607060515,False,0.15263271331787112,False
2025,B,1403,1780442580.0,False,-1,,9,False,0.0,16.0,0.0,-1.0329131848657127,False,0.3806638052584636,False,-1.0329131848657127,False,0.3483801247404773,False,0.1423001289367676,False
2025,B,1404,1780442640.0,False,-1,,9,False,0.0,15.0,0.0,-1.7212068277943473,False,0.3751105002765618,False,-1.7212068277943473,False,0.32466280815287585,False,0.1615455627441406,False
2025,B,1405,1780442700.0,True,115,permission_denied,9,False,0.0,14.0,0.0,4.285454432013744,True,0.4497636266125496,False,4.285454432013744,True,6.429642769912375e-07,False,2.0,True
2025,B,1406,1780442760.0,True,115,permission_denied,9,False,0.0,18.0,0.0,4.49068111852388,True,0.47812606093585025,False,4.49068111852388,True,4.4169668583363144e-07,False,11.0,True
2025,B,1407,1780442820.0,True,115,permission_denied,9,False,0.0,17.0,0.0,4.484726416465256,True,0.4591005174382401,False,4.484726416465256,True,5.759222011802185e-07,False,4.0,True
2025,B,1408,1780442880.0,True,115,permission_denied,9,False,0.0,11.0,0.0,4.485830881584046,True,0.47364530617121847,False,4.485830881584046,True,4.034267157139462e-07,False,4.0,True
2025,B,1409,1780442940.0,False,-1,,9,False,0.0,12.0,0.0,0.057246106218768134,False,0.4472703426135409,False,0.057246106218768134,False,0.24455063116099418,False,0.1542688608169556,False
2025,B,1410,1780443000.0,False,-1,,9,True,0.0,109.0,0.0,-0.20173237250269338,False,0.6253415218989509,False,-0.20173237250269338,False,0.8149311701075083,True,0.17553253173828126,False
2025,B,1411,1780443060.0,False,-1,,9,True,0.0,113.0,0.0,-0.27043589398620593,False,0.6232533754984229,False,-0.27043589398620593,False,0.8189225237168107,True,0.17130575180053703,False
2025,B,1412,1780443120.0,False,-1,,9,True,0.0,44.0,0.0,-0.9318937499949209,False,0.4711601137470176,False,-0.9318937499949209,False,0.6648679332432831,True,0.191625714302063,False
2025,B,1413,1780443180.0,False,-1,,9,False,0.0,14.0,0.0,-0.8191567338000558,False,0.40117581232189825,False,-0.8191567338000558,False,0.29945633811066746,False,0.12155370712280272,False
2025,B,1414,1780443240.0,False,-1,,9,False,0.0,13.0,0.0,-0.13759744752029768,False,0.44663295198646147,False,-0.13759744752029768,False,0.2727417982240277,False,0.12771854400634766,False
2025,B,1415,1780443300.0,True,116,permission_denied,9,False,0.0,14.0,0.0,4.489721201658641,True,0.4768313706870164,False,4.489721201658641,True,4.6195230636902455e-07,False,5.0,True
2025,B,1416,1780443360.0,True,116,permission_denied,9,False,0.0,15.0,0.0,4.489520681724989,True,0.4597766259429496,False,4.489520681724989,True,4.872788610601514e-07,False,5.0,True
2025,B,1417,1780443420.0,True,116,permission_denied,9,False,0.0,10.0,0.0,4.489860731710304,True,0.4823081983623055,False,4.489860731710304,True,3.51382253500839e-07,False,5.0,True
2025,B,1418,1780443480.0,True,116,permission_denied,9,False,0.0,10.0,0.0,-1.5289987051776324,False,0.39566265462515504,False,-1.5289987051776324,False,0.1842881608538789,False,0.1534543514251709,False
2025,B,1419,1780443540.0,False,-1,,9,False,0.0,13.0,0.0,-1.2869300442596714,False,0.38165357658993837,False,-1.2869300442596714,False,0.2727417982240277,False,0.15751123428344724,False
2025,B,1420,1780443600.0,False,-1,,9,False,0.0,12.0,0.0,-1.0016789616975972,False,0.4103008578097755,False,-1.0016789616975972,False,0.24455063116099418,False,0.20787630081176764,False
2025,B,1421,1780443660.0,False,-1,,9,False,0.0,8.0,0.0,-1.670933880373589,False,0.3905436833419326,False,-1.670933880373589,False,0.12123243654708447,False,0.15663702487945558,False
2025,B,1422,1780443720.0,False,-1,,9,False,0.0,10.0,0.0,-0.7751159628311477,False,0.4121814696340071,False,-0.7751159628311477,False,0.1842881608538789,False,0.1125347375869751,False
2025,B,1423,1780443780.0,False,-1,,9,False,0.0,10.0,0.0,-1.685160258613494,False,0.38970389038266867,False,-1.685160258613494,False,0.1842881608538789,False,0.1570143222808838,False
2025,B,1424,1780443840.0,False,-1,,9,False,0.0,14.0,0.0,-1.3312141330826552,False,0.39133093844027295,False,-1.3312141330826552,False,0.29945633811066746,False,0.1477078914642334,False
2025,B,1425,1780443900.0,False,-1,,9,False,0.0,10.0,0.0,0.08301601893938315,False,0.425297107718411,False,0.08301601893938315,False,0.1842881608538789,False,0.1241366386413574,False
2025,B,1426,1780443960.0,False,-1,,9,False,0.0,16.0,0.0,-0.3244804330965776,False,0.39544968288043086,False,-0.3244804330965776,False,0.3483801247404773,False,0.12605214118957517,False
2025,B,1427,1780444020.0,True,117,dependency_timeout,9,False,0.0,3.0,0.0,4.488241987004354,True,0.5675630713052072,False,4.488241987004354,True,0.005277466365621823,False,0.9769315242767334,False
2025,B,1428,1780444080.0,True,117,dependency_timeout,9,False,1.0,12.0,0.0,4.490681288578891,True,0.6802658550991911,False,4.490681288578891,True,1.0,True,20.050300168991086,True
2025,B,1429,1780444140.0,True,117,dependency_timeout,9,False,0.0,11.0,0.0,4.490681288578891,True,0.5826264432884284,False,4.490681288578891,True,1.0,True,20.056399822235104,True
2025,B,1430,1780444200.0,False,-1,,9,False,0.0,9.0,0.0,-1.145199097174535,False,0.39549359341668205,False,-1.145199097174535,False,0.15282910832620436,False,0.136273193359375,False
2025,B,1431,1780444260.0,False,-1,,9,False,0.0,7.0,0.0,-0.7198583845799469,False,0.4273822467239879,False,-0.7198583845799469,False,0.09041902030251087,False,0.13476042747497557,False
2025,B,1432,1780444320.0,False,-1,,9,False,0.0,16.0,0.0,-1.2413801509830131,False,0.37814821582069796,False,-1.2413801509830131,False,0.3483801247404773,False,0.13948023319244385,False
2025,B,1433,1780444380.0,False,-1,,9,False,0.0,17.0,0.0,-1.3185505202840293,False,0.38046895424048066,False,-1.3185505202840293,False,0.370658671338492,False,0.15522165298461912,False
2025,B,1434,1780444440.0,False,-1,,9,False,0.0,10.0,0.0,-1.0578110046126312,False,0.3968340242057017,False,-1.0578110046126312,False,0.1842881608538789,False,0.12331588268280029,False
2025,B,1435,1780444500.0,False,-1,,9,False,0.0,10.0,0.0,-0.14253478340435954,False,0.4241781601585098,False,-0.14253478340435954,False,0.1842881608538789,False,0.11032497882843019,False
2025,B,1436,1780444560.0,True,118,config_error,9,False,0.0,20.0,0.0,4.450455164114482,True,0.4594127725275126,False,4.450455164114482,True,4.579568269121645e-05,False,3.0,True
2025,B,1437,1780444620.0,True,118,config_error,9,False,0.0,11.0,0.0,4.490680269405476,True,0.5118820269996899,False,4.490680269405476,True,2.27506249950585e-09,False,9.0,True
2025,B,1438,1780444680.0,True,118,config_error,9,False,0.0,9.0,0.0,4.490584018204719,True,0.5077119606751297,False,4.490584018204719,True,2.375393030489239e-08,False,6.0,True
2025,B,1439,1780444740.0,False,-1,,9,False,0.0,11.0,0.0,-0.7772893739812723,False,0.4083849258236803,False,-0.7772893739812723,False,0.21499157607060515,False,0.15543103218078613,False
2025,B,1440,1780444800.0,False,-1,,9,False,0.0,11.0,0.0,-1.4487946551323239,False,0.38146612657358026,False,-1.4487946551323239,False,0.21499157607060515,False,0.1349020004272461,False
2025,B,1441,1780444860.0,False,-1,,9,False,0.0,14.0,0.0,-1.5159115484543753,False,0.3715355693809322,False,-1.5159115484543753,False,0.29945633811066746,False,0.14696869850158692,False
2025,B,1442,1780444920.0,False,-1,,9,False,0.0,14.0,0.0,-1.6390910348284748,False,0.3744947982241655,False,-1.6390910348284748,False,0.29945633811066746,False,0.16100029945373534,False
2025,B,1443,1780444980.0,False,-1,,9,False,0.0,13.0,0.0,-1.4192800766241813,False,0.3865851222389359,False,-1.4192800766241813,False,0.2727417982240277,False,0.14737606048583982,False
2025,B,1444,1780445040.0,False,-1,,9,False,0.0,15.0,0.0,-0.8075457578930427,False,0.39487783316547265,False,-0.8075457578930427,False,0.32466280815287585,False,0.1263264179229736,False
2025,B,1445,1780445100.0,True,119,permission_denied,9,False,0.0,17.0,0.0,3.6769342631728055,True,0.4733650655632774,False,3.6769342631728055,True,1.4721648594022322e-06,False,1.0,False
2025,B,1446,1780445160.0,True,119,permission_denied,9,False,0.0,9.0,0.0,4.490591861324973,True,0.5117983484125486,False,4.490591861324973,True,3.019442469535016e-07,False,6.0,True
2025,B,1447,1780445220.0,True,119,permission_denied,9,False,0.0,7.0,0.0,3.8989690660491516,True,0.5117611265193192,False,3.8989690660491516,True,3.874955694134124e-07,False,1.0,False
2025,B,1448,1780445280.0,True,119,permission_denied,9,False,0.0,18.0,0.0,4.489640351710541,True,0.48030439281267223,False,4.489640351710541,True,5.595101945356334e-07,False,5.0,True
2025,B,1449,1780445340.0,True,119,permission_denied,9,False,0.0,16.0,0.0,4.489510158325063,True,0.46034497398965996,False,4.489510158325063,True,5.119326767340522e-07,False,5.0,True
2025,B,1450,1780445400.0,False,-1,,10,False,0.0,12.0,0.0,-1.392064146096688,False,0.3862937597241696,False,-1.392064146096688,False,0.24455063116099418,False,0.1804348707199097,False
2025,B,1451,1780445460.0,False,-1,,10,False,0.0,11.0,0.0,-1.3295915266658662,False,0.39097020972616586,False,-1.3295915266658662,False,0.21499157607060515,False,0.16960859298706055,False
2025,B,1452,1780445520.0,False,-1,,10,False,0.0,8.0,0.0,-1.247212257944767,False,0.39571824085341106,False,-1.247212257944767,False,0.12123243654708447,False,0.12302651405334472,False
2025,B,1453,1780445580.0,False,-1,,10,False,0.0,11.0,0.0,-1.5410164209552217,False,0.38326431165089897,False,-1.5410164209552217,False,0.21499157607060515,False,0.13960170745849612,False
2025,B,1454,1780445640.0,False,-1,,10,False,0.0,13.0,0.0,-1.0560142624116757,False,0.4081537097915173,False,-1.0560142624116757,False,0.2727417982240277,False,0.13769636154174805,False
2025,B,1455,1780445700.0,False,-1,,10,False,0.0,10.0,0.0,-1.2241273466773164,False,0.4083987041339629,False,-1.2241273466773164,False,0.1842881608538789,False,0.1762087106704712,False
2025,B,1456,1780445760.0,False,-1,,10,False,0.0,24.0,0.0,-1.5582938489963336,False,0.37324106748090824,False,-1.5582938489963336,False,0.4927421303739932,False,0.17848670482635498,False
2025,B,1457,1780445820.0,False,-1,,10,False,0.0,11.0,0.0,-1.7069905167381156,False,0.3779840314658375,False,-1.7069905167381156,False,0.21499157607060515,False,0.15401506423950198,False
2025,B,1458,1780445880.0,False,-1,,10,False,0.0,7.0,0.0,-1.4548508607689907,False,0.42325320212304657,False,-1.4548508607689907,False,0.09041902030251087,False,0.12469863891601562,False
2025,B,1459,1780445940.0,True,120,dependency_timeout,10,False,1.0,13.0,0.0,4.490681288578891,True,0.6772778145910128,False,4.490681288578891,True,1.0,True,20.0535530090332,True
2025,B,1460,1780446000.0,True,120,dependency_timeout,10,False,0.0,8.0,0.0,4.490681288578891,True,0.5963846247648864,False,4.490681288578891,True,1.0,True,20.055803966522216,True
2025,B,1461,1780446060.0,True,120,dependency_timeout,10,False,1.0,17.0,0.0,4.490681288578891,True,0.6766790811159752,False,4.490681288578891,True,1.0,True,1999999999.9999998,True
2025,B,1462,1780446120.0,True,120,dependency_timeout,10,False,0.0,9.0,0.0,4.490681288578891,True,0.5468231474704203,False,4.490681288578891,True,1.0,True,18.463872146606445,True
2025,B,1463,1780446180.0,False,-1,,10,False,0.0,13.0,0.0,-1.3106617793415323,False,0.3814252033211988,False,-1.3106617793415323,False,0.2727417982240277,False,0.14847688674926757,False
2025,B,1464,1780446240.0,False,-1,,10,False,0.0,8.0,0.0,-1.0549937184148863,False,0.4142831761501059,False,-1.0549937184148863,False,0.12123243654708447,False,0.12015259265899657,False
2025,B,1465,1780446300.0,False,-1,,10,False,0.0,11.0,0.0,-1.3196130728905882,False,0.3817523274654876,False,-1.3196130728905882,False,0.21499157607060515,False,0.14550566673278809,False
2025,B,1466,1780446360.0,False,-1,,10,False,0.0,10.0,0.0,-1.4196821396141814,False,0.39109383010623977,False,-1.4196821396141814,False,0.1842881608538789,False,0.1522296667098999,False
2025,B,1467,1780446420.0,False,-1,,10,False,0.0,8.0,0.0,-1.4519225531755078,False,0.393438410152176,False,-1.4519225531755078,False,0.12123243654708447,False,0.14043161869049073,False
2025,B,1468,1780446480.0,False,-1,,10,False,0.0,14.0,0.0,-1.1245563507860483,False,0.3931439690654738,False,-1.1245563507860483,False,0.29945633811066746,False,0.1501049995422363,False
2025,B,1469,1780446540.0,False,-1,,10,False,0.0,13.0,0.0,-1.7173902184092,False,0.3783419225774942,False,-1.7173902184092,False,0.2727417982240277,False,0.15715322494506836,False
2025,B,1470,1780446600.0,False,-1,,10,False,0.0,12.0,0.0,0.15884681910912768,False,0.43517960310997045,False,0.15884681910912768,False,0.24455063116099418,False,0.1782540321350098,False
2025,B,1471,1780446660.0,False,-1,,10,False,0.0,8.0,0.0,-1.3548567013277975,False,0.40868380763928924,False,-1.3548567013277975,False,0.12123243654708447,False,0.1235109806060791,False
2025,B,1472,1780446720.0,False,-1,,10,False,0.0,12.0,0.0,-1.4017977124219474,False,0.39047412668458953,False,-1.4017977124219474,False,0.24455063116099418,False,0.14070463180541995,False
2025,B,1473,1780446780.0,False,-1,,10,False,0.0,14.0,0.0,-1.685397732079255,False,0.37337709098847705,False,-1.685397732079255,False,0.29945633811066746,False,0.15380237102508543,False
2025,B,1474,1780446840.0,True,121,dependency_timeout,10,False,1.0,11.0,0.0,4.490681288578891,True,0.6929619695739616,True,4.490681288578891,True,1.0,True,999999999.9999999,True
2025,B,1475,1780446900.0,True,121,dependency_timeout,10,False,1.0,11.0,0.0,4.490681288578891,True,0.6933562575490193,True,4.490681288578891,True,1.0,True,999999999.9999999,True
2025,B,1476,1780446960.0,True,121,dependency_timeout,10,False,1.0,14.0,0.0,4.490681288578891,True,0.6771911334960167,False,4.490681288578891,True,1.0,True,20.06116166114807,True
2025,B,1477,1780447020.0,True,121,dependency_timeout,10,False,0.0,11.0,0.0,4.490681288578891,True,0.5582979939390101,False,4.490681288578891,True,1.0,True,999999999.9999999,True
2025,B,1478,1780447080.0,False,-1,,10,False,0.0,7.0,0.0,-1.3874313420648328,False,0.4199082646803309,False,-1.3874313420648328,False,0.09041902030251087,False,0.1597837448120117,False
2025,B,1479,1780447140.0,False,-1,,10,False,0.0,5.0,0.0,-1.0052594034031532,False,0.46755179623476373,False,-1.0052594034031532,False,0.036683938886476364,False,0.13675308227539062,False
2025,B,1480,1780447200.0,False,-1,,10,False,0.0,10.0,0.0,-1.476109029241928,False,0.39128065209900237,False,-1.476109029241928,False,0.1842881608538789,False,0.1418381452560425,False
2025,B,1481,1780447260.0,False,-1,,10,False,0.0,9.0,0.0,-1.208440701460149,False,0.40222704128948916,False,-1.208440701460149,False,0.15282910832620436,False,0.12981176376342773,False
2025,B,1482,1780447320.0,False,-1,,10,False,0.0,14.0,0.0,-0.9526464946837425,False,0.38695037214339445,False,-0.9526464946837425,False,0.29945633811066746,False,0.12393178939819335,False
2025,B,1483,1780447380.0,False,-1,,10,False,0.0,8.0,0.0,-0.7711782556266966,False,0.4319865283660251,False,-0.7711782556266966,False,0.12123243654708447,False,0.19263713359832768,False
2025,B,1484,1780447440.0,False,-1,,10,False,0.0,7.0,0.0,-1.3867275853677103,False,0.4041299818003465,False,-1.3867275853677103,False,0.09041902030251087,False,0.14661335945129395,False
2025,B,1485,1780447500.0,True,122,resource_exhaustion,10,False,2.0,11.0,0.0,4.490681288578891,True,0.70666560848315,True,4.490681288578891,True,1.0,True,1999999999.9999998,True
2025,B,1486,1780447560.0,True,122,resource_exhaustion,10,False,2.0,10.0,0.0,4.490681288578891,True,0.7014031306296156,True,4.490681288578891,True,1.0,True,1999999999.9999998,True
2025,B,1487,1780447620.0,True,122,resource_exhaustion,10,False,2.0,7.0,0.0,4.490681288578891,True,0.6991346225872934,True,4.490681288578891,True,1.0,True,1999999999.9999998,True
2025,B,1488,1780447680.0,False,-1,,10,False,0.0,17.0,0.0,-1.2235211497084153,False,0.376319412123313,False,-1.2235211497084153,False,0.370658671338492,False,0.15971651077270507,False
2025,B,1489,1780447740.0,False,-1,,10,False,0.0,7.0,0.0,-1.5461398266857636,False,0.4102718649560035,False,-1.5461398266857636,False,0.09041902030251087,False,0.16942405700683594,False
2025,B,1490,1780447800.0,False,-1,,10,False,0.0,5.0,0.0,0.11078800791354837,False,0.4999560178173012,False,0.11078800791354837,False,0.036683938886476364,False,0.20212011337280272,False
2025,B,1491,1780447860.0,False,-1,,10,False,0.0,10.0,0.0,0.6283066352713931,False,0.45307095684683957,False,0.6283066352713931,False,0.1842881608538789,False,0.14911370277404784,False
2025,B,1492,1780447920.0,False,-1,,10,False,0.0,9.0,0.0,-1.6978463565569966,False,0.3882106676413982,False,-1.6978463565569966,False,0.15282910832620436,False,0.15200490951538087,False
2025,B,1493,1780447980.0,False,-1,,10,False,0.0,9.0,0.0,-1.6777247258011707,False,0.38744676175362014,False,-1.6777247258011707,False,0.15282910832620436,False,0.14963274002075194,False
2025,B,1494,1780448040.0,False,-1,,10,False,1.0,14.0,0.0,-0.23368253349380197,False,0.5839973311880879,False,-0.23368253349380197,False,7.880351696086075e-06,False,0.18042659759521484,False
2025,B,1495,1780448100.0,False,-1,,10,False,0.0,10.0,0.0,-1.394567487390293,False,0.39251599288000383,False,-1.394567487390293,False,0.1842881608538789,False,0.12987372875213624,False
2025,B,1496,1780448160.0,True,123,permission_denied,10,False,0.0,10.0,0.0,-1.1911690635469645,False,0.4028125594242832,False,-1.1911690635469645,False,0.1842881608538789,False,0.13617184162139895,False
2025,B,1497,1780448220.0,True,123,permission_denied,10,False,0.0,12.0,0.0,4.49050622614448,True,0.47587157677201825,False,4.49050622614448,True,3.891770821452115e-07,False,6.0,True
2025,B,1498,1780448280.0,True,123,permission_denied,10,False,0.0,6.0,0.0,4.473687345939823,True,0.5132559703134857,False,4.473687345939823,True,2.441859607546685e-07,False,3.0,True
2025,B,1499,1780448340.0,True,123,permission_denied,10,False,0.0,11.0,0.0,4.490531141422554,True,0.4775860979052431,False,4.490531141422554,True,3.622004417530418e-07,False,6.0,True
2025,B,1500,1780448400.0,True,123,permission_denied,10,False,0.0,8.0,0.0,3.6417302973436225,True,0.4766453446464898,False,3.6417302973436225,True,4.7596460342743956e-07,False,1.0,False
2025,B,1501,1780448460.0,False,-1,,10,False,0.0,15.0,0.0,-0.4018439921806527,False,0.5855578531291058,False,-0.4018439921806527,False,0.00010319820640285715,False,1.0,False
2025,B,1502,1780448520.0,False,-1,,10,False,0.0,9.0,0.0,-1.5115712629116587,False,0.39846030955906336,False,-1.5115712629116587,False,0.15282910832620436,False,0.16321821212768556,False
2025,B,1503,1780448580.0,False,-1,,10,False,0.0,14.0,0.0,-0.9645056476051241,False,0.40342844521220167,False,-0.9645056476051241,False,0.29945633811066746,False,0.19268012046813965,False
2025,B,1504,1780448640.0,False,-1,,10,False,0.0,10.0,0.0,-1.4819989136444587,False,0.3898189995159038,False,-1.4819989136444587,False,0.1842881608538789,False,0.15088267326354982,False
2025,B,1505,1780448700.0,False,-1,,10,False,0.0,5.0,0.0,-0.9566535296374612,False,0.44108764854470983,False,-0.9566535296374612,False,0.036683938886476364,False,0.13498334884643554,False
2025,B,1506,1780448760.0,False,-1,,10,False,0.0,15.0,0.0,-0.24559914464092536,False,0.40447187349726466,False,-0.24559914464092536,False,0.32466280815287585,False,0.12855939865112304,False
2025,B,1507,1780448820.0,False,-1,,10,False,0.0,6.0,0.0,-1.3182708151913882,False,0.4165456404187018,False,-1.3182708151913882,False,0.06167876191882357,False,0.13803398609161374,False
2025,B,1508,1780448880.0,True,124,config_error,10,False,0.0,7.0,0.0,4.376566678176969,True,0.49426916140044735,False,4.376566678176969,True,0.0015221719989727087,False,2.0,True
2025,B,1509,1780448940.0,True,124,config_error,10,False,0.0,12.0,0.0,4.4906809544631505,True,0.4944871012863049,False,4.4906809544631505,True,1.4378947311619138e-09,False,10.0,True
2025,B,1510,1780449000.0,True,124,config_error,10,False,0.0,13.0,0.0,4.490681281514265,True,0.5509095305926253,False,4.490681281514265,True,5.225297961406595e-10,False,12.0,True
2025,B,1511,1780449060.0,True,124,config_error,10,False,0.0,11.0,0.0,4.49068116155402,True,0.5302894779257409,False,4.49068116155402,True,1.0586866194863236e-09,False,10.0,True
2025,B,1512,1780449120.0,True,124,config_error,10,False,0.0,8.0,0.0,4.468828486031406,True,0.4834459072426346,False,4.468828486031406,True,9.522539627506418e-06,False,3.0,True
2025,B,1513,1780449180.0,False,-1,,10,False,0.0,4.0,0.0,-0.5151653595332357,False,0.49533395918034484,False,-0.5151653595332357,False,0.017343794071682,False,0.11025929450988768,False
2025,B,1514,1780449240.0,False,-1,,10,False,0.0,3.0,0.0,-0.8491246277673561,False,0.5153540714763392,False,-0.8491246277673561,False,0.005277466365621823,False,0.10515651702880857,False
2025,B,1515,1780449300.0,False,-1,,10,False,0.0,14.0,0.0,-1.5000257342780552,False,0.3830987363697658,False,-1.5000257342780552,False,0.29945633811066746,False,0.1748773097991943,False
2025,B,1516,1780449360.0,False,-1,,10,False,0.0,9.0,0.0,-1.5484100833533585,False,0.38967638852860326,False,-1.5484100833533585,False,0.15282910832620436,False,0.1374837875366211,False
2025,B,1517,1780449420.0,False,-1,,10,False,0.0,8.0,0.0,-1.4961183787495171,False,0.40458412958066553,False,-1.4961183787495171,False,0.12123243654708447,False,0.14996719360351562,False
2025,B,1518,1780449480.0,False,-1,,10,False,0.0,5.0,0.0,-1.0613618368098559,False,0.4420602347267617,False,-1.0613618368098559,False,0.036683938886476364,False,0.14143381118774415,False
2025,B,1519,1780449540.0,False,-1,,10,False,0.0,9.0,0.0,-1.367376487962546,False,0.41381160200320444,False,-1.367376487962546,False,0.15282910832620436,False,0.1907051086425781,False
2025,B,1520,1780449600.0,False,-1,,10,False,0.0,9.0,0.0,-1.3780386845378798,False,0.39122775671916027,False,-1.3780386845378798,False,0.15282910832620436,False,0.13763370513916015,False
2025,B,1521,1780449660.0,False,-1,,10,False,0.0,6.0,0.0,-0.9343205599442488,False,0.43856787939611275,False,-0.9343205599442488,False,0.06167876191882357,False,0.14689457416534427,False
2025,B,1522,1780449720.0,False,-1,,10,False,0.0,10.0,0.0,-0.9560255082123881,False,0.4262547268221418,False,-0.9560255082123881,False,0.1842881608538789,False,0.13566393852233888,False
2025,B,1523,1780449780.0,False,-1,,10,False,0.0,7.0,0.0,-1.192460246592515,False,0.42503884233299283,False,-1.192460246592515,False,0.09041902030251087,False,0.16096606254577636,False
2025,B,1524,1780449840.0,True,125,config_error,10,False,0.0,7.0,0.0,4.4876930563818265,True,0.5069497729791959,False,4.4876930563818265,True,3.988915997586908e-07,False,4.0,True
2025,B,1525,1780449900.0,True,125,config_error,10,False,0.0,8.0,0.0,4.490630229124135,True,0.5340020614385945,False,4.490630229124135,True,1.8185690205608657e-08,False,6.0,True
2025,B,1526,1780449960.0,True,125,config_error,10,False,0.0,7.0,0.0,4.4906221428528506,True,0.528123633183246,False,4.4906221428528506,True,1.2255276198952222e-08,False,6.0,True
2025,B,1527,1780450020.0,False,-1,,10,True,0.0,7.0,0.0,-1.1247158949905893,False,0.4220787706450773,False,-1.1247158949905893,False,0.09041902030251087,False,0.1353379726409912,False
2025,B,1528,1780450080.0,False,-1,,10,True,0.0,70.0,0.0,-0.20214670102424837,False,0.5442379695211932,False,-0.20214670102424837,False,0.7550870242908985,True,0.1551300048828125,False
2025,B,1529,1780450140.0,False,-1,,10,True,1.0,91.0,0.0,0.35336046951884814,False,0.6981673356452168,True,0.35336046951884814,False,0.002236796534265633,False,0.20002746582031194,False
2025,B,1530,1780450200.0,False,-1,,10,False,0.0,8.0,0.0,-0.747482063564358,False,0.41059527013268443,False,-0.747482063564358,False,0.12123243654708447,False,0.11039643287658693,False
2025,B,1531,1780450260.0,False,-1,,10,False,0.0,12.0,0.0,-1.704675179233651,False,0.3752183159922268,False,-1.704675179233651,False,0.24455063116099418,False,0.16212511062622073,False
2025,B,1532,1780450320.0,False,-1,,10,False,0.0,6.0,0.0,-1.5156387483858733,False,0.4231891426504326,False,-1.5156387483858733,False,0.06167876191882357,False,0.14443075656890866,False
2025,B,1533,1780450380.0,False,-1,,10,False,0.0,5.0,0.0,-1.11980007460605,False,0.4404298528525764,False,-1.11980007460605,False,0.036683938886476364,False,0.13880348205566406,False
2025,B,1534,1780450440.0,False,-1,,10,False,0.0,5.0,0.0,-0.0956925506529247,False,0.4605359863288603,False,-0.0956925506529247,False,0.036683938886476364,False,0.10517759323120117,False
2025,B,1535,1780450500.0,False,-1,,10,False,0.0,5.0,0.0,-0.9392786253600356,False,0.4560335970286416,False,-0.9392786253600356,False,0.036683938886476364,False,0.13945083618164061,False
2025,B,1536,1780450560.0,False,-1,,10,False,0.0,10.0,0.0,-1.6018397278106598,False,0.38627913612458303,False,-1.6018397278106598,False,0.1842881608538789,False,0.14565665721893312,False
2025,B,1537,1780450620.0,True,126,dependency_timeout,10,False,0.0,9.0,0.0,3.8634256116836907,True,0.45269803738669023,False,3.8634256116836907,True,0.15282910832620436,False,0.47495241165161134,False
2025,B,1538,1780450680.0,True,126,dependency_timeout,10,False,2.0,13.0,0.0,4.490681288578891,True,0.6891443509206343,False,4.490681288578891,True,1.0,True,20.058129119873048,True
2025,B,1539,1780450740.0,True,126,dependency_timeout,10,False,0.0,10.0,0.0,4.490681288578891,True,0.5551505677023083,False,4.490681288578891,True,1.0,True,999999999.9999999,True
2025,B,1540,1780450800.0,True,126,dependency_timeout,10,False,1.0,8.0,0.0,4.490681288578891,True,0.6927848891454909,True,4.490681288578891,True,1.0,True,1999999999.9999998,True
2025,B,1541,1780450860.0,False,-1,,10,False,0.0,6.0,0.0,-0.5868439833876442,False,0.4662288381473125,False,-0.5868439833876442,False,0.06167876191882357,False,0.12039780616760255,False
2025,B,1542,1780450920.0,False,-1,,10,False,0.0,3.0,0.0,-0.48751982940746164,False,0.5490678366311,False,-0.48751982940746164,False,0.005277466365621823,False,0.16501946449279786,False
2025,B,1543,1780450980.0,False,-1,,10,False,0.0,8.0,0.0,-1.6377183778459,False,0.3887724476457636,False,-1.6377183778459,False,0.12123243654708447,False,0.1547410011291504,False
2025,B,1544,1780451040.0,False,-1,,10,False,0.0,10.0,0.0,-1.1209589274265692,False,0.398195949841853,False,-1.1209589274265692,False,0.1842881608538789,False,0.13810253143310547,False
2025,B,1545,1780451100.0,False,-1,,10,False,0.0,10.0,0.0,-1.1595949811522006,False,0.3961785807854743,False,-1.1595949811522006,False,0.1842881608538789,False,0.12638392448425292,False
2025,B,1546,1780451160.0,False,-1,,10,False,0.0,9.0,0.0,-1.0658367975437777,False,0.3921670644653507,False,-1.0658367975437777,False,0.15282910832620436,False,0.12908706665039063,False
2025,B,1547,1780451220.0,False,-1,,10,False,0.0,4.0,0.0,-0.9418426172295167,False,0.47385250632152176,False,-0.9418426172295167,False,0.017343794071682,False,0.12916419506072999,False
2025,B,1548,1780451280.0,True,127,permission_denied,10,False,0.0,9.0,0.0,3.625201618263742,True,0.4691167272512958,False,3.625201618263742,True,5.697685738116118e-07,False,1.0,False
2025,B,1549,1780451340.0,True,127,permission_denied,10,False,0.0,7.0,0.0,4.487414477006388,True,0.502371028335769,False,4.487414477006388,True,2.678742654327392e-07,False,4.0,True
2025,B,1550,1780451400.0,True,127,permission_denied,10,False,0.0,10.0,0.0,4.397087205584741,True,0.5060457469584961,False,4.397087205584741,True,4.5288868546304816e-07,False,2.0,True
2025,B,1551,1780451460.0,True,127,permission_denied,10,False,0.0,16.0,0.0,3.5739078105683393,True,0.45303414187922925,False,3.5739078105683393,True,1.3468684639690532e-06,False,1.0,False
2025,B,1552,1780451520.0,False,-1,,10,False,0.0,6.0,0.0,-1.1130785425011567,False,0.435176939412296,False,-1.1130785425011567,False,0.06167876191882357,False,0.10822701454162598,False
2025,B,1553,1780451580.0,False,-1,,10,False,0.0,7.0,0.0,-1.1156544745022954,False,0.43656419361744864,False,-1.1156544745022954,False,0.09041902030251087,False,0.17770009040832518,False
2025,B,1554,1780451640.0,False,-1,,10,False,0.0,5.0,0.0,-0.8129499524522741,False,0.48519198782621864,False,-0.8129499524522741,False,0.036683938886476364,False,0.12507524490356445,False
2025,B,1555,1780451700.0,False,-1,,10,False,0.0,3.0,0.0,-1.0048514755779987,False,0.5067797864756632,False,-1.0048514755779987,False,0.005277466365621823,False,0.12477288246154786,False
2025,B,1556,1780451760.0,False,-1,,10,False,0.0,8.0,0.0,-1.1907495849431653,False,0.3991173381769,False,-1.1907495849431653,False,0.12123243654708447,False,0.13842697143554689,False
2025,B,1557,1780451820.0,False,-1,,10,False,0.0,3.0,0.0,-0.38442958325391086,False,0.5327143757918633,False,-0.38442958325391086,False,0.005277466365621823,False,0.10478196144104004,False
2025,B,1558,1780451880.0,False,-1,,10,False,0.0,4.0,0.0,-0.8608304133673501,False,0.4744678138746946,False,-0.8608304133673501,False,0.017343794071682,False,0.13036036491394043,False
2025,B,1559,1780451940.0,True,128,resource_exhaustion,10,False,0.0,9.0,0.0,4.490681288578891,True,0.5382837776109349,False,4.490681288578891,True,0.15282910832620436,False,0.2818863868713379,False
2025,B,1560,1780452000.0,True,128,resource_exhaustion,10,False,3.0,10.0,0.0,4.490681288578891,True,0.7056433388465585,True,4.490681288578891,True,1.0,True,1999999999.9999998,True
2025,B,1561,1780452060.0,True,128,resource_exhaustion,10,False,1.0,5.0,0.0,4.490681288578891,True,0.7214878720506059,True,4.490681288578891,True,1.0,True,1999999999.9999998,True
2025,B,1562,1780452120.0,False,-1,,10,False,0.0,6.0,0.0,-1.2385207700257546,False,0.41535997073419045,False,-1.2385207700257546,False,0.06167876191882357,False,0.12757587432861328,False
2025,B,1563,1780452180.0,False,-1,,10,False,0.0,7.0,0.0,-1.5403293729304872,False,0.4129585739960121,False,-1.5403293729304872,False,0.09041902030251087,False,0.12959518432617187,False
2025,B,1564,1780452240.0,False,-1,,10,True,0.0,64.0,0.0,0.12042386398493932,False,0.5323657262637604,False,0.12042386398493932,False,0.7401444425080903,True,0.1632935523986816,False
2025,B,1565,1780452300.0,False,-1,,10,True,1.0,68.0,0.0,0.15018958847321606,False,0.6660687379640128,False,0.15018958847321606,False,0.0011897731150767514,False,0.1554795980453491,False
2025,B,1566,1780452360.0,False,-1,,10,True,0.0,10.0,0.0,-0.8089279836218175,False,0.40698834066087086,False,-0.8089279836218175,False,0.1842881608538789,False,0.15193312168121337,False
2025,B,1567,1780452420.0,False,-1,,10,False,0.0,7.0,0.0,-1.5556616326266655,False,0.4013476828664195,False,-1.5556616326266655,False,0.09041902030251087,False,0.13659200668334961,False
2025,B,1568,1780452480.0,False,-1,,10,False,0.0,9.0,0.0,-1.531563668125524,False,0.39555518635924736,False,-1.531563668125524,False,0.15282910832620436,False,0.15103302001953126,False
2025,B,1569,1780452540.0,False,-1,,10,False,0.0,8.0,0.0,-1.4947736373838731,False,0.4035911511045441,False,-1.4947736373838731,False,0.12123243654708447,False,0.1522059440612793,False
2025,B,1570,1780452600.0,False,-1,,10,False,0.0,5.0,0.0,-1.3568703616107483,False,0.45007534975287006,False,-1.3568703616107483,False,0.036683938886476364,False,0.11848459243774416,False
2025,B,1571,1780452660.0,True,129,permission_denied,10,False,0.0,15.0,0.0,4.280099332170569,True,0.44747852249528847,False,4.280099332170569,True,6.902434142488211e-07,False,2.0,True
2025,B,1572,1780452720.0,True,129,permission_denied,10,False,0.0,6.0,0.0,4.0805060374928095,True,0.5515846808637083,False,4.0805060374928095,True,3.0487245092734845e-07,False,1.0,False
2025,B,1573,1780452780.0,True,129,permission_denied,10,False,0.0,7.0,0.0,3.7220413652433626,True,0.47489097495002774,False,3.7220413652433626,True,3.874955694134124e-07,False,1.0,False
2025,B,1574,1780452840.0,True,129,permission_denied,10,False,0.0,6.0,0.0,4.4903743428072636,True,0.532591607866744,False,4.4903743428072636,True,2.0184601646718976e-07,False,5.0,True
2025,B,1575,1780452900.0,True,129,permission_denied,10,False,0.0,4.0,0.0,-1.3105409774522387,False,0.46783330962371095,False,-1.3105409774522387,False,0.017343794071682,False,0.12485756874084472,False
2025,B,1576,1780452960.0,False,-1,,10,False,0.0,11.0,0.0,-0.8509711358234275,False,0.40899105756037035,False,-0.8509711358234275,False,0.21499157607060515,False,0.14268827438354495,False
2025,B,1577,1780453020.0,False,-1,,10,False,0.0,6.0,0.0,-1.530528694262009,False,0.42377644393693165,False,-1.530528694262009,False,0.06167876191882357,False,0.12309479713439941,False
2025,B,1578,1780453080.0,False,-1,,10,False,0.0,6.0,0.0,-1.2197893344757782,False,0.4167223865144163,False,-1.2197893344757782,False,0.06167876191882357,False,0.13167953491210938,False
2025,B,1579,1780453140.0,False,-1,,10,False,0.0,9.0,0.0,-0.7782406244196629,False,0.40567425052323264,False,-0.7782406244196629,False,0.15282910832620436,False,0.11541357040405276,False
2025,B,1580,1780453200.0,False,-1,,10,False,0.0,11.0,0.0,-1.2777606464415427,False,0.4025147384092718,False,-1.2777606464415427,False,0.21499157607060515,False,0.19317555427551272,False
2025,B,1581,1780453260.0,False,-1,,10,False,0.0,5.0,0.0,0.32025806353184105,False,0.5030750234799303,False,0.32025806353184105,False,0.036683938886476364,False,0.13322744369506836,False
2025,B,1582,1780453320.0,False,-1,,10,False,0.0,6.0,0.0,-0.8584776749212883,False,0.4262728811941443,False,-0.8584776749212883,False,0.06167876191882357,False,0.11607539653778076,False
2025,B,1583,1780453380.0,False,-1,,10,False,0.0,9.0,0.0,-1.4606697159998001,False,0.38800951413162893,False,-1.4606697159998001,False,0.15282910832620436,False,0.13800401687622071,False
2025,B,1584,1780453440.0,True,130,config_error,10,False,0.0,10.0,0.0,-1.3771374687665547,False,0.38989484222255877,False,-1.3771374687665547,False,0.1842881608538789,False,0.1337125062942505,False
2025,B,1585,1780453500.0,True,130,config_error,10,False,0.0,5.0,0.0,4.489410074174803,True,0.5536101595586711,False,4.489410074174803,True,1.7312471115552824e-07,False,4.0,True
2025,B,1586,1780453560.0,True,130,config_error,10,False,0.0,4.0,0.0,4.490531905622624,True,0.6248016581231853,False,4.490531905622624,True,8.895036907375472e-08,False,4.0,True
2025,B,1587,1780453620.0,True,130,config_error,10,False,0.0,6.0,0.0,4.490645954416267,True,0.5234426713349551,False,4.490645954416267,True,7.215775864788225e-09,False,6.0,True
2025,B,1588,1780453680.0,True,130,config_error,10,False,0.0,7.0,0.0,4.488133207701309,True,0.519427795901598,False,4.488133207701309,True,3.988915997586908e-07,False,4.0,True
2025,B,1589,1780453740.0,False,-1,,10,False,0.0,7.0,0.0,-1.618256927118697,False,0.40216940914456023,False,-1.618256927118697,False,0.09041902030251087,False,0.15873985290527343,False
2025,B,1590,1780453800.0,False,-1,,10,False,0.0,9.0,0.0,-1.0866992303593497,False,0.4034323336361498,False,-1.0866992303593497,False,0.15282910832620436,False,0.15125026702880862,False
2025,B,1591,1780453860.0,False,-1,,10,False,0.0,5.0,0.0,-0.5384880258889844,False,0.4670038387996173,False,-0.5384880258889844,False,0.036683938886476364,False,0.1348870277404785,False
2025,B,1592,1780453920.0,False,-1,,10,False,0.0,2.0,0.0,-0.08500091971323975,False,0.594653084444085,False,-0.08500091971323975,False,0.0005433478593949257,False,0.12955324649810793,False
2025,B,1593,1780453980.0,False,-1,,10,False,0.0,9.0,0.0,-1.65944731270866,False,0.3886362334788071,False,-1.65944731270866,False,0.15282910832620436,False,0.14537878036499025,False
2025,B,1594,1780454040.0,False,-1,,10,False,0.0,2.0,0.0,-0.48509043419617015,False,0.5920287889867984,False,-0.48509043419617015,False,0.0005433478593949257,False,0.12126984596252441,False
2025,B,1595,1780454100.0,False,-1,,10,False,0.0,6.0,0.0,-0.544788671243448,False,0.44269045704300874,False,-0.544788671243448,False,0.06167876191882357,False,0.1286988258361816,False
2025,B,1596,1780454160.0,False,-1,,10,False,0.0,4.0,0.0,-0.2734807849450114,False,0.511850791522832,False,-0.2734807849450114,False,0.017343794071682,False,0.1285994291305542,False
2025,B,1597,1780454220.0,False,-1,,10,False,0.0,3.0,0.0,-0.7611920221259529,False,0.5130362004715965,False,-0.7611920221259529,False,0.005277466365621823,False,0.1479590892791748,False
2025,B,1598,1780454280.0,True,131,resource_exhaustion,10,False,0.0,7.0,0.0,4.490681288578891,True,0.5494925632505522,False,4.490681288578891,True,0.09041902030251087,False,0.2831997394561767,False
2025,B,1599,1780454340.0,True,131,resource_exhaustion,10,False,0.0,6.0,0.0,4.490681288578891,True,0.5672736526962492,False,4.490681288578891,True,0.06167876191882357,False,0.30711829662323004,False
2025,B,1600,1780454400.0,True,131,resource_exhaustion,10,False,1.0,9.0,0.0,4.490681288578891,True,0.7003086489725863,True,4.490681288578891,True,1.0,True,999999999.9999999,True
2025,B,1601,1780454460.0,True,131,resource_exhaustion,10,False,1.0,5.0,0.0,4.490681288578891,True,0.7085482819582134,True,4.490681288578891,True,1.0,True,999999999.9999999,True
2025,B,1602,1780454520.0,False,-1,,11,False,0.0,3.0,0.0,-0.18851472710422623,False,0.5451851213779838,False,-0.18851472710422623,False,0.005277466365621823,False,0.12612614631652833,False
2025,B,1603,1780454580.0,False,-1,,11,False,0.0,9.0,0.0,-0.6570434394429405,False,0.4330604192713104,False,-0.6570434394429405,False,0.15282910832620436,False,0.2181103706359863,False
2025,B,1604,1780454640.0,False,-1,,11,False,0.0,6.0,0.0,-0.8561571949549744,False,0.4372586917084751,False,-0.8561571949549744,False,0.06167876191882357,False,0.14457213878631592,False
2025,B,1605,1780454700.0,False,-1,,11,False,0.0,8.0,0.0,-1.3034195895115985,False,0.40834794149666603,False,-1.3034195895115985,False,0.12123243654708447,False,0.12283716201782229,False
2025,B,1606,1780454760.0,False,-1,,11,False,0.0,7.0,0.0,-1.0933684711528207,False,0.4342854156104652,False,-1.0933684711528207,False,0.09041902030251087,False,0.20017180442810056,False
2025,B,1607,1780454820.0,False,-1,,11,False,0.0,6.0,0.0,-1.4830196268261995,False,0.4254579470119508,False,-1.4830196268261995,False,0.06167876191882357,False,0.12227559089660645,False
2025,B,1608,1780454880.0,False,-1,,11,False,0.0,11.0,0.0,-1.3755851373351256,False,0.3986756103623129,False,-1.3755851373351256,False,0.21499157607060515,False,0.17944550514221191,False
2025,B,1609,1780454940.0,False,-1,,11,False,0.0,7.0,0.0,-1.586171197898027,False,0.40415080692707955,False,-1.586171197898027,False,0.09041902030251087,False,0.1523367404937744,False
2025,B,1610,1780455000.0,False,-1,,11,False,0.0,3.0,0.0,-1.0652507094642143,False,0.5175338793812463,False,-1.0652507094642143,False,0.005277466365621823,False,0.10837697982788087,False
2025,B,1611,1780455060.0,False,-1,,11,False,0.0,9.0,0.0,-1.61665515262046,False,0.3935132797793111,False,-1.61665515262046,False,0.15282910832620436,False,0.15496950149536132,False
2025,B,1612,1780455120.0,False,-1,,11,False,0.0,9.0,0.0,-0.6437059280420687,False,0.40458744034043886,False,-0.6437059280420687,False,0.15282910832620436,False,0.13257904052734376,False
2025,B,1613,1780455180.0,True,132,permission_denied,11,False,0.0,8.0,0.0,4.358338780010988,True,0.4837893455851164,False,4.358338780010988,True,3.5713356261112387e-07,False,2.0,True
2025,B,1614,1780455240.0,True,132,permission_denied,11,False,0.0,5.0,0.0,3.8911832156293795,True,0.5292697623533508,False,3.8911832156293795,True,2.2872532276487335e-07,False,1.0,False
2025,B,1615,1780455300.0,True,132,permission_denied,11,False,0.0,5.0,0.0,-1.368925365473638,False,0.4370978042685231,False,-1.368925365473638,False,0.036683938886476364,False,0.11953001022338867,False
2025,B,1616,1780455360.0,False,-1,,11,False,0.0,7.0,0.0,-1.4474605354666163,False,0.4100655385103011,False,-1.4474605354666163,False,0.09041902030251087,False,0.16994471549987789,False
2025,B,1617,1780455420.0,False,-1,,11,False,0.0,4.0,0.0,-1.1131649563080455,False,0.47440780910937436,False,-1.1131649563080455,False,0.017343794071682,False,0.14697353839874266,False
2025,B,1618,1780455480.0,False,-1,,11,False,0.0,9.0,0.0,-0.27117194817308743,False,0.4170993689737203,False,-0.27117194817308743,False,0.15282910832620436,False,0.10920991897583007,False
2025,B,1619,1780455540.0,False,-1,,11,False,0.0,7.0,0.0,-0.9627184856099982,False,0.43389325657206856,False,-0.9627184856099982,False,0.09041902030251087,False,0.11094555854797364,False
2025,B,1620,1780455600.0,False,-1,,11,False,0.0,4.0,0.0,1.0219626984800976,False,0.546849942352049,False,1.0219626984800976,False,0.017343794071682,False,0.19732165336608884,False
2025,B,1621,1780455660.0,True,133,dependency_timeout,11,False,0.0,3.0,0.0,4.490681288578891,True,0.6606385537642413,False,4.490681288578891,True,1.0,True,20.06098527908325,True
2025,B,1622,1780455720.0,True,133,dependency_timeout,11,False,0.0,1.0,0.0,4.4906812869721,True,0.6949927808109645,True,4.4906812869721,True,4.602080067180691e-07,False,0.5524230003356934,False
2025,B,1623,1780455780.0,True,133,dependency_timeout,11,False,0.0,6.0,0.0,4.490681288578891,True,0.594401469465122,False,4.490681288578891,True,1.0,True,20.040726661682132,True
2025,B,1624,1780455840.0,True,133,dependency_timeout,11,False,0.0,7.0,0.0,4.490681288578891,True,0.5729075493083662,False,4.490681288578891,True,1.0,True,18.888793230056752,True
2025,B,1625,1780455900.0,False,-1,,11,False,0.0,5.0,0.0,0.7700620667729932,False,0.5342845225055514,False,0.7700620667729932,False,0.036683938886476364,False,0.09210586547851562,False
2025,B,1626,1780455960.0,False,-1,,11,False,0.0,3.0,0.0,-0.6380805949084927,False,0.5048471301872907,False,-0.6380805949084927,False,0.005277466365621823,False,0.11950564384460449,False
2025,B,1627,1780456020.0,False,-1,,11,False,0.0,6.0,0.0,-0.8892889479220649,False,0.4479653566974687,False,-0.8892889479220649,False,0.06167876191882357,False,0.10488903522491455,False
2025,B,1628,1780456080.0,False,-1,,11,False,0.0,8.0,0.0,-0.70196418644296,False,0.41520976311541996,False,-0.70196418644296,False,0.12123243654708447,False,0.13522639274597167,False
2025,B,1629,1780456140.0,False,-1,,11,False,0.0,6.0,0.0,-1.2034609805320615,False,0.43228557922496197,False,-1.2034609805320615,False,0.06167876191882357,False,0.11241948604583739,False
2025,B,1630,1780456200.0,False,-1,,11,False,0.0,4.0,0.0,-0.6078209183876515,False,0.4941850373966939,False,-0.6078209183876515,False,0.017343794071682,False,0.1349017858505249,False
2025,B,1631,1780456260.0,False,-1,,11,False,0.0,3.0,0.0,-0.4631129810627499,False,0.5186982978777616,False,-0.4631129810627499,False,0.005277466365621823,False,0.10076227188110351,False
2025,B,1632,1780456320.0,False,-1,,11,False,0.0,9.0,0.0,-1.3922794142875325,False,0.39245816000753064,False,-1.3922794142875325,False,0.15282910832620436,False,0.1287750244140625,False
2025,B,1633,1780456380.0,True,134,config_error,11,False,0.0,7.0,0.0,4.490627757796254,True,0.5640759460857173,False,4.490627757796254,True,1.2255276198952222e-08,False,6.0,True
2025,B,1634,1780456440.0,True,134,config_error,11,False,0.0,8.0,0.0,4.490666280878466,True,0.5093363221325208,False,4.490666280878466,True,5.3722672869839186e-09,False,7.0,True
2025,B,1635,1780456500.0,True,134,config_error,11,False,0.0,1.0,0.0,4.420838272254196,True,0.7067144786709113,True,4.420838272254196,True,4.602080067180691e-07,False,0.03919124603271485,False
2025,B,1636,1780456560.0,True,134,config_error,11,False,0.0,5.0,0.0,4.424354508836521,True,0.5338674111773809,False,4.424354508836521,True,0.0007755424603816802,False,2.0,True
2025,B,1637,1780456620.0,False,-1,,11,False,0.0,9.0,0.0,-0.862125798670216,False,0.40043531771980373,False,-0.862125798670216,False,0.15282910832620436,False,0.1348790168762207,False
2025,B,1638,1780456680.0,False,-1,,11,False,0.0,12.0,0.0,-0.42151822092858104,False,0.5864398952667864,False,-0.42151822092858104,False,6.018157426521544e-05,False,1.0,False
2025,B,1639,1780456740.0,False,-1,,11,False,0.0,6.0,0.0,-1.163425147036298,False,0.463697331302887,False,-1.163425147036298,False,0.06167876191882357,False,0.1192396879196167,False
2025,B,1640,1780456800.0,False,-1,,11,False,0.0,3.0,0.0,0.6257782491941208,False,0.5560770447455984,False,0.6257782491941208,False,0.005277466365621823,False,0.14707560539245607,False
2025,B,1641,1780456860.0,False,-1,,11,False,0.0,6.0,0.0,-1.3765038879658489,False,0.42277217450827315,False,-1.3765038879658489,False,0.06167876191882357,False,0.1334899663925171,False
2025,B,1642,1780456920.0,False,-1,,11,False,0.0,8.0,0.0,-1.29050678660046,False,0.4122955625653025,False,-1.29050678660046,False,0.12123243654708447,False,0.1783846378326416,False
2025,B,1643,1780456980.0,False,-1,,11,False,0.0,6.0,0.0,-0.44121368892024826,False,0.46967210000058307,False,-0.44121368892024826,False,0.06167876191882357,False,0.13322198390960693,False
2025,B,1644,1780457040.0,False,-1,,11,False,0.0,2.0,0.0,-0.7236683906781858,False,0.6057404364861092,False,-0.7236683906781858,False,0.0005433478593949257,False,0.09836726188659668,False
2025,B,1645,1780457100.0,True,135,config_error,11,False,0.0,10.0,0.0,4.490680494531018,True,0.5182313154934631,False,4.490680494531018,True,1.6495495022327867e-09,False,9.0,True
2025,B,1646,1780457160.0,True,135,config_error,11,False,0.0,8.0,0.0,4.4906669937436705,True,0.5297826882522212,False,4.4906669937436705,True,5.3722672869839186e-09,False,7.0,True
2025,B,1647,1780457220.0,True,135,config_error,11,False,0.0,2.0,0.0,4.474428970949164,True,0.6314082950906084,False,4.474428970949164,True,7.822516387238785e-05,False,2.0,True
2025,B,1648,1780457280.0,False,-1,,11,False,0.0,7.0,0.0,-1.1208713459408006,False,0.4175199764119934,False,-1.1208713459408006,False,0.09041902030251087,False,0.15564775466918943,False
2025,B,1649,1780457340.0,False,-1,,11,False,0.0,5.0,0.0,-1.1448500892549198,False,0.4575755023788015,False,-1.1448500892549198,False,0.036683938886476364,False,0.15576620101928712,False
2025,B,1650,1780457400.0,False,-1,,11,False,0.0,5.0,0.0,-0.9028200087266702,False,0.4502068643011058,False,-0.9028200087266702,False,0.036683938886476364,False,0.13255252838134765,False
2025,B,1651,1780457460.0,False,-1,,11,False,0.0,6.0,0.0,0.1405953205435484,False,0.4868888479787106,False,0.1405953205435484,False,0.06167876191882357,False,0.18621838092803955,False
2025,B,1652,1780457520.0,False,-1,,11,False,0.0,9.0,0.0,-1.5031371264552398,False,0.3924673445924598,False,-1.5031371264552398,False,0.15282910832620436,False,0.14375677108764648,False
2025,B,1653,1780457580.0,False,-1,,11,False,0.0,3.0,0.0,-0.753888020891587,False,0.5796292176124019,False,-0.753888020891587,False,0.005277466365621823,False,0.08943014144897461,False
2025,B,1654,1780457640.0,False,-1,,11,False,0.0,7.0,0.0,-1.1888513615152734,False,0.40865833631931797,False,-1.1888513615152734,False,0.09041902030251087,False,0.1237553596496582,False
2025,B,1655,1780457700.0,False,-1,,11,False,0.0,6.0,0.0,-0.760041345384245,False,0.44632393794009345,False,-0.760041345384245,False,0.06167876191882357,False,0.13490593433380127,False
2025,B,1656,1780457760.0,False,-1,,11,False,0.0,6.0,0.0,-1.0702415173984274,False,0.42816705487683954,False,-1.0702415173984274,False,0.06167876191882357,False,0.12726294994354248,False
2025,B,1657,1780457820.0,True,136,config_error,11,False,0.0,2.0,0.0,4.105537168672065,True,0.6449692698880629,False,4.105537168672065,True,0.9985017090821183,True,1.0,False
2025,B,1658,1780457880.0,True,136,config_error,11,False,0.0,4.0,0.0,4.461209329313272,True,0.6018193765982423,False,4.461209329313272,True,0.0004727847310526842,False,2.0,True
2025,B,1659,1780457940.0,True,136,config_error,11,False,0.0,3.0,0.0,4.459554831713934,True,0.5943013191288403,False,4.459554831713934,True,0.00022379620222507112,False,2.0,True
2025,B,1660,1780458000.0,True,136,config_error,11,False,0.0,8.0,0.0,4.490603576167071,True,0.5176256452680357,False,4.490603576167071,True,1.8185690205608657e-08,False,6.0,True
2025,B,1661,1780458060.0,True,136,config_error,11,False,0.0,7.0,0.0,3.7943260733314275,True,0.5113900274769664,False,3.7943260733314275,True,0.9998231642840449,True,1.0,False
2025,B,1662,1780458120.0,False,-1,,11,False,0.0,2.0,0.0,-0.2860051515055444,False,0.6154890146096534,False,-0.2860051515055444,False,0.0005433478593949257,False,0.08720145225524903,False
2025,B,1663,1780458180.0,False,-1,,11,False,0.0,6.0,0.0,-1.411727459714922,False,0.4149935045658647,False,-1.411727459714922,False,0.06167876191882357,False,0.14187753200531006,False
2025,B,1664,1780458240.0,False,-1,,11,False,0.0,5.0,0.0,-0.8445973698251699,False,0.4699960608192774,False,-0.8445973698251699,False,0.036683938886476364,False,0.09635591506958008,False
2025,B,1665,1780458300.0,False,-1,,11,False,0.0,4.0,0.0,-0.9710045270519183,False,0.4766921838336934,False,-0.9710045270519183,False,0.017343794071682,False,0.12215585708618164,False
2025,B,1666,1780458360.0,False,-1,,11,False,0.0,3.0,0.0,-0.5817886133927423,False,0.5380312235036556,False,-0.5817886133927423,False,0.005277466365621823,False,0.1410529613494873,False
2025,B,1667,1780458420.0,False,-1,,11,False,0.0,5.0,0.0,-1.2101779468839187,False,0.45826746973624816,False,-1.2101779468839187,False,0.036683938886476364,False,0.11084890365600586,False
2025,B,1668,1780458480.0,False,-1,,11,False,0.0,6.0,0.0,-1.3830302327995723,False,0.42088394379716965,False,-1.3830302327995723,False,0.06167876191882357,False,0.17122328281402588,False
2025,B,1669,1780458540.0,True,137,dependency_timeout,11,False,0.0,5.0,0.0,-1.3491321963238994,False,0.4337058636662025,False,-1.3491321963238994,False,0.036683938886476364,False,0.12977914810180663,False
2025,B,1670,1780458600.0,True,137,dependency_timeout,11,False,0.0,3.0,0.0,4.490681288578891,True,0.6537136705719958,False,4.490681288578891,True,1.0,True,19.656562995910644,True
2025,B,1671,1780458660.0,True,137,dependency_timeout,11,False,2.0,8.0,0.0,4.490681288578891,True,0.6637696639807599,False,4.490681288578891,True,1.0,True,3000000000.0,True
2025,B,1672,1780458720.0,True,137,dependency_timeout,11,False,1.0,7.0,0.0,4.490681288578891,True,0.6907766186686191,False,4.490681288578891,True,1.0,True,20.039562892913818,True
2025,B,1673,1780458780.0,True,137,dependency_timeout,11,False,0.0,3.0,0.0,-0.7585411726036257,False,0.5574309487153111,False,-0.7585411726036257,False,0.005277466365621823,False,0.11331849098205567,False
2025,B,1674,1780458840.0,False,-1,,11,False,0.0,1.0,0.0,2.8267446889732777,True,0.7198292326244577,True,2.8267446889732777,True,4.602080067180691e-07,False,0.06732940673828125,False
2025,B,1675,1780458900.0,False,-1,,11,False,0.0,5.0,0.0,-1.252398348877799,False,0.4409945961770312,False,-1.252398348877799,False,0.036683938886476364,False,0.15242605209350585,False
2025,B,1676,1780458960.0,False,-1,,11,False,0.0,3.0,0.0,0.022912564793263535,False,0.5276284528932867,False,0.022912564793263535,False,0.005277466365621823,False,0.10926342010498047,False
2025,B,1677,1780459020.0,False,-1,,11,False,0.0,7.0,0.0,-1.6635072637245205,False,0.40413801463000915,False,-1.6635072637245205,False,0.09041902030251087,False,0.14301543235778807,False
2025,B,1678,1780459080.0,False,-1,,11,False,0.0,5.0,0.0,-0.5185187622315262,False,0.4832349928545764,False,-0.5185187622315262,False,0.036683938886476364,False,0.15282258987426758,False
2025,B,1679,1780459140.0,False,-1,,11,False,0.0,4.0,0.0,-0.9804716815109291,False,0.49016470304275206,False,-0.9804716815109291,False,0.017343794071682,False,0.10640921592712402,False
2025,B,1680,1780459200.0,False,-1,,11,False,0.0,3.0,0.0,-0.7728226428969105,False,0.5096597738077852,False,-0.7728226428969105,False,0.005277466365621823,False,0.14156041145324708,False
2025,B,1681,1780459260.0,True,138,permission_denied,11,False,0.0,4.0,0.0,4.16459369191198,True,0.5965788290918773,False,4.16459369191198,True,1.5985296608015084e-07,False,1.0,False
2025,B,1682,1780459320.0,True,138,permission_denied,11,False,0.0,7.0,0.0,4.478975102817377,True,0.6326013988452746,False,4.478975102817377,True,2.659608884077502e-06,False,5.0,True
2025,B,1683,1780459380.0,True,138,permission_denied,11,False,0.0,3.0,0.0,4.453001365306592,True,0.587462477809307,False,4.453001365306592,True,1.0939002247167858e-07,False,2.0,True
2025,B,1684,1780459440.0,True,138,permission_denied,11,False,0.0,7.0,0.0,4.407592630688354,True,0.5057809246472453,False,4.407592630688354,True,3.0898866361832297e-07,False,2.0,True
2025,B,1685,1780459500.0,False,-1,,11,False,0.0,6.0,0.0,-1.2036687469834106,False,0.4266118855940426,False,-1.2036687469834106,False,0.06167876191882357,False,0.13298320770263672,False
2025,B,1686,1780459560.0,False,-1,,11,False,0.0,8.0,0.0,-1.3348348725372805,False,0.3989033378317106,False,-1.3348348725372805,False,0.12123243654708447,False,0.149981951713562,False
2025,B,1687,1780459620.0,False,-1,,11,False,0.0,6.0,0.0,-1.3445491597817005,False,0.4154722203634538,False,-1.3445491597817005,False,0.06167876191882357,False,0.13180482387542725,False
2025,B,1688,1780459680.0,False,-1,,11,False,0.0,3.0,0.0,-0.8474423577378722,False,0.5750494211355366,False,-0.8474423577378722,False,0.005277466365621823,False,0.08899135589599609,False
2025,B,1689,1780459740.0,False,-1,,11,False,0.0,4.0,0.0,-0.9606082447277053,False,0.4936701058135046,False,-0.9606082447277053,False,0.017343794071682,False,0.16261186599731445,False
2025,B,1690,1780459800.0,False,-1,,11,False,0.0,6.0,0.0,-0.8434254972510464,False,0.4415834165672071,False,-0.8434254972510464,False,0.06167876191882357,False,0.1064220666885376,False
2025,B,1691,1780459860.0,False,-1,,11,False,0.0,3.0,0.0,-0.2585302121083872,False,0.5828993419859592,False,-0.2585302121083872,False,0.005277466365621823,False,0.1667142391204834,False
2025,B,1692,1780459920.0,False,-1,,11,False,0.0,7.0,0.0,-1.1004830751874604,False,0.4224859497819271,False,-1.1004830751874604,False,0.09041902030251087,False,0.11365861892700194,False
2025,B,1693,1780459980.0,False,-1,,11,False,0.0,6.0,0.0,-1.37434995828038,False,0.4290217965692271,False,-1.37434995828038,False,0.06167876191882357,False,0.15011310577392578,False
2025,B,1694,1780460040.0,True,139,dependency_timeout,11,False,0.0,2.0,0.0,-0.8637731876057169,False,0.6162793780071352,False,-0.8637731876057169,False,0.0005433478593949257,False,0.10706224441528323,False
2025,B,1695,1780460100.0,True,139,dependency_timeout,11,False,1.0,5.0,0.0,4.490681288578891,True,0.6942059767159441,True,4.490681288578891,True,1.0,True,19.27089395523071,True
2025,B,1696,1780460160.0,True,139,dependency_timeout,11,False,0.0,7.0,0.0,4.490681288578891,True,0.5697273380773545,False,4.490681288578891,True,1.0,True,999999999.9999999,True
2025,B,1697,1780460220.0,True,139,dependency_timeout,11,False,2.0,7.0,0.0,4.490681288578891,True,0.6757202078107117,False,4.490681288578891,True,1.0,True,1999999999.9999998,True
2025,B,1698,1780460280.0,False,-1,,11,False,0.0,8.0,0.0,-1.0097828273974851,False,0.45043774063510716,False,-1.0097828273974851,False,0.12123243654708447,False,0.11587591171264648,False
2025,B,1699,1780460340.0,False,-1,,11,True,1.0,47.0,0.0,-0.11598778883994765,False,0.6239394270119043,False,-0.11598778883994765,False,0.0004826731067899838,False,0.1753457546234131,False
2025,B,1700,1780460400.0,False,-1,,11,True,0.0,54.0,0.0,-0.39780389706802133,False,0.5112664755655631,False,-0.39780389706802133,False,0.708709157267765,True,0.17619504928588867,False
2025,B,1701,1780460460.0,False,-1,,11,True,0.0,11.0,0.0,0.6259055028670617,False,0.45489256156022606,False,0.6259055028670617,False,0.21499157607060515,False,0.10226583480834961,False
2025,B,1702,1780460520.0,False,-1,,11,False,0.0,3.0,0.0,-0.06388129375787255,False,0.5237245358247535,False,-0.06388129375787255,False,0.005277466365621823,False,0.11785430908203123,False
2025,B,1703,1780460580.0,False,-1,,11,False,0.0,5.0,0.0,-1.105450473886231,False,0.4797965172707379,False,-1.105450473886231,False,0.036683938886476364,False,0.1420964241027832,False
2025,B,1704,1780460640.0,False,-1,,11,False,0.0,3.0,0.0,-1.0842830748065015,False,0.5072718346721226,False,-1.0842830748065015,False,0.005277466365621823,False,0.12059221267700197,False
2025,B,1705,1780460700.0,False,-1,,11,False,0.0,8.0,0.0,-1.052519580377206,False,0.41942758550284315,False,-1.052519580377206,False,0.12123243654708447,False,0.17863738536834717,False
2025,B,1706,1780460760.0,False,-1,,11,False,0.0,4.0,0.0,-0.7555907469610785,False,0.5140609396889952,False,-0.7555907469610785,False,0.017343794071682,False,0.1321617603302002,False
2025,B,1707,1780460820.0,False,-1,,11,False,0.0,3.0,0.0,-0.24272190433405694,False,0.5160899985942206,False,-0.24272190433405694,False,0.005277466365621823,False,0.10957975387573242,False
2025,B,1708,1780460880.0,True,140,resource_exhaustion,11,False,0.0,4.0,0.0,4.490681288578891,True,0.6115589620268972,False,4.490681288578891,True,0.017343794071682,False,0.3196537017822265,False
2025,B,1709,1780460940.0,True,140,resource_exhaustion,11,False,0.0,4.0,0.0,4.490681288578891,True,0.636632255758125,False,4.490681288578891,True,1.0,True,999999999.9999999,True
2025,B,1710,1780461000.0,True,140,resource_exhaustion,11,False,1.0,6.0,0.0,4.490681288578891,True,0.7085920476000175,True,4.490681288578891,True,1.0,True,999999999.9999999,True
2025,B,1711,1780461060.0,False,-1,,11,False,1.0,3.0,0.0,2.604233297789981,True,0.6461074221239264,False,2.604233297789981,True,1.7936014172140317e-10,False,0.12356123924255372,False
2025,B,1712,1780461120.0,False,-1,,11,False,0.0,6.0,0.0,-0.8906709777985835,False,0.4372890507576446,False,-0.8906709777985835,False,0.06167876191882357,False,0.11048281192779541,False
2025,B,1713,1780461180.0,False,-1,,11,False,0.0,10.0,0.0,-1.3318682854580386,False,0.39851995531361195,False,-1.3318682854580386,False,0.1842881608538789,False,0.14002554416656493,False
2025,B,1714,1780461240.0,False,-1,,11,False,0.0,7.0,0.0,-1.204665836292576,False,0.41384193398734753,False,-1.204665836292576,False,0.09041902030251087,False,0.14706926345825194,False
2025,B,1715,1780461300.0,False,-1,,11,False,0.0,7.0,0.0,-1.0879374377127453,False,0.4228948864660079,False,-1.0879374377127453,False,0.09041902030251087,False,0.11340961456298829,False
2025,B,1716,1780461360.0,False,-1,,11,False,0.0,7.0,0.0,-1.1175335138802094,False,0.4123345331712317,False,-1.1175335138802094,False,0.09041902030251087,False,0.13957366943359376,False
2025,B,1717,1780461420.0,False,-1,,11,False,0.0,3.0,0.0,0.04285794620660344,False,0.5443202576886019,False,0.04285794620660344,False,0.005277466365621823,False,0.13659591674804689,False
2025,B,1718,1780461480.0,True,141,resource_exhaustion,11,False,0.0,3.0,0.0,4.49068128857889,True,0.5749649899452259,False,4.49068128857889,True,0.005277466365621823,False,0.19722352027893067,False
2025,B,1719,1780461540.0,True,141,resource_exhaustion,11,False,1.0,9.0,0.0,4.490681288578891,True,0.7003086489725863,True,4.490681288578891,True,1.0,True,999999999.9999999,True
2025,B,1720,1780461600.0,True,141,resource_exhaustion,11,False,0.0,4.0,0.0,4.490681288578888,True,0.6025826612248582,False,4.490681288578888,True,0.017343794071682,False,0.2680755615234375,False
2025,B,1721,1780461660.0,True,141,resource_exhaustion,11,False,1.0,5.0,0.0,4.490681288578891,True,0.7126694210229546,True,4.490681288578891,True,1.0,True,999999999.9999999,True
2025,B,1722,1780461720.0,True,141,resource_exhaustion,11,False,1.0,5.0,0.0,4.490681288578891,True,0.7126694210229546,True,4.490681288578891,True,1.0,True,999999999.9999999,True
2025,B,1723,1780461780.0,False,-1,,11,False,0.0,3.0,0.0,-1.0698605753090789,False,0.511192345429116,False,-1.0698605753090789,False,0.005277466365621823,False,0.1176225185394287,False
2025,B,1724,1780461840.0,False,-1,,11,False,0.0,4.0,0.0,-1.019618841828736,False,0.4988071151833059,False,-1.019618841828736,False,0.017343794071682,False,0.14406883716583252,False
2025,B,1725,1780461900.0,False,-1,,11,False,0.0,6.0,0.0,-1.4611010466903522,False,0.4251542443280563,False,-1.4611010466903522,False,0.06167876191882357,False,0.12013959884643556,False
2025,B,1726,1780461960.0,False,-1,,11,False,0.0,7.0,0.0,-1.3409537986891573,False,0.4166576330571518,False,-1.3409537986891573,False,0.09041902030251087,False,0.15200004577636717,False
2025,B,1727,1780462020.0,False,-1,,11,False,0.0,11.0,0.0,-1.0425883484313827,False,0.42110677406664754,False,-1.0425883484313827,False,0.21499157607060515,False,0.18801140785217285,False
2025,B,1728,1780462080.0,False,-1,,11,False,0.0,9.0,0.0,-0.9931545562147157,False,0.4240899476581713,False,-0.9931545562147157,False,0.15282910832620436,False,0.1432039260864258,False
2025,B,1729,1780462140.0,False,-1,,11,False,0.0,6.0,0.0,-0.6576189519387539,False,0.44822859796134906,False,-0.6576189519387539,False,0.06167876191882357,False,0.12764668464660645,False
2025,B,1730,1780462200.0,False,-1,,11,False,0.0,5.0,0.0,-1.126867607136135,False,0.43889523899273825,False,-1.126867607136135,False,0.036683938886476364,False,0.13830051422119138,False
2025,B,1731,1780462260.0,False,-1,,11,False,0.0,4.0,0.0,-0.9803903968219343,False,0.4822860472849247,False,-0.9803903968219343,False,0.017343794071682,False,0.15679404735565186,False
2025,B,1732,1780462320.0,True,142,resource_exhaustion,11,False,0.0,5.0,0.0,4.490681288578891,True,0.5803548969852088,False,4.490681288578891,True,0.036683938886476364,False,0.3396773338317871,False
2025,B,1733,1780462380.0,True,142,resource_exhaustion,11,False,0.0,2.0,0.0,4.49068128857889,True,0.6293177300016184,False,4.49068128857889,True,0.0005433478593949257,False,0.1909548282623291,False
2025,B,1734,1780462440.0,True,142,resource_exhaustion,11,False,0.0,6.0,0.0,4.490681288578891,True,0.5525549196968609,False,4.490681288578891,True,0.06167876191882357,False,0.20163774490356448,False
2025,B,1735,1780462500.0,False,-1,,11,False,0.0,6.0,0.0,-0.8434731023898214,False,0.429064400891314,False,-0.8434731023898214,False,0.06167876191882357,False,0.11351656913757323,False
2025,B,1736,1780462560.0,False,-1,,11,False,0.0,4.0,0.0,-0.8406690425268737,False,0.5024755961401622,False,-0.8406690425268737,False,0.017343794071682,False,0.17351670265197755,False
2025,B,1737,1780462620.0,False,-1,,11,False,0.0,6.0,0.0,-1.1620119848894435,False,0.431560911214361,False,-1.1620119848894435,False,0.06167876191882357,False,0.17753612995147705,False
2025,B,1738,1780462680.0,False,-1,,11,False,0.0,10.0,0.0,-1.0416560767027843,False,0.40089307405426683,False,-1.0416560767027843,False,0.1842881608538789,False,0.13873541355133054,False
2025,B,1739,1780462740.0,False,-1,,11,False,0.0,4.0,0.0,-0.8984554197759689,False,0.47990322139250396,False,-0.8984554197759689,False,0.017343794071682,False,0.15947377681732175,False
2025,B,1740,1780462800.0,False,-1,,11,False,0.0,3.0,0.0,-0.553854430498836,False,0.5500401061451531,False,-0.553854430498836,False,0.005277466365621823,False,0.10385584831237793,False
2025,B,1741,1780462860.0,False,-1,,11,False,0.0,6.0,0.0,-1.0414143602189903,False,0.46162302726251914,False,-1.0414143602189903,False,0.06167876191882357,False,0.10722625255584717,False
2025,B,1742,1780462920.0,False,-1,,11,False,0.0,9.0,0.0,-1.0403890013491832,False,0.39475851619672525,False,-1.0403890013491832,False,0.15282910832620436,False,0.12961893081665038,False
2025,B,1743,1780462980.0,True,143,permission_denied,11,False,0.0,5.0,0.0,3.8964193018709654,True,0.5277967524804589,False,3.8964193018709654,True,2.2872532276487335e-07,False,1.0,False
2025,B,1744,1780463040.0,True,143,permission_denied,11,False,0.0,4.0,0.0,3.928033499204712,True,0.5756979796353779,False,3.928033499204712,True,1.5985296608015084e-07,False,1.0,False
2025,B,1745,1780463100.0,True,143,permission_denied,11,False,0.0,13.0,0.0,4.490676011134422,True,0.4890298765357733,False,4.490676011134422,True,3.8037108480668207e-07,False,8.0,True
2025,B,1746,1780463160.0,True,143,permission_denied,11,False,0.0,2.0,0.0,4.108947170067684,True,0.6478244191680415,False,4.108947170067684,True,4.838532117413589e-08,False,1.0,False
2025,B,1747,1780463220.0,False,-1,,12,False,0.0,6.0,0.0,-1.3004155318906703,False,0.4254214344963256,False,-1.3004155318906703,False,0.06167876191882357,False,0.15252172946929932,False
2025,B,1748,1780463280.0,False,-1,,12,False,0.0,6.0,0.0,-1.2299394701678619,False,0.44652878651303757,False,-1.2299394701678619,False,0.06167876191882357,False,0.11018931865692139,False
2025,B,1749,1780463340.0,False,-1,,12,False,0.0,3.0,0.0,-0.8798351366387358,False,0.508923476011783,False,-0.8798351366387358,False,0.005277466365621823,False,0.11306056976318361,False
2025,B,1750,1780463400.0,False,-1,,12,False,0.0,3.0,0.0,-0.13566422567858716,False,0.5402484553722507,False,-0.13566422567858716,False,0.005277466365621823,False,0.12635593414306642,False
2025,B,1751,1780463460.0,False,-1,,12,False,0.0,7.0,0.0,-1.5307340748148226,False,0.4224644789514205,False,-1.5307340748148226,False,0.09041902030251087,False,0.1364451885223389,False
2025,B,1752,1780463520.0,False,-1,,12,False,0.0,8.0,0.0,-0.7126985473907173,False,0.4291752258811381,False,-0.7126985473907173,False,0.12123243654708447,False,0.17320044040679933,False
2025,B,1753,1780463580.0,False,-1,,12,False,0.0,5.0,0.0,-1.3163172283482414,False,0.4301931233502941,False,-1.3163172283482414,False,0.036683938886476364,False,0.12499771118164063,False
2025,B,1754,1780463640.0,False,-1,,12,False,0.0,11.0,0.0,-1.383443189907993,False,0.3820070749841281,False,-1.383443189907993,False,0.21499157607060515,False,0.15471363067626956,False
2025,B,1755,1780463700.0,False,-1,,12,False,0.0,6.0,0.0,1.956323644778882,True,0.5913720241083849,False,1.956323644778882,True,9.47853505009112e-06,False,1.0,False
2025,B,1756,1780463760.0,False,-1,,12,False,0.0,8.0,0.0,-1.2059798042613492,False,0.39932696600082873,False,-1.2059798042613492,False,0.12123243654708447,False,0.13497660160064698,False
2025,B,1757,1780463820.0,False,-1,,12,False,0.0,9.0,0.0,-0.13402644967365074,False,0.41702772442879266,False,-0.13402644967365074,False,0.15282910832620436,False,0.11612977981567382,False
2025,B,1758,1780463880.0,True,144,config_error,12,False,0.0,4.0,0.0,4.482533634120288,True,0.5745801114564896,False,4.482533634120288,True,2.010390169731755e-06,False,3.0,True
2025,B,1759,1780463940.0,True,144,config_error,12,False,0.0,5.0,0.0,4.489561536098996,True,0.5550602293903938,False,4.489561536098996,True,1.7312471115552824e-07,False,4.0,True
2025,B,1760,1780464000.0,True,144,config_error,12,False,0.0,5.0,0.0,3.7863706635539724,True,0.5161583558683591,False,3.7863706635539724,True,0.9997321935674505,True,1.0,False
2025,B,1761,1780464060.0,False,-1,,12,False,0.0,8.0,0.0,-1.2489769516846136,False,0.4148587653820867,False,-1.2489769516846136,False,0.12123243654708447,False,0.15323362350463868,False
2025,B,1762,1780464120.0,False,-1,,12,False,0.0,7.0,0.0,-0.8902907418892596,False,0.42583472565467423,False,-0.8902907418892596,False,0.09041902030251087,False,0.12548890113830566,False
2025,B,1763,1780464180.0,False,-1,,12,False,0.0,4.0,0.0,-0.43112908991165266,False,0.4951437974959392,False,-0.43112908991165266,False,0.017343794071682,False,0.13222336769104004,False
2025,B,1764,1780464240.0,False,-1,,12,False,0.0,5.0,0.0,-0.379548483826623,False,0.4693456652607286,False,-0.379548483826623,False,0.036683938886476364,False,0.10138454437255862,False
2025,B,1765,1780464300.0,False,-1,,12,False,0.0,13.0,0.0,-1.2960322404544025,False,0.3820222961422529,False,-1.2960322404544025,False,0.2727417982240277,False,0.1591191291809082,False
2025,B,1766,1780464360.0,False,-1,,12,False,0.0,5.0,0.0,-0.5558810496887174,False,0.45396478647620925,False,-0.5558810496887174,False,0.036683938886476364,False,0.11440181732177736,False
2025,B,1767,1780464420.0,False,-1,,12,False,0.0,8.0,0.0,-0.8506907087795916,False,0.42975223327191886,False,-0.8506907087795916,False,0.12123243654708447,False,0.10494377613067629,False
2025,B,1768,1780464480.0,False,-1,,12,False,0.0,6.0,0.0,-1.3083773776183891,False,0.4212947777068095,False,-1.3083773776183891,False,0.06167876191882357,False,0.1256437301635742,False
2025,B,1769,1780464540.0,False,-1,,12,False,0.0,7.0,0.0,-1.0917232432219404,False,0.42680254110352156,False,-1.0917232432219404,False,0.09041902030251087,False,0.17158975601196286,False
2025,B,1770,1780464600.0,False,-1,,12,False,0.0,9.0,0.0,-1.0327813479619357,False,0.39713404022277926,False,-1.0327813479619357,False,0.15282910832620436,False,0.1330810546875,False
2025,B,1771,1780464660.0,True,145,resource_exhaustion,12,False,4.0,9.0,0.0,4.490681288578891,True,0.7261218017574039,True,4.490681288578891,True,1.0,True,3999999999.9999995,True
2025,B,1772,1780464720.0,True,145,resource_exhaustion,12,False,1.0,4.0,0.0,4.490681288578891,True,0.7252290949489674,True,4.490681288578891,True,1.0,True,999999999.9999999,True
2025,B,1773,1780464780.0,True,145,resource_exhaustion,12,False,1.0,5.0,0.0,4.490681288578891,True,0.7212438389199426,True,4.490681288578891,True,1.0,True,3000000000.0,True
2025,B,1774,1780464840.0,True,145,resource_exhaustion,12,False,4.0,11.0,0.0,4.490681288578891,True,0.7068849293123259,True,4.490681288578891,True,1.0,True,1999999999.9999998,True
2025,B,1775,1780464900.0,False,-1,,12,False,0.0,8.0,0.0,-1.1459672771063483,False,0.418837309605987,False,-1.1459672771063483,False,0.12123243654708447,False,0.16174602508544922,False
2025,B,1776,1780464960.0,False,-1,,12,False,0.0,6.0,0.0,-0.3751943910805533,False,0.49070669346309387,False,-0.3751943910805533,False,0.06167876191882357,False,0.16815459728240967,False
2025,B,1777,1780465020.0,False,-1,,12,False,0.0,6.0,0.0,-0.285980916311785,False,0.46636866317165865,False,-0.285980916311785,False,0.06167876191882357,False,0.15189290046691895,False
2025,B,1778,1780465080.0,False,-1,,12,False,0.0,6.0,0.0,-1.1595429537377164,False,0.45038388254917516,False,-1.1595429537377164,False,0.06167876191882357,False,0.10560500621795653,False
2025,B,1779,1780465140.0,False,-1,,12,False,0.0,5.0,0.0,-0.8470819563469556,False,0.44568407881100464,False,-0.8470819563469556,False,0.036683938886476364,False,0.11138496398925782,False
2025,B,1780,1780465200.0,False,-1,,12,False,0.0,8.0,0.0,-0.30166047410171704,False,0.4191624068793952,False,-0.30166047410171704,False,0.12123243654708447,False,0.12913475036621092,False
2025,B,1781,1780465260.0,False,-1,,12,False,0.0,8.0,0.0,-0.5853936763051246,False,0.42496525059758866,False,-0.5853936763051246,False,0.12123243654708447,False,0.1585369348526001,False
2025,B,1782,1780465320.0,False,-1,,12,False,0.0,9.0,0.0,-1.6706290400375616,False,0.38902599810283317,False,-1.6706290400375616,False,0.15282910832620436,False,0.14930143356323242,False
2025,B,1783,1780465380.0,False,-1,,12,False,0.0,8.0,0.0,-1.4539275176880846,False,0.4054454024574658,False,-1.4539275176880846,False,0.12123243654708447,False,0.1481837272644043,False
2025,B,1784,1780465440.0,False,-1,,12,False,0.0,4.0,0.0,-0.24943874376491948,False,0.5105002689883416,False,-0.24943874376491948,False,0.017343794071682,False,0.14076969623565674,False
2025,B,1785,1780465500.0,True,146,config_error,12,False,0.0,6.0,0.0,4.417522344897389,True,0.5383145501153198,False,4.417522344897389,True,0.0011271073863072156,False,2.0,True
2025,B,1786,1780465560.0,True,146,config_error,12,False,0.0,6.0,0.0,4.4906464434872335,True,0.5253519261173712,False,4.4906464434872335,True,7.215775864788225e-09,False,6.0,True
2025,B,1787,1780465620.0,True,146,config_error,12,False,0.0,6.0,0.0,4.48906166946815,True,0.574773478501779,False,4.48906166946815,True,2.8433804659277353e-07,False,4.0,True
2025,B,1788,1780465680.0,True,146,config_error,12,False,0.0,9.0,0.0,4.4906810172921485,True,0.5407078315020561,False,4.4906810172921485,True,1.0675176602147201e-09,False,9.0,True
2025,B,1789,1780465740.0,True,146,config_error,12,False,0.0,1.0,0.0,1.988298913618436,True,0.6537532437800991,False,1.988298913618436,True,4.602080067180691e-07,False,0.11646032333374023,False
2025,B,1790,1780465800.0,False,-1,,12,False,0.0,4.0,0.0,-0.6738496981101205,False,0.4744258209100716,False,-0.6738496981101205,False,0.017343794071682,False,0.11632473468780517,False
2025,B,1791,1780465860.0,False,-1,,12,False,0.0,9.0,0.0,-1.2578040576728915,False,0.3932330397894766,False,-1.2578040576728915,False,0.15282910832620436,False,0.12535314559936522,False
2025,B,1792,1780465920.0,False,-1,,12,False,0.0,4.0,0.0,-0.9207757430790142,False,0.48842835766617604,False,-0.9207757430790142,False,0.017343794071682,False,0.17604436874389648,False
2025,B,1793,1780465980.0,False,-1,,12,False,0.0,8.0,0.0,-0.8026700493551795,False,0.43341822797905605,False,-0.8026700493551795,False,0.12123243654708447,False,0.11086232662200927,False
2025,B,1794,1780466040.0,False,-1,,12,False,0.0,5.0,0.0,-1.4543071245918595,False,0.4646615305655389,False,-1.4543071245918595,False,0.036683938886476364,False,0.11606178283691407,False
2025,B,1795,1780466100.0,False,-1,,12,False,0.0,6.0,0.0,-1.6029100054949756,False,0.41568453064485866,False,-1.6029100054949756,False,0.06167876191882357,False,0.13934290409088135,False
2025,B,1796,1780466160.0,False,-1,,12,False,0.0,6.0,0.0,-1.2668898271905604,False,0.42266965093249936,False,-1.2668898271905604,False,0.06167876191882357,False,0.13854992389678955,False
2025,B,1797,1780466220.0,False,-1,,12,False,0.0,7.0,0.0,-1.3979518866333782,False,0.4076011742399394,False,-1.3979518866333782,False,0.09041902030251087,False,0.14108629226684571,False
2025,B,1798,1780466280.0,False,-1,,12,False,0.0,4.0,0.0,-0.7261210543454579,False,0.48783568822398093,False,-0.7261210543454579,False,0.017343794071682,False,0.127494215965271,False
2025,B,1799,1780466340.0,True,147,permission_denied,12,False,0.0,6.0,0.0,4.3882180366169425,True,0.4975662418090814,False,4.3882180366169425,True,2.6056968927679056e-07,False,2.0,True
2025,B,1800,1780466400.0,True,147,permission_denied,12,False,0.0,2.0,0.0,-0.23256184750030062,False,0.5942041942548043,False,-0.23256184750030062,False,0.0005433478593949257,False,0.10257325172424317,False
2025,B,1801,1780466460.0,True,147,permission_denied,12,False,0.0,11.0,0.0,4.490655995804296,True,0.4952772138361861,False,4.490655995804296,True,3.4477536480273123e-07,False,7.0,True
2025,B,1802,1780466520.0,False,-1,,12,False,0.0,5.0,0.0,-1.371076800723885,False,0.45560851822900844,False,-1.371076800723885,False,0.036683938886476364,False,0.1150115966796875,False
2025,B,1803,1780466580.0,False,-1,,12,False,0.0,9.0,0.0,-1.1732175416104065,False,0.412296032325349,False,-1.1732175416104065,False,0.15282910832620436,False,0.1376877784729004,False
2025,B,1804,1780466640.0,False,-1,,12,False,0.0,16.0,0.0,-0.738263266974684,False,0.41625107196068467,False,-0.738263266974684,False,0.3483801247404773,False,0.20135593414306638,False
2025,B,1805,1780466700.0,False,-1,,12,False,0.0,8.0,0.0,-0.9533851087596821,False,0.40131554275809683,False,-0.9533851087596821,False,0.12123243654708447,False,0.14649481773376466,False
2025,B,1806,1780466760.0,False,-1,,12,False,0.0,12.0,0.0,-1.2688211130877987,False,0.40476303492520604,False,-1.2688211130877987,False,0.24455063116099418,False,0.1991151571273804,False
2025,B,1807,1780466820.0,False,-1,,12,False,0.0,4.0,0.0,-0.4116787925595755,False,0.4889664690932244,False,-0.4116787925595755,False,0.017343794071682,False,0.10441341400146482,False
2025,B,1808,1780466880.0,False,-1,,12,False,0.0,8.0,0.0,-1.135328430770704,False,0.424631759079615,False,-1.135328430770704,False,0.12123243654708447,False,0.19624445438385002,False
2025,B,1809,1780466940.0,False,-1,,12,False,0.0,10.0,0.0,1.0439123374595778,False,0.602362923191956,False,1.0439123374595778,False,3.79967465558482e-05,False,1.0,False
2025,B,1810,1780467000.0,False,-1,,12,False,0.0,2.0,0.0,1.4448560315962906,True,0.6116434589170276,False,1.4448560315962906,True,0.0005433478593949257,False,0.09942224025726316,False
2025,B,1811,1780467060.0,True,148,resource_exhaustion,12,False,1.0,9.0,0.0,4.490681288578891,True,0.7014379636654743,True,4.490681288578891,True,1.0,True,1999999999.9999998,True
2025,B,1812,1780467120.0,True,148,resource_exhaustion,12,False,1.0,4.0,0.0,4.490681288578889,True,0.6873451239036046,False,4.490681288578889,True,2.9974597470246227e-09,False,0.20909838676452636,False
2025,B,1813,1780467180.0,True,148,resource_exhaustion,12,False,0.0,2.0,0.0,4.490681288578891,True,0.700017020329312,True,4.490681288578891,True,1.0,True,999999999.9999999,True
2025,B,1814,1780467240.0,True,148,resource_exhaustion,12,False,2.0,4.0,0.0,4.490681288578891,True,0.7331877215670701,True,4.490681288578891,True,1.0,True,999999999.9999999,True
2025,B,1815,1780467300.0,True,148,resource_exhaustion,12,False,0.0,9.0,0.0,4.490681287100561,True,0.4576932852596714,False,4.490681287100561,True,0.15282910832620436,False,0.16170015335083007,False
2025,B,1816,1780467360.0,False,-1,,12,False,0.0,9.0,0.0,-1.289640438836419,False,0.4017333950329226,False,-1.289640438836419,False,0.15282910832620436,False,0.12910737991333007,False
2025,B,1817,1780467420.0,False,-1,,12,False,0.0,6.0,0.0,-1.411978471538549,False,0.43831120903105303,False,-1.411978471538549,False,0.06167876191882357,False,0.14017438888549807,False
2025,B,1818,1780467480.0,False,-1,,12,False,0.0,10.0,0.0,-0.7372620744452583,False,0.41506718879441046,False,-0.7372620744452583,False,0.1842881608538789,False,0.11483933925628662,False
2025,B,1819,1780467540.0,False,-1,,12,False,0.0,8.0,0.0,-1.3010976983844031,False,0.3935792654856604,False,-1.3010976983844031,False,0.12123243654708447,False,0.12809500694274903,False
2025,B,1820,1780467600.0,False,-1,,12,False,0.0,8.0,0.0,-1.3380669030252044,False,0.4092506051080176,False,-1.3380669030252044,False,0.12123243654708447,False,0.14947166442871093,False
2025,B,1821,1780467660.0,False,-1,,12,False,0.0,3.0,0.0,0.871657444481909,False,0.5880666772645178,False,0.871657444481909,False,0.005277466365621823,False,0.09564342498779296,False
2025,B,1822,1780467720.0,True,149,dependency_timeout,12,False,0.0,7.0,0.0,4.490681288578891,True,0.5813720247718985,False,4.490681288578891,True,1.0,True,20.04433536529541,True
2025,B,1823,1780467780.0,True,149,dependency_timeout,12,False,0.0,7.0,0.0,4.490681288578891,True,0.5750679993062828,False,4.490681288578891,True,1.0,True,20.04948420524597,True
2025,B,1824,1780467840.0,True,149,dependency_timeout,12,False,1.0,10.0,0.0,4.490681288578891,True,0.6918275284980429,False,4.490681288578891,True,1.0,True,999999999.9999999,True
2025,B,1825,1780467900.0,False,-1,,12,False,0.0,4.0,0.0,-0.9217856120563699,False,0.48110710193419287,False,-0.9217856120563699,False,0.017343794071682,False,0.10729236602783203,False
2025,B,1826,1780467960.0,False,-1,,12,False,0.0,3.0,0.0,-0.6536513593151954,False,0.5128221909763875,False,-0.6536513593151954,False,0.005277466365621823,False,0.1280688762664795,False
2025,B,1827,1780468020.0,False,-1,,12,False,0.0,5.0,0.0,-1.058908643744962,False,0.4339370397176513,False,-1.058908643744962,False,0.036683938886476364,False,0.11913814544677737,False
2025,B,1828,1780468080.0,False,-1,,12,False,0.0,8.0,0.0,-1.3193315290951722,False,0.40679415003718344,False,-1.3193315290951722,False,0.12123243654708447,False,0.12784836292266846,False
2025,B,1829,1780468140.0,False,-1,,12,False,0.0,9.0,0.0,-1.3400044664339372,False,0.4099749266871551,False,-1.3400044664339372,False,0.15282910832620436,False,0.13907642364501954,False
2025,B,1830,1780468200.0,False,-1,,12,False,0.0,9.0,0.0,-0.911807270885161,False,0.40802482014385444,False,-0.911807270885161,False,0.15282910832620436,False,0.11611547470092773,False
2025,B,1831,1780468260.0,False,-1,,12,False,0.0,9.0,0.0,-0.7621633044892411,False,0.4220779825229453,False,-0.7621633044892411,False,0.15282910832620436,False,0.16834278106689454,False
2025,B,1832,1780468320.0,False,-1,,12,False,0.0,9.0,0.0,-0.6114253704087149,False,0.4239579231580792,False,-0.6114253704087149,False,0.15282910832620436,False,0.10316448211669922,False
2025,B,1833,1780468380.0,False,-1,,12,False,0.0,6.0,0.0,-1.445131991507707,False,0.45411878782380444,False,-1.445131991507707,False,0.06167876191882357,False,0.12663865089416504,False
2025,B,1834,1780468440.0,False,-1,,12,False,0.0,10.0,0.0,-0.09281288308550817,False,0.45605076455225674,False,-0.09281288308550817,False,0.1842881608538789,False,0.11202847957611085,False
2025,B,1835,1780468500.0,True,150,resource_exhaustion,12,False,0.0,9.0,0.0,-0.9539914393702356,False,0.39350125608234726,False,-0.9539914393702356,False,0.15282910832620436,False,0.12549924850463864,False
2025,B,1836,1780468560.0,True,150,resource_exhaustion,12,False,1.0,7.0,0.0,4.490681288578891,True,0.70301491500587,True,4.490681288578891,True,1.0,True,999999999.9999999,True
2025,B,1837,1780468620.0,True,150,resource_exhaustion,12,False,0.0,6.0,0.0,4.490681288578891,True,0.5672736526962492,False,4.490681288578891,True,0.06167876191882357,False,0.3201766014099121,False
2025,B,1838,1780468680.0,True,150,resource_exhaustion,12,False,0.0,10.0,0.0,4.490681288578761,True,0.503477934070492,False,4.490681288578761,True,0.1842881608538789,False,0.25797033309936523,False
2025,B,1839,1780468740.0,False,-1,,12,False,0.0,9.0,0.0,-1.2644659322054252,False,0.4089575890699087,False,-1.2644659322054252,False,0.15282910832620436,False,0.16578521728515624,False
2025,B,1840,1780468800.0,False,-1,,12,False,0.0,9.0,0.0,-0.3919875288285857,False,0.45174938894747946,False,-0.3919875288285857,False,0.15282910832620436,False,0.13854684829711914,False
2025,B,1841,1780468860.0,False,-1,,12,False,0.0,10.0,0.0,-1.2989006057739987,False,0.40160248544799476,False,-1.2989006057739987,False,0.1842881608538789,False,0.14303665161132811,False
2025,B,1842,1780468920.0,False,-1,,12,False,0.0,7.0,0.0,-1.6315123880111795,False,0.40923658027682824,False,-1.6315123880111795,False,0.09041902030251087,False,0.1377404689788818,False
2025,B,1843,1780468980.0,False,-1,,12,False,0.0,7.0,0.0,-0.9995960417960124,False,0.43098433377032197,False,-0.9995960417960124,False,0.09041902030251087,False,0.11940646171569826,False
2025,B,1844,1780469040.0,False,-1,,12,False,0.0,7.0,0.0,-1.5656487298374833,False,0.4120138353675237,False,-1.5656487298374833,False,0.09041902030251087,False,0.12971048355102538,False
2025,B,1845,1780469100.0,False,-1,,12,False,0.0,11.0,0.0,-1.6829273294505427,False,0.3784694931677724,False,-1.6829273294505427,False,0.21499157607060515,False,0.15920066833496094,False
2025,B,1846,1780469160.0,False,-1,,12,False,0.0,10.0,0.0,-0.9296785665326714,False,0.41486386442884654,False,-0.9296785665326714,False,0.1842881608538789,False,0.11470367908477783,False
2025,B,1847,1780469220.0,False,-1,,12,False,0.0,14.0,0.0,-1.1687897505049047,False,0.4042341085390706,False,-1.1687897505049047,False,0.29945633811066746,False,0.1866501092910766,False
2025,B,1848,1780469280.0,False,-1,,12,False,0.0,3.0,0.0,-0.029796230718693195,False,0.5854458847116285,False,-0.029796230718693195,False,0.005277466365621823,False,0.13558921813964844,False
2025,B,1849,1780469340.0,True,151,dependency_timeout,12,False,0.0,11.0,0.0,4.490681288578891,True,0.586056469999193,False,4.490681288578891,True,1.0,True,18.124026775360115,True
2025,B,1850,1780469400.0,True,151,dependency_timeout,12,False,2.0,7.0,0.0,4.490681288578891,True,0.7126413823447006,True,4.490681288578891,True,1.0,True,999999999.9999999,True
2025,B,1851,1780469460.0,True,151,dependency_timeout,12,False,0.0,7.0,0.0,4.490681288578891,True,0.5880967766473039,False,4.490681288578891,True,1.0,True,999999999.9999999,True
2025,B,1852,1780469520.0,True,151,dependency_timeout,12,False,0.0,4.0,0.0,4.490681288578891,True,0.6257335572425821,False,4.490681288578891,True,1.0,True,20.04385824203491,True
2025,B,1853,1780469580.0,False,-1,,12,False,0.0,6.0,0.0,-0.8331090463323427,False,0.42998412870111785,False,-0.8331090463323427,False,0.06167876191882357,False,0.1168973445892334,False
2025,B,1854,1780469640.0,False,-1,,12,False,0.0,15.0,0.0,-0.5473980815897876,False,0.40124046813365394,False,-0.5473980815897876,False,0.32466280815287585,False,0.14220924377441407,False
2025,B,1855,1780469700.0,False,-1,,12,False,0.0,13.0,0.0,-0.8379411083362474,False,0.3871012521502145,False,-0.8379411083362474,False,0.2727417982240277,False,0.12888870239257813,False
2025,B,1856,1780469760.0,False,-1,,12,False,0.0,13.0,0.0,-0.8188093158423992,False,0.4145293714872676,False,-0.8188093158423992,False,0.2727417982240277,False,0.12806081771850583,False
2025,B,1857,1780469820.0,False,-1,,12,False,0.0,9.0,0.0,-1.3197505456927274,False,0.39410640634258276,False,-1.3197505456927274,False,0.15282910832620436,False,0.14147281646728513,False
2025,B,1858,1780469880.0,False,-1,,12,False,0.0,7.0,0.0,-1.4787261349566734,False,0.4071382841759059,False,-1.4787261349566734,False,0.09041902030251087,False,0.1343647003173828,False
2025,B,1859,1780469940.0,False,-1,,12,False,0.0,11.0,0.0,-0.9484501271818697,False,0.3908248875190892,False,-0.9484501271818697,False,0.21499157607060515,False,0.12557649612426758,False
2025,B,1860,1780470000.0,True,152,dependency_timeout,12,False,0.0,6.0,0.0,4.490681288578891,True,0.5489798741933843,False,4.490681288578891,True,1.0,True,19.051710009574894,True
2025,B,1861,1780470060.0,True,152,dependency_timeout,12,False,1.0,11.0,0.0,4.490681288578891,True,0.6889635889194811,False,4.490681288578891,True,1.0,True,1999999999.9999998,True
2025,B,1862,1780470120.0,True,152,dependency_timeout,12,False,2.0,14.0,0.0,4.490681288578891,True,0.6866467275376225,False,4.490681288578891,True,1.0,True,20.068215131759644,True
2025,B,1863,1780470180.0,True,152,dependency_timeout,12,False,0.0,13.0,0.0,4.490681288578891,True,0.5368858970720427,False,4.490681288578891,True,1.0,True,17.76782913208006,True
2025,B,1864,1780470240.0,False,-1,,12,False,0.0,8.0,0.0,-1.6197625107969857,False,0.3967029286975476,False,-1.6197625107969857,False,0.12123243654708447,False,0.16017436981201172,False
2025,B,1865,1780470300.0,False,-1,,12,False,0.0,7.0,0.0,-1.3788395802837723,False,0.424968954853401,False,-1.3788395802837723,False,0.09041902030251087,False,0.17311577796936034,False
2025,B,1866,1780470360.0,False,-1,,12,False,0.0,7.0,0.0,-0.32185656053921274,False,0.4402254685763794,False,-0.32185656053921274,False,0.09041902030251087,False,0.09629025459289553,False
2025,B,1867,1780470420.0,False,-1,,12,False,0.0,10.0,0.0,-0.7022621861363199,False,0.4162096552296028,False,-0.7022621861363199,False,0.1842881608538789,False,0.1274813175201416,False
2025,B,1868,1780470480.0,False,-1,,12,False,0.0,11.0,0.0,-1.2565945818087547,False,0.3844604373949142,False,-1.2565945818087547,False,0.21499157607060515,False,0.13064932823181152,False
2025,B,1869,1780470540.0,False,-1,,12,False,0.0,9.0,0.0,-1.2415898605702331,False,0.3966240969171045,False,-1.2415898605702331,False,0.15282910832620436,False,0.14973230361938478,False
2025,B,1870,1780470600.0,False,-1,,12,False,0.0,12.0,0.0,-0.8353180778243328,False,0.41823233173635443,False,-0.8353180778243328,False,0.24455063116099418,False,0.12083132266998291,False
2025,B,1871,1780470660.0,False,-1,,12,False,0.0,8.0,0.0,0.9794280260490296,False,0.5908865970649283,False,0.9794280260490296,False,2.1111987732208197e-05,False,1.0,False
2025,B,1872,1780470720.0,True,153,permission_denied,12,False,0.0,10.0,0.0,4.461331389565268,True,0.47638298484117236,False,4.461331389565268,True,4.000377518458747e-07,False,3.0,True
2025,B,1873,1780470780.0,True,153,permission_denied,12,False,0.0,10.0,0.0,4.462460415972508,True,0.4860503866628914,False,4.462460415972508,True,4.000377518458747e-07,False,3.0,True
2025,B,1874,1780470840.0,True,153,permission_denied,12,False,0.0,14.0,0.0,4.490640060320916,True,0.458486454681947,False,4.490640060320916,True,4.2066231389400784e-07,False,7.0,True
2025,B,1875,1780470900.0,True,153,permission_denied,12,False,0.0,4.0,0.0,4.436512050828295,True,0.5528357164284117,False,4.436512050828295,True,1.619004532138423e-07,False,2.0,True
2025,B,1876,1780470960.0,True,153,permission_denied,12,False,0.0,8.0,0.0,-1.4405032555902375,False,0.40314096816053907,False,-1.4405032555902375,False,0.12123243654708447,False,0.1331047296524048,False
2025,B,1877,1780471020.0,False,-1,,12,False,0.0,4.0,0.0,-0.12003507428550808,False,0.5188681383636407,False,-0.12003507428550808,False,0.017343794071682,False,0.1544729232788086,False
2025,B,1878,1780471080.0,False,-1,,12,False,0.0,9.0,0.0,-1.6650259614064433,False,0.3856930601221162,False,-1.6650259614064433,False,0.15282910832620436,False,0.14320449829101561,False
2025,B,1879,1780471140.0,False,-1,,12,False,0.0,8.0,0.0,-1.4631795219654116,False,0.40605345213575306,False,-1.4631795219654116,False,0.12123243654708447,False,0.1293853521347046,False
2025,B,1880,1780471200.0,False,-1,,12,False,0.0,12.0,0.0,-1.3219996978737276,False,0.39551385357969476,False,-1.3219996978737276,False,0.24455063116099418,False,0.16673409938812256,False
2025,B,1881,1780471260.0,False,-1,,12,False,0.0,11.0,0.0,-0.701797152546753,False,0.40710696698533233,False,-0.701797152546753,False,0.21499157607060515,False,0.14313340187072754,False
2025,B,1882,1780471320.0,False,-1,,12,False,0.0,11.0,0.0,-1.1244625188328472,False,0.3852670329920768,False,-1.1244625188328472,False,0.21499157607060515,False,0.14682745933532712,False
2025,B,1883,1780471380.0,False,-1,,12,False,0.0,11.0,0.0,-0.6302326014523594,False,0.43464390373193246,False,-0.6302326014523594,False,0.21499157607060515,False,0.1584486961364746,False
2025,B,1884,1780471440.0,False,-1,,12,False,0.0,9.0,0.0,-1.6677490944186983,False,0.3874190504986058,False,-1.6677490944186983,False,0.15282910832620436,False,0.1599567413330078,False
2025,B,1885,1780471500.0,False,-1,,12,False,0.0,13.0,0.0,-1.627892040127299,False,0.37539130965544537,False,-1.627892040127299,False,0.2727417982240277,False,0.1605321884155273,False
2025,B,1886,1780471560.0,False,-1,,12,False,0.0,13.0,0.0,-1.0896916817251734,False,0.39487603305762,False,-1.0896916817251734,False,0.2727417982240277,False,0.1726802825927734,False
2025,B,1887,1780471620.0,True,154,permission_denied,12,False,0.0,6.0,0.0,-1.3735676182663985,False,0.41453620898938126,False,-1.3735676182663985,False,0.06167876191882357,False,0.1299711465835571,False
2025,B,1888,1780471680.0,True,154,permission_denied,12,False,0.0,9.0,0.0,4.490058173414161,True,0.5187332600049707,False,4.490058173414161,True,3.202175715830427e-07,False,5.0,True
2025,B,1889,1780471740.0,True,154,permission_denied,12,False,0.0,8.0,0.0,4.4865123832204485,True,0.5045357973285726,False,4.4865123832204485,True,3.045884688744793e-07,False,4.0,True
2025,B,1890,1780471800.0,False,-1,,12,False,0.0,9.0,0.0,-0.8360838036900029,False,0.40309501032327455,False,-0.8360838036900029,False,0.15282910832620436,False,0.1338958740234375,False
2025,B,1891,1780471860.0,False,-1,,12,False,1.0,10.0,0.0,0.4297058313621518,False,0.5900511165388223,False,0.4297058313621518,False,1.5689498596700683e-06,False,0.13800711631774903,False
2025,B,1892,1780471920.0,False,-1,,12,False,0.0,11.0,0.0,-1.15027826048195,False,0.3869688215047635,False,-1.15027826048195,False,0.21499157607060515,False,0.12509632110595703,False
2025,B,1893,1780471980.0,False,-1,,12,False,0.0,17.0,0.0,-0.9987761994208091,False,0.3948057668103787,False,-0.9987761994208091,False,0.370658671338492,False,0.13638544082641602,False
2025,B,1894,1780472040.0,False,-1,,12,False,0.0,11.0,0.0,-1.03425754897167,False,0.3956803577968042,False,-1.03425754897167,False,0.21499157607060515,False,0.1275484561920166,False
2025,B,1895,1780472100.0,False,-1,,12,False,0.0,9.0,0.0,-0.5518044660187922,False,0.4092577825045313,False,-0.5518044660187922,False,0.15282910832620436,False,0.131667423248291,False
2025,B,1896,1780472160.0,False,-1,,12,False,0.0,9.0,0.0,-0.35307752806230397,False,0.42282195474362383,False,-0.35307752806230397,False,0.15282910832620436,False,0.11595611572265625,False
2025,B,1897,1780472220.0,False,-1,,12,False,0.0,17.0,0.0,-1.323449755287191,False,0.3799528599568486,False,-1.323449755287191,False,0.370658671338492,False,0.13669309616088868,False
2025,B,1898,1780472280.0,False,-1,,12,False,0.0,16.0,0.0,-0.47694005238126547,False,0.5830734050112821,False,-0.47694005238126547,False,0.00012005714325630612,False,1.0,False
2025,B,1899,1780472340.0,False,-1,,12,True,0.0,52.0,0.0,-0.4915422349079055,False,0.5136101134513575,False,-0.4915422349079055,False,0.7011378581189666,True,0.1959551572799683,False
2025,B,1900,1780472400.0,False,-1,,12,True,0.0,102.0,0.0,0.2066729315789635,False,0.608709640269539,False,0.2066729315789635,False,0.8072699949650234,True,0.15258235931396483,False
2025,B,1901,1780472460.0,True,155,config_error,12,True,1.0,71.0,0.0,4.490681288578891,True,0.6935660841433693,True,4.490681288578891,True,4.024860049580624e-12,False,52.0,True
2025,B,1902,1780472520.0,True,155,config_error,12,False,0.0,9.0,0.0,4.490678203641652,True,0.5196351528559531,False,4.490678203641652,True,2.8033902788488824e-09,False,8.0,True
2025,B,1903,1780472580.0,True,155,config_error,12,False,0.0,13.0,0.0,4.490681270579493,True,0.5171500547098299,False,4.490681270579493,True,5.225297961406595e-10,False,12.0,True
2025,B,1904,1780472640.0,True,155,config_error,12,False,0.0,12.0,0.0,4.456245440166574,True,0.4635139482143121,False,4.456245440166574,True,1.967494641192684e-05,False,3.0,True
2025,B,1905,1780472700.0,False,-1,,13,False,0.0,6.0,0.0,-1.5073764524203082,False,0.41930102298012817,False,-1.5073764524203082,False,0.06167876191882357,False,0.12589848041534424,False
2025,B,1906,1780472760.0,False,-1,,13,False,0.0,16.0,0.0,-1.185883703282344,False,0.3787202747620587,False,-1.185883703282344,False,0.3483801247404773,False,0.14722442626953125,False
2025,B,1907,1780472820.0,False,-1,,13,False,0.0,10.0,0.0,1.0508187472417059,False,0.6004530151662962,False,1.0508187472417059,False,3.79967465558482e-05,False,1.0,False
2025,B,1908,1780472880.0,False,-1,,13,False,0.0,6.0,0.0,-1.086081467864056,False,0.44730010565237277,False,-1.086081467864056,False,0.06167876191882357,False,0.18998515605926514,False
2025,B,1909,1780472940.0,False,-1,,13,False,0.0,9.0,0.0,-1.5530021003871983,False,0.3955744243955472,False,-1.5530021003871983,False,0.15282910832620436,False,0.14378232955932618,False
2025,B,1910,1780473000.0,False,-1,,13,False,0.0,9.0,0.0,-0.13295204774788782,False,0.4812449204124239,False,-0.13295204774788782,False,0.15282910832620436,False,0.11245660781860352,False
2025,B,1911,1780473060.0,True,156,config_error,13,False,0.0,11.0,0.0,4.49056329643649,True,0.5052564724432497,False,4.49056329643649,True,3.4946492750151084e-08,False,6.0,True
2025,B,1912,1780473120.0,True,156,config_error,13,False,0.0,12.0,0.0,4.490680956592306,True,0.49485550344334756,False,4.490680956592306,True,1.4378947311619138e-09,False,10.0,True
2025,B,1913,1780473180.0,True,156,config_error,13,False,0.0,10.0,0.0,4.490680414440799,True,0.507069844263806,False,4.490680414440799,True,1.6495495022327867e-09,False,9.0,True
2025,B,1914,1780473240.0,True,156,config_error,13,False,0.0,12.0,0.0,4.456634610571071,True,0.4640088162977428,False,4.456634610571071,True,1.967494641192684e-05,False,3.0,True
2025,B,1915,1780473300.0,False,-1,,13,False,0.0,8.0,0.0,0.20467294680769665,False,0.4577960381733752,False,0.20467294680769665,False,0.12123243654708447,False,0.1398778438568115,False
2025,B,1916,1780473360.0,False,-1,,13,False,0.0,11.0,0.0,-1.528598745815347,False,0.38731094552165973,False,-1.528598745815347,False,0.21499157607060515,False,0.14368367195129395,False
2025,B,1917,1780473420.0,False,-1,,13,False,0.0,14.0,0.0,-1.2678707873097474,False,0.3838010244191584,False,-1.2678707873097474,False,0.29945633811066746,False,0.14868998527526855,False
2025,B,1918,1780473480.0,False,-1,,13,False,0.0,12.0,0.0,-0.7184027049925179,False,0.41767715235918557,False,-0.7184027049925179,False,0.24455063116099418,False,0.11438231468200684,False
2025,B,1919,1780473540.0,False,-1,,13,False,0.0,11.0,0.0,-1.4657552786137105,False,0.39007500587734967,False,-1.4657552786137105,False,0.21499157607060515,False,0.145627498626709,False
2025,B,1920,1780473600.0,False,-1,,13,False,0.0,15.0,0.0,-1.0681565848810184,False,0.40138504062316793,False,-1.0681565848810184,False,0.32466280815287585,False,0.17859058380126952,False
2025,B,1921,1780473660.0,False,-1,,13,False,0.0,13.0,0.0,-1.6427336824832395,False,0.37660998956187386,False,-1.6427336824832395,False,0.2727417982240277,False,0.15422973632812498,False
2025,B,1922,1780473720.0,False,-1,,13,False,0.0,16.0,0.0,-0.7941294957640821,False,0.387145450804669,False,-0.7941294957640821,False,0.3483801247404773,False,0.1278374195098877,False
2025,B,1923,1780473780.0,False,-1,,13,False,0.0,13.0,0.0,-1.45725274278107,False,0.39120608278787944,False,-1.45725274278107,False,0.2727417982240277,False,0.1520688056945801,False
2025,B,1924,1780473840.0,False,-1,,13,False,0.0,9.0,0.0,-0.88986824616254,False,0.40463308146430604,False,-0.88986824616254,False,0.15282910832620436,False,0.15166969299316407,False
2025,B,1925,1780473900.0,False,-1,,13,False,0.0,13.0,0.0,0.06176073376248947,False,0.462920386450745,False,0.06176073376248947,False,0.2727417982240277,False,0.11357822418212889,False
2025,B,1926,1780473960.0,True,157,permission_denied,13,False,0.0,15.0,0.0,4.490636844690459,True,0.4540132011997675,False,4.490636844690459,True,4.4329808334173596e-07,False,7.0,True
2025,B,1927,1780474020.0,True,157,permission_denied,13,False,0.0,15.0,0.0,4.490681253783466,True,0.48488369623403177,False,4.490681253783466,True,3.607362596070129e-07,False,12.0,True
2025,B,1928,1780474080.0,True,157,permission_denied,13,False,0.0,13.0,0.0,4.49065427852403,True,0.4952771585598944,False,4.49065427852403,True,3.969228316719764e-07,False,7.0,True
2025,B,1929,1780474140.0,False,-1,,13,False,0.0,12.0,0.0,-1.5495456761448114,False,0.37639918955419727,False,-1.5495456761448114,False,0.24455063116099418,False,0.1742278099060059,False
2025,B,1930,1780474200.0,False,-1,,13,False,0.0,19.0,0.0,-0.641314081586569,False,0.4024187412738317,False,-0.641314081586569,False,0.41118454089992934,False,0.12273116111755371,False
2025,B,1931,1780474260.0,False,-1,,13,False,0.0,12.0,0.0,-1.26526657819492,False,0.3806889186803528,False,-1.26526657819492,False,0.24455063116099418,False,0.1458045721054077,False
2025,B,1932,1780474320.0,False,-1,,13,False,1.0,15.0,0.0,0.005616218706093079,False,0.5833928770809614,False,0.005616218706093079,False,1.0626236745526425e-05,False,0.136080265045166,False
2025,B,1933,1780474380.0,False,-1,,13,False,0.0,16.0,0.0,-0.5948826463942254,False,0.4129129480734835,False,-0.5948826463942254,False,0.3483801247404773,False,0.19423937797546387,False
2025,B,1934,1780474440.0,False,-1,,13,False,0.0,15.0,0.0,-1.6077923796064182,False,0.37705416333747926,False,-1.6077923796064182,False,0.32466280815287585,False,0.14924502372741696,False
2025,B,1935,1780474500.0,True,158,config_error,13,False,0.0,13.0,0.0,4.490011564329854,True,0.4924444966802777,False,4.490011564329854,True,1.8379572199271124e-07,False,5.0,True
2025,B,1936,1780474560.0,True,158,config_error,13,False,0.0,14.0,0.0,4.490681282564739,True,0.5187786232213311,False,4.490681282564739,True,3.9182118690019393e-10,False,13.0,True
2025,B,1937,1780474620.0,True,158,config_error,13,False,0.0,11.0,0.0,4.490681079956698,True,0.5263529685558583,False,4.490681079956698,True,1.0586866194863236e-09,False,10.0,True
2025,B,1938,1780474680.0,True,158,config_error,13,False,0.0,9.0,0.0,4.490074012302853,True,0.4988955713075152,False,4.490074012302853,True,9.627983910734173e-08,False,5.0,True
2025,B,1939,1780474740.0,False,-1,,13,False,0.0,11.0,0.0,-0.5788719300301741,False,0.4194173753694232,False,-0.5788719300301741,False,0.21499157607060515,False,0.10826086997985841,False
2025,B,1940,1780474800.0,False,-1,,13,False,0.0,13.0,0.0,-1.3757232590472261,False,0.38112202381929194,False,-1.3757232590472261,False,0.2727417982240277,False,0.13692159652709962,False
2025,B,1941,1780474860.0,False,-1,,13,False,0.0,9.0,0.0,-1.0749286473961277,False,0.4054653771973148,False,-1.0749286473961277,False,0.15282910832620436,False,0.1235626220703125,False
2025,B,1942,1780474920.0,False,-1,,13,False,0.0,10.0,0.0,-1.4266329243787164,False,0.3906730729830256,False,-1.4266329243787164,False,0.1842881608538789,False,0.13540153503417968,False
2025,B,1943,1780474980.0,False,-1,,13,False,0.0,10.0,0.0,-1.167954156033403,False,0.40395444762919613,False,-1.167954156033403,False,0.1842881608538789,False,0.12954626083374024,False
2025,B,1944,1780475040.0,True,159,resource_exhaustion,13,False,0.0,16.0,0.0,-1.6011916453280355,False,0.3732351190968315,False,-1.6011916453280355,False,0.3483801247404773,False,0.15342772006988523,False
2025,B,1945,1780475100.0,True,159,resource_exhaustion,13,False,4.0,14.0,0.0,4.490681288578891,True,0.706759613148301,True,4.490681288578891,True,1.0,True,3000000000.0,True
2025,B,1946,1780475160.0,True,159,resource_exhaustion,13,False,1.0,16.0,0.0,4.490681288578891,True,0.6927619424015551,True,4.490681288578891,True,1.0,True,1999999999.9999998,True
2025,B,1947,1780475220.0,True,159,resource_exhaustion,13,False,3.0,13.0,0.0,4.490681288578891,True,0.7068557377872231,True,4.490681288578891,True,1.0,True,3000000000.0,True
2025,B,1948,1780475280.0,True,159,resource_exhaustion,13,False,1.0,11.0,0.0,4.490681288578891,True,0.6986112795293293,True,4.490681288578891,True,1.0,True,999999999.9999999,True
2025,B,1949,1780475340.0,False,-1,,13,False,0.0,17.0,0.0,-0.9736710733404781,False,0.39010114239381577,False,-0.9736710733404781,False,0.370658671338492,False,0.1282153129577637,False
2025,B,1950,1780475400.0,False,-1,,13,False,0.0,14.0,0.0,-1.4463123731121224,False,0.3872220581587507,False,-1.4463123731121224,False,0.29945633811066746,False,0.1726987838745117,False
2025,B,1951,1780475460.0,False,-1,,13,False,0.0,13.0,0.0,-0.4086339386160063,False,0.3959558444797392,False,-0.4086339386160063,False,0.2727417982240277,False,0.12264699935913087,False
2025,B,1952,1780475520.0,False,-1,,13,False,0.0,24.0,0.0,-1.6399094549992244,False,0.36672881873589397,False,-1.6399094549992244,False,0.4927421303739932,False,0.1728968858718872,False
2025,B,1953,1780475580.0,False,-1,,13,False,0.0,10.0,0.0,-0.49638359557856404,False,0.4095000541021105,False,-0.49638359557856404,False,0.1842881608538789,False,0.13283948898315429,False
2025,B,1954,1780475640.0,False,-1,,13,False,0.0,11.0,0.0,-1.4446083720037644,False,0.3793491438736598,False,-1.4446083720037644,False,0.21499157607060515,False,0.14156436920166018,False
2025,B,1955,1780475700.0,False,-1,,13,False,0.0,10.0,0.0,-1.2900692894579553,False,0.4067630889743222,False,-1.2900692894579553,False,0.1842881608538789,False,0.12536370754241943,False
2025,B,1956,1780475760.0,False,-1,,13,False,0.0,9.0,0.0,-1.4075180390335555,False,0.38982597931987356,False,-1.4075180390335555,False,0.15282910832620436,False,0.12881116867065429,False
2025,B,1957,1780475820.0,False,-1,,13,False,1.0,18.0,0.0,-0.13597430486202366,False,0.5768599775925709,False,-0.13597430486202366,False,2.2370771324069398e-05,False,0.15520503520965576,False
2025,B,1958,1780475880.0,True,160,resource_exhaustion,13,False,0.0,15.0,0.0,4.490681288578891,True,0.49540478138079413,False,4.490681288578891,True,0.32466280815287585,False,0.22778205871582027,False
2025,B,1959,1780475940.0,True,160,resource_exhaustion,13,False,2.0,13.0,0.0,4.490681288578891,True,0.7075734753125343,True,4.490681288578891,True,1.0,True,3000000000.0,True
2025,B,1960,1780476000.0,True,160,resource_exhaustion,13,False,3.0,17.0,0.0,4.490681288578891,True,0.7011755990621109,True,4.490681288578891,True,1.0,True,3000000000.0,True
2025,B,1961,1780476060.0,True,160,resource_exhaustion,13,False,0.0,20.0,0.0,4.490681288578882,True,0.49193313536563243,False,4.490681288578882,True,0.42959277422704245,False,0.26630001068115233,False
2025,B,1962,1780476120.0,False,-1,,13,False,0.0,10.0,0.0,-1.3310344949754471,False,0.392252845959939,False,-1.3310344949754471,False,0.1842881608538789,False,0.13424782752990722,False
2025,B,1963,1780476180.0,False,-1,,13,False,0.0,11.0,0.0,-1.133703602675932,False,0.39208696180820557,False,-1.133703602675932,False,0.21499157607060515,False,0.12339568138122559,False
2025,B,1964,1780476240.0,False,-1,,13,False,0.0,15.0,0.0,-1.224658366449817,False,0.40782739665825046,False,-1.224658366449817,False,0.32466280815287585,False,0.20337123870849605,False
2025,B,1965,1780476300.0,False,-1,,13,False,0.0,19.0,0.0,-1.1475595844145001,False,0.3740138790688653,False,-1.1475595844145001,False,0.41118454089992934,False,0.1586841106414795,False
2025,B,1966,1780476360.0,False,-1,,13,False,0.0,9.0,0.0,-1.6715647837211796,False,0.3931035668537112,False,-1.6715647837211796,False,0.15282910832620436,False,0.1606731414794922,False
2025,B,1967,1780476420.0,False,-1,,13,False,0.0,15.0,0.0,-1.4969273738716566,False,0.37994716978689685,False,-1.4969273738716566,False,0.32466280815287585,False,0.1643080711364746,False
2025,B,1968,1780476480.0,False,-1,,13,False,0.0,17.0,0.0,-1.5424446693259624,False,0.36869392026102976,False,-1.5424446693259624,False,0.370658671338492,False,0.1554032325744629,False
2025,B,1969,1780476540.0,False,-1,,13,True,1.0,120.0,0.0,0.4479172477433613,False,0.7050510316455637,True,0.4479172477433613,False,0.003851422030953757,False,0.1574703931808472,False
2025,B,1970,1780476600.0,True,161,resource_exhaustion,13,True,3.0,139.0,0.0,4.490681288578891,True,0.7675010675258431,True,4.490681288578891,True,1.0,True,3999999999.9999995,True
2025,B,1971,1780476660.0,True,161,resource_exhaustion,13,True,5.0,43.0,0.0,4.490681288578891,True,0.7121217587709882,True,4.490681288578891,True,1.0,True,6000000000.0,True
2025,B,1972,1780476720.0,True,161,resource_exhaustion,13,False,2.0,13.0,0.0,4.490681288578891,True,0.6989141639957488,True,4.490681288578891,True,1.0,True,999999999.9999999,True
2025,B,1973,1780476780.0,True,161,resource_exhaustion,13,False,4.0,16.0,0.0,4.490681288578891,True,0.7034546476193981,True,4.490681288578891,True,1.0,True,3999999999.9999995,True
2025,B,1974,1780476840.0,False,-1,,13,False,0.0,25.0,0.0,-1.4110904837213756,False,0.3702285287615394,False,-1.4110904837213756,False,0.5062783192703245,True,0.15964345932006835,False
2025,B,1975,1780476900.0,False,-1,,13,False,0.0,13.0,0.0,-0.26049680843246126,False,0.5813702368654584,False,-0.26049680843246126,False,7.323910716662782e-05,False,1.0,False
2025,B,1976,1780476960.0,False,-1,,13,False,0.0,17.0,0.0,-0.8229010775810286,False,0.3896538344932953,False,-0.8229010775810286,False,0.370658671338492,False,0.14645214080810548,False
2025,B,1977,1780477020.0,False,-1,,13,False,0.0,12.0,0.0,-0.9258284040065501,False,0.40978167236221763,False,-0.9258284040065501,False,0.24455063116099418,False,0.12669532299041747,False
2025,B,1978,1780477080.0,False,-1,,13,False,0.0,14.0,0.0,-0.8206561256472558,False,0.4051982958165276,False,-0.8206561256472558,False,0.29945633811066746,False,0.18256354331970215,False
2025,B,1979,1780477140.0,False,-1,,13,False,0.0,12.0,0.0,-1.5035887506339645,False,0.3749237645116196,False,-1.5035887506339645,False,0.24455063116099418,False,0.17060041427612305,False
2025,B,1980,1780477200.0,False,-1,,13,False,0.0,12.0,0.0,-1.118590902951369,False,0.3805949980933097,False,-1.118590902951369,False,0.24455063116099418,False,0.14530465602874754,False
2025,B,1981,1780477260.0,False,-1,,13,False,0.0,22.0,0.0,-1.0451695246238648,False,0.38428611136789925,False,-1.0451695246238648,False,0.46310969853896505,False,0.18000319004058835,False
2025,B,1982,1780477320.0,False,-1,,13,False,0.0,9.0,0.0,-1.3091910650411034,False,0.40009135971717963,False,-1.3091910650411034,False,0.15282910832620436,False,0.1306446075439453,False
2025,B,1983,1780477380.0,False,-1,,13,False,0.0,13.0,0.0,-1.303294400860401,False,0.38459698102067374,False,-1.303294400860401,False,0.2727417982240277,False,0.14930868148803705,False
2025,B,1984,1780477440.0,False,-1,,13,False,0.0,13.0,0.0,-1.3994157041583248,False,0.39251236333023576,False,-1.3994157041583248,False,0.2727417982240277,False,0.15370178222656247,False
2025,B,1985,1780477500.0,True,162,dependency_timeout,13,False,5.0,13.0,0.0,4.490681288578891,True,0.720518204767301,True,4.490681288578891,True,1.0,True,3999999999.9999995,True
2025,B,1986,1780477560.0,True,162,dependency_timeout,13,False,0.0,7.0,0.0,4.490681288578891,True,0.5668773561285826,False,4.490681288578891,True,1.0,True,18.892324304580683,True
2025,B,1987,1780477620.0,True,162,dependency_timeout,13,False,0.0,14.0,0.0,4.391474403432435,True,0.4328568089735318,False,4.391474403432435,True,0.29945633811066746,False,0.6460578680038448,False
2025,B,1988,1780477680.0,False,-1,,13,False,0.0,10.0,0.0,-0.8132236674661257,False,0.40817458645189764,False,-0.8132236674661257,False,0.1842881608538789,False,0.1151885986328125,False
2025,B,1989,1780477740.0,False,-1,,13,False,0.0,12.0,0.0,-1.2428863638469307,False,0.3870034666541536,False,-1.2428863638469307,False,0.24455063116099418,False,0.1457735538482666,False
2025,B,1990,1780477800.0,False,-1,,13,False,0.0,13.0,0.0,-1.43304158617625,False,0.3814261454999272,False,-1.43304158617625,False,0.2727417982240277,False,0.16230764389038083,False
2025,B,1991,1780477860.0,False,-1,,13,False,0.0,18.0,0.0,-1.5811794524584073,False,0.3651798660218694,False,-1.5811794524584073,False,0.391567299653465,False,0.15395264625549315,False
2025,B,1992,1780477920.0,False,-1,,13,False,0.0,9.0,0.0,-0.521010176146997,False,0.4155060115314354,False,-0.521010176146997,False,0.15282910832620436,False,0.1259714126586914,False
2025,B,1993,1780477980.0,False,-1,,13,False,0.0,11.0,0.0,-1.1389448391730976,False,0.4045932925315565,False,-1.1389448391730976,False,0.21499157607060515,False,0.1882600784301758,False
2025,B,1994,1780478040.0,False,-1,,13,False,0.0,13.0,0.0,-0.15741449667136553,False,0.4320239148323077,False,-0.15741449667136553,False,0.2727417982240277,False,0.1402912139892578,False
2025,B,1995,1780478100.0,False,-1,,13,False,0.0,26.0,0.0,-1.39192969616633,False,0.3759365509905532,False,-1.39192969616633,False,0.5190456887361276,True,0.16385316848754883,False
2025,B,1996,1780478160.0,False,-1,,13,False,0.0,17.0,0.0,-1.6166341052161641,False,0.3790730033446854,False,-1.6166341052161641,False,0.370658671338492,False,0.17822799682617188,False
2025,B,1997,1780478220.0,True,163,dependency_timeout,13,False,1.0,16.0,0.0,4.490681288578891,True,0.6476822551251942,False,4.490681288578891,True,1.0,True,999999999.9999999,True
2025,B,1998,1780478280.0,True,163,dependency_timeout,13,False,1.0,9.0,0.0,4.490681288578891,True,0.6828700143225305,False,4.490681288578891,True,1.0,True,999999999.9999999,True
2025,B,1999,1780478340.0,True,163,dependency_timeout,13,False,2.0,13.0,0.0,4.490681288578891,True,0.7002292966845577,True,4.490681288578891,True,1.0,True,1999999999.9999998,True
2025,B,2000,1780478400.0,True,163,dependency_timeout,13,False,1.0,19.0,0.0,4.490681288578891,True,0.6497742318707035,False,4.490681288578891,True,1.0,True,999999999.9999999,True
2025,B,2001,1780478460.0,False,-1,,13,False,0.0,16.0,0.0,-0.6341185576711919,False,0.3949644583947974,False,-0.6341185576711919,False,0.3483801247404773,False,0.13457131385803223,False
2025,B,2002,1780478520.0,False,-1,,13,False,0.0,18.0,0.0,-1.34848057377455,False,0.3725944397717813,False,-1.34848057377455,False,0.391567299653465,False,0.14581153392791746,False
2025,B,2003,1780478580.0,False,-1,,13,False,0.0,12.0,0.0,-1.5710361293318513,False,0.371125991408071,False,-1.5710361293318513,False,0.24455063116099418,False,0.15169973373413087,False
2025,B,2004,1780478640.0,False,-1,,13,False,0.0,21.0,0.0,-0.723387733336982,False,0.3893450825128019,False,-0.723387733336982,False,0.446874446272475,False,0.13356542587280273,False
2025,B,2005,1780478700.0,False,-1,,13,False,0.0,19.0,0.0,-1.5226378785665684,False,0.3723240241969208,False,-1.5226378785665684,False,0.41118454089992934,False,0.17278313636779785,False
2025,B,2006,1780478760.0,False,-1,,13,False,0.0,22.0,0.0,-1.2969448220767,False,0.37088834208477706,False,-1.2969448220767,False,0.46310969853896505,False,0.13839035034179686,False
2025,B,2007,1780478820.0,False,-1,,13,False,0.0,21.0,0.0,-1.2417156955077404,False,0.3896209994655958,False,-1.2417156955077404,False,0.446874446272475,False,0.1366572380065918,False
2025,B,2008,1780478880.0,True,164,config_error,13,False,0.0,15.0,0.0,4.4906798357375814,True,0.49748016792273936,False,4.4906798357375814,True,4.323430009938595e-09,False,9.0,True
2025,B,2009,1780478940.0,True,164,config_error,13,False,0.0,15.0,0.0,4.490681288215061,True,0.5064405745583831,False,4.490681288215061,True,1.6937545970581645e-10,False,15.0,True
2025,B,2010,1780479000.0,True,164,config_error,13,False,0.0,19.0,0.0,4.490681286947892,True,0.473791055648788,False,4.490681286947892,True,4.1919271563193923e-10,False,15.0,True
2025,B,2011,1780479060.0,False,-1,,13,False,0.0,15.0,0.0,-0.5134990538242867,False,0.4118332393570471,False,-0.5134990538242867,False,0.32466280815287585,False,0.12728619575500486,False
2025,B,2012,1780479120.0,False,-1,,13,False,0.0,21.0,0.0,-0.34718317262257603,False,0.40686565744442593,False,-0.34718317262257603,False,0.446874446272475,False,0.15811443328857425,False
2025,B,2013,1780479180.0,False,-1,,13,False,0.0,22.0,0.0,-0.27219253264431575,False,0.4133594341228395,False,-0.27219253264431575,False,0.46310969853896505,False,0.1761594772338867,False
2025,B,2014,1780479240.0,False,-1,,13,False,0.0,17.0,0.0,-1.5360325066783247,False,0.3696975025427419,False,-1.5360325066783247,False,0.370658671338492,False,0.15356388092041015,False
2025,B,2015,1780479300.0,False,-1,,13,False,0.0,20.0,0.0,-0.8613739514079883,False,0.3878186467830938,False,-0.8613739514079883,False,0.42959277422704245,False,0.14587180614471432,False
2025,B,2016,1780479360.0,False,-1,,13,False,0.0,19.0,0.0,-0.026017244806500806,False,0.4211302350513112,False,-0.026017244806500806,False,0.41118454089992934,False,0.17467598915100097,False
2025,B,2017,1780479420.0,False,-1,,13,False,0.0,14.0,0.0,-1.6085187410321362,False,0.3733881433992269,False,-1.6085187410321362,False,0.29945633811066746,False,0.17056856155395506,False
2025,B,2018,1780479480.0,False,-1,,13,False,1.0,23.0,0.0,-0.7789826345726194,False,0.5609562736562279,False,-0.7789826345726194,False,5.543944018203937e-05,False,0.15713253021240237,False
2025,B,2019,1780479540.0,False,-1,,13,False,0.0,19.0,0.0,-0.9106807925117772,False,0.40239601432997957,False,-0.9106807925117772,False,0.41118454089992934,False,0.18315377235412597,False
2025,B,2020,1780479600.0,False,-1,,13,False,0.0,22.0,0.0,-1.4510018564341616,False,0.36908732219033724,False,-1.4510018564341616,False,0.46310969853896505,False,0.16527454853057857,False
2025,B,2021,1780479660.0,False,-1,,13,False,0.0,20.0,0.0,-1.1431090646417772,False,0.4078478378018366,False,-1.1431090646417772,False,0.42959277422704245,False,0.18544330596923822,False
2025,B,2022,1780479720.0,True,165,permission_denied,13,False,0.0,25.0,0.0,4.279206977997466,True,0.45580991053166575,False,4.279206977997466,True,1.1586379985162623e-06,False,2.0,True
2025,B,2023,1780479780.0,True,165,permission_denied,13,False,0.0,14.0,0.0,4.489762102753384,True,0.4832619342986581,False,4.489762102753384,True,4.6195230636902455e-07,False,5.0,True
2025,B,2024,1780479840.0,True,165,permission_denied,13,False,0.0,21.0,0.0,4.490672143854796,True,0.4807559180514436,False,4.490672143854796,True,5.422323628924349e-07,False,8.0,True
2025,B,2025,1780479900.0,True,165,permission_denied,13,False,0.0,20.0,0.0,3.6301400972372013,True,0.46746506449095104,False,3.6301400972372013,True,1.865691187375291e-06,False,1.0,False
2025,B,2026,1780479960.0,False,-1,,13,False,0.0,23.0,0.0,-1.4316595716599068,False,0.3737216773601273,False,-1.4316595716599068,False,0.4783749513294757,False,0.18699445724487307,False
2025,B,2027,1780480020.0,False,-1,,13,False,0.0,28.0,0.0,-1.5649882822331156,False,0.36890897913847553,False,-1.5649882822331156,False,0.5424988195659789,True,0.16931183338165284,False
2025,B,2028,1780480080.0,False,-1,,13,False,0.0,21.0,0.0,-1.1456717441626854,False,0.5563887288262791,False,-1.1456717441626854,False,0.00022218348591850518,False,1.0,False
2025,B,2029,1780480140.0,False,-1,,13,False,0.0,17.0,0.0,0.2423766748483862,False,0.43822102252457934,False,0.2423766748483862,False,0.370658671338492,False,0.21773920059204102,False
2025,B,2030,1780480200.0,False,-1,,13,False,0.0,16.0,0.0,-1.2869398125331273,False,0.385336045136938,False,-1.2869398125331273,False,0.3483801247404773,False,0.17584574222564694,False
2025,B,2031,1780480260.0,False,-1,,13,False,0.0,17.0,0.0,-1.5372043812874665,False,0.37434863640178256,False,-1.5372043812874665,False,0.370658671338492,False,0.1451730728149414,False
2025,B,2032,1780480320.0,True,166,dependency_timeout,13,False,3.0,19.0,0.0,4.490681288578891,True,0.6858742312920897,False,4.490681288578891,True,1.0,True,3000000000.0,True
2025,B,2033,1780480380.0,True,166,dependency_timeout,13,False,2.0,16.0,0.0,4.490681288578891,True,0.6781776229341895,False,4.490681288578891,True,1.0,True,999999999.9999999,True
2025,B,2034,1780480440.0,True,166,dependency_timeout,13,False,2.0,18.0,0.0,4.490681288578891,True,0.6846495934632294,False,4.490681288578891,True,1.0,True,999999999.9999999,True
2025,B,2035,1780480500.0,True,166,dependency_timeout,13,False,0.0,28.0,0.0,4.490681288578891,True,0.5606093765627631,False,4.490681288578891,True,1.0,True,999999999.9999999,True
2025,B,2036,1780480560.0,False,-1,,13,False,0.0,15.0,0.0,-1.5126126154214816,False,0.3789623256356768,False,-1.5126126154214816,False,0.32466280815287585,False,0.1750655651092529,False
2025,B,2037,1780480620.0,False,-1,,13,False,0.0,24.0,0.0,-1.687353304449175,False,0.3656732306176662,False,-1.687353304449175,False,0.4927421303739932,False,0.1635972261428833,False
2025,B,2038,1780480680.0,False,-1,,13,False,0.0,19.0,0.0,-1.5831341478985426,False,0.38627448838902234,False,-1.5831341478985426,False,0.41118454089992934,False,0.18568077087402343,False
2025,B,2039,1780480740.0,False,-1,,13,False,0.0,12.0,0.0,-0.5683270054154734,False,0.3932989552415212,False,-0.5683270054154734,False,0.24455063116099418,False,0.1306251049041748,False
2025,B,2040,1780480800.0,False,-1,,13,False,0.0,15.0,0.0,-1.4426857991030984,False,0.3840127741878944,False,-1.4426857991030984,False,0.32466280815287585,False,0.1570350170135498,False
2025,B,2041,1780480860.0,False,-1,,13,False,0.0,12.0,0.0,-1.4425712144317924,False,0.38408559687139904,False,-1.4425712144317924,False,0.24455063116099418,False,0.17733078002929695,False
2025,B,2042,1780480920.0,False,-1,,13,False,0.0,18.0,0.0,-1.5960979575771441,False,0.38012593682044793,False,-1.5960979575771441,False,0.391567299653465,False,0.16975526809692382,False
2025,B,2043,1780480980.0,False,-1,,13,False,0.0,21.0,0.0,-1.494076014829961,False,0.3716150800232734,False,-1.494076014829961,False,0.446874446272475,False,0.1572060585021973,False
2025,B,2044,1780481040.0,False,-1,,13,False,0.0,13.0,0.0,-1.2712034001835688,False,0.3811643551990971,False,-1.2712034001835688,False,0.2727417982240277,False,0.15377559661865234,False
2025,B,2045,1780481100.0,False,-1,,13,False,0.0,17.0,0.0,-1.333815819921135,False,0.37137203322996204,False,-1.333815819921135,False,0.370658671338492,False,0.16216821670532228,False
2025,B,2046,1780481160.0,True,167,permission_denied,13,False,0.0,17.0,0.0,-1.0137121263660696,False,0.39291861539418443,False,-1.0137121263660696,False,0.370658671338492,False,0.12673950195312503,False
2025,B,2047,1780481220.0,True,167,permission_denied,13,False,0.0,18.0,0.0,4.490631846227045,True,0.44829775997217425,False,4.490631846227045,True,5.062857851405813e-07,False,7.0,True
2025,B,2048,1780481280.0,True,167,permission_denied,13,False,0.0,19.0,0.0,4.490467181956354,True,0.46804748599747853,False,4.490467181956354,True,5.504171213963219e-07,False,6.0,True
2025,B,2049,1780481340.0,True,167,permission_denied,13,False,0.0,26.0,0.0,4.4906360725858825,True,0.470434052958937,False,4.4906360725858825,True,6.518076631886537e-07,False,7.0,True
2025,B,2050,1780481400.0,True,167,permission_denied,13,False,0.0,18.0,0.0,-0.9778697261937177,False,0.41201224466872677,False,-0.9778697261937177,False,0.391567299653465,False,0.1373817205429077,False
2025,B,2051,1780481460.0,False,-1,,14,False,0.0,17.0,0.0,-1.452170772808672,False,0.3728794730681204,False,-1.452170772808672,False,0.400708679911868,False,1.0,False
2025,B,2052,1780481520.0,False,-1,,14,False,0.0,22.0,0.0,-0.2604976376178225,False,0.5759397113087552,False,-0.2604976376178225,False,0.0002288154811332008,False,0.1932988166809082,False
2025,B,2053,1780481580.0,False,-1,,14,False,0.0,18.0,0.0,-1.4009132764914947,False,0.38554364781941314,False,-1.4009132764914947,False,0.391567299653465,False,0.14893534183502197,False
2025,B,2054,1780481640.0,False,-1,,14,False,0.0,26.0,0.0,-1.1349837599187271,False,0.3764131585743666,False,-1.1349837599187271,False,0.5190456887361276,True,0.1428014039993286,False
2025,B,2055,1780481700.0,False,-1,,14,False,0.0,18.0,0.0,-1.39201684123217,False,0.385244231970311,False,-1.39201684123217,False,0.391567299653465,False,0.17487282752990713,False
2025,B,2056,1780481760.0,False,-1,,14,False,1.0,18.0,0.0,-0.07210947694174408,False,0.5860483930979331,False,-0.07210947694174408,False,2.2370771324069398e-05,False,0.20291473865509022,False
2025,B,2057,1780481820.0,False,-1,,14,False,0.0,13.0,0.0,-1.1680849652872949,False,0.39055550214006424,False,-1.1680849652872949,False,0.2727417982240277,False,0.14223451614379884,False
2025,B,2058,1780481880.0,False,-1,,14,False,0.0,19.0,0.0,-1.1216213849661614,False,0.37208623356325177,False,-1.1216213849661614,False,0.41118454089992934,False,0.1434001922607422,False
2025,B,2059,1780481940.0,False,-1,,14,False,0.0,18.0,0.0,-0.9822558805115769,False,0.4118205511779046,False,-0.9822558805115769,False,0.391567299653465,False,0.13674418926239013,False
2025,B,2060,1780482000.0,True,168,resource_exhaustion,14,False,2.0,15.0,0.0,4.490681288578891,True,0.7310894464511414,True,4.490681288578891,True,1.0,True,3000000000.0,True
2025,B,2061,1780482060.0,True,168,resource_exhaustion,14,False,3.0,21.0,0.0,4.490681288578891,True,0.6978726637479349,True,4.490681288578891,True,1.0,True,3999999999.9999995,True
2025,B,2062,1780482120.0,True,168,resource_exhaustion,14,False,6.0,16.0,0.0,4.490681288578891,True,0.7339540030982895,True,4.490681288578891,True,1.0,True,5000000000.0,True
2025,B,2063,1780482180.0,True,168,resource_exhaustion,14,False,4.0,20.0,0.0,4.490681288578891,True,0.6981577698552904,True,4.490681288578891,True,1.0,True,3999999999.9999995,True
2025,B,2064,1780482240.0,False,-1,,14,False,0.0,19.0,0.0,-1.2867734645420938,False,0.39814507263678317,False,-1.2867734645420938,False,0.41118454089992934,False,0.15115823745727539,False
2025,B,2065,1780482300.0,False,-1,,14,False,1.0,13.0,0.0,-0.8986987418068937,False,0.583857656251163,False,-0.8986987418068937,False,5.6512845703240665e-06,False,0.15542716979980464,False
2025,B,2066,1780482360.0,False,-1,,14,False,0.0,15.0,0.0,-1.2421560877787998,False,0.3977702862607556,False,-1.2421560877787998,False,0.32466280815287585,False,0.17726559638977052,False
2025,B,2067,1780482420.0,False,-1,,14,False,0.0,21.0,0.0,-1.4655355820599265,False,0.3837265348442567,False,-1.4655355820599265,False,0.446874446272475,False,0.1733369827270508,False
2025,B,2068,1780482480.0,False,-1,,14,False,0.0,20.0,0.0,-0.8881386770510673,False,0.4130870508955016,False,-0.8881386770510673,False,0.42959277422704245,False,0.19862332344055164,False
2025,B,2069,1780482540.0,False,-1,,14,False,0.0,27.0,0.0,-1.1568906518037414,False,0.39040394933838884,False,-1.1568906518037414,False,0.5311016008972118,True,0.13790464401245112,False
2025,B,2070,1780482600.0,False,-1,,14,False,0.0,25.0,0.0,-1.2475938796206885,False,0.3880272901457066,False,-1.2475938796206885,False,0.5062783192703245,True,0.20233058929443345,False
2025,B,2071,1780482660.0,False,-1,,14,False,0.0,16.0,0.0,-1.290599463824412,False,0.3767319032289842,False,-1.290599463824412,False,0.3483801247404773,False,0.1447070837020874,False
2025,B,2072,1780482720.0,False,-1,,14,False,0.0,20.0,0.0,-1.647373737677035,False,0.37016399673184275,False,-1.647373737677035,False,0.42959277422704245,False,0.1731671571731567,False
2025,B,2073,1780482780.0,False,-1,,14,False,0.0,18.0,0.0,-0.5144090257711333,False,0.3890241060176294,False,-0.5144090257711333,False,0.391567299653465,False,0.1322390556335449,False
2025,B,2074,1780482840.0,False,-1,,14,False,0.0,22.0,0.0,-0.8545386076881654,False,0.39965912356956634,False,-0.8545386076881654,False,0.46310969853896505,False,0.21795799732208246,False
2025,B,2075,1780482900.0,True,169,config_error,14,False,0.0,22.0,0.0,4.490681288508028,True,0.47450912995403083,False,4.490681288508028,True,2.2831959949041528e-10,False,18.0,True
2025,B,2076,1780482960.0,True,169,config_error,14,False,0.0,16.0,0.0,4.490681276552041,True,0.48323032844145264,False,4.490681276552041,True,6.150117672402081e-10,False,13.0,True
2025,B,2077,1780483020.0,True,169,config_error,14,False,0.0,16.0,0.0,4.490477084122455,True,0.46623229160918767,False,4.490477084122455,True,6.517203831122398e-08,False,6.0,True
2025,B,2078,1780483080.0,False,-1,,14,False,0.0,12.0,0.0,-1.320363355147805,False,0.39224784145351516,False,-1.320363355147805,False,0.24455063116099418,False,0.1870451927185059,False
2025,B,2079,1780483140.0,False,-1,,14,False,1.0,16.0,0.0,-0.019267569912092775,False,0.5907788289300209,False,-0.019267569912092775,False,1.393179306215526e-05,False,0.18560469150543213,False
2025,B,2080,1780483200.0,False,-1,,14,False,0.0,20.0,0.0,-1.0170807129919863,False,0.3928944823746521,False,-1.0170807129919863,False,0.42959277422704245,False,0.1917021036148071,False
2025,B,2081,1780483260.0,False,-1,,14,False,0.0,22.0,0.0,-1.0214229357038995,False,0.36828919362197243,False,-1.0214229357038995,False,0.46310969853896505,False,0.15092694759368894,False
2025,B,2082,1780483320.0,False,-1,,14,False,0.0,20.0,0.0,-1.5270268611560436,False,0.3823530440029154,False,-1.5270268611560436,False,0.42959277422704245,False,0.15613913536071775,False
2025,B,2083,1780483380.0,False,-1,,14,False,0.0,23.0,0.0,-0.042385541731482235,False,0.4060786662707898,False,-0.042385541731482235,False,0.4783749513294757,False,0.122066068649292,False
2025,B,2084,1780483440.0,False,-1,,14,False,0.0,20.0,0.0,-0.26851461753203765,False,0.40893202737580664,False,-0.26851461753203765,False,0.42959277422704245,False,0.12076990604400634,False
2025,B,2085,1780483500.0,False,-1,,14,False,0.0,28.0,0.0,-0.593925872581317,False,0.4097538545441934,False,-0.593925872581317,False,0.5424988195659789,True,0.14645664691925048,False
2025,B,2086,1780483560.0,False,-1,,14,False,0.0,27.0,0.0,-1.558886145051944,False,0.37451145722245294,False,-1.558886145051944,False,0.5311016008972118,True,0.16056323051452634,False
2025,B,2087,1780483620.0,False,-1,,14,False,0.0,24.0,0.0,-0.5098337583306067,False,0.4002478693397026,False,-0.5098337583306067,False,0.4927421303739932,False,0.1473524570465088,False
2025,B,2088,1780483680.0,True,170,dependency_timeout,14,False,1.0,17.0,0.0,4.490681288578891,True,0.6426621703572859,False,4.490681288578891,True,1.0,True,20.067119598388675,True
2025,B,2089,1780483740.0,True,170,dependency_timeout,14,False,1.0,25.0,0.0,4.490681288578891,True,0.6846217691061816,False,4.490681288578891,True,1.0,True,999999999.9999999,True
2025,B,2090,1780483800.0,True,170,dependency_timeout,14,False,0.0,12.0,0.0,4.490681288578891,True,0.5465312974154203,False,4.490681288578891,True,1.0,True,20.042373514175416,True
2025,B,2091,1780483860.0,True,170,dependency_timeout,14,False,1.0,25.0,0.0,4.490681288578891,True,0.6456305509366348,False,4.490681288578891,True,1.0,True,999999999.9999999,True
2025,B,2092,1780483920.0,False,-1,,14,False,0.0,25.0,0.0,-0.9378938264336147,False,0.39196204652247235,False,-0.9378938264336147,False,0.5062783192703245,True,0.14503545761108397,False
2025,B,2093,1780483980.0,False,-1,,14,False,0.0,23.0,0.0,-0.835808872011607,False,0.3824034319368429,False,-0.835808872011607,False,0.4783749513294757,False,0.1535383701324463,False
2025,B,2094,1780484040.0,False,-1,,14,False,0.0,20.0,0.0,-0.9659116435223112,False,0.3861961399208656,False,-0.9659116435223112,False,0.42959277422704245,False,0.15392162799835205,False
2025,B,2095,1780484100.0,False,-1,,14,False,0.0,29.0,0.0,-1.55313131642259,False,0.36962862369834326,False,-1.55313131642259,False,0.5532857800736111,True,0.17247867584228516,False
2025,B,2096,1780484160.0,False,-1,,14,False,0.0,17.0,0.0,-0.8256310168266907,False,0.3896538344932953,False,-0.8256310168266907,False,0.370658671338492,False,0.1463912010192871,False
2025,B,2097,1780484220.0,False,-1,,14,True,0.0,23.0,0.0,-0.927584910110566,False,0.3683638230645564,False,-0.927584910110566,False,0.4783749513294757,False,0.16043634414672855,False
2025,B,2098,1780484280.0,False,-1,,14,True,0.0,234.0,0.0,0.023293313328796472,False,0.6877577352483473,False,0.023293313328796472,False,0.8794033593198006,True,0.18209860324859597,False
2025,B,2099,1780484340.0,False,-1,,14,True,0.0,221.0,0.0,-0.17169680986926927,False,0.6898770887158993,False,-0.17169680986926927,False,0.8757799574324866,True,0.1743187904357911,False
2025,B,2100,1780484400.0,False,-1,,14,False,0.0,22.0,0.0,-1.069933044148443,False,0.3751863516074827,False,-1.069933044148443,False,0.46310969853896505,False,0.16091468334197997,False
2025,B,2101,1780484460.0,True,171,permission_denied,14,False,0.0,24.0,0.0,4.4894750763649105,True,0.4633845153097327,False,4.4894750763649105,True,6.916888677360926e-07,False,5.0,True
2025,B,2102,1780484520.0,True,171,permission_denied,14,False,0.0,22.0,0.0,4.490432583450339,True,0.4511551690144074,False,4.490432583450339,True,6.10773716156773e-07,False,6.0,True
2025,B,2103,1780484580.0,True,171,permission_denied,14,False,0.0,14.0,0.0,4.49064570781012,True,0.49604358031606643,False,4.49064570781012,True,4.2066231389400784e-07,False,7.0,True
2025,B,2104,1780484640.0,True,171,permission_denied,14,False,0.0,21.0,0.0,4.276410888304294,True,0.4424762680547064,False,4.276410888304294,True,9.721887318621854e-07,False,2.0,True
2025,B,2105,1780484700.0,False,-1,,14,False,0.0,29.0,0.0,-1.4573447190012105,False,0.3807902269212488,False,-1.4573447190012105,False,0.5532857800736111,True,0.1524710655212402,False
2025,B,2106,1780484760.0,False,-1,,14,False,0.0,16.0,0.0,-0.30267581323870285,False,0.406095684236984,False,-0.30267581323870285,False,0.3483801247404773,False,0.12313628196716307,False
2025,B,2107,1780484820.0,False,-1,,14,False,0.0,24.0,0.0,-0.6016378065275969,False,0.3851457643924325,False,-0.6016378065275969,False,0.4927421303739932,False,0.13735616207122803,False
2025,B,2108,1780484880.0,False,-1,,14,False,0.0,21.0,0.0,-0.43436801678019066,False,0.4062526224648146,False,-0.43436801678019066,False,0.446874446272475,False,0.16826820373535156,False
2025,B,2109,1780484940.0,False,-1,,14,False,0.0,18.0,0.0,-1.4476680687239263,False,0.38913770929769204,False,-1.4476680687239263,False,0.391567299653465,False,0.19161381721496581,False
2025,B,2110,1780485000.0,False,-1,,14,False,0.0,12.0,0.0,-1.1923510777520816,False,0.40022260367067425,False,-1.1923510777520816,False,0.24455063116099418,False,0.14574992656707764,False
2025,B,2111,1780485060.0,False,-1,,14,False,0.0,27.0,0.0,-0.9817044590853099,False,0.415299347818297,False,-0.9817044590853099,False,0.5311016008972118,True,0.14755644798278805,False
2025,B,2112,1780485120.0,True,172,resource_exhaustion,14,False,1.0,26.0,0.0,4.490681288578891,True,0.6830121010611946,False,4.490681288578891,True,1.0,True,1999999999.9999998,True
2025,B,2113,1780485180.0,True,172,resource_exhaustion,14,False,4.0,22.0,0.0,4.490681288578891,True,0.7263887811637598,True,4.490681288578891,True,1.0,True,5000000000.0,True
2025,B,2114,1780485240.0,True,172,resource_exhaustion,14,False,3.0,18.0,0.0,4.490681288578891,True,0.6971960845477283,True,4.490681288578891,True,1.0,True,1999999999.9999998,True
2025,B,2115,1780485300.0,False,-1,,14,False,0.0,22.0,0.0,-1.0719754731570363,False,0.3868589879888491,False,-1.0719754731570363,False,0.46310969853896505,False,0.13122458457946778,False
2025,B,2116,1780485360.0,False,-1,,14,False,0.0,25.0,0.0,-1.2893172810053777,False,0.3686862758682568,False,-1.2893172810053777,False,0.5062783192703245,True,0.14782905578613278,False
2025,B,2117,1780485420.0,False,-1,,14,False,0.0,18.0,0.0,-1.4042018401458254,False,0.3666947209991692,False,-1.4042018401458254,False,0.391567299653465,False,0.15189964771270753,False
2025,B,2118,1780485480.0,False,-1,,14,False,0.0,28.0,0.0,-0.3704736865386389,False,0.5722715740122609,False,-0.3704736865386389,False,0.0004105742893613924,False,1.0,False
2025,B,2119,1780485540.0,False,-1,,14,False,0.0,30.0,0.0,-1.262930974522532,False,0.375418851028092,False,-1.262930974522532,False,0.5635068877933571,True,0.16057798862457276,False
2025,B,2120,1780485600.0,False,-1,,14,False,0.0,21.0,0.0,-1.6625613161413009,False,0.3679960100231847,False,-1.6625613161413009,False,0.446874446272475,False,0.1711235046386719,False
2025,B,2121,1780485660.0,False,-1,,14,False,0.0,20.0,0.0,-1.1544483735581759,False,0.4005845683203926,False,-1.1544483735581759,False,0.42959277422704245,False,0.20784831047058097,False
2025,B,2122,1780485720.0,False,-1,,14,False,0.0,14.0,0.0,-1.4947620433890823,False,0.3851273619785761,False,-1.4947620433890823,False,0.29945633811066746,False,0.16949272155761716,False
2025,B,2123,1780485780.0,True,173,permission_denied,14,False,0.0,24.0,0.0,4.490681055943827,True,0.4507934170114162,False,4.490681055943827,True,5.400512039501522e-07,False,11.0,True
2025,B,2124,1780485840.0,True,173,permission_denied,14,False,1.0,32.0,0.0,4.4906812872046435,True,0.6796523972688326,False,4.4906812872046435,True,2.08728764362172e-06,False,16.0,True
2025,B,2125,1780485900.0,True,173,permission_denied,14,False,0.0,21.0,0.0,4.4906295426951495,True,0.4585181731907558,False,4.4906295426951495,True,5.63920143210868e-07,False,7.0,True
2025,B,2126,1780485960.0,True,173,permission_denied,14,False,0.0,20.0,0.0,4.277352347453544,True,0.4560805353226371,False,4.277352347453544,True,9.253933108956155e-07,False,2.0,True
2025,B,2127,1780486020.0,False,-1,,14,False,0.0,23.0,0.0,-0.6680378433862364,False,0.3863196262076969,False,-0.6680378433862364,False,0.4783749513294757,False,0.1512927532196045,False
2025,B,2128,1780486080.0,False,-1,,14,False,0.0,20.0,0.0,-1.6338679787879151,False,0.3713572390481042,False,-1.6338679787879151,False,0.42959277422704245,False,0.15755343437194821,False
2025,B,2129,1780486140.0,False,-1,,14,False,0.0,19.0,0.0,-1.0623187267406369,False,0.3991977186182521,False,-1.0623187267406369,False,0.41118454089992934,False,0.1770528793334961,False
2025,B,2130,1780486200.0,False,-1,,14,False,0.0,21.0,0.0,-0.9922006230361022,False,0.37510835157295563,False,-0.9922006230361022,False,0.446874446272475,False,0.14714527130126953,False
2025,B,2131,1780486260.0,False,-1,,14,False,0.0,23.0,0.0,-1.3035027228031,False,0.37805016677715725,False,-1.3035027228031,False,0.4783749513294757,False,0.14983191490173342,False
2025,B,2132,1780486320.0,False,-1,,14,False,0.0,18.0,0.0,-0.5580138594021751,False,0.571138048075862,False,-0.5580138594021751,False,0.0001574160201732528,False,1.0,False
2025,B,2133,1780486380.0,False,-1,,14,False,0.0,21.0,0.0,-1.0706644831251815,False,0.3879794241052236,False,-1.0706644831251815,False,0.446874446272475,False,0.1921663284301758,False
2025,B,2134,1780486440.0,False,-1,,14,False,0.0,22.0,0.0,-1.4783654576983922,False,0.3762513824678773,False,-1.4783654576983922,False,0.46310969853896505,False,0.1507150411605835,False
2025,B,2135,1780486500.0,True,174,config_error,14,False,0.0,19.0,0.0,4.490681288230329,True,0.49612159193886995,False,4.490681288230329,True,2.9663719974049737e-10,False,16.0,True
2025,B,2136,1780486560.0,True,174,config_error,14,False,0.0,28.0,0.0,4.490681288577187,True,0.4996097591131822,False,4.490681288577187,True,1.4681559527009206e-10,False,22.0,True
2025,B,2137,1780486620.0,True,174,config_error,14,False,0.0,22.0,0.0,4.490681288571899,True,0.4966178933466451,False,4.490681288571899,True,1.2724524466488488e-10,False,20.0,True
2025,B,2138,1780486680.0,True,174,config_error,14,False,0.0,28.0,0.0,4.451238216471736,True,0.4609821739174564,False,4.451238216471736,True,7.750079314270742e-05,False,3.0,True
2025,B,2139,1780486740.0,False,-1,,14,False,0.0,24.0,0.0,-1.6162737686210926,False,0.36740791720115645,False,-1.6162737686210926,False,0.4927421303739932,False,0.16681585311889646,False
2025,B,2140,1780486800.0,False,-1,,14,False,0.0,16.0,0.0,-1.6787301637957572,False,0.3767491481447578,False,-1.6787301637957572,False,0.3483801247404773,False,0.17180538177490234,False
2025,B,2141,1780486860.0,False,-1,,14,False,0.0,15.0,0.0,-1.4349231730975855,False,0.3825831634051086,False,-1.4349231730975855,False,0.32466280815287585,False,0.1643410205841064,False
2025,B,2142,1780486920.0,False,-1,,14,False,0.0,23.0,0.0,-1.2260720707159782,False,0.3638530600332896,False,-1.2260720707159782,False,0.4783749513294757,False,0.1545294284820557,False
2025,B,2143,1780486980.0,False,-1,,14,False,0.0,22.0,0.0,-0.41912951419037725,False,0.39947891025640647,False,-0.41912951419037725,False,0.46310969853896505,False,0.14193108081817624,False
2025,B,2144,1780487040.0,True,175,permission_denied,14,False,0.0,23.0,0.0,4.4566905330806765,True,0.4772674926048189,False,4.4566905330806765,True,8.327756958129344e-07,False,3.0,True
2025,B,2145,1780487100.0,True,175,permission_denied,14,False,0.0,18.0,0.0,4.490632192625529,True,0.4559402115911304,False,4.490632192625529,True,5.062857851405813e-07,False,7.0,True
2025,B,2146,1780487160.0,True,175,permission_denied,14,False,0.0,17.0,0.0,4.489434665999568,True,0.4510097197628354,False,4.489434665999568,True,5.359895110616557e-07,False,5.0,True
2025,B,2147,1780487220.0,True,175,permission_denied,14,False,1.0,22.0,0.0,4.490404513986709,True,0.624087789612746,False,4.490404513986709,True,1.1545147630067212e-07,False,5.0,True
2025,B,2148,1780487280.0,True,175,permission_denied,14,False,0.0,23.0,0.0,4.484161732356162,True,0.46534132053279065,False,4.484161732356162,True,7.303799414637438e-07,False,4.0,True
2025,B,2149,1780487340.0,False,-1,,14,False,0.0,31.0,0.0,-1.3758080678662195,False,0.3899224984229858,False,-1.3758080678662195,False,0.5732028251853444,True,0.14781022071838376,False
2025,B,2150,1780487400.0,False,-1,,14,False,0.0,22.0,0.0,-1.0679985135758026,False,0.5693492651490132,False,-1.0679985135758026,False,0.000245999828269547,False,1.0,False
2025,B,2151,1780487460.0,False,-1,,14,False,0.0,32.0,0.0,-1.2828009522729884,False,0.38394055734687255,False,-1.2828009522729884,False,0.5824108545055228,True,0.16345500946044922,False
2025,B,2152,1780487520.0,False,-1,,14,False,0.0,25.0,0.0,-1.5671327481222175,False,0.37240962565748753,False,-1.5671327481222175,False,0.5062783192703245,True,0.15801048278808594,False
2025,B,2153,1780487580.0,False,-1,,14,False,0.0,23.0,0.0,-1.2184950812581166,False,0.37762076581866794,False,-1.2184950812581166,False,0.4783749513294757,False,0.17839999198913575,False
2025,B,2154,1780487640.0,False,-1,,14,False,0.0,27.0,0.0,-1.525612162860484,False,0.37054910774602295,False,-1.525612162860484,False,0.5311016008972118,True,0.15411109924316402,False
2025,B,2155,1780487700.0,False,-1,,14,False,0.0,26.0,0.0,-0.6505672767398467,False,0.3841675239717576,False,-0.6505672767398467,False,0.5190456887361276,True,0.13332664966583255,False
2025,B,2156,1780487760.0,False,-1,,14,False,0.0,15.0,0.0,-1.4994233815350162,False,0.38875292001628764,False,-1.4994233815350162,False,0.32466280815287585,False,0.18548445701599117,False
2025,B,2157,1780487820.0,False,-1,,14,False,0.0,23.0,0.0,-0.9539381153606401,False,0.37594664548358053,False,-0.9539381153606401,False,0.4783749513294757,False,0.13042597770690917,False
2025,B,2158,1780487880.0,False,-1,,14,False,0.0,26.0,0.0,-0.9024932034027877,False,0.37999579186430205,False,-0.9024932034027877,False,0.5190456887361276,True,0.13648748397827148,False
2025,B,2159,1780487940.0,True,176,dependency_timeout,14,False,3.0,33.0,0.0,4.490681288578891,True,0.6755604008040548,False,4.490681288578891,True,1.0,True,3000000000.0,True
2025,B,2160,1780488000.0,True,176,dependency_timeout,14,False,1.0,26.0,0.0,4.490681288578891,True,0.6747409054154728,False,4.490681288578891,True,1.0,True,1999999999.9999998,True
2025,B,2161,1780488060.0,True,176,dependency_timeout,14,False,3.0,21.0,0.0,4.490681288578891,True,0.7001689697086604,True,4.490681288578891,True,1.0,True,1999999999.9999998,True
2025,B,2162,1780488120.0,True,176,dependency_timeout,14,False,0.0,26.0,0.0,4.490681288578891,True,0.5431202740106126,False,4.490681288578891,True,1.0,True,20.04735240936279,True
2025,B,2163,1780488180.0,True,176,dependency_timeout,14,False,1.0,30.0,0.0,4.490681288578891,True,0.5734237348205606,False,4.490681288578891,True,1.0,True,999999999.9999999,True
2025,B,2164,1780488240.0,False,-1,,14,False,0.0,34.0,0.0,-1.0765016417720137,False,0.3923130625475744,False,-1.0765016417720137,False,0.5994968631203155,True,0.1636534452438355,False
2025,B,2165,1780488300.0,False,-1,,14,False,0.0,34.0,0.0,-1.2373713631460426,False,0.39016982304918046,False,-1.2373713631460426,False,0.5994968631203155,True,0.16826615333557132,False
2025,B,2166,1780488360.0,False,-1,,14,False,0.0,19.0,0.0,-1.2831092410007772,False,0.39790988438781544,False,-1.2831092410007772,False,0.41118454089992934,False,0.19848089218139647,False
2025,B,2167,1780488420.0,False,-1,,14,False,0.0,26.0,0.0,-1.3221387553509727,False,0.36861925757919833,False,-1.3221387553509727,False,0.5190456887361276,True,0.16147494316101074,False
2025,B,2168,1780488480.0,False,-1,,14,False,0.0,32.0,0.0,-0.6921032455157219,False,0.40306659079440255,False,-0.6921032455157219,False,0.5824108545055228,True,0.13058505058288575,False
2025,B,2169,1780488540.0,False,-1,,14,False,0.0,25.0,0.0,-0.6204948544525806,False,0.3861311382167889,False,-0.6204948544525806,False,0.5062783192703245,True,0.1736659049987793,False
2025,B,2170,1780488600.0,True,177,dependency_timeout,14,False,0.0,34.0,0.0,-0.5629044702656341,False,0.42632643532174075,False,-0.5629044702656341,False,0.5994968631203155,True,0.2167025089263917,False
2025,B,2171,1780488660.0,True,177,dependency_timeout,14,False,2.0,24.0,0.0,4.490681288578891,True,0.6788957872471405,False,4.490681288578891,True,1.0,True,999999999.9999999,True
2025,B,2172,1780488720.0,True,177,dependency_timeout,14,False,0.0,21.0,0.0,4.490681288578891,True,0.5466736614994538,False,4.490681288578891,True,1.0,True,20.051467895507812,True
2025,B,2173,1780488780.0,True,177,dependency_timeout,14,False,2.0,29.0,0.0,4.490681288578891,True,0.6788634428176246,False,4.490681288578891,True,1.0,True,1999999999.9999998,True
2025,B,2174,1780488840.0,True,177,dependency_timeout,14,False,0.0,25.0,0.0,4.485438931096878,True,0.42592387367555556,False,4.485438931096878,True,0.5062783192703245,True,0.9080848693847645,False
2025,B,2175,1780488900.0,False,-1,,14,False,0.0,24.0,0.0,-1.1788933998892706,False,0.39687972978398434,False,-1.1788933998892706,False,0.4927421303739932,False,0.20320155620574948,False
2025,B,2176,1780488960.0,False,-1,,14,False,0.0,24.0,0.0,-1.5334086691362057,False,0.36676878634588794,False,-1.5334086691362057,False,0.4927421303739932,False,0.16496365070343016,False
2025,B,2177,1780489020.0,False,-1,,14,False,0.0,21.0,0.0,-1.1628929704005548,False,0.5563447097930059,False,-1.1628929704005548,False,0.00022218348591850518,False,1.0,False
2025,B,2178,1780489080.0,False,-1,,14,False,0.0,23.0,0.0,-1.3914859013642449,False,0.37595937870766744,False,-1.3914859013642449,False,0.4783749513294757,False,0.14700999259948733,False
2025,B,2179,1780489140.0,False,-1,,14,False,0.0,30.0,0.0,-1.4056824059629296,False,0.3743347981653051,False,-1.4056824059629296,False,0.5635068877933571,True,0.1543546915054321,False
2025,B,2180,1780489200.0,False,-1,,14,False,0.0,20.0,0.0,-1.392124744037388,False,0.37233507430702995,False,-1.392124744037388,False,0.42959277422704245,False,0.15735762119293212,False
2025,B,2181,1780489260.0,False,-1,,14,False,0.0,29.0,0.0,-1.3829096912570256,False,0.378541036084687,False,-1.3829096912570256,False,0.5532857800736111,True,0.14910383224487306,False
2025,B,2182,1780489320.0,False,-1,,14,True,0.0,32.0,0.0,-0.6525698365664203,False,0.4044332052646109,False,-0.6525698365664203,False,0.5824108545055228,True,0.17885217666625983,False
2025,B,2183,1780489380.0,False,-1,,14,True,1.0,268.0,0.0,3.5412006045434454,True,0.7840889720850053,True,3.5412006045434454,True,0.08446228007287375,False,2.0,True
2025,B,2184,1780489440.0,False,-1,,14,True,0.0,249.0,0.0,2.147903734143382,True,0.7475603949946921,True,2.147903734143382,True,0.015313039023456432,False,1.0,False
2025,B,2185,1780489500.0,False,-1,,14,False,0.0,32.0,0.0,-1.2029308025736407,False,0.387068429566527,False,-1.2029308025736407,False,0.5824108545055228,True,0.14585428237915044,False
2025,B,2186,1780489560.0,True,178,config_error,14,False,0.0,24.0,0.0,4.490681288569931,True,0.4906756618045451,False,4.490681288569931,True,1.6486215232543466e-10,False,20.0,True
2025,B,2187,1780489620.0,True,178,config_error,14,False,0.0,18.0,0.0,4.490681284657545,True,0.48251437754425275,False,4.490681284657545,True,5.360478171373417e-10,False,14.0,True
2025,B,2188,1780489680.0,True,178,config_error,14,False,0.0,32.0,0.0,4.49068128857889,True,0.5092877170124248,False,4.49068128857889,True,3.306796260880772e-11,False,31.0,True
2025,B,2189,1780489740.0,True,178,config_error,14,False,0.0,28.0,0.0,4.490681288578862,True,0.5244694727399436,False,4.490681288578862,True,6.229021088234542e-11,False,26.0,True
2025,B,2190,1780489800.0,True,178,config_error,14,False,0.0,21.0,0.0,3.6899130741830186,True,0.4704503524498694,False,3.6899130741830186,True,0.9999263315729747,True,1.0,False
2025,B,2191,1780489860.0,False,-1,,14,False,0.0,22.0,0.0,-1.4675305537450223,False,0.3620242341603749,False,-1.4675305537450223,False,0.46310969853896505,False,0.15052461624145505,False
2025,B,2192,1780489920.0,False,-1,,14,False,0.0,22.0,0.0,-1.3112804289925215,False,0.37919224191591666,False,-1.3112804289925215,False,0.46310969853896505,False,0.18557152748107908,False
2025,B,2193,1780489980.0,False,-1,,14,False,0.0,22.0,0.0,-1.0234068811257808,False,0.4092245682568723,False,-1.0234068811257808,False,0.46310969853896505,False,0.15884695053100584,False
2025,B,2194,1780490040.0,False,-1,,14,False,0.0,28.0,0.0,-1.2773496754665263,False,0.39673745458470144,False,-1.2773496754665263,False,0.5424988195659789,True,0.19354450702667236,False
2025,B,2195,1780490100.0,False,-1,,14,False,0.0,27.0,0.0,-1.2096957454702757,False,0.3748842051851558,False,-1.2096957454702757,False,0.5311016008972118,True,0.1791356086730957,False
2025,B,2196,1780490160.0,False,-1,,14,False,0.0,28.0,0.0,-1.231788255021038,False,0.38419447325255135,False,-1.231788255021038,False,0.5424988195659789,True,0.1831148386001587,False
2025,B,2197,1780490220.0,False,-1,,14,False,0.0,16.0,0.0,-1.6979847664207943,False,0.3729481593098677,False,-1.6979847664207943,False,0.3483801247404773,False,0.1589226722717285,False
2025,B,2198,1780490280.0,True,179,resource_exhaustion,14,False,0.0,28.0,0.0,4.490681288578891,True,0.5329141612443778,False,4.490681288578891,True,1.0,True,999999999.9999999,True
2025,B,2199,1780490340.0,True,179,resource_exhaustion,14,False,4.0,26.0,0.0,4.490681288578891,True,0.6925983901386159,False,4.490681288578891,True,1.0,True,3999999999.9999995,True
2025,B,2200,1780490400.0,True,179,resource_exhaustion,14,False,3.0,22.0,0.0,4.490681288578891,True,0.6941940270795286,True,4.490681288578891,True,1.0,True,3000000000.0,True
2025,B,2201,1780490460.0,True,179,resource_exhaustion,14,False,0.0,34.0,0.0,4.49068128857889,True,0.4900158480732182,False,4.49068128857889,True,0.5994968631203155,True,0.20602686405181891,False
2025,B,2202,1780490520.0,False,-1,,15,False,0.0,26.0,0.0,-0.9341270962433468,False,0.3756871876383886,False,-0.9341270962433468,False,0.5190456887361276,True,0.14081895351409912,False
2025,B,2203,1780490580.0,False,-1,,15,False,1.0,27.0,0.0,0.17076746432183754,False,0.5916586156205822,False,0.17076746432183754,False,9.539560064054456e-05,False,0.17376704216003414,False
2025,B,2204,1780490640.0,False,-1,,15,False,0.0,26.0,0.0,-1.1853307287774593,False,0.37235341330791527,False,-1.1853307287774593,False,0.5190456887361276,True,0.15992283821105957,False
2025,B,2205,1780490700.0,False,-1,,15,False,0.0,29.0,0.0,-1.5894607576599604,False,0.3693398771300288,False,-1.5894607576599604,False,0.5532857800736111,True,0.16016521453857419,False
2025,B,2206,1780490760.0,False,-1,,15,False,0.0,21.0,0.0,-1.4455877361301503,False,0.37332898504125916,False,-1.4455877361301503,False,0.446874446272475,False,0.1429443359375,False
2025,B,2207,1780490820.0,False,-1,,15,False,0.0,18.0,0.0,-1.6123172349805266,False,0.3772456086211209,False,-1.6123172349805266,False,0.391567299653465,False,0.1756273508071899,False
2025,B,2208,1780490880.0,False,-1,,15,False,0.0,33.0,0.0,-0.28076764296747747,False,0.43934999293716936,False,-0.28076764296747747,False,0.5911651082946788,True,0.13144273757934571,False
2025,B,2209,1780490940.0,False,-1,,15,False,0.0,31.0,0.0,-0.3294183235428729,False,0.4207592656355463,False,-0.3294183235428729,False,0.5732028251853444,True,0.20267486572265622,False
2025,B,2210,1780491000.0,True,180,dependency_timeout,15,False,0.0,25.0,0.0,-1.1346492217159838,False,0.36663126932129664,False,-1.1346492217159838,False,0.5062783192703245,True,0.1432984352111816,False
2025,B,2211,1780491060.0,True,180,dependency_timeout,15,False,4.0,33.0,0.0,4.490681288578891,True,0.6793011370004746,False,4.490681288578891,True,1.0,True,6000000000.0,True
2025,B,2212,1780491120.0,True,180,dependency_timeout,15,False,6.0,29.0,0.0,4.490681288578891,True,0.6790388646158325,False,4.490681288578891,True,1.0,True,5000000000.0,True
2025,B,2213,1780491180.0,True,180,dependency_timeout,15,False,6.0,34.0,0.0,4.490681288578891,True,0.6780612438486361,False,4.490681288578891,True,1.0,True,1999999999.9999998,True
2025,B,2214,1780491240.0,True,180,dependency_timeout,15,False,0.0,28.0,0.0,4.490681288578891,True,0.5528243166967018,False,4.490681288578891,True,1.0,True,1999999999.9999998,True
2025,B,2215,1780491300.0,False,-1,,15,False,0.0,24.0,0.0,-0.8412719853754194,False,0.3804255120092062,False,-0.8412719853754194,False,0.4927421303739932,False,0.13099963665008546,False
2025,B,2216,1780491360.0,False,-1,,15,False,0.0,23.0,0.0,-0.9326280470330666,False,0.3768200515005784,False,-0.9326280470330666,False,0.4783749513294757,False,0.13268623352050782,False
2025,B,2217,1780491420.0,False,-1,,15,False,0.0,25.0,0.0,-0.6901193767412233,False,0.3901208274840381,False,-0.6901193767412233,False,0.5062783192703245,True,0.13730812072753903,False
2025,B,2218,1780491480.0,False,-1,,15,False,0.0,24.0,0.0,-1.2208677636017358,False,0.3763098891167132,False,-1.2208677636017358,False,0.4927421303739932,False,0.1695206880569458,False
2025,B,2219,1780491540.0,False,-1,,15,False,0.0,29.0,0.0,-1.5817450244972955,False,0.3714008225939497,False,-1.5817450244972955,False,0.5532857800736111,True,0.1638632774353027,False
2025,B,2220,1780491600.0,False,-1,,15,False,0.0,28.0,0.0,-1.4822436255494784,False,0.36403233820018316,False,-1.4822436255494784,False,0.5424988195659789,True,0.159159255027771,False
2025,B,2221,1780491660.0,False,-1,,15,False,0.0,21.0,0.0,-1.2581199997884651,False,0.3812458504648492,False,-1.2581199997884651,False,0.446874446272475,False,0.15645170211791995,False
2025,B,2222,1780491720.0,True,181,resource_exhaustion,15,False,3.0,25.0,0.0,4.490681288578891,True,0.6917958610514782,False,4.490681288578891,True,1.0,True,3999999999.9999995,True
2025,B,2223,1780491780.0,True,181,resource_exhaustion,15,False,4.0,24.0,0.0,4.490681288578891,True,0.6935457729103184,True,4.490681288578891,True,1.0,True,3999999999.9999995,True
2025,B,2224,1780491840.0,True,181,resource_exhaustion,15,False,3.0,27.0,0.0,4.490681288578891,True,0.6919176646449043,False,4.490681288578891,True,1.0,True,3000000000.0,True
2025,B,2225,1780491900.0,True,181,resource_exhaustion,15,False,4.0,22.0,0.0,4.490681288578891,True,0.6934531686831239,True,4.490681288578891,True,1.0,True,3000000000.0,True
2025,B,2226,1780491960.0,True,181,resource_exhaustion,15,False,0.0,20.0,0.0,-1.2825391388304936,False,0.36922812487338064,False,-1.2825391388304936,False,0.42959277422704245,False,0.1576294898986816,False
2025,B,2227,1780492020.0,False,-1,,15,False,0.0,29.0,0.0,-0.7781781426017336,False,0.5599789124958441,False,-0.7781781426017336,False,0.0004413996526912582,False,1.0,False
2025,B,2228,1780492080.0,False,-1,,15,False,0.0,36.0,0.0,-0.969064542611962,False,0.413296178191376,False,-0.969064542611962,False,0.6150052106932189,True,0.14683091640472412,False
2025,B,2229,1780492140.0,False,-1,,15,False,0.0,29.0,0.0,-1.1966374000508537,False,0.37290195175044233,False,-1.1966374000508537,False,0.5532857800736111,True,0.16635999679565427,False
2025,B,2230,1780492200.0,False,-1,,15,False,0.0,28.0,0.0,-1.110313609619042,False,0.3932337602358003,False,-1.110313609619042,False,0.5424988195659789,True,0.14637339115142822,False
2025,B,2231,1780492260.0,False,-1,,15,False,0.0,21.0,0.0,-0.4431506918458856,False,0.39862272954369954,False,-0.4431506918458856,False,0.446874446272475,False,0.1332221031188965,False
2025,B,2232,1780492320.0,False,-1,,15,False,0.0,30.0,0.0,-0.710172664756576,False,0.42422172676565906,False,-0.710172664756576,False,0.5635068877933571,True,0.21144745349884034,False
2025,B,2233,1780492380.0,False,-1,,15,False,0.0,26.0,0.0,-1.031135730872716,False,0.37167131470526843,False,-1.031135730872716,False,0.5190456887361276,True,0.1511240005493164,False
2025,B,2234,1780492440.0,False,-1,,15,False,0.0,24.0,0.0,-1.1296382468660706,False,0.562700291908055,False,-1.1296382468660706,False,0.0002968244215787012,False,1.0,False
2025,B,2235,1780492500.0,True,182,dependency_timeout,15,False,2.0,33.0,0.0,4.490681288578891,True,0.6777175053166091,False,4.490681288578891,True,1.0,True,3000000000.0,True
2025,B,2236,1780492560.0,True,182,dependency_timeout,15,False,2.0,26.0,0.0,4.490681288578891,True,0.6873151382908097,False,4.490681288578891,True,1.0,True,999999999.9999999,True
2025,B,2237,1780492620.0,True,182,dependency_timeout,15,False,1.0,25.0,0.0,4.490681288578891,True,0.6672020961370523,False,4.490681288578891,True,1.0,True,1999999999.9999998,True
2025,B,2238,1780492680.0,True,182,dependency_timeout,15,False,5.0,30.0,0.0,4.490681288578891,True,0.6888411626306271,False,4.490681288578891,True,1.0,True,6000000000.0,True
2025,B,2239,1780492740.0,True,182,dependency_timeout,15,False,1.0,30.0,0.0,4.490681288578891,True,0.614309030086316,False,4.490681288578891,True,1.0,True,20.053234910964967,True
2025,B,2240,1780492800.0,False,-1,,15,False,0.0,35.0,0.0,-1.2655713578924308,False,0.4094585273948857,False,-1.2655713578924308,False,0.6074347942855897,True,0.1574971675872802,False
2025,B,2241,1780492860.0,False,-1,,15,False,1.0,35.0,0.0,0.3099864105671486,False,0.5998244319703021,False,0.3099864105671486,False,0.00021320460411800463,False,0.1704536914825438,False
2025,B,2242,1780492920.0,False,-1,,15,False,0.0,36.0,0.0,-0.9739368763927976,False,0.41176536367266015,False,-0.9739368763927976,False,0.6150052106932189,True,0.17517900466918945,False
2025,B,2243,1780492980.0,False,-1,,15,False,0.0,36.0,0.0,-1.16356952589331,False,0.40173994599305884,False,-1.16356952589331,False,0.6150052106932189,True,0.15619230270385742,False
2025,B,2244,1780493040.0,False,-1,,15,False,0.0,38.0,0.0,-0.6094315221790767,False,0.465291385882332,False,-0.6094315221790767,False,0.6291381747762922,True,0.1626083374023438,False
2025,B,2245,1780493100.0,False,-1,,15,False,0.0,29.0,0.0,-0.706293092636165,False,0.5660432482163502,False,-0.706293092636165,False,0.0004413996526912582,False,1.0,False
2025,B,2246,1780493160.0,True,183,permission_denied,15,False,0.0,30.0,0.0,4.490634829351098,True,0.4779333231344481,False,4.490634829351098,True,7.167144802860198e-07,False,7.0,True
2025,B,2247,1780493220.0,True,183,permission_denied,15,False,0.0,40.0,0.0,4.490681286901097,True,0.5261823699654937,False,4.490681286901097,True,6.73263791786176e-07,False,15.0,True
2025,B,2248,1780493280.0,True,183,permission_denied,15,False,0.0,20.0,0.0,4.490680038794545,True,0.5435918596902488,False,4.490680038794545,True,5.068879228022767e-07,False,9.0,True
2025,B,2249,1780493340.0,True,183,permission_denied,15,False,0.0,27.0,0.0,4.278325117544829,True,0.4502325001134772,False,4.278325117544829,True,1.2514393847569852e-06,False,2.0,True
2025,B,2250,1780493400.0,False,-1,,15,False,0.0,33.0,0.0,-0.9910863849170877,False,0.4008819506364242,False,-0.9910863849170877,False,0.5911651082946788,True,0.1563884735107422,False
2025,B,2251,1780493460.0,False,-1,,15,False,0.0,34.0,0.0,-1.0859523714667771,False,0.40504454880034807,False,-1.0859523714667771,False,0.5994968631203155,True,0.1875431537628175,False
2025,B,2252,1780493520.0,False,-1,,15,False,0.0,28.0,0.0,-0.9084920559894423,False,0.417587459717325,False,-0.9084920559894423,False,0.5424988195659789,True,0.14441559314727784,False
2025,B,2253,1780493580.0,False,-1,,15,False,0.0,32.0,0.0,-1.1303659935581063,False,0.3927486775836182,False,-1.1303659935581063,False,0.5824108545055228,True,0.15627651214599614,False
2025,B,2254,1780493640.0,False,-1,,15,False,0.0,34.0,0.0,-0.9189173429473421,False,0.3989419021432884,False,-0.9189173429473421,False,0.5994968631203155,True,0.1427475452423096,False
2025,B,2255,1780493700.0,False,-1,,15,False,0.0,27.0,0.0,-1.2492402666694016,False,0.39494440835230865,False,-1.2492402666694016,False,0.5311016008972118,True,0.167138385772705,False
2025,B,2256,1780493760.0,False,-1,,15,False,0.0,43.0,0.0,-0.3730497379687785,False,0.48505772045328255,False,-0.3730497379687785,False,0.6595117195029815,True,0.21232700347900377,False
2025,B,2257,1780493820.0,False,-1,,15,False,0.0,32.0,0.0,-1.291972164923484,False,0.38401493877277976,False,-1.291972164923484,False,0.5824108545055228,True,0.15234990119934083,False
2025,B,2258,1780493880.0,True,184,config_error,15,False,1.0,28.0,0.0,4.490681288578708,True,0.6255065767971135,False,4.490681288578708,True,1.462491922892004e-11,False,20.0,True
2025,B,2259,1780493940.0,True,184,config_error,15,False,0.0,24.0,0.0,4.490681288551498,True,0.4896306903702391,False,4.490681288551498,True,1.1359264162640683e-10,False,19.0,True
2025,B,2260,1780494000.0,True,184,config_error,15,False,0.0,29.0,0.0,4.490681288578766,True,0.4930578491924206,False,4.490681288578766,True,4.518077594106142e-11,False,25.0,True
2025,B,2261,1780494060.0,True,184,config_error,15,False,0.0,30.0,0.0,4.490681286599463,True,0.482926116461289,False,4.490681286599463,True,5.044805304489839e-10,False,15.0,True
2025,B,2262,1780494120.0,False,-1,,15,False,0.0,27.0,0.0,-1.414353849431695,False,0.36310897247524143,False,-1.414353849431695,False,0.5311016008972118,True,0.16924533843994138,False
2025,B,2263,1780494180.0,False,-1,,15,False,0.0,21.0,0.0,-1.5001437767225996,False,0.36646949472599427,False,-1.5001437767225996,False,0.446874446272475,False,0.15181827545166018,False
2025,B,2264,1780494240.0,False,-1,,15,False,0.0,21.0,0.0,-1.541052879241274,False,0.3658227486319925,False,-1.541052879241274,False,0.446874446272475,False,0.15146875381469727,False
2025,B,2265,1780494300.0,False,-1,,15,False,0.0,29.0,0.0,-1.4983959894480439,False,0.3789669404886657,False,-1.4983959894480439,False,0.5532857800736111,True,0.18243150711059566,False
2025,B,2266,1780494360.0,False,-1,,15,False,0.0,26.0,0.0,-1.1045953376139526,False,0.367587876969848,False,-1.1045953376139526,False,0.5190456887361276,True,0.14792323112487793,False
2025,B,2267,1780494420.0,False,-1,,15,False,0.0,31.0,0.0,-1.1252727152890953,False,0.3996246517929733,False,-1.1252727152890953,False,0.5732028251853444,True,0.1418023109436035,False
2025,B,2268,1780494480.0,True,185,permission_denied,15,False,0.0,32.0,0.0,-1.288102354826293,False,0.38444058732146386,False,-1.288102354826293,False,0.5824108545055228,True,0.16730685234069825,False
2025,B,2269,1780494540.0,True,185,permission_denied,15,False,0.0,21.0,0.0,4.4906783940507555,True,0.4589153550764573,False,4.4906783940507555,True,5.240331118337892e-07,False,9.0,True
2025,B,2270,1780494600.0,True,185,permission_denied,15,False,0.0,31.0,0.0,4.486583738028575,True,0.578150836720693,False,4.486583738028575,True,9.607827648215543e-06,False,7.0,True
2025,B,2271,1780494660.0,True,185,permission_denied,15,False,0.0,25.0,0.0,4.490681282768256,True,0.48382218455497705,False,4.490681282768256,True,5.153731350065158e-07,False,14.0,True
2025,B,2272,1780494720.0,True,185,permission_denied,15,False,0.0,26.0,0.0,-1.6476949244632921,False,0.3607066703424822,False,-1.6476949244632921,False,0.5190456887361276,True,0.16114354133605957,False
2025,B,2273,1780494780.0,False,-1,,15,False,0.0,22.0,0.0,-1.6023883713138183,False,0.37265075166209055,False,-1.6023883713138183,False,0.46310969853896505,False,0.18203577995300294,False
2025,B,2274,1780494840.0,False,-1,,15,False,0.0,29.0,0.0,-0.694358929650293,False,0.38609733118618406,False,-0.694358929650293,False,0.5532857800736111,True,0.16704378128051758,False
2025,B,2275,1780494900.0,False,-1,,15,False,0.0,28.0,0.0,-0.5192234167018288,False,0.39100616562304513,False,-0.5192234167018288,False,0.5424988195659789,True,0.15450716018676758,False
2025,B,2276,1780494960.0,False,-1,,15,False,0.0,21.0,0.0,-1.297005768482216,False,0.40142421564314384,False,-1.297005768482216,False,0.446874446272475,False,0.16353416442871094,False
2025,B,2277,1780495020.0,False,-1,,15,False,0.0,22.0,0.0,-0.949992215492145,False,0.37762096950982416,False,-0.949992215492145,False,0.46310969853896505,False,0.1561099052429199,False
2025,B,2278,1780495080.0,False,-1,,15,False,1.0,38.0,0.0,0.13165047781030914,False,0.5993173494966867,False,0.13165047781030914,False,0.0002703798057211522,False,0.15441339015960695,False
2025,B,2279,1780495140.0,True,186,resource_exhaustion,15,False,0.0,30.0,0.0,4.490681288578891,True,0.5712754354497092,False,4.490681288578891,True,1.0,True,999999999.9999999,True
2025,B,2280,1780495200.0,True,186,resource_exhaustion,15,False,6.0,31.0,0.0,4.490681288578891,True,0.6945843968289475,True,4.490681288578891,True,1.0,True,6000000000.0,True
2025,B,2281,1780495260.0,True,186,resource_exhaustion,15,False,7.0,27.0,0.0,4.490681288578891,True,0.6944933214795396,True,4.490681288578891,True,1.0,True,7000000000.0,True
2025,B,2282,1780495320.0,True,186,resource_exhaustion,15,False,3.0,33.0,0.0,4.490681288578891,True,0.6923734562926589,False,4.490681288578891,True,1.0,True,1999999999.9999998,True
2025,B,2283,1780495380.0,False,-1,,15,False,0.0,32.0,0.0,-1.458049675050531,False,0.3828113179853389,False,-1.458049675050531,False,0.5824108545055228,True,0.15450737476348878,False
2025,B,2284,1780495440.0,False,-1,,15,False,0.0,34.0,0.0,-1.2907625384337953,False,0.38839409477083886,False,-1.2907625384337953,False,0.5994968631203155,True,0.15449957847595214,False
2025,B,2285,1780495500.0,False,-1,,15,False,0.0,30.0,0.0,-1.3287316255239014,False,0.3829269647131923,False,-1.3287316255239014,False,0.5635068877933571,True,0.15123085975646974,False
2025,B,2286,1780495560.0,False,-1,,15,False,0.0,22.0,0.0,-0.9899369482870597,False,0.3760773042222965,False,-0.9899369482870597,False,0.46310969853896505,False,0.134649395942688,False
2025,B,2287,1780495620.0,False,-1,,15,False,0.0,34.0,0.0,-1.464066708459173,False,0.39172227558162076,False,-1.464066708459173,False,0.5994968631203155,True,0.16756350994110114,False
2025,B,2288,1780495680.0,False,-1,,15,False,0.0,32.0,0.0,-1.2209225124003504,False,0.397328461564406,False,-1.2209225124003504,False,0.5824108545055228,True,0.1956128358840943,False
2025,B,2289,1780495740.0,True,187,resource_exhaustion,15,False,2.0,35.0,0.0,4.490681288578891,True,0.6889772268903397,False,4.490681288578891,True,1.0,True,3000000000.0,True
2025,B,2290,1780495800.0,True,187,resource_exhaustion,15,False,6.0,30.0,0.0,4.490681288578891,True,0.694611863040772,True,4.490681288578891,True,1.0,True,5000000000.0,True
2025,B,2291,1780495860.0,True,187,resource_exhaustion,15,False,2.0,30.0,0.0,4.490681288578891,True,0.6876686920173309,False,4.490681288578891,True,1.0,True,1999999999.9999998,True
2025,B,2292,1780495920.0,False,-1,,15,False,0.0,32.0,0.0,-1.4876775576456156,False,0.38758217853786386,False,-1.4876775576456156,False,0.5824108545055228,True,0.16994509696960453,False
2025,B,2293,1780495980.0,False,-1,,15,False,0.0,21.0,0.0,-1.5627452867313885,False,0.37915213971677053,False,-1.5627452867313885,False,0.446874446272475,False,0.17655563354492188,False
2025,B,2294,1780496040.0,False,-1,,15,False,0.0,24.0,0.0,-1.2845712833690532,False,0.3643086058766591,False,-1.2845712833690532,False,0.4927421303739932,False,0.16271407604217525,False
2025,B,2295,1780496100.0,False,-1,,15,False,0.0,27.0,0.0,-1.2856193202709045,False,0.363783089541445,False,-1.2856193202709045,False,0.5311016008972118,True,0.1539931774139404,False
2025,B,2296,1780496160.0,False,-1,,15,False,0.0,25.0,0.0,-1.0087422989458101,False,0.3866866959707217,False,-1.0087422989458101,False,0.5062783192703245,True,0.13240814208984375,False
2025,B,2297,1780496220.0,False,-1,,15,False,0.0,31.0,0.0,-0.3733003762945568,False,0.4262058546611407,False,-0.3733003762945568,False,0.5732028251853444,True,0.20086550712585446,False
2025,B,2298,1780496280.0,False,-1,,15,False,0.0,25.0,0.0,-1.6349448973061387,False,0.3628675903118995,False,-1.6349448973061387,False,0.5062783192703245,True,0.17488870620727529,False
2025,B,2299,1780496340.0,True,188,config_error,15,False,0.0,34.0,0.0,4.309016119910274,True,0.49306725360714765,False,4.309016119910274,True,0.019443299400404453,False,2.0,True
2025,B,2300,1780496400.0,True,188,config_error,15,False,0.0,19.0,0.0,4.490681286984477,True,0.48167785823366793,False,4.490681286984477,True,2.308644496145564e-10,False,15.0,True
2025,B,2301,1780496460.0,True,188,config_error,15,False,0.0,22.0,0.0,4.490681288576771,True,0.5019286597137766,False,4.490681288576771,True,4.5607149797855865e-11,False,21.0,True
2025,B,2302,1780496520.0,True,188,config_error,15,False,0.0,30.0,0.0,4.490681288578883,True,0.4986869025933442,False,4.490681288578883,True,2.6192134761942202e-11,False,28.0,True
2025,B,2303,1780496580.0,True,188,config_error,15,False,0.0,20.0,0.0,3.5689118248554634,True,0.4536290077497135,False,3.5689118248554634,True,0.9999360440269272,True,1.0,False
2025,B,2304,1780496640.0,False,-1,,15,False,0.0,21.0,0.0,-0.8331700945129565,False,0.4183887529364683,False,-0.8331700945129565,False,0.446874446272475,False,0.1481122970581055,False
2025,B,2305,1780496700.0,False,-1,,15,False,0.0,20.0,0.0,-1.492890207007024,False,0.3789093779166573,False,-1.492890207007024,False,0.42959277422704245,False,0.14549705982208253,False
2025,B,2306,1780496760.0,False,-1,,15,False,0.0,32.0,0.0,-1.2361202976024916,False,0.3908087745301413,False,-1.2361202976024916,False,0.5824108545055228,True,0.1815605401992798,False
2025,B,2307,1780496820.0,False,-1,,15,False,0.0,41.0,0.0,-0.2542341080422501,False,0.4634074931933562,False,-0.2542341080422501,False,0.6481252890398529,True,0.1380000114440918,False
2025,B,2308,1780496880.0,False,-1,,15,False,0.0,33.0,0.0,-1.327744744655405,False,0.4051379715795645,False,-1.327744744655405,False,0.5911651082946788,True,0.1651595115661621,False
2025,B,2309,1780496940.0,False,-1,,15,False,0.0,38.0,0.0,-1.2334901208758406,False,0.4263065249767119,False,-1.2334901208758406,False,0.6291381747762922,True,0.1615304708480835,False
2025,B,2310,1780497000.0,False,-1,,15,False,0.0,34.0,0.0,-1.3317083548376631,False,0.39797626429480615,False,-1.3317083548376631,False,0.5994968631203155,True,0.1808292388916016,False
2025,B,2311,1780497060.0,False,-1,,15,False,0.0,29.0,0.0,-1.026876396154516,False,0.3901164682672429,False,-1.026876396154516,False,0.5532857800736111,True,0.17864608764648438,False
2025,B,2312,1780497120.0,False,-1,,15,False,1.0,31.0,0.0,-0.4002324234037564,False,0.5865161596945397,False,-0.4002324234037564,False,0.0001479520743173631,False,0.1926484107971191,False
2025,B,2313,1780497180.0,True,189,config_error,15,False,0.0,27.0,0.0,4.4904499721029065,True,0.4722921874656796,False,4.4904499721029065,True,9.876147539997716e-08,False,6.0,True
2025,B,2314,1780497240.0,True,189,config_error,15,False,0.0,30.0,0.0,4.4906812885788705,True,0.49060703156875435,False,4.4906812885788705,True,3.298716242013439e-11,False,27.0,True
2025,B,2315,1780497300.0,True,189,config_error,15,False,0.0,32.0,0.0,4.490681195449395,True,0.5981951879215065,False,4.490681195449395,True,8.641388007627473e-08,False,16.0,True
2025,B,2316,1780497360.0,False,-1,,15,False,0.0,37.0,0.0,-1.2949859805970085,False,0.4132625424027076,False,-1.2949859805970085,False,0.6222322699989643,True,0.1545890808105469,False
2025,B,2317,1780497420.0,False,-1,,15,False,0.0,33.0,0.0,-1.2483079335423488,False,0.4085695829399538,False,-1.2483079335423488,False,0.5911651082946788,True,0.16429548263549804,False
2025,B,2318,1780497480.0,False,-1,,15,False,0.0,28.0,0.0,-1.133718199959782,False,0.3765514847413767,False,-1.133718199959782,False,0.5424988195659789,True,0.1412966012954712,False
2025,B,2319,1780497540.0,False,-1,,15,False,0.0,31.0,0.0,-1.125366416882457,False,0.3839313673092581,False,-1.125366416882457,False,0.5732028251853444,True,0.16731548309326172,False
2025,B,2320,1780497600.0,False,-1,,15,False,0.0,33.0,0.0,-1.2120468455322388,False,0.3910124970481787,False,-1.2120468455322388,False,0.5911651082946788,True,0.15360298156738283,False
2025,B,2321,1780497660.0,False,-1,,15,False,0.0,24.0,0.0,-0.9822725324359807,False,0.37300380237527125,False,-0.9822725324359807,False,0.4927421303739932,False,0.14008159637451173,False
2025,B,2322,1780497720.0,False,-1,,15,False,0.0,26.0,0.0,-1.2044942927893407,False,0.3698639103387021,False,-1.2044942927893407,False,0.5190456887361276,True,0.1400989294052124,False
2025,B,2323,1780497780.0,False,-1,,15,False,0.0,20.0,0.0,-1.1083543740328183,False,0.39103071992071053,False,-1.1083543740328183,False,0.42959277422704245,False,0.1391679763793945,False
2025,B,2324,1780497840.0,False,-1,,15,False,0.0,23.0,0.0,-1.339027902674533,False,0.3798255787063643,False,-1.339027902674533,False,0.4783749513294757,False,0.14881377220153813,False
2025,B,2325,1780497900.0,False,-1,,15,False,0.0,24.0,0.0,-0.40370204875497784,False,0.4069144963293656,False,-0.40370204875497784,False,0.4927421303739932,False,0.22076597213745117,False
2025,B,2326,1780497960.0,True,190,permission_denied,15,False,0.0,27.0,0.0,4.490681056995915,True,0.4581726782839244,False,4.490681056995915,True,5.82458631521076e-07,False,11.0,True
2025,B,2327,1780498020.0,True,190,permission_denied,15,False,0.0,37.0,0.0,4.490680560466256,True,0.4804994564489556,False,4.490680560466256,True,7.27356816816176e-07,False,10.0,True
2025,B,2328,1780498080.0,True,190,permission_denied,15,False,0.0,40.0,0.0,4.490681288483852,True,0.4922352316686918,False,4.490681288483852,True,6.383073368919481e-07,False,18.0,True
2025,B,2329,1780498140.0,True,190,permission_denied,15,False,0.0,26.0,0.0,4.490681215797064,True,0.46848133541943726,False,4.490681215797064,True,5.543229661714577e-07,False,12.0,True
2025,B,2330,1780498200.0,True,190,permission_denied,15,False,0.0,30.0,0.0,-1.0733645020366165,False,0.4014911673727957,False,-1.0733645020366165,False,0.5635068877933571,True,0.15854616165161134,False
2025,B,2331,1780498260.0,False,-1,,15,False,0.0,29.0,0.0,-0.6238092829807176,False,0.40542939456687854,False,-0.6238092829807176,False,0.5532857800736111,True,0.13947277069091796,False
2025,B,2332,1780498320.0,False,-1,,15,False,0.0,25.0,0.0,-1.3054462093031622,False,0.36447619766840716,False,-1.3054462093031622,False,0.5062783192703245,True,0.14602241516113282,False
2025,B,2333,1780498380.0,False,-1,,15,False,0.0,26.0,0.0,-0.5994499472976491,False,0.4032192061241251,False,-0.5994499472976491,False,0.5190456887361276,True,0.1855313777923584,False
2025,B,2334,1780498440.0,False,-1,,15,False,0.0,38.0,0.0,-1.0152298825100514,False,0.4203998390279632,False,-1.0152298825100514,False,0.6291381747762922,True,0.14426372051239014,False
2025,B,2335,1780498500.0,False,-1,,15,False,0.0,19.0,0.0,-0.8200119227706173,False,0.5613790610426663,False,-0.8200119227706173,False,0.00017786645451779793,False,1.0,False
2025,B,2336,1780498560.0,False,-1,,15,False,0.0,33.0,0.0,-1.2874123395649244,False,0.38631584833658905,False,-1.2874123395649244,False,0.5911651082946788,True,0.16749181747436523,False
2025,B,2337,1780498620.0,False,-1,,15,False,0.0,30.0,0.0,-1.2025249546671652,False,0.3908112956342006,False,-1.2025249546671652,False,0.5635068877933571,True,0.14826190471649173,False
2025,B,2338,1780498680.0,False,-1,,15,False,0.0,37.0,0.0,-0.8255463034821346,False,0.417914217040757,False,-0.8255463034821346,False,0.6222322699989643,True,0.154349422454834,False
2025,B,2339,1780498740.0,False,-1,,15,False,0.0,31.0,0.0,-1.0687037110018958,False,0.3841269362910854,False,-1.0687037110018958,False,0.5732028251853444,True,0.14364290237426758,False
2025,B,2340,1780498800.0,True,191,dependency_timeout,15,False,7.0,31.0,0.0,4.490681288578891,True,0.6799605881110001,False,4.490681288578891,True,1.0,True,5000000000.0,True
2025,B,2341,1780498860.0,True,191,dependency_timeout,15,False,1.0,31.0,0.0,4.490681288578891,True,0.6717630215506437,False,4.490681288578891,True,1.0,True,3999999999.9999995,True
2025,B,2342,1780498920.0,True,191,dependency_timeout,15,False,5.0,26.0,0.0,4.490681288578891,True,0.6776009250894508,False,4.490681288578891,True,1.0,True,3999999999.9999995,True
2025,B,2343,1780498980.0,True,191,dependency_timeout,15,False,3.0,32.0,0.0,4.490681288578891,True,0.6871806082708696,False,4.490681288578891,True,1.0,True,999999999.9999999,True
2025,B,2344,1780499040.0,False,-1,,16,False,0.0,21.0,0.0,-0.5471365771497778,False,0.40930261403556367,False,-0.5471365771497778,False,0.446874446272475,False,0.17875862121582028,False
2025,B,2345,1780499100.0,False,-1,,16,False,0.0,31.0,0.0,-0.10642981572388432,False,0.5763405344628111,False,-0.10642981572388432,False,0.0005057647352827783,False,1.0,False
2025,B,2346,1780499160.0,False,-1,,16,False,0.0,41.0,0.0,-1.0453181819809148,False,0.4546738809486074,False,-1.0453181819809148,False,0.6481252890398529,True,0.1533064842224122,False
2025,B,2347,1780499220.0,False,-1,,16,True,0.0,270.0,0.0,2.3977979675503565,True,0.7369964671532455,True,2.3977979675503565,True,0.016988921867794715,False,1.0,False
2025,B,2348,1780499280.0,False,-1,,16,True,0.0,285.0,0.0,0.21539739313957984,False,0.6987854801615246,True,0.21539739313957984,False,0.8907930597232767,True,0.17805557250976595,False
2025,B,2349,1780499340.0,False,-1,,16,True,0.0,65.0,0.0,-0.33180229628882874,False,0.5388157235930081,False,-0.33180229628882874,False,0.7428072414766571,True,0.18333749771118163,False
2025,B,2350,1780499400.0,False,-1,,16,False,0.0,28.0,0.0,-1.5393565571717245,False,0.36553672729847503,False,-1.5393565571717245,False,0.5424988195659789,True,0.157729434967041,False
2025,B,2351,1780499460.0,False,-1,,16,False,0.0,28.0,0.0,-1.5213881031811542,False,0.36677727760440787,False,-1.5213881031811542,False,0.5424988195659789,True,0.17324650287628174,False
2025,B,2352,1780499520.0,False,-1,,16,False,0.0,20.0,0.0,-1.1401494196486608,False,0.37065811629452783,False,-1.1401494196486608,False,0.42959277422704245,False,0.14601836204528806,False
2025,B,2353,1780499580.0,False,-1,,16,False,0.0,35.0,0.0,-1.0265265204495657,False,0.4083171844671502,False,-1.0265265204495657,False,0.6074347942855897,True,0.17070250511169427,False
2025,B,2354,1780499640.0,True,192,resource_exhaustion,16,False,0.0,37.0,0.0,-1.2865796900061062,False,0.42474455553568846,False,-1.2865796900061062,False,0.6222322699989643,True,0.18291654586791994,False
2025,B,2355,1780499700.0,True,192,resource_exhaustion,16,False,2.0,29.0,0.0,4.490681288578891,True,0.6924569456936902,False,4.490681288578891,True,1.0,True,3000000000.0,True
2025,B,2356,1780499760.0,True,192,resource_exhaustion,16,False,4.0,35.0,0.0,4.490681288578891,True,0.6986699508572427,True,4.490681288578891,True,1.0,True,3000000000.0,True
2025,B,2357,1780499820.0,True,192,resource_exhaustion,16,False,2.0,30.0,0.0,4.490681288578891,True,0.6935491761332395,True,4.490681288578891,True,1.0,True,3000000000.0,True
2025,B,2358,1780499880.0,True,192,resource_exhaustion,16,False,0.0,30.0,0.0,-1.017298082201382,False,0.3875987523591366,False,-1.017298082201382,False,0.5635068877933571,True,0.17713348865509032,False
2025,B,2359,1780499940.0,False,-1,,16,False,0.0,36.0,0.0,-1.0722804886463262,False,0.41270904445220363,False,-1.0722804886463262,False,0.6150052106932189,True,0.1428585052490234,False
2025,B,2360,1780500000.0,False,-1,,16,False,0.0,27.0,0.0,-1.331892788248605,False,0.36332180718601376,False,-1.331892788248605,False,0.5311016008972118,True,0.15754241943359373,False
2025,B,2361,1780500060.0,False,-1,,16,False,0.0,31.0,0.0,-1.4635684553494297,False,0.3856975304004542,False,-1.4635684553494297,False,0.5732028251853444,True,0.16594505310058594,False
2025,B,2362,1780500120.0,False,-1,,16,False,1.0,36.0,0.0,-0.07594400680006075,False,0.6107628422657987,False,-0.07594400680006075,False,0.0002314856827423131,False,0.15680480003356934,False
2025,B,2363,1780500180.0,False,-1,,16,False,0.0,27.0,0.0,-1.553210249592368,False,0.37470549835441064,False,-1.553210249592368,False,0.5311016008972118,True,0.18203825950622554,False
2025,B,2364,1780500240.0,True,193,permission_denied,16,False,0.0,36.0,0.0,4.490670447304578,True,0.4711001441142164,False,4.490670447304578,True,7.699135999534533e-07,False,8.0,True
2025,B,2365,1780500300.0,True,193,permission_denied,16,False,0.0,21.0,0.0,4.490681271716817,True,0.4672088623350834,False,4.490681271716817,True,4.6746744871902864e-07,False,13.0,True
2025,B,2366,1780500360.0,True,193,permission_denied,16,False,0.0,32.0,0.0,4.490681287837649,True,0.48395499746551973,False,4.490681287837649,True,5.792176555562502e-07,False,16.0,True
2025,B,2367,1780500420.0,True,193,permission_denied,16,False,0.0,31.0,0.0,4.490668910275509,True,0.46526746271568975,False,4.490668910275509,True,7.002529108956005e-07,False,8.0,True
2025,B,2368,1780500480.0,True,193,permission_denied,16,False,0.0,26.0,0.0,-1.438111479734661,False,0.37650910768069257,False,-1.438111479734661,False,0.5190456887361276,True,0.15097558498382568,False
2025,B,2369,1780500540.0,False,-1,,16,False,0.0,24.0,0.0,-0.6309159205314279,False,0.4088202559915751,False,-0.6309159205314279,False,0.4927421303739932,False,0.20014226436614987,False
2025,B,2370,1780500600.0,False,-1,,16,False,0.0,34.0,0.0,-1.106730655084223,False,0.39704917281414914,False,-1.106730655084223,False,0.5994968631203155,True,0.17240633964538576,False
2025,B,2371,1780500660.0,False,-1,,16,False,0.0,30.0,0.0,-1.4373330226272776,False,0.3769262516620043,False,-1.4373330226272776,False,0.5635068877933571,True,0.16905293464660648,False
2025,B,2372,1780500720.0,False,-1,,16,False,0.0,21.0,0.0,-0.6185336340568641,False,0.42700664360099694,False,-0.6185336340568641,False,0.446874446272475,False,0.12799644470214844,False
2025,B,2373,1780500780.0,False,-1,,16,False,0.0,25.0,0.0,-1.4499353149625165,False,0.3615687338588021,False,-1.4499353149625165,False,0.5062783192703245,True,0.1502625465393066,False
2025,B,2374,1780500840.0,True,194,permission_denied,16,False,0.0,32.0,0.0,4.484037048008925,True,0.46475724750281194,False,4.484037048008925,True,9.418495239260042e-07,False,4.0,True
2025,B,2375,1780500900.0,True,194,permission_denied,16,False,0.0,30.0,0.0,4.49068128682777,True,0.49171580006606835,False,4.49068128682777,True,5.675424059720339e-07,False,15.0,True
2025,B,2376,1780500960.0,True,194,permission_denied,16,False,0.0,34.0,0.0,4.490681287754301,True,0.4658462596487972,False,4.490681287754301,True,6.00900443522242e-07,False,16.0,True
2025,B,2377,1780501020.0,True,194,permission_denied,16,False,0.0,24.0,0.0,4.490681282684951,True,0.47803582611501394,False,4.490681282684951,True,5.012337624970793e-07,False,14.0,True
2025,B,2378,1780501080.0,True,194,permission_denied,16,False,0.0,30.0,0.0,4.489662463171001,True,0.5790690498739239,False,4.489662463171001,True,9.207883636664653e-06,False,8.0,True
2025,B,2379,1780501140.0,False,-1,,16,False,0.0,34.0,0.0,-1.306464371803167,False,0.40366206907903285,False,-1.306464371803167,False,0.5994968631203155,True,0.16085808277130126,False
2025,B,2380,1780501200.0,False,-1,,16,False,0.0,39.0,0.0,-0.7286454167432836,False,0.44128506234991244,False,-0.7286454167432836,False,0.6357433507567806,True,0.17162299156188962,False
2025,B,2381,1780501260.0,False,-1,,16,False,0.0,22.0,0.0,-1.212148137704066,False,0.3856081561886629,False,-1.212148137704066,False,0.46310969853896505,False,0.14251353740692138,False
2025,B,2382,1780501320.0,False,-1,,16,False,0.0,32.0,0.0,-0.8844450895450962,False,0.3894651264685621,False,-0.8844450895450962,False,0.5824108545055228,True,0.15978910923004153,False
2025,B,2383,1780501380.0,False,-1,,16,False,0.0,31.0,0.0,-1.2939157738185987,False,0.39217368244105927,False,-1.2939157738185987,False,0.5732028251853444,True,0.18459320068359375,False
2025,B,2384,1780501440.0,False,-1,,16,False,0.0,32.0,0.0,-0.7328682577925978,False,0.5575202636189397,False,-0.7328682577925978,False,0.0005392635080246558,False,1.0,False
2025,B,2385,1780501500.0,False,-1,,16,False,0.0,37.0,0.0,-1.150126811984494,False,0.4091554258150149,False,-1.150126811984494,False,0.6222322699989643,True,0.16594390869140624,False
2025,B,2386,1780501560.0,False,-1,,16,False,0.0,31.0,0.0,-1.3027387728285662,False,0.37666169402159816,False,-1.3027387728285662,False,0.5732028251853444,True,0.1623833179473877,False
2025,B,2387,1780501620.0,True,195,dependency_timeout,16,False,6.0,37.0,0.0,4.490681288578891,True,0.6810552454608084,False,4.490681288578891,True,1.0,True,3000000000.0,True
2025,B,2388,1780501680.0,True,195,dependency_timeout,16,False,3.0,29.0,0.0,4.490681288578891,True,0.7255078433094336,True,4.490681288578891,True,1.0,True,3000000000.0,True
2025,B,2389,1780501740.0,True,195,dependency_timeout,16,False,0.0,30.0,0.0,4.490681288578891,True,0.5468441661732524,False,4.490681288578891,True,1.0,True,1999999999.9999998,True
2025,B,2390,1780501800.0,True,195,dependency_timeout,16,False,3.0,34.0,0.0,4.490681288578891,True,0.6767074336592195,False,4.490681288578891,True,1.0,True,3000000000.0,True
2025,B,2391,1780501860.0,True,195,dependency_timeout,16,False,0.0,38.0,0.0,4.490681288578891,True,0.514962841766204,False,4.490681288578891,True,1.0,True,0.16053180694580077,False
2025,B,2392,1780501920.0,False,-1,,16,False,0.0,36.0,0.0,-0.9174893177201335,False,0.4079670698549962,False,-0.9174893177201335,False,0.6150052106932189,True,0.16472697257995605,False
2025,B,2393,1780501980.0,False,-1,,16,False,0.0,33.0,0.0,-1.0584187602600128,False,0.4029163008427637,False,-1.0584187602600128,False,0.5911651082946788,True,0.1898825645446777,False
2025,B,2394,1780502040.0,False,-1,,16,False,0.0,27.0,0.0,-0.6273166928668994,False,0.40982718768067167,False,-0.6273166928668994,False,0.5311016008972118,True,0.2261770248413085,False
2025,B,2395,1780502100.0,False,-1,,16,False,0.0,30.0,0.0,-1.4020466089363746,False,0.37561574356551536,False,-1.4020466089363746,False,0.5635068877933571,True,0.1529085159301758,False
2025,B,2396,1780502160.0,False,-1,,16,False,0.0,34.0,0.0,-1.193471058806268,False,0.3900035684912925,False,-1.193471058806268,False,0.5994968631203155,True,0.1629072904586792,False
2025,B,2397,1780502220.0,False,-1,,16,False,0.0,26.0,0.0,-1.388439485612306,False,0.36281866813679114,False,-1.388439485612306,False,0.5190456887361276,True,0.16105234622955322,False
2025,B,2398,1780502280.0,False,-1,,16,False,0.0,27.0,0.0,-1.129097707098813,False,0.37181349675013087,False,-1.129097707098813,False,0.5311016008972118,True,0.15317587852478026,False
2025,B,2399,1780502340.0,True,196,permission_denied,16,False,0.0,36.0,0.0,4.455876835505573,True,0.5091228905775812,False,4.455876835505573,True,1.2171630580807267e-06,False,3.0,True
2025,B,2400,1780502400.0,True,196,permission_denied,16,False,0.0,24.0,0.0,4.490681278917076,True,0.502421100827568,False,4.490681278917076,True,5.133975912706392e-07,False,13.0,True
2025,B,2401,1780502460.0,True,196,permission_denied,16,False,0.0,35.0,0.0,4.49068128613557,True,0.4789973493296177,False,4.49068128613557,True,6.230913847629975e-07,False,15.0,True
2025,B,2402,1780502520.0,True,196,permission_denied,16,False,0.0,29.0,0.0,4.490680431799038,True,0.4515698547057178,False,4.490680431799038,True,6.264989217475219e-07,False,10.0,True
2025,B,2403,1780502580.0,True,196,permission_denied,16,False,0.0,38.0,0.0,4.4904640534606015,True,0.4837831844065715,False,4.4904640534606015,True,8.88319152378359e-07,False,6.0,True
2025,B,2404,1780502640.0,False,-1,,16,False,0.0,38.0,0.0,-1.1930717340161605,False,0.4154085707796002,False,-1.1930717340161605,False,0.6291381747762922,True,0.16756036281585693,False
2025,B,2405,1780502700.0,False,-1,,16,False,1.0,31.0,0.0,-0.3635339392323358,False,0.5927661597041493,False,-0.3635339392323358,False,0.0001479520743173631,False,0.19425773620605466,False
2025,B,2406,1780502760.0,False,-1,,16,False,0.0,46.0,0.0,-0.5249639334325309,False,0.47073978405339356,False,-0.5249639334325309,False,0.6749697689215096,True,0.16021549701690666,False
2025,B,2407,1780502820.0,False,-1,,16,False,0.0,24.0,0.0,-1.3869267898346243,False,0.3703584096384787,False,-1.3869267898346243,False,0.4927421303739932,False,0.149558162689209,False
2025,B,2408,1780502880.0,False,-1,,16,False,0.0,28.0,0.0,-0.9630004531326417,False,0.4077224518583191,False,-0.9630004531326417,False,0.5424988195659789,True,0.1402284860610962,False
2025,B,2409,1780502940.0,False,-1,,16,False,0.0,39.0,0.0,-0.8322407419303346,False,0.425056068631791,False,-0.8322407419303346,False,0.6357433507567806,True,0.1520449161529541,False
2025,B,2410,1780503000.0,False,-1,,16,False,0.0,33.0,0.0,-1.0937262053174477,False,0.389124440387472,False,-1.0937262053174477,False,0.5911651082946788,True,0.15458269119262696,False
2025,B,2411,1780503060.0,True,197,dependency_timeout,16,False,1.0,19.0,0.0,4.490681288578891,True,0.7136991356634942,True,4.490681288578891,True,1.0,True,999999999.9999999,True
2025,B,2412,1780503120.0,True,197,dependency_timeout,16,False,2.0,31.0,0.0,4.490681288578891,True,0.7156753786882997,True,4.490681288578891,True,1.0,True,3000000000.0,True
2025,B,2413,1780503180.0,True,197,dependency_timeout,16,False,5.0,30.0,0.0,4.490681288578891,True,0.6923073933060404,False,4.490681288578891,True,1.0,True,5000000000.0,True
2025,B,2414,1780503240.0,True,197,dependency_timeout,16,False,2.0,23.0,0.0,4.490681288578891,True,0.645437283008538,False,4.490681288578891,True,1.0,True,999999999.9999999,True
2025,B,2415,1780503300.0,False,-1,,16,False,0.0,28.0,0.0,-0.41182695519372103,False,0.39298222557874873,False,-0.41182695519372103,False,0.5424988195659789,True,0.136083722114563,False
2025,B,2416,1780503360.0,False,-1,,16,False,0.0,37.0,0.0,0.27732919450881255,False,0.6170374162352035,False,0.27732919450881255,False,0.000719149923583559,False,1.0,False
2025,B,2417,1780503420.0,False,-1,,16,False,0.0,30.0,0.0,-1.3257229601873926,False,0.39790643885512017,False,-1.3257229601873926,False,0.5635068877933571,True,0.192707109451294,False
2025,B,2418,1780503480.0,False,-1,,16,False,0.0,29.0,0.0,-0.7089497497914454,False,0.3966429159049528,False,-0.7089497497914454,False,0.5532857800736111,True,0.19557943344116208,False
2025,B,2419,1780503540.0,False,-1,,16,False,0.0,24.0,0.0,-1.3483473592381268,False,0.3887649129051213,False,-1.3483473592381268,False,0.4927421303739932,False,0.18877711296081542,False
2025,B,2420,1780503600.0,False,-1,,16,False,0.0,26.0,0.0,-0.8547926972985911,False,0.38475534176364007,False,-0.8547926972985911,False,0.5190456887361276,True,0.14792799949645996,False
2025,B,2421,1780503660.0,False,-1,,16,False,0.0,35.0,0.0,-1.0813798475088623,False,0.41877098419043696,False,-1.0813798475088623,False,0.6074347942855897,True,0.19651727676391595,False
2025,B,2422,1780503720.0,False,-1,,16,False,0.0,34.0,0.0,-1.2349085762974843,False,0.41259783401501127,False,-1.2349085762974843,False,0.5994968631203155,True,0.17516653537750249,False
2025,B,2423,1780503780.0,True,198,dependency_timeout,16,False,2.0,31.0,0.0,4.490681288578891,True,0.6824213191314297,False,4.490681288578891,True,1.0,True,1999999999.9999998,True
2025,B,2424,1780503840.0,True,198,dependency_timeout,16,False,4.0,32.0,0.0,4.490681288578891,True,0.6771587001827991,False,4.490681288578891,True,1.0,True,1999999999.9999998,True
2025,B,2425,1780503900.0,True,198,dependency_timeout,16,False,0.0,35.0,0.0,4.490681288578891,True,0.5387423157638149,False,4.490681288578891,True,1.0,True,999999999.9999999,True
2025,B,2426,1780503960.0,False,-1,,16,False,0.0,38.0,0.0,-0.7717380157750391,False,0.42808739213108404,False,-0.7717380157750391,False,0.6291381747762922,True,0.177847695350647,False
2025,B,2427,1780504020.0,False,-1,,16,False,0.0,28.0,0.0,-0.8906515996268523,False,0.3744797381405537,False,-0.8906515996268523,False,0.5424988195659789,True,0.15887181758880614,False
2025,B,2428,1780504080.0,False,-1,,16,False,0.0,30.0,0.0,-0.8614177814913493,False,0.3837018119008642,False,-0.8614177814913493,False,0.5635068877933571,True,0.1474505662918091,False
2025,B,2429,1780504140.0,False,-1,,16,False,0.0,27.0,0.0,-1.2722233018442939,False,0.37195086469023675,False,-1.2722233018442939,False,0.5311016008972118,True,0.14175896644592284,False
2025,B,2430,1780504200.0,False,-1,,16,False,0.0,30.0,0.0,-1.4662487986860055,False,0.37216590306725794,False,-1.4662487986860055,False,0.5635068877933571,True,0.16661553382873534,False
2025,B,2431,1780504260.0,True,199,config_error,16,False,0.0,38.0,0.0,4.484360498168088,True,0.4972741859695442,False,4.484360498168088,True,5.11508473612038e-06,False,4.0,True
2025,B,2432,1780504320.0,True,199,config_error,16,False,0.0,25.0,0.0,4.490681288577515,True,0.49880074637302746,False,4.490681288577515,True,5.847809324702219e-11,False,22.0,True
2025,B,2433,1780504380.0,True,199,config_error,16,False,0.0,32.0,0.0,4.4906812885788865,True,0.5133245186456904,False,4.4906812885788865,True,2.7356728291609414e-11,False,29.0,True
2025,B,2434,1780504440.0,True,199,config_error,16,False,0.0,22.0,0.0,4.490681065688223,True,0.45817537675189945,False,4.490681065688223,True,1.5463677317880714e-09,False,11.0,True
2025,B,2435,1780504500.0,False,-1,,16,False,1.0,36.0,0.0,-0.5313700153892764,False,0.5869721599261828,False,-0.5313700153892764,False,0.0002314856827423131,False,0.16327178478240967,False
2025,B,2436,1780504560.0,False,-1,,16,False,0.0,25.0,0.0,-1.5688269326418798,False,0.3620612073798072,False,-1.5688269326418798,False,0.5062783192703245,True,0.15702104568481443,False
2025,B,2437,1780504620.0,False,-1,,16,False,0.0,26.0,0.0,-1.4571362166855737,False,0.38134332892362344,False,-1.4571362166855737,False,0.5190456887361276,True,0.16752123832702637,False
2025,B,2438,1780504680.0,False,-1,,16,False,0.0,20.0,0.0,-1.4333213905326279,False,0.38122845453653414,False,-1.4333213905326279,False,0.42959277422704245,False,0.17431516647338863,False
2025,B,2439,1780504740.0,False,-1,,16,False,0.0,24.0,0.0,-1.4657241093954534,False,0.3641592743175445,False,-1.4657241093954534,False,0.4927421303739932,False,0.16845040321350094,False
2025,B,2440,1780504800.0,False,-1,,16,False,0.0,28.0,0.0,-1.2143329659857338,False,0.3685513199725599,False,-1.2143329659857338,False,0.5424988195659789,True,0.161942195892334,False
2025,B,2441,1780504860.0,True,200,resource_exhaustion,16,False,0.0,27.0,0.0,4.490681288578891,True,0.5039372656408443,False,4.490681288578891,True,0.5311016008972118,True,0.303800344467163,False
2025,B,2442,1780504920.0,True,200,resource_exhaustion,16,False,1.0,33.0,0.0,4.490681288578891,True,0.6881012480943496,False,4.490681288578891,True,1.0,True,1999999999.9999998,True
2025,B,2443,1780504980.0,True,200,resource_exhaustion,16,False,5.0,33.0,0.0,4.490681288578891,True,0.6964172483508045,True,4.490681288578891,True,1.0,True,6000000000.0,True
2025,B,2444,1780505040.0,True,200,resource_exhaustion,16,False,3.0,35.0,0.0,4.490681288578891,True,0.69322018686326,True,4.490681288578891,True,1.0,True,1999999999.9999998,True
2025,B,2445,1780505100.0,False,-1,,16,False,0.0,38.0,0.0,-0.6506038445424753,False,0.46619469885384524,False,-0.6506038445424753,False,0.6291381747762922,True,0.16007647514343265,False
2025,B,2446,1780505160.0,False,-1,,16,False,0.0,23.0,0.0,-1.4455807432030365,False,0.3805302524745041,False,-1.4455807432030365,False,0.4783749513294757,False,0.17148585319519047,False
2025,B,2447,1780505220.0,False,-1,,16,False,0.0,27.0,0.0,-1.0369216277460565,False,0.39504878029809526,False,-1.0369216277460565,False,0.5311016008972118,True,0.13450107574462888,False
2025,B,2448,1780505280.0,False,-1,,16,False,0.0,26.0,0.0,-0.45650451692462823,False,0.380223125853029,False,-0.45650451692462823,False,0.5190456887361276,True,0.14506399631500244,False
2025,B,2449,1780505340.0,False,-1,,16,False,0.0,28.0,0.0,-0.6439370223167638,False,0.3837380897866404,False,-0.6439370223167638,False,0.5424988195659789,True,0.16300058364868164,False
2025,B,2450,1780505400.0,True,201,resource_exhaustion,16,False,1.0,26.0,0.0,4.490681288578891,True,0.6811661335381991,False,4.490681288578891,True,1.0,True,1999999999.9999998,True
2025,B,2451,1780505460.0,True,201,resource_exhaustion,16,False,3.0,34.0,0.0,4.490681288578891,True,0.6957245394316566,True,4.490681288578891,True,1.0,True,1999999999.9999998,True
2025,B,2452,1780505520.0,True,201,resource_exhaustion,16,False,3.0,27.0,0.0,4.490681288578891,True,0.6926202341308592,False,4.490681288578891,True,1.0,True,3999999999.9999995,True
2025,B,2453,1780505580.0,True,201,resource_exhaustion,16,False,3.0,24.0,0.0,4.490681288578891,True,0.6921067562371266,False,4.490681288578891,True,1.0,True,1999999999.9999998,True
2025,B,2454,1780505640.0,False,-1,,16,False,0.0,20.0,0.0,-1.223428787308582,False,0.3940726363541467,False,-1.223428787308582,False,0.42959277422704245,False,0.13909487724304198,False
2025,B,2455,1780505700.0,False,-1,,16,False,0.0,20.0,0.0,-0.6678922230128768,False,0.3915169744076934,False,-0.6678922230128768,False,0.42959277422704245,False,0.13839802742004392,False
2025,B,2456,1780505760.0,False,-1,,16,False,0.0,28.0,0.0,-1.2390252191236941,False,0.36874017547052174,False,-1.2390252191236941,False,0.5424988195659789,True,0.14886064529418946,False
2025,B,2457,1780505820.0,False,-1,,16,False,0.0,33.0,0.0,-1.0911153240132228,False,0.41544424831629756,False,-1.0911153240132228,False,0.5911651082946788,True,0.1932535171508789,False
2025,B,2458,1780505880.0,False,-1,,16,False,0.0,16.0,0.0,-1.0031596938911163,False,0.39394085169356685,False,-1.0031596938911163,False,0.3483801247404773,False,0.17437148094177246,False
2025,B,2459,1780505940.0,False,-1,,16,False,1.0,32.0,0.0,-0.5771646206762258,False,0.5861533044383643,False,-0.5771646206762258,False,0.00016307801115783067,False,0.17126677036285404,False
2025,B,2460,1780506000.0,False,-1,,16,False,0.0,23.0,0.0,-1.2757921116192223,False,0.3833420125953418,False,-1.2757921116192223,False,0.4783749513294757,False,0.1825144290924073,False
2025,B,2461,1780506060.0,False,-1,,16,False,0.0,28.0,0.0,-1.622703671637879,False,0.37077411177989633,False,-1.622703671637879,False,0.5424988195659789,True,0.168625545501709,False
2025,B,2462,1780506120.0,False,-1,,16,False,0.0,40.0,0.0,0.6555336003021903,False,0.6287803356503824,False,0.6555336003021903,False,0.0008363546656163508,False,1.0,False
2025,B,2463,1780506180.0,False,-1,,16,False,0.0,30.0,0.0,-0.8078733927350479,False,0.38669243883605786,False,-0.8078733927350479,False,0.5635068877933571,True,0.13850746154785157,False
2025,B,2464,1780506240.0,False,-1,,16,False,0.0,33.0,0.0,-1.2351501989817235,False,0.39559077623241556,False,-1.2351501989817235,False,0.5911651082946788,True,0.17410125732421874,False
2025,B,2465,1780506300.0,True,202,config_error,16,False,0.0,32.0,0.0,4.490678755013222,True,0.48340062154867025,False,4.490678755013222,True,8.410041090961436e-09,False,9.0,True
2025,B,2466,1780506360.0,True,202,config_error,16,False,0.0,28.0,0.0,4.490681288578773,True,0.48207659191480784,False,4.490681288578773,True,4.0640525958052735e-11,False,25.0,True
2025,B,2467,1780506420.0,True,202,config_error,16,False,0.0,24.0,0.0,4.490681288577562,True,0.4933109970991792,False,4.490681288577562,True,5.0467307765357596e-11,False,22.0,True
2025,B,2468,1780506480.0,True,202,config_error,16,False,0.0,34.0,0.0,4.490681288578888,True,0.49267139263748916,False,4.490681288578888,True,2.768292657662276e-11,False,30.0,True
2025,B,2469,1780506540.0,False,-1,,16,False,0.0,29.0,0.0,-1.408162457906422,False,0.38741872685470147,False,-1.408162457906422,False,0.5532857800736111,True,0.17641086578369136,False
2025,B,2470,1780506600.0,False,-1,,16,False,0.0,23.0,0.0,-1.260652887152772,False,0.37556631740942353,False,-1.260652887152772,False,0.4783749513294757,False,0.16002798080444336,False
2025,B,2471,1780506660.0,False,-1,,16,False,0.0,22.0,0.0,-1.5041573801836101,False,0.36813887687561625,False,-1.5041573801836101,False,0.46310969853896505,False,0.17604937553405758,False
2025,B,2472,1780506720.0,False,-1,,16,False,0.0,27.0,0.0,-0.5028391429383667,False,0.4181599891054276,False,-0.5028391429383667,False,0.5311016008972118,True,0.21360836029052727,False
2025,B,2473,1780506780.0,False,-1,,16,False,0.0,27.0,0.0,-1.220921349014593,False,0.36865333377712445,False,-1.220921349014593,False,0.5311016008972118,True,0.16793184280395504,False
2025,B,2474,1780506840.0,False,-1,,16,False,0.0,27.0,0.0,-0.9192744583456731,False,0.3966561078531374,False,-0.9192744583456731,False,0.5311016008972118,True,0.17776885032653805,False
2025,B,2475,1780506900.0,True,203,config_error,16,False,0.0,33.0,0.0,4.490681288562437,True,0.4744166117863209,False,4.490681288562437,True,1.5716683886437007e-10,False,20.0,True
2025,B,2476,1780506960.0,True,203,config_error,16,False,0.0,31.0,0.0,4.490681288578867,True,0.4918873606209611,False,4.490681288578867,True,3.655357714736067e-11,False,27.0,True
2025,B,2477,1780507020.0,True,203,config_error,16,False,0.0,25.0,0.0,4.490681288577925,True,0.5114487063947585,False,4.490681288577925,True,5.847809324702219e-11,False,22.0,True
2025,B,2478,1780507080.0,True,203,config_error,16,False,0.0,26.0,0.0,4.490678112736549,True,0.4538997146315802,False,4.490678112736549,True,6.238939547168568e-09,False,9.0,True
2025,B,2479,1780507140.0,False,-1,,17,False,0.0,33.0,0.0,-0.8444089770039565,False,0.415782163406047,False,-0.8444089770039565,False,0.5911651082946788,True,0.16128215789794922,False
2025,B,2480,1780507200.0,False,-1,,17,False,0.0,37.0,0.0,-1.1693889849829642,False,0.4135141657188464,False,-1.1693889849829642,False,0.6222322699989643,True,0.16492052078247071,False
2025,B,2481,1780507260.0,False,-1,,17,False,0.0,38.0,0.0,-0.7979257742869335,False,0.42513742193891896,False,-0.7979257742869335,False,0.6291381747762922,True,0.15111434459686282,False
2025,B,2482,1780507320.0,False,-1,,17,False,1.0,25.0,0.0,0.37257254414063823,False,0.5992164269781863,False,0.37257254414063823,False,7.38626494627872e-05,False,0.19107589721679685,False
2025,B,2483,1780507380.0,False,-1,,17,False,0.0,27.0,0.0,-1.5612074443336024,False,0.3724542271448011,False,-1.5612074443336024,False,0.5311016008972118,True,0.18199090957641595,False
2025,B,2484,1780507440.0,False,-1,,17,False,0.0,24.0,0.0,-1.3486744378459,False,0.3704058049310183,False,-1.3486744378459,False,0.4927421303739932,False,0.14644594192504884,False
2025,B,2485,1780507500.0,True,204,resource_exhaustion,17,False,3.0,33.0,0.0,4.490681288578891,True,0.691552105450567,False,4.490681288578891,True,1.0,True,3999999999.9999995,True
2025,B,2486,1780507560.0,True,204,resource_exhaustion,17,False,6.0,22.0,0.0,4.490681288578891,True,0.6947237868133506,True,4.490681288578891,True,1.0,True,5000000000.0,True
2025,B,2487,1780507620.0,True,204,resource_exhaustion,17,False,6.0,32.0,0.0,4.490681288578891,True,0.698103078854418,True,4.490681288578891,True,1.0,True,7999999999.999999,True
2025,B,2488,1780507680.0,True,204,resource_exhaustion,17,False,3.0,32.0,0.0,4.490681288578891,True,0.6719626524218797,False,4.490681288578891,True,1.0,True,1999999999.9999998,True
2025,B,2489,1780507740.0,False,-1,,17,False,0.0,34.0,0.0,-1.2457031025183056,False,0.39361741427059915,False,-1.2457031025183056,False,0.5994968631203155,True,0.16894383430480958,False
2025,B,2490,1780507800.0,False,-1,,17,False,0.0,20.0,0.0,-1.4150352509267998,False,0.36818285899585,False,-1.4150352509267998,False,0.42959277422704245,False,0.15571751594543456,False
2025,B,2491,1780507860.0,False,-1,,17,False,0.0,34.0,0.0,-1.3537521229817386,False,0.3963104685421745,False,-1.3537521229817386,False,0.5994968631203155,True,0.17994861602783208,False
2025,B,2492,1780507920.0,False,-1,,17,False,0.0,28.0,0.0,-1.2780710353186704,False,0.38214236306149496,False,-1.2780710353186704,False,0.5424988195659789,True,0.18875770568847655,False
2025,B,2493,1780507980.0,False,-1,,17,False,1.0,26.0,0.0,-0.7994518976857412,False,0.5612463954390711,False,-0.7994518976857412,False,8.423681413445131e-05,False,0.16305029392242432,False
2025,B,2494,1780508040.0,False,-1,,17,False,0.0,24.0,0.0,-1.2936987240421374,False,0.3663697218036592,False,-1.2936987240421374,False,0.4927421303739932,False,0.14547326564788818,False
2025,B,2495,1780508100.0,False,-1,,17,False,0.0,31.0,0.0,-1.435487995097728,False,0.3843648041226055,False,-1.435487995097728,False,0.5732028251853444,True,0.180206298828125,False
2025,B,2496,1780508160.0,False,-1,,17,False,0.0,28.0,0.0,-1.497194234063465,False,0.3649541713843773,False,-1.497194234063465,False,0.5424988195659789,True,0.16363401412963868,False
2025,B,2497,1780508220.0,False,-1,,17,False,0.0,31.0,0.0,-1.4638562736930671,False,0.38702566521036874,False,-1.4638562736930671,False,0.5732028251853444,True,0.15732264518737793,False
2025,B,2498,1780508280.0,False,-1,,17,False,0.0,29.0,0.0,-0.9560827667020231,False,0.38700803537774053,False,-0.9560827667020231,False,0.5532857800736111,True,0.13317289352416992,False
2025,B,2499,1780508340.0,True,205,dependency_timeout,17,False,0.0,31.0,0.0,4.490681288578891,True,0.4884889707078502,False,4.490681288578891,True,1.0,True,999999999.9999999,True
2025,B,2500,1780508400.0,True,205,dependency_timeout,17,False,4.0,23.0,0.0,4.490681288578891,True,0.6870730404075968,False,4.490681288578891,True,1.0,True,3999999999.9999995,True
2025,B,2501,1780508460.0,True,205,dependency_timeout,17,False,3.0,27.0,0.0,4.490681288578891,True,0.6756754774313699,False,4.490681288578891,True,1.0,True,3000000000.0,True
2025,B,2502,1780508520.0,True,205,dependency_timeout,17,True,18.0,72.0,0.0,4.490681288578891,True,0.7297628592118491,True,4.490681288578891,True,1.0,True,12000000000.0,True
2025,B,2503,1780508580.0,True,205,dependency_timeout,17,True,11.0,263.0,0.0,4.490681288578891,True,0.804509503014542,True,4.490681288578891,True,1.0,True,12000000000.0,True
2025,B,2504,1780508640.0,False,-1,,17,True,0.0,280.0,0.0,3.8748662128917273,True,0.7678084265431223,True,3.8748662128917273,True,0.8321280209217923,True,2.0,True
2025,B,2505,1780508700.0,False,-1,,17,False,0.0,44.0,0.0,-0.7679265926098751,False,0.46316126610371683,False,-0.7679265926098751,False,0.6648679332432831,True,0.17531976699829102,False
2025,B,2506,1780508760.0,False,-1,,17,False,0.0,28.0,0.0,-1.4028483213718523,False,0.38788055210768013,False,-1.4028483213718523,False,0.5424988195659789,True,0.18802218437194823,False
2025,B,2507,1780508820.0,False,-1,,17,False,0.0,24.0,0.0,1.3361464895497002,True,0.5944689885601359,False,1.3361464895497002,True,0.0002968244215787012,False,1.0,False
2025,B,2508,1780508880.0,False,-1,,17,False,0.0,27.0,0.0,-1.3000377443725561,False,0.3684602648423681,False,-1.3000377443725561,False,0.5311016008972118,True,0.15103340148925778,False
2025,B,2509,1780508940.0,False,-1,,17,False,0.0,43.0,0.0,0.17413340866695837,False,0.6020853484066692,False,0.17413340866695837,False,0.0009599744658329387,False,1.0,False
2025,B,2510,1780509000.0,False,-1,,17,False,0.0,33.0,0.0,-1.3245179528290851,False,0.39798000264495226,False,-1.3245179528290851,False,0.5911651082946788,True,0.1495285987854004,False
2025,B,2511,1780509060.0,True,206,dependency_timeout,17,False,0.0,30.0,0.0,4.490681288578891,True,0.5939407723768446,False,4.490681288578891,True,1.0,True,999999999.9999999,True
2025,B,2512,1780509120.0,True,206,dependency_timeout,17,False,2.0,32.0,0.0,4.490681288578891,True,0.6778805145332611,False,4.490681288578891,True,1.0,True,999999999.9999999,True
2025,B,2513,1780509180.0,True,206,dependency_timeout,17,False,4.0,28.0,0.0,4.490681288578891,True,0.6762044562150088,False,4.490681288578891,True,1.0,True,3000000000.0,True
2025,B,2514,1780509240.0,True,206,dependency_timeout,17,False,0.0,23.0,0.0,4.490681288578891,True,0.5524962901652034,False,4.490681288578891,True,1.0,True,999999999.9999999,True
2025,B,2515,1780509300.0,True,206,dependency_timeout,17,False,2.0,37.0,0.0,4.490681288578891,True,0.6822560669341096,False,4.490681288578891,True,1.0,True,3000000000.0,True
2025,B,2516,1780509360.0,False,-1,,17,False,0.0,31.0,0.0,-1.4040094018464364,False,0.3786123674377221,False,-1.4040094018464364,False,0.5732028251853444,True,0.15404367446899414,False
2025,B,2517,1780509420.0,False,-1,,17,False,0.0,21.0,0.0,-1.1269619488305453,False,0.3783006643937235,False,-1.1269619488305453,False,0.446874446272475,False,0.15518331527709964,False
2025,B,2518,1780509480.0,False,-1,,17,False,0.0,33.0,0.0,-1.4761865307826838,False,0.3864148077753244,False,-1.4761865307826838,False,0.5911651082946788,True,0.17055482864379884,False
2025,B,2519,1780509540.0,False,-1,,17,False,0.0,31.0,0.0,-1.0790538833374512,False,0.3871273975753588,False,-1.0790538833374512,False,0.5732028251853444,True,0.17983150482177734,False
2025,B,2520,1780509600.0,False,-1,,17,False,0.0,22.0,0.0,-0.7356053320999916,False,0.392014604030739,False,-0.7356053320999916,False,0.46310969853896505,False,0.15995435714721679,False
2025,B,2521,1780509660.0,False,-1,,17,False,0.0,44.0,0.0,-0.28361226101382897,False,0.47799738010289894,False,-0.28361226101382897,False,0.6648679332432831,True,0.1971959114074707,False
2025,B,2522,1780509720.0,False,-1,,17,False,0.0,38.0,0.0,0.01856735644264873,False,0.5954692522036656,False,0.01856735644264873,False,0.0007574793010339366,False,1.0,False
2025,B,2523,1780509780.0,False,-1,,17,False,0.0,27.0,0.0,-1.2905420742696743,False,0.38244369569550274,False,-1.2905420742696743,False,0.5311016008972118,True,0.18960490226745594,False
2025,B,2524,1780509840.0,False,-1,,17,False,0.0,19.0,0.0,-1.1976639320785294,False,0.3867380053970877,False,-1.1976639320785294,False,0.41118454089992934,False,0.19149107933044435,False
2025,B,2525,1780509900.0,True,207,permission_denied,17,False,0.0,34.0,0.0,4.489470057426667,True,0.46322062653197343,False,4.489470057426667,True,8.884181889255452e-07,False,5.0,True
2025,B,2526,1780509960.0,True,207,permission_denied,17,False,0.0,33.0,0.0,4.490681269025628,True,0.47896867275766,False,4.490681269025628,True,6.274403841282128e-07,False,13.0,True
2025,B,2527,1780510020.0,True,207,permission_denied,17,False,0.0,31.0,0.0,4.490681282319066,True,0.48088938379884477,False,4.490681282319066,True,5.911912251489231e-07,False,14.0,True
2025,B,2528,1780510080.0,True,207,permission_denied,17,False,0.0,23.0,0.0,4.490680509187829,True,0.47016971266685187,False,4.490680509187829,True,5.400545566856454e-07,False,10.0,True
2025,B,2529,1780510140.0,False,-1,,17,False,0.0,34.0,0.0,-1.452707954191192,False,0.3933295096390074,False,-1.452707954191192,False,0.5994968631203155,True,0.1690330743789673,False
2025,B,2530,1780510200.0,False,-1,,17,False,0.0,24.0,0.0,-1.685321064673925,False,0.3655529325099032,False,-1.685321064673925,False,0.4927421303739932,False,0.16813743114471436,False
2025,B,2531,1780510260.0,False,-1,,17,False,0.0,36.0,0.0,-1.0301153402936443,False,0.4107648699992024,False,-1.0301153402936443,False,0.6150052106932189,True,0.15753650665283203,False
2025,B,2532,1780510320.0,False,-1,,17,False,0.0,26.0,0.0,-0.20972217893334477,False,0.4271539011866377,False,-0.20972217893334477,False,0.5190456887361276,True,0.2004474401473999,False
2025,B,2533,1780510380.0,False,-1,,17,False,0.0,32.0,0.0,-1.4109051418007041,False,0.39243263618781393,False,-1.4109051418007041,False,0.5824108545055228,True,0.1639072179794312,False
2025,B,2534,1780510440.0,False,-1,,17,False,0.0,42.0,0.0,-1.1406044121376793,False,0.4525438372213037,False,-1.1406044121376793,False,0.6539353971273275,True,0.1809237241744994,False
2025,B,2535,1780510500.0,False,-1,,17,False,0.0,27.0,0.0,-0.051125376982104065,False,0.4163378537000422,False,-0.051125376982104065,False,0.5311016008972118,True,0.24442782402038557,False
2025,B,2536,1780510560.0,True,208,config_error,17,False,0.0,25.0,0.0,4.49068128801294,True,0.4966222279086813,False,4.49068128801294,True,2.8067732737391373e-10,False,16.0,True
2025,B,2537,1780510620.0,True,208,config_error,17,False,0.0,29.0,0.0,4.490681288578849,True,0.4909025530650581,False,4.490681288578849,True,3.650664590720123e-11,False,26.0,True
2025,B,2538,1780510680.0,True,208,config_error,17,False,0.0,22.0,0.0,4.4906812885744705,True,0.5319736713679563,False,4.4906812885744705,True,6.682330751891179e-11,False,20.0,True
2025,B,2539,1780510740.0,True,208,config_error,17,False,0.0,27.0,0.0,4.4906812885655905,True,0.45497236588294776,False,4.4906812885655905,True,1.1262442117701792e-10,False,20.0,True
2025,B,2540,1780510800.0,False,-1,,17,False,0.0,32.0,0.0,-0.7602339106887515,False,0.415153652667484,False,-0.7602339106887515,False,0.5824108545055228,True,0.16667814254760743,False
2025,B,2541,1780510860.0,False,-1,,17,False,0.0,40.0,0.0,-0.9428354697822394,False,0.45850215424260904,False,-0.9428354697822394,False,0.6420666083902896,True,0.16854851245880126,False
2025,B,2542,1780510920.0,False,-1,,17,False,0.0,33.0,0.0,-1.217176514301154,False,0.3888832562817968,False,-1.217176514301154,False,0.5911651082946788,True,0.17245931625366212,False
2025,B,2543,1780510980.0,False,-1,,17,False,0.0,19.0,0.0,-1.1703517763705564,False,0.3833378541708718,False,-1.1703517763705564,False,0.41118454089992934,False,0.17082996368408204,False
2025,B,2544,1780511040.0,False,-1,,17,False,0.0,28.0,0.0,-1.1690739794798928,False,0.40214359111119,False,-1.1690739794798928,False,0.5424988195659789,True,0.1939789056777954,False
2025,B,2545,1780511100.0,False,-1,,17,False,0.0,23.0,0.0,-0.7275078801285249,False,0.3786536681531503,False,-0.7275078801285249,False,0.4783749513294757,False,0.1553274154663086,False
2025,B,2546,1780511160.0,False,-1,,17,False,0.0,30.0,0.0,-1.523862927504278,False,0.37301589740987506,False,-1.523862927504278,False,0.5635068877933571,True,0.1641993999481201,False
2025,B,2547,1780511220.0,False,-1,,17,False,0.0,26.0,0.0,-0.8797932182940311,False,0.37711770549832496,False,-0.8797932182940311,False,0.5190456887361276,True,0.1460355520248413,False
2025,B,2548,1780511280.0,False,-1,,17,False,0.0,26.0,0.0,-0.7383263217893798,False,0.38211150835979346,False,-0.7383263217893798,False,0.5190456887361276,True,0.14270007610321045,False
2025,B,2549,1780511340.0,False,-1,,17,False,0.0,30.0,0.0,-1.0441674654761055,False,0.3780086479933405,False,-1.0441674654761055,False,0.5635068877933571,True,0.15287361145019532,False
2025,B,2550,1780511400.0,True,209,config_error,17,False,0.0,15.0,0.0,4.279214568860199,True,0.45024287358668447,False,4.279214568860199,True,0.005525512833405939,False,2.0,True
2025,B,2551,1780511460.0,True,209,config_error,17,False,0.0,34.0,0.0,4.49068128857889,True,0.5250298821547771,False,4.49068128857889,True,2.309758480440034e-11,False,31.0,True
2025,B,2552,1780511520.0,True,209,config_error,17,False,0.0,32.0,0.0,4.490681288578889,True,0.49893817189688167,False,4.490681288578889,True,2.1996413802443426e-11,False,30.0,True
2025,B,2553,1780511580.0,True,209,config_error,17,False,0.0,18.0,0.0,4.490681141711489,True,0.48723102667705276,False,4.490681141711489,True,1.115726020960092e-09,False,11.0,True
2025,B,2554,1780511640.0,False,-1,,17,False,0.0,34.0,0.0,-1.3773283800104306,False,0.4062400503549437,False,-1.3773283800104306,False,0.5994968631203155,True,0.1828879594802857,False
2025,B,2555,1780511700.0,False,-1,,17,False,0.0,31.0,0.0,-1.418136539207163,False,0.3766479737925603,False,-1.418136539207163,False,0.5732028251853444,True,0.16054773330688477,False
2025,B,2556,1780511760.0,False,-1,,17,False,0.0,19.0,0.0,-1.2952334052502366,False,0.3774337435657469,False,-1.2952334052502366,False,0.41118454089992934,False,0.13904938697814942,False
2025,B,2557,1780511820.0,False,-1,,17,False,0.0,34.0,0.0,-1.3404886133614289,False,0.3905640545105595,False,-1.3404886133614289,False,0.5994968631203155,True,0.17293789386749278,False
2025,B,2558,1780511880.0,False,-1,,17,False,0.0,22.0,0.0,-0.739896588383532,False,0.37741482235644813,False,-0.739896588383532,False,0.46310969853896505,False,0.1379070520401001,False
2025,B,2559,1780511940.0,False,-1,,17,False,0.0,28.0,0.0,-1.1953853615395857,False,0.37505835173125546,False,-1.1953853615395857,False,0.5424988195659789,True,0.15045971870422364,False
2025,B,2560,1780512000.0,False,-1,,17,False,0.0,44.0,0.0,-0.9846682803059963,False,0.46580155039235205,False,-0.9846682803059963,False,0.6648679332432831,True,0.1801366090774536,False
2025,B,2561,1780512060.0,False,-1,,17,False,0.0,27.0,0.0,-0.8705938553537083,False,0.37536844242903555,False,-0.8705938553537083,False,0.5311016008972118,True,0.13393411636352537,False
2025,B,2562,1780512120.0,False,-1,,17,False,0.0,29.0,0.0,0.4767497484609331,False,0.41161167651414315,False,0.4767497484609331,False,0.5532857800736111,True,0.16173000335693355,False
2025,B,2563,1780512180.0,False,-1,,17,False,0.0,27.0,0.0,-1.3767843322369702,False,0.3917919077031144,False,-1.3767843322369702,False,0.5311016008972118,True,0.16028013229370114,False
2025,B,2564,1780512240.0,True,210,permission_denied,17,False,0.0,24.0,0.0,4.490279652871271,True,0.5766422265872764,False,4.490279652871271,True,7.750097503779866e-06,False,9.0,True
2025,B,2565,1780512300.0,True,210,permission_denied,17,False,0.0,28.0,0.0,4.490681282460886,True,0.5001062232464102,False,4.490681282460886,True,5.549235958695702e-07,False,14.0,True
2025,B,2566,1780512360.0,True,210,permission_denied,17,False,0.0,35.0,0.0,4.490681288487555,True,0.4907985118764253,False,4.490681288487555,True,5.901383718498929e-07,False,18.0,True
2025,B,2567,1780512420.0,True,210,permission_denied,17,False,1.0,27.0,0.0,4.488928639906005,True,0.6384696990104731,False,4.488928639906005,True,1.2897560160931618e-07,False,4.0,True
2025,B,2568,1780512480.0,False,-1,,17,False,0.0,32.0,0.0,-0.5858378925618757,False,0.5578050506186745,False,-0.5858378925618757,False,0.0005392635080246558,False,1.0,False
2025,B,2569,1780512540.0,False,-1,,17,False,0.0,31.0,0.0,-1.0441571513364387,False,0.3994644261240237,False,-1.0441571513364387,False,0.5732028251853444,True,0.17378759384155273,False
2025,B,2570,1780512600.0,False,-1,,17,False,0.0,27.0,0.0,-1.0551813795377614,False,0.39025332581391436,False,-1.0551813795377614,False,0.5311016008972118,True,0.17641935348510734,False
2025,B,2571,1780512660.0,False,-1,,17,False,0.0,26.0,0.0,-0.8332957132430918,False,0.37602146187540814,False,-0.8332957132430918,False,0.5190456887361276,True,0.17264902591705322,False
2025,B,2572,1780512720.0,False,-1,,17,False,0.0,30.0,0.0,-0.4412642591373732,False,0.5689528117091545,False,-0.4412642591373732,False,0.00047313671855463217,False,1.0,False
2025,B,2573,1780512780.0,False,-1,,17,False,0.0,21.0,0.0,-1.2387079468804822,False,0.38109938150577966,False,-1.2387079468804822,False,0.446874446272475,False,0.14764833450317386,False
2025,B,2574,1780512840.0,False,-1,,17,False,0.0,20.0,0.0,-1.0388886257316603,False,0.37213099562364027,False,-1.0388886257316603,False,0.4551965083269281,False,0.22798013687133797,False
2025,B,2575,1780512900.0,False,-1,,17,False,0.0,41.0,0.0,-0.7031911601259724,False,0.464852680332128,False,-0.7031911601259724,False,0.6378583108136905,True,0.14706881046295167,False
2025,B,2576,1780512960.0,False,-1,,17,False,0.0,35.0,0.0,-1.183721492586721,False,0.405700168075918,False,-1.183721492586721,False,0.6074347942855897,True,0.148320198059082,False
2025,B,2577,1780513020.0,True,211,config_error,17,False,0.0,30.0,0.0,4.490681288343973,True,0.4947521770839331,False,4.490681288343973,True,2.8113787655070796e-10,False,17.0,True
2025,B,2578,1780513080.0,True,211,config_error,17,False,0.0,28.0,0.0,4.490681288578847,True,0.4908669747344497,False,4.490681288578847,True,3.179156340212909e-11,False,26.0,True
2025,B,2579,1780513140.0,True,211,config_error,17,False,0.0,31.0,0.0,4.490681288578887,True,0.500723695921186,False,4.490681288578887,True,2.395036665928463e-11,False,29.0,True
2025,B,2580,1780513200.0,False,-1,,17,False,0.0,24.0,0.0,-1.53138792234365,False,0.36356895878759865,False,-1.53138792234365,False,0.4927421303739932,False,0.15285584926605222,False
2025,B,2581,1780513260.0,False,-1,,17,False,0.0,23.0,0.0,-0.8727730015031199,False,0.388105421773883,False,-0.8727730015031199,False,0.4783749513294757,False,0.1969314098358155,False
2025,B,2582,1780513320.0,False,-1,,17,False,0.0,31.0,0.0,-0.971742215413828,False,0.3905979162784363,False,-0.971742215413828,False,0.5732028251853444,True,0.1416463851928711,False
2025,B,2583,1780513380.0,False,-1,,17,False,0.0,31.0,0.0,-1.3518454346913904,False,0.3833327252154803,False,-1.3518454346913904,False,0.5732028251853444,True,0.17151951789855957,False
2025,B,2584,1780513440.0,False,-1,,17,False,0.0,22.0,0.0,-1.4313714842973102,False,0.3680066912220647,False,-1.4313714842973102,False,0.46310969853896505,False,0.15363852977752684,False
2025,B,2585,1780513500.0,False,-1,,17,False,0.0,30.0,0.0,-1.2976513009492265,False,0.37700701084232335,False,-1.2976513009492265,False,0.5635068877933571,True,0.1509389638900757,False
2025,B,2586,1780513560.0,False,-1,,17,False,0.0,30.0,0.0,-1.1635970339947912,False,0.37890339872978956,False,-1.1635970339947912,False,0.5635068877933571,True,0.17349629402160643,False
2025,B,2587,1780513620.0,False,-1,,17,False,0.0,28.0,0.0,-1.441647067274336,False,0.3824939434102399,False,-1.441647067274336,False,0.5424988195659789,True,0.18418436050415038,False
2025,B,2588,1780513680.0,False,-1,,17,False,0.0,33.0,0.0,-0.5802652850510537,False,0.42148486082834175,False,-0.5802652850510537,False,0.5911651082946788,True,0.21233558654785153,False
2025,B,2589,1780513740.0,True,212,resource_exhaustion,17,False,0.0,28.0,0.0,4.490681288578891,True,0.5306612885768752,False,4.490681288578891,True,1.0,True,999999999.9999999,True
2025,B,2590,1780513800.0,True,212,resource_exhaustion,17,False,1.0,24.0,0.0,4.490681288578891,True,0.6511818666097278,False,4.490681288578891,True,6.426641751673393e-05,False,0.301439881324768,False
2025,B,2591,1780513860.0,True,212,resource_exhaustion,17,False,0.0,29.0,0.0,4.490681288578891,True,0.5721992151918094,False,4.490681288578891,True,1.0,True,999999999.9999999,True
2025,B,2592,1780513920.0,True,212,resource_exhaustion,17,False,1.0,26.0,0.0,4.490681288578891,True,0.6659971604345962,False,4.490681288578891,True,1.0,True,999999999.9999999,True
2025,B,2593,1780513980.0,False,-1,,17,False,1.0,35.0,0.0,4.197558994138474,True,0.6899751889620312,False,4.197558994138474,True,0.007562779521852615,False,2.0,True
2025,B,2594,1780514040.0,False,-1,,17,False,0.0,33.0,0.0,-1.0934054128282238,False,0.3966486532726871,False,-1.0934054128282238,False,0.5911651082946788,True,0.14174928665161132,False
2025,B,2595,1780514100.0,False,-1,,17,False,0.0,18.0,0.0,-1.4075417022633827,False,0.3840534445068444,False,-1.4075417022633827,False,0.391567299653465,False,0.1703287601470947,False
2025,B,2596,1780514160.0,False,-1,,17,False,0.0,20.0,0.0,-1.3516386796506286,False,0.3799717229255057,False,-1.3516386796506286,False,0.42959277422704245,False,0.15380899906158443,False
2025,B,2597,1780514220.0,False,-1,,17,False,0.0,25.0,0.0,-1.4615528052018378,False,0.37810253086180134,False,-1.4615528052018378,False,0.5062783192703245,True,0.1847239494323729,False
2025,B,2598,1780514280.0,False,-1,,17,True,0.0,31.0,0.0,-1.2749988511247707,False,0.39511368925367757,False,-1.2749988511247707,False,0.5732028251853444,True,0.14972829818725586,False
2025,B,2599,1780514340.0,False,-1,,17,True,1.0,277.0,0.0,4.2133461703774095,True,0.7732887158102155,True,4.2133461703774095,True,0.00014038615856464023,False,1.0,False
2025,B,2600,1780514400.0,True,213,permission_denied,17,True,0.0,274.0,0.0,4.490681288573133,True,0.7427405790344838,True,4.490681288573133,True,1.3623737041986292e-05,False,33.0,True
2025,B,2601,1780514460.0,True,213,permission_denied,17,False,0.0,30.0,0.0,4.4906801623711665,True,0.5821189872585844,False,4.4906801623711665,True,7.529966698987986e-06,False,14.0,True
2025,B,2602,1780514520.0,True,213,permission_denied,17,False,0.0,30.0,0.0,4.49068128604275,True,0.45696593362667026,False,4.49068128604275,True,5.675424059720339e-07,False,15.0,True
2025,B,2603,1780514580.0,True,213,permission_denied,17,False,0.0,32.0,0.0,4.4906699744032474,True,0.4554997678701482,False,4.4906699744032474,True,7.145806484951225e-07,False,8.0,True
2025,B,2604,1780514640.0,False,-1,,17,False,0.0,24.0,0.0,-0.7702065885558573,False,0.3913088957093933,False,-0.7702065885558573,False,0.4927421303739932,False,0.13575387001037598,False
2025,B,2605,1780514700.0,False,-1,,17,False,0.0,22.0,0.0,-0.3251143418187743,False,0.4134951132099522,False,-0.3251143418187743,False,0.46310969853896505,False,0.23184864521026602,False
2025,B,2606,1780514760.0,False,-1,,17,False,0.0,33.0,0.0,-1.5062842381714745,False,0.38324325593381264,False,-1.5062842381714745,False,0.5911651082946788,True,0.1681692123413086,False
2025,B,2607,1780514820.0,False,-1,,17,False,0.0,36.0,0.0,-1.1597714454234662,False,0.4013323881748442,False,-1.1597714454234662,False,0.6150052106932189,True,0.1611138582229614,False
2025,B,2608,1780514880.0,False,-1,,17,False,0.0,29.0,0.0,-1.5746922661145009,False,0.36911907708750974,False,-1.5746922661145009,False,0.5532857800736111,True,0.15696573257446286,False
2025,B,2609,1780514940.0,False,-1,,17,False,0.0,25.0,0.0,-0.7699942781000519,False,0.3859792651437831,False,-0.7699942781000519,False,0.5062783192703245,True,0.170130443572998,False
2025,B,2610,1780515000.0,False,-1,,17,False,0.0,29.0,0.0,-0.641533562380995,False,0.3939488133119803,False,-0.641533562380995,False,0.5532857800736111,True,0.12973155975341796,False
2025,B,2611,1780515060.0,False,-1,,17,False,0.0,35.0,0.0,-0.8318946460650665,False,0.4147341487735781,False,-0.8318946460650665,False,0.6074347942855897,True,0.16608066558837892,False
2025,B,2612,1780515120.0,True,214,dependency_timeout,17,False,1.0,31.0,0.0,4.490681288578891,True,0.6572659881758064,False,4.490681288578891,True,1.0,True,999999999.9999999,True
2025,B,2613,1780515180.0,True,214,dependency_timeout,17,False,5.0,34.0,0.0,4.490681288578891,True,0.6799699210406488,False,4.490681288578891,True,1.0,True,3999999999.9999995,True
2025,B,2614,1780515240.0,True,214,dependency_timeout,17,False,0.0,23.0,0.0,4.490681288578891,True,0.5562831097604197,False,4.490681288578891,True,1.0,True,999999999.9999999,True
2025,B,2615,1780515300.0,False,-1,,17,False,0.0,28.0,0.0,-0.7455886032710453,False,0.3886713335949365,False,-0.7455886032710453,False,0.5424988195659789,True,0.1579674243927002,False
2025,B,2616,1780515360.0,False,-1,,17,False,0.0,23.0,0.0,-1.4551597184714389,False,0.38104764770388405,False,-1.4551597184714389,False,0.4783749513294757,False,0.16958541870117189,False
2025,B,2617,1780515420.0,False,-1,,17,False,0.0,31.0,0.0,-1.1177916581442515,False,0.3829098432285452,False,-1.1177916581442515,False,0.5732028251853444,True,0.14393925666809082,False
2025,B,2618,1780515480.0,False,-1,,17,False,0.0,23.0,0.0,-1.5403271239559686,False,0.3695978190871532,False,-1.5403271239559686,False,0.4783749513294757,False,0.15379843711853028,False
2025,B,2619,1780515540.0,False,-1,,17,False,0.0,35.0,0.0,-0.8620386252406398,False,0.43321666629824673,False,-0.8620386252406398,False,0.6074347942855897,True,0.20031170845031732,False
2025,B,2620,1780515600.0,True,215,resource_exhaustion,17,False,0.0,26.0,0.0,4.490681288302172,True,0.4497421184278213,False,4.490681288302172,True,0.5190456887361276,True,0.1913219690322876,False
2025,B,2621,1780515660.0,True,215,resource_exhaustion,17,False,6.0,30.0,0.0,4.490681288578891,True,0.6934379439406072,True,4.490681288578891,True,1.0,True,6000000000.0,True
2025,B,2622,1780515720.0,True,215,resource_exhaustion,17,False,4.0,25.0,0.0,4.490681288578891,True,0.6945963986054919,True,4.490681288578891,True,1.0,True,7000000000.0,True
2025,B,2623,1780515780.0,True,215,resource_exhaustion,17,False,2.0,21.0,0.0,4.490681288578891,True,0.6661533075413371,False,4.490681288578891,True,1.0,True,0.18274817466735838,False
2025,B,2624,1780515840.0,False,-1,,18,False,0.0,31.0,0.0,-0.8124549276443735,False,0.39059010179689513,False,-0.8124549276443735,False,0.5732028251853444,True,0.1491296291351318,False
2025,B,2625,1780515900.0,False,-1,,18,False,0.0,24.0,0.0,-1.13721940197635,False,0.3684599498865637,False,-1.13721940197635,False,0.4927421303739932,False,0.14764103889465333,False
2025,B,2626,1780515960.0,False,-1,,18,False,0.0,31.0,0.0,-1.157069717784677,False,0.3848666296931206,False,-1.157069717784677,False,0.5732028251853444,True,0.16087889671325684,False
2025,B,2627,1780516020.0,False,-1,,18,False,0.0,25.0,0.0,-0.7737607712625456,False,0.4110646495396173,False,-0.7737607712625456,False,0.5062783192703245,True,0.15346231460571289,False
2025,B,2628,1780516080.0,False,-1,,18,False,0.0,27.0,0.0,-1.589666832184509,False,0.36435772752544526,False,-1.589666832184509,False,0.5311016008972118,True,0.17269930839538575,False
2025,B,2629,1780516140.0,False,-1,,18,False,0.0,29.0,0.0,-1.1806489592120064,False,0.3910720625244897,False,-1.1806489592120064,False,0.5532857800736111,True,0.18980808258056636,False
2025,B,2630,1780516200.0,True,216,resource_exhaustion,18,False,6.0,31.0,0.0,4.490681288578891,True,0.6931759877852487,True,4.490681288578891,True,1.0,True,5000000000.0,True
2025,B,2631,1780516260.0,True,216,resource_exhaustion,18,False,0.0,24.0,0.0,4.490681288578891,True,0.5758513852883399,False,4.490681288578891,True,1.0,True,999999999.9999999,True
2025,B,2632,1780516320.0,True,216,resource_exhaustion,18,False,2.0,20.0,0.0,4.490681288578891,True,0.6929149183446734,True,4.490681288578891,True,1.0,True,999999999.9999999,True
2025,B,2633,1780516380.0,True,216,resource_exhaustion,18,False,2.0,23.0,0.0,4.490681288578891,True,0.6899903147854934,False,4.490681288578891,True,1.0,True,3000000000.0,True
2025,B,2634,1780516440.0,False,-1,,18,False,0.0,38.0,0.0,-1.2444054465372583,False,0.41100220780356234,False,-1.2444054465372583,False,0.6291381747762922,True,0.16038768291473388,False
2025,B,2635,1780516500.0,False,-1,,18,False,0.0,20.0,0.0,-0.6687547067073858,False,0.39641230615539064,False,-0.6687547067073858,False,0.42959277422704245,False,0.13345403671264647,False
2025,B,2636,1780516560.0,False,-1,,18,False,0.0,25.0,0.0,-1.1369394379521767,False,0.3699643393063758,False,-1.1369394379521767,False,0.5062783192703245,True,0.15504140853881834,False
2025,B,2637,1780516620.0,False,-1,,18,False,0.0,26.0,0.0,-1.1452230508841854,False,0.37732613889844685,False,-1.1452230508841854,False,0.5190456887361276,True,0.18922626972198486,False
2025,B,2638,1780516680.0,False,-1,,18,False,0.0,21.0,0.0,-1.4616645255730605,False,0.37636343043611054,False,-1.4616645255730605,False,0.446874446272475,False,0.18125057220458984,False
2025,B,2639,1780516740.0,False,-1,,18,False,0.0,24.0,0.0,-1.0774213316725367,False,0.3702810740875413,False,-1.0774213316725367,False,0.4927421303739932,False,0.15272386074066163,False
2025,B,2640,1780516800.0,True,217,permission_denied,18,False,1.0,34.0,0.0,4.490633639355949,True,0.6412867462296858,False,4.490633639355949,True,1.626121593454531e-07,False,6.0,True
2025,B,2641,1780516860.0,True,217,permission_denied,18,False,0.0,21.0,0.0,4.490678300479804,True,0.4553773631517203,False,4.490678300479804,True,5.240331118337892e-07,False,9.0,True
2025,B,2642,1780516920.0,True,217,permission_denied,18,False,0.0,20.0,0.0,4.490679596678912,True,0.5150797053561297,False,4.490679596678912,True,5.068879228022767e-07,False,9.0,True
2025,B,2643,1780516980.0,True,217,permission_denied,18,False,0.0,21.0,0.0,4.456370220262138,True,0.46959979071132846,False,4.456370220262138,True,7.702865634031771e-07,False,3.0,True
2025,B,2644,1780517040.0,False,-1,,18,False,0.0,21.0,0.0,-0.7217381860754877,False,0.39812419569120927,False,-0.7217381860754877,False,0.446874446272475,False,0.15566253662109378,False
2025,B,2645,1780517100.0,False,-1,,18,True,0.0,120.0,0.0,-0.08527478691627888,False,0.6471588530952748,False,-0.08527478691627888,False,0.8253272487824262,True,0.17892544269561766,False
2025,B,2646,1780517160.0,False,-1,,18,True,0.0,221.0,0.0,1.9031796900083484,True,0.7321894384906984,True,1.9031796900083484,True,0.013094835484576017,False,1.0,False
2025,B,2647,1780517220.0,False,-1,,18,True,0.0,112.0,0.0,-0.04041335493277476,False,0.635864433343396,False,-0.04041335493277476,False,0.8179488114195331,True,0.18586583137512208,False
2025,B,2648,1780517280.0,False,-1,,18,False,0.0,33.0,0.0,0.14061972913279686,False,0.44500725153919785,False,0.14061972913279686,False,0.5911651082946788,True,0.19923019409179688,False
2025,B,2649,1780517340.0,False,-1,,18,False,0.0,21.0,0.0,-0.6713279113762249,False,0.3917560535459302,False,-0.6713279113762249,False,0.446874446272475,False,0.16721582412719727,False
2025,B,2650,1780517400.0,False,-1,,18,False,0.0,27.0,0.0,-1.2404847856510042,False,0.373606169078579,False,-1.2404847856510042,False,0.5311016008972118,True,0.17682442665100095,False
2025,B,2651,1780517460.0,False,-1,,18,False,0.0,29.0,0.0,-0.6890361886939749,False,0.5649460206179477,False,-0.6890361886939749,False,0.0004413996526912582,False,1.0,False
2025,B,2652,1780517520.0,False,-1,,18,False,0.0,19.0,0.0,-1.3757986953142742,False,0.3746459048205699,False,-1.3757986953142742,False,0.41118454089992934,False,0.1447084903717041,False
2025,B,2653,1780517580.0,False,-1,,18,False,0.0,25.0,0.0,-1.2232320533817083,False,0.37668919889460806,False,-1.2232320533817083,False,0.5062783192703245,True,0.13642339706420897,False
2025,B,2654,1780517640.0,True,218,resource_exhaustion,18,False,0.0,26.0,0.0,-1.3703196334109213,False,0.3680569845833286,False,-1.3703196334109213,False,0.5190456887361276,True,0.17762303352355957,False
2025,B,2655,1780517700.0,True,218,resource_exhaustion,18,False,1.0,20.0,0.0,4.490681288578891,True,0.6912067059613565,False,4.490681288578891,True,1.0,True,1999999999.9999998,True
2025,B,2656,1780517760.0,True,218,resource_exhaustion,18,False,3.0,26.0,0.0,4.490681288578891,True,0.7257316908914772,True,4.490681288578891,True,1.0,True,3000000000.0,True
2025,B,2657,1780517820.0,True,218,resource_exhaustion,18,False,4.0,20.0,0.0,4.490681288578891,True,0.6981577698552904,True,4.490681288578891,True,1.0,True,3999999999.9999995,True
2025,B,2658,1780517880.0,True,218,resource_exhaustion,18,False,2.0,16.0,0.0,4.490681288578891,True,0.6902901787083378,False,4.490681288578891,True,1.0,True,1999999999.9999998,True
2025,B,2659,1780517940.0,False,-1,,18,False,0.0,34.0,0.0,-1.353003456653334,False,0.3950856325775616,False,-1.353003456653334,False,0.5994968631203155,True,0.16185956001281743,False
2025,B,2660,1780518000.0,False,-1,,18,False,0.0,23.0,0.0,-1.5988333495515583,False,0.36655958648942644,False,-1.5988333495515583,False,0.4783749513294757,False,0.1759493827819824,False
2025,B,2661,1780518060.0,False,-1,,18,False,0.0,29.0,0.0,-1.5685758738521853,False,0.36912438154963545,False,-1.5685758738521853,False,0.5532857800736111,True,0.15758314132690426,False
2025,B,2662,1780518120.0,False,-1,,18,False,0.0,35.0,0.0,-0.41578089244116523,False,0.4203394745158281,False,-0.41578089244116523,False,0.6074347942855897,True,0.15015993118286128,False
2025,B,2663,1780518180.0,False,-1,,18,False,0.0,30.0,0.0,-1.2859206709679496,False,0.40151818152592816,False,-1.2859206709679496,False,0.5635068877933571,True,0.1917959690093994,False
2025,B,2664,1780518240.0,False,-1,,18,False,0.0,33.0,0.0,-1.372020353959095,False,0.3836934114813327,False,-1.372020353959095,False,0.5911651082946788,True,0.16378316879272461,False
2025,B,2665,1780518300.0,False,-1,,18,False,0.0,25.0,0.0,-1.57302909743846,False,0.36213465948717677,False,-1.57302909743846,False,0.5062783192703245,True,0.15144529342651364,False
2025,B,2666,1780518360.0,False,-1,,18,False,0.0,26.0,0.0,-1.488079216185513,False,0.36039877238684453,False,-1.488079216185513,False,0.5190456887361276,True,0.16942501068115234,False
2025,B,2667,1780518420.0,False,-1,,18,False,0.0,19.0,0.0,-0.711445287808834,False,0.40936346632920917,False,-0.711445287808834,False,0.41118454089992934,False,0.18617920875549315,False
2025,B,2668,1780518480.0,False,-1,,18,False,0.0,27.0,0.0,-1.5625619489162945,False,0.3717551048815278,False,-1.5625619489162945,False,0.5311016008972118,True,0.15654296874999998,False
2025,B,2669,1780518540.0,False,-1,,18,False,0.0,27.0,0.0,-1.079300730584344,False,0.3857685919087949,False,-1.079300730584344,False,0.5311016008972118,True,0.13662753105163575,False
2025,B,2670,1780518600.0,True,219,dependency_timeout,18,False,1.0,19.0,0.0,4.490681288578891,True,0.6717526987810648,False,4.490681288578891,True,1.0,True,20.045311069488523,True
2025,B,2671,1780518660.0,True,219,dependency_timeout,18,False,2.0,32.0,0.0,4.490681288578891,True,0.6794705358936364,False,4.490681288578891,True,1.0,True,1999999999.9999998,True
2025,B,2672,1780518720.0,True,219,dependency_timeout,18,False,2.0,20.0,0.0,4.490681288578891,True,0.6832402317308768,False,4.490681288578891,True,1.0,True,3000000000.0,True
2025,B,2673,1780518780.0,True,219,dependency_timeout,18,False,4.0,20.0,0.0,4.490681288578891,True,0.6812109675061262,False,4.490681288578891,True,1.0,True,999999999.9999999,True
2025,B,2674,1780518840.0,True,219,dependency_timeout,18,False,0.0,21.0,0.0,4.490681288578891,True,0.5328800753642624,False,4.490681288578891,True,1.0,True,20.045729637146,True
2025,B,2675,1780518900.0,False,-1,,18,False,0.0,29.0,0.0,-0.87736224558257,False,0.5603767556959924,False,-0.87736224558257,False,0.0004413996526912582,False,1.0,False
2025,B,2676,1780518960.0,False,-1,,18,False,0.0,17.0,0.0,-0.6839726742237113,False,0.4081686751458736,False,-0.6839726742237113,False,0.370658671338492,False,0.1849212646484375,False
2025,B,2677,1780519020.0,False,-1,,18,False,0.0,21.0,0.0,1.071197763313171,True,0.4638865879558109,False,1.071197763313171,True,0.446874446272475,False,0.19248151779174807,False
2025,B,2678,1780519080.0,False,-1,,18,False,0.0,27.0,0.0,-1.5588021723518333,False,0.3661967570810722,False,-1.5588021723518333,False,0.5311016008972118,True,0.15428967475891112,False
2025,B,2679,1780519140.0,False,-1,,18,False,0.0,20.0,0.0,-0.8849726781746101,False,0.3798384684106448,False,-0.8849726781746101,False,0.42959277422704245,False,0.16157150268554688,False
2025,B,2680,1780519200.0,False,-1,,18,False,0.0,19.0,0.0,-1.3477291676427745,False,0.37842903477361783,False,-1.3477291676427745,False,0.41118454089992934,False,0.13677783012390138,False
2025,B,2681,1780519260.0,False,-1,,18,False,0.0,30.0,0.0,-1.286099344559327,False,0.37795588858598,False,-1.286099344559327,False,0.5635068877933571,True,0.1559399127960205,False
2025,B,2682,1780519320.0,False,-1,,18,False,0.0,25.0,0.0,-1.4130984492876664,False,0.3726590607478628,False,-1.4130984492876664,False,0.5062783192703245,True,0.14452838897705075,False
2025,B,2683,1780519380.0,False,-1,,18,False,0.0,24.0,0.0,-0.8751856308009902,False,0.37908175248908765,False,-0.8751856308009902,False,0.4927421303739932,False,0.14202094078063962,False
2025,B,2684,1780519440.0,True,220,dependency_timeout,18,False,2.0,19.0,0.0,4.490681288578891,True,0.6961793564213815,True,4.490681288578891,True,1.0,True,3000000000.0,True
2025,B,2685,1780519500.0,True,220,dependency_timeout,18,False,3.0,20.0,0.0,4.490681288578891,True,0.6930379227712515,True,4.490681288578891,True,1.0,True,1999999999.9999998,True
2025,B,2686,1780519560.0,True,220,dependency_timeout,18,False,2.0,15.0,0.0,4.490681288578891,True,0.6883387110434219,False,4.490681288578891,True,1.0,True,3999999999.9999995,True
2025,B,2687,1780519620.0,True,220,dependency_timeout,18,False,3.0,21.0,0.0,4.490681288578891,True,0.6811929214338917,False,4.490681288578891,True,1.0,True,20.06673846244812,True
2025,B,2688,1780519680.0,False,-1,,18,False,0.0,23.0,0.0,-0.7134145175700324,False,0.3907518035608959,False,-0.7134145175700324,False,0.4783749513294757,False,0.13525414466857913,False
2025,B,2689,1780519740.0,False,-1,,18,False,0.0,20.0,0.0,-1.1732370744792116,False,0.3811917109529029,False,-1.1732370744792116,False,0.42959277422704245,False,0.1527438163757324,False
2025,B,2690,1780519800.0,False,-1,,18,False,0.0,27.0,0.0,-0.8680920407968946,False,0.3780282376759333,False,-0.8680920407968946,False,0.5311016008972118,True,0.13323822021484374,False
2025,B,2691,1780519860.0,False,-1,,18,False,0.0,31.0,0.0,-1.402138527903337,False,0.37781103615856554,False,-1.402138527903337,False,0.5732028251853444,True,0.17246866226196286,False
2025,B,2692,1780519920.0,False,-1,,18,False,0.0,17.0,0.0,-1.7292326890699519,False,0.37199671072250245,False,-1.7292326890699519,False,0.370658671338492,False,0.16208305358886718,False
2025,B,2693,1780519980.0,False,-1,,18,False,0.0,21.0,0.0,-1.3287183329555932,False,0.37655794518387303,False,-1.3287183329555932,False,0.446874446272475,False,0.13773059844970703,False
2025,B,2694,1780520040.0,False,-1,,18,False,0.0,25.0,0.0,-0.9490160357166273,False,0.4105481181012654,False,-0.9490160357166273,False,0.5062783192703245,True,0.1553059577941894,False
2025,B,2695,1780520100.0,False,-1,,18,False,0.0,24.0,0.0,-0.7390602645797655,False,0.3838362463555985,False,-0.7390602645797655,False,0.4927421303739932,False,0.1664370059967041,False
2025,B,2696,1780520160.0,False,-1,,18,False,0.0,19.0,0.0,-1.2206089104893758,False,0.39431073679705314,False,-1.2206089104893758,False,0.41118454089992934,False,0.14552683830261232,False
2025,B,2697,1780520220.0,True,221,resource_exhaustion,18,False,2.0,22.0,0.0,4.490681288578891,True,0.6955081576233272,True,4.490681288578891,True,1.0,True,3999999999.9999995,True
2025,B,2698,1780520280.0,True,221,resource_exhaustion,18,False,8.0,30.0,0.0,4.490681288578891,True,0.6933052096687078,True,4.490681288578891,True,1.0,True,7000000000.0,True
2025,B,2699,1780520340.0,True,221,resource_exhaustion,18,False,2.0,23.0,0.0,4.490681288578891,True,0.6911708496818262,False,4.490681288578891,True,1.0,True,1999999999.9999998,True
2025,B,2700,1780520400.0,True,221,resource_exhaustion,18,False,1.0,25.0,0.0,4.490681288578891,True,0.6771908358505832,False,4.490681288578891,True,1.0,True,999999999.9999999,True
2025,B,2701,1780520460.0,False,-1,,18,False,0.0,21.0,0.0,-1.4000731562525166,False,0.38477238908140415,False,-1.4000731562525166,False,0.446874446272475,False,0.16984176635742188,False
2025,B,2702,1780520520.0,False,-1,,18,False,0.0,25.0,0.0,-1.586826401436901,False,0.37130344764615086,False,-1.586826401436901,False,0.5062783192703245,True,0.15869083404541015,False
2025,B,2703,1780520580.0,False,-1,,18,False,0.0,24.0,0.0,-1.6080801124775892,False,0.36285182854011405,False,-1.6080801124775892,False,0.4927421303739932,False,0.15273847579956054,False
2025,B,2704,1780520640.0,False,-1,,18,False,0.0,25.0,0.0,-0.9975186791027761,False,0.4041252263741723,False,-0.9975186791027761,False,0.5062783192703245,True,0.18515768051147455,False
2025,B,2705,1780520700.0,False,-1,,18,False,0.0,19.0,0.0,-0.9448528224619448,False,0.40502263313624376,False,-0.9448528224619448,False,0.41118454089992934,False,0.15229320526123047,False
2025,B,2706,1780520760.0,True,222,permission_denied,18,False,0.0,16.0,0.0,4.4558232657529935,True,0.4707940760786094,False,4.4558232657529935,True,6.086002060230508e-07,False,3.0,True
2025,B,2707,1780520820.0,True,222,permission_denied,18,False,0.0,18.0,0.0,4.49064078234508,True,0.46935832983573617,False,4.49064078234508,True,5.062857851405813e-07,False,7.0,True
2025,B,2708,1780520880.0,True,222,permission_denied,18,False,0.0,24.0,0.0,4.49068048945551,True,0.46158415266113534,False,4.49068048945551,True,5.553363565175894e-07,False,10.0,True
2025,B,2709,1780520940.0,True,222,permission_denied,18,False,0.0,21.0,0.0,4.449476227741104,True,0.4536307197213936,False,4.449476227741104,True,7.702865634031771e-07,False,3.0,True
2025,B,2710,1780521000.0,False,-1,,18,False,0.0,15.0,0.0,-1.3437062856418587,False,0.38843805566304634,False,-1.3437062856418587,False,0.32466280815287585,False,0.15667738914489748,False
2025,B,2711,1780521060.0,False,-1,,18,False,0.0,21.0,0.0,-1.0778509111156849,False,0.4019185121796892,False,-1.0778509111156849,False,0.446874446272475,False,0.19964790344238284,False
2025,B,2712,1780521120.0,False,-1,,18,False,0.0,15.0,0.0,-1.326244445084134,False,0.38053149063590885,False,-1.326244445084134,False,0.32466280815287585,False,0.15289721488952634,False
2025,B,2713,1780521180.0,False,-1,,18,False,0.0,22.0,0.0,-1.202673823749131,False,0.3700028117182799,False,-1.202673823749131,False,0.46310969853896505,False,0.17413749694824215,False
2025,B,2714,1780521240.0,False,-1,,18,False,0.0,26.0,0.0,-1.3129904616829178,False,0.3855828788732395,False,-1.3129904616829178,False,0.5190456887361276,True,0.14723896980285645,False
2025,B,2715,1780521300.0,False,-1,,18,False,0.0,24.0,0.0,-1.3382491243703951,False,0.379241748382482,False,-1.3382491243703951,False,0.4927421303739932,False,0.13924348354339597,False
2025,B,2716,1780521360.0,False,-1,,18,False,0.0,29.0,0.0,-1.3150349544115585,False,0.37042465985219447,False,-1.3150349544115585,False,0.5532857800736111,True,0.14835882186889646,False
2025,B,2717,1780521420.0,False,-1,,18,False,0.0,28.0,0.0,-1.2665135267597751,False,0.38899186824601917,False,-1.2665135267597751,False,0.5424988195659789,True,0.18329913616180424,False
2025,B,2718,1780521480.0,False,-1,,18,False,0.0,17.0,0.0,-0.9451779174904349,False,0.40311366863055814,False,-0.9451779174904349,False,0.370658671338492,False,0.21084308624267578,False
2025,B,2719,1780521540.0,True,223,permission_denied,18,False,1.0,27.0,0.0,3.867819770899246,True,0.6083545577720398,False,3.867819770899246,True,8.685306193263681e-08,False,1.0,False
2025,B,2720,1780521600.0,True,223,permission_denied,18,False,0.0,21.0,0.0,4.490680729320643,True,0.4883111802370281,False,4.490680729320643,True,5.081371645433847e-07,False,10.0,True
2025,B,2721,1780521660.0,True,223,permission_denied,18,False,0.0,19.0,0.0,4.490640278290097,True,0.48177041713463875,False,4.490640278290097,True,5.260000425066793e-07,False,7.0,True
2025,B,2722,1780521720.0,True,223,permission_denied,18,False,0.0,24.0,0.0,4.275870022482924,True,0.4492339385764679,False,4.275870022482924,True,1.1121331263870064e-06,False,2.0,True
2025,B,2723,1780521780.0,False,-1,,18,False,0.0,16.0,0.0,-1.160631775332197,False,0.39253693811168366,False,-1.160631775332197,False,0.3483801247404773,False,0.14982080459594724,False
2025,B,2724,1780521840.0,False,-1,,18,False,0.0,12.0,0.0,-1.3953369995262417,False,0.3909781126501123,False,-1.3953369995262417,False,0.24455063116099418,False,0.1863921403884888,False
2025,B,2725,1780521900.0,False,-1,,18,False,0.0,28.0,0.0,-1.4832459649523857,False,0.3699937161785053,False,-1.4832459649523857,False,0.5424988195659789,True,0.16635355949401856,False
2025,B,2726,1780521960.0,False,-1,,18,False,0.0,22.0,0.0,-1.3963751357622023,False,0.3695882019254731,False,-1.3963751357622023,False,0.46310969853896505,False,0.16108977794647217,False
2025,B,2727,1780522020.0,False,-1,,18,False,0.0,18.0,0.0,-1.6430724214960755,False,0.3707104335629976,False,-1.6430724214960755,False,0.391567299653465,False,0.15490033626556393,False
2025,B,2728,1780522080.0,False,-1,,18,False,0.0,13.0,0.0,-0.987507119231843,False,0.40241142919860595,False,-0.987507119231843,False,0.2727417982240277,False,0.18062076568603513,False
2025,B,2729,1780522140.0,False,-1,,18,False,0.0,20.0,0.0,-0.9871744136715082,False,0.40784303659918436,False,-0.9871744136715082,False,0.42959277422704245,False,0.2042943239212036,False
2025,B,2730,1780522200.0,False,-1,,18,False,0.0,24.0,0.0,-1.0241221763778423,False,0.3936076195481857,False,-1.0241221763778423,False,0.4927421303739932,False,0.19035542011260986,False
2025,B,2731,1780522260.0,True,224,config_error,18,False,0.0,15.0,0.0,-1.6530588523137801,False,0.37607478621672547,False,-1.6530588523137801,False,0.32466280815287585,False,0.151774263381958,False
2025,B,2732,1780522320.0,True,224,config_error,18,False,0.0,12.0,0.0,4.490680978505687,True,0.5113698856707674,False,4.490680978505687,True,8.302521980520315e-10,False,10.0,True
2025,B,2733,1780522380.0,True,224,config_error,18,False,0.0,16.0,0.0,4.490681285465781,True,0.49098678115736444,False,4.490681285465781,True,2.1723055225849215e-10,False,14.0,True
2025,B,2734,1780522440.0,True,224,config_error,18,False,0.0,19.0,0.0,4.490681288201718,True,0.48499842101374485,False,4.490681288201718,True,1.6111063762997869e-10,False,16.0,True
2025,B,2735,1780522500.0,True,224,config_error,18,False,0.0,19.0,0.0,4.490681099936173,True,0.46831811588129807,False,4.490681099936173,True,1.2228907215226766e-09,False,11.0,True
2025,B,2736,1780522560.0,False,-1,,18,False,0.0,22.0,0.0,-1.1659256681707602,False,0.36538839245238824,False,-1.1659256681707602,False,0.46310969853896505,False,0.14928033351898193,False
2025,B,2737,1780522620.0,False,-1,,18,False,0.0,19.0,0.0,0.6162358209644148,False,0.46594507669130136,False,0.6162358209644148,False,0.41118454089992934,False,0.12167596817016602,False
2025,B,2738,1780522680.0,False,-1,,18,False,0.0,19.0,0.0,-0.8892444692477746,False,0.39255434980463183,False,-0.8892444692477746,False,0.41118454089992934,False,0.17647380828857423,False
2025,B,2739,1780522740.0,False,-1,,18,False,0.0,24.0,0.0,-1.5115642872869408,False,0.36677518403346887,False,-1.5115642872869408,False,0.4927421303739932,False,0.17544775009155272,False
2025,B,2740,1780522800.0,False,-1,,18,False,0.0,22.0,0.0,-1.316320177899354,False,0.38667851171629786,False,-1.316320177899354,False,0.46310969853896505,False,0.19371030330657957,False
2025,B,2741,1780522860.0,False,-1,,18,False,0.0,15.0,0.0,-0.8274474873900894,False,0.39277510582553543,False,-0.8274474873900894,False,0.32466280815287585,False,0.15060591697692868,False
2025,B,2742,1780522920.0,False,-1,,18,False,0.0,21.0,0.0,-1.6598037682283602,False,0.3657720426754446,False,-1.6598037682283602,False,0.446874446272475,False,0.16200828552246094,False
2025,B,2743,1780522980.0,False,-1,,18,False,0.0,13.0,0.0,-0.9438840805831852,False,0.38988097545336114,False,-0.9438840805831852,False,0.2727417982240277,False,0.12368535995483397,False
2025,B,2744,1780523040.0,False,-1,,18,False,0.0,13.0,0.0,-1.5215815706640559,False,0.38511090927091557,False,-1.5215815706640559,False,0.2727417982240277,False,0.14720077514648436,False
2025,B,2745,1780523100.0,False,-1,,18,False,0.0,23.0,0.0,-1.2232346843701523,False,0.38111936760241083,False,-1.2232346843701523,False,0.4783749513294757,False,0.17997345924377442,False
2025,B,2746,1780523160.0,True,225,dependency_timeout,18,False,1.0,20.0,0.0,4.490681288578891,True,0.6585780595110671,False,4.490681288578891,True,1.0,True,999999999.9999999,True
2025,B,2747,1780523220.0,True,225,dependency_timeout,18,False,2.0,23.0,0.0,4.490681288578891,True,0.6743390938826935,False,4.490681288578891,True,1.0,True,20.064129543304443,True
2025,B,2748,1780523280.0,True,225,dependency_timeout,18,False,1.0,22.0,0.0,4.490681288578891,True,0.6740460792190233,False,4.490681288578891,True,1.0,True,1999999999.9999998,True
2025,B,2749,1780523340.0,True,225,dependency_timeout,18,False,1.0,26.0,0.0,4.490681288578891,True,0.6796781846976002,False,4.490681288578891,True,1.0,True,999999999.9999999,True
2025,B,2750,1780523400.0,False,-1,,18,False,0.0,16.0,0.0,-1.5924750578538198,False,0.3725861033596791,False,-1.5924750578538198,False,0.3483801247404773,False,0.1511508226394653,False
2025,B,2751,1780523460.0,False,-1,,18,False,0.0,24.0,0.0,-1.0664300997055731,False,0.37794831794181094,False,-1.0664300997055731,False,0.4927421303739932,False,0.14035367965698242,False
2025,B,2752,1780523520.0,False,-1,,18,False,0.0,20.0,0.0,-1.106253349782854,False,0.37554756070581125,False,-1.106253349782854,False,0.42959277422704245,False,0.15412075519561766,False
2025,B,2753,1780523580.0,False,-1,,18,False,0.0,17.0,0.0,-1.517591852959896,False,0.3817406463942691,False,-1.517591852959896,False,0.370658671338492,False,0.16546859741210937,False
2025,B,2754,1780523640.0,False,-1,,18,False,0.0,22.0,0.0,-1.39535772280433,False,0.3651877489010984,False,-1.39535772280433,False,0.46310969853896505,False,0.153127121925354,False
2025,B,2755,1780523700.0,False,-1,,18,False,0.0,16.0,0.0,-1.5822571242616732,False,0.3819744436308478,False,-1.5822571242616732,False,0.3483801247404773,False,0.16357266902923584,False
2025,B,2756,1780523760.0,False,-1,,18,False,0.0,17.0,0.0,-1.283189809135699,False,0.38890969814760235,False,-1.283189809135699,False,0.370658671338492,False,0.19411392211914064,False
2025,B,2757,1780523820.0,False,-1,,18,False,0.0,15.0,0.0,-1.2701183689994204,False,0.387467283252743,False,-1.2701183689994204,False,0.32466280815287585,False,0.16031956672668454,False
2025,B,2758,1780523880.0,False,-1,,18,False,0.0,16.0,0.0,-1.2543334116602765,False,0.3805919408410364,False,-1.2543334116602765,False,0.3483801247404773,False,0.1636335849761963,False
2025,B,2759,1780523940.0,False,-1,,18,False,0.0,12.0,0.0,-1.5372218311690249,False,0.3829933083174312,False,-1.5372218311690249,False,0.24455063116099418,False,0.14550485610961914,False
2025,B,2760,1780524000.0,True,226,config_error,18,False,0.0,13.0,0.0,4.490643150252211,True,0.45872370463675405,False,4.490643150252211,True,1.0262782498508966e-08,False,7.0,True
2025,B,2761,1780524060.0,True,226,config_error,18,False,0.0,18.0,0.0,4.49068128735998,True,0.49982122346293206,False,4.49068128735998,True,2.020664040395428e-10,False,15.0,True
2025,B,2762,1780524120.0,True,226,config_error,18,False,0.0,23.0,0.0,4.4906812878467655,True,0.45669809221265795,False,4.4906812878467655,True,2.431661792468642e-10,False,16.0,True
2025,B,2763,1780524180.0,False,-1,,18,False,0.0,18.0,0.0,-1.0183071681896063,False,0.40813199252438753,False,-1.0183071681896063,False,0.391567299653465,False,0.13407142162322996,False
2025,B,2764,1780524240.0,False,-1,,18,False,0.0,22.0,0.0,-0.9480933306351655,False,0.3786892986219034,False,-0.9480933306351655,False,0.46310969853896505,False,0.13428699970245359,False
2025,B,2765,1780524300.0,False,-1,,18,False,0.0,11.0,0.0,-1.1961160339867964,False,0.4003251528500153,False,-1.1961160339867964,False,0.21499157607060515,False,0.175520658493042,False
2025,B,2766,1780524360.0,False,-1,,18,False,0.0,16.0,0.0,0.2546875666142938,False,0.4540389218542625,False,0.2546875666142938,False,0.3483801247404773,False,0.10970437526702881,False
2025,B,2767,1780524420.0,False,-1,,18,False,0.0,10.0,0.0,-1.0245183952686014,False,0.39500416822498874,False,-1.0245183952686014,False,0.1842881608538789,False,0.12603237628936767,False
2025,B,2768,1780524480.0,False,-1,,18,False,0.0,13.0,0.0,-1.4206268724670759,False,0.39311913442794005,False,-1.4206268724670759,False,0.2727417982240277,False,0.1521121025085449,False
2025,B,2769,1780524540.0,True,227,config_error,18,False,0.0,22.0,0.0,4.490680488725335,True,0.46129322595611083,False,4.490680488725335,True,2.631233193538805e-09,False,10.0,True
2025,B,2770,1780524600.0,True,227,config_error,18,False,0.0,10.0,0.0,4.490660541046571,True,0.5178979485823213,False,4.490660541046571,True,6.13776631396403e-09,False,7.0,True
2025,B,2771,1780524660.0,True,227,config_error,18,False,0.0,16.0,0.0,4.490681288456849,True,0.5163691723357438,False,4.490681288456849,True,7.323622021125185e-11,False,16.0,True
2025,B,2772,1780524720.0,True,227,config_error,18,False,0.0,14.0,0.0,3.6660549540958156,True,0.4960142728549714,False,3.6660549540958156,True,0.9999209528117746,True,1.0,False
2025,B,2773,1780524780.0,False,-1,,19,False,0.0,22.0,0.0,-1.6630356661579953,False,0.37092047066574996,False,-1.6630356661579953,False,0.46310969853896505,False,0.16735103130340576,False
2025,B,2774,1780524840.0,False,-1,,19,False,0.0,15.0,0.0,-0.42895364825853033,False,0.4258290408803452,False,-0.42895364825853033,False,0.32466280815287585,False,0.21899743080139156,False
2025,B,2775,1780524900.0,False,-1,,19,False,0.0,18.0,0.0,-0.0023012026894111415,False,0.42883275885864014,False,-0.0023012026894111415,False,0.391567299653465,False,0.13333997726440427,False
2025,B,2776,1780524960.0,False,-1,,19,False,0.0,15.0,0.0,-1.3149666050828577,False,0.376214715296163,False,-1.3149666050828577,False,0.32466280815287585,False,0.14071569442749024,False
2025,B,2777,1780525020.0,False,-1,,19,False,0.0,12.0,0.0,-1.097427067391597,False,0.3955741808204928,False,-1.097427067391597,False,0.24455063116099418,False,0.16385385990142826,False
2025,B,2778,1780525080.0,False,-1,,19,False,1.0,23.0,0.0,0.26314935303613485,False,0.582926303918137,False,0.26314935303613485,False,5.543944018203937e-05,False,0.12854318618774416,False
2025,B,2779,1780525140.0,False,-1,,19,False,0.0,16.0,0.0,-1.060468738757109,False,0.39592034524868613,False,-1.060468738757109,False,0.3483801247404773,False,0.1284496784210205,False
2025,B,2780,1780525200.0,False,-1,,19,False,0.0,12.0,0.0,-0.8700565805960796,False,0.38735664060704156,False,-0.8700565805960796,False,0.24455063116099418,False,0.12642228603363037,False
2025,B,2781,1780525260.0,False,-1,,19,False,0.0,20.0,0.0,-1.26176781254072,False,0.36980185299808577,False,-1.26176781254072,False,0.42959277422704245,False,0.15416674613952636,False
2025,B,2782,1780525320.0,True,228,dependency_timeout,19,False,1.0,20.0,0.0,4.490681288578891,True,0.6821087332020642,False,4.490681288578891,True,1.0,True,999999999.9999999,True
2025,B,2783,1780525380.0,True,228,dependency_timeout,19,False,0.0,14.0,0.0,4.490681288578891,True,0.5575294397561302,False,4.490681288578891,True,1.0,True,999999999.9999999,True
2025,B,2784,1780525440.0,True,228,dependency_timeout,19,False,1.0,10.0,0.0,4.490681288578891,True,0.6668591173749492,False,4.490681288578891,True,1.0,True,20.04770908355713,True
2025,B,2785,1780525500.0,False,-1,,19,False,0.0,20.0,0.0,-1.427943331095701,False,0.36936223688224745,False,-1.427943331095701,False,0.42959277422704245,False,0.16692600250244138,False
2025,B,2786,1780525560.0,False,-1,,19,False,0.0,10.0,0.0,-1.5127949765496664,False,0.3922520826386534,False,-1.5127949765496664,False,0.1842881608538789,False,0.134084153175354,False
2025,B,2787,1780525620.0,False,-1,,19,False,0.0,17.0,0.0,-0.9168956293538235,False,0.37810990914562,False,-0.9168956293538235,False,0.370658671338492,False,0.14386138916015626,False
2025,B,2788,1780525680.0,False,-1,,19,False,0.0,12.0,0.0,-1.1520078872525978,False,0.406316181364105,False,-1.1520078872525978,False,0.24455063116099418,False,0.17912435531616214,False
2025,B,2789,1780525740.0,False,-1,,19,False,0.0,26.0,0.0,-1.3061056267839426,False,0.38620485780411884,False,-1.3061056267839426,False,0.5190456887361276,True,0.17661452293395996,False
2025,B,2790,1780525800.0,False,-1,,19,False,0.0,17.0,0.0,-1.3902646566566519,False,0.39409325858690436,False,-1.3902646566566519,False,0.370658671338492,False,0.18035078048706055,False
2025,B,2791,1780525860.0,True,229,dependency_timeout,19,False,0.0,10.0,0.0,4.490681288578891,True,0.5640243214357912,False,4.490681288578891,True,1.0,True,999999999.9999999,True
2025,B,2792,1780525920.0,True,229,dependency_timeout,19,False,1.0,13.0,0.0,4.490681288578891,True,0.6791278305484005,False,4.490681288578891,True,1.0,True,999999999.9999999,True
2025,B,2793,1780525980.0,True,229,dependency_timeout,19,False,2.0,15.0,0.0,4.490681288578891,True,0.681109798450249,False,4.490681288578891,True,1.0,True,1999999999.9999998,True
2025,B,2794,1780526040.0,True,229,dependency_timeout,19,False,3.0,13.0,0.0,4.490681288578891,True,0.6960731266721512,True,4.490681288578891,True,1.0,True,3000000000.0,True
2025,B,2795,1780526100.0,True,229,dependency_timeout,19,False,2.0,19.0,0.0,4.490681288578891,True,0.7195754453573165,True,4.490681288578891,True,1.0,True,20.049103355407716,True
2025,B,2796,1780526160.0,False,-1,,19,False,0.0,19.0,0.0,-1.2583757190743565,False,0.3809564972464528,False,-1.2583757190743565,False,0.41118454089992934,False,0.13413019180297853,False
2025,B,2797,1780526220.0,False,-1,,19,False,0.0,19.0,0.0,-1.3664422930128328,False,0.3678171595402949,False,-1.3664422930128328,False,0.41118454089992934,False,0.15130720138549805,False
2025,B,2798,1780526280.0,False,-1,,19,False,0.0,14.0,0.0,-1.274069014607531,False,0.3872818688522287,False,-1.274069014607531,False,0.29945633811066746,False,0.15001120567321777,False
2025,B,2799,1780526340.0,False,-1,,19,False,0.0,22.0,0.0,-1.1458716234740471,False,0.3684193757493267,False,-1.1458716234740471,False,0.46310969853896505,False,0.15156691074371337,False
2025,B,2800,1780526400.0,False,-1,,19,False,0.0,18.0,0.0,-1.2418284191012816,False,0.3819882470602441,False,-1.2418284191012816,False,0.391567299653465,False,0.15484659671783446,False
2025,B,2801,1780526460.0,False,-1,,19,False,0.0,12.0,0.0,-1.3145150499804048,False,0.38993512509366696,False,-1.3145150499804048,False,0.24455063116099418,False,0.14347519874572756,False
2025,B,2802,1780526520.0,False,-1,,19,False,0.0,21.0,0.0,-1.1491475074464104,False,0.3895670489058843,False,-1.1491475074464104,False,0.446874446272475,False,0.1554532051086426,False
2025,B,2803,1780526580.0,True,230,config_error,19,False,0.0,17.0,0.0,4.490677184407665,True,0.5404680793822725,False,4.490677184407665,True,6.70891166441947e-09,False,8.0,True
2025,B,2804,1780526640.0,True,230,config_error,19,False,0.0,10.0,0.0,4.490680611432037,True,0.53141226453523,False,4.490680611432037,True,9.572944147273526e-10,False,9.0,True
2025,B,2805,1780526700.0,True,230,config_error,19,False,0.0,18.0,0.0,4.490681288560587,True,0.5207887628314856,False,4.490681288560587,True,5.108819969684793e-11,False,18.0,True
2025,B,2806,1780526760.0,True,230,config_error,19,False,0.0,14.0,0.0,4.489702780754645,True,0.482245956423519,False,4.489702780754645,True,1.4472660693424737e-07,False,5.0,True
2025,B,2807,1780526820.0,False,-1,,19,False,0.0,12.0,0.0,-0.5534620137836646,False,0.3972738923407288,False,-0.5534620137836646,False,0.24455063116099418,False,0.1523526668548584,False
2025,B,2808,1780526880.0,False,-1,,19,False,0.0,17.0,0.0,-0.504802204422317,False,0.40403088692274575,False,-0.504802204422317,False,0.370658671338492,False,0.1343057632446289,False
2025,B,2809,1780526940.0,False,-1,,19,False,0.0,15.0,0.0,-0.42673077065030984,False,0.4050365998540085,False,-0.42673077065030984,False,0.32466280815287585,False,0.14116759300231935,False
2025,B,2810,1780527000.0,False,-1,,19,False,0.0,23.0,0.0,-1.216572974347356,False,0.36944255320530395,False,-1.216572974347356,False,0.4783749513294757,False,0.13792304992675783,False
2025,B,2811,1780527060.0,False,-1,,19,False,0.0,20.0,0.0,-1.4032668873291838,False,0.37234023614382894,False,-1.4032668873291838,False,0.42959277422704245,False,0.15943391323089598,False
2025,B,2812,1780527120.0,False,-1,,19,False,0.0,13.0,0.0,-1.5508011769460497,False,0.3846373844239024,False,-1.5508011769460497,False,0.2727417982240277,False,0.16798601150512696,False
2025,B,2813,1780527180.0,False,-1,,19,False,0.0,10.0,0.0,-0.5575781013501322,False,0.44971523081034087,False,-0.5575781013501322,False,0.1842881608538789,False,0.12963614463806153,False
2025,B,2814,1780527240.0,True,231,resource_exhaustion,19,False,0.0,15.0,0.0,4.490681288494084,True,0.4704459656030042,False,4.490681288494084,True,0.32466280815287585,False,0.18017802238464356,False
2025,B,2815,1780527300.0,True,231,resource_exhaustion,19,False,1.0,10.0,0.0,4.490681288578891,True,0.6992708593563847,True,4.490681288578891,True,1.0,True,1999999999.9999998,True
2025,B,2816,1780527360.0,True,231,resource_exhaustion,19,False,1.0,17.0,0.0,4.490681288578891,True,0.6603671198419134,False,4.490681288578891,True,1.7835329516433285e-05,False,0.264573860168457,False
2025,B,2817,1780527420.0,True,231,resource_exhaustion,19,False,2.0,14.0,0.0,4.490681288578891,True,0.7015022954962068,True,4.490681288578891,True,1.0,True,999999999.9999999,True
2025,B,2818,1780527480.0,True,231,resource_exhaustion,19,False,0.0,17.0,0.0,4.490681288578891,True,0.5585219845353695,False,4.490681288578891,True,1.0,True,999999999.9999999,True
2025,B,2819,1780527540.0,False,-1,,19,False,0.0,8.0,0.0,-0.16477041317957308,False,0.4227347481231086,False,-0.16477041317957308,False,0.12123243654708447,False,0.12493882179260254,False
2025,B,2820,1780527600.0,False,-1,,19,False,0.0,21.0,0.0,-1.5606021853469496,False,0.3731907783703177,False,-1.5606021853469496,False,0.446874446272475,False,0.15599155426025393,False
2025,B,2821,1780527660.0,False,-1,,19,False,0.0,15.0,0.0,-1.3810706336900251,False,0.3833512231706132,False,-1.3810706336900251,False,0.32466280815287585,False,0.14865498542785643,False
2025,B,2822,1780527720.0,False,-1,,19,False,0.0,14.0,0.0,-0.4476528336736596,False,0.40260769167079663,False,-0.4476528336736596,False,0.29945633811066746,False,0.15248780250549318,False
2025,B,2823,1780527780.0,False,-1,,19,False,0.0,12.0,0.0,-1.3385723684777195,False,0.37777001953420625,False,-1.3385723684777195,False,0.24455063116099418,False,0.15749282836914064,False
2025,B,2824,1780527840.0,False,-1,,19,False,0.0,14.0,0.0,-0.9515439682625324,False,0.40020702103294364,False,-0.9515439682625324,False,0.29945633811066746,False,0.1587138891220093,False
2025,B,2825,1780527900.0,False,-1,,19,False,0.0,13.0,0.0,-0.3612072992505242,False,0.43855989735831974,False,-0.3612072992505242,False,0.2727417982240277,False,0.12917804718017578,False
2025,B,2826,1780527960.0,False,-1,,19,False,0.0,15.0,0.0,-1.1112612531527564,False,0.38917143433336954,False,-1.1112612531527564,False,0.32466280815287585,False,0.15671563148498532,False
2025,B,2827,1780528020.0,False,-1,,19,False,1.0,17.0,0.0,-0.7928713075487615,False,0.5692154508481749,False,-0.7928713075487615,False,1.7835329516433285e-05,False,0.14731740951538083,False
2025,B,2828,1780528080.0,False,-1,,19,False,0.0,19.0,0.0,-0.768916788241274,False,0.4043560669685198,False,-0.768916788241274,False,0.41118454089992934,False,0.12436852455139162,False
2025,B,2829,1780528140.0,True,232,permission_denied,19,False,0.0,10.0,0.0,3.754739074554419,True,0.5016899036822035,False,3.754739074554419,True,6.684834937110938e-07,False,1.0,False
2025,B,2830,1780528200.0,True,232,permission_denied,19,False,0.0,14.0,0.0,4.489699525211784,True,0.4739100693294154,False,4.489699525211784,True,4.6195230636902455e-07,False,5.0,True
2025,B,2831,1780528260.0,True,232,permission_denied,19,False,0.0,11.0,0.0,4.487317704227246,True,0.49983046852984575,False,4.487317704227246,True,4.034267157139462e-07,False,4.0,True
2025,B,2832,1780528320.0,True,232,permission_denied,19,False,0.0,9.0,0.0,3.665842312942451,True,0.46052854833342416,False,3.665842312942451,True,5.697685738116118e-07,False,1.0,False
2025,B,2833,1780528380.0,False,-1,,19,False,0.0,11.0,0.0,-0.9901113537700716,False,0.4129980547094284,False,-0.9901113537700716,False,0.21499157607060515,False,0.1831464767456055,False
2025,B,2834,1780528440.0,False,-1,,19,False,0.0,16.0,0.0,-1.0892012630755712,False,0.37798972630943045,False,-1.0892012630755712,False,0.3483801247404773,False,0.14458465576171872,False
2025,B,2835,1780528500.0,False,-1,,19,False,0.0,11.0,0.0,-1.3633715630009968,False,0.37803427934864703,False,-1.3633715630009968,False,0.21499157607060515,False,0.13674449920654297,False
2025,B,2836,1780528560.0,False,-1,,19,False,0.0,15.0,0.0,-1.4618900840214248,False,0.37735883776832896,False,-1.4618900840214248,False,0.32466280815287585,False,0.1491374969482422,False
2025,B,2837,1780528620.0,False,-1,,19,False,0.0,14.0,0.0,-1.0890426789107197,False,0.3844420648677095,False,-1.0890426789107197,False,0.29945633811066746,False,0.1406776189804077,False
2025,B,2838,1780528680.0,False,-1,,19,False,0.0,11.0,0.0,-1.4879122766599373,False,0.39696016502627796,False,-1.4879122766599373,False,0.21499157607060515,False,0.18492889404296875,False
2025,B,2839,1780528740.0,False,-1,,19,False,0.0,10.0,0.0,-1.2754813347984442,False,0.4077624062694073,False,-1.2754813347984442,False,0.1842881608538789,False,0.1638018846511841,False
2025,B,2840,1780528800.0,False,-1,,19,False,0.0,9.0,0.0,-1.1611516614507646,False,0.39027948879891194,False,-1.1611516614507646,False,0.15282910832620436,False,0.1300459861755371,False
2025,B,2841,1780528860.0,False,-1,,19,False,0.0,11.0,0.0,-0.3384773546833886,False,0.4211007577504228,False,-0.3384773546833886,False,0.21499157607060515,False,0.14266252517700198,False
2025,B,2842,1780528920.0,True,233,resource_exhaustion,19,False,2.0,13.0,0.0,4.490681288578891,True,0.6940324959247637,True,4.490681288578891,True,1.0,True,3000000000.0,True
2025,B,2843,1780528980.0,True,233,resource_exhaustion,19,False,3.0,18.0,0.0,4.490681288578891,True,0.6995937525197705,True,4.490681288578891,True,1.0,True,3000000000.0,True
2025,B,2844,1780529040.0,True,233,resource_exhaustion,19,False,1.0,15.0,0.0,4.490681288578891,True,0.6633318119362713,False,4.490681288578891,True,1.0626236745526425e-05,False,0.2827585697174072,False
2025,B,2845,1780529100.0,False,-1,,19,False,0.0,14.0,0.0,-1.6249716925201891,False,0.37073964799329223,False,-1.6249716925201891,False,0.29945633811066746,False,0.15727379322052001,False
2025,B,2846,1780529160.0,False,-1,,19,False,0.0,10.0,0.0,-1.1950874051549976,False,0.3951347311208824,False,-1.1950874051549976,False,0.1842881608538789,False,0.1442418575286865,False
2025,B,2847,1780529220.0,False,-1,,19,False,0.0,15.0,0.0,-1.625813832287676,False,0.3755138259528943,False,-1.625813832287676,False,0.32466280815287585,False,0.17232751846313474,False
2025,B,2848,1780529280.0,False,-1,,19,False,0.0,18.0,0.0,-0.6734521254377936,False,0.5774038825476667,False,-0.6734521254377936,False,0.0001574160201732528,False,1.0,False
2025,B,2849,1780529340.0,False,-1,,19,False,0.0,12.0,0.0,-0.8206437335855243,False,0.4055009714554437,False,-0.8206437335855243,False,0.24455063116099418,False,0.1416259527206421,False
2025,B,2850,1780529400.0,False,-1,,19,False,0.0,14.0,0.0,-0.9619791747649167,False,0.39998856042130615,False,-0.9619791747649167,False,0.29945633811066746,False,0.15961904525756834,False
2025,B,2851,1780529460.0,False,-1,,19,False,0.0,16.0,0.0,-1.0871115743509616,False,0.3858818995617637,False,-1.0871115743509616,False,0.3483801247404773,False,0.13951551914215088,False
2025,B,2852,1780529520.0,True,234,permission_denied,19,False,0.0,11.0,0.0,4.489968226087876,True,0.4899829886967066,False,4.489968226087876,True,3.8079095367817404e-07,False,5.0,True
2025,B,2853,1780529580.0,True,234,permission_denied,19,False,0.0,11.0,0.0,4.485629798639616,True,0.4750098619397059,False,4.485629798639616,True,4.034267157139462e-07,False,4.0,True
2025,B,2854,1780529640.0,True,234,permission_denied,19,False,0.0,23.0,0.0,4.490678635925761,True,0.4681048790103949,False,4.490678635925761,True,5.568860390377125e-07,False,9.0,True
2025,B,2855,1780529700.0,True,234,permission_denied,19,False,0.0,13.0,0.0,4.489766979271008,True,0.48231386255105163,False,4.489766979271008,True,4.3585604826907214e-07,False,5.0,True
2025,B,2856,1780529760.0,False,-1,,19,True,1.0,77.0,0.0,0.16503078374003,False,0.674332654491117,False,0.16503078374003,False,0.0015699271765246595,False,0.15610389709472636,False
2025,B,2857,1780529820.0,False,-1,,19,True,0.0,113.0,0.0,0.08350392453427435,False,0.6264672105704084,False,0.08350392453427435,False,0.8189225237168107,True,0.15304727554321287,False
2025,B,2858,1780529880.0,False,-1,,19,True,0.0,73.0,0.0,-0.013418492918133573,False,0.584763831349722,False,-0.013418492918133573,False,0.7617221983951222,True,0.15707235336303713,False
2025,B,2859,1780529940.0,False,-1,,19,False,0.0,15.0,0.0,-1.631357221068515,False,0.37631653863562375,False,-1.631357221068515,False,0.32466280815287585,False,0.15012078285217284,False
2025,B,2860,1780530000.0,False,-1,,19,False,0.0,11.0,0.0,-1.2996451327361127,False,0.4079927503545114,False,-1.2996451327361127,False,0.21499157607060515,False,0.1784820556640625,False
2025,B,2861,1780530060.0,False,-1,,19,False,0.0,14.0,0.0,-1.6317123445840807,False,0.3774771558753765,False,-1.6317123445840807,False,0.29945633811066746,False,0.16307849884033204,False
2025,B,2862,1780530120.0,False,-1,,19,False,0.0,9.0,0.0,-1.541087915153982,False,0.3963829633822694,False,-1.541087915153982,False,0.15282910832620436,False,0.1679924964904785,False
2025,B,2863,1780530180.0,False,-1,,19,False,0.0,5.0,0.0,-0.2508423842223131,False,0.46711739878310915,False,-0.2508423842223131,False,0.036683938886476364,False,0.09202642440795898,False
2025,B,2864,1780530240.0,False,-1,,19,False,0.0,13.0,0.0,-1.4349850750516886,False,0.38166439704830274,False,-1.4349850750516886,False,0.2727417982240277,False,0.1381143569946289,False
2025,B,2865,1780530300.0,True,235,dependency_timeout,19,False,1.0,11.0,0.0,4.490681288578891,True,0.6673757785404089,False,4.490681288578891,True,1.0,True,999999999.9999999,True
2025,B,2866,1780530360.0,True,235,dependency_timeout,19,False,2.0,18.0,0.0,4.490681288578891,True,0.6858313722799529,False,4.490681288578891,True,1.0,True,1999999999.9999998,True
2025,B,2867,1780530420.0,True,235,dependency_timeout,19,False,1.0,14.0,0.0,4.490681288578891,True,0.6826739260089875,False,4.490681288578891,True,1.0,True,999999999.9999999,True
2025,B,2868,1780530480.0,True,235,dependency_timeout,19,False,1.0,16.0,0.0,4.490681288578891,True,0.692472733768593,False,4.490681288578891,True,1.0,True,1999999999.9999998,True
2025,B,2869,1780530540.0,True,235,dependency_timeout,19,False,1.0,17.0,0.0,4.490681288578891,True,0.640554102759735,False,4.490681288578891,True,1.0,True,0.4696992635726927,False
2025,B,2870,1780530600.0,False,-1,,19,False,0.0,14.0,0.0,-0.7164263817384366,False,0.39293524532043794,False,-0.7164263817384366,False,0.29945633811066746,False,0.1347966194152832,False
2025,B,2871,1780530660.0,False,-1,,19,False,0.0,13.0,0.0,-0.5502421991550701,False,0.4343825987771983,False,-0.5502421991550701,False,0.2727417982240277,False,0.15834369659423828,False
2025,B,2872,1780530720.0,False,-1,,19,False,0.0,13.0,0.0,-0.4906308266725068,False,0.3995061437562744,False,-0.4906308266725068,False,0.2727417982240277,False,0.115712833404541,False
2025,B,2873,1780530780.0,False,-1,,19,False,0.0,10.0,0.0,-1.375172198713556,False,0.3959578043138664,False,-1.375172198713556,False,0.1842881608538789,False,0.13017640113830567,False
2025,B,2874,1780530840.0,False,-1,,19,False,0.0,21.0,0.0,-1.6607734026624534,False,0.36589610007131335,False,-1.6607734026624534,False,0.446874446272475,False,0.1690349578857422,False
2025,B,2875,1780530900.0,False,-1,,19,False,0.0,11.0,0.0,-0.6445006570480434,False,0.4226692083437636,False,-0.6445006570480434,False,0.21499157607060515,False,0.11004877090454103,False
2025,B,2876,1780530960.0,False,-1,,19,False,0.0,10.0,0.0,-1.2837711570770933,False,0.40335730132539294,False,-1.2837711570770933,False,0.1842881608538789,False,0.13692362308502198,False
2025,B,2877,1780531020.0,True,236,permission_denied,19,False,0.0,11.0,0.0,4.4662954946724325,True,0.5072001525633932,False,4.4662954946724325,True,4.363140427165367e-07,False,3.0,True
2025,B,2878,1780531080.0,True,236,permission_denied,19,False,0.0,15.0,0.0,4.484624390739576,True,0.4685434016667009,False,4.484624390739576,True,5.209730414180311e-07,False,4.0,True
2025,B,2879,1780531140.0,True,236,permission_denied,19,False,0.0,11.0,0.0,4.460773216800083,True,0.48392304609727455,False,4.460773216800083,True,4.363140427165367e-07,False,3.0,True
2025,B,2880,1780531200.0,True,236,permission_denied,19,False,0.0,11.0,0.0,4.484902328084772,True,0.46591799982527626,False,4.484902328084772,True,4.034267157139462e-07,False,4.0,True
2025,B,2881,1780531260.0,False,-1,,19,False,0.0,8.0,0.0,-1.186300549709702,False,0.41606776777386156,False,-1.186300549709702,False,0.12123243654708447,False,0.1719038486480713,False
2025,B,2882,1780531320.0,False,-1,,19,False,0.0,12.0,0.0,-0.6817484535224976,False,0.3935449815441381,False,-0.6817484535224976,False,0.24455063116099418,False,0.1538236856460571,False
2025,B,2883,1780531380.0,False,-1,,19,False,0.0,10.0,0.0,-0.8479517541007313,False,0.42599491580963833,False,-0.8479517541007313,False,0.1842881608538789,False,0.16346421241760253,False
2025,B,2884,1780531440.0,False,-1,,19,False,0.0,23.0,0.0,-1.2463775536621693,False,0.3908626041322957,False,-1.2463775536621693,False,0.4783749513294757,False,0.2020314693450928,False
2025,B,2885,1780531500.0,False,-1,,19,False,0.0,14.0,0.0,-1.2940018817210666,False,0.3913558029691973,False,-1.2940018817210666,False,0.29945633811066746,False,0.1569092273712158,False
2025,B,2886,1780531560.0,False,-1,,19,False,0.0,8.0,0.0,-1.2507799656500307,False,0.39969231684285883,False,-1.2507799656500307,False,0.12123243654708447,False,0.12209694385528566,False
2025,B,2887,1780531620.0,False,-1,,19,False,0.0,7.0,0.0,-1.258633236786225,False,0.40896105882488476,False,-1.258633236786225,False,0.09041902030251087,False,0.12708635330200194,False
2025,B,2888,1780531680.0,False,-1,,19,False,0.0,6.0,0.0,-0.2171458892863427,False,0.48954060525313314,False,-0.2171458892863427,False,0.06167876191882357,False,0.16546130180358887,False
2025,B,2889,1780531740.0,True,237,config_error,19,False,0.0,11.0,0.0,4.485271607640493,True,0.4615805152954047,False,4.485271607640493,True,6.79184738542442e-07,False,4.0,True
2025,B,2890,1780531800.0,True,237,config_error,19,False,0.0,12.0,0.0,4.490681218705981,True,0.49112455125635174,False,4.490681218705981,True,4.078162723369806e-10,False,11.0,True
2025,B,2891,1780531860.0,True,237,config_error,19,False,0.0,12.0,0.0,4.49052272652509,True,0.47648460984749264,False,4.49052272652509,True,2.672277352247223e-08,False,6.0,True
2025,B,2892,1780531920.0,False,-1,,19,False,0.0,9.0,0.0,-0.5105302111945687,False,0.4424497887946101,False,-0.5105302111945687,False,0.15282910832620436,False,0.1331782341003418,False
2025,B,2893,1780531980.0,False,-1,,19,False,0.0,8.0,0.0,-0.6869245722012174,False,0.40633703527851417,False,-0.6869245722012174,False,0.12123243654708447,False,0.13082234859466552,False
2025,B,2894,1780532040.0,False,-1,,19,False,0.0,18.0,0.0,-0.6286073996587493,False,0.3888568407720656,False,-0.6286073996587493,False,0.391567299653465,False,0.1260432243347168,False
2025,B,2895,1780532100.0,False,-1,,19,False,0.0,13.0,0.0,-1.2933932412075757,False,0.4001050760319991,False,-1.2933932412075757,False,0.2727417982240277,False,0.16955394744873042,False
2025,B,2896,1780532160.0,False,-1,,19,False,0.0,6.0,0.0,-1.2626173342913072,False,0.439186307446248,False,-1.2626173342913072,False,0.06167876191882357,False,0.18141436576843262,False
2025,B,2897,1780532220.0,False,-1,,19,False,0.0,14.0,0.0,-1.3587421630407812,False,0.3801635233334362,False,-1.3587421630407812,False,0.29945633811066746,False,0.16797604560852047,False
2025,B,2898,1780532280.0,False,-1,,19,False,0.0,10.0,0.0,-1.5431649860873113,False,0.3885319800660015,False,-1.5431649860873113,False,0.1842881608538789,False,0.14681649208068848,False
2025,B,2899,1780532340.0,False,-1,,19,False,0.0,10.0,0.0,-0.7936436923246282,False,0.39831142201718317,False,-0.7936436923246282,False,0.1842881608538789,False,0.12691733837127686,False
2025,B,2900,1780532400.0,True,238,config_error,19,False,0.0,15.0,0.0,4.49046502212194,True,0.46748136244484045,False,4.49046502212194,True,3.9220392197187367e-08,False,6.0,True
2025,B,2901,1780532460.0,True,238,config_error,19,False,0.0,9.0,0.0,4.4906782702154215,True,0.5281113276134735,False,4.4906782702154215,True,1.6600316466370439e-09,False,8.0,True
2025,B,2902,1780532520.0,True,238,config_error,19,False,0.0,16.0,0.0,4.490681247399637,True,0.4821083954800621,False,4.490681247399637,True,5.472762889558765e-10,False,12.0,True
2025,B,2903,1780532580.0,False,-1,,19,False,0.0,12.0,0.0,-1.6435207222442392,False,0.37478038273601805,False,-1.6435207222442392,False,0.24455063116099418,False,0.1667230606079102,False
2025,B,2904,1780532640.0,False,-1,,19,False,0.0,5.0,0.0,-1.2408750071137993,False,0.4284636639223033,False,-1.2408750071137993,False,0.036683938886476364,False,0.12860336303710937,False
2025,B,2905,1780532700.0,False,-1,,19,False,0.0,17.0,0.0,-0.7728080398733752,False,0.42464929631254755,False,-0.7728080398733752,False,0.370658671338492,False,0.1368992805480957,False
2025,B,2906,1780532760.0,False,-1,,19,False,0.0,7.0,0.0,-1.5041837333913515,False,0.4135828420115965,False,-1.5041837333913515,False,0.09041902030251087,False,0.15194549560546874,False
2025,B,2907,1780532820.0,False,-1,,19,False,0.0,10.0,0.0,-1.2889795779434676,False,0.40192333360383226,False,-1.2889795779434676,False,0.1842881608538789,False,0.1245197296142578,False
2025,B,2908,1780532880.0,False,-1,,19,False,1.0,9.0,0.0,-0.4926079228334519,False,0.5767259371887924,False,-0.4926079228334519,False,8.911641445843728e-07,False,0.14917097091674802,False
2025,B,2909,1780532940.0,False,-1,,19,False,0.0,17.0,0.0,-0.1576115363279511,False,0.4050461656585813,False,-0.1576115363279511,False,0.370658671338492,False,0.1256988525390625,False
2025,B,2910,1780533000.0,False,-1,,19,False,0.0,9.0,0.0,-1.1274045075599401,False,0.42233670109402993,False,-1.1274045075599401,False,0.15282910832620436,False,0.17717399597167968,False
2025,B,2911,1780533060.0,False,-1,,19,True,0.0,29.0,0.0,-1.184646802117685,False,0.39679974306816135,False,-1.184646802117685,False,0.5532857800736111,True,0.14624977111816406,False
2025,B,2912,1780533120.0,False,-1,,19,True,0.0,91.0,0.0,0.6630613764290967,False,0.6171211838511602,False,0.6630613764290967,False,0.7930985877056883,True,0.21735191345214822,False
2025,B,2913,1780533180.0,True,239,resource_exhaustion,19,True,0.0,101.0,0.0,4.490681288578891,True,0.6913136635175273,False,4.490681288578891,True,1.0,True,999999999.9999999,True
2025,B,2914,1780533240.0,True,239,resource_exhaustion,19,False,1.0,12.0,0.0,4.490681288578891,True,0.6970289889131293,True,4.490681288578891,True,1.0,True,999999999.9999999,True
2025,B,2915,1780533300.0,True,239,resource_exhaustion,19,False,1.0,9.0,0.0,4.490681288578891,True,0.7003086489725863,True,4.490681288578891,True,1.0,True,999999999.9999999,True
2025,B,2916,1780533360.0,True,239,resource_exhaustion,19,False,1.0,15.0,0.0,4.490681288578891,True,0.6767123710258174,False,4.490681288578891,True,1.0,True,999999999.9999999,True
2025,B,2917,1780533420.0,False,-1,,19,False,0.0,14.0,0.0,-0.833154776655241,False,0.40718199991449416,False,-0.833154776655241,False,0.29945633811066746,False,0.12345862388610838,False
2025,B,2918,1780533480.0,False,-1,,19,False,0.0,7.0,0.0,-0.798953819820027,False,0.4472438167562432,False,-0.798953819820027,False,0.09041902030251087,False,0.16581926345825193,False
2025,B,2919,1780533540.0,False,-1,,19,False,0.0,8.0,0.0,-0.8944763546471295,False,0.42573660779155154,False,-0.8944763546471295,False,0.12123243654708447,False,0.1833261728286743,False
2025,B,2920,1780533600.0,False,-1,,19,False,0.0,11.0,0.0,-0.21888949756264253,False,0.4066250870557354,False,-0.21888949756264253,False,0.21499157607060515,False,0.13154888153076172,False
2025,B,2921,1780533660.0,False,-1,,19,False,0.0,7.0,0.0,-1.350815252906604,False,0.40295760475693915,False,-1.350815252906604,False,0.09041902030251087,False,0.14185185432434083,False
2025,B,2922,1780533720.0,False,-1,,19,False,0.0,15.0,0.0,-1.509314260618548,False,0.3726176171103924,False,-1.509314260618548,False,0.32466280815287585,False,0.15772151947021482,False
2025,B,2923,1780533780.0,False,-1,,19,False,0.0,5.0,0.0,-0.35991969815366875,False,0.4652540700483799,False,-0.35991969815366875,False,0.036683938886476364,False,0.123876953125,False
2025,B,2924,1780533840.0,False,-1,,19,False,0.0,8.0,0.0,-1.555441435394397,False,0.39447952164127764,False,-1.555441435394397,False,0.12123243654708447,False,0.13502261638641355,False
2025,B,2925,1780533900.0,False,-1,,19,False,0.0,10.0,0.0,-1.067409019779765,False,0.40801875453409925,False,-1.067409019779765,False,0.1842881608538789,False,0.13504984378814697,False
2025,B,2926,1780533960.0,False,-1,,19,False,0.0,0.0,0.0,4.490681288578891,True,0.7222684892572282,True,4.490681288578891,True,2.947493325127797e-05,False,0.0,False
