seed,phase,window,start,label,injection_id,category,block,burst,cold_starts,invocations,throttles,score_d1_ocsvm,pred_d1_ocsvm,score_d1_iforest,pred_d1_iforest,score_d1_primary,pred_d1_primary,score_d2_transfer,pred_d2_transfer,score_d3_thresholds,pred_d3_thresholds
2027,B,0,1780358400.0,False,-1,,0,False,0.0,8.0,0.0,-1.4423866311489153,False,0.40222385207848155,False,-1.4423866311489153,False,0.2813364848081088,False,0.13284173011779785,False
2027,B,1,1780358460.0,False,-1,,0,False,0.0,8.0,0.0,-0.10831630080228916,False,0.46189235911771637,False,-0.10831630080228916,False,0.2813364848081088,False,0.11928319931030275,False
2027,B,2,1780358520.0,False,-1,,0,False,0.0,10.0,0.0,-1.6887044022802158,False,0.38300265232483405,False,-1.6887044022802158,False,0.28226841507490547,False,0.14962496757507324,False
2027,B,3,1780358580.0,False,-1,,0,False,0.0,13.0,0.0,-0.4982886390021122,False,0.43189703440368854,False,-0.4982886390021122,False,0.2831179908395116,False,0.1172618865966797,False
2027,B,4,1780358640.0,False,-1,,0,False,0.0,12.0,0.0,-1.38783291183824,False,0.3779750406728229,False,-1.38783291183824,False,0.28288267083732616,False,0.14332926273345947,False
2027,B,5,1780358700.0,False,-1,,0,False,0.0,15.0,0.0,-1.213182024091184,False,0.38838107602791005,False,-1.213182024091184,False,0.28349405466720345,False,0.1709310531616211,False
2027,B,6,1780358760.0,False,-1,,0,False,0.0,15.0,0.0,-1.4532066487280995,False,0.3771624975556185,False,-1.4532066487280995,False,0.28349405466720345,False,0.15111126899719238,False
2027,B,7,1780358820.0,False,-1,,0,False,0.0,8.0,0.0,-0.6153541252020149,False,0.41181903222938165,False,-0.6153541252020149,False,0.2813364848081088,False,0.12415139675140381,False
2027,B,8,1780358880.0,False,-1,,0,False,0.0,12.0,0.0,-1.6112756358166243,False,0.3936842083327485,False,-1.6112756358166243,False,0.28288267083732616,False,0.15797934532165528,False
2027,B,9,1780358940.0,False,-1,,0,False,0.0,7.0,0.0,-0.676297323291184,False,0.44297008640015517,False,-0.676297323291184,False,0.2806604384517065,False,0.16150784492492673,False
2027,B,10,1780359000.0,False,-1,,0,False,0.0,13.0,0.0,-1.524885709636684,False,0.37652564078440276,False,-1.524885709636684,False,0.2831179908395116,False,0.1459600448608398,False
2027,B,11,1780359060.0,True,0,resource_exhaustion,0,False,2.0,7.0,0.0,4.468984006654058,True,0.7167530151846105,True,4.468984006654058,True,1.0,True,1999999999.9999998,True
2027,B,12,1780359120.0,True,0,resource_exhaustion,0,False,3.0,13.0,0.0,4.468984006654058,True,0.7231042050210025,True,4.468984006654058,True,1.0,True,3000000000.0,True
2027,B,13,1780359180.0,True,0,resource_exhaustion,0,False,3.0,16.0,0.0,4.468984006654058,True,0.7149530425267481,True,4.468984006654058,True,1.0,True,3999999999.9999995,True
2027,B,14,1780359240.0,True,0,resource_exhaustion,0,False,3.0,11.0,0.0,4.468984006654058,True,0.7275514933222632,True,4.468984006654058,True,1.0,True,1999999999.9999998,True
2027,B,15,1780359300.0,False,-1,,0,False,0.0,10.0,0.0,-1.1754716379549315,False,0.39543529011869605,False,-1.1754716379549315,False,0.28226841507490547,False,0.1203765869140625,False
2027,B,16,1780359360.0,False,-1,,0,False,0.0,10.0,0.0,-1.407987503413671,False,0.3883209388092228,False,-1.407987503413671,False,0.28226841507490547,False,0.1578792333602905,False
2027,B,17,1780359420.0,False,-1,,0,False,0.0,12.0,0.0,-1.268306472975059,False,0.3961831132611622,False,-1.268306472975059,False,0.28288267083732616,False,0.18474714756011967,False
2027,B,18,1780359480.0,False,-1,,0,False,0.0,17.0,0.0,-1.3074256581749513,False,0.383004467454827,False,-1.3074256581749513,False,0.2837817646511713,False,0.15967464447021484,False
2027,B,19,1780359540.0,False,-1,,0,False,0.0,7.0,0.0,-1.593997271839969,False,0.4052098918129812,False,-1.593997271839969,False,0.2806604384517065,False,0.13707938194274902,False
2027,B,20,1780359600.0,False,-1,,0,False,0.0,11.0,0.0,-1.6837009564897087,False,0.3908226843243643,False,-1.6837009564897087,False,0.28260398880394816,False,0.14531493186950684,False
2027,B,21,1780359660.0,False,-1,,0,False,0.0,7.0,0.0,-1.10544916833007,False,0.41642111583639835,False,-1.10544916833007,False,0.2806604384517065,False,0.15446009635925292,False
2027,B,22,1780359720.0,False,-1,,0,False,0.0,11.0,0.0,-1.2439193309761292,False,0.40327410796172636,False,-1.2439193309761292,False,0.28260398880394816,False,0.12714385986328125,False
2027,B,23,1780359780.0,False,-1,,0,False,0.0,11.0,0.0,-1.1028309440463042,False,0.3852073962502767,False,-1.1028309440463042,False,0.28260398880394816,False,0.12723374366760254,False
2027,B,24,1780359840.0,False,-1,,0,False,0.0,12.0,0.0,-0.2507253880631506,False,0.4178183763631287,False,-0.2507253880631506,False,0.28288267083732616,False,0.14541451930999755,False
2027,B,25,1780359900.0,True,1,permission_denied,0,False,0.0,9.0,0.0,3.447935603584267,True,0.4817295544744556,False,3.447935603584267,True,1.0,True,1.0,False
2027,B,26,1780359960.0,True,1,permission_denied,0,False,0.0,8.0,0.0,4.467749474856353,True,0.5143456590171914,False,4.467749474856353,True,1.0,True,5.0,True
2027,B,27,1780360020.0,True,1,permission_denied,0,False,0.0,11.0,0.0,4.467723517799656,True,0.5024636067025469,False,4.467723517799656,True,1.0,True,5.0,True
2027,B,28,1780360080.0,True,1,permission_denied,0,False,0.0,12.0,0.0,4.233869821759539,True,0.4810943832795045,False,4.233869821759539,True,1.0,True,2.0,True
2027,B,29,1780360140.0,False,-1,,0,False,0.0,6.0,0.0,-1.1172856424740232,False,0.4446604469891253,False,-1.1172856424740232,False,0.2797428676547323,False,0.1335676908493042,False
2027,B,30,1780360200.0,False,-1,,0,False,0.0,6.0,0.0,-0.424004617378797,False,0.4418813201324902,False,-0.424004617378797,False,0.2797428676547323,False,0.10460484027862549,False
2027,B,31,1780360260.0,False,-1,,0,False,0.0,13.0,0.0,-1.134096012992674,False,0.3848962281990498,False,-1.134096012992674,False,0.2831179908395116,False,0.14617681503295898,False
2027,B,32,1780360320.0,False,-1,,0,False,0.0,11.0,0.0,-1.7352116729187443,False,0.387971420437146,False,-1.7352116729187443,False,0.28260398880394816,False,0.17189502716064453,False
2027,B,33,1780360380.0,False,-1,,0,False,0.0,5.0,0.0,-1.1813090694981305,False,0.43769758878314197,False,-1.1813090694981305,False,0.27842295783718024,False,0.1312075614929199,False
2027,B,34,1780360440.0,False,-1,,0,False,0.0,10.0,0.0,-1.282993717629159,False,0.39047146004904854,False,-1.282993717629159,False,0.28226841507490547,False,0.12492363452911377,False
2027,B,35,1780360500.0,False,-1,,0,False,0.0,7.0,0.0,-1.275679925062117,False,0.4057629371661288,False,-1.275679925062117,False,0.2806604384517065,False,0.13258829116821289,False
2027,B,36,1780360560.0,True,2,resource_exhaustion,0,False,0.0,11.0,0.0,4.468984006654058,True,0.5496755169369213,False,4.468984006654058,True,0.28260398880394816,False,0.27672457695007324,False
2027,B,37,1780360620.0,True,2,resource_exhaustion,0,False,1.0,14.0,0.0,4.468984006654058,True,0.6958202179965952,True,4.468984006654058,True,1.0,True,999999999.9999999,True
2027,B,38,1780360680.0,True,2,resource_exhaustion,0,False,0.0,8.0,0.0,4.468984006654058,True,0.5656403051778753,False,4.468984006654058,True,0.2813364848081088,False,0.2785174369812012,False
2027,B,39,1780360740.0,True,2,resource_exhaustion,0,False,0.0,9.0,0.0,4.468984006654058,True,0.5572516690941158,False,4.468984006654058,True,0.2818560700236856,False,0.2521036148071289,False
2027,B,40,1780360800.0,False,-1,,0,False,0.0,15.0,0.0,-1.069746621207062,False,0.5653461283506445,False,-1.069746621207062,False,8.772433163584603e-05,False,1.0,False
2027,B,41,1780360860.0,False,-1,,0,False,0.0,7.0,0.0,-1.044728759315908,False,0.4391582625621167,False,-1.044728759315908,False,0.2806604384517065,False,0.1340853691101074,False
2027,B,42,1780360920.0,False,-1,,0,False,0.0,7.0,0.0,-1.4986232848289722,False,0.40430332663929325,False,-1.4986232848289722,False,0.2806604384517065,False,0.15080027580261227,False
2027,B,43,1780360980.0,False,-1,,0,False,0.0,11.0,0.0,-0.36566301366174336,False,0.40107012045149765,False,-0.36566301366174336,False,0.28260398880394816,False,0.11243963241577148,False
2027,B,44,1780361040.0,False,-1,,0,False,0.0,6.0,0.0,2.013711854594695,True,0.5238741155057308,False,2.013711854594695,True,0.2797428676547323,False,0.24345004558563232,False
2027,B,45,1780361100.0,False,-1,,0,False,0.0,9.0,0.0,-0.965840211714033,False,0.3984842656258804,False,-0.965840211714033,False,0.2818560700236856,False,0.12283697128295896,False
2027,B,46,1780361160.0,False,-1,,0,False,0.0,11.0,0.0,-1.7449450412339678,False,0.38507043140159564,False,-1.7449450412339678,False,0.28260398880394816,False,0.14699816703796387,False
2027,B,47,1780361220.0,False,-1,,0,False,0.0,13.0,0.0,-1.534559987981365,False,0.3785452182246305,False,-1.534559987981365,False,0.2831179908395116,False,0.14378519058227537,False
2027,B,48,1780361280.0,False,-1,,0,False,0.0,13.0,0.0,-0.9080941996677518,False,0.39234157335036746,False,-0.9080941996677518,False,0.2831179908395116,False,0.1479656219482422,False
2027,B,49,1780361340.0,True,3,resource_exhaustion,0,False,2.0,12.0,0.0,4.468984006654058,True,0.7175698166435666,True,4.468984006654058,True,1.0,True,999999999.9999999,True
2027,B,50,1780361400.0,True,3,resource_exhaustion,0,False,0.0,7.0,0.0,4.468984006654058,True,0.5685201593618234,False,4.468984006654058,True,0.2806604384517065,False,0.2929509162902832,False
2027,B,51,1780361460.0,True,3,resource_exhaustion,0,False,2.0,7.0,0.0,4.468984006654058,True,0.7240936065451588,True,4.468984006654058,True,1.0,True,3000000000.0,True
2027,B,52,1780361520.0,True,3,resource_exhaustion,0,False,1.0,8.0,0.0,4.468984006654058,True,0.6780123553126711,False,4.468984006654058,True,1.0,True,999999999.9999999,True
2027,B,53,1780361580.0,False,-1,,0,False,0.0,9.0,0.0,-1.2778190311721493,False,0.38854579880634665,False,-1.2778190311721493,False,0.2818560700236856,False,0.14411497116088867,False
2027,B,54,1780361640.0,False,-1,,0,False,0.0,10.0,0.0,-1.7271640932733323,False,0.379600782236749,False,-1.7271640932733323,False,0.28226841507490547,False,0.14592020511627196,False
2027,B,55,1780361700.0,False,-1,,0,False,0.0,7.0,0.0,-0.521866964786283,False,0.42117533732981294,False,-0.521866964786283,False,0.2806604384517065,False,0.10490655899047852,False
2027,B,56,1780361760.0,False,-1,,0,False,0.0,9.0,0.0,-0.9340497689455383,False,0.3975596830218052,False,-0.9340497689455383,False,0.2818560700236856,False,0.11812353134155272,False
2027,B,57,1780361820.0,False,-1,,0,False,0.0,10.0,0.0,-1.2100811214033085,False,0.3935706596614258,False,-1.2100811214033085,False,0.28226841507490547,False,0.13067378997802734,False
2027,B,58,1780361880.0,False,-1,,0,False,0.0,5.0,0.0,-1.4192245396831504,False,0.44638675658309274,False,-1.4192245396831504,False,0.27842295783718024,False,0.12637929916381835,False
2027,B,59,1780361940.0,False,-1,,0,False,0.0,7.0,0.0,-0.8736212072803387,False,0.44159668882861663,False,-0.8736212072803387,False,0.2806604384517065,False,0.10446901321411133,False
2027,B,60,1780362000.0,True,4,config_error,0,False,0.0,9.0,0.0,4.228959221434717,True,0.48324462762870185,False,4.228959221434717,True,0.9999999982344561,True,2.0,True
2027,B,61,1780362060.0,True,4,config_error,0,False,0.0,10.0,0.0,4.468982688580205,True,0.5266971069055201,False,4.468982688580205,True,0.9999996702253824,True,9.0,True
2027,B,62,1780362120.0,True,4,config_error,0,False,0.0,10.0,0.0,4.468982847623958,True,0.5475783423765552,False,4.468982847623958,True,0.9999996702253824,True,9.0,True
2027,B,63,1780362180.0,True,4,config_error,0,False,0.0,7.0,0.0,4.468816667584149,True,0.5359196299784169,False,4.468816667584149,True,0.9999998959103622,True,6.0,True
2027,B,64,1780362240.0,False,-1,,0,False,0.0,5.0,0.0,0.42989662504269965,False,0.5277872273863399,False,0.42989662504269965,False,0.27842295783718024,False,0.13146467208862306,False
2027,B,65,1780362300.0,False,-1,,0,False,0.0,7.0,0.0,-0.9959809931410923,False,0.4077033811496855,False,-0.9959809931410923,False,0.2806604384517065,False,0.1272478103637695,False
2027,B,66,1780362360.0,False,-1,,0,False,0.0,8.0,0.0,-0.8831420918078905,False,0.42400087445933105,False,-0.8831420918078905,False,0.2813364848081088,False,0.13013098239898682,False
2027,B,67,1780362420.0,False,-1,,0,False,0.0,11.0,0.0,-1.5848006478225747,False,0.38167236253465875,False,-1.5848006478225747,False,0.28260398880394816,False,0.14397454261779785,False
2027,B,68,1780362480.0,False,-1,,0,False,0.0,10.0,0.0,-1.702899331466356,False,0.3892443859685144,False,-1.702899331466356,False,0.28226841507490547,False,0.1536100625991821,False
2027,B,69,1780362540.0,False,-1,,0,False,0.0,14.0,0.0,-1.7156921202565973,False,0.38411952051992043,False,-1.7156921202565973,False,0.28331948112322897,False,0.17794461250305177,False
2027,B,70,1780362600.0,False,-1,,0,False,0.0,8.0,0.0,-0.9886188334386441,False,0.4006455342436612,False,-0.9886188334386441,False,0.2813364848081088,False,0.12917029857635498,False
2027,B,71,1780362660.0,False,-1,,0,False,0.0,11.0,0.0,0.5601042223181967,False,0.46277466035915793,False,0.5601042223181967,False,0.28260398880394816,False,0.2408537864685059,False
2027,B,72,1780362720.0,True,5,permission_denied,0,False,0.0,11.0,0.0,4.460430247766846,True,0.4810848126436081,False,4.460430247766846,True,1.0,True,4.0,True
2027,B,73,1780362780.0,True,5,permission_denied,0,False,0.0,14.0,0.0,4.425064660199861,True,0.5056957426937476,False,4.425064660199861,True,1.0,True,3.0,True
2027,B,74,1780362840.0,True,5,permission_denied,0,False,0.0,9.0,0.0,4.463492502391395,True,0.5280421891979679,False,4.463492502391395,True,1.0,True,4.0,True
2027,B,75,1780362900.0,True,5,permission_denied,0,False,0.0,18.0,0.0,4.4689124642694615,True,0.48046640373180705,False,4.4689124642694615,True,1.0,True,7.0,True
2027,B,76,1780362960.0,True,5,permission_denied,0,False,0.0,9.0,0.0,1.5480652807778852,True,0.48084568505162517,False,1.5480652807778852,True,0.2818560700236856,False,0.21275796890258789,False
2027,B,77,1780363020.0,False,-1,,0,False,0.0,9.0,0.0,-1.5455878208651042,False,0.40089557935507053,False,-1.5455878208651042,False,0.2818560700236856,False,0.16211605072021484,False
2027,B,78,1780363080.0,False,-1,,0,False,0.0,7.0,0.0,-1.386998558265116,False,0.4121115151383885,False,-1.386998558265116,False,0.2806604384517065,False,0.16721749305725095,False
2027,B,79,1780363140.0,False,-1,,0,True,0.0,51.0,0.0,0.09710794224068042,False,0.5129644917259861,False,0.09710794224068042,False,0.2852491881239543,False,0.17039060592651367,False
2027,B,80,1780363200.0,False,-1,,0,True,1.0,90.0,0.0,0.23702049383158474,False,0.7003665182007743,True,0.23702049383158474,False,0.0004347544610896053,False,0.1562135219573973,False
2027,B,81,1780363260.0,False,-1,,0,True,0.0,47.0,0.0,-0.5339804039978695,False,0.4668564135633785,False,-0.5339804039978695,False,0.28486492590388235,False,0.1642056703567504,False
2027,B,82,1780363320.0,True,6,permission_denied,0,False,0.0,5.0,0.0,3.8629340270040253,True,0.5621409508888197,False,3.8629340270040253,True,1.0,True,1.0,False
2027,B,83,1780363380.0,True,6,permission_denied,0,False,0.0,8.0,0.0,4.467940464038883,True,0.5201179688596546,False,4.467940464038883,True,1.0,True,5.0,True
2027,B,84,1780363440.0,True,6,permission_denied,0,False,0.0,12.0,0.0,4.462274638437653,True,0.5056913819961478,False,4.462274638437653,True,1.0,True,4.0,True
2027,B,85,1780363500.0,True,6,permission_denied,0,False,0.0,4.0,0.0,3.761582710763828,True,0.5593702750070456,False,3.761582710763828,True,1.0,True,1.0,False
2027,B,86,1780363560.0,True,6,permission_denied,0,False,0.0,7.0,0.0,-1.0587626446352445,False,0.42524448442042784,False,-1.0587626446352445,False,0.2806604384517065,False,0.1837759971618652,False
2027,B,87,1780363620.0,False,-1,,0,False,0.0,9.0,0.0,0.21184442090935107,False,0.46221554604776094,False,0.21184442090935107,False,0.2818560700236856,False,0.2055121421813965,False
2027,B,88,1780363680.0,False,-1,,0,False,0.0,7.0,0.0,-1.186926949232534,False,0.4142702619294408,False,-1.186926949232534,False,0.2806604384517065,False,0.1411901950836182,False
2027,B,89,1780363740.0,False,-1,,0,False,0.0,4.0,0.0,-0.33099544928281954,False,0.5233062630331453,False,-0.33099544928281954,False,0.2763559382375982,False,0.1290611505508423,False
2027,B,90,1780363800.0,False,-1,,0,False,0.0,12.0,0.0,-0.21657366149409096,False,0.4246770759754339,False,-0.21657366149409096,False,0.28288267083732616,False,0.14034106731414794,False
2027,B,91,1780363860.0,False,-1,,0,False,0.0,7.0,0.0,-0.09117691427723518,False,0.4662975230092894,False,-0.09117691427723518,False,0.2806604384517065,False,0.19491243362426755,False
2027,B,92,1780363920.0,False,-1,,0,False,0.0,11.0,0.0,-0.7296946750308653,False,0.41909252289027404,False,-0.7296946750308653,False,0.28260398880394816,False,0.11456179618835449,False
2027,B,93,1780363980.0,False,-1,,0,False,0.0,10.0,0.0,-1.3848637240216508,False,0.38566646457383835,False,-1.3848637240216508,False,0.28226841507490547,False,0.14283347129821777,False
2027,B,94,1780364040.0,False,-1,,0,False,0.0,8.0,0.0,-0.35885712046745244,False,0.47048701343834104,False,-0.35885712046745244,False,0.2813364848081088,False,0.112744140625,False
2027,B,95,1780364100.0,True,7,config_error,0,False,0.0,15.0,0.0,-1.4694874411190595,False,0.37472812952108825,False,-1.4694874411190595,False,0.28349405466720345,False,0.15029215812683103,False
2027,B,96,1780364160.0,True,7,config_error,0,False,0.0,11.0,0.0,4.468982689785529,True,0.5474493320042814,False,4.468982689785529,True,0.9999996963497828,True,9.0,True
2027,B,97,1780364220.0,True,7,config_error,0,False,0.0,6.0,0.0,4.46889697314581,True,0.5466088748501009,False,4.46889697314581,True,0.9999998795703969,True,6.0,True
2027,B,98,1780364280.0,True,7,config_error,0,False,0.0,6.0,0.0,4.463007704413721,True,0.5372612158793233,False,4.463007704413721,True,0.9999999793471468,True,4.0,True
2027,B,99,1780364340.0,False,-1,,0,False,0.0,6.0,0.0,-1.4698046695412046,False,0.4107660497961661,False,-1.4698046695412046,False,0.2797428676547323,False,0.15167641639709473,False
2027,B,100,1780364400.0,False,-1,,0,False,0.0,5.0,0.0,-1.218157350374958,False,0.43285151165819613,False,-1.218157350374958,False,0.27842295783718024,False,0.13806381225585937,False
2027,B,101,1780364460.0,False,-1,,0,False,0.0,6.0,0.0,-1.1300171760494955,False,0.41944532934577794,False,-1.1300171760494955,False,0.2797428676547323,False,0.11808013916015625,False
2027,B,102,1780364520.0,False,-1,,0,False,0.0,8.0,0.0,-1.2152295123299552,False,0.4064596975472003,False,-1.2152295123299552,False,0.2813364848081088,False,0.1524427652359009,False
2027,B,103,1780364580.0,False,-1,,0,False,0.0,12.0,0.0,-0.6430074370059904,False,0.4002049856050226,False,-0.6430074370059904,False,0.28288267083732616,False,0.11782603263854981,False
2027,B,104,1780364640.0,False,-1,,0,False,0.0,5.0,0.0,-1.405798907913562,False,0.4460811043235503,False,-1.405798907913562,False,0.27842295783718024,False,0.12461700439453124,False
2027,B,105,1780364700.0,False,-1,,0,False,0.0,7.0,0.0,-1.0131955521206262,False,0.4253749536487932,False,-1.0131955521206262,False,0.2806604384517065,False,0.18536820411682126,False
2027,B,106,1780364760.0,True,8,dependency_timeout,0,False,0.0,5.0,0.0,4.468984006654058,True,0.5742479366629111,False,4.468984006654058,True,1.0,True,19.2641339302063,True
2027,B,107,1780364820.0,True,8,dependency_timeout,0,False,1.0,8.0,0.0,4.468984006654058,True,0.6971005925369971,True,4.468984006654058,True,1.0,True,999999999.9999999,True
2027,B,108,1780364880.0,True,8,dependency_timeout,0,False,0.0,4.0,0.0,3.206162565395966,True,0.5293410754998656,False,3.206162565395966,True,0.2763559382375982,False,0.3339186191558837,False
2027,B,109,1780364940.0,False,-1,,0,False,0.0,5.0,0.0,-0.34899330450943733,False,0.46700437388312577,False,-0.34899330450943733,False,0.27842295783718024,False,0.11207027435302734,False
2027,B,110,1780365000.0,False,-1,,0,False,0.0,9.0,0.0,-1.2929029257065476,False,0.40005939942969637,False,-1.2929029257065476,False,0.2818560700236856,False,0.13424034118652345,False
2027,B,111,1780365060.0,False,-1,,0,False,0.0,15.0,0.0,-1.6954804156672472,False,0.37683363680212095,False,-1.6954804156672472,False,0.28349405466720345,False,0.15535545349121094,False
2027,B,112,1780365120.0,False,-1,,0,False,0.0,7.0,0.0,-1.4189072075211948,False,0.3999627930449003,False,-1.4189072075211948,False,0.2806604384517065,False,0.13447251319885253,False
2027,B,113,1780365180.0,False,-1,,0,False,0.0,8.0,0.0,-1.385673374162792,False,0.3976036433285384,False,-1.385673374162792,False,0.2813364848081088,False,0.1477130174636841,False
2027,B,114,1780365240.0,False,-1,,0,False,0.0,7.0,0.0,-1.4655276099164514,False,0.4009008540394218,False,-1.4655276099164514,False,0.2806604384517065,False,0.1353152275085449,False
2027,B,115,1780365300.0,False,-1,,0,False,0.0,8.0,0.0,-1.3757346987498495,False,0.40550761308799455,False,-1.3757346987498495,False,0.2813364848081088,False,0.1624929428100586,False
2027,B,116,1780365360.0,False,-1,,0,False,0.0,10.0,0.0,-1.5772367672170464,False,0.3876913897351273,False,-1.5772367672170464,False,0.28226841507490547,False,0.16229541301727296,False
2027,B,117,1780365420.0,False,-1,,0,False,0.0,7.0,0.0,-1.4238764760783411,False,0.40257875076794525,False,-1.4238764760783411,False,0.2806604384517065,False,0.12997879981994628,False
2027,B,118,1780365480.0,True,9,config_error,0,False,0.0,5.0,0.0,4.448707145584128,True,0.5650375181685027,False,4.448707145584128,True,0.9999999948052753,True,3.0,True
2027,B,119,1780365540.0,True,9,config_error,0,False,0.0,9.0,0.0,4.4689830737197305,True,0.5255379509380507,False,4.4689830737197305,True,0.9999996282907077,True,9.0,True
2027,B,120,1780365600.0,True,9,config_error,0,False,0.0,7.0,0.0,4.468817959114919,True,0.5293449649054836,False,4.468817959114919,True,0.9999998959103622,True,6.0,True
2027,B,121,1780365660.0,True,9,config_error,0,False,0.0,6.0,0.0,4.295249162160455,True,0.5117262712368716,False,4.295249162160455,True,0.9999999996082158,True,2.0,True
2027,B,122,1780365720.0,False,-1,,0,False,0.0,2.0,0.0,0.7251942711456412,False,0.6392266760807871,False,0.7251942711456412,False,0.2640831332514045,False,0.08640027046203613,False
2027,B,123,1780365780.0,False,-1,,0,False,0.0,11.0,0.0,-1.2781915142752034,False,0.385375110169016,False,-1.2781915142752034,False,0.28260398880394816,False,0.12637686729431152,False
2027,B,124,1780365840.0,False,-1,,0,False,0.0,5.0,0.0,-1.4524794657418312,False,0.4385834940666788,False,-1.4524794657418312,False,0.27842295783718024,False,0.14162082672119142,False
2027,B,125,1780365900.0,False,-1,,0,False,0.0,8.0,0.0,-0.6032510157855899,False,0.4413906926675106,False,-0.6032510157855899,False,0.2813364848081088,False,0.20709626674652098,False
2027,B,126,1780365960.0,False,-1,,0,False,0.0,9.0,0.0,-0.3180322973547227,False,0.40734797290341046,False,-0.3180322973547227,False,0.2818560700236856,False,0.10520801544189454,False
2027,B,127,1780366020.0,False,-1,,0,False,0.0,3.0,0.0,-0.5586197230424013,False,0.5539014089015383,False,-0.5586197230424013,False,0.27264782655079933,False,0.13526949882507325,False
2027,B,128,1780366080.0,True,10,dependency_timeout,0,False,0.0,4.0,0.0,4.401189365748084,True,0.5384624499347694,False,4.401189365748084,True,0.2763559382375982,False,0.6121167421340941,False
2027,B,129,1780366140.0,True,10,dependency_timeout,0,False,2.0,7.0,0.0,4.468984006654058,True,0.7056352090907412,True,4.468984006654058,True,1.0,True,1999999999.9999998,True
2027,B,130,1780366200.0,True,10,dependency_timeout,0,False,0.0,4.0,0.0,4.468984006654058,True,0.6655171546495745,False,4.468984006654058,True,1.0,True,20.0733407497406,True
2027,B,131,1780366260.0,True,10,dependency_timeout,0,False,2.0,11.0,0.0,4.468984006654058,True,0.7171470791116326,True,4.468984006654058,True,1.0,True,1999999999.9999998,True
2027,B,132,1780366320.0,True,10,dependency_timeout,0,False,0.0,4.0,0.0,4.468984006654058,True,0.639394336861193,False,4.468984006654058,True,1.0,True,20.040002584457397,True
2027,B,133,1780366380.0,False,-1,,0,False,0.0,5.0,0.0,0.27537066685739475,False,0.5015469077111611,False,0.27537066685739475,False,0.27842295783718024,False,0.14757165908813477,False
2027,B,134,1780366440.0,False,-1,,0,False,0.0,8.0,0.0,-0.6039609313715868,False,0.407393841444952,False,-0.6039609313715868,False,0.2813364848081088,False,0.1206986665725708,False
2027,B,135,1780366500.0,False,-1,,0,False,0.0,5.0,0.0,-1.0630061138927056,False,0.45812163397011424,False,-1.0630061138927056,False,0.27842295783718024,False,0.10665903091430665,False
2027,B,136,1780366560.0,False,-1,,0,False,0.0,2.0,0.0,0.27093406976052226,False,0.6301230923514394,False,0.27093406976052226,False,0.2640831332514045,False,0.16011664867401124,False
2027,B,137,1780366620.0,False,-1,,0,False,0.0,5.0,0.0,-1.1865174629000892,False,0.43984183867599325,False,-1.1865174629000892,False,0.27842295783718024,False,0.11679716110229492,False
2027,B,138,1780366680.0,False,-1,,0,False,0.0,8.0,0.0,-1.2017445510236184,False,0.4126231327127024,False,-1.2017445510236184,False,0.2813364848081088,False,0.1658656120300293,False
2027,B,139,1780366740.0,False,-1,,0,False,0.0,10.0,0.0,-1.430438233057492,False,0.3873481613802355,False,-1.430438233057492,False,0.28226841507490547,False,0.12790269851684571,False
2027,B,140,1780366800.0,False,-1,,0,False,0.0,9.0,0.0,-1.419120380066322,False,0.3963487615889979,False,-1.419120380066322,False,0.2818560700236856,False,0.16747713088989258,False
2027,B,141,1780366860.0,False,-1,,0,False,0.0,4.0,0.0,-0.8327872995831642,False,0.4921802841683713,False,-0.8327872995831642,False,0.2763559382375982,False,0.11148800849914549,False
2027,B,142,1780366920.0,False,-1,,0,False,0.0,7.0,0.0,-1.2114472801007956,False,0.41027028651356273,False,-1.2114472801007956,False,0.2806604384517065,False,0.12179975509643556,False
2027,B,143,1780366980.0,False,-1,,0,False,0.0,7.0,0.0,-1.5149221744293424,False,0.4092835612637607,False,-1.5149221744293424,False,0.2806604384517065,False,0.1363363742828369,False
2027,B,144,1780367040.0,True,11,dependency_timeout,0,False,0.0,5.0,0.0,4.347892817896256,True,0.5248369094407255,False,4.347892817896256,True,0.27842295783718024,False,0.5609979629516602,False
2027,B,145,1780367100.0,True,11,dependency_timeout,0,False,0.0,4.0,0.0,4.468984006654058,True,0.6439782637833318,False,4.468984006654058,True,1.0,True,999999999.9999999,True
2027,B,146,1780367160.0,True,11,dependency_timeout,0,False,2.0,9.0,0.0,4.468984006654058,True,0.7122640511951939,True,4.468984006654058,True,1.0,True,999999999.9999999,True
2027,B,147,1780367220.0,True,11,dependency_timeout,0,False,0.0,5.0,0.0,4.468984006654058,True,0.6140421333414166,False,4.468984006654058,True,1.0,True,20.047786521911622,True
2027,B,148,1780367280.0,False,-1,,1,False,0.0,4.0,0.0,0.20129801658774582,False,0.540825731456911,False,0.20129801658774582,False,0.2763559382375982,False,0.15095713138580322,False
2027,B,149,1780367340.0,False,-1,,1,False,0.0,8.0,0.0,-1.0617450874549048,False,0.39806917615957155,False,-1.0617450874549048,False,0.2813364848081088,False,0.12682514190673827,False
2027,B,150,1780367400.0,False,-1,,1,False,0.0,4.0,0.0,-1.3925785844880805,False,0.4703258645542423,False,-1.3925785844880805,False,0.2763559382375982,False,0.12737035751342773,False
2027,B,151,1780367460.0,False,-1,,1,False,0.0,6.0,0.0,-1.0589827934930067,False,0.42805447800521473,False,-1.0589827934930067,False,0.2797428676547323,False,0.1092599630355835,False
2027,B,152,1780367520.0,False,-1,,1,False,0.0,7.0,0.0,-0.8473261264202936,False,0.41752113730891366,False,-0.8473261264202936,False,0.2806604384517065,False,0.10883960723876954,False
2027,B,153,1780367580.0,True,12,permission_denied,1,False,0.0,5.0,0.0,3.6418738545466693,True,0.5334293624751484,False,3.6418738545466693,True,1.0,True,1.0,False
2027,B,154,1780367640.0,True,12,permission_denied,1,False,0.0,4.0,0.0,4.414179770713746,True,0.6164182234911524,False,4.414179770713746,True,1.0,True,2.0,True
2027,B,155,1780367700.0,True,12,permission_denied,1,False,0.0,8.0,0.0,4.249202934446056,True,0.5005233727909465,False,4.249202934446056,True,1.0,True,2.0,True
2027,B,156,1780367760.0,True,12,permission_denied,1,False,0.0,7.0,0.0,4.285837430596539,True,0.5091084041724613,False,4.285837430596539,True,1.0,True,2.0,True
2027,B,157,1780367820.0,False,-1,,1,False,0.0,7.0,0.0,-1.3340763897852081,False,0.4120982878507004,False,-1.3340763897852081,False,0.2806604384517065,False,0.16883559226989742,False
2027,B,158,1780367880.0,False,-1,,1,False,0.0,9.0,0.0,-1.5930013545084565,False,0.38877462980129296,False,-1.5930013545084565,False,0.2818560700236856,False,0.1552410125732422,False
2027,B,159,1780367940.0,False,-1,,1,False,0.0,2.0,0.0,-0.17327403124665786,False,0.6133669992470785,False,-0.17327403124665786,False,0.2640831332514045,False,0.0922856092453003,False
2027,B,160,1780368000.0,False,-1,,1,False,0.0,9.0,0.0,-0.5000610328762916,False,0.4374495561737051,False,-0.5000610328762916,False,0.2818560700236856,False,0.20525636672973632,False
2027,B,161,1780368060.0,False,-1,,1,False,0.0,3.0,0.0,-0.4325136907795706,False,0.5608595334652288,False,-0.4325136907795706,False,0.27264782655079933,False,0.08903169631958008,False
2027,B,162,1780368120.0,False,-1,,1,False,0.0,0.0,0.0,4.468984006654058,True,0.7217699540859296,True,4.468984006654058,True,6.792292060614408e-06,False,0.0,False
2027,B,163,1780368180.0,False,-1,,1,False,0.0,5.0,0.0,-0.7499447032818827,False,0.44774270522275184,False,-0.7499447032818827,False,0.27842295783718024,False,0.13612861633300782,False
2027,B,164,1780368240.0,False,-1,,1,False,0.0,8.0,0.0,-1.6308014191475397,False,0.3970249041885424,False,-1.6308014191475397,False,0.2813364848081088,False,0.1375568866729736,False
2027,B,165,1780368300.0,True,13,config_error,1,False,0.0,6.0,0.0,4.4684660047381595,True,0.563498784851989,False,4.4684660047381595,True,0.9999999442735323,True,5.0,True
2027,B,166,1780368360.0,True,13,config_error,1,False,0.0,6.0,0.0,4.46889709705998,True,0.5528476799731982,False,4.46889709705998,True,0.9999998795703969,True,6.0,True
2027,B,167,1780368420.0,True,13,config_error,1,False,0.0,9.0,0.0,4.468956012023149,True,0.5427543746680236,False,4.468956012023149,True,0.9999998476163453,True,7.0,True
2027,B,168,1780368480.0,False,-1,,1,False,0.0,7.0,0.0,-1.4181767360648188,False,0.39867947038742474,False,-1.4181767360648188,False,0.2806604384517065,False,0.13577628135681155,False
2027,B,169,1780368540.0,False,-1,,1,False,0.0,4.0,0.0,-0.06272179551992796,False,0.5049222207033308,False,-0.06272179551992796,False,0.2763559382375982,False,0.1355196714401245,False
2027,B,170,1780368600.0,False,-1,,1,False,0.0,6.0,0.0,-1.5214561392049477,False,0.41599702755218143,False,-1.5214561392049477,False,0.2797428676547323,False,0.1572748422622681,False
2027,B,171,1780368660.0,False,-1,,1,False,0.0,8.0,0.0,-0.7784059598153599,False,0.41329703025418174,False,-0.7784059598153599,False,0.2813364848081088,False,0.14405081272125245,False
2027,B,172,1780368720.0,False,-1,,1,False,0.0,4.0,0.0,0.16612787606310775,False,0.5353606283810136,False,0.16612787606310775,False,0.2763559382375982,False,0.13883028030395506,False
2027,B,173,1780368780.0,False,-1,,1,False,0.0,9.0,0.0,0.2813634401287155,False,0.6053696804693468,False,0.2813634401287155,False,4.087868413497179e-05,False,1.0,False
2027,B,174,1780368840.0,False,-1,,1,False,0.0,3.0,0.0,-0.6553199393728519,False,0.5601456670966455,False,-0.6553199393728519,False,0.27264782655079933,False,0.0977339267730713,False
2027,B,175,1780368900.0,False,-1,,1,False,0.0,3.0,0.0,-0.4156548907536912,False,0.5417865620164695,False,-0.4156548907536912,False,0.27264782655079933,False,0.14736313819885255,False
2027,B,176,1780368960.0,False,-1,,1,False,0.0,5.0,0.0,-0.049547293306487106,False,0.4744563105087452,False,-0.049547293306487106,False,0.27842295783718024,False,0.18244028091430664,False
2027,B,177,1780369020.0,False,-1,,1,False,0.0,5.0,0.0,-1.2727411908785076,False,0.4370916917319126,False,-1.2727411908785076,False,0.27842295783718024,False,0.1597888946533203,False
2027,B,178,1780369080.0,False,-1,,1,False,0.0,4.0,0.0,-1.1719189596151782,False,0.47478960653159197,False,-1.1719189596151782,False,0.2763559382375982,False,0.12912003993988036,False
2027,B,179,1780369140.0,True,14,resource_exhaustion,1,False,1.0,6.0,0.0,4.468984006654058,True,0.7109416713093526,True,4.468984006654058,True,1.0,True,999999999.9999999,True
2027,B,180,1780369200.0,True,14,resource_exhaustion,1,False,1.0,6.0,0.0,4.468984006654058,True,0.7109416713093526,True,4.468984006654058,True,1.0,True,999999999.9999999,True
2027,B,181,1780369260.0,True,14,resource_exhaustion,1,False,0.0,3.0,0.0,1.614201913446446,True,0.5946557392327256,False,1.614201913446446,True,0.27264782655079933,False,0.18610749244689942,False
2027,B,182,1780369320.0,False,-1,,1,False,0.0,4.0,0.0,-0.9636690945397142,False,0.4992322598554809,False,-0.9636690945397142,False,0.2763559382375982,False,0.11326785087585448,False
2027,B,183,1780369380.0,False,-1,,1,False,0.0,9.0,0.0,-1.2627692620764792,False,0.3892911693060116,False,-1.2627692620764792,False,0.2818560700236856,False,0.14487876892089843,False
2027,B,184,1780369440.0,False,-1,,1,False,0.0,8.0,0.0,-1.5880519314304093,False,0.3955901826129851,False,-1.5880519314304093,False,0.2813364848081088,False,0.15004043579101561,False
2027,B,185,1780369500.0,False,-1,,1,False,0.0,4.0,0.0,1.037498752644936,False,0.5448335254612369,False,1.037498752644936,False,0.2763559382375982,False,0.11827270984649658,False
2027,B,186,1780369560.0,False,-1,,1,False,0.0,2.0,0.0,0.663020140655151,False,0.6131548872327839,False,0.663020140655151,False,0.2640831332514045,False,0.13694405555725098,False
2027,B,187,1780369620.0,False,-1,,1,False,0.0,6.0,0.0,-1.3257203964883928,False,0.4229794731818344,False,-1.3257203964883928,False,0.2797428676547323,False,0.16507411003112793,False
2027,B,188,1780369680.0,False,-1,,1,False,0.0,8.0,0.0,-1.6591306423770344,False,0.39539590974833955,False,-1.6591306423770344,False,0.2813364848081088,False,0.14741106033325194,False
2027,B,189,1780369740.0,False,-1,,1,False,0.0,4.0,0.0,-1.2102748312544742,False,0.47740570812497635,False,-1.2102748312544742,False,0.2763559382375982,False,0.11628885269165037,False
2027,B,190,1780369800.0,False,-1,,1,False,0.0,3.0,0.0,0.05057594180162095,False,0.5516356756634851,False,0.05057594180162095,False,0.27264782655079933,False,0.1362618923187256,False
2027,B,191,1780369860.0,False,-1,,1,False,0.0,4.0,0.0,-0.7123384393071008,False,0.5089575937360689,False,-0.7123384393071008,False,0.2763559382375982,False,0.11563260555267332,False
2027,B,192,1780369920.0,True,15,permission_denied,1,False,0.0,3.0,0.0,-0.861319044923067,False,0.5311250399538492,False,-0.861319044923067,False,0.27264782655079933,False,0.13115553855895995,False
2027,B,193,1780369980.0,True,15,permission_denied,1,False,0.0,6.0,0.0,4.273648189179022,True,0.5007354263380491,False,4.273648189179022,True,1.0,True,2.0,True
2027,B,194,1780370040.0,True,15,permission_denied,1,False,0.0,4.0,0.0,4.45354583940146,True,0.6019892333552532,False,4.45354583940146,True,1.0,True,3.0,True
2027,B,195,1780370100.0,True,15,permission_denied,1,False,0.0,5.0,0.0,3.75731225388026,True,0.5461329259133361,False,3.75731225388026,True,1.0,True,1.0,False
2027,B,196,1780370160.0,False,-1,,1,False,0.0,5.0,0.0,-1.0071674340776875,False,0.48303723186856695,False,-1.0071674340776875,False,0.27842295783718024,False,0.10980300903320313,False
2027,B,197,1780370220.0,False,-1,,1,False,0.0,1.0,0.0,2.7611110127525373,True,0.6904299096724976,True,2.7611110127525373,True,0.22627252724241165,False,0.06484508514404297,False
2027,B,198,1780370280.0,False,-1,,1,False,0.0,1.0,0.0,0.5896323890308834,False,0.6575804777120129,False,0.5896323890308834,False,0.22627252724241165,False,0.08943557739257812,False
2027,B,199,1780370340.0,False,-1,,1,False,0.0,2.0,0.0,1.9394329875607301,True,0.6531105158643356,False,1.9394329875607301,True,0.2640831332514045,False,0.07206363677978515,False
2027,B,200,1780370400.0,False,-1,,1,False,0.0,3.0,0.0,-1.1109351742766114,False,0.5263897619538608,False,-1.1109351742766114,False,0.27264782655079933,False,0.12918462753295898,False
2027,B,201,1780370460.0,False,-1,,1,False,0.0,5.0,0.0,-1.2887754368341096,False,0.43159373791886935,False,-1.2887754368341096,False,0.27842295783718024,False,0.14132061004638674,False
2027,B,202,1780370520.0,False,-1,,1,False,0.0,8.0,0.0,-1.3627225638402294,False,0.41350147410421306,False,-1.3627225638402294,False,0.2813364848081088,False,0.18228590488433838,False
2027,B,203,1780370580.0,False,-1,,1,False,0.0,7.0,0.0,-1.0157662926881086,False,0.4154116314854778,False,-1.0157662926881086,False,0.2806604384517065,False,0.12618160247802732,False
2027,B,204,1780370640.0,True,16,dependency_timeout,1,False,0.0,7.0,0.0,4.468984006654058,True,0.5803464160202416,False,4.468984006654058,True,1.0,True,18.861537647247307,True
2027,B,205,1780370700.0,True,16,dependency_timeout,1,False,0.0,3.0,0.0,4.468984006654058,True,0.654608680280861,False,4.468984006654058,True,1.0,True,19.666255712509155,True
2027,B,206,1780370760.0,True,16,dependency_timeout,1,False,0.0,5.0,0.0,4.468984006654008,True,0.5356434417574322,False,4.468984006654008,True,0.28312657023077203,False,19.080157876014713,True
2027,B,207,1780370820.0,True,16,dependency_timeout,1,False,0.0,3.0,0.0,4.468984006654058,True,0.6555378091775838,False,4.468984006654058,True,1.0,True,0.6529323339462281,False
2027,B,208,1780370880.0,False,-1,,1,False,0.0,8.0,0.0,-1.0301575211183076,False,0.40376355939888403,False,-1.0301575211183076,False,0.2813364848081088,False,0.13398454189300538,False
2027,B,209,1780370940.0,False,-1,,1,False,0.0,7.0,0.0,-0.8516209195103102,False,0.41895496934454,False,-0.8516209195103102,False,0.2806604384517065,False,0.138946008682251,False
2027,B,210,1780371000.0,False,-1,,1,False,0.0,3.0,0.0,-0.5209583592883646,False,0.5509805096083462,False,-0.5209583592883646,False,0.27264782655079933,False,0.13651571273803711,False
2027,B,211,1780371060.0,False,-1,,1,False,0.0,8.0,0.0,-1.544862799707344,False,0.39602715286229057,False,-1.544862799707344,False,0.2813364848081088,False,0.1470919132232666,False
2027,B,212,1780371120.0,False,-1,,1,False,0.0,8.0,0.0,-0.3682310152396884,False,0.4498897828651909,False,-0.3682310152396884,False,0.2813364848081088,False,0.18797414302825924,False
2027,B,213,1780371180.0,False,-1,,1,False,0.0,5.0,0.0,-0.6319932580136642,False,0.4500185593395922,False,-0.6319932580136642,False,0.27842295783718024,False,0.12791204452514646,False
2027,B,214,1780371240.0,False,-1,,1,False,0.0,6.0,0.0,-1.1558062604161972,False,0.4263091324145696,False,-1.1558062604161972,False,0.2797428676547323,False,0.1517848968505859,False
2027,B,215,1780371300.0,False,-1,,1,False,0.0,4.0,0.0,-0.8228860754987375,False,0.48512834942612226,False,-0.8228860754987375,False,0.2763559382375982,False,0.11651818752288819,False
2027,B,216,1780371360.0,True,17,config_error,1,False,0.0,6.0,0.0,4.433414443815065,True,0.5236733432142108,False,4.433414443815065,True,0.9999999951062286,True,3.0,True
2027,B,217,1780371420.0,True,17,config_error,1,False,0.0,9.0,0.0,4.468983062114194,True,0.5242300055247042,False,4.468983062114194,True,0.9999996282907077,True,9.0,True
2027,B,218,1780371480.0,True,17,config_error,1,False,0.0,2.0,0.0,4.428656239099065,True,0.6515346157201513,False,4.428656239099065,True,0.9999999994521735,True,2.0,True
2027,B,219,1780371540.0,True,17,config_error,1,False,0.0,6.0,0.0,4.442659185204092,True,0.5411554521902681,False,4.442659185204092,True,0.9999999951062286,True,3.0,True
2027,B,220,1780371600.0,False,-1,,1,False,0.0,3.0,0.0,-0.3467553678527313,False,0.566450832838359,False,-0.3467553678527313,False,0.27264782655079933,False,0.12440953254699705,False
2027,B,221,1780371660.0,False,-1,,1,False,0.0,5.0,0.0,0.36985516029875676,False,0.5001200639059054,False,0.36985516029875676,False,0.27842295783718024,False,0.16370658874511718,False
2027,B,222,1780371720.0,False,-1,,1,False,0.0,4.0,0.0,-0.8290460861963558,False,0.49648556135196414,False,-0.8290460861963558,False,0.2763559382375982,False,0.1299980640411377,False
2027,B,223,1780371780.0,False,-1,,1,False,0.0,4.0,0.0,-0.7824039502004556,False,0.4807949099631943,False,-0.7824039502004556,False,0.2763559382375982,False,0.12547047138214112,False
2027,B,224,1780371840.0,False,-1,,1,False,0.0,3.0,0.0,4.3240481279046685,True,0.6230942894831378,False,4.3240481279046685,True,0.27264782655079933,False,0.0875424861907959,False
2027,B,225,1780371900.0,False,-1,,1,False,0.0,8.0,0.0,-1.4028640921553617,False,0.39440769093605793,False,-1.4028640921553617,False,0.2813364848081088,False,0.13496057987213134,False
2027,B,226,1780371960.0,False,-1,,1,False,0.0,6.0,0.0,-1.5689854571683348,False,0.40824325071480166,False,-1.5689854571683348,False,0.2797428676547323,False,0.14642596244812012,False
2027,B,227,1780372020.0,False,-1,,1,False,0.0,6.0,0.0,-1.0605805790683407,False,0.4508816341145368,False,-1.0605805790683407,False,0.2797428676547323,False,0.10844695568084717,False
2027,B,228,1780372080.0,True,18,dependency_timeout,1,True,2.0,14.0,0.0,4.394631842538935,True,0.6432700209587661,False,4.394631842538935,True,3.373286747134258e-08,False,20.043631076812744,True
2027,B,229,1780372140.0,True,18,dependency_timeout,1,True,4.0,53.0,0.0,4.468984006654058,True,0.7164400686223872,True,4.468984006654058,True,1.0,True,3000000000.0,True
2027,B,230,1780372200.0,True,18,dependency_timeout,1,True,1.0,45.0,0.0,4.468984006654058,True,0.6989027597953857,True,4.468984006654058,True,1.0,True,3000000000.0,True
2027,B,231,1780372260.0,True,18,dependency_timeout,1,False,0.0,7.0,0.0,4.468984006654058,True,0.5540673032607342,False,4.468984006654058,True,1.0,True,19.077720403671268,True
2027,B,232,1780372320.0,False,-1,,1,False,0.0,7.0,0.0,-0.34158081688987973,False,0.4608644376166783,False,-0.34158081688987973,False,0.2806604384517065,False,0.1745002269744873,False
2027,B,233,1780372380.0,False,-1,,1,False,0.0,0.0,0.0,4.468984006654058,True,0.7217699540859296,True,4.468984006654058,True,6.792292060614408e-06,False,0.0,False
2027,B,234,1780372440.0,False,-1,,1,False,0.0,4.0,0.0,-1.2480135717421597,False,0.472788317590783,False,-1.2480135717421597,False,0.2763559382375982,False,0.1351222038269043,False
2027,B,235,1780372500.0,False,-1,,1,False,0.0,9.0,0.0,-1.027664894541278,False,0.3953189292461249,False,-1.027664894541278,False,0.2818560700236856,False,0.12172336578369142,False
2027,B,236,1780372560.0,False,-1,,1,False,0.0,1.0,0.0,0.6160133998991908,False,0.6722596292146865,False,0.6160133998991908,False,0.22627252724241165,False,0.08573532104492188,False
2027,B,237,1780372620.0,False,-1,,1,False,0.0,6.0,0.0,-1.5427571132367692,False,0.41121904426997785,False,-1.5427571132367692,False,0.2797428676547323,False,0.12659454345703125,False
2027,B,238,1780372680.0,False,-1,,1,False,0.0,6.0,0.0,-0.3709556044063431,False,0.4722999294532982,False,-0.3709556044063431,False,0.2797428676547323,False,0.17430830001831055,False
2027,B,239,1780372740.0,False,-1,,1,False,0.0,8.0,0.0,-1.1872783537428084,False,0.3986596028427554,False,-1.1872783537428084,False,0.2813364848081088,False,0.1444390296936035,False
2027,B,240,1780372800.0,False,-1,,1,False,0.0,8.0,0.0,0.074348641544292,False,0.45689260841543633,False,0.074348641544292,False,0.2813364848081088,False,0.22954189777374265,False
2027,B,241,1780372860.0,True,19,permission_denied,1,False,0.0,4.0,0.0,4.446843029344245,True,0.5617631751399607,False,4.446843029344245,True,1.0,True,3.0,True
2027,B,242,1780372920.0,True,19,permission_denied,1,False,0.0,10.0,0.0,4.467791866485041,True,0.510765877784109,False,4.467791866485041,True,1.0,True,5.0,True
2027,B,243,1780372980.0,True,19,permission_denied,1,False,0.0,8.0,0.0,4.259229102080364,True,0.4959378404012035,False,4.259229102080364,True,1.0,True,2.0,True
2027,B,244,1780373040.0,True,19,permission_denied,1,False,0.0,6.0,0.0,3.4270238447700914,True,0.4947024128943189,False,3.4270238447700914,True,1.0,True,1.0,False
2027,B,245,1780373100.0,False,-1,,1,False,0.0,5.0,0.0,-0.7421526347146274,False,0.4829023840049618,False,-0.7421526347146274,False,0.27842295783718024,False,0.09724769592285158,False
2027,B,246,1780373160.0,False,-1,,1,False,0.0,4.0,0.0,-0.4009939033241219,False,0.5010426468342105,False,-0.4009939033241219,False,0.2763559382375982,False,0.09492983818054201,False
2027,B,247,1780373220.0,False,-1,,1,False,0.0,5.0,0.0,-1.251194208405125,False,0.4464855259625426,False,-1.251194208405125,False,0.27842295783718024,False,0.15350713729858398,False
2027,B,248,1780373280.0,False,-1,,1,False,0.0,1.0,0.0,1.8927554559011082,True,0.6851044624199532,False,1.8927554559011082,True,0.22627252724241165,False,0.09410858154296876,False
2027,B,249,1780373340.0,False,-1,,1,False,0.0,3.0,0.0,-0.5572093976574859,False,0.5416975841347015,False,-0.5572093976574859,False,0.27264782655079933,False,0.09774236679077149,False
2027,B,250,1780373400.0,True,20,config_error,1,False,0.0,8.0,0.0,-1.286358280385314,False,0.4139105225554031,False,-1.286358280385314,False,0.2813364848081088,False,0.18431491851806636,False
2027,B,251,1780373460.0,True,20,config_error,1,False,0.0,9.0,0.0,4.468983322953948,True,0.5468876461125924,False,4.468983322953948,True,0.9999996282907077,True,9.0,True
2027,B,252,1780373520.0,True,20,config_error,1,False,0.0,6.0,0.0,4.468402085396062,True,0.6090232094899579,False,4.468402085396062,True,0.9999999793471468,True,4.0,True
2027,B,253,1780373580.0,False,-1,,1,False,0.0,7.0,0.0,0.4452215878602841,False,0.5006665420613684,False,0.4452215878602841,False,0.2806604384517065,False,0.12071619033813474,False
2027,B,254,1780373640.0,False,-1,,1,False,0.0,5.0,0.0,-1.5373605541648532,False,0.43294474358616547,False,-1.5373605541648532,False,0.27842295783718024,False,0.1349353790283203,False
2027,B,255,1780373700.0,False,-1,,1,False,0.0,5.0,0.0,-1.4870739721843238,False,0.42895512162752686,False,-1.4870739721843238,False,0.27842295783718024,False,0.14627370834350586,False
2027,B,256,1780373760.0,False,-1,,1,False,0.0,4.0,0.0,-1.3856122516485918,False,0.4709129258307933,False,-1.3856122516485918,False,0.2763559382375982,False,0.13526661396026612,False
2027,B,257,1780373820.0,False,-1,,1,False,0.0,1.0,0.0,1.4502805594547254,True,0.6836055395470533,False,1.4502805594547254,True,0.22627252724241165,False,0.07593870162963867,False
2027,B,258,1780373880.0,False,-1,,1,False,0.0,7.0,0.0,-1.2846694909252037,False,0.4021364804087823,False,-1.2846694909252037,False,0.2806604384517065,False,0.12913246154785157,False
2027,B,259,1780373940.0,False,-1,,1,False,0.0,2.0,0.0,-0.6381244604605092,False,0.6142742673057525,False,-0.6381244604605092,False,0.2640831332514045,False,0.1269256830215454,False
2027,B,260,1780374000.0,False,-1,,1,False,0.0,5.0,0.0,-1.4974460808539725,False,0.43409961637413647,False,-1.4974460808539725,False,0.27842295783718024,False,0.12475032806396484,False
2027,B,261,1780374060.0,False,-1,,1,False,0.0,3.0,0.0,0.17699226463609463,False,0.5816770882741694,False,0.17699226463609463,False,0.27264782655079933,False,0.15229558944702146,False
2027,B,262,1780374120.0,False,-1,,1,False,0.0,4.0,0.0,-1.0701911413420744,False,0.501518823722994,False,-1.0701911413420744,False,0.2763559382375982,False,0.11259474754333494,False
2027,B,263,1780374180.0,True,21,resource_exhaustion,1,False,0.0,8.0,0.0,4.468984006654058,True,0.5801191619772484,False,4.468984006654058,True,1.0,True,999999999.9999999,True
2027,B,264,1780374240.0,True,21,resource_exhaustion,1,False,1.0,4.0,0.0,4.468984006654058,True,0.7433011373925688,True,4.468984006654058,True,1.8352553784070787e-08,False,1.0,False
2027,B,265,1780374300.0,True,21,resource_exhaustion,1,False,0.0,3.0,0.0,4.468984006654058,True,0.6852654998704695,False,4.468984006654058,True,1.0,True,999999999.9999999,True
2027,B,266,1780374360.0,True,21,resource_exhaustion,1,False,1.0,5.0,0.0,4.468984006654058,True,0.7181221586195029,True,4.468984006654058,True,1.0,True,999999999.9999999,True
2027,B,267,1780374420.0,True,21,resource_exhaustion,1,False,2.0,7.0,0.0,4.468984006654058,True,0.6978864497436233,True,4.468984006654058,True,1.0,True,999999999.9999999,True
2027,B,268,1780374480.0,False,-1,,1,False,0.0,3.0,0.0,-1.0690560450427578,False,0.5307584675749298,False,-1.0690560450427578,False,0.27264782655079933,False,0.11490468978881838,False
2027,B,269,1780374540.0,False,-1,,1,False,0.0,5.0,0.0,-0.2626494543622888,False,0.45848556275751806,False,-0.2626494543622888,False,0.27842295783718024,False,0.13030366897583007,False
2027,B,270,1780374600.0,False,-1,,1,False,0.0,11.0,0.0,-0.5280481919400843,False,0.428289046132141,False,-0.5280481919400843,False,0.28260398880394816,False,0.21015810966491702,False
2027,B,271,1780374660.0,False,-1,,1,False,0.0,6.0,0.0,-1.3103328318221417,False,0.42083227217840374,False,-1.3103328318221417,False,0.2797428676547323,False,0.16821026802062988,False
2027,B,272,1780374720.0,False,-1,,1,False,0.0,6.0,0.0,-0.7717850885463413,False,0.45407971841274103,False,-0.7717850885463413,False,0.2797428676547323,False,0.10064625740051271,False
2027,B,273,1780374780.0,False,-1,,1,False,0.0,4.0,0.0,-0.8693128338247442,False,0.4849091914225901,False,-0.8693128338247442,False,0.2763559382375982,False,0.11084277629852295,False
2027,B,274,1780374840.0,True,22,resource_exhaustion,1,False,0.0,7.0,0.0,4.46898400665405,True,0.502903728743388,False,4.46898400665405,True,0.2806604384517065,False,0.1737217426300049,False
2027,B,275,1780374900.0,True,22,resource_exhaustion,1,False,0.0,7.0,0.0,4.468984006654058,True,0.5618507447949104,False,4.468984006654058,True,0.2806604384517065,False,0.24196152687072753,False
2027,B,276,1780374960.0,True,22,resource_exhaustion,1,False,0.0,8.0,0.0,4.468984006654058,True,0.5626978053913787,False,4.468984006654058,True,0.2813364848081088,False,0.22923021316528325,False
2027,B,277,1780375020.0,True,22,resource_exhaustion,1,False,0.0,4.0,0.0,4.468984006654058,True,0.6084185961810326,False,4.468984006654058,True,0.2763559382375982,False,0.27710115909576416,False
2027,B,278,1780375080.0,False,-1,,1,False,0.0,1.0,0.0,-0.15471769120516576,False,0.664087749718987,False,-0.15471769120516576,False,0.22627252724241165,False,0.10548830032348633,False
2027,B,279,1780375140.0,False,-1,,1,False,0.0,6.0,0.0,-0.8952608019340147,False,0.4588092843122089,False,-0.8952608019340147,False,0.2797428676547323,False,0.1311664581298828,False
2027,B,280,1780375200.0,False,-1,,1,False,0.0,3.0,0.0,-0.6352883433977619,False,0.5597938154640462,False,-0.6352883433977619,False,0.27264782655079933,False,0.13133959770202636,False
2027,B,281,1780375260.0,False,-1,,1,False,0.0,2.0,0.0,-0.6972870054772962,False,0.5940598103375127,False,-0.6972870054772962,False,0.2640831332514045,False,0.12378315925598145,False
2027,B,282,1780375320.0,False,-1,,1,False,0.0,2.0,0.0,-0.5332019296195476,False,0.5987535059750482,False,-0.5332019296195476,False,0.2640831332514045,False,0.10291316509246826,False
2027,B,283,1780375380.0,False,-1,,1,False,0.0,5.0,0.0,-1.1967146149280579,False,0.4610714674431453,False,-1.1967146149280579,False,0.27842295783718024,False,0.14662208557128906,False
2027,B,284,1780375440.0,False,-1,,1,False,0.0,9.0,0.0,-1.5506029986553242,False,0.40581381152089785,False,-1.5506029986553242,False,0.2818560700236856,False,0.16412439346313476,False
2027,B,285,1780375500.0,False,-1,,1,False,0.0,4.0,0.0,2.814356118461719,True,0.5708043395750734,False,2.814356118461719,True,0.2763559382375982,False,0.08173072338104248,False
2027,B,286,1780375560.0,False,-1,,1,False,0.0,6.0,0.0,-0.9621044735440796,False,0.42030517967025427,False,-0.9621044735440796,False,0.2797428676547323,False,0.140559196472168,False
2027,B,287,1780375620.0,True,23,dependency_timeout,1,False,1.0,8.0,0.0,4.468984006654058,True,0.69610442170632,True,4.468984006654058,True,1.0,True,20.055484962463378,True
2027,B,288,1780375680.0,True,23,dependency_timeout,1,False,0.0,5.0,0.0,4.468984006654058,True,0.6161339583701866,False,4.468984006654058,True,1.0,True,20.051269531250004,True
2027,B,289,1780375740.0,True,23,dependency_timeout,1,False,0.0,3.0,0.0,4.198211423588658,True,0.5893103699256651,False,4.198211423588658,True,0.27264782655079933,False,0.44807000160217286,False
2027,B,290,1780375800.0,False,-1,,2,False,0.0,8.0,0.0,-0.7261660128809106,False,0.436849036235643,False,-0.7261660128809106,False,0.2813364848081088,False,0.15946044921875,False
2027,B,291,1780375860.0,False,-1,,2,False,0.0,6.0,0.0,-0.8842292567120289,False,0.46470057887419597,False,-0.8842292567120289,False,0.2797428676547323,False,0.11193108558654784,False
2027,B,292,1780375920.0,False,-1,,2,False,0.0,7.0,0.0,-1.4851667104801782,False,0.4159558144833984,False,-1.4851667104801782,False,0.2806604384517065,False,0.16353120803833004,False
2027,B,293,1780375980.0,False,-1,,2,False,0.0,8.0,0.0,0.2307776871330267,False,0.4472786815843954,False,0.2307776871330267,False,0.2813364848081088,False,0.1305710792541504,False
2027,B,294,1780376040.0,False,-1,,2,False,0.0,9.0,0.0,-1.6202930455015334,False,0.3888607306799992,False,-1.6202930455015334,False,0.2818560700236856,False,0.15719528198242189,False
2027,B,295,1780376100.0,False,-1,,2,False,0.0,2.0,0.0,1.0227454796778024,False,0.6613243064686468,False,1.0227454796778024,False,0.2640831332514045,False,0.09592406749725342,False
2027,B,296,1780376160.0,True,24,permission_denied,2,False,0.0,3.0,0.0,3.7717836664256277,True,0.6100957706557975,False,3.7717836664256277,True,1.0,True,1.0,False
2027,B,297,1780376220.0,True,24,permission_denied,2,False,0.0,4.0,0.0,3.732003246861684,True,0.5622003326286078,False,3.732003246861684,True,1.0,True,1.0,False
2027,B,298,1780376280.0,True,24,permission_denied,2,True,0.0,9.0,0.0,4.43162207385809,True,0.5038997707185079,False,4.43162207385809,True,1.0,True,3.0,True
2027,B,299,1780376340.0,True,24,permission_denied,2,True,0.0,65.0,0.0,4.468984006653935,True,0.5988295177836523,False,4.468984006653935,True,1.0,True,27.0,True
2027,B,300,1780376400.0,True,24,permission_denied,2,True,0.0,57.0,0.0,4.4689840064095,True,0.5764618294350358,False,4.4689840064095,True,1.0,True,18.0,True
2027,B,301,1780376460.0,False,-1,,2,False,0.0,6.0,0.0,-1.0908651713804565,False,0.44823082164208455,False,-1.0908651713804565,False,0.2797428676547323,False,0.1080026626586914,False
2027,B,302,1780376520.0,False,-1,,2,False,0.0,7.0,0.0,-0.8846741256555557,False,0.43325348459660323,False,-0.8846741256555557,False,0.2806604384517065,False,0.19867501258850095,False
2027,B,303,1780376580.0,False,-1,,2,False,0.0,6.0,0.0,-0.13532038162663884,False,0.4472469015449391,False,-0.13532038162663884,False,0.2797428676547323,False,0.1260606050491333,False
2027,B,304,1780376640.0,False,-1,,2,False,0.0,4.0,0.0,0.38780744178355064,False,0.5304977018027528,False,0.38780744178355064,False,0.2763559382375982,False,0.16348700523376464,False
2027,B,305,1780376700.0,False,-1,,2,False,0.0,12.0,0.0,-1.6059598547171277,False,0.3805518914414619,False,-1.6059598547171277,False,0.28288267083732616,False,0.14036102294921876,False
2027,B,306,1780376760.0,True,25,config_error,2,False,0.0,5.0,0.0,3.5658522064950966,True,0.5225764420824299,False,3.5658522064950966,True,0.9999999999995044,True,1.0,False
2027,B,307,1780376820.0,True,25,config_error,2,False,0.0,7.0,0.0,4.46885920664134,True,0.5441285012423779,False,4.46885920664134,True,0.9999998959103622,True,6.0,True
2027,B,308,1780376880.0,True,25,config_error,2,False,0.0,5.0,0.0,4.451201481045956,True,0.5681082732605752,False,4.451201481045956,True,0.9999999948052753,True,3.0,True
2027,B,309,1780376940.0,True,25,config_error,2,False,0.0,8.0,0.0,4.468954701583937,True,0.5294248353509985,False,4.468954701583937,True,0.9999998329738288,True,7.0,True
2027,B,310,1780377000.0,True,25,config_error,2,False,0.0,7.0,0.0,4.260848043607778,True,0.5102306025736577,False,4.260848043607778,True,0.9999999996005617,True,2.0,True
2027,B,311,1780377060.0,False,-1,,2,False,0.0,9.0,0.0,-1.5878830113565856,False,0.38678523635940515,False,-1.5878830113565856,False,0.2818560700236856,False,0.13804950714111328,False
2027,B,312,1780377120.0,False,-1,,2,False,0.0,7.0,0.0,-1.378232947797625,False,0.40872752894549413,False,-1.378232947797625,False,0.2806604384517065,False,0.14968972206115722,False
2027,B,313,1780377180.0,False,-1,,2,False,0.0,3.0,0.0,-0.8159934540957616,False,0.5457909934756587,False,-0.8159934540957616,False,0.27264782655079933,False,0.10120129585266115,False
2027,B,314,1780377240.0,False,-1,,2,False,0.0,1.0,0.0,0.2218978186645879,False,0.6752351173032047,False,0.2218978186645879,False,0.22627252724241165,False,0.09946346282958984,False
2027,B,315,1780377300.0,False,-1,,2,False,0.0,6.0,0.0,-0.5980216586482348,False,0.4663390246240015,False,-0.5980216586482348,False,0.2797428676547323,False,0.09832978248596191,False
2027,B,316,1780377360.0,False,-1,,2,False,0.0,5.0,0.0,-1.5472744821703337,False,0.4292480405498415,False,-1.5472744821703337,False,0.27842295783718024,False,0.13440427780151368,False
2027,B,317,1780377420.0,False,-1,,2,False,0.0,4.0,0.0,-0.9720767466404734,False,0.47874740275878125,False,-0.9720767466404734,False,0.2763559382375982,False,0.12530760765075682,False
2027,B,318,1780377480.0,False,-1,,2,False,0.0,8.0,0.0,-1.6246146766501335,False,0.39177888824810597,False,-1.6246146766501335,False,0.2813364848081088,False,0.13902766704559327,False
2027,B,319,1780377540.0,True,26,resource_exhaustion,2,False,0.0,5.0,0.0,4.468984006654058,True,0.5763388000773813,False,4.468984006654058,True,0.27842295783718024,False,0.21956415176391603,False
2027,B,320,1780377600.0,True,26,resource_exhaustion,2,False,0.0,4.0,0.0,4.468984006654058,True,0.6127384665806055,False,4.468984006654058,True,0.2763559382375982,False,0.337429141998291,False
2027,B,321,1780377660.0,True,26,resource_exhaustion,2,False,1.0,6.0,0.0,4.468984006654058,True,0.7209719400903223,True,4.468984006654058,True,1.0,True,1999999999.9999998,True
2027,B,322,1780377720.0,False,-1,,2,False,1.0,2.0,0.0,3.1260668697550464,True,0.7005648035241212,True,3.1260668697550464,True,3.4702532766644655e-09,False,0.10124797821044922,False
2027,B,323,1780377780.0,False,-1,,2,False,0.0,8.0,0.0,-1.5750558838608804,False,0.3933018743520026,False,-1.5750558838608804,False,0.2813364848081088,False,0.14078383445739745,False
2027,B,324,1780377840.0,False,-1,,2,False,0.0,14.0,0.0,-1.7706408943122467,False,0.3820866484860993,False,-1.7706408943122467,False,0.28331948112322897,False,0.15969822406768797,False
2027,B,325,1780377900.0,False,-1,,2,False,0.0,9.0,0.0,-0.8059251573251212,False,0.41253026621938116,False,-0.8059251573251212,False,0.2818560700236856,False,0.12575788497924806,False
2027,B,326,1780377960.0,False,-1,,2,False,0.0,4.0,0.0,-0.6854812937811516,False,0.4927339626920938,False,-0.6854812937811516,False,0.2763559382375982,False,0.1111363410949707,False
2027,B,327,1780378020.0,False,-1,,2,False,0.0,10.0,0.0,-1.1221028943057716,False,0.38872172731996096,False,-1.1221028943057716,False,0.28226841507490547,False,0.12383952140808105,False
2027,B,328,1780378080.0,False,-1,,2,False,0.0,5.0,0.0,-1.0061218786977566,False,0.44201350248774984,False,-1.0061218786977566,False,0.27842295783718024,False,0.16196117401123047,False
2027,B,329,1780378140.0,False,-1,,2,False,0.0,10.0,0.0,-1.0615322255377162,False,0.3874565537925962,False,-1.0615322255377162,False,0.28226841507490547,False,0.12477555274963378,False
2027,B,330,1780378200.0,True,27,dependency_timeout,2,False,1.0,2.0,0.0,4.468984006654058,True,0.7458627486542183,True,4.468984006654058,True,1.0,True,999999999.9999999,True
2027,B,331,1780378260.0,True,27,dependency_timeout,2,False,1.0,6.0,0.0,4.468984006654058,True,0.6997366379758234,True,4.468984006654058,True,1.0,True,20.04169535636902,True
2027,B,332,1780378320.0,True,27,dependency_timeout,2,False,0.0,10.0,0.0,4.468984006654058,True,0.574520251222306,False,4.468984006654058,True,1.0,True,20.05618977546692,True
2027,B,333,1780378380.0,False,-1,,2,False,0.0,7.0,0.0,-1.4892567219993014,False,0.3982536273437381,False,-1.4892567219993014,False,0.2806604384517065,False,0.1411785125732422,False
2027,B,334,1780378440.0,False,-1,,2,False,0.0,6.0,0.0,-1.6488394584916906,False,0.40468551671656255,False,-1.6488394584916906,False,0.2797428676547323,False,0.14489710330963135,False
2027,B,335,1780378500.0,False,-1,,2,False,0.0,4.0,0.0,-1.0776111244179774,False,0.4740139044491297,False,-1.0776111244179774,False,0.2763559382375982,False,0.1329206943511963,False
2027,B,336,1780378560.0,False,-1,,2,False,0.0,6.0,0.0,-0.08468782141125519,False,0.4641398802902339,False,-0.08468782141125519,False,0.2797428676547323,False,0.20748209953308108,False
2027,B,337,1780378620.0,False,-1,,2,False,0.0,8.0,0.0,-1.4139311120473108,False,0.40515446226591595,False,-1.4139311120473108,False,0.2813364848081088,False,0.16676437854766846,False
2027,B,338,1780378680.0,True,28,permission_denied,2,False,0.0,8.0,0.0,3.417684798939189,True,0.48545459175272654,False,3.417684798939189,True,1.0,True,1.0,False
2027,B,339,1780378740.0,True,28,permission_denied,2,False,0.0,6.0,0.0,4.30663085333368,True,0.5277478131147845,False,4.30663085333368,True,1.0,True,2.0,True
2027,B,340,1780378800.0,True,28,permission_denied,2,False,0.0,7.0,0.0,4.322305663061136,True,0.5404200713090306,False,4.322305663061136,True,1.0,True,2.0,True
2027,B,341,1780378860.0,True,28,permission_denied,2,False,0.0,3.0,0.0,3.824928233932079,True,0.5976679439298382,False,3.824928233932079,True,1.0,True,1.0,False
2027,B,342,1780378920.0,False,-1,,2,False,0.0,8.0,0.0,-0.8472220003325077,False,0.4245176830167354,False,-0.8472220003325077,False,0.2813364848081088,False,0.17972991466522217,False
2027,B,343,1780378980.0,False,-1,,2,False,0.0,3.0,0.0,-0.8766934632581416,False,0.5272881129505087,False,-0.8766934632581416,False,0.27264782655079933,False,0.14745659828186036,False
2027,B,344,1780379040.0,False,-1,,2,False,0.0,4.0,0.0,-0.9901280844859661,False,0.4866647756025919,False,-0.9901280844859661,False,0.2763559382375982,False,0.12313096523284912,False
2027,B,345,1780379100.0,False,-1,,2,False,0.0,10.0,0.0,-1.2729385728395828,False,0.38598889221203564,False,-1.2729385728395828,False,0.28226841507490547,False,0.13584499359130858,False
2027,B,346,1780379160.0,False,-1,,2,False,0.0,8.0,0.0,-1.3884026947514423,False,0.4053327185806801,False,-1.3884026947514423,False,0.2813364848081088,False,0.16589434146881105,False
2027,B,347,1780379220.0,False,-1,,2,False,0.0,11.0,0.0,-1.3359346897265576,False,0.383362930755615,False,-1.3359346897265576,False,0.28260398880394816,False,0.14906072616577148,False
2027,B,348,1780379280.0,False,-1,,2,False,0.0,2.0,0.0,0.1149211318098109,False,0.6051972436175073,False,0.1149211318098109,False,0.2640831332514045,False,0.11768827438354493,False
2027,B,349,1780379340.0,False,-1,,2,False,0.0,5.0,0.0,-0.7175228069017736,False,0.4550375815120239,False,-0.7175228069017736,False,0.27842295783718024,False,0.11287574768066408,False
2027,B,350,1780379400.0,True,29,permission_denied,2,False,0.0,7.0,0.0,4.258679832220333,True,0.5055354872577132,False,4.258679832220333,True,1.0,True,2.0,True
2027,B,351,1780379460.0,True,29,permission_denied,2,False,0.0,5.0,0.0,4.309363225265475,True,0.5452828922020074,False,4.309363225265475,True,1.0,True,2.0,True
2027,B,352,1780379520.0,True,29,permission_denied,2,False,0.0,7.0,0.0,3.5087439903011,True,0.4971993838354205,False,3.5087439903011,True,1.0,True,1.0,False
2027,B,353,1780379580.0,True,29,permission_denied,2,False,0.0,9.0,0.0,4.252829399124008,True,0.4949829081226872,False,4.252829399124008,True,1.0,True,2.0,True
2027,B,354,1780379640.0,False,-1,,2,False,0.0,5.0,0.0,-1.2505998530219635,False,0.44909047707511457,False,-1.2505998530219635,False,0.27842295783718024,False,0.11713485717773438,False
2027,B,355,1780379700.0,False,-1,,2,False,0.0,5.0,0.0,-1.1079480754034101,False,0.4511035756874772,False,-1.1079480754034101,False,0.27842295783718024,False,0.13797330856323242,False
2027,B,356,1780379760.0,False,-1,,2,False,0.0,4.0,0.0,-0.9520228261838888,False,0.48050901335121415,False,-0.9520228261838888,False,0.2763559382375982,False,0.1124070405960083,False
2027,B,357,1780379820.0,False,-1,,2,False,0.0,10.0,0.0,-1.120665029924643,False,0.40029214336041685,False,-1.120665029924643,False,0.28226841507490547,False,0.11997437477111815,False
2027,B,358,1780379880.0,False,-1,,2,False,0.0,7.0,0.0,-0.7717991256380348,False,0.43484190765884073,False,-0.7717991256380348,False,0.2806604384517065,False,0.15412731170654295,False
2027,B,359,1780379940.0,False,-1,,2,False,0.0,5.0,0.0,-1.215404642021669,False,0.4321721638798359,False,-1.215404642021669,False,0.27842295783718024,False,0.13118667602539064,False
2027,B,360,1780380000.0,False,-1,,2,False,0.0,11.0,0.0,-0.966175210177636,False,0.39072175660424685,False,-0.966175210177636,False,0.28260398880394816,False,0.14234423637390137,False
2027,B,361,1780380060.0,True,30,resource_exhaustion,2,False,1.0,7.0,0.0,4.468984006654058,True,0.7018134886281752,True,4.468984006654058,True,1.0,True,999999999.9999999,True
2027,B,362,1780380120.0,True,30,resource_exhaustion,2,False,1.0,7.0,0.0,4.468984006654058,True,0.7084777933839504,True,4.468984006654058,True,1.0,True,1999999999.9999998,True
2027,B,363,1780380180.0,True,30,resource_exhaustion,2,False,2.0,5.0,0.0,4.468984006654058,True,0.7334468374248425,True,4.468984006654058,True,1.0,True,999999999.9999999,True
2027,B,364,1780380240.0,False,-1,,2,False,0.0,11.0,0.0,-0.5223574494925654,False,0.4401491981624191,False,-0.5223574494925654,False,0.28260398880394816,False,0.14805793762207034,False
2027,B,365,1780380300.0,False,-1,,2,False,0.0,9.0,0.0,-1.1288646853192308,False,0.4105270092626995,False,-1.1288646853192308,False,0.2818560700236856,False,0.16603078842163085,False
2027,B,366,1780380360.0,False,-1,,2,False,0.0,1.0,0.0,1.5602891697378851,True,0.6350909517228545,False,1.5602891697378851,True,0.22627252724241165,False,0.1151418685913086,False
2027,B,367,1780380420.0,False,-1,,2,False,0.0,5.0,0.0,-0.7708951073433008,False,0.44440721527015503,False,-0.7708951073433008,False,0.27842295783718024,False,0.12215852737426756,False
2027,B,368,1780380480.0,False,-1,,2,False,0.0,8.0,0.0,-0.3003325858927832,False,0.4331359310042154,False,-0.3003325858927832,False,0.2813364848081088,False,0.14277591705322265,False
2027,B,369,1780380540.0,True,31,dependency_timeout,2,False,0.0,8.0,0.0,-0.22306844044607743,False,0.46190227821468527,False,-0.22306844044607743,False,0.2813364848081088,False,0.1411364793777466,False
2027,B,370,1780380600.0,True,31,dependency_timeout,2,False,1.0,4.0,0.0,4.468984006654058,True,0.714626128396805,True,4.468984006654058,True,1.0,True,999999999.9999999,True
2027,B,371,1780380660.0,True,31,dependency_timeout,2,False,1.0,6.0,0.0,4.468984006654058,True,0.7088795921745814,True,4.468984006654058,True,1.0,True,999999999.9999999,True
2027,B,372,1780380720.0,True,31,dependency_timeout,2,False,0.0,9.0,0.0,4.468984006654058,True,0.579972694441347,False,4.468984006654058,True,1.0,True,20.077533149719237,True
2027,B,373,1780380780.0,False,-1,,2,False,0.0,6.0,0.0,-1.5432178076847824,False,0.41035328017909567,False,-1.5432178076847824,False,0.2797428676547323,False,0.12636864185333252,False
2027,B,374,1780380840.0,False,-1,,2,False,0.0,9.0,0.0,-1.1985196007063017,False,0.39872105356397913,False,-1.1985196007063017,False,0.2818560700236856,False,0.12226037979125975,False
2027,B,375,1780380900.0,False,-1,,2,False,0.0,9.0,0.0,-0.7750098059427524,False,0.41733099936802975,False,-0.7750098059427524,False,0.2818560700236856,False,0.13092508316040039,False
2027,B,376,1780380960.0,False,-1,,2,False,0.0,9.0,0.0,-1.0343830008537251,False,0.396947875561497,False,-1.0343830008537251,False,0.2818560700236856,False,0.14548664093017577,False
2027,B,377,1780381020.0,False,-1,,2,False,0.0,6.0,0.0,-0.8006128755425985,False,0.4323815119840232,False,-0.8006128755425985,False,0.2797428676547323,False,0.12321889400482176,False
2027,B,378,1780381080.0,False,-1,,2,False,0.0,7.0,0.0,-1.6211704140529815,False,0.39939243468200275,False,-1.6211704140529815,False,0.2806604384517065,False,0.13978505134582522,False
2027,B,379,1780381140.0,False,-1,,2,False,0.0,5.0,0.0,-0.17936734760487383,False,0.4807852899977848,False,-0.17936734760487383,False,0.27842295783718024,False,0.16799259185791016,False
2027,B,380,1780381200.0,True,32,resource_exhaustion,2,False,0.0,5.0,0.0,4.468984006654058,True,0.5802986145383711,False,4.468984006654058,True,0.27842295783718024,False,0.28444204330444334,False
2027,B,381,1780381260.0,True,32,resource_exhaustion,2,False,1.0,11.0,0.0,4.468984006654058,True,0.6993035774068361,True,4.468984006654058,True,1.0,True,999999999.9999999,True
2027,B,382,1780381320.0,True,32,resource_exhaustion,2,False,0.0,13.0,0.0,4.468984006457852,True,0.4629957747775008,False,4.468984006457852,True,0.2831179908395116,False,0.16910791397094724,False
2027,B,383,1780381380.0,False,-1,,2,False,0.0,10.0,0.0,-0.928056240875688,False,0.40141791654491205,False,-0.928056240875688,False,0.28226841507490547,False,0.14832210540771484,False
2027,B,384,1780381440.0,False,-1,,2,False,0.0,7.0,0.0,-1.4710413725432439,False,0.401347446643458,False,-1.4710413725432439,False,0.2806604384517065,False,0.13420176506042478,False
2027,B,385,1780381500.0,False,-1,,2,False,0.0,8.0,0.0,-1.6762963152114052,False,0.40150550929272133,False,-1.6762963152114052,False,0.2813364848081088,False,0.13826012611389157,False
2027,B,386,1780381560.0,False,-1,,2,False,0.0,4.0,0.0,-1.2504912287194818,False,0.47196742662462815,False,-1.2504912287194818,False,0.2763559382375982,False,0.14571402072906492,False
2027,B,387,1780381620.0,False,-1,,2,False,0.0,9.0,0.0,-0.8690777984663995,False,0.42778816231654043,False,-0.8690777984663995,False,0.2818560700236856,False,0.2106173515319824,False
2027,B,388,1780381680.0,False,-1,,2,False,1.0,10.0,0.0,-0.45996424659281665,False,0.5898109333426348,False,-0.45996424659281665,False,7.414441017725283e-06,False,0.12306163311004639,False
2027,B,389,1780381740.0,False,-1,,2,False,0.0,14.0,0.0,-1.4906730653323201,False,0.38716427065413456,False,-1.4906730653323201,False,0.28331948112322897,False,0.15793335437774658,False
2027,B,390,1780381800.0,False,-1,,2,False,0.0,6.0,0.0,-1.5112894458551285,False,0.40765223048207977,False,-1.5112894458551285,False,0.2797428676547323,False,0.12819576263427734,False
2027,B,391,1780381860.0,True,33,dependency_timeout,2,False,0.0,11.0,0.0,4.468984006654058,True,0.5435999082198816,False,4.468984006654058,True,1.0,True,999999999.9999999,True
2027,B,392,1780381920.0,True,33,dependency_timeout,2,True,7.0,49.0,0.0,4.468984006654058,True,0.7149406127923322,True,4.468984006654058,True,1.0,True,3999999999.9999995,True
2027,B,393,1780381980.0,True,33,dependency_timeout,2,True,4.0,92.0,0.0,4.468984006654058,True,0.760504507213248,True,4.468984006654058,True,1.0,True,6000000000.0,True
2027,B,394,1780382040.0,True,33,dependency_timeout,2,True,4.0,43.0,0.0,4.468984006654058,True,0.7104503688787174,True,4.468984006654058,True,1.0,True,1999999999.9999998,True
2027,B,395,1780382100.0,False,-1,,2,False,0.0,14.0,0.0,-0.7788946452197791,False,0.42755451385128623,False,-0.7788946452197791,False,0.28331948112322897,False,0.21369075775146482,False
2027,B,396,1780382160.0,False,-1,,2,False,0.0,6.0,0.0,0.6988823012516723,False,0.4992477530730603,False,0.6988823012516723,False,0.2797428676547323,False,0.1677175760269165,False
2027,B,397,1780382220.0,False,-1,,2,False,0.0,11.0,0.0,-1.5011318692961257,False,0.3901855332639033,False,-1.5011318692961257,False,0.28260398880394816,False,0.16745543479919434,False
2027,B,398,1780382280.0,False,-1,,2,False,0.0,5.0,0.0,-1.0651832088720816,False,0.4385264624422528,False,-1.0651832088720816,False,0.27842295783718024,False,0.1333436965942383,False
2027,B,399,1780382340.0,False,-1,,2,False,0.0,12.0,0.0,-1.3229355179982276,False,0.37973128265292205,False,-1.3229355179982276,False,0.28288267083732616,False,0.13184969425201415,False
2027,B,400,1780382400.0,False,-1,,2,False,0.0,9.0,0.0,-1.3293155674336417,False,0.3882142821924088,False,-1.3293155674336417,False,0.2818560700236856,False,0.14031896591186524,False
2027,B,401,1780382460.0,False,-1,,2,False,0.0,3.0,0.0,-0.9859998485583414,False,0.5333207145198946,False,-0.9859998485583414,False,0.27264782655079933,False,0.1361769676208496,False
2027,B,402,1780382520.0,False,-1,,2,False,0.0,5.0,0.0,-0.6795796502202345,False,0.46271065776661646,False,-0.6795796502202345,False,0.27842295783718024,False,0.17158164978027343,False
2027,B,403,1780382580.0,True,34,config_error,2,False,0.0,10.0,0.0,4.468945864102362,True,0.5158133304829416,False,4.468945864102362,True,0.9999998562555998,True,7.0,True
2027,B,404,1780382640.0,True,34,config_error,2,False,0.0,9.0,0.0,4.468983353254356,True,0.5454444989361563,False,4.468983353254356,True,0.9999996282907077,True,9.0,True
2027,B,405,1780382700.0,True,34,config_error,2,False,0.0,1.0,0.0,4.0299495061306105,True,0.6853541320952155,False,4.0299495061306105,True,0.9999999999998306,True,1.0,False
2027,B,406,1780382760.0,True,34,config_error,2,False,0.0,5.0,0.0,4.30700261109515,True,0.5329178359350809,False,4.30700261109515,True,0.999999999610796,True,2.0,True
2027,B,407,1780382820.0,False,-1,,2,False,0.0,7.0,0.0,-1.650045182868177,False,0.40391043617091366,False,-1.650045182868177,False,0.2806604384517065,False,0.15738496780395506,False
2027,B,408,1780382880.0,False,-1,,2,False,0.0,10.0,0.0,1.0552291199021941,False,0.4456161295202371,False,1.0552291199021941,False,0.28226841507490547,False,0.14434561729431153,False
2027,B,409,1780382940.0,False,-1,,2,False,0.0,12.0,0.0,-0.7548822384043552,False,0.42661349935624626,False,-0.7548822384043552,False,0.28288267083732616,False,0.20106809139251713,False
2027,B,410,1780383000.0,False,-1,,2,False,0.0,10.0,0.0,-1.3170313556709559,False,0.4113880074309695,False,-1.3170313556709559,False,0.28226841507490547,False,0.14619574546813965,False
2027,B,411,1780383060.0,False,-1,,2,False,0.0,11.0,0.0,-1.410883190215424,False,0.38470204591434826,False,-1.410883190215424,False,0.28260398880394816,False,0.14381647109985354,False
2027,B,412,1780383120.0,False,-1,,2,False,0.0,13.0,0.0,-1.6536752857372177,False,0.37507254363973247,False,-1.6536752857372177,False,0.2831179908395116,False,0.14660139083862306,False
2027,B,413,1780383180.0,True,35,config_error,2,False,0.0,6.0,0.0,4.440304245297455,True,0.5410682572371026,False,4.440304245297455,True,0.9999999951062286,True,3.0,True
2027,B,414,1780383240.0,True,35,config_error,2,False,0.0,8.0,0.0,4.4689648499149754,True,0.5588709186412291,False,4.4689648499149754,True,0.9999998329738288,True,7.0,True
2027,B,415,1780383300.0,True,35,config_error,2,False,0.0,11.0,0.0,4.4689836762868085,True,0.5279019560806226,False,4.4689836762868085,True,0.9999995738207919,True,10.0,True
2027,B,416,1780383360.0,True,35,config_error,2,False,0.0,7.0,0.0,4.283439617530434,True,0.5115622343676501,False,4.283439617530434,True,0.9999999996005617,True,2.0,True
2027,B,417,1780383420.0,False,-1,,3,False,0.0,4.0,0.0,-0.08013295175082025,False,0.49422821985675597,False,-0.08013295175082025,False,0.2763559382375982,False,0.11138324737548828,False
2027,B,418,1780383480.0,False,-1,,3,False,0.0,10.0,0.0,-1.2988603709880842,False,0.4109690152924236,False,-1.2988603709880842,False,0.28226841507490547,False,0.18734321594238282,False
2027,B,419,1780383540.0,False,-1,,3,False,0.0,7.0,0.0,-0.6236132389517417,False,0.42606124794260186,False,-0.6236132389517417,False,0.2806604384517065,False,0.14067745208740232,False
2027,B,420,1780383600.0,False,-1,,3,False,0.0,14.0,0.0,-0.4899494489715748,False,0.39716690054812887,False,-0.4899494489715748,False,0.28331948112322897,False,0.12114729881286623,False
2027,B,421,1780383660.0,False,-1,,3,False,0.0,7.0,0.0,-1.3077336290664539,False,0.4143712834403861,False,-1.3077336290664539,False,0.2806604384517065,False,0.13356919288635252,False
2027,B,422,1780383720.0,False,-1,,3,False,0.0,12.0,0.0,-1.3370540367590094,False,0.38092748088972317,False,-1.3370540367590094,False,0.28288267083732616,False,0.1302167654037476,False
2027,B,423,1780383780.0,False,-1,,3,False,0.0,10.0,0.0,-1.1053415803474973,False,0.3882481612010015,False,-1.1053415803474973,False,0.28226841507490547,False,0.12777695655822754,False
2027,B,424,1780383840.0,False,-1,,3,False,0.0,14.0,0.0,-1.1635792221105659,False,0.38769339853206325,False,-1.1635792221105659,False,0.28331948112322897,False,0.14209303855895997,False
2027,B,425,1780383900.0,False,-1,,3,False,0.0,11.0,0.0,-1.0432657070190796,False,0.3965515928195605,False,-1.0432657070190796,False,0.28260398880394816,False,0.13769054412841797,False
2027,B,426,1780383960.0,False,-1,,3,False,0.0,11.0,0.0,-1.0991832731107491,False,0.4143046095828278,False,-1.0991832731107491,False,0.28260398880394816,False,0.2060711383819581,False
2027,B,427,1780384020.0,True,36,permission_denied,3,False,0.0,10.0,0.0,4.427480355643042,True,0.4981391803609893,False,4.427480355643042,True,1.0,True,3.0,True
2027,B,428,1780384080.0,True,36,permission_denied,3,False,0.0,9.0,0.0,4.424397029791555,True,0.49338007992548744,False,4.424397029791555,True,1.0,True,3.0,True
2027,B,429,1780384140.0,True,36,permission_denied,3,False,0.0,9.0,0.0,4.2377207015648155,True,0.49402389646000666,False,4.2377207015648155,True,1.0,True,2.0,True
2027,B,430,1780384200.0,True,36,permission_denied,3,False,0.0,10.0,0.0,-1.3042401162464907,False,0.40560935850729507,False,-1.3042401162464907,False,0.28226841507490547,False,0.16211915016174316,False
2027,B,431,1780384260.0,False,-1,,3,False,0.0,15.0,0.0,-1.3820513066209443,False,0.3764201838209609,False,-1.3820513066209443,False,0.28349405466720345,False,0.14964675903320312,False
2027,B,432,1780384320.0,False,-1,,3,False,0.0,7.0,0.0,-0.7881016388967295,False,0.4349114025984202,False,-0.7881016388967295,False,0.2806604384517065,False,0.17562327384948728,False
2027,B,433,1780384380.0,False,-1,,3,False,0.0,8.0,0.0,-1.4711380031935946,False,0.39778402224193726,False,-1.4711380031935946,False,0.2813364848081088,False,0.15071420669555663,False
2027,B,434,1780384440.0,False,-1,,3,False,0.0,12.0,0.0,-1.1383714337511162,False,0.3830045566017946,False,-1.1383714337511162,False,0.28288267083732616,False,0.14318349361419677,False
2027,B,435,1780384500.0,False,-1,,3,False,0.0,7.0,0.0,-1.2745781309435964,False,0.4283076857885806,False,-1.2745781309435964,False,0.2806604384517065,False,0.1520693778991699,False
2027,B,436,1780384560.0,False,-1,,3,False,0.0,10.0,0.0,-0.46377378710729733,False,0.44478899197065913,False,-0.46377378710729733,False,0.28226841507490547,False,0.19906752109527587,False
2027,B,437,1780384620.0,False,-1,,3,False,0.0,9.0,0.0,-0.7536068739986659,False,0.4216801203392197,False,-0.7536068739986659,False,0.2818560700236856,False,0.18124141693115234,False
2027,B,438,1780384680.0,False,-1,,3,False,0.0,9.0,0.0,-0.24272428760210918,False,0.455390643535441,False,-0.24272428760210918,False,0.2818560700236856,False,0.14798955917358397,False
2027,B,439,1780384740.0,False,-1,,3,False,0.0,9.0,0.0,0.08237438319066293,False,0.45242003616554116,False,0.08237438319066293,False,0.2818560700236856,False,0.16557664871215821,False
2027,B,440,1780384800.0,False,-1,,3,False,0.0,13.0,0.0,-1.6459235552405342,False,0.38652465742559006,False,-1.6459235552405342,False,0.2831179908395116,False,0.17932529449462892,False
2027,B,441,1780384860.0,False,-1,,3,False,0.0,13.0,0.0,-1.3425940164246732,False,0.4042382904231242,False,-1.3425940164246732,False,0.2831179908395116,False,0.19653720855712886,False
2027,B,442,1780384920.0,True,37,config_error,3,False,0.0,13.0,0.0,4.468926147890363,True,0.48815754083339297,False,4.468926147890363,True,0.9999998707384192,True,7.0,True
2027,B,443,1780384980.0,True,37,config_error,3,False,0.0,8.0,0.0,4.468981052314912,True,0.5561038279764408,False,4.468981052314912,True,0.9999997244019441,True,8.0,True
2027,B,444,1780385040.0,True,37,config_error,3,False,0.0,11.0,0.0,4.2978634412596435,True,0.5067247980195275,False,4.2978634412596435,True,0.9999999995505116,True,2.0,True
2027,B,445,1780385100.0,False,-1,,3,False,0.0,11.0,0.0,-1.3771251079770606,False,0.3849722559482528,False,-1.3771251079770606,False,0.28260398880394816,False,0.1464197635650635,False
2027,B,446,1780385160.0,False,-1,,3,False,0.0,8.0,0.0,-0.6315654090264715,False,0.43766178159097974,False,-0.6315654090264715,False,0.2813364848081088,False,0.17056803703308104,False
2027,B,447,1780385220.0,False,-1,,3,False,0.0,6.0,0.0,-1.083490865305195,False,0.4513853932671693,False,-1.083490865305195,False,0.2797428676547323,False,0.1109464168548584,False
2027,B,448,1780385280.0,False,-1,,3,False,0.0,9.0,0.0,-0.8020060432765801,False,0.4127171005694343,False,-0.8020060432765801,False,0.2818560700236856,False,0.14679079055786132,False
2027,B,449,1780385340.0,False,-1,,3,False,0.0,12.0,0.0,-0.6505469851561605,False,0.42626957021513856,False,-0.6505469851561605,False,0.28288267083732616,False,0.11329522132873535,False
2027,B,450,1780385400.0,False,-1,,3,False,0.0,9.0,0.0,-0.9210436701367364,False,0.3957691506210377,False,-0.9210436701367364,False,0.2818560700236856,False,0.11935539245605467,False
2027,B,451,1780385460.0,True,38,permission_denied,3,False,0.0,7.0,0.0,3.4617309977836817,True,0.49592097596571943,False,3.4617309977836817,True,1.0,True,1.0,False
2027,B,452,1780385520.0,True,38,permission_denied,3,False,1.0,11.0,0.0,4.468206427044653,True,0.6499384936294255,False,4.468206427044653,True,1.0,True,3.0,True
2027,B,453,1780385580.0,True,38,permission_denied,3,False,0.0,12.0,0.0,4.426561798104907,True,0.48490434532040705,False,4.426561798104907,True,1.0,True,3.0,True
2027,B,454,1780385640.0,True,38,permission_denied,3,False,0.0,13.0,0.0,4.468925771556888,True,0.48787387843978225,False,4.468925771556888,True,1.0,True,7.0,True
2027,B,455,1780385700.0,True,38,permission_denied,3,False,0.0,13.0,0.0,0.04279021635468894,False,0.4329867171691404,False,0.04279021635468894,False,0.2831179908395116,False,0.15511007308959962,False
2027,B,456,1780385760.0,False,-1,,3,False,0.0,11.0,0.0,-1.2766219299546018,False,0.38565842474832424,False,-1.2766219299546018,False,0.28260398880394816,False,0.147355318069458,False
2027,B,457,1780385820.0,False,-1,,3,False,0.0,13.0,0.0,-1.366051610043253,False,0.4012449112892543,False,-1.366051610043253,False,0.2831179908395116,False,0.1959840774536132,False
2027,B,458,1780385880.0,False,-1,,3,False,0.0,9.0,0.0,-0.4276691839479714,False,0.41279204637482786,False,-0.4276691839479714,False,0.2818560700236856,False,0.11909189224243164,False
2027,B,459,1780385940.0,False,-1,,3,False,0.0,10.0,0.0,-1.7181818336485293,False,0.38983170336802464,False,-1.7181818336485293,False,0.28226841507490547,False,0.1691291570663452,False
2027,B,460,1780386000.0,False,-1,,3,False,0.0,9.0,0.0,-0.2575214558806085,False,0.4240751874889015,False,-0.2575214558806085,False,0.2818560700236856,False,0.13128814697265626,False
2027,B,461,1780386060.0,True,39,permission_denied,3,False,0.0,11.0,0.0,-0.9936627716105262,False,0.3859332085666733,False,-0.9936627716105262,False,0.28260398880394816,False,0.1276106834411621,False
2027,B,462,1780386120.0,True,39,permission_denied,3,False,0.0,9.0,0.0,4.467602492122376,True,0.4963349964983125,False,4.467602492122376,True,1.0,True,5.0,True
2027,B,463,1780386180.0,True,39,permission_denied,3,False,0.0,16.0,0.0,4.468980408158574,True,0.4866826954540397,False,4.468980408158574,True,1.0,True,9.0,True
2027,B,464,1780386240.0,True,39,permission_denied,3,False,0.0,3.0,0.0,3.9700786560886194,True,0.641754370281791,False,3.9700786560886194,True,1.0,True,1.0,False
2027,B,465,1780386300.0,False,-1,,3,False,0.0,12.0,0.0,-1.2000430697453623,False,0.38129702525742226,False,-1.2000430697453623,False,0.28288267083732616,False,0.13429040908813478,False
2027,B,466,1780386360.0,False,-1,,3,False,0.0,10.0,0.0,-0.6881283394541935,False,0.39134699157788433,False,-0.6881283394541935,False,0.28226841507490547,False,0.13105859756469726,False
2027,B,467,1780386420.0,False,-1,,3,False,0.0,12.0,0.0,-1.666352305113807,False,0.38620956279327834,False,-1.666352305113807,False,0.28288267083732616,False,0.15094234943389895,False
2027,B,468,1780386480.0,False,-1,,3,False,0.0,9.0,0.0,-1.7215710452420012,False,0.38952823002841186,False,-1.7215710452420012,False,0.2818560700236856,False,0.14700613021850586,False
2027,B,469,1780386540.0,False,-1,,3,False,0.0,12.0,0.0,-1.5479291342346766,False,0.387628043075868,False,-1.5479291342346766,False,0.28288267083732616,False,0.17221813201904296,False
2027,B,470,1780386600.0,False,-1,,3,False,0.0,8.0,0.0,-1.2633876788091047,False,0.4153688814169715,False,-1.2633876788091047,False,0.2813364848081088,False,0.11982121467590331,False
2027,B,471,1780386660.0,False,-1,,3,False,0.0,11.0,0.0,-1.6056585889925419,False,0.38332040798574235,False,-1.6056585889925419,False,0.28260398880394816,False,0.15381717681884766,False
2027,B,472,1780386720.0,True,40,resource_exhaustion,3,False,0.0,15.0,0.0,4.468984006654058,True,0.5392817892747759,False,4.468984006654058,True,0.28349405466720345,False,0.2869224548339843,False
2027,B,473,1780386780.0,True,40,resource_exhaustion,3,False,3.0,14.0,0.0,4.468984006654058,True,0.7199037751669162,True,4.468984006654058,True,1.0,True,3000000000.0,True
2027,B,474,1780386840.0,True,40,resource_exhaustion,3,False,1.0,9.0,0.0,4.468984006654058,True,0.7086233328072555,True,4.468984006654058,True,1.0,True,999999999.9999999,True
2027,B,475,1780386900.0,True,40,resource_exhaustion,3,False,3.0,9.0,0.0,4.468984006654058,True,0.7303421205756844,True,4.468984006654058,True,1.0,True,3000000000.0,True
2027,B,476,1780386960.0,False,-1,,3,False,0.0,9.0,0.0,-0.41781061799833896,False,0.4247643248505068,False,-0.41781061799833896,False,0.2818560700236856,False,0.14482803344726564,False
2027,B,477,1780387020.0,False,-1,,3,False,0.0,13.0,0.0,-1.0490967498288626,False,0.413552180014466,False,-1.0490967498288626,False,0.2831179908395116,False,0.1997452735900878,False
2027,B,478,1780387080.0,False,-1,,3,False,0.0,9.0,0.0,-1.5133514752454689,False,0.39073793302171544,False,-1.5133514752454689,False,0.2818560700236856,False,0.15385723114013672,False
2027,B,479,1780387140.0,False,-1,,3,False,0.0,10.0,0.0,-1.7527971436309109,False,0.38474646596409956,False,-1.7527971436309109,False,0.28226841507490547,False,0.1499610185623169,False
2027,B,480,1780387200.0,False,-1,,3,False,0.0,12.0,0.0,-1.5780490438637056,False,0.3802976323354822,False,-1.5780490438637056,False,0.28288267083732616,False,0.15467565059661867,False
2027,B,481,1780387260.0,False,-1,,3,False,1.0,16.0,0.0,-0.42323366304013277,False,0.5866952252502333,False,-0.42323366304013277,False,2.506939477807854e-05,False,0.14386558532714844,False
2027,B,482,1780387320.0,False,-1,,3,False,0.0,9.0,0.0,-1.7462612587490636,False,0.38494943532982673,False,-1.7462612587490636,False,0.2818560700236856,False,0.14601850509643552,False
2027,B,483,1780387380.0,True,41,dependency_timeout,3,False,0.0,12.0,0.0,4.468984006654058,True,0.5680831224341144,False,4.468984006654058,True,1.0,True,20.04501881599426,True
2027,B,484,1780387440.0,True,41,dependency_timeout,3,False,5.0,18.0,0.0,4.468984006654058,True,0.7020487059932822,True,4.468984006654058,True,1.0,True,3999999999.9999995,True
2027,B,485,1780387500.0,True,41,dependency_timeout,3,False,0.0,10.0,0.0,4.468984006654058,True,0.5824224750537181,False,4.468984006654058,True,1.0,True,1999999999.9999998,True
2027,B,486,1780387560.0,True,41,dependency_timeout,3,False,3.0,15.0,0.0,4.468984006654058,True,0.704635150498866,True,4.468984006654058,True,1.0,True,20.0519850730896,True
2027,B,487,1780387620.0,False,-1,,3,False,0.0,12.0,0.0,-1.7570212274815855,False,0.3811927522580465,False,-1.7570212274815855,False,0.28288267083732616,False,0.15229728221893313,False
2027,B,488,1780387680.0,False,-1,,3,False,0.0,11.0,0.0,-0.9356023339293307,False,0.391693629166929,False,-0.9356023339293307,False,0.28260398880394816,False,0.13797569274902344,False
2027,B,489,1780387740.0,False,-1,,3,False,0.0,10.0,0.0,-1.1724112025707347,False,0.4046904128345234,False,-1.1724112025707347,False,0.28226841507490547,False,0.1725081443786621,False
2027,B,490,1780387800.0,False,-1,,3,False,0.0,14.0,0.0,-1.17626455055846,False,0.38720344497117754,False,-1.17626455055846,False,0.28331948112322897,False,0.12873470783233645,False
2027,B,491,1780387860.0,False,-1,,3,False,0.0,14.0,0.0,-1.761402381930969,False,0.38592021969916973,False,-1.761402381930969,False,0.28331948112322897,False,0.15604574680328365,False
2027,B,492,1780387920.0,False,-1,,3,True,0.0,31.0,0.0,-0.82099155065875,False,0.37955288079492383,False,-0.82099155065875,False,0.2847661702806276,False,0.16085815429687497,False
2027,B,493,1780387980.0,False,-1,,3,True,0.0,134.0,0.0,-0.228246791847722,False,0.641975729855264,False,-0.228246791847722,False,0.2857290416240404,False,0.18556225299835197,False
2027,B,494,1780388040.0,False,-1,,3,True,0.0,112.0,0.0,-0.17480416351663042,False,0.6250533038010565,False,-0.17480416351663042,False,0.28567070638770853,False,0.16257767677307128,False
2027,B,495,1780388100.0,False,-1,,3,False,0.0,14.0,0.0,-0.8364689028896786,False,0.41490583434289396,False,-0.8364689028896786,False,0.28331948112322897,False,0.12044656276702881,False
2027,B,496,1780388160.0,False,-1,,3,False,0.0,13.0,0.0,-0.848895667576473,False,0.4034149421980315,False,-0.848895667576473,False,0.2831179908395116,False,0.1809045791625976,False
2027,B,497,1780388220.0,True,42,resource_exhaustion,3,False,0.0,10.0,0.0,4.468984006653832,True,0.45624896962881156,False,4.468984006653832,True,0.28226841507490547,False,0.17231674194335939,False
2027,B,498,1780388280.0,True,42,resource_exhaustion,3,False,3.0,14.0,0.0,4.468984006654058,True,0.7190057110287826,True,4.468984006654058,True,1.0,True,3999999999.9999995,True
2027,B,499,1780388340.0,True,42,resource_exhaustion,3,False,1.0,12.0,0.0,4.468984006654058,True,0.7029002381762078,True,4.468984006654058,True,1.0,True,999999999.9999999,True
2027,B,500,1780388400.0,True,42,resource_exhaustion,3,False,0.0,9.0,0.0,4.4689840066533275,True,0.46473183969228,False,4.4689840066533275,True,0.2818560700236856,False,0.12104415893554688,False
2027,B,501,1780388460.0,False,-1,,3,False,0.0,14.0,0.0,-1.6759874271401491,False,0.38044337451903126,False,-1.6759874271401491,False,0.28331948112322897,False,0.14547240734100342,False
2027,B,502,1780388520.0,False,-1,,3,False,0.0,12.0,0.0,-1.4538364505771648,False,0.38169533872390454,False,-1.4538364505771648,False,0.28288267083732616,False,0.1413552045822144,False
2027,B,503,1780388580.0,False,-1,,3,False,0.0,9.0,0.0,-1.1320928790405604,False,0.4121069987459629,False,-1.1320928790405604,False,0.2818560700236856,False,0.1668102264404297,False
2027,B,504,1780388640.0,False,-1,,3,False,0.0,10.0,0.0,-1.438290894172595,False,0.3865719339479507,False,-1.438290894172595,False,0.28226841507490547,False,0.14714436531066893,False
2027,B,505,1780388700.0,False,-1,,3,False,0.0,13.0,0.0,-1.6787777277976828,False,0.3859154596697941,False,-1.6787777277976828,False,0.2831179908395116,False,0.14629621505737303,False
2027,B,506,1780388760.0,False,-1,,3,False,0.0,9.0,0.0,-1.3989085191153006,False,0.4001398455943336,False,-1.3989085191153006,False,0.2818560700236856,False,0.1370258331298828,False
2027,B,507,1780388820.0,False,-1,,3,False,0.0,12.0,0.0,-0.4326896952019137,False,0.3937255635705365,False,-0.4326896952019137,False,0.28288267083732616,False,0.11966135501861572,False
2027,B,508,1780388880.0,False,-1,,3,False,0.0,13.0,0.0,-1.501099553461069,False,0.39380235132036,False,-1.501099553461069,False,0.2831179908395116,False,0.13924312591552732,False
2027,B,509,1780388940.0,False,-1,,3,False,0.0,21.0,0.0,-0.8527956860190384,False,0.3761774744874961,False,-0.8527956860190384,False,0.2841941673899105,False,0.1371426582336426,False
2027,B,510,1780389000.0,False,-1,,3,False,0.0,16.0,0.0,-0.8113215528795337,False,0.40041401156061684,False,-0.8113215528795337,False,0.2836468492771186,False,0.16977906227111816,False
2027,B,511,1780389060.0,True,43,dependency_timeout,3,False,0.0,10.0,0.0,4.468984006654058,True,0.5763926667289467,False,4.468984006654058,True,1.0,True,20.041874217987058,True
2027,B,512,1780389120.0,True,43,dependency_timeout,3,False,3.0,17.0,0.0,4.468984006654058,True,0.700381757748539,True,4.468984006654058,True,1.0,True,3000000000.0,True
2027,B,513,1780389180.0,True,43,dependency_timeout,3,False,1.0,10.0,0.0,4.468984006654058,True,0.7064109756221283,True,4.468984006654058,True,1.0,True,999999999.9999999,True
2027,B,514,1780389240.0,True,43,dependency_timeout,3,False,0.0,12.0,0.0,4.468984006654058,True,0.5829572567954592,False,4.468984006654058,True,1.0,True,20.039993524551388,True
2027,B,515,1780389300.0,True,43,dependency_timeout,3,False,0.0,17.0,0.0,-1.5698377736680786,False,0.38579618811560185,False,-1.5698377736680786,False,0.2837817646511713,False,0.15237188339233398,False
2027,B,516,1780389360.0,False,-1,,3,False,0.0,13.0,0.0,-0.5269407621377766,False,0.393957464373461,False,-0.5269407621377766,False,0.2831179908395116,False,0.1351165771484375,False
2027,B,517,1780389420.0,False,-1,,3,False,1.0,16.0,0.0,-0.4349193741890218,False,0.5776796079579405,False,-0.4349193741890218,False,2.506939477807854e-05,False,0.17600858211517334,False
2027,B,518,1780389480.0,False,-1,,3,False,0.0,14.0,0.0,-1.4563543233876004,False,0.3855192937394939,False,-1.4563543233876004,False,0.28331948112322897,False,0.15144321918487547,False
2027,B,519,1780389540.0,False,-1,,3,False,0.0,13.0,0.0,-0.30997226376534837,False,0.4092112463163834,False,-0.30997226376534837,False,0.2831179908395116,False,0.1323418617248535,False
2027,B,520,1780389600.0,False,-1,,3,False,0.0,14.0,0.0,-0.8239710656382888,False,0.4051389145151812,False,-0.8239710656382888,False,0.28331948112322897,False,0.1176055908203125,False
2027,B,521,1780389660.0,True,44,config_error,3,False,0.0,17.0,0.0,4.468983931019952,True,0.4931959165952695,False,4.468983931019952,True,0.9999994667009664,True,12.0,True
2027,B,522,1780389720.0,True,44,config_error,3,False,0.0,12.0,0.0,4.468983899029468,True,0.5177865038192648,False,4.468983899029468,True,0.9999994694007952,True,11.0,True
2027,B,523,1780389780.0,True,44,config_error,3,False,0.0,20.0,0.0,4.468984006573501,True,0.5198521267583549,False,4.468984006573501,True,0.9999986844003865,True,18.0,True
2027,B,524,1780389840.0,True,44,config_error,3,False,0.0,7.0,0.0,4.468948918323486,True,0.6197510626726006,False,4.468948918323486,True,0.9999998959103622,True,6.0,True
2027,B,525,1780389900.0,True,44,config_error,3,False,0.0,17.0,0.0,4.433947894858,True,0.5072609715386588,False,4.433947894858,True,0.9999999953697623,True,3.0,True
2027,B,526,1780389960.0,False,-1,,3,False,0.0,16.0,0.0,-1.1083213316364935,False,0.37877427566518,False,-1.1083213316364935,False,0.2836468492771186,False,0.14068937301635742,False
2027,B,527,1780390020.0,False,-1,,3,False,0.0,21.0,0.0,-1.0049692397039847,False,0.5550905747136939,False,-1.0049692397039847,False,0.000138896178282907,False,1.0,False
2027,B,528,1780390080.0,False,-1,,3,False,0.0,16.0,0.0,-0.8058006042633545,False,0.3922607610307089,False,-0.8058006042633545,False,0.2836468492771186,False,0.15616106986999512,False
2027,B,529,1780390140.0,False,-1,,3,False,0.0,10.0,0.0,-0.8119955835660528,False,0.42491320365701296,False,-0.8119955835660528,False,0.28226841507490547,False,0.16476566791534425,False
2027,B,530,1780390200.0,False,-1,,3,False,0.0,12.0,0.0,-1.1645891317973787,False,0.3832188622039766,False,-1.1645891317973787,False,0.28288267083732616,False,0.14345710277557372,False
2027,B,531,1780390260.0,False,-1,,3,False,0.0,17.0,0.0,-1.3389966808895108,False,0.3747763780857329,False,-1.3389966808895108,False,0.2837817646511713,False,0.13553304672241212,False
2027,B,532,1780390320.0,False,-1,,3,False,1.0,19.0,0.0,-0.9574010709943392,False,0.572041861147508,False,-0.9574010709943392,False,3.674878645414932e-05,False,0.15071115493774415,False
2027,B,533,1780390380.0,False,-1,,3,False,0.0,9.0,0.0,-0.4412276842318521,False,0.44372716126032263,False,-0.4412276842318521,False,0.2818560700236856,False,0.2177048683166504,False
2027,B,534,1780390440.0,False,-1,,3,False,0.0,21.0,0.0,-1.4879185345889194,False,0.3768203371462715,False,-1.4879185345889194,False,0.2841941673899105,False,0.16481876373291016,False
2027,B,535,1780390500.0,False,-1,,3,False,0.0,10.0,0.0,-1.0068465837769676,False,0.39815041748946967,False,-1.0068465837769676,False,0.28226841507490547,False,0.156473708152771,False
2027,B,536,1780390560.0,True,45,config_error,3,False,0.0,20.0,0.0,4.212709913071762,True,0.46579275045149876,False,4.212709913071762,True,0.9999999994111268,True,2.0,True
2027,B,537,1780390620.0,True,45,config_error,3,False,0.0,24.0,0.0,4.46898400664587,True,0.48789221796589793,False,4.46898400664587,True,0.999998354318016,True,21.0,True
2027,B,538,1780390680.0,True,45,config_error,3,False,0.0,17.0,0.0,4.4689839875325825,True,0.5049384092328169,False,4.4689839875325825,True,0.9999993475507727,True,13.0,True
2027,B,539,1780390740.0,True,45,config_error,3,False,0.0,18.0,0.0,4.468983727984802,True,0.4884957483887635,False,4.468983727984802,True,0.9999995825362726,True,11.0,True
2027,B,540,1780390800.0,False,-1,,3,False,0.0,10.0,0.0,-0.5775433536741685,False,0.43869727809066833,False,-0.5775433536741685,False,0.28226841507490547,False,0.20074107646942138,False
2027,B,541,1780390860.0,False,-1,,3,False,0.0,17.0,0.0,-1.4348456004310348,False,0.3677589480970379,False,-1.4348456004310348,False,0.2837817646511713,False,0.14415969848632812,False
2027,B,542,1780390920.0,False,-1,,3,False,0.0,8.0,0.0,-1.5472583596787581,False,0.39478562015982166,False,-1.5472583596787581,False,0.2813364848081088,False,0.1334514617919922,False
2027,B,543,1780390980.0,False,-1,,3,False,0.0,16.0,0.0,-0.4365880270318172,False,0.3953874192237015,False,-0.4365880270318172,False,0.2836468492771186,False,0.13694489002227783,False
2027,B,544,1780391040.0,False,-1,,3,False,0.0,18.0,0.0,-0.13168625550384316,False,0.4088338861286909,False,-0.13168625550384316,False,0.28390181531234,False,0.17138581275939938,False
2027,B,545,1780391100.0,False,-1,,3,False,0.0,16.0,0.0,-1.1118076076405785,False,0.5621157955417669,False,-1.1118076076405785,False,9.605589912428212e-05,False,1.0,False
2027,B,546,1780391160.0,False,-1,,3,False,0.0,19.0,0.0,-1.5580581619917035,False,0.3644567951410801,False,-1.5580581619917035,False,0.2840093691312235,False,0.15927839279174805,False
2027,B,547,1780391220.0,False,-1,,3,False,0.0,15.0,0.0,-1.75907292091554,False,0.3735559911465742,False,-1.75907292091554,False,0.28349405466720345,False,0.15685033798217773,False
2027,B,548,1780391280.0,False,-1,,3,False,0.0,14.0,0.0,-1.0294677202776112,False,0.3980434269670151,False,-1.0294677202776112,False,0.28331948112322897,False,0.12276296615600586,False
2027,B,549,1780391340.0,False,-1,,3,False,0.0,12.0,0.0,-1.0579179445973566,False,0.4151215935187447,False,-1.0579179445973566,False,0.28288267083732616,False,0.20418710708618168,False
2027,B,550,1780391400.0,True,46,resource_exhaustion,3,False,1.0,21.0,0.0,4.468984006654058,True,0.6882251300655119,True,4.468984006654058,True,1.0,True,1999999999.9999998,True
2027,B,551,1780391460.0,True,46,resource_exhaustion,3,False,3.0,13.0,0.0,4.468984006654058,True,0.7231042050210025,True,4.468984006654058,True,1.0,True,3000000000.0,True
2027,B,552,1780391520.0,True,46,resource_exhaustion,3,False,3.0,16.0,0.0,4.468984006654058,True,0.7151949471640292,True,4.468984006654058,True,1.0,True,3999999999.9999995,True
2027,B,553,1780391580.0,True,46,resource_exhaustion,3,False,3.0,18.0,0.0,4.468984006654058,True,0.7104741423913118,True,4.468984006654058,True,1.0,True,1999999999.9999998,True
2027,B,554,1780391640.0,False,-1,,3,False,0.0,14.0,0.0,0.4789178604839561,False,0.5870328485076098,False,0.4789178604839561,False,7.950467426758235e-05,False,1.0,False
2027,B,555,1780391700.0,False,-1,,3,False,0.0,14.0,0.0,-1.1797102508919437,False,0.3948458047864621,False,-1.1797102508919437,False,0.28331948112322897,False,0.1712579250335693,False
2027,B,556,1780391760.0,False,-1,,3,False,0.0,20.0,0.0,-0.5943000999666559,False,0.41117930903871996,False,-0.5943000999666559,False,0.2841063125275758,False,0.14847865104675292,False
2027,B,557,1780391820.0,False,-1,,3,False,0.0,8.0,0.0,-0.7346048018672136,False,0.41560180292898397,False,-0.7346048018672136,False,0.2813364848081088,False,0.1310354232788086,False
2027,B,558,1780391880.0,False,-1,,3,False,0.0,20.0,0.0,-1.6384631558601432,False,0.37004943720830835,False,-1.6384631558601432,False,0.2841063125275758,False,0.15968856811523438,False
2027,B,559,1780391940.0,False,-1,,3,False,0.0,10.0,0.0,-1.0854998926550143,False,0.3965973684330489,False,-1.0854998926550143,False,0.28226841507490547,False,0.1503828763961792,False
2027,B,560,1780392000.0,False,-1,,3,False,0.0,15.0,0.0,-1.5321529792206565,False,0.3898886810983764,False,-1.5321529792206565,False,0.28349405466720345,False,0.19060993194580075,False
2027,B,561,1780392060.0,False,-1,,3,False,0.0,8.0,0.0,-0.4917084825350857,False,0.42548236568270775,False,-0.4917084825350857,False,0.2813364848081088,False,0.11394219398498537,False
2027,B,562,1780392120.0,False,-1,,3,False,0.0,16.0,0.0,-1.4373038355521466,False,0.3787548917976107,False,-1.4373038355521466,False,0.2836468492771186,False,0.14521515369415283,False
2027,B,563,1780392180.0,False,-1,,3,False,0.0,25.0,0.0,-1.133503883851068,False,0.3675181969330733,False,-1.133503883851068,False,0.2844765274040158,False,0.14587774276733398,False
2027,B,564,1780392240.0,True,47,dependency_timeout,3,False,0.0,13.0,0.0,4.468984006654058,True,0.5199216734614976,False,4.468984006654058,True,1.0,True,17.649652004241922,True
2027,B,565,1780392300.0,True,47,dependency_timeout,3,False,2.0,18.0,0.0,4.468984006654058,True,0.6926810856495467,True,4.468984006654058,True,1.0,True,1999999999.9999998,True
2027,B,566,1780392360.0,True,47,dependency_timeout,3,False,3.0,19.0,0.0,4.468984006654058,True,0.6949784126730923,True,4.468984006654058,True,1.0,True,3000000000.0,True
2027,B,567,1780392420.0,True,47,dependency_timeout,3,False,0.0,8.0,0.0,-0.9870660727806166,False,0.417113520809739,False,-0.9870660727806166,False,0.2813364848081088,False,0.1524877071380615,False
2027,B,568,1780392480.0,False,-1,,4,False,0.0,15.0,0.0,-1.2354550679420004,False,0.37885867865129313,False,-1.2354550679420004,False,0.28349405466720345,False,0.1359006404876709,False
2027,B,569,1780392540.0,False,-1,,4,False,0.0,15.0,0.0,-1.3110399503277916,False,0.38691597066236355,False,-1.3110399503277916,False,0.28349405466720345,False,0.1688906192779541,False
2027,B,570,1780392600.0,False,-1,,4,False,0.0,19.0,0.0,-1.5755332919594798,False,0.3603186531222129,False,-1.5755332919594798,False,0.2840093691312235,False,0.15314064025878907,False
2027,B,571,1780392660.0,False,-1,,4,False,0.0,17.0,0.0,-1.143388810609756,False,0.37769727639746487,False,-1.143388810609756,False,0.2837817646511713,False,0.14030990600585938,False
2027,B,572,1780392720.0,False,-1,,4,False,0.0,22.0,0.0,-0.6259434362280505,False,0.41586821088723774,False,-0.6259434362280505,False,0.28427417542924155,False,0.22573854923248285,False
2027,B,573,1780392780.0,False,-1,,4,False,0.0,15.0,0.0,-1.2875510711770497,False,0.396680432288059,False,-1.2875510711770497,False,0.28349405466720345,False,0.13791303634643554,False
2027,B,574,1780392840.0,False,-1,,4,False,0.0,14.0,0.0,-1.6851686682145584,False,0.39209989468051765,False,-1.6851686682145584,False,0.28331948112322897,False,0.15080089569091798,False
2027,B,575,1780392900.0,False,-1,,4,False,0.0,17.0,0.0,-1.3065963009183301,False,0.3719688808876602,False,-1.3065963009183301,False,0.2837817646511713,False,0.15386924743652344,False
2027,B,576,1780392960.0,False,-1,,4,False,0.0,16.0,0.0,-1.389152386223838,False,0.3750402746866956,False,-1.389152386223838,False,0.2836468492771186,False,0.1596381664276123,False
2027,B,577,1780393020.0,False,-1,,4,False,0.0,17.0,0.0,-1.5476571843754803,False,0.3719349899854343,False,-1.5476571843754803,False,0.2837817646511713,False,0.16534109115600587,False
2027,B,578,1780393080.0,True,48,dependency_timeout,4,False,0.0,23.0,0.0,3.32333981674743,True,0.4223000115551368,False,3.32333981674743,True,0.2843473600926415,False,0.44274611473083497,False
2027,B,579,1780393140.0,True,48,dependency_timeout,4,False,1.0,14.0,0.0,4.468984006654058,True,0.6932692797717221,True,4.468984006654058,True,1.0,True,999999999.9999999,True
2027,B,580,1780393200.0,True,48,dependency_timeout,4,False,3.0,21.0,0.0,4.468984006654058,True,0.6989085616700698,True,4.468984006654058,True,1.0,True,1999999999.9999998,True
2027,B,581,1780393260.0,True,48,dependency_timeout,4,False,0.0,10.0,0.0,4.468984006454279,True,0.503054722905697,False,4.468984006454279,True,0.28226841507490547,False,0.8750111103057862,False
2027,B,582,1780393320.0,True,48,dependency_timeout,4,False,0.0,16.0,0.0,-1.5200892060496667,False,0.37770231662931986,False,-1.5200892060496667,False,0.2836468492771186,False,0.14098310470581055,False
2027,B,583,1780393380.0,False,-1,,4,False,0.0,17.0,0.0,-1.0512731722270976,False,0.37500493243927907,False,-1.0512731722270976,False,0.2837817646511713,False,0.13122482299804689,False
2027,B,584,1780393440.0,False,-1,,4,False,0.0,15.0,0.0,-1.0231238269900649,False,0.38438742351070054,False,-1.0231238269900649,False,0.28349405466720345,False,0.14493799209594727,False
2027,B,585,1780393500.0,False,-1,,4,False,0.0,27.0,0.0,-0.7060683545610837,False,0.5462236464933028,False,-0.7060683545610837,False,0.0001916755188397717,False,1.0,False
2027,B,586,1780393560.0,False,-1,,4,False,0.0,18.0,0.0,-1.0721475011943218,False,0.3962782392064388,False,-1.0721475011943218,False,0.28390181531234,False,0.17234377861022948,False
2027,B,587,1780393620.0,False,-1,,4,False,0.0,14.0,0.0,-1.4625358347269986,False,0.38737483049453275,False,-1.4625358347269986,False,0.28331948112322897,False,0.14062116146087644,False
2027,B,588,1780393680.0,False,-1,,4,False,0.0,23.0,0.0,-0.963847891260567,False,0.5482064865514048,False,-0.963847891260567,False,0.00015638947957610428,False,1.0,False
2027,B,589,1780393740.0,False,-1,,4,False,0.0,17.0,0.0,-0.7556803646456691,False,0.38169660907473313,False,-0.7556803646456691,False,0.2837817646511713,False,0.13079662322998048,False
2027,B,590,1780393800.0,False,-1,,4,False,0.0,22.0,0.0,-1.0086116149501905,False,0.3780595720818387,False,-1.0086116149501905,False,0.28427417542924155,False,0.1313220500946045,False
2027,B,591,1780393860.0,False,-1,,4,False,0.0,13.0,0.0,-1.0047749466968732,False,0.3959803128419405,False,-1.0047749466968732,False,0.2831179908395116,False,0.1639961242675781,False
2027,B,592,1780393920.0,True,49,permission_denied,4,False,0.0,17.0,0.0,4.433640442948483,True,0.5122864177718406,False,4.433640442948483,True,1.0,True,3.0,True
2027,B,593,1780393980.0,True,49,permission_denied,4,False,0.0,25.0,0.0,4.468967982812741,True,0.47898169361158316,False,4.468967982812741,True,1.0,True,8.0,True
2027,B,594,1780394040.0,True,49,permission_denied,4,False,0.0,19.0,0.0,4.46898048645143,True,0.4905598480944654,False,4.46898048645143,True,1.0,True,9.0,True
2027,B,595,1780394100.0,True,49,permission_denied,4,False,0.0,20.0,0.0,4.4199804535493845,True,0.5713928900678483,False,4.4199804535493845,True,1.0,True,5.0,True
2027,B,596,1780394160.0,False,-1,,4,False,0.0,16.0,0.0,-1.766132733011056,False,0.3761540245474148,False,-1.766132733011056,False,0.2836468492771186,False,0.1663355827331543,False
2027,B,597,1780394220.0,False,-1,,4,False,0.0,13.0,0.0,-1.6729407075054397,False,0.38422725347731496,False,-1.6729407075054397,False,0.2831179908395116,False,0.17093105316162102,False
2027,B,598,1780394280.0,False,-1,,4,False,0.0,22.0,0.0,-1.213968849829305,False,0.3625021414174747,False,-1.213968849829305,False,0.28427417542924155,False,0.14641335010528564,False
2027,B,599,1780394340.0,False,-1,,4,False,0.0,14.0,0.0,-1.5132774274666048,False,0.38515590938910305,False,-1.5132774274666048,False,0.28331948112322897,False,0.16669409275054928,False
2027,B,600,1780394400.0,False,-1,,4,False,0.0,25.0,0.0,-0.9330615648187326,False,0.3826961572913453,False,-0.9330615648187326,False,0.2844765274040158,False,0.18433094024658195,False
2027,B,601,1780394460.0,False,-1,,4,False,0.0,13.0,0.0,-0.445378232277192,False,0.3940162671871043,False,-0.445378232277192,False,0.2831179908395116,False,0.12637968063354493,False
2027,B,602,1780394520.0,True,50,config_error,4,False,0.0,12.0,0.0,4.233753159795836,True,0.4774184923461037,False,4.233753159795836,True,0.9999999995359157,True,2.0,True
2027,B,603,1780394580.0,True,50,config_error,4,False,0.0,22.0,0.0,4.468984006640878,True,0.5181046263157354,False,4.468984006640878,True,0.999998424213475,True,20.0,True
2027,B,604,1780394640.0,True,50,config_error,4,False,0.0,18.0,0.0,4.468984006484429,True,0.5160577394906526,False,4.468984006484429,True,0.9999987337237349,True,17.0,True
2027,B,605,1780394700.0,True,50,config_error,4,False,0.0,20.0,0.0,-1.4730220933926574,False,0.3595700306898949,False,-1.4730220933926574,False,0.2841063125275758,False,0.15263552665710448,False
2027,B,606,1780394760.0,False,-1,,4,False,0.0,24.0,0.0,-1.125342391477231,False,0.3706583549733545,False,-1.125342391477231,False,0.28441457271463133,False,0.14523191452026368,False
2027,B,607,1780394820.0,False,-1,,4,False,0.0,23.0,0.0,-1.1328082228584604,False,0.36705070328204303,False,-1.1328082228584604,False,0.2843473600926415,False,0.15197877883911132,False
2027,B,608,1780394880.0,False,-1,,4,False,0.0,24.0,0.0,-1.0807428331731233,False,0.3871113406568933,False,-1.0807428331731233,False,0.28441457271463133,False,0.20412023067474366,False
2027,B,609,1780394940.0,False,-1,,4,False,0.0,10.0,0.0,-0.8984738487634925,False,0.41290926899004216,False,-0.8984738487634925,False,0.28226841507490547,False,0.13412587642669677,False
2027,B,610,1780395000.0,False,-1,,4,False,0.0,17.0,0.0,-1.4752566561663842,False,0.37477393939952297,False,-1.4752566561663842,False,0.2837817646511713,False,0.1519299507141113,False
2027,B,611,1780395060.0,False,-1,,4,False,0.0,12.0,0.0,-1.2280060297383342,False,0.3829073136288043,False,-1.2280060297383342,False,0.28288267083732616,False,0.1439410448074341,False
2027,B,612,1780395120.0,True,51,resource_exhaustion,4,False,0.0,19.0,0.0,4.4689840066536,True,0.43891988693981865,False,4.4689840066536,True,0.2840093691312235,False,0.18497309684753419,False
2027,B,613,1780395180.0,True,51,resource_exhaustion,4,False,2.0,22.0,0.0,4.468984006654058,True,0.7020870453751507,True,4.468984006654058,True,1.0,True,1999999999.9999998,True
2027,B,614,1780395240.0,True,51,resource_exhaustion,4,False,1.0,21.0,0.0,4.468984006654058,True,0.6812031472488826,False,4.468984006654058,True,1.0,True,999999999.9999999,True
2027,B,615,1780395300.0,True,51,resource_exhaustion,4,False,4.0,18.0,0.0,4.468984006654058,True,0.7059125079829051,True,4.468984006654058,True,1.0,True,3999999999.9999995,True
2027,B,616,1780395360.0,False,-1,,4,False,0.0,23.0,0.0,-0.9217912577911767,False,0.3678585992321342,False,-0.9217912577911767,False,0.2843473600926415,False,0.1484288215637207,False
2027,B,617,1780395420.0,False,-1,,4,False,0.0,19.0,0.0,-1.0419212133406326,False,0.3715441743138258,False,-1.0419212133406326,False,0.2840093691312235,False,0.1528160572052002,False
2027,B,618,1780395480.0,False,-1,,4,False,0.0,26.0,0.0,-1.0706822706597103,False,0.3664153057377305,False,-1.0706822706597103,False,0.28453382775325387,False,0.14030098915100098,False
2027,B,619,1780395540.0,False,-1,,4,False,0.0,19.0,0.0,-1.0836006879724716,False,0.40263985043421247,False,-1.0836006879724716,False,0.2840093691312235,False,0.19638381004333497,False
2027,B,620,1780395600.0,False,-1,,4,False,0.0,18.0,0.0,-0.7299259592780452,False,0.37974621273997716,False,-0.7299259592780452,False,0.28390181531234,False,0.14778785705566405,False
2027,B,621,1780395660.0,False,-1,,4,False,0.0,20.0,0.0,-1.699601377643801,False,0.36193526939460985,False,-1.699601377643801,False,0.2841063125275758,False,0.16497280597686764,False
2027,B,622,1780395720.0,False,-1,,4,False,0.0,18.0,0.0,-1.1680857649228837,False,0.375109858442186,False,-1.1680857649228837,False,0.28390181531234,False,0.1323990821838379,False
2027,B,623,1780395780.0,False,-1,,4,False,0.0,12.0,0.0,-1.5866768517330971,False,0.3880036890531651,False,-1.5866768517330971,False,0.28288267083732616,False,0.17430243492126468,False
2027,B,624,1780395840.0,True,52,config_error,4,False,0.0,28.0,0.0,4.46010187302223,True,0.48105977145789597,False,4.46010187302223,True,0.9999999835417532,True,4.0,True
2027,B,625,1780395900.0,True,52,config_error,4,False,0.0,22.0,0.0,4.468984006649649,True,0.5114935249256255,False,4.468984006649649,True,0.9999981885548384,True,21.0,True
2027,B,626,1780395960.0,True,52,config_error,4,False,0.0,18.0,0.0,4.468984002507413,True,0.5349251079179927,False,4.468984002507413,True,0.9999992394911357,True,14.0,True
2027,B,627,1780396020.0,False,-1,,4,False,0.0,19.0,0.0,-1.1016897125967526,False,0.3896516576498749,False,-1.1016897125967526,False,0.2840093691312235,False,0.13087544441223145,False
2027,B,628,1780396080.0,False,-1,,4,False,0.0,16.0,0.0,-0.5871760505523227,False,0.41401915024207964,False,-0.5871760505523227,False,0.2836468492771186,False,0.19077193737030027,False
2027,B,629,1780396140.0,False,-1,,4,False,0.0,18.0,0.0,-0.9972637740108636,False,0.39932977935079317,False,-0.9972637740108636,False,0.28390181531234,False,0.18717699050903314,False
2027,B,630,1780396200.0,False,-1,,4,False,0.0,21.0,0.0,-0.9765947112063573,False,0.3723336318812084,False,-0.9765947112063573,False,0.2841941673899105,False,0.1568412780761719,False
2027,B,631,1780396260.0,False,-1,,4,False,0.0,16.0,0.0,-0.8786725024681541,False,0.41050102887717205,False,-0.8786725024681541,False,0.2836468492771186,False,0.18321001529693604,False
2027,B,632,1780396320.0,False,-1,,4,False,0.0,19.0,0.0,-1.4435478757213955,False,0.37862075425057296,False,-1.4435478757213955,False,0.2840093691312235,False,0.15290360450744628,False
2027,B,633,1780396380.0,False,-1,,4,False,0.0,13.0,0.0,-1.6709740822385513,False,0.3818591969280628,False,-1.6709740822385513,False,0.2831179908395116,False,0.1486263275146484,False
2027,B,634,1780396440.0,False,-1,,4,False,0.0,21.0,0.0,-0.8674295397034122,False,0.3757983126008784,False,-0.8674295397034122,False,0.2841941673899105,False,0.1632556915283203,False
2027,B,635,1780396500.0,False,-1,,4,False,0.0,15.0,0.0,-0.7238135107934429,False,0.3915318048899947,False,-0.7238135107934429,False,0.28349405466720345,False,0.12006068229675293,False
2027,B,636,1780396560.0,True,53,config_error,4,False,1.0,15.0,0.0,4.468984006266783,True,0.6488753995373328,False,4.468984006266783,True,0.9999932814241171,True,12.0,True
2027,B,637,1780396620.0,True,53,config_error,4,False,0.0,28.0,0.0,4.468984006653989,True,0.5335830342208459,False,4.468984006653989,True,0.9999980980631056,True,26.0,True
2027,B,638,1780396680.0,True,53,config_error,4,False,0.0,18.0,0.0,4.468983987362136,True,0.50900651160539,False,4.468983987362136,True,0.9999995031335893,True,13.0,True
2027,B,639,1780396740.0,False,-1,,4,False,0.0,23.0,0.0,-0.8435168332985281,False,0.40841848045780194,False,-0.8435168332985281,False,0.2843473600926415,False,0.19156169891357425,False
2027,B,640,1780396800.0,False,-1,,4,False,0.0,20.0,0.0,-1.6345967264645935,False,0.3644829317233622,False,-1.6345967264645935,False,0.2841063125275758,False,0.17351887226104729,False
2027,B,641,1780396860.0,False,-1,,4,False,0.0,22.0,0.0,-0.92762722973798,False,0.39745394899184494,False,-0.92762722973798,False,0.28427417542924155,False,0.14062759876251218,False
2027,B,642,1780396920.0,False,-1,,4,False,0.0,26.0,0.0,-0.6621316794807672,False,0.40152546139242884,False,-0.6621316794807672,False,0.28453382775325387,False,0.21471858024597168,False
2027,B,643,1780396980.0,False,-1,,4,False,0.0,20.0,0.0,-1.0294343084147783,False,0.4022648796245887,False,-1.0294343084147783,False,0.2841063125275758,False,0.21359717845916737,False
2027,B,644,1780397040.0,False,-1,,4,False,0.0,19.0,0.0,-1.7078309798661016,False,0.3638652213901916,False,-1.7078309798661016,False,0.2840093691312235,False,0.16215410232543945,False
2027,B,645,1780397100.0,False,-1,,4,False,0.0,28.0,0.0,-1.279199616645867,False,0.3787861778643243,False,-1.279199616645867,False,0.28463644685275474,False,0.18943824768066406,False
2027,B,646,1780397160.0,True,54,permission_denied,4,False,0.0,23.0,0.0,4.468667257788697,True,0.47860463421752364,False,4.468667257788697,True,1.0,True,6.0,True
2027,B,647,1780397220.0,True,54,permission_denied,4,False,1.0,19.0,0.0,4.468983250287489,True,0.6304617457367325,False,4.468983250287489,True,1.0,True,7.0,True
2027,B,648,1780397280.0,True,54,permission_denied,4,False,0.0,20.0,0.0,4.419528149658757,True,0.4718553926525961,False,4.419528149658757,True,1.0,True,3.0,True
2027,B,649,1780397340.0,False,-1,,4,False,0.0,12.0,0.0,-1.455059088752468,False,0.3992809095440971,False,-1.455059088752468,False,0.28288267083732616,False,0.1935630559921265,False
2027,B,650,1780397400.0,False,-1,,4,False,0.0,27.0,0.0,-1.2727128231003997,False,0.3715108466708056,False,-1.2727128231003997,False,0.2845869875261109,False,0.15097031593322752,False
2027,B,651,1780397460.0,False,-1,,4,True,0.0,24.0,0.0,-0.90085342299008,False,0.40043780436056453,False,-0.90085342299008,False,0.28441457271463133,False,0.14330682754516602,False
2027,B,652,1780397520.0,False,-1,,4,True,0.0,233.0,0.0,1.6769390859933968,True,0.7295378321774333,True,1.6769390859933968,True,0.0016266976353715554,False,1.0,False
2027,B,653,1780397580.0,False,-1,,4,True,0.0,214.0,0.0,-0.1166665281043926,False,0.6694370675296756,False,-0.1166665281043926,False,0.28583741500388005,False,0.1776599645614624,False
2027,B,654,1780397640.0,False,-1,,4,False,0.0,15.0,0.0,-0.9372661249673993,False,0.386890599490973,False,-0.9372661249673993,False,0.28349405466720345,False,0.1466541290283203,False
2027,B,655,1780397700.0,False,-1,,4,False,0.0,17.0,0.0,-1.0954894446159624,False,0.39530823001504783,False,-1.0954894446159624,False,0.2837817646511713,False,0.1816028594970703,False
2027,B,656,1780397760.0,False,-1,,4,False,0.0,15.0,0.0,-1.3682112216977416,False,0.38550691581026203,False,-1.3682112216977416,False,0.28349405466720345,False,0.14355978965759278,False
2027,B,657,1780397820.0,False,-1,,4,False,0.0,27.0,0.0,-0.689350226518366,False,0.3844250804621151,False,-0.689350226518366,False,0.2845869875261109,False,0.13588700294494627,False
2027,B,658,1780397880.0,False,-1,,4,False,0.0,30.0,0.0,-0.5707193607279919,False,0.4025565301979524,False,-0.5707193607279919,False,0.2847257307483576,False,0.17762155532836915,False
2027,B,659,1780397940.0,True,55,permission_denied,4,False,0.0,24.0,0.0,4.467387928458989,True,0.4772113903163913,False,4.467387928458989,True,1.0,True,5.0,True
2027,B,660,1780398000.0,True,55,permission_denied,4,False,0.0,17.0,0.0,4.468970108855554,True,0.49175630300224954,False,4.468970108855554,True,1.0,True,8.0,True
2027,B,661,1780398060.0,True,55,permission_denied,4,False,0.0,28.0,0.0,4.468983656079315,True,0.4886991105532592,False,4.468983656079315,True,1.0,True,11.0,True
2027,B,662,1780398120.0,True,55,permission_denied,4,False,0.0,19.0,0.0,4.459226787409934,True,0.46292092964283654,False,4.459226787409934,True,1.0,True,4.0,True
2027,B,663,1780398180.0,False,-1,,4,False,0.0,19.0,0.0,-1.720092141514825,False,0.36236958518536333,False,-1.720092141514825,False,0.2840093691312235,False,0.1678393840789795,False
2027,B,664,1780398240.0,False,-1,,4,False,0.0,23.0,0.0,-0.8137488590387782,False,0.41141275067036226,False,-0.8137488590387782,False,0.2843473600926415,False,0.16173777580261234,False
2027,B,665,1780398300.0,False,-1,,4,False,0.0,20.0,0.0,-1.1106383534405744,False,0.38487545269075424,False,-1.1106383534405744,False,0.2841063125275758,False,0.17020776271820068,False
2027,B,666,1780398360.0,False,-1,,4,False,0.0,21.0,0.0,-1.3038793593855171,False,0.36604362340717755,False,-1.3038793593855171,False,0.2841941673899105,False,0.1667003631591797,False
2027,B,667,1780398420.0,False,-1,,4,False,0.0,36.0,0.0,-0.9911540582452831,False,0.41896237024166627,False,-0.9911540582452831,False,0.2849355722416572,False,0.18461608886718742,False
2027,B,668,1780398480.0,False,-1,,4,False,0.0,21.0,0.0,-0.9380180217173155,False,0.3664501653302123,False,-0.9380180217173155,False,0.2841941673899105,False,0.15361070632934573,False
2027,B,669,1780398540.0,False,-1,,4,False,0.0,28.0,0.0,-0.9905699937291121,False,0.3882192927028977,False,-0.9905699937291121,False,0.28463644685275474,False,0.1510852098464966,False
2027,B,670,1780398600.0,False,-1,,4,False,0.0,22.0,0.0,-1.315737710393785,False,0.36470093918868457,False,-1.315737710393785,False,0.28427417542924155,False,0.14720675945281983,False
2027,B,671,1780398660.0,False,-1,,4,False,0.0,21.0,0.0,-1.0873708590709308,False,0.3949578321650472,False,-1.0873708590709308,False,0.2841941673899105,False,0.21153688430786133,False
2027,B,672,1780398720.0,False,-1,,4,False,0.0,24.0,0.0,-1.3975544777777236,False,0.3666030885974897,False,-1.3975544777777236,False,0.28441457271463133,False,0.1744009494781494,False
2027,B,673,1780398780.0,False,-1,,4,False,0.0,23.0,0.0,-1.2876192396603807,False,0.381331895904327,False,-1.2876192396603807,False,0.2843473600926415,False,0.1965047359466553,False
2027,B,674,1780398840.0,True,56,resource_exhaustion,4,False,2.0,19.0,0.0,4.468984006654058,True,0.7071483620314974,True,4.468984006654058,True,1.0,True,1999999999.9999998,True
2027,B,675,1780398900.0,True,56,resource_exhaustion,4,False,2.0,18.0,0.0,4.468984006654058,True,0.7101678159566435,True,4.468984006654058,True,1.0,True,1999999999.9999998,True
2027,B,676,1780398960.0,True,56,resource_exhaustion,4,False,4.0,19.0,0.0,4.468984006654058,True,0.7089837700726594,True,4.468984006654058,True,1.0,True,3000000000.0,True
2027,B,677,1780399020.0,True,56,resource_exhaustion,4,False,3.0,16.0,0.0,4.468984006654058,True,0.7151949471640292,True,4.468984006654058,True,1.0,True,3999999999.9999995,True
2027,B,678,1780399080.0,False,-1,,4,False,0.0,19.0,0.0,-1.1864802480661947,False,0.40371489057971455,False,-1.1864802480661947,False,0.2840093691312235,False,0.1701514720916748,False
2027,B,679,1780399140.0,False,-1,,4,False,0.0,25.0,0.0,-0.6673918583395242,False,0.38329701947314704,False,-0.6673918583395242,False,0.2844765274040158,False,0.16237993240356446,False
2027,B,680,1780399200.0,False,-1,,4,False,0.0,21.0,0.0,-0.7939213307534176,False,0.5630002576114987,False,-0.7939213307534176,False,0.000138896178282907,False,1.0,False
2027,B,681,1780399260.0,False,-1,,4,False,0.0,20.0,0.0,-1.3938937901607078,False,0.3762722854934309,False,-1.3938937901607078,False,0.2841063125275758,False,0.1500878572463989,False
2027,B,682,1780399320.0,False,-1,,4,False,1.0,23.0,0.0,-0.8525538140605322,False,0.5600938080514306,False,-0.8525538140605322,False,5.440276432631634e-05,False,0.1608875274658203,False
2027,B,683,1780399380.0,False,-1,,4,False,0.0,28.0,0.0,-1.2920695776453561,False,0.3693859585928747,False,-1.2920695776453561,False,0.28463644685275474,False,0.17228155136108397,False
2027,B,684,1780399440.0,False,-1,,4,False,0.0,26.0,0.0,-1.183306231403252,False,0.37927075530075033,False,-1.183306231403252,False,0.28453382775325387,False,0.19026637077331543,False
2027,B,685,1780399500.0,True,57,dependency_timeout,4,False,1.0,17.0,0.0,4.468984006654058,True,0.6756761084979999,False,4.468984006654058,True,1.0,True,1999999999.9999998,True
2027,B,686,1780399560.0,True,57,dependency_timeout,4,False,1.0,17.0,0.0,4.468984006654058,True,0.6785833814001639,False,4.468984006654058,True,1.0,True,999999999.9999999,True
2027,B,687,1780399620.0,True,57,dependency_timeout,4,False,2.0,21.0,0.0,4.468984006654058,True,0.6869228867168928,True,4.468984006654058,True,1.0,True,999999999.9999999,True
2027,B,688,1780399680.0,False,-1,,4,False,0.0,22.0,0.0,-0.6841660383260715,False,0.4157446580254605,False,-0.6841660383260715,False,0.28427417542924155,False,0.197388482093811,False
2027,B,689,1780399740.0,False,-1,,4,False,0.0,25.0,0.0,-1.483548413980345,False,0.36349555005308826,False,-1.483548413980345,False,0.2844765274040158,False,0.16606874465942384,False
2027,B,690,1780399800.0,False,-1,,4,False,0.0,22.0,0.0,-0.8867247424654172,False,0.38944620599757085,False,-0.8867247424654172,False,0.28427417542924155,False,0.1874530076980591,False
2027,B,691,1780399860.0,False,-1,,4,False,0.0,14.0,0.0,-1.4396098917811617,False,0.3872323716319497,False,-1.4396098917811617,False,0.28331948112322897,False,0.14429759979248047,False
2027,B,692,1780399920.0,False,-1,,4,False,0.0,26.0,0.0,-1.2598101183666008,False,0.3636582997328962,False,-1.2598101183666008,False,0.28453382775325387,False,0.14698326587677002,False
2027,B,693,1780399980.0,False,-1,,4,False,0.0,14.0,0.0,-1.2983320040624653,False,0.3899751864369715,False,-1.2983320040624653,False,0.28331948112322897,False,0.15586683750152586,False
2027,B,694,1780400040.0,False,-1,,4,False,0.0,22.0,0.0,-1.5410773985950081,False,0.35884398963423575,False,-1.5410773985950081,False,0.28427417542924155,False,0.15899915695190428,False
2027,B,695,1780400100.0,False,-1,,4,False,0.0,15.0,0.0,-1.5773916703181703,False,0.38720441792247834,False,-1.5773916703181703,False,0.28349405466720345,False,0.18486166000366208,False
2027,B,696,1780400160.0,True,58,dependency_timeout,4,False,1.0,21.0,0.0,4.468984006654058,True,0.6716361090910037,False,4.468984006654058,True,1.0,True,20.037013053894043,True
2027,B,697,1780400220.0,True,58,dependency_timeout,4,False,1.0,18.0,0.0,4.468984006654058,True,0.6821853182426891,False,4.468984006654058,True,1.0,True,1999999999.9999998,True
2027,B,698,1780400280.0,True,58,dependency_timeout,4,False,3.0,21.0,0.0,4.468984006654058,True,0.6905239492947243,True,4.468984006654058,True,1.0,True,1999999999.9999998,True
2027,B,699,1780400340.0,True,58,dependency_timeout,4,False,0.0,18.0,0.0,4.468984006654058,True,0.5174428014543225,False,4.468984006654058,True,1.0,True,999999999.9999999,True
2027,B,700,1780400400.0,False,-1,,4,False,0.0,21.0,0.0,-1.1294426046072745,False,0.39281821512072274,False,-1.1294426046072745,False,0.2841941673899105,False,0.19377803802490237,False
2027,B,701,1780400460.0,False,-1,,4,False,0.0,23.0,0.0,-1.4944251652096785,False,0.36103056316628124,False,-1.4944251652096785,False,0.2843473600926415,False,0.15268931388854987,False
2027,B,702,1780400520.0,False,-1,,4,False,0.0,29.0,0.0,-0.8347112152962115,False,0.41106517437880263,False,-0.8347112152962115,False,0.28468258503274285,False,0.20055484771728516,False
2027,B,703,1780400580.0,False,-1,,4,False,1.0,23.0,0.0,-0.45523076614369806,False,0.5731616263851259,False,-0.45523076614369806,False,5.440276432631634e-05,False,0.16468930244445804,False
2027,B,704,1780400640.0,False,-1,,4,False,0.0,21.0,0.0,-0.9291287003258732,False,0.39676528809957884,False,-0.9291287003258732,False,0.2841941673899105,False,0.13953208923339847,False
2027,B,705,1780400700.0,False,-1,,4,False,0.0,24.0,0.0,-0.33079465394326046,False,0.4248500787554659,False,-0.33079465394326046,False,0.28441457271463133,False,0.18655385971069335,False
2027,B,706,1780400760.0,False,-1,,4,False,0.0,22.0,0.0,-0.9597481908578587,False,0.37803440395588706,False,-0.9597481908578587,False,0.28427417542924155,False,0.1387948989868164,False
2027,B,707,1780400820.0,False,-1,,4,False,0.0,28.0,0.0,-0.34801096074672877,False,0.3812275995241138,False,-0.34801096074672877,False,0.28463644685275474,False,0.13634788990020752,False
2027,B,708,1780400880.0,False,-1,,4,False,0.0,23.0,0.0,-1.147689007115475,False,0.3642626208482173,False,-1.147689007115475,False,0.2843473600926415,False,0.15254187583923343,False
2027,B,709,1780400940.0,True,59,resource_exhaustion,4,False,3.0,21.0,0.0,4.468984006654058,True,0.7065185680373358,True,4.468984006654058,True,1.0,True,5000000000.0,True
2027,B,710,1780401000.0,True,59,resource_exhaustion,4,False,4.0,17.0,0.0,4.468984006654058,True,0.7108728004493715,True,4.468984006654058,True,1.0,True,3000000000.0,True
2027,B,711,1780401060.0,True,59,resource_exhaustion,4,False,4.0,30.0,0.0,4.468984006654058,True,0.7011539778415918,True,4.468984006654058,True,1.0,True,3999999999.9999995,True
2027,B,712,1780401120.0,False,-1,,5,False,0.0,19.0,0.0,-1.1524385387274707,False,0.5526599858407146,False,-1.1524385387274707,False,0.00012157085420325556,False,1.0,False
2027,B,713,1780401180.0,False,-1,,5,False,0.0,21.0,0.0,-1.2667105596961319,False,0.366077331915921,False,-1.2667105596961319,False,0.2841941673899105,False,0.15729856491088867,False
2027,B,714,1780401240.0,False,-1,,5,False,0.0,26.0,0.0,-1.0695721514271854,False,0.366280897062248,False,-1.0695721514271854,False,0.28453382775325387,False,0.1519680023193359,False
2027,B,715,1780401300.0,False,-1,,5,False,0.0,17.0,0.0,-0.15754044627755626,False,0.4144137124027022,False,-0.15754044627755626,False,0.2837817646511713,False,0.11651182174682616,False
2027,B,716,1780401360.0,False,-1,,5,False,0.0,18.0,0.0,-1.5796840043034148,False,0.38000168516080074,False,-1.5796840043034148,False,0.28390181531234,False,0.1748509407043456,False
2027,B,717,1780401420.0,False,-1,,5,False,0.0,21.0,0.0,-1.4393780327479195,False,0.37280866765826,False,-1.4393780327479195,False,0.2841941673899105,False,0.18515872955322266,False
2027,B,718,1780401480.0,True,60,config_error,5,False,0.0,21.0,0.0,4.468649213310662,True,0.4782653255024856,False,4.468649213310662,True,0.9999999458368287,True,6.0,True
2027,B,719,1780401540.0,True,60,config_error,5,False,0.0,28.0,0.0,4.4689840066533035,True,0.4970696006625444,False,4.4689840066533035,True,0.9999984190193296,True,24.0,True
2027,B,720,1780401600.0,True,60,config_error,5,False,1.0,28.0,0.0,4.468984006654058,True,0.6478859246772605,False,4.468984006654058,True,0.999981991956022,True,27.0,True
2027,B,721,1780401660.0,True,60,config_error,5,False,0.0,26.0,0.0,4.468984006644723,True,0.5071925354456736,False,4.468984006644723,True,0.9999987579469735,True,21.0,True
2027,B,722,1780401720.0,True,60,config_error,5,False,0.0,24.0,0.0,4.4671683358711585,True,0.4623289234645121,False,4.4671683358711585,True,0.9999999711704927,True,5.0,True
2027,B,723,1780401780.0,False,-1,,5,True,1.0,238.0,0.0,0.6340596217641075,False,0.7340153719036906,True,0.6340596217641075,False,0.0011530282184090983,False,0.15505597591400144,False
2027,B,724,1780401840.0,False,-1,,5,True,0.0,270.0,0.0,0.3284943613412299,False,0.6839760563004827,False,0.3284943613412299,False,0.28587257486262363,False,0.17877049446105958,False
2027,B,725,1780401900.0,False,-1,,5,True,0.0,47.0,0.0,-0.2622865958925642,False,0.4980937114161644,False,-0.2622865958925642,False,0.2851845502376422,False,0.21120209693908687,False
2027,B,726,1780401960.0,False,-1,,5,False,0.0,23.0,0.0,-0.7596458628947351,False,0.37076481391209287,False,-0.7596458628947351,False,0.2843473600926415,False,0.14147539138793946,False
2027,B,727,1780402020.0,False,-1,,5,False,0.0,23.0,0.0,-0.9351250165339184,False,0.374646687104269,False,-0.9351250165339184,False,0.2843473600926415,False,0.16949381828308113,False
2027,B,728,1780402080.0,False,-1,,5,False,0.0,26.0,0.0,-1.3125045644333015,False,0.36842490952904056,False,-1.3125045644333015,False,0.28453382775325387,False,0.14936387538909915,False
2027,B,729,1780402140.0,False,-1,,5,False,0.0,35.0,0.0,-1.1224983064156442,False,0.39604816902686646,False,-1.1224983064156442,False,0.28490544893547115,False,0.17667231559753405,False
2027,B,730,1780402200.0,True,61,permission_denied,5,False,0.0,27.0,0.0,4.468983674864537,True,0.4934232788705105,False,4.468983674864537,True,1.0,True,11.0,True
2027,B,731,1780402260.0,True,61,permission_denied,5,False,0.0,30.0,0.0,4.468982939818616,True,0.49713476350308516,False,4.468982939818616,True,1.0,True,10.0,True
2027,B,732,1780402320.0,True,61,permission_denied,5,False,0.0,19.0,0.0,4.468967864251427,True,0.4783677156991363,False,4.468967864251427,True,1.0,True,8.0,True
2027,B,733,1780402380.0,True,61,permission_denied,5,False,0.0,30.0,0.0,4.41882210513,True,0.4758310379213856,False,4.41882210513,True,1.0,True,3.0,True
2027,B,734,1780402440.0,False,-1,,5,False,0.0,28.0,0.0,-0.7956456306212658,False,0.3838397050810822,False,-0.7956456306212658,False,0.28463644685275474,False,0.1794656991958618,False
2027,B,735,1780402500.0,False,-1,,5,False,0.0,20.0,0.0,-1.0019052470704857,False,0.36791312076869664,False,-1.0019052470704857,False,0.2841063125275758,False,0.14131698608398435,False
2027,B,736,1780402560.0,False,-1,,5,False,0.0,20.0,0.0,-1.3393636728566873,False,0.3642765150118241,False,-1.3393636728566873,False,0.2841063125275758,False,0.1404680013656616,False
2027,B,737,1780402620.0,False,-1,,5,False,0.0,19.0,0.0,-1.2906672221606188,False,0.3883791024016741,False,-1.2906672221606188,False,0.2840093691312235,False,0.14815206527709962,False
2027,B,738,1780402680.0,False,-1,,5,False,0.0,27.0,0.0,-0.5873774078550289,False,0.39751292349797857,False,-0.5873774078550289,False,0.2845869875261109,False,0.18987150192260738,False
2027,B,739,1780402740.0,False,-1,,5,False,0.0,28.0,0.0,-0.8844816552394761,False,0.37154469486193853,False,-0.8844816552394761,False,0.28463644685275474,False,0.15664317607879638,False
2027,B,740,1780402800.0,False,-1,,5,False,0.0,27.0,0.0,-1.31733852357985,False,0.36481803006562996,False,-1.31733852357985,False,0.2845869875261109,False,0.1631768703460693,False
2027,B,741,1780402860.0,True,62,config_error,5,False,0.0,24.0,0.0,4.4689840066486255,True,0.5278312206841907,False,4.4689840066486255,True,0.9999986925046747,True,21.0,True
2027,B,742,1780402920.0,True,62,config_error,5,False,0.0,21.0,0.0,4.468984006645769,True,0.5288254815720917,False,4.468984006645769,True,0.9999986712220119,True,20.0,True
2027,B,743,1780402980.0,True,62,config_error,5,False,0.0,32.0,0.0,4.468984006654058,True,0.5471268812684725,False,4.468984006654058,True,0.999997088372066,True,32.0,True
2027,B,744,1780403040.0,True,62,config_error,5,False,0.0,28.0,0.0,4.4689840062291495,True,0.5065534443598342,False,4.4689840062291495,True,0.9999992286250633,True,17.0,True
2027,B,745,1780403100.0,False,-1,,5,False,1.0,34.0,0.0,0.4638675807592909,False,0.6054030920506611,False,0.4638675807592909,False,0.0001106740110616095,False,0.20106601715087902,False
2027,B,746,1780403160.0,False,-1,,5,False,0.0,38.0,0.0,-0.699863844324935,False,0.43711393634888357,False,-0.699863844324935,False,0.2849912051575958,False,0.14633231163024907,False
2027,B,747,1780403220.0,False,-1,,5,False,0.0,22.0,0.0,-1.5760242051853028,False,0.3655016303005919,False,-1.5760242051853028,False,0.28427417542924155,False,0.16373553276062008,False
2027,B,748,1780403280.0,False,-1,,5,False,0.0,31.0,0.0,-1.1594057237189723,False,0.383359801254923,False,-1.1594057237189723,False,0.2847661702806276,False,0.18295288085937497,False
2027,B,749,1780403340.0,False,-1,,5,False,0.0,21.0,0.0,-1.4937700160112453,False,0.36221085611558373,False,-1.4937700160112453,False,0.2841941673899105,False,0.15535545349121094,False
2027,B,750,1780403400.0,False,-1,,5,False,0.0,25.0,0.0,-1.1635013665351455,False,0.3619214769490317,False,-1.1635013665351455,False,0.2844765274040158,False,0.1453244209289551,False
2027,B,751,1780403460.0,False,-1,,5,False,0.0,26.0,0.0,-1.3608852759184007,False,0.36307511652238117,False,-1.3608852759184007,False,0.28453382775325387,False,0.1693195104598999,False
2027,B,752,1780403520.0,False,-1,,5,False,0.0,23.0,0.0,-1.486363073357408,False,0.36192561175161625,False,-1.486363073357408,False,0.2843473600926415,False,0.17487874031066902,False
2027,B,753,1780403580.0,False,-1,,5,False,0.0,31.0,0.0,-0.9416327113912732,False,0.3926699027976724,False,-0.9416327113912732,False,0.2847661702806276,False,0.16886329650878906,False
2027,B,754,1780403640.0,True,63,dependency_timeout,5,False,0.0,23.0,0.0,3.5151216040967572,True,0.4575009023145146,False,3.5151216040967572,True,0.2850761495323213,False,15.524421691894522,True
2027,B,755,1780403700.0,True,63,dependency_timeout,5,False,1.0,21.0,0.0,4.468984006654058,True,0.6738206543529824,False,4.468984006654058,True,1.0,True,999999999.9999999,True
2027,B,756,1780403760.0,True,63,dependency_timeout,5,False,4.0,26.0,0.0,4.468984006654058,True,0.6880440018368358,True,4.468984006654058,True,1.0,True,3000000000.0,True
2027,B,757,1780403820.0,True,63,dependency_timeout,5,False,4.0,40.0,0.0,4.468984006654058,True,0.7032147673418498,True,4.468984006654058,True,1.0,True,999999999.9999999,True
2027,B,758,1780403880.0,False,-1,,5,False,0.0,24.0,0.0,-1.2589922702924286,False,0.37982711236328315,False,-1.2589922702924286,False,0.28441457271463133,False,0.1940004587173462,False
2027,B,759,1780403940.0,False,-1,,5,False,0.0,28.0,0.0,-0.8202243648237983,False,0.40228075185637757,False,-0.8202243648237983,False,0.28463644685275474,False,0.18251399993896483,False
2027,B,760,1780404000.0,False,-1,,5,False,0.0,27.0,0.0,-1.0369996499013912,False,0.3842106252721993,False,-1.0369996499013912,False,0.2845869875261109,False,0.18757576942443843,False
2027,B,761,1780404060.0,False,-1,,5,False,0.0,17.0,0.0,-0.7181755284103257,False,0.40152613725373476,False,-0.7181755284103257,False,0.2837817646511713,False,0.1748037338256836,False
2027,B,762,1780404120.0,False,-1,,5,False,0.0,18.0,0.0,-1.527256055059036,False,0.36734534028031723,False,-1.527256055059036,False,0.28390181531234,False,0.14399843215942382,False
2027,B,763,1780404180.0,False,-1,,5,False,0.0,22.0,0.0,-1.39471837760152,False,0.36602643351159464,False,-1.39471837760152,False,0.28427417542924155,False,0.16141893863677978,False
2027,B,764,1780404240.0,False,-1,,5,False,0.0,27.0,0.0,-1.0302278131791844,False,0.37025547798056047,False,-1.0302278131791844,False,0.2845869875261109,False,0.1394543647766113,False
2027,B,765,1780404300.0,False,-1,,5,False,0.0,20.0,0.0,-1.0132581450323324,False,0.38083783712945246,False,-1.0132581450323324,False,0.2841063125275758,False,0.13121376037597657,False
2027,B,766,1780404360.0,False,-1,,5,False,0.0,27.0,0.0,-0.8912846348487058,False,0.383260540639735,False,-0.8912846348487058,False,0.2845869875261109,False,0.13758492469787598,False
2027,B,767,1780404420.0,True,64,config_error,5,False,0.0,36.0,0.0,4.468984006654037,True,0.515047562269132,False,4.468984006654037,True,0.9999980010310854,True,29.0,True
2027,B,768,1780404480.0,True,64,config_error,5,False,0.0,27.0,0.0,4.468984006652303,True,0.4885322607537803,False,4.468984006652303,True,0.9999985230543578,True,23.0,True
2027,B,769,1780404540.0,True,64,config_error,5,False,0.0,24.0,0.0,4.468984006653892,True,0.511027778874778,False,4.468984006653892,True,0.999998065487105,True,24.0,True
2027,B,770,1780404600.0,True,64,config_error,5,False,0.0,30.0,0.0,4.468983996629857,True,0.5077741142861172,False,4.468983996629857,True,0.9999995049497846,True,14.0,True
2027,B,771,1780404660.0,False,-1,,5,False,0.0,31.0,0.0,-1.1199314766061637,False,0.388001413972568,False,-1.1199314766061637,False,0.2847661702806276,False,0.1879324913024902,False
2027,B,772,1780404720.0,False,-1,,5,False,0.0,25.0,0.0,-1.1883231062991593,False,0.3684285638938515,False,-1.1883231062991593,False,0.2844765274040158,False,0.14974517822265626,False
2027,B,773,1780404780.0,False,-1,,5,False,0.0,27.0,0.0,-1.0211819504241868,False,0.38291274099462663,False,-1.0211819504241868,False,0.2845869875261109,False,0.19174599647521964,False
2027,B,774,1780404840.0,False,-1,,5,False,0.0,26.0,0.0,-0.7269670115203963,False,0.37165187265057315,False,-0.7269670115203963,False,0.28453382775325387,False,0.13672471046447754,False
2027,B,775,1780404900.0,False,-1,,5,False,0.0,33.0,0.0,0.0548793918864412,False,0.43161957657981453,False,0.0548793918864412,False,0.28483990265687403,False,0.19761581420898439,False
2027,B,776,1780404960.0,False,-1,,5,False,0.0,29.0,0.0,-1.2291828876087871,False,0.37617994495371265,False,-1.2291828876087871,False,0.28468258503274285,False,0.17950534820556638,False
2027,B,777,1780405020.0,False,-1,,5,False,0.0,23.0,0.0,-0.9931207128423729,False,0.3947225881925285,False,-0.9931207128423729,False,0.2843473600926415,False,0.17835545539855957,False
2027,B,778,1780405080.0,True,65,resource_exhaustion,5,False,0.0,27.0,0.0,4.468984006654058,True,0.5453523454059884,False,4.468984006654058,True,1.0,True,999999999.9999999,True
2027,B,779,1780405140.0,True,65,resource_exhaustion,5,False,7.0,23.0,0.0,4.468984006654058,True,0.7053169151113303,True,4.468984006654058,True,1.0,True,6000000000.0,True
2027,B,780,1780405200.0,True,65,resource_exhaustion,5,False,7.0,30.0,0.0,4.468984006654058,True,0.7044046606107075,True,4.468984006654058,True,1.0,True,7000000000.0,True
2027,B,781,1780405260.0,True,65,resource_exhaustion,5,False,4.0,23.0,0.0,4.468984006654058,True,0.7055392394059696,True,4.468984006654058,True,1.0,True,3999999999.9999995,True
2027,B,782,1780405320.0,False,-1,,5,False,0.0,27.0,0.0,-1.0797017914343208,False,0.37259771241680645,False,-1.0797017914343208,False,0.2845869875261109,False,0.140898323059082,False
2027,B,783,1780405380.0,False,-1,,5,False,0.0,21.0,0.0,-0.9789514137963442,False,0.37420319012954434,False,-0.9789514137963442,False,0.2841941673899105,False,0.1589260101318359,False
2027,B,784,1780405440.0,False,-1,,5,False,1.0,27.0,0.0,0.08515323031000221,False,0.5959909257083261,False,0.08515323031000221,False,7.382594070753576e-05,False,0.13614130020141604,False
2027,B,785,1780405500.0,False,-1,,5,False,0.0,28.0,0.0,-0.5661603078903772,False,0.39674124182503795,False,-0.5661603078903772,False,0.28463644685275474,False,0.1843975305557251,False
2027,B,786,1780405560.0,False,-1,,5,False,0.0,37.0,0.0,-0.7154980955171828,False,0.4361307918057441,False,-0.7154980955171828,False,0.28496411683017375,False,0.1572052001953125,False
2027,B,787,1780405620.0,False,-1,,5,False,0.0,28.0,0.0,-0.807652258269524,False,0.38331692161685865,False,-0.807652258269524,False,0.28463644685275474,False,0.1373953104019165,False
2027,B,788,1780405680.0,False,-1,,5,False,0.0,29.0,0.0,-0.3315285299855901,False,0.3978541989639997,False,-0.3315285299855901,False,0.28468258503274285,False,0.14039735794067382,False
2027,B,789,1780405740.0,True,66,permission_denied,5,False,0.0,30.0,0.0,4.468972767958824,True,0.5860474599155439,False,4.468972767958824,True,1.0,True,12.0,True
2027,B,790,1780405800.0,True,66,permission_denied,5,False,0.0,27.0,0.0,4.468983994576998,True,0.47578609219719054,False,4.468983994576998,True,1.0,True,14.0,True
2027,B,791,1780405860.0,True,66,permission_denied,5,False,0.0,29.0,0.0,4.468983994334973,True,0.473832976572059,False,4.468983994334973,True,1.0,True,14.0,True
2027,B,792,1780405920.0,True,66,permission_denied,5,False,0.0,17.0,0.0,4.468656058941563,True,0.48226240649378027,False,4.468656058941563,True,1.0,True,6.0,True
2027,B,793,1780405980.0,False,-1,,5,False,0.0,34.0,0.0,-0.1569835952849754,False,0.5727217020440292,False,-0.1569835952849754,False,0.0002536862389517065,False,1.0,False
2027,B,794,1780406040.0,False,-1,,5,False,0.0,32.0,0.0,-0.9190694442593603,False,0.3843185920926646,False,-0.9190694442593603,False,0.2848041541702264,False,0.17167816162109376,False
2027,B,795,1780406100.0,False,-1,,5,False,0.0,35.0,0.0,-0.30335297716290466,False,0.4131804167095959,False,-0.30335297716290466,False,0.28490544893547115,False,0.12913861274719238,False
2027,B,796,1780406160.0,False,-1,,5,False,0.0,23.0,0.0,-1.1553070270451,False,0.38415192700491396,False,-1.1553070270451,False,0.2843473600926415,False,0.19308381080627446,False
2027,B,797,1780406220.0,False,-1,,5,False,0.0,24.0,0.0,-1.0119449498059607,False,0.36748092782017744,False,-1.0119449498059607,False,0.28441457271463133,False,0.14260120391845704,False
2027,B,798,1780406280.0,False,-1,,5,False,0.0,25.0,0.0,-1.1204123823244476,False,0.3774837889069016,False,-1.1204123823244476,False,0.2844765274040158,False,0.1894190788269042,False
2027,B,799,1780406340.0,False,-1,,5,False,0.0,28.0,0.0,-1.2871026165317145,False,0.3643291777970634,False,-1.2871026165317145,False,0.28463644685275474,False,0.16639435291290283,False
2027,B,800,1780406400.0,True,67,dependency_timeout,5,False,2.0,22.0,0.0,4.468984006654058,True,0.6898760174495074,True,4.468984006654058,True,1.0,True,999999999.9999999,True
2027,B,801,1780406460.0,True,67,dependency_timeout,5,False,2.0,26.0,0.0,4.468984006654058,True,0.6824321386155046,False,4.468984006654058,True,1.0,True,1999999999.9999998,True
2027,B,802,1780406520.0,True,67,dependency_timeout,5,False,2.0,27.0,0.0,4.468984006654058,True,0.693540548102111,True,4.468984006654058,True,1.0,True,1999999999.9999998,True
2027,B,803,1780406580.0,True,67,dependency_timeout,5,False,1.0,24.0,0.0,4.468984006654058,True,0.6805525311694738,False,4.468984006654058,True,1.0,True,999999999.9999999,True
2027,B,804,1780406640.0,False,-1,,5,False,0.0,36.0,0.0,-0.647907926472211,False,0.423238059485881,False,-0.647907926472211,False,0.2849355722416572,False,0.14877927303314206,False
2027,B,805,1780406700.0,False,-1,,5,False,0.0,35.0,0.0,-0.5466396726921356,False,0.4151361144854466,False,-0.5466396726921356,False,0.28490544893547115,False,0.183400011062622,False
2027,B,806,1780406760.0,False,-1,,5,False,0.0,24.0,0.0,-1.0947147964750483,False,0.36936551074695323,False,-1.0947147964750483,False,0.28441457271463133,False,0.13719415664672852,False
2027,B,807,1780406820.0,False,-1,,5,False,0.0,30.0,0.0,-0.7724692902864421,False,0.38979298554865377,False,-0.7724692902864421,False,0.2847257307483576,False,0.18490400314331054,False
2027,B,808,1780406880.0,False,-1,,5,False,0.0,26.0,0.0,-0.8903963885283126,False,0.386763524052955,False,-0.8903963885283126,False,0.28453382775325387,False,0.15199542045593262,False
2027,B,809,1780406940.0,False,-1,,5,False,0.0,27.0,0.0,-1.2169953886703828,False,0.36439663280773904,False,-1.2169953886703828,False,0.2845869875261109,False,0.15214366912841795,False
2027,B,810,1780407000.0,False,-1,,5,False,0.0,36.0,0.0,-0.031931090608026125,False,0.4297977455768481,False,-0.031931090608026125,False,0.2849355722416572,False,0.1370927095413208,False
2027,B,811,1780407060.0,True,68,dependency_timeout,5,False,2.0,30.0,0.0,4.468984006654058,True,0.6973511949168998,True,4.468984006654058,True,1.0,True,999999999.9999999,True
2027,B,812,1780407120.0,True,68,dependency_timeout,5,False,2.0,33.0,0.0,4.468984006654058,True,0.6951486029788566,True,4.468984006654058,True,1.0,True,1999999999.9999998,True
2027,B,813,1780407180.0,True,68,dependency_timeout,5,False,4.0,28.0,0.0,4.468984006654058,True,0.6960974367313387,True,4.468984006654058,True,1.0,True,3999999999.9999995,True
2027,B,814,1780407240.0,True,68,dependency_timeout,5,False,2.0,41.0,0.0,4.468984006654058,True,0.7161456125437238,True,4.468984006654058,True,1.0,True,999999999.9999999,True
2027,B,815,1780407300.0,False,-1,,5,False,0.0,30.0,0.0,-1.0019928560767344,False,0.37500523996380436,False,-1.0019928560767344,False,0.2847257307483576,False,0.1543745279312134,False
2027,B,816,1780407360.0,False,-1,,5,False,0.0,30.0,0.0,0.14752708594294273,False,0.5691329932685382,False,0.14752708594294273,False,0.00021825618884495812,False,1.0,False
2027,B,817,1780407420.0,False,-1,,5,False,0.0,30.0,0.0,-0.7607640609178885,False,0.3793437326438836,False,-0.7607640609178885,False,0.2847257307483576,False,0.16074910163879394,False
2027,B,818,1780407480.0,False,-1,,5,False,0.0,24.0,0.0,-0.8794467094880236,False,0.36718161733630017,False,-0.8794467094880236,False,0.28441457271463133,False,0.15058202743530275,False
2027,B,819,1780407540.0,False,-1,,5,False,0.0,34.0,0.0,-0.7408940699880189,False,0.39327089755503014,False,-0.7408940699880189,False,0.28487361015134033,False,0.17638401985168464,False
2027,B,820,1780407600.0,False,-1,,5,False,0.0,24.0,0.0,-1.496658708869071,False,0.3614172723966418,False,-1.496658708869071,False,0.28441457271463133,False,0.17478759288787843,False
2027,B,821,1780407660.0,False,-1,,5,False,0.0,29.0,0.0,-1.2064623149576814,False,0.37388488963575645,False,-1.2064623149576814,False,0.28468258503274285,False,0.17979068756103517,False
2027,B,822,1780407720.0,True,69,resource_exhaustion,5,False,0.0,27.0,0.0,4.468984006654058,True,0.5888813847683706,False,4.468984006654058,True,1.0,True,3000000000.0,True
2027,B,823,1780407780.0,True,69,resource_exhaustion,5,False,8.0,40.0,0.0,4.468984006654058,True,0.7116744170067382,True,4.468984006654058,True,1.0,True,7999999999.999999,True
2027,B,824,1780407840.0,True,69,resource_exhaustion,5,False,5.0,30.0,0.0,4.468984006654058,True,0.7032141913294659,True,4.468984006654058,True,1.0,True,6000000000.0,True
2027,B,825,1780407900.0,True,69,resource_exhaustion,5,False,6.0,37.0,0.0,4.468984006654058,True,0.6959799193091152,True,4.468984006654058,True,1.0,True,3999999999.9999995,True
2027,B,826,1780407960.0,False,-1,,5,False,0.0,33.0,0.0,-0.8285551862162928,False,0.38610062472286727,False,-0.8285551862162928,False,0.28483990265687403,False,0.1469882011413574,False
2027,B,827,1780408020.0,False,-1,,5,False,0.0,37.0,0.0,-1.020261397738416,False,0.41657226483510057,False,-1.020261397738416,False,0.28496411683017375,False,0.17914962768554688,False
2027,B,828,1780408080.0,False,-1,,5,False,0.0,29.0,0.0,-1.255952641347183,False,0.3710882267326799,False,-1.255952641347183,False,0.28468258503274285,False,0.15224971771240234,False
2027,B,829,1780408140.0,False,-1,,5,False,0.0,34.0,0.0,-0.7938929100261571,False,0.39160653069003326,False,-0.7938929100261571,False,0.28487361015134033,False,0.15345251560211184,False
2027,B,830,1780408200.0,False,-1,,5,False,0.0,39.0,0.0,-0.7142338711189735,False,0.4283696686858333,False,-0.7142338711189735,False,0.2850169472102008,False,0.16876125335693357,False
2027,B,831,1780408260.0,False,-1,,5,False,0.0,33.0,0.0,-0.8788297495880224,False,0.3832309194672998,False,-0.8788297495880224,False,0.28483990265687403,False,0.15170812606811523,False
2027,B,832,1780408320.0,False,-1,,5,False,0.0,30.0,0.0,-0.8769474568018572,False,0.39327663200990004,False,-0.8769474568018572,False,0.2847257307483576,False,0.13963031768798828,False
2027,B,833,1780408380.0,True,70,resource_exhaustion,5,False,0.0,41.0,0.0,4.468984006654058,True,0.6101929798062373,False,4.468984006654058,True,1.0,True,999999999.9999999,True
2027,B,834,1780408440.0,True,70,resource_exhaustion,5,False,4.0,20.0,0.0,4.468984006654058,True,0.7067576188669251,True,4.468984006654058,True,1.0,True,5000000000.0,True
2027,B,835,1780408500.0,True,70,resource_exhaustion,5,False,4.0,26.0,0.0,4.468984006654058,True,0.7013269207844484,True,4.468984006654058,True,1.0,True,3000000000.0,True
2027,B,836,1780408560.0,True,70,resource_exhaustion,5,False,0.0,27.0,0.0,4.468984006654058,True,0.5813951482227842,False,4.468984006654058,True,1.0,True,999999999.9999999,True
2027,B,837,1780408620.0,True,70,resource_exhaustion,5,False,3.0,29.0,0.0,4.468984006654058,True,0.6835062119046402,False,4.468984006654058,True,1.0,True,1999999999.9999998,True
2027,B,838,1780408680.0,False,-1,,5,False,0.0,32.0,0.0,-0.11545259457699686,False,0.5704688560743472,False,-0.11545259457699686,False,0.00023598109232669578,False,1.0,False
2027,B,839,1780408740.0,False,-1,,5,False,0.0,29.0,0.0,-1.0847408382896235,False,0.3752277190212294,False,-1.0847408382896235,False,0.28468258503274285,False,0.15704898834228515,False
2027,B,840,1780408800.0,False,-1,,5,False,0.0,24.0,0.0,-1.3627096334827522,False,0.36771990449960973,False,-1.3627096334827522,False,0.28441457271463133,False,0.18150758743286133,False
2027,B,841,1780408860.0,False,-1,,5,False,0.0,31.0,0.0,-0.5838090549727779,False,0.38603060241727105,False,-0.5838090549727779,False,0.2847661702806276,False,0.1473238468170166,False
2027,B,842,1780408920.0,False,-1,,5,False,1.0,29.0,0.0,-0.48239690510366895,False,0.5880506127387347,False,-0.48239690510366895,False,8.404180132836849e-05,False,0.18306035995483394,False
2027,B,843,1780408980.0,False,-1,,5,False,0.0,35.0,0.0,-1.0828821782872824,False,0.3894550143449317,False,-1.0828821782872824,False,0.28490544893547115,False,0.16386642456054684,False
2027,B,844,1780409040.0,False,-1,,5,False,0.0,33.0,0.0,-0.8540364151343622,False,0.400624263743231,False,-0.8540364151343622,False,0.28483990265687403,False,0.1444296836853027,False
2027,B,845,1780409100.0,False,-1,,5,False,0.0,33.0,0.0,-0.37201690726718706,False,0.4349679419181223,False,-0.37201690726718706,False,0.28483990265687403,False,0.13113012313842776,False
2027,B,846,1780409160.0,False,-1,,5,False,0.0,27.0,0.0,-1.1720715318613664,False,0.3862248629047298,False,-1.1720715318613664,False,0.2845869875261109,False,0.15828337669372555,False
2027,B,847,1780409220.0,True,71,permission_denied,5,False,0.0,34.0,0.0,3.6950545880429777,True,0.5268861291100431,False,3.6950545880429777,True,1.0,True,1.0,False
2027,B,848,1780409280.0,True,71,permission_denied,5,False,0.0,35.0,0.0,4.468984006185739,True,0.5165603350432989,False,4.468984006185739,True,1.0,True,17.0,True
2027,B,849,1780409340.0,True,71,permission_denied,5,False,0.0,19.0,0.0,4.468685498331806,True,0.49309622972889294,False,4.468685498331806,True,1.0,True,6.0,True
2027,B,850,1780409400.0,True,71,permission_denied,5,False,0.0,23.0,0.0,4.468665205999301,True,0.4859951959628691,False,4.468665205999301,True,1.0,True,6.0,True
2027,B,851,1780409460.0,True,71,permission_denied,5,False,0.0,19.0,0.0,-1.0056489228574401,False,0.37103042155637106,False,-1.0056489228574401,False,0.2840093691312235,False,0.1461324691772461,False
2027,B,852,1780409520.0,False,-1,,6,False,0.0,25.0,0.0,-1.1693597963495472,False,0.37892687548952764,False,-1.1693597963495472,False,0.2844765274040158,False,0.15142374038696288,False
2027,B,853,1780409580.0,False,-1,,6,False,0.0,36.0,0.0,-0.7768686928481197,False,0.40663915112380744,False,-0.7768686928481197,False,0.2849355722416572,False,0.15075957775115967,False
2027,B,854,1780409640.0,False,-1,,6,False,0.0,28.0,0.0,-0.6859705553261222,False,0.39783569625661974,False,-0.6859705553261222,False,0.28463644685275474,False,0.19495711326599124,False
2027,B,855,1780409700.0,False,-1,,6,False,0.0,33.0,0.0,-0.8281158712856387,False,0.4056464389332853,False,-0.8281158712856387,False,0.28483990265687403,False,0.1811971664428711,False
2027,B,856,1780409760.0,False,-1,,6,False,0.0,33.0,0.0,-0.5231937261621162,False,0.3950058116509161,False,-0.5231937261621162,False,0.28483990265687403,False,0.13854093551635743,False
2027,B,857,1780409820.0,False,-1,,6,False,0.0,24.0,0.0,-1.0872035983308326,False,0.36690896870546963,False,-1.0872035983308326,False,0.28441457271463133,False,0.16132562160491942,False
2027,B,858,1780409880.0,False,-1,,6,False,0.0,31.0,0.0,-1.1359981041406462,False,0.39310525356237835,False,-1.1359981041406462,False,0.2852718236985708,False,0.18289027214050296,False
2027,B,859,1780409940.0,False,-1,,6,False,1.0,31.0,0.0,-0.19303441132951615,False,0.587731915786428,False,-0.19303441132951615,False,9.326935934053773e-05,False,0.16581521034240723,False
2027,B,860,1780410000.0,True,72,dependency_timeout,6,False,0.0,30.0,0.0,4.468984006654058,True,0.5248397534956519,False,4.468984006654058,True,1.0,True,14.419911646842973,True
2027,B,861,1780410060.0,True,72,dependency_timeout,6,False,3.0,24.0,0.0,4.468984006654058,True,0.6921402390684462,True,4.468984006654058,True,1.0,True,3999999999.9999995,True
2027,B,862,1780410120.0,True,72,dependency_timeout,6,False,6.0,34.0,0.0,4.468984006654058,True,0.6941046487989868,True,4.468984006654058,True,1.0,True,3000000000.0,True
2027,B,863,1780410180.0,True,72,dependency_timeout,6,False,0.0,27.0,0.0,4.468984006654058,True,0.5586822791466635,False,4.468984006654058,True,1.0,True,3000000000.0,True
2027,B,864,1780410240.0,True,72,dependency_timeout,6,False,2.0,37.0,0.0,4.468984006654058,True,0.6949531382231431,True,4.468984006654058,True,1.0,True,20.06861801147461,True
2027,B,865,1780410300.0,False,-1,,6,False,0.0,24.0,0.0,-0.09508330385849106,False,0.4162411175038651,False,-0.09508330385849106,False,0.28441457271463133,False,0.25461289882659904,False
2027,B,866,1780410360.0,False,-1,,6,False,0.0,23.0,0.0,-1.4048344010596443,False,0.35815838845843906,False,-1.4048344010596443,False,0.2843473600926415,False,0.15589108467102053,False
2027,B,867,1780410420.0,False,-1,,6,False,0.0,26.0,0.0,-0.7718535239011493,False,0.3823824973478064,False,-0.7718535239011493,False,0.28453382775325387,False,0.1316159963607788,False
2027,B,868,1780410480.0,False,-1,,6,False,0.0,36.0,0.0,-0.8373233783773655,False,0.4062808837599879,False,-0.8373233783773655,False,0.2849355722416572,False,0.15154504776000974,False
2027,B,869,1780410540.0,False,-1,,6,False,0.0,36.0,0.0,-0.9416396645982879,False,0.40272497630025494,False,-0.9416396645982879,False,0.2849355722416572,False,0.16486740112304685,False
2027,B,870,1780410600.0,True,73,permission_denied,6,False,0.0,34.0,0.0,4.455247170472491,True,0.5945306906712771,False,4.455247170472491,True,1.0,True,6.0,True
2027,B,871,1780410660.0,True,73,permission_denied,6,False,0.0,31.0,0.0,4.4689839743521755,True,0.5026999276556716,False,4.4689839743521755,True,1.0,True,13.0,True
2027,B,872,1780410720.0,True,73,permission_denied,6,False,0.0,27.0,0.0,4.4689839106058775,True,0.48982986428364733,False,4.4689839106058775,True,1.0,True,12.0,True
2027,B,873,1780410780.0,True,73,permission_denied,6,False,0.0,30.0,0.0,4.468984002366347,True,0.4841484188252039,False,4.468984002366347,True,1.0,True,15.0,True
2027,B,874,1780410840.0,True,73,permission_denied,6,False,0.0,32.0,0.0,4.4689671921516885,True,0.48998580363300637,False,4.4689671921516885,True,1.0,True,8.0,True
2027,B,875,1780410900.0,False,-1,,6,False,0.0,26.0,0.0,-1.4738270014186332,False,0.36685615496144136,False,-1.4738270014186332,False,0.28453382775325387,False,0.18029510974884033,False
2027,B,876,1780410960.0,False,-1,,6,False,0.0,19.0,0.0,-1.498397493933111,False,0.38459692543958013,False,-1.498397493933111,False,0.2840093691312235,False,0.16663818359375,False
2027,B,877,1780411020.0,False,-1,,6,False,0.0,20.0,0.0,-1.0129664340690088,False,0.3742101828588993,False,-1.0129664340690088,False,0.2841063125275758,False,0.1408541202545166,False
2027,B,878,1780411080.0,False,-1,,6,False,0.0,25.0,0.0,-0.9412654450879963,False,0.40402891730001217,False,-0.9412654450879963,False,0.2844765274040158,False,0.18793897628784176,False
2027,B,879,1780411140.0,False,-1,,6,False,0.0,30.0,0.0,-1.0390325847177513,False,0.37324382198027584,False,-1.0390325847177513,False,0.2847257307483576,False,0.15054099559783937,False
2027,B,880,1780411200.0,False,-1,,6,False,0.0,34.0,0.0,-0.8204681554457229,False,0.4036995191886162,False,-0.8204681554457229,False,0.28487361015134033,False,0.1444647789001465,False
2027,B,881,1780411260.0,False,-1,,6,False,0.0,35.0,0.0,-1.1106470070219805,False,0.39289646734679623,False,-1.1106470070219805,False,0.28490544893547115,False,0.17688879966735832,False
2027,B,882,1780411320.0,False,-1,,6,False,0.0,26.0,0.0,-0.7204220026314028,False,0.3760351525384245,False,-0.7204220026314028,False,0.28453382775325387,False,0.16286015510559082,False
2027,B,883,1780411380.0,False,-1,,6,False,0.0,30.0,0.0,-0.7059932851903303,False,0.38198457218259074,False,-0.7059932851903303,False,0.2847257307483576,False,0.16347084045410157,False
2027,B,884,1780411440.0,True,74,dependency_timeout,6,False,2.0,33.0,0.0,4.468984006654058,True,0.6937423797393636,True,4.468984006654058,True,1.0,True,999999999.9999999,True
2027,B,885,1780411500.0,True,74,dependency_timeout,6,False,2.0,26.0,0.0,4.468984006654058,True,0.6815093146344897,False,4.468984006654058,True,1.0,True,999999999.9999999,True
2027,B,886,1780411560.0,True,74,dependency_timeout,6,False,1.0,28.0,0.0,4.468984006654058,True,0.6709146544480158,False,4.468984006654058,True,1.0,True,999999999.9999999,True
2027,B,887,1780411620.0,True,74,dependency_timeout,6,False,1.0,29.0,0.0,4.468984006654058,True,0.6726571371012688,False,4.468984006654058,True,1.0,True,1999999999.9999998,True
2027,B,888,1780411680.0,False,-1,,6,False,0.0,22.0,0.0,-1.4898778064448326,False,0.36421684587747866,False,-1.4898778064448326,False,0.28427417542924155,False,0.16315391063690182,False
2027,B,889,1780411740.0,False,-1,,6,False,0.0,34.0,0.0,-0.7127558577360089,False,0.42447628473308424,False,-0.7127558577360089,False,0.28487361015134033,False,0.16847610473632815,False
2027,B,890,1780411800.0,False,-1,,6,False,0.0,25.0,0.0,-1.2503012673188731,False,0.37838737662691746,False,-1.2503012673188731,False,0.2844765274040158,False,0.182974624633789,False
2027,B,891,1780411860.0,False,-1,,6,False,0.0,25.0,0.0,-0.5682430695648462,False,0.3773980769691226,False,-0.5682430695648462,False,0.2844765274040158,False,0.1425295829772949,False
2027,B,892,1780411920.0,False,-1,,6,False,0.0,32.0,0.0,-1.0848287970885355,False,0.40008840595273426,False,-1.0848287970885355,False,0.2848041541702264,False,0.17175285816192631,False
2027,B,893,1780411980.0,False,-1,,6,False,0.0,24.0,0.0,-0.8252806030328532,False,0.3950616468040563,False,-0.8252806030328532,False,0.28441457271463133,False,0.13679676055908202,False
2027,B,894,1780412040.0,False,-1,,6,False,0.0,32.0,0.0,-1.118659353084122,False,0.38393419571864956,False,-1.118659353084122,False,0.2848041541702264,False,0.1806905269622803,False
2027,B,895,1780412100.0,False,-1,,6,False,0.0,22.0,0.0,-1.2353482267518112,False,0.3714204868792112,False,-1.2353482267518112,False,0.28427417542924155,False,0.13797621726989745,False
2027,B,896,1780412160.0,False,-1,,6,False,0.0,28.0,0.0,-1.2090492112824895,False,0.36471965462791284,False,-1.2090492112824895,False,0.28463644685275474,False,0.16167087554931642,False
2027,B,897,1780412220.0,False,-1,,6,False,0.0,30.0,0.0,-1.0739597738467657,False,0.37356884148089065,False,-1.0739597738467657,False,0.2847257307483576,False,0.1575836181640625,False
2027,B,898,1780412280.0,True,75,resource_exhaustion,6,True,6.0,153.0,0.0,4.468984006654058,True,0.762757063843104,True,4.468984006654058,True,1.0,True,6000000000.0,True
2027,B,899,1780412340.0,True,75,resource_exhaustion,6,True,43.0,312.0,0.0,4.468984006654058,True,0.7988143951739933,True,4.468984006654058,True,1.0,True,44000000000.0,True
2027,B,900,1780412400.0,True,75,resource_exhaustion,6,True,28.0,191.0,0.0,4.468984006654058,True,0.7809124009112979,True,4.468984006654058,True,1.0,True,28000000000.0,True
2027,B,901,1780412460.0,True,75,resource_exhaustion,6,False,4.0,26.0,0.0,4.468984006654058,True,0.7013269207844484,True,4.468984006654058,True,1.0,True,3999999999.9999995,True
2027,B,902,1780412520.0,False,-1,,6,False,1.0,25.0,0.0,4.281623133128815,True,0.650594702876903,False,4.281623133128815,True,7.13557198902302e-07,False,1.0,False
2027,B,903,1780412580.0,False,-1,,6,False,0.0,30.0,0.0,-0.021259559792269123,False,0.41845169922408204,False,-0.021259559792269123,False,0.2847257307483576,False,0.1294773578643799,False
2027,B,904,1780412640.0,False,-1,,6,False,0.0,29.0,0.0,-1.3586717120190759,False,0.367785178766652,False,-1.3586717120190759,False,0.28468258503274285,False,0.16258926391601564,False
2027,B,905,1780412700.0,False,-1,,6,False,0.0,22.0,0.0,-0.7735168761054156,False,0.37419813902378246,False,-0.7735168761054156,False,0.28427417542924155,False,0.15762975215911865,False
2027,B,906,1780412760.0,False,-1,,6,False,0.0,32.0,0.0,-0.8190732022681768,False,0.4089225494657336,False,-0.8190732022681768,False,0.2848041541702264,False,0.1900458812713623,False
2027,B,907,1780412820.0,False,-1,,6,False,0.0,29.0,0.0,0.6022480333672378,False,0.4259517659129589,False,0.6022480333672378,False,0.28468258503274285,False,0.1538649559020996,False
2027,B,908,1780412880.0,False,-1,,6,False,0.0,32.0,0.0,0.11300121904062177,False,0.4631890117141878,False,0.11300121904062177,False,0.2848041541702264,False,0.23231627941131594,False
2027,B,909,1780412940.0,False,-1,,6,False,0.0,26.0,0.0,-0.8068349575314784,False,0.37332726592249404,False,-0.8068349575314784,False,0.28453382775325387,False,0.14041364192962646,False
2027,B,910,1780413000.0,False,-1,,6,False,0.0,27.0,0.0,-1.2262026582111938,False,0.37714145528243326,False,-1.2262026582111938,False,0.2845869875261109,False,0.18754820823669432,False
2027,B,911,1780413060.0,True,76,dependency_timeout,6,False,1.0,34.0,0.0,4.468984006654058,True,0.6797722175691562,False,4.468984006654058,True,1.0,True,20.042581701278685,True
2027,B,912,1780413120.0,True,76,dependency_timeout,6,False,0.0,28.0,0.0,4.468984006654058,True,0.5781342118951823,False,4.468984006654058,True,1.0,True,20.07161831855774,True
2027,B,913,1780413180.0,True,76,dependency_timeout,6,False,1.0,26.0,0.0,4.468984006654058,True,0.6696155025333148,False,4.468984006654058,True,1.0,True,3000000000.0,True
2027,B,914,1780413240.0,True,76,dependency_timeout,6,False,8.0,41.0,0.0,4.468984006654058,True,0.7049059227043544,True,4.468984006654058,True,1.0,True,7999999999.999999,True
2027,B,915,1780413300.0,True,76,dependency_timeout,6,False,0.0,35.0,0.0,-0.5389944072075927,False,0.4189046237465362,False,-0.5389944072075927,False,0.28490544893547115,False,0.1944242000579832,False
2027,B,916,1780413360.0,False,-1,,6,False,0.0,32.0,0.0,-0.9648614773401425,False,0.4025033788679056,False,-0.9648614773401425,False,0.2848041541702264,False,0.19890184402465827,False
2027,B,917,1780413420.0,False,-1,,6,False,1.0,24.0,0.0,-0.4536384498726047,False,0.5773645104535591,False,-0.4536384498726047,False,5.911462669972369e-05,False,0.15447111129760743,False
2027,B,918,1780413480.0,False,-1,,6,False,0.0,32.0,0.0,-1.2644775021872618,False,0.3810382276158601,False,-1.2644775021872618,False,0.2848041541702264,False,0.17332835197448734,False
2027,B,919,1780413540.0,False,-1,,6,False,0.0,25.0,0.0,-1.4094559611492947,False,0.35967415274142234,False,-1.4094559611492947,False,0.2844765274040158,False,0.16043825149536128,False
2027,B,920,1780413600.0,False,-1,,6,False,0.0,26.0,0.0,-0.40643784381467896,False,0.37976939281236605,False,-0.40643784381467896,False,0.28453382775325387,False,0.12659430503845215,False
2027,B,921,1780413660.0,True,77,permission_denied,6,False,0.0,22.0,0.0,4.468909003562008,True,0.46292012347783273,False,4.468909003562008,True,1.0,True,7.0,True
2027,B,922,1780413720.0,True,77,permission_denied,6,False,0.0,25.0,0.0,4.468979656302325,True,0.46595740538225494,False,4.468979656302325,True,1.0,True,9.0,True
2027,B,923,1780413780.0,True,77,permission_denied,6,False,0.0,28.0,0.0,4.468982776238419,True,0.475189544490098,False,4.468982776238419,True,1.0,True,10.0,True
2027,B,924,1780413840.0,True,77,permission_denied,6,False,0.0,28.0,0.0,4.229949846218813,True,0.47608336593939676,False,4.229949846218813,True,1.0,True,2.0,True
2027,B,925,1780413900.0,False,-1,,6,False,0.0,28.0,0.0,-0.8838546468473494,False,0.39094929726746075,False,-0.8838546468473494,False,0.28463644685275474,False,0.14447805881500245,False
2027,B,926,1780413960.0,False,-1,,6,False,0.0,29.0,0.0,-1.228778217160686,False,0.3671396826641155,False,-1.228778217160686,False,0.28468258503274285,False,0.15733928680419923,False
2027,B,927,1780414020.0,False,-1,,6,False,0.0,32.0,0.0,-1.1730493455050022,False,0.3892340483997241,False,-1.1730493455050022,False,0.2848041541702264,False,0.18589794635772708,False
2027,B,928,1780414080.0,False,-1,,6,False,0.0,35.0,0.0,-0.9854207447149843,False,0.3977085149297851,False,-0.9854207447149843,False,0.28490544893547115,False,0.15204305648803712,False
2027,B,929,1780414140.0,False,-1,,6,False,0.0,30.0,0.0,-0.5562508611280386,False,0.3897008959446757,False,-0.5562508611280386,False,0.2847257307483576,False,0.1393610715866089,False
2027,B,930,1780414200.0,False,-1,,6,False,0.0,38.0,0.0,-0.6954519171809643,False,0.450282451919644,False,-0.6954519171809643,False,0.2849912051575958,False,0.17423317432403568,False
2027,B,931,1780414260.0,False,-1,,6,False,0.0,36.0,0.0,-0.2906534427427605,False,0.45241740602591396,False,-0.2906534427427605,False,0.2849355722416572,False,0.18264126777648923,False
2027,B,932,1780414320.0,False,-1,,6,False,0.0,41.0,0.0,-0.4703200265433072,False,0.45609074152938595,False,-0.4703200265433072,False,0.28506477920049716,False,0.17722368240356445,False
2027,B,933,1780414380.0,False,-1,,6,False,0.0,35.0,0.0,-0.6481024290797013,False,0.4007110221701697,False,-0.6481024290797013,False,0.28490544893547115,False,0.13910107612609862,False
2027,B,934,1780414440.0,True,78,config_error,6,False,0.0,37.0,0.0,4.254060404227885,True,0.4951899441993235,False,4.254060404227885,True,0.9999999993046127,True,2.0,True
2027,B,935,1780414500.0,True,78,config_error,6,False,0.0,31.0,0.0,4.468984006653929,True,0.52198368107644,False,4.468984006653929,True,0.9999982468977584,True,26.0,True
2027,B,936,1780414560.0,True,78,config_error,6,False,0.0,30.0,0.0,4.468984006654037,True,0.5259851572422536,False,4.468984006654037,True,0.9999978777328603,True,28.0,True
2027,B,937,1780414620.0,True,78,config_error,6,False,0.0,28.0,0.0,4.4689838968881395,True,0.47364382041760367,False,4.4689838968881395,True,0.9999996467763794,True,12.0,True
2027,B,938,1780414680.0,False,-1,,6,False,0.0,32.0,0.0,-1.0440441113447694,False,0.3985560784959248,False,-1.0440441113447694,False,0.2848041541702264,False,0.1945234060287476,False
2027,B,939,1780414740.0,False,-1,,6,False,0.0,33.0,0.0,-0.7127507938342523,False,0.4266823636035552,False,-0.7127507938342523,False,0.28483990265687403,False,0.20853796005249023,False
2027,B,940,1780414800.0,False,-1,,6,False,0.0,34.0,0.0,-0.644219479473656,False,0.39544155363579075,False,-0.644219479473656,False,0.28487361015134033,False,0.14312431812286378,False
2027,B,941,1780414860.0,False,-1,,6,False,0.0,38.0,0.0,-0.7323318705635611,False,0.4303094553574358,False,-0.7323318705635611,False,0.2849912051575958,False,0.18119132518768313,False
2027,B,942,1780414920.0,False,-1,,6,False,0.0,32.0,0.0,-0.9826606508965403,False,0.4034865766902488,False,-0.9826606508965403,False,0.2848041541702264,False,0.1744964599609375,False
2027,B,943,1780414980.0,False,-1,,6,False,0.0,27.0,0.0,-1.3200518115104778,False,0.3690593236435229,False,-1.3200518115104778,False,0.2845869875261109,False,0.1770827770233154,False
2027,B,944,1780415040.0,False,-1,,6,False,0.0,39.0,0.0,-0.7326992987915979,False,0.4385373384652544,False,-0.7326992987915979,False,0.2850169472102008,False,0.15130438804626462,False
2027,B,945,1780415100.0,True,79,config_error,6,False,0.0,39.0,0.0,4.468984005826842,True,0.6326102842064453,False,4.468984005826842,True,0.9999993542223593,True,21.0,True
2027,B,946,1780415160.0,True,79,config_error,6,False,0.0,27.0,0.0,4.4689840066539945,True,0.5163785225430236,False,4.4689840066539945,True,0.99999798963402,True,26.0,True
2027,B,947,1780415220.0,True,79,config_error,6,False,0.0,24.0,0.0,4.4689840066532485,True,0.5138414443321101,False,4.4689840066532485,True,0.9999983329670413,True,23.0,True
2027,B,948,1780415280.0,True,79,config_error,6,False,0.0,35.0,0.0,4.468982797328793,True,0.5022013986694763,False,4.468982797328793,True,0.9999997842624632,True,10.0,True
2027,B,949,1780415340.0,False,-1,,6,False,0.0,37.0,0.0,-0.6966956040221435,False,0.4338794547817512,False,-0.6966956040221435,False,0.28496411683017375,False,0.15688676834106446,False
2027,B,950,1780415400.0,False,-1,,6,False,0.0,42.0,0.0,0.09686075477061262,False,0.6011797378881896,False,0.09686075477061262,False,0.0003240354423198735,False,1.0,False
2027,B,951,1780415460.0,False,-1,,6,False,0.0,32.0,0.0,-0.1838866289059764,False,0.4064404055295075,False,-0.1838866289059764,False,0.2848041541702264,False,0.15088627338409424,False
2027,B,952,1780415520.0,False,-1,,6,False,0.0,26.0,0.0,-1.4421235631093587,False,0.3617276607674701,False,-1.4421235631093587,False,0.28453382775325387,False,0.16573190689086914,False
2027,B,953,1780415580.0,False,-1,,6,False,0.0,23.0,0.0,-1.2418506634613031,False,0.3614146393158254,False,-1.2418506634613031,False,0.2843473600926415,False,0.1515254020690918,False
2027,B,954,1780415640.0,False,-1,,6,False,0.0,31.0,0.0,-1.190968189151425,False,0.37830509772176124,False,-1.190968189151425,False,0.2847661702806276,False,0.15354347229003903,False
2027,B,955,1780415700.0,True,80,resource_exhaustion,6,False,7.0,35.0,0.0,4.468984006654058,True,0.7065415132629963,True,4.468984006654058,True,1.0,True,7000000000.0,True
2027,B,956,1780415760.0,True,80,resource_exhaustion,6,False,4.0,36.0,0.0,4.468984006654058,True,0.7070905723293763,True,4.468984006654058,True,1.0,True,5000000000.0,True
2027,B,957,1780415820.0,True,80,resource_exhaustion,6,False,5.0,30.0,0.0,4.468984006654058,True,0.7029763390144307,True,4.468984006654058,True,1.0,True,3999999999.9999995,True
2027,B,958,1780415880.0,True,80,resource_exhaustion,6,False,6.0,35.0,0.0,4.468984006654058,True,0.7065415132629963,True,4.468984006654058,True,1.0,True,6000000000.0,True
2027,B,959,1780415940.0,True,80,resource_exhaustion,6,False,5.0,37.0,0.0,4.468984006654058,True,0.6992839707217876,True,4.468984006654058,True,1.0,True,3999999999.9999995,True
2027,B,960,1780416000.0,False,-1,,6,False,0.0,31.0,0.0,-1.0283988417607306,False,0.3737435170277135,False,-1.0283988417607306,False,0.2847661702806276,False,0.15196967124938962,False
2027,B,961,1780416060.0,False,-1,,6,False,0.0,23.0,0.0,-0.9507690026694977,False,0.39931770801081834,False,-0.9507690026694977,False,0.2843473600926415,False,0.20824918746948248,False
2027,B,962,1780416120.0,False,-1,,6,False,0.0,20.0,0.0,-1.5765350720940479,False,0.36091865246531596,False,-1.5765350720940479,False,0.2841063125275758,False,0.1579069137573242,False
2027,B,963,1780416180.0,False,-1,,6,False,0.0,40.0,0.0,-0.9165573262058366,False,0.4339198696760726,False,-0.9165573262058366,False,0.2850414420613889,False,0.17003138065338136,False
2027,B,964,1780416240.0,False,-1,,6,False,0.0,26.0,0.0,-1.3158972295613838,False,0.37617734657268403,False,-1.3158972295613838,False,0.28453382775325387,False,0.1769769191741943,False
2027,B,965,1780416300.0,False,-1,,6,False,0.0,30.0,0.0,-0.9605459475286153,False,0.3983570437345111,False,-0.9605459475286153,False,0.2847257307483576,False,0.15077233314514163,False
2027,B,966,1780416360.0,False,-1,,6,False,0.0,24.0,0.0,-1.338146598871611,False,0.37971266209081445,False,-1.338146598871611,False,0.28441457271463133,False,0.19708921909332275,False
2027,B,967,1780416420.0,True,81,permission_denied,6,False,0.0,33.0,0.0,4.428288149890353,True,0.4966599668351453,False,4.428288149890353,True,1.0,True,3.0,True
2027,B,968,1780416480.0,True,81,permission_denied,6,False,0.0,31.0,0.0,4.468690048008415,True,0.5077296782272752,False,4.468690048008415,True,1.0,True,6.0,True
2027,B,969,1780416540.0,True,81,permission_denied,6,False,0.0,23.0,0.0,4.468982920940595,True,0.49823658605833393,False,4.468982920940595,True,1.0,True,10.0,True
2027,B,970,1780416600.0,True,81,permission_denied,6,False,0.0,42.0,0.0,4.468983993883106,True,0.5334628826800965,False,4.468983993883106,True,1.0,True,14.0,True
2027,B,971,1780416660.0,True,81,permission_denied,6,False,0.0,41.0,0.0,4.468686853193006,True,0.5255031112596691,False,4.468686853193006,True,1.0,True,6.0,True
2027,B,972,1780416720.0,False,-1,,6,False,1.0,33.0,0.0,-0.45664534874442975,False,0.5870107312375219,False,-0.45664534874442975,False,0.00010524201655130249,False,0.15519962310791016,False
2027,B,973,1780416780.0,False,-1,,6,False,0.0,32.0,0.0,-0.7887378845871593,False,0.3843058848152661,False,-0.7887378845871593,False,0.2848041541702264,False,0.1596282482147217,False
2027,B,974,1780416840.0,False,-1,,6,False,0.0,32.0,0.0,-1.031718610160281,False,0.38776210968601493,False,-1.031718610160281,False,0.2848041541702264,False,0.18327074050903325,False
2027,B,975,1780416900.0,False,-1,,6,False,0.0,24.0,0.0,-1.3286831445177896,False,0.3622193834902175,False,-1.3286831445177896,False,0.28441457271463133,False,0.15678877830505372,False
2027,B,976,1780416960.0,False,-1,,6,False,0.0,33.0,0.0,-0.9459550459410577,False,0.3852025914656358,False,-0.9459550459410577,False,0.28483990265687403,False,0.1726210594177246,False
2027,B,977,1780417020.0,False,-1,,6,False,0.0,27.0,0.0,-1.393377300317188,False,0.36677841413830437,False,-1.393377300317188,False,0.2845869875261109,False,0.1569986820220947,False
2027,B,978,1780417080.0,False,-1,,6,False,0.0,29.0,0.0,-1.2785445493302392,False,0.37607973401588,False,-1.2785445493302392,False,0.28468258503274285,False,0.16926908493041992,False
2027,B,979,1780417140.0,True,82,resource_exhaustion,6,False,4.0,30.0,0.0,4.468984006654058,True,0.7027385671495975,True,4.468984006654058,True,1.0,True,5000000000.0,True
2027,B,980,1780417200.0,True,82,resource_exhaustion,6,False,2.0,27.0,0.0,4.468984006654058,True,0.7010301503594354,True,4.468984006654058,True,1.0,True,1999999999.9999998,True
2027,B,981,1780417260.0,True,82,resource_exhaustion,6,False,1.0,22.0,0.0,4.468984006654058,True,0.6697558752581747,False,4.468984006654058,True,1.0,True,999999999.9999999,True
2027,B,982,1780417320.0,False,-1,,6,False,0.0,21.0,0.0,-0.6642010824783915,False,0.3764966334382128,False,-0.6642010824783915,False,0.2841941673899105,False,0.15597915649414065,False
2027,B,983,1780417380.0,False,-1,,6,False,0.0,21.0,0.0,-0.6138537298179694,False,0.3751212718637067,False,-0.6138537298179694,False,0.2841941673899105,False,0.1378474235534668,False
2027,B,984,1780417440.0,False,-1,,6,False,0.0,31.0,0.0,-0.9213424306532678,False,0.3850632146822081,False,-0.9213424306532678,False,0.2847661702806276,False,0.15686988830566406,False
2027,B,985,1780417500.0,False,-1,,6,False,0.0,32.0,0.0,-1.124942648854864,False,0.3889843325474557,False,-1.124942648854864,False,0.2848041541702264,False,0.18371934890747074,False
2027,B,986,1780417560.0,False,-1,,6,False,0.0,34.0,0.0,-1.0574638325064445,False,0.3835616936734678,False,-1.0574638325064445,False,0.28487361015134033,False,0.15682969093322754,False
2027,B,987,1780417620.0,False,-1,,6,False,0.0,31.0,0.0,-1.120494562890599,False,0.3813072352297779,False,-1.120494562890599,False,0.2847661702806276,False,0.16458129882812497,False
2027,B,988,1780417680.0,False,-1,,6,False,1.0,23.0,0.0,0.3112300348129393,False,0.5866197759562638,False,0.3112300348129393,False,5.440276432631634e-05,False,0.18654332160949708,False
2027,B,989,1780417740.0,False,-1,,6,False,0.0,32.0,0.0,-0.3488085693747607,False,0.421933670210065,False,-0.3488085693747607,False,0.2848041541702264,False,0.12803301811218262,False
2027,B,990,1780417800.0,False,-1,,6,False,0.0,33.0,0.0,-1.153294890314796,False,0.3835616689613107,False,-1.153294890314796,False,0.28483990265687403,False,0.17438335418701173,False
2027,B,991,1780417860.0,False,-1,,6,False,0.0,27.0,0.0,-0.9329888985747301,False,0.38530095856921753,False,-0.9329888985747301,False,0.2845869875261109,False,0.18892450332641594,False
2027,B,992,1780417920.0,True,83,config_error,6,False,0.0,24.0,0.0,4.468984006651724,True,0.5117467694372626,False,4.468984006651724,True,0.9999985349922225,True,22.0,True
2027,B,993,1780417980.0,True,83,config_error,6,False,0.0,18.0,0.0,4.468984006623934,True,0.516156760256138,False,4.468984006623934,True,0.9999987856066327,True,18.0,True
2027,B,994,1780418040.0,True,83,config_error,6,False,0.0,35.0,0.0,4.46898400665404,True,0.5055995445689213,False,4.46898400665404,True,0.9999979704997712,True,29.0,True
2027,B,995,1780418100.0,True,83,config_error,6,False,0.0,33.0,0.0,4.468983285458854,True,0.5369757028214632,False,4.468983285458854,True,0.9999997819720954,True,10.0,True
2027,B,996,1780418160.0,False,-1,,7,False,0.0,31.0,0.0,-1.089830562337756,False,0.37638682996546846,False,-1.089830562337756,False,0.2847661702806276,False,0.16543555259704587,False
2027,B,997,1780418220.0,False,-1,,7,False,0.0,31.0,0.0,-1.219039403644655,False,0.37645189294103565,False,-1.219039403644655,False,0.2847661702806276,False,0.16032075881958005,False
2027,B,998,1780418280.0,False,-1,,7,False,0.0,34.0,0.0,-1.100575380905946,False,0.39777449611095156,False,-1.100575380905946,False,0.28487361015134033,False,0.18677923679351813,False
2027,B,999,1780418340.0,False,-1,,7,False,1.0,28.0,0.0,-0.5316951700485459,False,0.5794361073139952,False,-0.5316951700485459,False,7.889734187122403e-05,False,0.15130488872528075,False
2027,B,1000,1780418400.0,False,-1,,7,False,0.0,29.0,0.0,-0.7120911299670416,False,0.37953787672852024,False,-0.7120911299670416,False,0.28468258503274285,False,0.1396702766418457,False
2027,B,1001,1780418460.0,False,-1,,7,False,0.0,37.0,0.0,-0.9769255923446707,False,0.4160581359013783,False,-0.9769255923446707,False,0.28496411683017375,False,0.16448650360107422,False
2027,B,1002,1780418520.0,False,-1,,7,False,0.0,24.0,0.0,-0.6994301162914711,False,0.3787193786268334,False,-0.6994301162914711,False,0.28441457271463133,False,0.13491487503051758,False
2027,B,1003,1780418580.0,False,-1,,7,False,0.0,36.0,0.0,-0.48715677969448823,False,0.4358332018817975,False,-0.48715677969448823,False,0.2849355722416572,False,0.1948428153991699,False
2027,B,1004,1780418640.0,True,84,permission_denied,7,False,0.0,26.0,0.0,4.468979364115637,True,0.4632309784717204,False,4.468979364115637,True,1.0,True,9.0,True
2027,B,1005,1780418700.0,True,84,permission_denied,7,False,0.0,31.0,0.0,4.468984002722384,True,0.48713724474993103,False,4.468984002722384,True,1.0,True,15.0,True
2027,B,1006,1780418760.0,True,84,permission_denied,7,False,0.0,36.0,0.0,4.468983994015941,True,0.5085722217098578,False,4.468983994015941,True,1.0,True,14.0,True
2027,B,1007,1780418820.0,False,-1,,7,False,0.0,26.0,0.0,-1.050029441044452,False,0.3657061447016991,False,-1.050029441044452,False,0.28453382775325387,False,0.1529008150100708,False
2027,B,1008,1780418880.0,False,-1,,7,False,0.0,28.0,0.0,-1.240077982009483,False,0.36370771772617977,False,-1.240077982009483,False,0.28463644685275474,False,0.15806324481964112,False
2027,B,1009,1780418940.0,False,-1,,7,False,0.0,27.0,0.0,-0.6115772386441023,False,0.37799645634205,False,-0.6115772386441023,False,0.2845869875261109,False,0.13143444061279294,False
2027,B,1010,1780419000.0,False,-1,,7,False,0.0,28.0,0.0,-1.1203866109150367,False,0.3841077005355573,False,-1.1203866109150367,False,0.28463644685275474,False,0.15252981185913086,False
2027,B,1011,1780419060.0,False,-1,,7,False,0.0,25.0,0.0,-0.9367516785594878,False,0.38193117463928716,False,-0.9367516785594878,False,0.2844765274040158,False,0.1536450386047363,False
2027,B,1012,1780419120.0,False,-1,,7,False,0.0,39.0,0.0,-0.28160159932649176,False,0.4422253995578391,False,-0.28160159932649176,False,0.2850169472102008,False,0.14306139945983887,False
2027,B,1013,1780419180.0,False,-1,,7,False,0.0,30.0,0.0,-1.1075168187658617,False,0.37016345943177026,False,-1.1075168187658617,False,0.2847257307483576,False,0.16017491817474366,False
2027,B,1014,1780419240.0,False,-1,,7,False,0.0,27.0,0.0,-0.8333005423519744,False,0.4137915923435306,False,-0.8333005423519744,False,0.2845869875261109,False,0.21033716201782218,False
2027,B,1015,1780419300.0,False,-1,,7,False,0.0,31.0,0.0,-0.9758217994305243,False,0.39891798187113353,False,-0.9758217994305243,False,0.2847661702806276,False,0.16218543052673337,False
2027,B,1016,1780419360.0,True,85,resource_exhaustion,7,False,2.0,35.0,0.0,4.468984006654058,True,0.6971581417120677,True,4.468984006654058,True,1.0,True,3000000000.0,True
2027,B,1017,1780419420.0,True,85,resource_exhaustion,7,False,2.0,23.0,0.0,4.468984006654058,True,0.7002434034354955,True,4.468984006654058,True,1.0,True,1999999999.9999998,True
2027,B,1018,1780419480.0,True,85,resource_exhaustion,7,False,2.0,27.0,0.0,4.468984006654058,True,0.7010301503594354,True,4.468984006654058,True,1.0,True,1999999999.9999998,True
2027,B,1019,1780419540.0,True,85,resource_exhaustion,7,False,4.0,33.0,0.0,4.468984006654058,True,0.7054181260142864,True,4.468984006654058,True,1.0,True,3000000000.0,True
2027,B,1020,1780419600.0,False,-1,,7,False,0.0,35.0,0.0,-0.72682944312686,False,0.39678825045457433,False,-0.72682944312686,False,0.28490544893547115,False,0.152249526977539,False
2027,B,1021,1780419660.0,False,-1,,7,False,0.0,24.0,0.0,-1.3011980955675257,False,0.3657627798186856,False,-1.3011980955675257,False,0.28441457271463133,False,0.14784867763519285,False
2027,B,1022,1780419720.0,False,-1,,7,False,0.0,31.0,0.0,-0.8968385168500603,False,0.37987105262096477,False,-0.8968385168500603,False,0.2847661702806276,False,0.16443276405334473,False
2027,B,1023,1780419780.0,False,-1,,7,False,0.0,33.0,0.0,-0.9154275546836317,False,0.40394991402658087,False,-0.9154275546836317,False,0.28483990265687403,False,0.20244674682617184,False
2027,B,1024,1780419840.0,False,-1,,7,False,0.0,30.0,0.0,-0.7505363834833307,False,0.3930032453860249,False,-0.7505363834833307,False,0.2847257307483576,False,0.1374269485473633,False
2027,B,1025,1780419900.0,False,-1,,7,False,0.0,31.0,0.0,-0.5513709845355388,False,0.3930419099873963,False,-0.5513709845355388,False,0.2847661702806276,False,0.1660153865814209,False
2027,B,1026,1780419960.0,False,-1,,7,False,0.0,31.0,0.0,-0.8244891944491899,False,0.3851815441198539,False,-0.8244891944491899,False,0.2847661702806276,False,0.15894603729248047,False
2027,B,1027,1780420020.0,False,-1,,7,False,0.0,34.0,0.0,-0.41466984270145524,False,0.4007012429339396,False,-0.41466984270145524,False,0.28487361015134033,False,0.1671393156051636,False
2027,B,1028,1780420080.0,False,-1,,7,False,0.0,32.0,0.0,-1.0352321540065832,False,0.40870037924188524,False,-1.0352321540065832,False,0.2848041541702264,False,0.18348431587219247,False
2027,B,1029,1780420140.0,True,86,resource_exhaustion,7,False,0.0,32.0,0.0,4.46898400665405,True,0.455284751645601,False,4.46898400665405,True,0.2852905795666737,False,0.20230178833007811,False
2027,B,1030,1780420200.0,True,86,resource_exhaustion,7,False,3.0,24.0,0.0,4.468984006654058,True,0.7031508519254134,True,4.468984006654058,True,1.0,True,3999999999.9999995,True
2027,B,1031,1780420260.0,True,86,resource_exhaustion,7,False,7.0,26.0,0.0,4.468984006654058,True,0.7055193450966614,True,4.468984006654058,True,1.0,True,6000000000.0,True
2027,B,1032,1780420320.0,True,86,resource_exhaustion,7,False,3.0,33.0,0.0,4.468984006654058,True,0.7051088587697897,True,4.468984006654058,True,1.0,True,3999999999.9999995,True
2027,B,1033,1780420380.0,True,86,resource_exhaustion,7,False,4.0,33.0,0.0,4.468984006654058,True,0.6916572871810015,True,4.468984006654058,True,1.0,True,3999999999.9999995,True
2027,B,1034,1780420440.0,False,-1,,7,False,0.0,43.0,0.0,-0.5788477605155302,False,0.4636886575026415,False,-0.5788477605155302,False,0.28510829705161594,False,0.1852583885192871,False
2027,B,1035,1780420500.0,False,-1,,7,False,0.0,31.0,0.0,-1.0183735966263647,False,0.3731759490212183,False,-1.0183735966263647,False,0.2847661702806276,False,0.15778350830078122,False
2027,B,1036,1780420560.0,False,-1,,7,False,0.0,25.0,0.0,-0.7357414474589685,False,0.3934371509566187,False,-0.7357414474589685,False,0.2844765274040158,False,0.19244422912597642,False
2027,B,1037,1780420620.0,False,-1,,7,False,0.0,31.0,0.0,-0.9847760774944447,False,0.390863322217832,False,-0.9847760774944447,False,0.2847661702806276,False,0.1461987495422363,False
2027,B,1038,1780420680.0,False,-1,,7,False,0.0,18.0,0.0,-1.3882311690780949,False,0.3874585665285562,False,-1.3882311690780949,False,0.28390181531234,False,0.17065324783325192,False
2027,B,1039,1780420740.0,False,-1,,7,False,0.0,17.0,0.0,-1.0943448139194984,False,0.3805195341615765,False,-1.0943448139194984,False,0.2837817646511713,False,0.14459266662597656,False
2027,B,1040,1780420800.0,False,-1,,7,False,0.0,38.0,0.0,-0.9107009106325199,False,0.4221985982866706,False,-0.9107009106325199,False,0.2849912051575958,False,0.16541318893432616,False
2027,B,1041,1780420860.0,False,-1,,7,False,0.0,28.0,0.0,-0.9752621142726232,False,0.37478021197379247,False,-0.9752621142726232,False,0.28463644685275474,False,0.1709897994995117,False
2027,B,1042,1780420920.0,False,-1,,7,False,0.0,24.0,0.0,-0.9740708858773326,False,0.38159712701418474,False,-0.9740708858773326,False,0.28441457271463133,False,0.16410510540008544,False
2027,B,1043,1780420980.0,True,87,dependency_timeout,7,False,1.0,37.0,0.0,4.468984006654058,True,0.6833146681401661,False,4.468984006654058,True,1.0,True,20.061384534835813,True
2027,B,1044,1780421040.0,True,87,dependency_timeout,7,False,2.0,28.0,0.0,4.468984006654058,True,0.6945587658679055,True,4.468984006654058,True,1.0,True,999999999.9999999,True
2027,B,1045,1780421100.0,True,87,dependency_timeout,7,False,1.0,24.0,0.0,4.468984006654058,True,0.6706727148574929,False,4.468984006654058,True,1.0,True,999999999.9999999,True
2027,B,1046,1780421160.0,True,87,dependency_timeout,7,False,1.0,27.0,0.0,4.468984006654058,True,0.663309872273362,False,4.468984006654058,True,1.0,True,1999999999.9999998,True
2027,B,1047,1780421220.0,False,-1,,7,False,0.0,15.0,0.0,-1.4345923543079824,False,0.3765033915657564,False,-1.4345923543079824,False,0.28349405466720345,False,0.14526596069335937,False
2027,B,1048,1780421280.0,False,-1,,7,False,0.0,31.0,0.0,-0.9467911232527317,False,0.38063901135859235,False,-0.9467911232527317,False,0.2847661702806276,False,0.16049981117248535,False
2027,B,1049,1780421340.0,False,-1,,7,False,0.0,35.0,0.0,-1.046442320962771,False,0.4003179737278399,False,-1.046442320962771,False,0.28490544893547115,False,0.18372726440429674,False
2027,B,1050,1780421400.0,False,-1,,7,False,0.0,35.0,0.0,-1.038745495614532,False,0.4035665639394089,False,-1.038745495614532,False,0.28490544893547115,False,0.1684262752532958,False
2027,B,1051,1780421460.0,False,-1,,7,False,0.0,31.0,0.0,0.3086116743247187,False,0.5776233285254714,False,0.3086116743247187,False,0.00022711999271655416,False,1.0,False
2027,B,1052,1780421520.0,False,-1,,7,False,0.0,25.0,0.0,-0.5751680550891427,False,0.4058519052018477,False,-0.5751680550891427,False,0.2844765274040158,False,0.21331586837768543,False
2027,B,1053,1780421580.0,True,88,config_error,7,False,0.0,23.0,0.0,4.220251037461693,True,0.4657065622890106,False,4.220251037461693,True,0.9999999994995368,True,2.0,True
2027,B,1054,1780421640.0,True,88,config_error,7,False,0.0,36.0,0.0,4.468984006654057,True,0.5265278929165609,False,4.468984006654057,True,0.999997410424766,True,33.0,True
2027,B,1055,1780421700.0,True,88,config_error,7,False,0.0,29.0,0.0,4.468984006654013,True,0.5176957482957849,False,4.468984006654013,True,0.9999979879643772,True,27.0,True
2027,B,1056,1780421760.0,True,88,config_error,7,False,0.0,40.0,0.0,4.46898400665131,True,0.518897763400927,False,4.46898400665131,True,0.9999987495242302,True,23.0,True
2027,B,1057,1780421820.0,False,-1,,7,False,0.0,20.0,0.0,-1.4177541161112917,False,0.37764082373411134,False,-1.4177541161112917,False,0.2841063125275758,False,0.1873334884643554,False
2027,B,1058,1780421880.0,False,-1,,7,False,0.0,30.0,0.0,-0.9544250614932528,False,0.3772350414323473,False,-0.9544250614932528,False,0.2847257307483576,False,0.16465249061584475,False
2027,B,1059,1780421940.0,False,-1,,7,False,0.0,33.0,0.0,-1.040419283419605,False,0.3890024618724264,False,-1.040419283419605,False,0.28483990265687403,False,0.1689995765686035,False
2027,B,1060,1780422000.0,False,-1,,7,True,0.0,252.0,0.0,1.525351758501071,True,0.7269678659226873,True,1.525351758501071,True,0.0017276884755094367,False,1.0,False
2027,B,1061,1780422060.0,False,-1,,7,True,0.0,297.0,0.0,0.7449118104506209,False,0.6830703247400278,False,0.7449118104506209,False,0.28588410480020987,False,0.17321424484252929,False
2027,B,1062,1780422120.0,False,-1,,7,True,0.0,81.0,0.0,-0.09431002559246515,False,0.5765740745124285,False,-0.09431002559246515,False,0.28553452377180716,False,0.18457841873168945,False
2027,B,1063,1780422180.0,False,-1,,7,False,0.0,22.0,0.0,-1.2130586015009852,False,0.38481297558677163,False,-1.2130586015009852,False,0.28427417542924155,False,0.20041739940643302,False
2027,B,1064,1780422240.0,False,-1,,7,False,0.0,26.0,0.0,-1.2043202128327675,False,0.3623542700749212,False,-1.2043202128327675,False,0.28453382775325387,False,0.14751791954040527,False
2027,B,1065,1780422300.0,False,-1,,7,False,0.0,29.0,0.0,-0.38284614230388847,False,0.4105463745674994,False,-0.38284614230388847,False,0.28468258503274285,False,0.15978660583496093,False
2027,B,1066,1780422360.0,False,-1,,7,False,0.0,40.0,0.0,-0.49761400739344275,False,0.4383457129956833,False,-0.49761400739344275,False,0.2850414420613889,False,0.1609624624252319,False
2027,B,1067,1780422420.0,True,89,config_error,7,False,0.0,32.0,0.0,4.4689838888164095,True,0.48893134393614823,False,4.4689838888164095,True,0.9999996579415145,True,12.0,True
2027,B,1068,1780422480.0,True,89,config_error,7,False,0.0,26.0,0.0,4.468984006653898,True,0.5077303850363875,False,4.468984006653898,True,0.999998104400091,True,25.0,True
2027,B,1069,1780422540.0,True,89,config_error,7,False,0.0,25.0,0.0,4.468984006654006,True,0.53340402643835,False,4.468984006654006,True,0.9999979433580292,True,25.0,True
2027,B,1070,1780422600.0,True,89,config_error,7,False,0.0,33.0,0.0,4.468984006653982,True,0.5067341601140117,False,4.468984006653982,True,0.9999981759057981,True,27.0,True
2027,B,1071,1780422660.0,False,-1,,7,False,0.0,25.0,0.0,-1.0794864204707073,False,0.37779154847416735,False,-1.0794864204707073,False,0.2844765274040158,False,0.18526668548583977,False
2027,B,1072,1780422720.0,False,-1,,7,False,0.0,25.0,0.0,-0.7880779669123132,False,0.36978651424897263,False,-0.7880779669123132,False,0.2844765274040158,False,0.14813528060913084,False
2027,B,1073,1780422780.0,False,-1,,7,False,1.0,28.0,0.0,-0.6376605101258885,False,0.5733533295508485,False,-0.6376605101258885,False,7.889734187122403e-05,False,0.17560927867889403,False
2027,B,1074,1780422840.0,False,-1,,7,False,0.0,35.0,0.0,-0.874256626416055,False,0.4220113880155989,False,-0.874256626416055,False,0.28490544893547115,False,0.16434426307678218,False
2027,B,1075,1780422900.0,False,-1,,7,False,0.0,30.0,0.0,-0.53505020731893,False,0.38871116453445176,False,-0.53505020731893,False,0.2847257307483576,False,0.15852794647216797,False
2027,B,1076,1780422960.0,False,-1,,7,False,0.0,33.0,0.0,-1.0517572959030899,False,0.3773377002567496,False,-1.0517572959030899,False,0.28483990265687403,False,0.15868711471557617,False
2027,B,1077,1780423020.0,False,-1,,7,False,0.0,32.0,0.0,0.31819794579207805,False,0.4083141217409641,False,0.31819794579207805,False,0.2848041541702264,False,0.1534959077835083,False
2027,B,1078,1780423080.0,False,-1,,7,False,0.0,24.0,0.0,-0.689962266595483,False,0.5541791070022041,False,-0.689962266595483,False,0.00016518174588927835,False,1.0,False
2027,B,1079,1780423140.0,False,-1,,7,False,0.0,29.0,0.0,-1.2284927730560087,False,0.3680630097601789,False,-1.2284927730560087,False,0.28468258503274285,False,0.15772256851196287,False
2027,B,1080,1780423200.0,False,-1,,7,False,0.0,37.0,0.0,-0.7468314948238621,False,0.4160342859325763,False,-0.7468314948238621,False,0.28496411683017375,False,0.15071372985839845,False
2027,B,1081,1780423260.0,False,-1,,7,False,0.0,42.0,0.0,-0.4546085132533779,False,0.46012590715182083,False,-0.4546085132533779,False,0.28508703967134613,False,0.1432781457901001,False
2027,B,1082,1780423320.0,True,90,permission_denied,7,False,0.0,30.0,0.0,4.46897978430954,True,0.49245274116494286,False,4.46897978430954,True,1.0,True,9.0,True
2027,B,1083,1780423380.0,True,90,permission_denied,7,False,0.0,26.0,0.0,4.468979547198905,True,0.46647340502923335,False,4.468979547198905,True,1.0,True,9.0,True
2027,B,1084,1780423440.0,True,90,permission_denied,7,False,0.0,33.0,0.0,4.468984005283913,True,0.5021539804202666,False,4.468984005283913,True,1.0,True,16.0,True
2027,B,1085,1780423500.0,True,90,permission_denied,7,False,0.0,30.0,0.0,4.46898388964727,True,0.4807253964278031,False,4.46898388964727,True,1.0,True,12.0,True
2027,B,1086,1780423560.0,True,90,permission_denied,7,False,0.0,22.0,0.0,-0.5685193399788107,False,0.37785956191579856,False,-0.5685193399788107,False,0.28427417542924155,False,0.15402085781097413,False
2027,B,1087,1780423620.0,False,-1,,7,False,0.0,21.0,0.0,-1.3874761563507514,False,0.36248192080432884,False,-1.3874761563507514,False,0.2841941673899105,False,0.1537156105041504,False
2027,B,1088,1780423680.0,False,-1,,7,False,0.0,22.0,0.0,-0.5496165147628131,False,0.4081985571565419,False,-0.5496165147628131,False,0.28427417542924155,False,0.16580810546874997,False
2027,B,1089,1780423740.0,False,-1,,7,False,0.0,26.0,0.0,0.2061461065728274,False,0.40286267402182735,False,0.2061461065728274,False,0.28453382775325387,False,0.11712491512298584,False
2027,B,1090,1780423800.0,False,-1,,7,False,0.0,20.0,0.0,-1.33404035270011,False,0.3611766721172621,False,-1.33404035270011,False,0.2841063125275758,False,0.14556622505187988,False
2027,B,1091,1780423860.0,False,-1,,7,False,0.0,28.0,0.0,-1.0728302658849502,False,0.3710787347057953,False,-1.0728302658849502,False,0.28463644685275474,False,0.1416224956512451,False
2027,B,1092,1780423920.0,False,-1,,7,False,0.0,17.0,0.0,0.00944789235817911,False,0.403238921868243,False,0.00944789235817911,False,0.2837817646511713,False,0.12319612503051758,False
2027,B,1093,1780423980.0,False,-1,,7,False,0.0,25.0,0.0,-0.994211847089451,False,0.36571591032798095,False,-0.994211847089451,False,0.2844765274040158,False,0.13973522186279294,False
2027,B,1094,1780424040.0,False,-1,,7,False,1.0,23.0,0.0,-0.4880964274642068,False,0.5732495941957773,False,-0.4880964274642068,False,5.440276432631634e-05,False,0.16557941436767581,False
2027,B,1095,1780424100.0,True,91,permission_denied,7,False,0.0,24.0,0.0,4.468982869978692,True,0.4677076032448008,False,4.468982869978692,True,1.0,True,10.0,True
2027,B,1096,1780424160.0,True,91,permission_denied,7,False,0.0,26.0,0.0,4.468980082827735,True,0.4800495663822562,False,4.468980082827735,True,1.0,True,9.0,True
2027,B,1097,1780424220.0,True,91,permission_denied,7,False,0.0,30.0,0.0,4.46085496225894,True,0.4885002295141421,False,4.46085496225894,True,1.0,True,4.0,True
2027,B,1098,1780424280.0,False,-1,,7,False,0.0,32.0,0.0,-0.4467340153134183,False,0.39553160619974154,False,-0.4467340153134183,False,0.2848041541702264,False,0.14804365634918212,False
2027,B,1099,1780424340.0,False,-1,,7,False,0.0,22.0,0.0,-1.2783191573334927,False,0.3612873246570972,False,-1.2783191573334927,False,0.28427417542924155,False,0.1564777374267578,False
2027,B,1100,1780424400.0,False,-1,,7,False,0.0,29.0,0.0,-1.2430382828546813,False,0.3683752549652417,False,-1.2430382828546813,False,0.28468258503274285,False,0.16228456497192384,False
2027,B,1101,1780424460.0,False,-1,,7,False,0.0,26.0,0.0,-1.2105890580489183,False,0.37215764721284134,False,-1.2105890580489183,False,0.28453382775325387,False,0.14510452747344973,False
2027,B,1102,1780424520.0,False,-1,,7,False,0.0,27.0,0.0,-0.5782465016349123,False,0.3827511493139367,False,-0.5782465016349123,False,0.2845869875261109,False,0.15940480232238763,False
2027,B,1103,1780424580.0,True,92,resource_exhaustion,7,False,0.0,29.0,0.0,4.468984006654058,True,0.5656542474752513,False,4.468984006654058,True,1.0,True,999999999.9999999,True
2027,B,1104,1780424640.0,True,92,resource_exhaustion,7,False,2.0,34.0,0.0,4.468984006654058,True,0.7021432996823916,True,4.468984006654058,True,1.0,True,999999999.9999999,True
2027,B,1105,1780424700.0,True,92,resource_exhaustion,7,False,1.0,29.0,0.0,4.468984006654058,True,0.6866983796868741,True,4.468984006654058,True,1.0,True,1999999999.9999998,True
2027,B,1106,1780424760.0,True,92,resource_exhaustion,7,False,4.0,31.0,0.0,4.468984006654058,True,0.7297232547421214,True,4.468984006654058,True,1.0,True,3999999999.9999995,True
2027,B,1107,1780424820.0,True,92,resource_exhaustion,7,False,1.0,18.0,0.0,4.468984006654058,True,0.6715063024367612,False,4.468984006654058,True,1.0,True,999999999.9999999,True
2027,B,1108,1780424880.0,False,-1,,7,False,0.0,31.0,0.0,-1.1516742291008022,False,0.3730630544848615,False,-1.1516742291008022,False,0.2847661702806276,False,0.16265559196472168,False
2027,B,1109,1780424940.0,False,-1,,7,False,0.0,29.0,0.0,-0.49433244965511225,False,0.38646802379832973,False,-0.49433244965511225,False,0.28468258503274285,False,0.14760808944702147,False
2027,B,1110,1780425000.0,False,-1,,7,False,0.0,25.0,0.0,-1.4181835196436738,False,0.3638829518362336,False,-1.4181835196436738,False,0.2844765274040158,False,0.17665452957153316,False
2027,B,1111,1780425060.0,False,-1,,7,False,0.0,22.0,0.0,-1.5250963660509278,False,0.37043110868298595,False,-1.5250963660509278,False,0.28427417542924155,False,0.1596343994140625,False
2027,B,1112,1780425120.0,False,-1,,7,False,0.0,26.0,0.0,-1.3177237312634045,False,0.36172711462695484,False,-1.3177237312634045,False,0.28453382775325387,False,0.15121638774871826,False
2027,B,1113,1780425180.0,False,-1,,7,False,0.0,25.0,0.0,-0.7922242347288071,False,0.37427302711469773,False,-0.7922242347288071,False,0.2844765274040158,False,0.1632144927978515,False
2027,B,1114,1780425240.0,False,-1,,7,False,0.0,24.0,0.0,-1.3925836763507604,False,0.37306898830048185,False,-1.3925836763507604,False,0.28441457271463133,False,0.19122929573059083,False
2027,B,1115,1780425300.0,False,-1,,7,False,0.0,21.0,0.0,-0.4251011511391205,False,0.4252910980952982,False,-0.4251011511391205,False,0.2841941673899105,False,0.23309707641601574,False
2027,B,1116,1780425360.0,True,93,config_error,7,False,0.0,32.0,0.0,4.468984006654049,True,0.5325550987311634,False,4.468984006654049,True,0.999997840165924,True,29.0,True
2027,B,1117,1780425420.0,True,93,config_error,7,False,0.0,38.0,0.0,4.468984006654058,True,0.5593686379457168,False,4.468984006654058,True,0.9999967322078266,True,37.0,True
2027,B,1118,1780425480.0,True,93,config_error,7,False,0.0,20.0,0.0,4.468984006575707,True,0.5249833869095423,False,4.468984006575707,True,0.9999989590903117,True,18.0,True
2027,B,1119,1780425540.0,True,93,config_error,7,False,1.0,28.0,0.0,4.468676736345272,True,0.6360013284450774,False,4.468676736345272,True,0.9999995604734009,True,4.0,True
2027,B,1120,1780425600.0,False,-1,,7,False,0.0,20.0,0.0,-1.552637295731639,False,0.36101815433764645,False,-1.552637295731639,False,0.2841063125275758,False,0.16716463565826412,False
2027,B,1121,1780425660.0,False,-1,,7,False,0.0,15.0,0.0,-0.4953722964863321,False,0.39769601600551413,False,-0.4953722964863321,False,0.28349405466720345,False,0.13866910934448243,False
2027,B,1122,1780425720.0,False,-1,,7,False,0.0,28.0,0.0,-0.41292045559124624,False,0.38302660550758644,False,-0.41292045559124624,False,0.28463644685275474,False,0.13075344562530516,False
2027,B,1123,1780425780.0,False,-1,,7,False,0.0,39.0,0.0,-0.9792294462572064,False,0.4231384999547611,False,-0.9792294462572064,False,0.2850169472102008,False,0.16569967269897456,False
2027,B,1124,1780425840.0,False,-1,,7,False,0.0,37.0,0.0,-0.06615050681697632,False,0.5799809841226332,False,-0.06615050681697632,False,0.0002801733145227799,False,1.0,False
2027,B,1125,1780425900.0,False,-1,,7,False,0.0,27.0,0.0,-1.0024800249761432,False,0.3726013275728306,False,-1.0024800249761432,False,0.2845869875261109,False,0.16908736228942872,False
2027,B,1126,1780425960.0,False,-1,,7,False,0.0,29.0,0.0,-1.0179357867185335,False,0.3728879916107906,False,-1.0179357867185335,False,0.28468258503274285,False,0.15573406219482422,False
2027,B,1127,1780426020.0,False,-1,,7,False,0.0,36.0,0.0,-1.0008812056446619,False,0.4181157572164643,False,-1.0008812056446619,False,0.2849355722416572,False,0.17008376121520993,False
2027,B,1128,1780426080.0,True,94,dependency_timeout,7,False,1.0,26.0,0.0,4.468984006654058,True,0.6683059653284075,False,4.468984006654058,True,1.0,True,999999999.9999999,True
2027,B,1129,1780426140.0,True,94,dependency_timeout,7,False,1.0,25.0,0.0,4.468984006654058,True,0.6665003922246896,False,4.468984006654058,True,1.0,True,20.065254163742065,True
2027,B,1130,1780426200.0,True,94,dependency_timeout,7,False,4.0,33.0,0.0,4.468984006654058,True,0.6947503641447592,True,4.468984006654058,True,1.0,True,6000000000.0,True
2027,B,1131,1780426260.0,True,94,dependency_timeout,7,False,3.0,32.0,0.0,4.468984006654058,True,0.6964332899431326,True,4.468984006654058,True,1.0,True,999999999.9999999,True
2027,B,1132,1780426320.0,False,-1,,7,False,0.0,27.0,0.0,-1.3677396926696952,False,0.3712408134707888,False,-1.3677396926696952,False,0.2845869875261109,False,0.17856445312499997,False
2027,B,1133,1780426380.0,False,-1,,7,False,0.0,25.0,0.0,-1.1401415161795585,False,0.3667475686130568,False,-1.1401415161795585,False,0.2844765274040158,False,0.1462311744689941,False
2027,B,1134,1780426440.0,False,-1,,7,False,0.0,23.0,0.0,-0.8113706923704882,False,0.3726243802036431,False,-0.8113706923704882,False,0.2843473600926415,False,0.15076661109924316,False
2027,B,1135,1780426500.0,False,-1,,7,False,0.0,29.0,0.0,-1.0991199988750529,False,0.3769634051514458,False,-1.0991199988750529,False,0.28468258503274285,False,0.17757396697998043,False
2027,B,1136,1780426560.0,False,-1,,7,False,0.0,26.0,0.0,-0.4876653229989003,False,0.4173027831003949,False,-0.4876653229989003,False,0.28453382775325387,False,0.12753307819366455,False
2027,B,1137,1780426620.0,False,-1,,7,False,0.0,28.0,0.0,-0.882047722548271,False,0.39260368707223914,False,-0.882047722548271,False,0.28463644685275474,False,0.14354977607727049,False
2027,B,1138,1780426680.0,False,-1,,7,False,0.0,36.0,0.0,-0.8469826524814348,False,0.40762356599363575,False,-0.8469826524814348,False,0.2849355722416572,False,0.15125417709350586,False
2027,B,1139,1780426740.0,False,-1,,7,False,0.0,24.0,0.0,-0.7827081901981723,False,0.5490725973717703,False,-0.7827081901981723,False,0.00016518174588927835,False,1.0,False
2027,B,1140,1780426800.0,False,-1,,7,False,0.0,35.0,0.0,-0.6422070561657565,False,0.419519729309387,False,-0.6422070561657565,False,0.28490544893547115,False,0.1407016277313232,False
2027,B,1141,1780426860.0,False,-1,,7,False,0.0,22.0,0.0,-0.7871935251794362,False,0.3959497719699005,False,-0.7871935251794362,False,0.28427417542924155,False,0.13429780006408693,False
2027,B,1142,1780426920.0,True,95,dependency_timeout,7,False,0.0,29.0,0.0,4.366306881997934,True,0.431309387663184,False,4.366306881997934,True,0.28523118061887465,False,14.479801559448259,True
2027,B,1143,1780426980.0,True,95,dependency_timeout,7,False,0.0,18.0,0.0,4.468984006654058,True,0.5754173656821538,False,4.468984006654058,True,1.0,True,1999999999.9999998,True
2027,B,1144,1780427040.0,True,95,dependency_timeout,7,False,4.0,30.0,0.0,4.468984006654058,True,0.6925986520490799,True,4.468984006654058,True,1.0,True,999999999.9999999,True
2027,B,1145,1780427100.0,True,95,dependency_timeout,7,False,0.0,30.0,0.0,4.468984006654058,True,0.5632116623111021,False,4.468984006654058,True,1.0,True,999999999.9999999,True
2027,B,1146,1780427160.0,False,-1,,8,False,0.0,29.0,0.0,-1.0613949232321094,False,0.3863073694143183,False,-1.0613949232321094,False,0.28468258503274285,False,0.1924417495727539,False
2027,B,1147,1780427220.0,False,-1,,8,False,0.0,30.0,0.0,-0.8793003574899219,False,0.3810909151945073,False,-0.8793003574899219,False,0.2847257307483576,False,0.1742072343826294,False
2027,B,1148,1780427280.0,False,-1,,8,False,0.0,27.0,0.0,-1.1207595394977243,False,0.38597621016226297,False,-1.1207595394977243,False,0.2845869875261109,False,0.15138683319091795,False
2027,B,1149,1780427340.0,False,-1,,8,False,0.0,26.0,0.0,-0.7528270974545661,False,0.3713720650740305,False,-0.7528270974545661,False,0.28453382775325387,False,0.14560818672180176,False
2027,B,1150,1780427400.0,False,-1,,8,False,0.0,23.0,0.0,-1.3929905349866107,False,0.37322356212376057,False,-1.3929905349866107,False,0.2843473600926415,False,0.18546080589294436,False
2027,B,1151,1780427460.0,False,-1,,8,False,0.0,27.0,0.0,0.3641057695688117,False,0.4480247280386914,False,0.3641057695688117,False,0.2845869875261109,False,0.18906679153442382,False
2027,B,1152,1780427520.0,False,-1,,8,False,0.0,31.0,0.0,-1.0719122176188893,False,0.3847385374305396,False,-1.0719122176188893,False,0.2847661702806276,False,0.18379807472229,False
2027,B,1153,1780427580.0,False,-1,,8,False,0.0,26.0,0.0,-1.013266466321455,False,0.3795285121733603,False,-1.013266466321455,False,0.28453382775325387,False,0.1649165153503418,False
2027,B,1154,1780427640.0,False,-1,,8,False,1.0,28.0,0.0,-0.2834000190874626,False,0.5862201097742146,False,-0.2834000190874626,False,7.889734187122403e-05,False,0.14441053867340087,False
2027,B,1155,1780427700.0,False,-1,,8,False,0.0,24.0,0.0,-1.394594965424024,False,0.36745129204842375,False,-1.394594965424024,False,0.28441457271463133,False,0.16265149116516114,False
2027,B,1156,1780427760.0,True,96,permission_denied,8,False,0.0,32.0,0.0,4.4689659704258595,True,0.4858850066772582,False,4.4689659704258595,True,1.0,True,8.0,True
2027,B,1157,1780427820.0,True,96,permission_denied,8,False,0.0,22.0,0.0,4.468983905649485,True,0.47766670296320995,False,4.468983905649485,True,1.0,True,12.0,True
2027,B,1158,1780427880.0,True,96,permission_denied,8,False,0.0,26.0,0.0,4.468983994571133,True,0.4722745168912621,False,4.468983994571133,True,1.0,True,14.0,True
2027,B,1159,1780427940.0,True,96,permission_denied,8,False,0.0,19.0,0.0,4.468646679295068,True,0.4756634633959948,False,4.468646679295068,True,1.0,True,6.0,True
2027,B,1160,1780428000.0,False,-1,,8,False,0.0,29.0,0.0,-1.0206761121790313,False,0.3886218745078915,False,-1.0206761121790313,False,0.28468258503274285,False,0.1870186805725097,False
2027,B,1161,1780428060.0,False,-1,,8,False,0.0,29.0,0.0,-1.2884726146484295,False,0.3681403517121668,False,-1.2884726146484295,False,0.28468258503274285,False,0.15878305435180662,False
2027,B,1162,1780428120.0,False,-1,,8,False,0.0,26.0,0.0,-0.5822881437945142,False,0.40883228104719627,False,-0.5822881437945142,False,0.28453382775325387,False,0.2216726541519165,False
2027,B,1163,1780428180.0,False,-1,,8,False,0.0,31.0,0.0,-0.5882950812896688,False,0.5605574733942997,False,-0.5882950812896688,False,0.00022711999271655416,False,1.0,False
2027,B,1164,1780428240.0,False,-1,,8,False,0.0,29.0,0.0,-1.1530980554989085,False,0.38649685270800477,False,-1.1530980554989085,False,0.28468258503274285,False,0.16164236068725582,False
2027,B,1165,1780428300.0,False,-1,,8,False,0.0,28.0,0.0,-0.85798144051736,False,0.3746429062529906,False,-0.85798144051736,False,0.28463644685275474,False,0.1677104949951172,False
2027,B,1166,1780428360.0,False,-1,,8,False,0.0,21.0,0.0,0.07913877242095779,False,0.4002866815452391,False,0.07913877242095779,False,0.2841941673899105,False,0.15098524093627932,False
2027,B,1167,1780428420.0,False,-1,,8,False,0.0,26.0,0.0,-1.4142681189658575,False,0.36373865374891307,False,-1.4142681189658575,False,0.28453382775325387,False,0.1573622226715088,False
2027,B,1168,1780428480.0,False,-1,,8,False,0.0,31.0,0.0,-1.08606388495806,False,0.3940081707175251,False,-1.08606388495806,False,0.2847661702806276,False,0.18816971778869626,False
2027,B,1169,1780428540.0,False,-1,,8,False,0.0,21.0,0.0,-0.9795036882375179,False,0.3959126067321367,False,-0.9795036882375179,False,0.2841941673899105,False,0.1985635757446289,False
2027,B,1170,1780428600.0,True,97,resource_exhaustion,8,False,3.0,23.0,0.0,4.468984006654058,True,0.7055392394059696,True,4.468984006654058,True,1.0,True,3999999999.9999995,True
2027,B,1171,1780428660.0,True,97,resource_exhaustion,8,False,5.0,27.0,0.0,4.468984006654058,True,0.7021392412736556,True,4.468984006654058,True,1.0,True,5000000000.0,True
2027,B,1172,1780428720.0,True,97,resource_exhaustion,8,False,5.0,31.0,0.0,4.468984006654058,True,0.7064283794863931,True,4.468984006654058,True,1.0,True,5000000000.0,True
2027,B,1173,1780428780.0,True,97,resource_exhaustion,8,False,4.0,28.0,0.0,4.468984006654058,True,0.7027417628749274,True,4.468984006654058,True,1.0,True,5000000000.0,True
2027,B,1174,1780428840.0,True,97,resource_exhaustion,8,False,2.0,17.0,0.0,4.468984006654058,True,0.6717889568110126,False,4.468984006654058,True,1.0,True,999999999.9999999,True
2027,B,1175,1780428900.0,False,-1,,8,False,0.0,19.0,0.0,-1.2760419040959254,False,0.37864769501527695,False,-1.2760419040959254,False,0.2840093691312235,False,0.16355719566345214,False
2027,B,1176,1780428960.0,False,-1,,8,False,0.0,29.0,0.0,-1.1139089101060886,False,0.370964457071236,False,-1.1139089101060886,False,0.28468258503274285,False,0.1538166046142578,False
2027,B,1177,1780429020.0,False,-1,,8,False,0.0,24.0,0.0,-0.9156797546634854,False,0.3773285657458659,False,-0.9156797546634854,False,0.28441457271463133,False,0.13398802280426025,False
2027,B,1178,1780429080.0,False,-1,,8,False,0.0,29.0,0.0,-0.547128739270959,False,0.38527297399094285,False,-0.547128739270959,False,0.28468258503274285,False,0.1379427909851074,False
2027,B,1179,1780429140.0,False,-1,,8,False,0.0,28.0,0.0,-1.1979952805602414,False,0.3640021088176802,False,-1.1979952805602414,False,0.28463644685275474,False,0.16206464767456055,False
2027,B,1180,1780429200.0,False,-1,,8,False,0.0,23.0,0.0,-1.2171796352313615,False,0.37877091156433784,False,-1.2171796352313615,False,0.2843473600926415,False,0.1419102191925049,False
2027,B,1181,1780429260.0,False,-1,,8,False,0.0,38.0,0.0,-0.45872949717317013,False,0.4318460534177582,False,-0.45872949717317013,False,0.2849912051575958,False,0.17357501983642581,False
2027,B,1182,1780429320.0,False,-1,,8,False,0.0,27.0,0.0,-0.9426706488316503,False,0.3722870595274472,False,-0.9426706488316503,False,0.2845869875261109,False,0.14796094894409176,False
2027,B,1183,1780429380.0,True,98,dependency_timeout,8,False,1.0,22.0,0.0,4.468984006654058,True,0.6621574042817122,False,4.468984006654058,True,1.0,True,20.054154539108275,True
2027,B,1184,1780429440.0,True,98,dependency_timeout,8,True,21.0,202.0,1.0,4.468984006654058,True,0.7736575163050246,True,4.468984006654058,True,1.0,True,16999999999.999998,True
2027,B,1185,1780429500.0,True,98,dependency_timeout,8,True,27.0,242.0,0.0,4.468984006654058,True,0.779065347480774,True,4.468984006654058,True,1.0,True,28000000000.0,True
2027,B,1186,1780429560.0,True,98,dependency_timeout,8,True,5.0,75.0,0.0,4.468984006654058,True,0.7349215606671174,True,4.468984006654058,True,1.0,True,3999999999.9999995,True
2027,B,1187,1780429620.0,False,-1,,8,False,0.0,37.0,0.0,-0.8776172536256741,False,0.4145205461931742,False,-0.8776172536256741,False,0.28496411683017375,False,0.16431846618652343,False
2027,B,1188,1780429680.0,False,-1,,8,False,0.0,19.0,0.0,-1.1778574683083125,False,0.3867727525958216,False,-1.1778574683083125,False,0.2840093691312235,False,0.1466525077819824,False
2027,B,1189,1780429740.0,False,-1,,8,False,0.0,27.0,0.0,-1.2838915726627906,False,0.3741107285100403,False,-1.2838915726627906,False,0.2845869875261109,False,0.15091528892517087,False
2027,B,1190,1780429800.0,False,-1,,8,False,0.0,21.0,0.0,-0.725503425616072,False,0.5567173938409485,False,-0.725503425616072,False,0.000140851324892594,False,1.0,False
2027,B,1191,1780429860.0,False,-1,,8,False,0.0,27.0,0.0,-0.9588829254630298,False,0.37400773343363575,False,-0.9588829254630298,False,0.28393467849705395,False,0.1637035608291626,False
2027,B,1192,1780429920.0,False,-1,,8,False,0.0,20.0,0.0,-1.3458911513561747,False,0.3711223397468485,False,-1.3458911513561747,False,0.2841063125275758,False,0.18139860630035398,False
2027,B,1193,1780429980.0,False,-1,,8,False,0.0,24.0,0.0,-1.1614798871410814,False,0.3702425785602202,False,-1.1614798871410814,False,0.28441457271463133,False,0.13867616653442383,False
2027,B,1194,1780430040.0,False,-1,,8,False,0.0,26.0,0.0,-1.1867232722491687,False,0.362680849246208,False,-1.1867232722491687,False,0.28453382775325387,False,0.1477748155593872,False
2027,B,1195,1780430100.0,True,99,config_error,8,False,0.0,27.0,0.0,4.468984006467881,True,0.48028388113124104,False,4.468984006467881,True,0.9999991178857804,True,18.0,True
2027,B,1196,1780430160.0,True,99,config_error,8,False,0.0,33.0,0.0,4.468984006654044,True,0.5189170631867209,False,4.468984006654044,True,0.9999978930664267,True,29.0,True
2027,B,1197,1780430220.0,True,99,config_error,8,False,0.0,26.0,0.0,4.46898400664405,True,0.48889277394712405,False,4.46898400664405,True,0.9999987579469735,True,21.0,True
2027,B,1198,1780430280.0,True,99,config_error,8,False,0.0,27.0,0.0,4.468984006653993,True,0.514059939679042,False,4.468984006653993,True,0.99999798963402,True,26.0,True
2027,B,1199,1780430340.0,False,-1,,8,False,0.0,24.0,0.0,-1.4680314703786719,False,0.36292671635437607,False,-1.4680314703786719,False,0.28441457271463133,False,0.16453087329864502,False
2027,B,1200,1780430400.0,False,-1,,8,False,0.0,19.0,0.0,-0.5190528859457366,False,0.3804806648372526,False,-0.5190528859457366,False,0.2840093691312235,False,0.12180080413818359,False
2027,B,1201,1780430460.0,False,-1,,8,False,0.0,29.0,0.0,-0.585731583658208,False,0.39760201942771595,False,-0.585731583658208,False,0.28468258503274285,False,0.18748321533203122,False
2027,B,1202,1780430520.0,False,-1,,8,False,0.0,27.0,0.0,-1.280111306012568,False,0.37575609477307004,False,-1.280111306012568,False,0.2845869875261109,False,0.17225561141967766,False
2027,B,1203,1780430580.0,False,-1,,8,False,0.0,18.0,0.0,-1.6272424654067983,False,0.3678084720654158,False,-1.6272424654067983,False,0.28390181531234,False,0.1637472152709961,False
2027,B,1204,1780430640.0,False,-1,,8,False,0.0,22.0,0.0,-1.5862163530221185,False,0.35908790271272206,False,-1.5862163530221185,False,0.28427417542924155,False,0.16726787090301515,False
2027,B,1205,1780430700.0,False,-1,,8,False,0.0,28.0,0.0,-1.2551036563981492,False,0.3649378734702751,False,-1.2551036563981492,False,0.28463644685275474,False,0.16112346649169923,False
2027,B,1206,1780430760.0,False,-1,,8,False,0.0,22.0,0.0,-1.2323735666642275,False,0.36897561460887257,False,-1.2323735666642275,False,0.28427417542924155,False,0.1626761198043823,False
2027,B,1207,1780430820.0,False,-1,,8,False,0.0,20.0,0.0,-0.7759445008077535,False,0.39529765558789354,False,-0.7759445008077535,False,0.2841063125275758,False,0.12873878479003906,False
2027,B,1208,1780430880.0,True,100,config_error,8,False,0.0,16.0,0.0,4.260973479838022,True,0.4868311974008119,False,4.260973479838022,True,0.9999999995952393,True,2.0,True
2027,B,1209,1780430940.0,True,100,config_error,8,False,0.0,30.0,0.0,4.4689840066540105,True,0.533069013147339,False,4.4689840066540105,True,0.9999980551959426,True,27.0,True
2027,B,1210,1780431000.0,True,100,config_error,8,False,0.0,23.0,0.0,4.468984006603198,True,0.5049131213113417,False,4.468984006603198,True,0.9999989306098461,True,19.0,True
2027,B,1211,1780431060.0,True,100,config_error,8,False,0.0,28.0,0.0,4.468984006652572,True,0.5113501021568935,False,4.468984006652572,True,0.9999985555395613,True,23.0,True
2027,B,1212,1780431120.0,False,-1,,8,False,0.0,23.0,0.0,-0.9803575293743334,False,0.40690127384729297,False,-0.9803575293743334,False,0.2843473600926415,False,0.15167708396911622,False
2027,B,1213,1780431180.0,False,-1,,8,False,0.0,25.0,0.0,-1.1018943693451293,False,0.36437863009701016,False,-1.1018943693451293,False,0.2844765274040158,False,0.14234170913696287,False
2027,B,1214,1780431240.0,False,-1,,8,False,0.0,32.0,0.0,-0.2968537485176812,False,0.4477344207861016,False,-0.2968537485176812,False,0.2848041541702264,False,0.1888059616088867,False
2027,B,1215,1780431300.0,False,-1,,8,False,0.0,24.0,0.0,-1.198239485760963,False,0.36047645824266444,False,-1.198239485760963,False,0.28441457271463133,False,0.14380784034729005,False
2027,B,1216,1780431360.0,False,-1,,8,False,1.0,26.0,0.0,0.104220971791114,False,0.5845667272556639,False,0.104220971791114,False,6.883379002510699e-05,False,0.20245730876922607,False
2027,B,1217,1780431420.0,False,-1,,8,False,0.0,26.0,0.0,-1.2254101316587835,False,0.3626048009982924,False,-1.2254101316587835,False,0.28453382775325387,False,0.1595902442932129,False
2027,B,1218,1780431480.0,False,-1,,8,False,0.0,13.0,0.0,-1.5967073109628682,False,0.3821757600936118,False,-1.5967073109628682,False,0.2831179908395116,False,0.16058816909790036,False
2027,B,1219,1780431540.0,False,-1,,8,False,0.0,29.0,0.0,-1.127241010706694,False,0.37316421014776235,False,-1.127241010706694,False,0.28468258503274285,False,0.17165708541870117,False
2027,B,1220,1780431600.0,False,-1,,8,False,0.0,15.0,0.0,-1.0283459557436823,False,0.4154737859597145,False,-1.0283459557436823,False,0.28349405466720345,False,0.14717931747436525,False
2027,B,1221,1780431660.0,False,-1,,8,False,0.0,22.0,0.0,-1.6187309276857453,False,0.3605352418093776,False,-1.6187309276857453,False,0.28427417542924155,False,0.16186940670013425,False
2027,B,1222,1780431720.0,True,101,permission_denied,8,False,0.0,30.0,0.0,4.460820685664645,True,0.485289004145809,False,4.460820685664645,True,1.0,True,4.0,True
2027,B,1223,1780431780.0,True,101,permission_denied,8,False,0.0,15.0,0.0,4.22402037873677,True,0.48411451312488285,False,4.22402037873677,True,1.0,True,2.0,True
2027,B,1224,1780431840.0,True,101,permission_denied,8,False,0.0,16.0,0.0,4.468919968421663,True,0.4858403598880403,False,4.468919968421663,True,1.0,True,7.0,True
2027,B,1225,1780431900.0,False,-1,,8,False,0.0,24.0,0.0,-1.41437186430612,False,0.37337333545788914,False,-1.41437186430612,False,0.28441457271463133,False,0.17101686000823973,False
2027,B,1226,1780431960.0,False,-1,,8,False,0.0,19.0,0.0,-1.7236464356040493,False,0.36380313090096356,False,-1.7236464356040493,False,0.2840093691312235,False,0.16761960983276367,False
2027,B,1227,1780432020.0,False,-1,,8,False,0.0,21.0,0.0,-0.9573127900731198,False,0.3957901385638533,False,-0.9573127900731198,False,0.2841941673899105,False,0.20689105987548828,False
2027,B,1228,1780432080.0,False,-1,,8,False,0.0,28.0,0.0,-0.6919801882284169,False,0.38850958879904474,False,-0.6919801882284169,False,0.28463644685275474,False,0.13002474308013917,False
2027,B,1229,1780432140.0,False,-1,,8,False,0.0,21.0,0.0,-0.4155006696998642,False,0.4386301963708986,False,-0.4155006696998642,False,0.2841941673899105,False,0.2183990478515625,False
2027,B,1230,1780432200.0,False,-1,,8,False,0.0,21.0,0.0,-1.4019650212073795,False,0.3605146433522196,False,-1.4019650212073795,False,0.2841941673899105,False,0.14764928817749026,False
2027,B,1231,1780432260.0,True,102,resource_exhaustion,8,False,0.0,25.0,0.0,4.468984006654058,True,0.5773948867987725,False,4.468984006654058,True,1.0,True,999999999.9999999,True
2027,B,1232,1780432320.0,True,102,resource_exhaustion,8,False,5.0,22.0,0.0,4.468984006654058,True,0.7041249040870816,True,4.468984006654058,True,1.0,True,5000000000.0,True
2027,B,1233,1780432380.0,True,102,resource_exhaustion,8,False,1.0,12.0,0.0,4.468984006654058,True,0.6959706642346752,True,4.468984006654058,True,1.0,True,999999999.9999999,True
2027,B,1234,1780432440.0,False,-1,,8,False,0.0,18.0,0.0,-1.110829636181717,False,0.38950448866459747,False,-1.110829636181717,False,0.28390181531234,False,0.1290123224258423,False
2027,B,1235,1780432500.0,False,-1,,8,False,0.0,25.0,0.0,-1.4749946592603171,False,0.3607999110213249,False,-1.4749946592603171,False,0.2844765274040158,False,0.1588586807250976,False
2027,B,1236,1780432560.0,False,-1,,8,False,0.0,17.0,0.0,-1.283746770851824,False,0.3735318868785236,False,-1.283746770851824,False,0.2837817646511713,False,0.13900327682495117,False
2027,B,1237,1780432620.0,False,-1,,8,False,0.0,16.0,0.0,-1.4610254741498823,False,0.37726047796076473,False,-1.4610254741498823,False,0.2836468492771186,False,0.15565419197082517,False
2027,B,1238,1780432680.0,False,-1,,8,False,0.0,17.0,0.0,-1.7105058368458756,False,0.3662797965721615,False,-1.7105058368458756,False,0.2837817646511713,False,0.15583381652832032,False
2027,B,1239,1780432740.0,False,-1,,8,False,0.0,18.0,0.0,-1.4983241167212507,False,0.3664062523285434,False,-1.4983241167212507,False,0.28390181531234,False,0.14835939407348633,False
2027,B,1240,1780432800.0,False,-1,,8,False,1.0,24.0,0.0,-0.7469787522975784,False,0.5695708418765999,False,-0.7469787522975784,False,5.911462669972369e-05,False,0.14166202545166018,False
2027,B,1241,1780432860.0,False,-1,,8,False,0.0,26.0,0.0,-1.0136682417652088,False,0.3718120452340794,False,-1.0136682417652088,False,0.28453382775325387,False,0.1380246877670288,False
2027,B,1242,1780432920.0,False,-1,,8,False,0.0,23.0,0.0,-0.7855154629790517,False,0.38371293084875663,False,-0.7855154629790517,False,0.2843473600926415,False,0.12718739509582522,False
2027,B,1243,1780432980.0,False,-1,,8,False,0.0,23.0,0.0,-1.198224365541372,False,0.368446080729107,False,-1.198224365541372,False,0.2843473600926415,False,0.1564375877380371,False
2027,B,1244,1780433040.0,True,103,permission_denied,8,False,0.0,14.0,0.0,-1.1061292103635525,False,0.3876016180026306,False,-1.1061292103635525,False,0.28331948112322897,False,0.14327640533447267,False
2027,B,1245,1780433100.0,True,103,permission_denied,8,False,0.0,27.0,0.0,4.468984002906264,True,0.4857099501381631,False,4.468984002906264,True,1.0,True,15.0,True
2027,B,1246,1780433160.0,True,103,permission_denied,8,False,0.0,22.0,0.0,4.4689796709521685,True,0.4785123128950363,False,4.4689796709521685,True,1.0,True,9.0,True
2027,B,1247,1780433220.0,True,103,permission_denied,8,False,0.0,22.0,0.0,4.468979799924854,True,0.4746503787557883,False,4.468979799924854,True,1.0,True,9.0,True
2027,B,1248,1780433280.0,True,103,permission_denied,8,False,0.0,30.0,0.0,4.467404953137914,True,0.4821058611704047,False,4.467404953137914,True,1.0,True,5.0,True
2027,B,1249,1780433340.0,False,-1,,8,False,0.0,24.0,0.0,-0.9681024711805248,False,0.3740186620124537,False,-0.9681024711805248,False,0.28441457271463133,False,0.16737449169158936,False
2027,B,1250,1780433400.0,False,-1,,8,False,0.0,30.0,0.0,-1.2528353589875039,False,0.37063530821912327,False,-1.2528353589875039,False,0.2847257307483576,False,0.15860438346862796,False
2027,B,1251,1780433460.0,False,-1,,8,False,0.0,24.0,0.0,-0.6301321126116841,False,0.3810461521263198,False,-0.6301321126116841,False,0.28441457271463133,False,0.1301576614379883,False
2027,B,1252,1780433520.0,False,-1,,8,False,0.0,15.0,0.0,-1.3929825319565614,False,0.38277710379080304,False,-1.3929825319565614,False,0.28349405466720345,False,0.16712908744812008,False
2027,B,1253,1780433580.0,False,-1,,8,True,1.0,57.0,0.0,0.43486024678779067,False,0.6674048704384816,False,0.43486024678779067,False,0.0002425939629352532,False,0.18641128540039056,False
2027,B,1254,1780433640.0,True,104,config_error,8,True,0.0,207.0,0.0,4.468984006654058,True,0.6965368633955812,True,4.468984006654058,True,0.9999946588280884,True,83.0,True
2027,B,1255,1780433700.0,True,104,config_error,8,True,0.0,187.0,0.0,4.468984006654058,True,0.6707629745268191,False,4.468984006654058,True,0.9999866109767555,True,179.0,True
2027,B,1256,1780433760.0,True,104,config_error,8,False,0.0,29.0,0.0,4.468984006653726,True,0.4969864067330265,False,4.468984006653726,True,0.9999983144456437,True,25.0,True
2027,B,1257,1780433820.0,True,104,config_error,8,False,0.0,19.0,0.0,4.46898400658504,True,0.5113941372597389,False,4.46898400658504,True,0.9999988914063562,True,18.0,True
2027,B,1258,1780433880.0,True,104,config_error,8,False,0.0,21.0,0.0,4.459837041885217,True,0.4727629897546162,False,4.459837041885217,True,0.9999999874594158,True,4.0,True
2027,B,1259,1780433940.0,False,-1,,8,False,0.0,21.0,0.0,-1.0172850504121769,False,0.3652676453600233,False,-1.0172850504121769,False,0.2841941673899105,False,0.1487865447998047,False
2027,B,1260,1780434000.0,False,-1,,8,False,0.0,21.0,0.0,-1.4456757726179656,False,0.36180727370267163,False,-1.4456757726179656,False,0.2841941673899105,False,0.1491646766662598,False
2027,B,1261,1780434060.0,False,-1,,8,False,0.0,22.0,0.0,-1.257891504708594,False,0.36333484046509734,False,-1.257891504708594,False,0.28427417542924155,False,0.1565619707107544,False
2027,B,1262,1780434120.0,False,-1,,8,False,0.0,20.0,0.0,-0.893694288607171,False,0.3741387524371809,False,-0.893694288607171,False,0.2841063125275758,False,0.15984535217285156,False
2027,B,1263,1780434180.0,False,-1,,8,False,0.0,24.0,0.0,-1.3021837119667081,False,0.3631176693201459,False,-1.3021837119667081,False,0.28441457271463133,False,0.1618104934692383,False
2027,B,1264,1780434240.0,False,-1,,8,False,0.0,19.0,0.0,-1.0888648126701277,False,0.3714549923259524,False,-1.0888648126701277,False,0.2840093691312235,False,0.1542725563049316,False
2027,B,1265,1780434300.0,False,-1,,8,False,0.0,16.0,0.0,-1.403699737597246,False,0.3782264595666556,False,-1.403699737597246,False,0.2836468492771186,False,0.16102170944213867,False
2027,B,1266,1780434360.0,False,-1,,8,False,0.0,18.0,0.0,-1.2464618045247242,False,0.3837210296197529,False,-1.2464618045247242,False,0.28390181531234,False,0.13737165927886963,False
2027,B,1267,1780434420.0,True,105,dependency_timeout,8,False,0.0,18.0,0.0,4.468984006654058,True,0.539099143176499,False,4.468984006654058,True,1.0,True,999999999.9999999,True
2027,B,1268,1780434480.0,True,105,dependency_timeout,8,False,3.0,23.0,0.0,4.468984006654058,True,0.6911874518679427,True,4.468984006654058,True,1.0,True,20.071453189849855,True
2027,B,1269,1780434540.0,True,105,dependency_timeout,8,False,0.0,17.0,0.0,4.468984006654058,True,0.576458717428529,False,4.468984006654058,True,1.0,True,1999999999.9999998,True
2027,B,1270,1780434600.0,True,105,dependency_timeout,8,False,1.0,30.0,0.0,4.468984006654058,True,0.672764230730796,False,4.468984006654058,True,1.0,True,999999999.9999999,True
2027,B,1271,1780434660.0,False,-1,,8,False,0.0,20.0,0.0,-1.6284420174652388,False,0.3640380175747704,False,-1.6284420174652388,False,0.2841063125275758,False,0.1538241863250732,False
2027,B,1272,1780434720.0,False,-1,,8,False,0.0,17.0,0.0,-1.4454595338181493,False,0.37303838077278667,False,-1.4454595338181493,False,0.2837817646511713,False,0.14118537902832032,False
2027,B,1273,1780434780.0,False,-1,,8,False,0.0,23.0,0.0,-1.2846364798088077,False,0.37939145536125846,False,-1.2846364798088077,False,0.2843473600926415,False,0.19107408523559574,False
2027,B,1274,1780434840.0,False,-1,,8,False,0.0,16.0,0.0,-1.7299718862618993,False,0.376355920772973,False,-1.7299718862618993,False,0.2836468492771186,False,0.16791534423828125,False
2027,B,1275,1780434900.0,False,-1,,8,False,0.0,20.0,0.0,-1.3665465942982076,False,0.37316406083583037,False,-1.3665465942982076,False,0.2841063125275758,False,0.1503939628601074,False
2027,B,1276,1780434960.0,False,-1,,8,False,0.0,23.0,0.0,-1.453702284201622,False,0.3588335442413596,False,-1.453702284201622,False,0.2843473600926415,False,0.1649625778198243,False
2027,B,1277,1780435020.0,True,106,resource_exhaustion,8,False,3.0,19.0,0.0,4.468984006654058,True,0.7054757790292869,True,4.468984006654058,True,1.0,True,1999999999.9999998,True
2027,B,1278,1780435080.0,True,106,resource_exhaustion,8,False,2.0,19.0,0.0,4.468984006654058,True,0.7014595110863316,True,4.468984006654058,True,1.0,True,3999999999.9999995,True
2027,B,1279,1780435140.0,True,106,resource_exhaustion,8,False,5.0,10.0,0.0,4.468984006654058,True,0.7393751816854477,True,4.468984006654058,True,1.0,True,5000000000.0,True
2027,B,1280,1780435200.0,True,106,resource_exhaustion,8,False,0.0,23.0,0.0,4.468984006654056,True,0.5081902933019791,False,4.468984006654056,True,0.2843473600926415,False,0.21863112449646,False
2027,B,1281,1780435260.0,False,-1,,8,False,0.0,15.0,0.0,-1.5393190572922553,False,0.3817709234135334,False,-1.5393190572922553,False,0.28349405466720345,False,0.16725749969482423,False
2027,B,1282,1780435320.0,False,-1,,8,False,0.0,17.0,0.0,-1.0881553859848934,False,0.396076534999006,False,-1.0881553859848934,False,0.2837817646511713,False,0.19264774322509765,False
2027,B,1283,1780435380.0,False,-1,,8,False,0.0,25.0,0.0,-1.2394843687510182,False,0.36631184656366517,False,-1.2394843687510182,False,0.2844765274040158,False,0.17532186508178704,False
2027,B,1284,1780435440.0,False,-1,,8,False,0.0,22.0,0.0,-0.6571975962516206,False,0.551570853907149,False,-0.6571975962516206,False,0.0001476255210219047,False,1.0,False
2027,B,1285,1780435500.0,False,-1,,8,False,0.0,17.0,0.0,-1.662146227193066,False,0.3756652916815964,False,-1.662146227193066,False,0.2837817646511713,False,0.16483592987060547,False
2027,B,1286,1780435560.0,False,-1,,8,False,0.0,20.0,0.0,-1.6130467456457485,False,0.3677494427137312,False,-1.6130467456457485,False,0.2841063125275758,False,0.18329255580902104,False
2027,B,1287,1780435620.0,False,-1,,8,False,0.0,21.0,0.0,-1.2476952867192725,False,0.37472117482458744,False,-1.2476952867192725,False,0.2841941673899105,False,0.1782803535461426,False
2027,B,1288,1780435680.0,True,107,dependency_timeout,8,False,1.0,21.0,0.0,4.468984006654058,True,0.6775851073148738,False,4.468984006654058,True,1.0,True,999999999.9999999,True
2027,B,1289,1780435740.0,True,107,dependency_timeout,8,False,3.0,26.0,0.0,4.468984006654058,True,0.6837035816737729,False,4.468984006654058,True,1.0,True,3000000000.0,True
2027,B,1290,1780435800.0,True,107,dependency_timeout,8,False,1.0,17.0,0.0,4.468984006654058,True,0.6853271387116849,False,4.468984006654058,True,1.0,True,20.04705142974854,True
2027,B,1291,1780435860.0,True,107,dependency_timeout,8,False,2.0,20.0,0.0,4.468984006654058,True,0.6983178074368988,True,4.468984006654058,True,1.0,True,1999999999.9999998,True
2027,B,1292,1780435920.0,False,-1,,9,False,0.0,26.0,0.0,-1.3200915282331191,False,0.3751964975024521,False,-1.3200915282331191,False,0.28453382775325387,False,0.175667405128479,False
2027,B,1293,1780435980.0,False,-1,,9,False,0.0,20.0,0.0,-0.6566398580831407,False,0.38613739566202077,False,-0.6566398580831407,False,0.2841063125275758,False,0.14425327777862548,False
2027,B,1294,1780436040.0,False,-1,,9,False,0.0,19.0,0.0,-1.550172063135201,False,0.38062441289544974,False,-1.550172063135201,False,0.2840093691312235,False,0.18452439308166504,False
2027,B,1295,1780436100.0,False,-1,,9,False,0.0,15.0,0.0,-0.737933633409984,False,0.4259113997256975,False,-0.737933633409984,False,0.28349405466720345,False,0.13882431983947752,False
2027,B,1296,1780436160.0,False,-1,,9,False,0.0,20.0,0.0,-1.4270110973782915,False,0.37437231046566954,False,-1.4270110973782915,False,0.2841063125275758,False,0.1549405813217163,False
2027,B,1297,1780436220.0,False,-1,,9,False,0.0,20.0,0.0,-1.3242102952635237,False,0.38976365580295896,False,-1.3242102952635237,False,0.2841063125275758,False,0.17670891284942625,False
2027,B,1298,1780436280.0,False,-1,,9,False,0.0,21.0,0.0,-1.5266317713218704,False,0.3609959317819656,False,-1.5266317713218704,False,0.2850091088844203,False,0.17307300567626954,False
2027,B,1299,1780436340.0,False,-1,,9,False,0.0,25.0,0.0,-1.3494377027757283,False,0.3636670128719007,False,-1.3494377027757283,False,0.28375442540020057,False,0.14329452514648436,False
2027,B,1300,1780436400.0,False,-1,,9,False,0.0,18.0,0.0,-0.1554488864833692,False,0.40694368609672354,False,-0.1554488864833692,False,0.28390181531234,False,0.1136322259902954,False
2027,B,1301,1780436460.0,True,108,permission_denied,9,False,0.0,24.0,0.0,4.468694809527697,True,0.48902727852369005,False,4.468694809527697,True,1.0,True,6.0,True
2027,B,1302,1780436520.0,True,108,permission_denied,9,False,0.0,21.0,0.0,4.468980572563671,True,0.5021271072570281,False,4.468980572563671,True,1.0,True,9.0,True
2027,B,1303,1780436580.0,True,108,permission_denied,9,False,1.0,18.0,0.0,4.468979632011392,True,0.6317392085769659,False,4.468979632011392,True,1.0,True,6.0,True
2027,B,1304,1780436640.0,True,108,permission_denied,9,False,0.0,16.0,0.0,4.46765725580873,True,0.5071336362474649,False,4.46765725580873,True,1.0,True,5.0,True
2027,B,1305,1780436700.0,False,-1,,9,False,0.0,11.0,0.0,-1.7166855261107914,False,0.3802552331256131,False,-1.7166855261107914,False,0.28260398880394816,False,0.15613436698913574,False
2027,B,1306,1780436760.0,False,-1,,9,False,0.0,17.0,0.0,-0.9671520716317961,False,0.4135152051494802,False,-0.9671520716317961,False,0.2837817646511713,False,0.14057445526123047,False
2027,B,1307,1780436820.0,False,-1,,9,False,0.0,21.0,0.0,-1.095786311026993,False,0.3952774440992724,False,-1.095786311026993,False,0.2841941673899105,False,0.15263986587524417,False
2027,B,1308,1780436880.0,False,-1,,9,False,0.0,19.0,0.0,-1.5425404958759996,False,0.37182652255724313,False,-1.5425404958759996,False,0.2840093691312235,False,0.1815659999847412,False
2027,B,1309,1780436940.0,False,-1,,9,False,0.0,27.0,0.0,-0.9254815818689446,False,0.39997716594353183,False,-0.9254815818689446,False,0.2845869875261109,False,0.1750579357147216,False
2027,B,1310,1780437000.0,False,-1,,9,False,0.0,18.0,0.0,-0.4594108389976741,False,0.3890178265858209,False,-0.4594108389976741,False,0.28390181531234,False,0.15107669830322265,False
2027,B,1311,1780437060.0,False,-1,,9,False,0.0,19.0,0.0,-1.2330596106629628,False,0.3669017721673976,False,-1.2330596106629628,False,0.2840093691312235,False,0.15071678161621094,False
2027,B,1312,1780437120.0,False,-1,,9,False,0.0,14.0,0.0,-1.5888297698029898,False,0.3808679789323127,False,-1.5888297698029898,False,0.28331948112322897,False,0.14490554332733155,False
2027,B,1313,1780437180.0,False,-1,,9,False,0.0,24.0,0.0,-0.8508230221514399,False,0.39236624967337486,False,-0.8508230221514399,False,0.28441457271463133,False,0.19254193305969236,False
2027,B,1314,1780437240.0,False,-1,,9,False,0.0,16.0,0.0,-1.2476592330365959,False,0.40598666464719646,False,-1.2476592330365959,False,0.2836468492771186,False,0.21054220199584958,False
2027,B,1315,1780437300.0,True,109,config_error,9,False,0.0,22.0,0.0,4.468979992152253,True,0.486665522726864,False,4.468979992152253,True,0.9999998198001459,True,9.0,True
2027,B,1316,1780437360.0,True,109,config_error,9,False,0.0,27.0,0.0,4.468984006653989,True,0.5123417091167562,False,4.468984006653989,True,0.99999798963402,True,26.0,True
2027,B,1317,1780437420.0,True,109,config_error,9,False,0.0,21.0,0.0,4.468984006643054,True,0.5073977225400839,False,4.468984006643054,True,0.9999986712220119,True,20.0,True
2027,B,1318,1780437480.0,True,109,config_error,9,False,0.0,13.0,0.0,4.468749314926115,True,0.4980029370567853,False,4.468749314926115,True,0.9999999404856708,True,6.0,True
2027,B,1319,1780437540.0,False,-1,,9,False,0.0,21.0,0.0,-1.068569436511968,False,0.38134335446913825,False,-1.068569436511968,False,0.2841941673899105,False,0.1408934593200684,False
2027,B,1320,1780437600.0,False,-1,,9,False,0.0,19.0,0.0,-0.923108487725643,False,0.3686334843013829,False,-0.923108487725643,False,0.2840093691312235,False,0.14137711524963378,False
2027,B,1321,1780437660.0,False,-1,,9,False,0.0,17.0,0.0,-1.0640385816833389,False,0.39525423972354545,False,-1.0640385816833389,False,0.2837817646511713,False,0.1264885902404785,False
2027,B,1322,1780437720.0,False,-1,,9,False,0.0,24.0,0.0,-0.8149638581466183,False,0.3881375520937002,False,-0.8149638581466183,False,0.28441457271463133,False,0.1849738359451294,False
2027,B,1323,1780437780.0,False,-1,,9,False,0.0,18.0,0.0,-1.5886298258617932,False,0.37649047686533116,False,-1.5886298258617932,False,0.28390181531234,False,0.1683724641799927,False
2027,B,1324,1780437840.0,False,-1,,9,False,0.0,17.0,0.0,-1.262529294361335,False,0.3742672266892748,False,-1.262529294361335,False,0.2837817646511713,False,0.14913864135742189,False
2027,B,1325,1780437900.0,True,110,resource_exhaustion,9,False,0.0,17.0,0.0,4.468984006654057,True,0.5903781104450585,False,4.468984006654057,True,0.00010448317902988954,False,1.0,False
2027,B,1326,1780437960.0,True,110,resource_exhaustion,9,False,1.0,19.0,0.0,4.468984006654058,True,0.6928010437398701,True,4.468984006654058,True,1.0,True,1999999999.9999998,True
2027,B,1327,1780438020.0,True,110,resource_exhaustion,9,False,5.0,22.0,0.0,4.468984006654058,True,0.7045851686744949,True,4.468984006654058,True,1.0,True,5000000000.0,True
2027,B,1328,1780438080.0,True,110,resource_exhaustion,9,False,0.0,12.0,0.0,4.468984006654044,True,0.5193353999032376,False,4.468984006654044,True,0.28288267083732616,False,0.23316290378570556,False
2027,B,1329,1780438140.0,False,-1,,9,False,0.0,18.0,0.0,-1.1041471696922383,False,0.38543161448046487,False,-1.1041471696922383,False,0.28390181531234,False,0.16739532947540284,False
2027,B,1330,1780438200.0,False,-1,,9,False,0.0,10.0,0.0,-0.7153204933554935,False,0.3933975280465051,False,-0.7153204933554935,False,0.28226841507490547,False,0.13030757904052734,False
2027,B,1331,1780438260.0,False,-1,,9,False,0.0,15.0,0.0,-1.6250371372512475,False,0.3871295969756354,False,-1.6250371372512475,False,0.28349405466720345,False,0.17734174728393554,False
2027,B,1332,1780438320.0,False,-1,,9,False,0.0,13.0,0.0,-0.9404059182527922,False,0.5723605223418478,False,-0.9404059182527922,False,7.141581619014654e-05,False,1.0,False
2027,B,1333,1780438380.0,False,-1,,9,False,0.0,18.0,0.0,-1.409159976739483,False,0.3698547816520472,False,-1.409159976739483,False,0.28390181531234,False,0.15944061279296867,False
2027,B,1334,1780438440.0,False,-1,,9,False,1.0,24.0,0.0,-0.7591693822883032,False,0.5696874720304125,False,-0.7591693822883032,False,5.911462669972369e-05,False,0.15529446601867675,False
2027,B,1335,1780438500.0,False,-1,,9,False,0.0,16.0,0.0,-0.9978292688964894,False,0.3827846113478756,False,-0.9978292688964894,False,0.2836468492771186,False,0.1405329704284668,False
2027,B,1336,1780438560.0,False,-1,,9,False,0.0,11.0,0.0,-1.0543330375026567,False,0.4097754509438765,False,-1.0543330375026567,False,0.28260398880394816,False,0.16382527351379395,False
2027,B,1337,1780438620.0,True,111,resource_exhaustion,9,False,2.0,18.0,0.0,4.468984006654058,True,0.6968407362919589,True,4.468984006654058,True,1.0,True,1999999999.9999998,True
2027,B,1338,1780438680.0,True,111,resource_exhaustion,9,False,2.0,20.0,0.0,4.468984006654058,True,0.7014315223083981,True,4.468984006654058,True,1.0,True,3000000000.0,True
2027,B,1339,1780438740.0,True,111,resource_exhaustion,9,False,2.0,15.0,0.0,4.468984006654058,True,0.7129482311654901,True,4.468984006654058,True,1.0,True,1999999999.9999998,True
2027,B,1340,1780438800.0,True,111,resource_exhaustion,9,False,4.0,21.0,0.0,4.468984006654058,True,0.7049935052949063,True,4.468984006654058,True,1.0,True,3999999999.9999995,True
2027,B,1341,1780438860.0,False,-1,,9,False,1.0,14.0,0.0,0.19141323192645832,False,0.6029030784443723,False,0.19141323192645832,False,1.8227833337805286e-05,False,0.11731045246124268,False
2027,B,1342,1780438920.0,False,-1,,9,False,0.0,17.0,0.0,-1.5947934108045398,False,0.3726939572978041,False,-1.5947934108045398,False,0.2837817646511713,False,0.14972639083862305,False
2027,B,1343,1780438980.0,False,-1,,9,False,0.0,22.0,0.0,-1.052829726682016,False,0.36841197298990036,False,-1.052829726682016,False,0.28427417542924155,False,0.13390290737152102,False
2027,B,1344,1780439040.0,False,-1,,9,False,0.0,18.0,0.0,-1.1880464556550052,False,0.37406961029746844,False,-1.1880464556550052,False,0.28390181531234,False,0.14225106239318844,False
2027,B,1345,1780439100.0,False,-1,,9,False,0.0,25.0,0.0,-1.2416759134842223,False,0.3817810337575984,False,-1.2416759134842223,False,0.2844765274040158,False,0.2027904510498046,False
2027,B,1346,1780439160.0,False,-1,,9,False,0.0,15.0,0.0,-0.8724670958538407,False,0.3846022226898413,False,-0.8724670958538407,False,0.28349405466720345,False,0.13291621208190918,False
2027,B,1347,1780439220.0,False,-1,,9,False,0.0,13.0,0.0,-0.6293644181914937,False,0.39163038575331605,False,-0.6293644181914937,False,0.2831179908395116,False,0.1401275634765625,False
2027,B,1348,1780439280.0,True,112,config_error,9,False,0.0,17.0,0.0,-1.247149692343669,False,0.3930846702870494,False,-1.247149692343669,False,0.2837817646511713,False,0.19321746826171876,False
2027,B,1349,1780439340.0,True,112,config_error,9,False,0.0,8.0,0.0,4.468037888401926,True,0.520763779785729,False,4.468037888401926,True,0.9999999644494318,True,5.0,True
2027,B,1350,1780439400.0,True,112,config_error,9,False,0.0,21.0,0.0,4.468984006645134,True,0.5376661140249662,False,4.468984006645134,True,0.9999986712220119,True,20.0,True
2027,B,1351,1780439460.0,True,112,config_error,9,False,0.0,21.0,0.0,4.4689840066517705,True,0.5119304248812722,False,4.4689840066517705,True,0.99999842935988,True,21.0,True
2027,B,1352,1780439520.0,True,112,config_error,9,False,0.0,21.0,0.0,4.468967980412039,True,0.4873419599349446,False,4.468967980412039,True,0.9999998690406147,True,8.0,True
2027,B,1353,1780439580.0,False,-1,,9,False,0.0,22.0,0.0,-1.3878276307316169,False,0.37950992620201207,False,-1.3878276307316169,False,0.28427417542924155,False,0.1849631547927856,False
2027,B,1354,1780439640.0,False,-1,,9,False,0.0,20.0,0.0,-1.1530060548520478,False,0.39039592106970444,False,-1.1530060548520478,False,0.2841063125275758,False,0.14222900867462154,False
2027,B,1355,1780439700.0,False,-1,,9,False,0.0,24.0,0.0,-1.347370347679968,False,0.3642456276546387,False,-1.347370347679968,False,0.28441457271463133,False,0.14613051414489747,False
2027,B,1356,1780439760.0,False,-1,,9,False,0.0,18.0,0.0,-1.306124905746465,False,0.37174655190221256,False,-1.306124905746465,False,0.28390181531234,False,0.13676450252532957,False
2027,B,1357,1780439820.0,False,-1,,9,False,0.0,13.0,0.0,-1.4795422938941591,False,0.38628871167648177,False,-1.4795422938941591,False,0.2831179908395116,False,0.16711874008178706,False
2027,B,1358,1780439880.0,False,-1,,9,False,0.0,13.0,0.0,-1.6545561281266803,False,0.3797339354154595,False,-1.6545561281266803,False,0.2831179908395116,False,0.15255203247070312,False
2027,B,1359,1780439940.0,False,-1,,9,False,0.0,13.0,0.0,-0.20983595492861085,False,0.40102314094734715,False,-0.20983595492861085,False,0.2831179908395116,False,0.11245307922363282,False
2027,B,1360,1780440000.0,False,-1,,9,False,0.0,13.0,0.0,-1.4637081966284802,False,0.38896005797049693,False,-1.4637081966284802,False,0.2831179908395116,False,0.1618674278259277,False
2027,B,1361,1780440060.0,True,113,dependency_timeout,9,False,0.0,16.0,0.0,4.468984006654058,True,0.5437971552868859,False,4.468984006654058,True,1.0,True,20.045917510986325,True
2027,B,1362,1780440120.0,True,113,dependency_timeout,9,False,1.0,15.0,0.0,4.468984006654058,True,0.6854676996854925,False,4.468984006654058,True,1.0,True,999999999.9999999,True
2027,B,1363,1780440180.0,True,113,dependency_timeout,9,False,2.0,15.0,0.0,4.468984006654058,True,0.7072925808580495,True,4.468984006654058,True,1.0,True,999999999.9999999,True
2027,B,1364,1780440240.0,True,113,dependency_timeout,9,False,0.0,15.0,0.0,4.468984006654058,True,0.5757794729827338,False,4.468984006654058,True,1.0,True,999999999.9999999,True
2027,B,1365,1780440300.0,True,113,dependency_timeout,9,False,1.0,17.0,0.0,4.468984006654058,True,0.682928620475702,False,4.468984006654058,True,1.0,True,999999999.9999999,True
2027,B,1366,1780440360.0,False,-1,,9,False,0.0,12.0,0.0,-0.18149827005519814,False,0.41133208685188,False,-0.18149827005519814,False,0.28288267083732616,False,0.13195888996124266,False
2027,B,1367,1780440420.0,False,-1,,9,False,0.0,10.0,0.0,0.019380794319601158,False,0.4498015978295203,False,0.019380794319601158,False,0.28226841507490547,False,0.23462386131286622,False
2027,B,1368,1780440480.0,False,-1,,9,False,0.0,14.0,0.0,-1.3357118448607723,False,0.386616621429139,False,-1.3357118448607723,False,0.28331948112322897,False,0.13538031578063964,False
2027,B,1369,1780440540.0,False,-1,,9,False,0.0,11.0,0.0,-1.4524726780221489,False,0.3811504537782596,False,-1.4524726780221489,False,0.28260398880394816,False,0.13769292831420898,False
2027,B,1370,1780440600.0,False,-1,,9,False,0.0,16.0,0.0,-1.5619884508192365,False,0.37513666051034383,False,-1.5619884508192365,False,0.2836468492771186,False,0.148551344871521,False
2027,B,1371,1780440660.0,True,114,permission_denied,9,False,0.0,16.0,0.0,3.378330614364854,True,0.4662112113644286,False,3.378330614364854,True,1.0,True,1.0,False
2027,B,1372,1780440720.0,True,114,permission_denied,9,False,0.0,7.0,0.0,4.426217107729481,True,0.5039478805821006,False,4.426217107729481,True,1.0,True,3.0,True
2027,B,1373,1780440780.0,True,114,permission_denied,9,False,0.0,18.0,0.0,4.468923649011412,True,0.500078013702958,False,4.468923649011412,True,1.0,True,7.0,True
2027,B,1374,1780440840.0,False,-1,,9,False,0.0,19.0,0.0,-1.5398605311253561,False,0.36897407296113205,False,-1.5398605311253561,False,0.2840093691312235,False,0.15029301643371581,False
2027,B,1375,1780440900.0,False,-1,,9,False,0.0,6.0,0.0,-0.7129878409432546,False,0.47348651164579875,False,-0.7129878409432546,False,0.2797428676547323,False,0.11524331569671631,False
2027,B,1376,1780440960.0,False,-1,,9,False,0.0,11.0,0.0,-0.9018593671365913,False,0.38515742644204853,False,-0.9018593671365913,False,0.28260398880394816,False,0.12601232528686523,False
2027,B,1377,1780441020.0,False,-1,,9,False,0.0,14.0,0.0,-1.1729311022697884,False,0.4171754132995372,False,-1.1729311022697884,False,0.28331948112322897,False,0.20229156017303462,False
2027,B,1378,1780441080.0,False,-1,,9,False,0.0,22.0,0.0,-1.3903369410504425,False,0.36995046789461683,False,-1.3903369410504425,False,0.28427417542924155,False,0.14706699848175045,False
2027,B,1379,1780441140.0,False,-1,,9,False,0.0,14.0,0.0,-0.41071846753175567,False,0.5816590444240386,False,-0.41071846753175567,False,7.950467426758235e-05,False,1.0,False
2027,B,1380,1780441200.0,False,-1,,9,False,0.0,16.0,0.0,-1.7586542767270172,False,0.37507000603736185,False,-1.7586542767270172,False,0.2836468492771186,False,0.17229843139648438,False
2027,B,1381,1780441260.0,True,115,permission_denied,9,False,0.0,10.0,0.0,4.463923193494018,True,0.5248620651469416,False,4.463923193494018,True,1.0,True,4.0,True
2027,B,1382,1780441320.0,True,115,permission_denied,9,False,0.0,11.0,0.0,4.468743767654134,True,0.5020686414332568,False,4.468743767654134,True,1.0,True,6.0,True
2027,B,1383,1780441380.0,True,115,permission_denied,9,False,0.0,11.0,0.0,4.467649663532265,True,0.490078711139848,False,4.467649663532265,True,1.0,True,5.0,True
2027,B,1384,1780441440.0,True,115,permission_denied,9,False,0.0,16.0,0.0,4.4675181194487426,True,0.5051566315770304,False,4.4675181194487426,True,1.0,True,5.0,True
2027,B,1385,1780441500.0,False,-1,,9,False,0.0,13.0,0.0,-0.5508572264857099,False,0.41125774479105526,False,-0.5508572264857099,False,0.2831179908395116,False,0.1370083808898926,False
2027,B,1386,1780441560.0,False,-1,,9,False,0.0,16.0,0.0,-1.13012484828905,False,0.3877740294977615,False,-1.13012484828905,False,0.2836468492771186,False,0.1666330099105835,False
2027,B,1387,1780441620.0,False,-1,,9,False,0.0,13.0,0.0,-1.0506355249115806,False,0.390679796366248,False,-1.0506355249115806,False,0.2831179908395116,False,0.13260564804077146,False
2027,B,1388,1780441680.0,False,-1,,9,False,0.0,16.0,0.0,-1.2005933435968723,False,0.3907379097158226,False,-1.2005933435968723,False,0.2836468492771186,False,0.1775968074798584,False
2027,B,1389,1780441740.0,False,-1,,9,False,0.0,11.0,0.0,-1.0488353383461781,False,0.3925267183625657,False,-1.0488353383461781,False,0.28260398880394816,False,0.12362098693847656,False
2027,B,1390,1780441800.0,False,-1,,9,False,0.0,15.0,0.0,-1.389331820476639,False,0.3861804925342433,False,-1.389331820476639,False,0.28349405466720345,False,0.1725541591644287,False
2027,B,1391,1780441860.0,False,-1,,9,False,0.0,19.0,0.0,-1.4560605229251236,False,0.3637527555855974,False,-1.4560605229251236,False,0.2840093691312235,False,0.1551483154296875,False
2027,B,1392,1780441920.0,False,-1,,9,False,0.0,9.0,0.0,-1.0553510930388068,False,0.39232780481031565,False,-1.0553510930388068,False,0.2818560700236856,False,0.13410701751708984,False
2027,B,1393,1780441980.0,False,-1,,9,False,0.0,15.0,0.0,-1.3182741791386956,False,0.38291437680715606,False,-1.3182741791386956,False,0.28349405466720345,False,0.14731855392456056,False
2027,B,1394,1780442040.0,False,-1,,9,True,1.0,61.0,0.0,0.13541306236480022,False,0.665789270836448,False,0.13541306236480022,False,0.00026602588731116245,False,0.15832614898681638,False
2027,B,1395,1780442100.0,True,116,config_error,9,True,0.0,134.0,0.0,4.468984006654058,True,0.6627583499311256,False,4.468984006654058,True,0.9999930049324672,True,95.0,True
2027,B,1396,1780442160.0,True,116,config_error,9,True,0.0,106.0,0.0,4.468984006654058,True,0.6520415022893425,False,4.468984006654058,True,0.9999919956611593,True,97.0,True
2027,B,1397,1780442220.0,True,116,config_error,9,False,0.0,13.0,0.0,4.468983456001621,True,0.514186176111062,False,4.468983456001621,True,0.9999997094597588,True,10.0,True
2027,B,1398,1780442280.0,False,-1,,9,False,0.0,18.0,0.0,-1.6930939055877765,False,0.3674698098764436,False,-1.6930939055877765,False,0.28390181531234,False,0.1550455331802368,False
2027,B,1399,1780442340.0,False,-1,,9,False,0.0,6.0,0.0,-1.3105618601365077,False,0.4096281622868895,False,-1.3105618601365077,False,0.2797428676547323,False,0.12614262104034427,False
2027,B,1400,1780442400.0,False,-1,,9,False,0.0,15.0,0.0,-0.8230513764579852,False,0.3960485875167081,False,-0.8230513764579852,False,0.28349405466720345,False,0.11925077438354492,False
2027,B,1401,1780442460.0,False,-1,,9,False,0.0,11.0,0.0,-1.2671642206105282,False,0.3821336233532305,False,-1.2671642206105282,False,0.28260398880394816,False,0.1396079063415527,False
2027,B,1402,1780442520.0,False,-1,,9,False,0.0,15.0,0.0,-1.1075913501873877,False,0.3880298780591396,False,-1.1075913501873877,False,0.28349405466720345,False,0.16511635780334472,False
2027,B,1403,1780442580.0,False,-1,,9,False,0.0,10.0,0.0,-1.3032383749428362,False,0.3838808854190248,False,-1.3032383749428362,False,0.28226841507490547,False,0.12677302360534667,False
2027,B,1404,1780442640.0,False,-1,,9,False,0.0,11.0,0.0,-0.9240178585622818,False,0.4190977084448076,False,-0.9240178585622818,False,0.28260398880394816,False,0.19831514358520508,False
2027,B,1405,1780442700.0,False,-1,,9,False,0.0,17.0,0.0,-1.40652439500919,False,0.389505086137376,False,-1.40652439500919,False,0.2837817646511713,False,0.16357774734497071,False
2027,B,1406,1780442760.0,True,117,resource_exhaustion,9,False,0.0,15.0,0.0,4.468984006654058,True,0.552486762216287,False,4.468984006654058,True,1.0,True,999999999.9999999,True
2027,B,1407,1780442820.0,True,117,resource_exhaustion,9,False,5.0,13.0,0.0,4.468984006654058,True,0.7235994057680561,True,4.468984006654058,True,1.0,True,3999999999.9999995,True
2027,B,1408,1780442880.0,True,117,resource_exhaustion,9,False,3.0,20.0,0.0,4.468984006654058,True,0.7056930284067913,True,4.468984006654058,True,1.0,True,3000000000.0,True
2027,B,1409,1780442940.0,True,117,resource_exhaustion,9,False,2.0,15.0,0.0,4.468984006654058,True,0.6898449558734204,True,4.468984006654058,True,1.0,True,999999999.9999999,True
2027,B,1410,1780443000.0,False,-1,,9,False,0.0,9.0,0.0,-1.12426342369967,False,0.3928096888483568,False,-1.12426342369967,False,0.2818560700236856,False,0.13263893127441406,False
2027,B,1411,1780443060.0,False,-1,,9,False,0.0,11.0,0.0,-1.6854138427182246,False,0.3935386644385555,False,-1.6854138427182246,False,0.28260398880394816,False,0.1516211032867432,False
2027,B,1412,1780443120.0,False,-1,,9,False,0.0,15.0,0.0,-1.378795084582185,False,0.37861899645834857,False,-1.378795084582185,False,0.28349405466720345,False,0.1371133327484131,False
2027,B,1413,1780443180.0,False,-1,,9,False,0.0,19.0,0.0,-1.0123075731866047,False,0.36955279127126006,False,-1.0123075731866047,False,0.2840093691312235,False,0.13457131385803223,False
2027,B,1414,1780443240.0,False,-1,,9,False,0.0,20.0,0.0,-1.3612024620513736,False,0.3615696261420754,False,-1.3612024620513736,False,0.2841063125275758,False,0.1497882843017578,False
2027,B,1415,1780443300.0,False,-1,,9,False,0.0,15.0,0.0,-0.9553297448071776,False,0.3924439802422023,False,-0.9553297448071776,False,0.28349405466720345,False,0.14116687774658204,False
2027,B,1416,1780443360.0,False,-1,,9,False,0.0,13.0,0.0,-1.0928893337181353,False,0.40987825316640697,False,-1.0928893337181353,False,0.2831179908395116,False,0.18944826126098627,False
2027,B,1417,1780443420.0,False,-1,,9,False,0.0,13.0,0.0,-1.6814891114806443,False,0.38325846968491134,False,-1.6814891114806443,False,0.2831179908395116,False,0.1582087516784668,False
2027,B,1418,1780443480.0,True,118,dependency_timeout,9,False,0.0,8.0,0.0,4.468983986588247,True,0.5208833901345639,False,4.468983986588247,True,0.2813364848081088,False,0.9261964797973632,False
2027,B,1419,1780443540.0,True,118,dependency_timeout,9,False,0.0,9.0,0.0,4.468984006654058,True,0.584467519558561,False,4.468984006654058,True,1.0,True,20.040664863586425,True
2027,B,1420,1780443600.0,True,118,dependency_timeout,9,False,0.0,17.0,0.0,4.468984006654058,True,0.5713435246033601,False,4.468984006654058,True,1.0,True,999999999.9999999,True
2027,B,1421,1780443660.0,False,-1,,9,False,0.0,8.0,0.0,-1.5814117668127823,False,0.39294168593670414,False,-1.5814117668127823,False,0.2813364848081088,False,0.13890767097473142,False
2027,B,1422,1780443720.0,False,-1,,9,False,0.0,17.0,0.0,-0.15269370349315814,False,0.3919282994376933,False,-0.15269370349315814,False,0.2837817646511713,False,0.14057178497314454,False
2027,B,1423,1780443780.0,False,-1,,9,False,0.0,6.0,0.0,-0.896676288231272,False,0.4376545710223754,False,-0.896676288231272,False,0.2797428676547323,False,0.15182566642761233,False
2027,B,1424,1780443840.0,False,-1,,9,False,0.0,11.0,0.0,-1.6091604787689135,False,0.38341947475845123,False,-1.6091604787689135,False,0.28260398880394816,False,0.16497421264648438,False
2027,B,1425,1780443900.0,False,-1,,9,False,0.0,9.0,0.0,0.2843671315686205,False,0.4306905812102618,False,0.2843671315686205,False,0.2818560700236856,False,0.11217708587646484,False
2027,B,1426,1780443960.0,False,-1,,9,False,0.0,11.0,0.0,-1.5075123815296116,False,0.39579324834718693,False,-1.5075123815296116,False,0.28260398880394816,False,0.18079423904418945,False
2027,B,1427,1780444020.0,False,-1,,9,False,0.0,15.0,0.0,-1.1486858699787685,False,0.37656832587314387,False,-1.1486858699787685,False,0.28349405466720345,False,0.13587427139282227,False
2027,B,1428,1780444080.0,False,-1,,9,False,0.0,7.0,0.0,-1.2665555850342205,False,0.4135349308361001,False,-1.2665555850342205,False,0.2806604384517065,False,0.11893734931945801,False
2027,B,1429,1780444140.0,True,119,dependency_timeout,9,False,0.0,10.0,0.0,4.468984006654058,True,0.5536821913941339,False,4.468984006654058,True,1.0,True,20.03592562675476,True
2027,B,1430,1780444200.0,True,119,dependency_timeout,9,False,1.0,16.0,0.0,4.468984006654058,True,0.6865133598967795,True,4.468984006654058,True,1.0,True,20.05352611541748,True
2027,B,1431,1780444260.0,True,119,dependency_timeout,9,False,0.0,10.0,0.0,4.468984006654058,True,0.5835851489276681,False,4.468984006654058,True,1.0,True,20.064871025085452,True
2027,B,1432,1780444320.0,True,119,dependency_timeout,9,False,2.0,14.0,0.0,4.468984006654058,True,0.7133309114292564,True,4.468984006654058,True,1.0,True,3000000000.0,True
2027,B,1433,1780444380.0,False,-1,,10,False,0.0,16.0,0.0,-1.1246599207959251,False,0.3983166363959803,False,-1.1246599207959251,False,0.2836468492771186,False,0.18754756450653076,False
2027,B,1434,1780444440.0,False,-1,,10,False,0.0,12.0,0.0,-1.0450088608556465,False,0.3869198332221523,False,-1.0450088608556465,False,0.28288267083732616,False,0.1386174201965332,False
2027,B,1435,1780444500.0,False,-1,,10,False,0.0,13.0,0.0,-1.106439247625988,False,0.40249108678180046,False,-1.106439247625988,False,0.2831179908395116,False,0.12448024749755858,False
2027,B,1436,1780444560.0,False,-1,,10,False,0.0,10.0,0.0,-1.026631427342375,False,0.4176235921376506,False,-1.026631427342375,False,0.28226841507490547,False,0.16883459091186523,False
2027,B,1437,1780444620.0,False,-1,,10,False,0.0,13.0,0.0,-0.09174229259673083,False,0.43948555707048764,False,-0.09174229259673083,False,0.2831179908395116,False,0.14651956558227539,False
2027,B,1438,1780444680.0,False,-1,,10,False,0.0,16.0,0.0,-1.4734174702067682,False,0.3841206174792391,False,-1.4734174702067682,False,0.2836468492771186,False,0.14341795444488525,False
2027,B,1439,1780444740.0,True,120,resource_exhaustion,10,False,0.0,12.0,0.0,-1.7969750332435463,False,0.37865871225310854,False,-1.7969750332435463,False,0.28288267083732616,False,0.15673978328704838,False
2027,B,1440,1780444800.0,True,120,resource_exhaustion,10,False,1.0,16.0,0.0,4.468984006654058,True,0.6848471359464855,False,4.468984006654058,True,1.0,True,999999999.9999999,True
2027,B,1441,1780444860.0,True,120,resource_exhaustion,10,False,0.0,9.0,0.0,4.468984006654058,True,0.559948750898183,False,4.468984006654058,True,0.2818560700236856,False,0.2847737312316895,False
2027,B,1442,1780444920.0,True,120,resource_exhaustion,10,False,0.0,9.0,0.0,4.468984006654058,True,0.5557734827022357,False,4.468984006654058,True,0.2818560700236856,False,0.24507808685302734,False
2027,B,1443,1780444980.0,False,-1,,10,False,0.0,6.0,0.0,-1.066395695036082,False,0.43070972668451485,False,-1.066395695036082,False,0.2797428676547323,False,0.1784297227859497,False
2027,B,1444,1780445040.0,False,-1,,10,False,1.0,12.0,0.0,-0.8185687610334433,False,0.5897760470016548,False,-0.8185687610334433,False,1.2294219339526447e-05,False,0.1413426160812378,False
2027,B,1445,1780445100.0,False,-1,,10,False,0.0,10.0,0.0,-1.3713590055835478,False,0.39897737317443466,False,-1.3713590055835478,False,0.28226841507490547,False,0.179534912109375,False
2027,B,1446,1780445160.0,False,-1,,10,False,0.0,13.0,0.0,-1.4669132736981112,False,0.38036504771481233,False,-1.4669132736981112,False,0.2831179908395116,False,0.1470254898071289,False
2027,B,1447,1780445220.0,False,-1,,10,False,0.0,10.0,0.0,-0.7106517488958977,False,0.4030661711444619,False,-0.7106517488958977,False,0.28226841507490547,False,0.11088480949401855,False
2027,B,1448,1780445280.0,False,-1,,10,False,0.0,17.0,0.0,-1.4670442861179946,False,0.37796995990049254,False,-1.4670442861179946,False,0.2837817646511713,False,0.14741287231445313,False
2027,B,1449,1780445340.0,True,121,config_error,10,False,0.0,7.0,0.0,-1.4645376790411024,False,0.4168315521748124,False,-1.4645376790411024,False,0.2806604384517065,False,0.13389182090759277,False
2027,B,1450,1780445400.0,True,121,config_error,10,False,0.0,9.0,0.0,4.46884376749249,True,0.5303976614714454,False,4.46884376749249,True,0.999999932434159,True,6.0,True
2027,B,1451,1780445460.0,True,121,config_error,10,False,0.0,11.0,0.0,4.46898293670561,True,0.5696114080734236,False,4.46898293670561,True,0.9999997653027171,True,9.0,True
2027,B,1452,1780445520.0,True,121,config_error,10,False,0.0,10.0,0.0,4.468976518497702,True,0.5247156945176189,False,4.468976518497702,True,0.9999998286902445,True,8.0,True
2027,B,1453,1780445580.0,False,-1,,10,False,0.0,11.0,0.0,-0.2858254846194095,False,0.42713832717947786,False,-0.2858254846194095,False,0.28260398880394816,False,0.14763569831848142,False
2027,B,1454,1780445640.0,False,-1,,10,False,0.0,10.0,0.0,-1.715269593835579,False,0.3788685899621007,False,-1.715269593835579,False,0.28226841507490547,False,0.14610426425933837,False
2027,B,1455,1780445700.0,False,-1,,10,False,0.0,6.0,0.0,-1.2174107950271793,False,0.4223434076227209,False,-1.2174107950271793,False,0.2797428676547323,False,0.1719362735748291,False
2027,B,1456,1780445760.0,False,-1,,10,False,0.0,7.0,0.0,-1.599614818170866,False,0.4005526956104063,False,-1.599614818170866,False,0.2806604384517065,False,0.14983253479003905,False
2027,B,1457,1780445820.0,False,-1,,10,False,0.0,11.0,0.0,-1.2675784554581524,False,0.3823252550740706,False,-1.2675784554581524,False,0.28260398880394816,False,0.1445925235748291,False
2027,B,1458,1780445880.0,False,-1,,10,False,0.0,10.0,0.0,-1.7531864402800421,False,0.3832758148408575,False,-1.7531864402800421,False,0.28226841507490547,False,0.15492532253265381,False
2027,B,1459,1780445940.0,False,-1,,10,True,0.0,39.0,0.0,-0.8677630906408975,False,0.44590475532050333,False,-0.8677630906408975,False,0.2850169472102008,False,0.16383728981018064,False
2027,B,1460,1780446000.0,False,-1,,10,True,1.0,98.0,0.0,0.3009822893726817,False,0.6971572567111898,True,0.3009822893726817,False,0.000478210752821548,False,0.1527096748352051,False
2027,B,1461,1780446060.0,True,122,dependency_timeout,10,True,8.0,88.0,0.0,4.468984006654058,True,0.7512543541429022,True,4.468984006654058,True,1.0,True,3999999999.9999995,True
2027,B,1462,1780446120.0,True,122,dependency_timeout,10,False,0.0,5.0,0.0,4.4689840023020695,True,0.5387456572758097,False,4.4689840023020695,True,0.28312657023077203,False,19.087691426277164,True
2027,B,1463,1780446180.0,True,122,dependency_timeout,10,False,0.0,9.0,0.0,4.468984006654058,True,0.5447287496556287,False,4.468984006654058,True,1.0,True,20.05362558364868,True
2027,B,1464,1780446240.0,False,-1,,10,False,0.0,17.0,0.0,-1.4543567014589316,False,0.37731397076613105,False,-1.4543567014589316,False,0.2837817646511713,False,0.14142198562622071,False
2027,B,1465,1780446300.0,False,-1,,10,False,0.0,5.0,0.0,-1.4287793877905282,False,0.42731986123031374,False,-1.4287793877905282,False,0.27842295783718024,False,0.12987947463989258,False
2027,B,1466,1780446360.0,False,-1,,10,False,0.0,9.0,0.0,-1.0037418270905736,False,0.4151571417782991,False,-1.0037418270905736,False,0.2818560700236856,False,0.16580514907836913,False
2027,B,1467,1780446420.0,False,-1,,10,False,0.0,10.0,0.0,-1.1416856613403992,False,0.39165169748560974,False,-1.1416856613403992,False,0.28226841507490547,False,0.12351806163787842,False
2027,B,1468,1780446480.0,False,-1,,10,False,0.0,9.0,0.0,-1.3207272012812172,False,0.4121974656918971,False,-1.3207272012812172,False,0.2818560700236856,False,0.14535083770751953,False
2027,B,1469,1780446540.0,False,-1,,10,False,0.0,10.0,0.0,-1.1952895887273831,False,0.4068898636793543,False,-1.1952895887273831,False,0.28226841507490547,False,0.17881040573120116,False
2027,B,1470,1780446600.0,True,123,config_error,10,False,0.0,14.0,0.0,4.468983814265346,True,0.502302053629436,False,4.468983814265346,True,0.9999996352046453,True,11.0,True
2027,B,1471,1780446660.0,True,123,config_error,10,False,0.0,8.0,0.0,4.4689798445296836,True,0.5285036169603516,False,4.4689798445296836,True,0.9999997877596944,True,8.0,True
2027,B,1472,1780446720.0,True,123,config_error,10,False,0.0,12.0,0.0,4.468983990151305,True,0.5192722537683095,False,4.468983990151305,True,0.9999994420741294,True,12.0,True
2027,B,1473,1780446780.0,True,123,config_error,10,False,0.0,8.0,0.0,4.467733806911148,True,0.5138762961380337,False,4.467733806911148,True,0.9999999644494318,True,5.0,True
2027,B,1474,1780446840.0,False,-1,,10,False,0.0,11.0,0.0,-1.4903715242152336,False,0.37921769705508845,False,-1.4903715242152336,False,0.28260398880394816,False,0.1372089385986328,False
2027,B,1475,1780446900.0,False,-1,,10,False,0.0,13.0,0.0,-1.7672752942351906,False,0.38044449096825217,False,-1.7672752942351906,False,0.2831179908395116,False,0.17205572128295896,False
2027,B,1476,1780446960.0,False,-1,,10,False,0.0,6.0,0.0,-1.5281388315606304,False,0.4072462550083252,False,-1.5281388315606304,False,0.2797428676547323,False,0.14378571510314941,False
2027,B,1477,1780447020.0,False,-1,,10,False,0.0,7.0,0.0,-1.306720687904268,False,0.4106134508306425,False,-1.306720687904268,False,0.2806604384517065,False,0.1551650047302246,False
2027,B,1478,1780447080.0,False,-1,,10,False,0.0,8.0,0.0,0.037758131633661485,False,0.43664110258131267,False,0.037758131633661485,False,0.2813364848081088,False,0.1029313325881958,False
2027,B,1479,1780447140.0,False,-1,,10,False,0.0,8.0,0.0,-1.6571312143381487,False,0.3940515931103869,False,-1.6571312143381487,False,0.2813364848081088,False,0.14959824085235596,False
2027,B,1480,1780447200.0,False,-1,,10,False,0.0,10.0,0.0,1.37216337879631,True,0.4605615027675174,False,1.37216337879631,True,0.28226841507490547,False,0.11787548065185546,False
2027,B,1481,1780447260.0,False,-1,,10,False,0.0,8.0,0.0,-1.0600887141600293,False,0.41533307387048707,False,-1.0600887141600293,False,0.2813364848081088,False,0.11592755317687989,False
2027,B,1482,1780447320.0,False,-1,,10,False,0.0,15.0,0.0,-1.5243072407760998,False,0.38789933241988855,False,-1.5243072407760998,False,0.28349405466720345,False,0.18428292274475097,False
2027,B,1483,1780447380.0,False,-1,,10,False,0.0,11.0,0.0,-1.5576273312736895,False,0.3807563061286367,False,-1.5576273312736895,False,0.28260398880394816,False,0.15304493904113772,False
2027,B,1484,1780447440.0,True,124,resource_exhaustion,10,False,0.0,11.0,0.0,4.468984006654058,True,0.5890444145226406,False,4.468984006654058,True,1.0,True,999999999.9999999,True
2027,B,1485,1780447500.0,True,124,resource_exhaustion,10,False,3.0,10.0,0.0,4.468984006654058,True,0.7240859207428739,True,4.468984006654058,True,1.0,True,1999999999.9999998,True
2027,B,1486,1780447560.0,True,124,resource_exhaustion,10,False,0.0,14.0,0.0,4.468984006654058,True,0.5462451705660634,False,4.468984006654058,True,0.28331948112322897,False,0.2527191162109375,False
2027,B,1487,1780447620.0,True,124,resource_exhaustion,10,False,0.0,9.0,0.0,4.468984006654058,True,0.5403045349071155,False,4.468984006654058,True,0.2818560700236856,False,0.20976924896240234,False
2027,B,1488,1780447680.0,False,-1,,10,False,0.0,6.0,0.0,-0.06921956349237668,False,0.4581927614914491,False,-0.06921956349237668,False,0.2797428676547323,False,0.13326382637023926,False
2027,B,1489,1780447740.0,False,-1,,10,False,0.0,7.0,0.0,-1.2330706276895445,False,0.4051854589424629,False,-1.2330706276895445,False,0.2806604384517065,False,0.13469057083129882,False
2027,B,1490,1780447800.0,False,-1,,10,False,0.0,12.0,0.0,-1.5569719113447622,False,0.38492159796333125,False,-1.5569719113447622,False,0.28288267083732616,False,0.16531715393066407,False
2027,B,1491,1780447860.0,False,-1,,10,False,0.0,15.0,0.0,-0.6747040475836714,False,0.39080620118125475,False,-0.6747040475836714,False,0.28349405466720345,False,0.14167070388793945,False
2027,B,1492,1780447920.0,False,-1,,10,False,0.0,4.0,0.0,-0.5539719581319718,False,0.49423356356621295,False,-0.5539719581319718,False,0.2763559382375982,False,0.12343399524688721,False
2027,B,1493,1780447980.0,False,-1,,10,False,0.0,7.0,0.0,-1.0343926625096653,False,0.4098734047840797,False,-1.0343926625096653,False,0.2806604384517065,False,0.12049622535705566,False
2027,B,1494,1780448040.0,False,-1,,10,False,0.0,5.0,0.0,-1.036652902970613,False,0.4476711512362093,False,-1.036652902970613,False,0.27842295783718024,False,0.1361553192138672,False
2027,B,1495,1780448100.0,False,-1,,10,False,0.0,9.0,0.0,-1.554019280451877,False,0.397540284694338,False,-1.554019280451877,False,0.2818560700236856,False,0.17835960388183594,False
2027,B,1496,1780448160.0,False,-1,,10,False,0.0,14.0,0.0,-1.4749392886862376,False,0.3842635138382039,False,-1.4749392886862376,False,0.28331948112322897,False,0.14786031246185302,False
2027,B,1497,1780448220.0,False,-1,,10,False,0.0,12.0,0.0,-0.7370312214933552,False,0.4146946169692938,False,-0.7370312214933552,False,0.28288267083732616,False,0.12254862785339356,False
2027,B,1498,1780448280.0,False,-1,,10,False,0.0,6.0,0.0,-1.6515059608447258,False,0.4072525104112831,False,-1.6515059608447258,False,0.2797428676547323,False,0.14359939098358152,False
2027,B,1499,1780448340.0,True,125,permission_denied,10,False,0.0,4.0,0.0,4.239391904590441,True,0.6491824850136426,False,4.239391904590441,True,1.0,True,3.0,True
2027,B,1500,1780448400.0,True,125,permission_denied,10,False,0.0,11.0,0.0,4.460093653730664,True,0.47276005651935793,False,4.460093653730664,True,1.0,True,4.0,True
2027,B,1501,1780448460.0,True,125,permission_denied,10,False,0.0,12.0,0.0,4.460957883592383,True,0.48664229859816255,False,4.460957883592383,True,1.0,True,4.0,True
2027,B,1502,1780448520.0,False,-1,,10,False,0.0,5.0,0.0,-0.18480311321472254,False,0.46440761902106825,False,-0.18480311321472254,False,0.27842295783718024,False,0.13667783737182618,False
2027,B,1503,1780448580.0,False,-1,,10,False,0.0,9.0,0.0,1.0272177329090257,False,0.48016641134533977,False,1.0272177329090257,False,0.2818560700236856,False,0.08407344818115234,False
2027,B,1504,1780448640.0,False,-1,,10,False,0.0,7.0,0.0,0.3575756995669943,False,0.49779308788313736,False,0.3575756995669943,False,0.2806604384517065,False,0.0915283679962158,False
2027,B,1505,1780448700.0,False,-1,,10,False,1.0,14.0,0.0,-0.7161839198557214,False,0.5920568456875919,False,-0.7161839198557214,False,1.8227833337805286e-05,False,0.1535973310470581,False
2027,B,1506,1780448760.0,False,-1,,10,False,0.0,8.0,0.0,-1.698116435532313,False,0.3950799051467111,False,-1.698116435532313,False,0.2813364848081088,False,0.14684412479400635,False
2027,B,1507,1780448820.0,False,-1,,10,False,0.0,6.0,0.0,-0.9698434651292143,False,0.43288286537340437,False,-0.9698434651292143,False,0.2797428676547323,False,0.12528598308563232,False
2027,B,1508,1780448880.0,False,-1,,10,False,0.0,9.0,0.0,-1.144279908086336,False,0.3881431298549416,False,-1.144279908086336,False,0.2818560700236856,False,0.12817602157592772,False
2027,B,1509,1780448940.0,False,-1,,10,False,0.0,10.0,0.0,-0.5979499950273217,False,0.44276015794339535,False,-0.5979499950273217,False,0.28226841507490547,False,0.14338223934173583,False
2027,B,1510,1780449000.0,False,-1,,10,False,0.0,13.0,0.0,-1.067429623191936,False,0.3850389024207844,False,-1.067429623191936,False,0.2831179908395116,False,0.12856702804565429,False
2027,B,1511,1780449060.0,False,-1,,10,False,0.0,11.0,0.0,-1.6219783254006508,False,0.39788594156116136,False,-1.6219783254006508,False,0.28260398880394816,False,0.16364097595214844,False
2027,B,1512,1780449120.0,False,-1,,10,False,0.0,14.0,0.0,-1.5045919076043175,False,0.38007341563482155,False,-1.5045919076043175,False,0.28331948112322897,False,0.14493191242218015,False
2027,B,1513,1780449180.0,True,126,config_error,10,False,0.0,7.0,0.0,4.441042853884578,True,0.5227876530044331,False,4.441042853884578,True,0.999999996495879,True,3.0,True
2027,B,1514,1780449240.0,True,126,config_error,10,False,0.0,8.0,0.0,4.468820311285781,True,0.5350112197452351,False,4.468820311285781,True,0.9999999282397256,True,6.0,True
2027,B,1515,1780449300.0,True,126,config_error,10,False,0.0,11.0,0.0,4.46898397308878,True,0.5619566615213213,False,4.46898397308878,True,0.9999995383291103,True,11.0,True
2027,B,1516,1780449360.0,True,126,config_error,10,False,0.0,11.0,0.0,4.468983660169672,True,0.5286042639306304,False,4.468983660169672,True,0.9999996691840614,True,10.0,True
2027,B,1517,1780449420.0,True,126,config_error,10,False,0.0,10.0,0.0,4.431090167768625,True,0.5015017631825278,False,4.431090167768625,True,0.9999999965976576,True,3.0,True
2027,B,1518,1780449480.0,False,-1,,10,False,0.0,10.0,0.0,-1.0217023719541336,False,0.40046911510797634,False,-1.0217023719541336,False,0.28226841507490547,False,0.15169639587402345,False
2027,B,1519,1780449540.0,False,-1,,10,False,0.0,11.0,0.0,-0.7535411394403431,False,0.4011225797370529,False,-0.7535411394403431,False,0.28260398880394816,False,0.1401233673095703,False
2027,B,1520,1780449600.0,False,-1,,10,False,0.0,9.0,0.0,-1.112516305030975,False,0.399305063880233,False,-1.112516305030975,False,0.2818560700236856,False,0.1506650924682617,False
2027,B,1521,1780449660.0,False,-1,,10,False,0.0,6.0,0.0,-0.8809335738105144,False,0.43845592661902605,False,-0.8809335738105144,False,0.2797428676547323,False,0.12865817546844482,False
2027,B,1522,1780449720.0,False,-1,,10,False,0.0,14.0,0.0,0.08389082082830779,False,0.44695320088118856,False,0.08389082082830779,False,0.28331948112322897,False,0.1220862865447998,False
2027,B,1523,1780449780.0,False,-1,,10,False,0.0,11.0,0.0,-1.311053919905044,False,0.4156824317640979,False,-1.311053919905044,False,0.28260398880394816,False,0.1287026405334473,False
2027,B,1524,1780449840.0,False,-1,,10,False,0.0,13.0,0.0,-0.8042290889197625,False,0.3964091547701342,False,-0.8042290889197625,False,0.2831179908395116,False,0.1433845520019531,False
2027,B,1525,1780449900.0,False,-1,,10,False,0.0,8.0,0.0,-1.4384193896552064,False,0.3989235013095933,False,-1.4384193896552064,False,0.2813364848081088,False,0.15356190204620362,False
2027,B,1526,1780449960.0,True,127,dependency_timeout,10,False,1.0,4.0,0.0,4.468984006654058,True,0.701627818518727,True,4.468984006654058,True,1.0,True,999999999.9999999,True
2027,B,1527,1780450020.0,True,127,dependency_timeout,10,False,0.0,4.0,0.0,4.468983189753586,True,0.5755758864539541,False,4.468983189753586,True,0.2824616771090816,False,19.277522087097168,True
2027,B,1528,1780450080.0,True,127,dependency_timeout,10,False,3.0,12.0,0.0,4.468984006654058,True,0.7133813487834206,True,4.468984006654058,True,1.0,True,1999999999.9999998,True
2027,B,1529,1780450140.0,True,127,dependency_timeout,10,False,0.0,11.0,0.0,4.468984006654058,True,0.5779578548666079,False,4.468984006654058,True,1.0,True,20.04225921630859,True
2027,B,1530,1780450200.0,True,127,dependency_timeout,10,False,0.0,9.0,0.0,4.468984006654058,True,0.5602788188211851,False,4.468984006654058,True,1.0,True,20.047364234924316,True
2027,B,1531,1780450260.0,False,-1,,10,False,0.0,15.0,0.0,-1.4479543471931269,False,0.3776211567768247,False,-1.4479543471931269,False,0.28349405466720345,False,0.1368401527404785,False
2027,B,1532,1780450320.0,False,-1,,10,False,0.0,7.0,0.0,-0.9090535483330804,False,0.42878828585698964,False,-0.9090535483330804,False,0.2806604384517065,False,0.18462753295898435,False
2027,B,1533,1780450380.0,False,-1,,10,False,0.0,14.0,0.0,-1.3916230089309085,False,0.3853067435887525,False,-1.3916230089309085,False,0.28331948112322897,False,0.15296130180358886,False
2027,B,1534,1780450440.0,False,-1,,10,False,0.0,11.0,0.0,-1.12695156600007,False,0.39496282751711675,False,-1.12695156600007,False,0.28260398880394816,False,0.15967726707458496,False
2027,B,1535,1780450500.0,False,-1,,10,False,0.0,10.0,0.0,-1.137290652571374,False,0.3923500445491022,False,-1.137290652571374,False,0.28226841507490547,False,0.15047702789306638,False
2027,B,1536,1780450560.0,False,-1,,10,False,0.0,6.0,0.0,-0.8464183065488964,False,0.4358120079563407,False,-0.8464183065488964,False,0.2797428676547323,False,0.15967130661010742,False
2027,B,1537,1780450620.0,False,-1,,10,False,0.0,8.0,0.0,0.8242905873718178,False,0.6128820718938598,False,0.8242905873718178,False,3.387416500534071e-05,False,1.0,False
2027,B,1538,1780450680.0,False,-1,,10,False,0.0,3.0,0.0,-0.25925493355423423,False,0.5686403561575089,False,-0.25925493355423423,False,0.27264782655079933,False,0.08842320442199707,False
2027,B,1539,1780450740.0,False,-1,,10,False,0.0,6.0,0.0,3.1229853109170387,True,0.4847677209623342,False,3.1229853109170387,True,0.2797428676547323,False,0.14784049987792972,False
2027,B,1540,1780450800.0,False,-1,,10,False,0.0,9.0,0.0,-1.307716346617755,False,0.3942987242344286,False,-1.307716346617755,False,0.2818560700236856,False,0.15459680557250977,False
2027,B,1541,1780450860.0,True,128,dependency_timeout,10,False,0.0,9.0,0.0,4.468984006654058,True,0.5495110167362026,False,4.468984006654058,True,1.0,True,18.48309097290039,True
2027,B,1542,1780450920.0,True,128,dependency_timeout,10,False,0.0,3.0,0.0,4.468984006653998,True,0.6164769305440615,False,4.468984006653998,True,0.28108116193730953,False,19.47716410160064,True
2027,B,1543,1780450980.0,True,128,dependency_timeout,10,False,1.0,8.0,0.0,4.468984006654058,True,0.6945843551562394,True,4.468984006654058,True,1.0,True,18.88564252853393,True
2027,B,1544,1780451040.0,False,-1,,10,False,0.0,9.0,0.0,-1.3641886696810248,False,0.3941294566511313,False,-1.3641886696810248,False,0.2818560700236856,False,0.15544137954711915,False
2027,B,1545,1780451100.0,False,-1,,10,False,0.0,13.0,0.0,-1.2024966767897558,False,0.3812644371131506,False,-1.2024966767897558,False,0.2831179908395116,False,0.14282646179199218,False
2027,B,1546,1780451160.0,False,-1,,10,False,0.0,8.0,0.0,-1.605420903332437,False,0.4023506450845538,False,-1.605420903332437,False,0.2813364848081088,False,0.13202691078186038,False
2027,B,1547,1780451220.0,False,-1,,10,False,0.0,3.0,0.0,-0.68367952924834,False,0.5509641500036407,False,-0.68367952924834,False,0.27264782655079933,False,0.09453387260437013,False
2027,B,1548,1780451280.0,False,-1,,10,False,0.0,6.0,0.0,-1.0768654487110076,False,0.42542924106926455,False,-1.0768654487110076,False,0.2797428676547323,False,0.1748117208480835,False
2027,B,1549,1780451340.0,False,-1,,10,False,0.0,13.0,0.0,-1.4570013084553777,False,0.3908332847238763,False,-1.4570013084553777,False,0.2831179908395116,False,0.1803544044494628,False
2027,B,1550,1780451400.0,False,-1,,10,False,0.0,9.0,0.0,-1.3990693834645613,False,0.40264883558390246,False,-1.3990693834645613,False,0.2818560700236856,False,0.17994308471679688,False
2027,B,1551,1780451460.0,False,-1,,10,False,0.0,8.0,0.0,-1.463745374103465,False,0.3953503185357868,False,-1.463745374103465,False,0.2813364848081088,False,0.13625872135162354,False
2027,B,1552,1780451520.0,False,-1,,10,False,0.0,8.0,0.0,-1.7130203198013252,False,0.3922432462879527,False,-1.7130203198013252,False,0.2813364848081088,False,0.14105329513549805,False
2027,B,1553,1780451580.0,True,129,permission_denied,10,False,0.0,2.0,0.0,-0.298044780070585,False,0.5941455043202807,False,-0.298044780070585,False,0.2640831332514045,False,0.12208244800567628,False
2027,B,1554,1780451640.0,True,129,permission_denied,10,False,0.0,7.0,0.0,4.468082885266788,True,0.5415053676441502,False,4.468082885266788,True,1.0,True,5.0,True
2027,B,1555,1780451700.0,True,129,permission_denied,10,False,0.0,11.0,0.0,4.462343571598457,True,0.6023382690298712,False,4.462343571598457,True,1.0,True,6.0,True
2027,B,1556,1780451760.0,True,129,permission_denied,10,False,0.0,11.0,0.0,4.468786656085849,True,0.5249159849730745,False,4.468786656085849,True,1.0,True,6.0,True
2027,B,1557,1780451820.0,True,129,permission_denied,10,False,0.0,9.0,0.0,-0.6920777789775414,False,0.4238322507586996,False,-0.6920777789775414,False,0.2818560700236856,False,0.15617427825927735,False
2027,B,1558,1780451880.0,False,-1,,10,False,0.0,9.0,0.0,-1.5724733530161226,False,0.39533195586515024,False,-1.5724733530161226,False,0.2818560700236856,False,0.130767822265625,False
2027,B,1559,1780451940.0,False,-1,,10,False,0.0,7.0,0.0,0.00954534358363901,False,0.462867639690479,False,0.00954534358363901,False,0.2806604384517065,False,0.10403523445129395,False
2027,B,1560,1780452000.0,False,-1,,10,False,0.0,6.0,0.0,-0.8078434914533545,False,0.431885202295137,False,-0.8078434914533545,False,0.2797428676547323,False,0.13524532318115234,False
2027,B,1561,1780452060.0,False,-1,,10,False,0.0,8.0,0.0,-1.693785625452274,False,0.398263135042318,False,-1.693785625452274,False,0.2813364848081088,False,0.16264002323150634,False
2027,B,1562,1780452120.0,False,-1,,10,False,0.0,7.0,0.0,-1.4214855230342183,False,0.4105083632458354,False,-1.4214855230342183,False,0.2806604384517065,False,0.13486571311950682,False
2027,B,1563,1780452180.0,False,-1,,10,False,0.0,7.0,0.0,-1.5102885394476786,False,0.40592630345251346,False,-1.5102885394476786,False,0.2806604384517065,False,0.13518147468566893,False
2027,B,1564,1780452240.0,False,-1,,10,False,0.0,4.0,0.0,-1.0477349562461482,False,0.48260929537567315,False,-1.0477349562461482,False,0.2763559382375982,False,0.1228182554244995,False
2027,B,1565,1780452300.0,False,-1,,10,False,0.0,9.0,0.0,-1.1641666167176217,False,0.3882130963043277,False,-1.1641666167176217,False,0.2818560700236856,False,0.1351762771606445,False
2027,B,1566,1780452360.0,False,-1,,10,False,0.0,7.0,0.0,-1.5801641293561275,False,0.39970315644357857,False,-1.5801641293561275,False,0.2806604384517065,False,0.1362150192260742,False
2027,B,1567,1780452420.0,False,-1,,10,False,0.0,4.0,0.0,-0.16262528803693765,False,0.4993152252322723,False,-0.16262528803693765,False,0.2763559382375982,False,0.18492665290832516,False
2027,B,1568,1780452480.0,True,130,resource_exhaustion,10,False,2.0,8.0,0.0,4.468984006654058,True,0.7187591030023509,True,4.468984006654058,True,1.0,True,3000000000.0,True
2027,B,1569,1780452540.0,True,130,resource_exhaustion,10,False,2.0,4.0,0.0,4.468984006654058,True,0.7344922377147973,True,4.468984006654058,True,1.0,True,999999999.9999999,True
2027,B,1570,1780452600.0,True,130,resource_exhaustion,10,False,2.0,6.0,0.0,4.468984006654058,True,0.7366519348050824,True,4.468984006654058,True,1.0,True,1999999999.9999998,True
2027,B,1571,1780452660.0,True,130,resource_exhaustion,10,False,0.0,3.0,0.0,4.468984006654058,True,0.6371376520522954,False,4.468984006654058,True,0.27264782655079933,False,0.2377537250518799,False
2027,B,1572,1780452720.0,True,130,resource_exhaustion,10,False,0.0,11.0,0.0,4.468984006654058,True,0.4644636989550174,False,4.468984006654058,True,0.28260398880394816,False,0.17289018630981445,False
2027,B,1573,1780452780.0,False,-1,,10,False,0.0,9.0,0.0,-1.5666257703899706,False,0.3842643944106902,False,-1.5666257703899706,False,0.2818560700236856,False,0.14482479095458983,False
2027,B,1574,1780452840.0,False,-1,,10,False,0.0,8.0,0.0,-0.1957111587306235,False,0.4472978485055604,False,-0.1957111587306235,False,0.2813364848081088,False,0.10523529052734373,False
2027,B,1575,1780452900.0,False,-1,,10,False,0.0,10.0,0.0,-1.1376141005736145,False,0.3998290483945396,False,-1.1376141005736145,False,0.28226841507490547,False,0.13083381652832032,False
2027,B,1576,1780452960.0,False,-1,,10,False,0.0,8.0,0.0,-0.28342962072716915,False,0.4368796342083135,False,-0.28342962072716915,False,0.2813364848081088,False,0.14395534992218018,False
2027,B,1577,1780453020.0,False,-1,,10,False,0.0,5.0,0.0,-0.7518417991232145,False,0.47841386253773033,False,-0.7518417991232145,False,0.27842295783718024,False,0.1312697410583496,False
2027,B,1578,1780453080.0,False,-1,,10,False,0.0,5.0,0.0,-1.160822170030718,False,0.4507172771197989,False,-1.160822170030718,False,0.27842295783718024,False,0.1320427894592285,False
2027,B,1579,1780453140.0,False,-1,,10,False,0.0,3.0,0.0,0.05228262876976686,False,0.5415490007871463,False,0.05228262876976686,False,0.27264782655079933,False,0.1837231159210205,False
2027,B,1580,1780453200.0,False,-1,,10,False,0.0,4.0,0.0,-0.1087107331289987,False,0.525643536454518,False,-0.1087107331289987,False,0.2763559382375982,False,0.1590272903442383,False
2027,B,1581,1780453260.0,False,-1,,10,False,0.0,8.0,0.0,0.1958759314469214,False,0.4841152367291866,False,0.1958759314469214,False,0.2813364848081088,False,0.12200431823730469,False
2027,B,1582,1780453320.0,False,-1,,10,False,0.0,5.0,0.0,1.7916537731758493,True,0.5360576048637241,False,1.7916537731758493,True,0.27842295783718024,False,0.23027896881103516,False
2027,B,1583,1780453380.0,True,131,permission_denied,10,False,0.0,7.0,0.0,4.320700170798129,True,0.5310252128023738,False,4.320700170798129,True,1.0,True,2.0,True
2027,B,1584,1780453440.0,True,131,permission_denied,10,False,0.0,6.0,0.0,4.4637756321594475,True,0.5432723130640648,False,4.4637756321594475,True,1.0,True,4.0,True
2027,B,1585,1780453500.0,True,131,permission_denied,10,False,0.0,6.0,0.0,4.265408947095232,True,0.5060067143088934,False,4.265408947095232,True,1.0,True,2.0,True
2027,B,1586,1780453560.0,False,-1,,11,False,0.0,6.0,0.0,0.9925710634550486,False,0.6051966280191865,False,0.9925710634550486,False,2.0985472419977158e-05,False,1.0,False
2027,B,1587,1780453620.0,False,-1,,11,False,0.0,5.0,0.0,-1.1448743847694995,False,0.47271527382809103,False,-1.1448743847694995,False,0.27842295783718024,False,0.11197862625122068,False
2027,B,1588,1780453680.0,False,-1,,11,False,0.0,9.0,0.0,-0.5615559483408763,False,0.41241123676587194,False,-0.5615559483408763,False,0.2818560700236856,False,0.11123323440551756,False
2027,B,1589,1780453740.0,False,-1,,11,False,0.0,3.0,0.0,-0.5673181928259119,False,0.5502020704352549,False,-0.5673181928259119,False,0.27264782655079933,False,0.1367784023284912,False
2027,B,1590,1780453800.0,False,-1,,11,False,0.0,7.0,0.0,-0.5118011366445288,False,0.4180984141190872,False,-0.5118011366445288,False,0.2806604384517065,False,0.12704501152038575,False
2027,B,1591,1780453860.0,False,-1,,11,False,0.0,5.0,0.0,-0.42872286840653384,False,0.4644688049391488,False,-0.42872286840653384,False,0.27842295783718024,False,0.12002429962158204,False
2027,B,1592,1780453920.0,False,-1,,11,False,0.0,7.0,0.0,-0.3280099959989293,False,0.47857281799087803,False,-0.3280099959989293,False,0.2806604384517065,False,0.1091588020324707,False
2027,B,1593,1780453980.0,False,-1,,11,False,0.0,5.0,0.0,-1.5145948528409665,False,0.4349806740596305,False,-1.5145948528409665,False,0.27842295783718024,False,0.12707176208496093,False
2027,B,1594,1780454040.0,False,-1,,11,False,0.0,1.0,0.0,-0.05519884470680303,False,0.6625164237011961,False,-0.05519884470680303,False,0.22627252724241165,False,0.10148763656616212,False
2027,B,1595,1780454100.0,False,-1,,11,False,0.0,7.0,0.0,-0.0345049588547095,False,0.596701455223846,False,-0.0345049588547095,False,2.721966835872844e-05,False,1.0,False
2027,B,1596,1780454160.0,False,-1,,11,False,0.0,8.0,0.0,-0.6572417227713663,False,0.42625540951702884,False,-0.6572417227713663,False,0.2813364848081088,False,0.15175726413726806,False
2027,B,1597,1780454220.0,True,132,resource_exhaustion,11,False,0.0,5.0,0.0,4.468984006654058,True,0.5305481885800143,False,4.468984006654058,True,0.27842295783718024,False,0.19534034729003907,False
2027,B,1598,1780454280.0,True,132,resource_exhaustion,11,False,0.0,6.0,0.0,4.468984006654057,True,0.5750176610953933,False,4.468984006654057,True,0.2797428676547323,False,0.28053224086761475,False
2027,B,1599,1780454340.0,True,132,resource_exhaustion,11,False,0.0,5.0,0.0,4.468984006654058,True,0.5645560674739428,False,4.468984006654058,True,0.27842295783718024,False,0.29870758056640623,False
2027,B,1600,1780454400.0,True,132,resource_exhaustion,11,False,0.0,3.0,0.0,4.468984006653878,True,0.6247698045076778,False,4.468984006653878,True,0.27264782655079933,False,0.19447550773620606,False
2027,B,1601,1780454460.0,False,-1,,11,False,0.0,5.0,0.0,0.28198867848264353,False,0.5220639409440846,False,0.28198867848264353,False,0.27842295783718024,False,0.16067886352539062,False
2027,B,1602,1780454520.0,False,-1,,11,False,1.0,8.0,0.0,-0.05798964177422761,False,0.5993530091975584,False,-0.05798964177422761,False,3.733463789964769e-06,False,0.14029672145843505,False
2027,B,1603,1780454580.0,False,-1,,11,False,0.0,7.0,0.0,-1.5394286734041236,False,0.39923385515757026,False,-1.5394286734041236,False,0.2806604384517065,False,0.14015579223632812,False
2027,B,1604,1780454640.0,False,-1,,11,False,0.0,7.0,0.0,-0.3306535185431603,False,0.4377912573755862,False,-0.3306535185431603,False,0.2806604384517065,False,0.09781093597412109,False
2027,B,1605,1780454700.0,False,-1,,11,False,0.0,8.0,0.0,0.4740154524229476,False,0.6085109355941124,False,0.4740154524229476,False,3.387416500534071e-05,False,1.0,False
2027,B,1606,1780454760.0,False,-1,,11,False,0.0,8.0,0.0,-0.5598088151109533,False,0.42274364420465993,False,-0.5598088151109533,False,0.2813364848081088,False,0.13671970367431643,False
2027,B,1607,1780454820.0,False,-1,,11,False,0.0,3.0,0.0,-0.8942956812621334,False,0.5297862694937286,False,-0.8942956812621334,False,0.27264782655079933,False,0.11719980239868166,False
2027,B,1608,1780454880.0,False,-1,,11,False,0.0,6.0,0.0,-1.0743736302277496,False,0.4269440167781849,False,-1.0743736302277496,False,0.2797428676547323,False,0.15597295761108396,False
2027,B,1609,1780454940.0,True,133,resource_exhaustion,11,False,0.0,4.0,0.0,4.468984006654058,True,0.6587283581321771,False,4.468984006654058,True,1.0,True,999999999.9999999,True
2027,B,1610,1780455000.0,True,133,resource_exhaustion,11,False,0.0,3.0,0.0,4.468984006654058,True,0.5996146902494105,False,4.468984006654058,True,0.27264782655079933,False,0.20329322814941403,False
2027,B,1611,1780455060.0,True,133,resource_exhaustion,11,False,1.0,8.0,0.0,4.468984006654058,True,0.689639961450096,True,4.468984006654058,True,1.0,True,999999999.9999999,True
2027,B,1612,1780455120.0,False,-1,,11,False,0.0,8.0,0.0,-1.0627027664489788,False,0.4151523492903754,False,-1.0627027664489788,False,0.2813364848081088,False,0.16384398937225342,False
2027,B,1613,1780455180.0,False,-1,,11,False,0.0,3.0,0.0,-0.6282353247339527,False,0.5324425247303749,False,-0.6282353247339527,False,0.27264782655079933,False,0.15553693771362304,False
2027,B,1614,1780455240.0,False,-1,,11,False,0.0,8.0,0.0,-1.6078528245871375,False,0.398185627211721,False,-1.6078528245871375,False,0.2813364848081088,False,0.15412914752960205,False
2027,B,1615,1780455300.0,False,-1,,11,False,0.0,11.0,0.0,-1.433290712401801,False,0.4134724063616013,False,-1.433290712401801,False,0.28260398880394816,False,0.15526700019836426,False
2027,B,1616,1780455360.0,False,-1,,11,False,0.0,5.0,0.0,0.017680502539109355,False,0.493338648749746,False,0.017680502539109355,False,0.27842295783718024,False,0.19699811935424805,False
2027,B,1617,1780455420.0,False,-1,,11,False,0.0,6.0,0.0,-1.5618390989885347,False,0.4073837814437446,False,-1.5618390989885347,False,0.2797428676547323,False,0.1354522705078125,False
2027,B,1618,1780455480.0,True,134,config_error,11,False,0.0,4.0,0.0,4.466496595943637,True,0.5741120341088475,False,4.466496595943637,True,0.9999999794607455,True,4.0,True
2027,B,1619,1780455540.0,True,134,config_error,11,False,0.0,3.0,0.0,4.458623959350859,True,0.608127539198274,False,4.458623959350859,True,0.9999999947746923,True,3.0,True
2027,B,1620,1780455600.0,True,134,config_error,11,False,0.0,5.0,0.0,4.468475950325568,True,0.5596064858653177,False,4.468475950325568,True,0.9999999507639026,True,5.0,True
2027,B,1621,1780455660.0,False,-1,,11,False,0.0,8.0,0.0,-1.5331460264502201,False,0.4104876252230496,False,-1.5331460264502201,False,0.2813364848081088,False,0.1716506958007812,False
2027,B,1622,1780455720.0,False,-1,,11,False,0.0,6.0,0.0,-0.7279681485670713,False,0.4491591517663258,False,-0.7279681485670713,False,0.2797428676547323,False,0.14506685733795166,False
2027,B,1623,1780455780.0,False,-1,,11,False,0.0,8.0,0.0,-1.2207856734624416,False,0.4006945859706079,False,-1.2207856734624416,False,0.2813364848081088,False,0.14757466316223147,False
2027,B,1624,1780455840.0,False,-1,,11,False,0.0,5.0,0.0,-0.6940321784310788,False,0.45480852007448447,False,-0.6940321784310788,False,0.27842295783718024,False,0.09980478286743164,False
2027,B,1625,1780455900.0,False,-1,,11,False,0.0,7.0,0.0,-1.096497575002231,False,0.41289215424805137,False,-1.096497575002231,False,0.2806604384517065,False,0.14777607917785646,False
2027,B,1626,1780455960.0,False,-1,,11,False,0.0,11.0,0.0,-1.4507871141774027,False,0.3833959893115671,False,-1.4507871141774027,False,0.28260398880394816,False,0.13939619064331055,False
2027,B,1627,1780456020.0,True,135,permission_denied,11,False,0.0,6.0,0.0,-0.4519180180848599,False,0.4325334697770343,False,-0.4519180180848599,False,0.2797428676547323,False,0.11899614334106445,False
2027,B,1628,1780456080.0,True,135,permission_denied,11,True,0.0,10.0,0.0,4.419458590562325,True,0.48547630696576427,False,4.419458590562325,True,1.0,True,3.0,True
2027,B,1629,1780456140.0,True,135,permission_denied,11,True,1.0,45.0,0.0,4.468984006654049,True,0.666765734695251,False,4.468984006654049,True,1.0,True,24.0,True
2027,B,1630,1780456200.0,True,135,permission_denied,11,True,0.0,54.0,0.0,4.4689840045342635,True,0.6244598611780982,False,4.4689840045342635,True,1.0,True,21.0,True
2027,B,1631,1780456260.0,True,135,permission_denied,11,False,0.0,4.0,0.0,3.87315222670453,True,0.585325622703878,False,3.87315222670453,True,1.0,True,1.0,False
2027,B,1632,1780456320.0,False,-1,,11,False,0.0,5.0,0.0,-0.45425572902785927,False,0.47088520099394626,False,-0.45425572902785927,False,0.27842295783718024,False,0.13520307540893556,False
2027,B,1633,1780456380.0,False,-1,,11,False,0.0,4.0,0.0,-1.3903883663589136,False,0.469736846959778,False,-1.3903883663589136,False,0.2763559382375982,False,0.1280574083328247,False
2027,B,1634,1780456440.0,False,-1,,11,False,0.0,5.0,0.0,-0.9178077551439259,False,0.45382742811847193,False,-0.9178077551439259,False,0.27842295783718024,False,0.146401309967041,False
2027,B,1635,1780456500.0,False,-1,,11,False,0.0,9.0,0.0,-1.040396081637346,False,0.40169787395051854,False,-1.040396081637346,False,0.2818560700236856,False,0.15365734100341796,False
2027,B,1636,1780456560.0,False,-1,,11,False,0.0,6.0,0.0,-0.6224692373229335,False,0.4553101154007989,False,-0.6224692373229335,False,0.2797428676547323,False,0.11650204658508301,False
2027,B,1637,1780456620.0,False,-1,,11,False,0.0,4.0,0.0,0.06438540379372526,False,0.5241911826691363,False,0.06438540379372526,False,0.2763559382375982,False,0.14435997009277346,False
2027,B,1638,1780456680.0,False,-1,,11,False,0.0,4.0,0.0,-0.331171027783582,False,0.4898900130449028,False,-0.331171027783582,False,0.2763559382375982,False,0.12917428016662597,False
2027,B,1639,1780456740.0,False,-1,,11,False,0.0,5.0,0.0,-1.172543818091886,False,0.4581323218354521,False,-1.172543818091886,False,0.27842295783718024,False,0.11007795333862305,False
2027,B,1640,1780456800.0,False,-1,,11,False,0.0,3.0,0.0,-0.1794664520275795,False,0.5562171629119538,False,-0.1794664520275795,False,0.27264782655079933,False,0.1404862403869629,False
2027,B,1641,1780456860.0,False,-1,,11,False,0.0,3.0,0.0,-0.6665343922103544,False,0.5410591969789154,False,-0.6665343922103544,False,0.27264782655079933,False,0.1521597385406494,False
2027,B,1642,1780456920.0,True,136,permission_denied,11,False,0.0,3.0,0.0,-0.7557892310819554,False,0.5550033004422221,False,-0.7557892310819554,False,0.27264782655079933,False,0.10610523223876951,False
2027,B,1643,1780456980.0,True,136,permission_denied,11,False,0.0,6.0,0.0,4.272861313239705,True,0.5040562977988962,False,4.272861313239705,True,1.0,True,2.0,True
2027,B,1644,1780457040.0,True,136,permission_denied,11,False,0.0,8.0,0.0,3.674260354039264,True,0.5131512733142717,False,3.674260354039264,True,1.0,True,1.0,False
2027,B,1645,1780457100.0,True,136,permission_denied,11,False,0.0,3.0,0.0,-0.13364068486447778,False,0.5673151186453924,False,-0.13364068486447778,False,0.27264782655079933,False,0.14727463722229003,False
2027,B,1646,1780457160.0,False,-1,,11,False,0.0,7.0,0.0,-0.46136876091303236,False,0.44563902067441336,False,-0.46136876091303236,False,0.2806604384517065,False,0.15219140052795407,False
2027,B,1647,1780457220.0,False,-1,,11,False,0.0,9.0,0.0,-1.5199066850598548,False,0.4001098773337132,False,-1.5199066850598548,False,0.2818560700236856,False,0.15787830352783203,False
2027,B,1648,1780457280.0,False,-1,,11,False,0.0,6.0,0.0,-1.4536705156054195,False,0.41329257350377796,False,-1.4536705156054195,False,0.2797428676547323,False,0.15893089771270752,False
2027,B,1649,1780457340.0,False,-1,,11,False,0.0,4.0,0.0,-0.9309916733752219,False,0.4925770192767228,False,-0.9309916733752219,False,0.2763559382375982,False,0.11016180515289306,False
2027,B,1650,1780457400.0,False,-1,,11,False,0.0,5.0,0.0,-1.0636836288079365,False,0.43934602594971994,False,-1.0636836288079365,False,0.27842295783718024,False,0.14587059020996093,False
2027,B,1651,1780457460.0,False,-1,,11,False,0.0,6.0,0.0,-1.0972892515368793,False,0.41918580888264445,False,-1.0972892515368793,False,0.2797428676547323,False,0.12179362773895264,False
2027,B,1652,1780457520.0,False,-1,,11,False,0.0,4.0,0.0,-0.7379509784373619,False,0.5036991449540844,False,-0.7379509784373619,False,0.2763559382375982,False,0.14136075973510742,False
2027,B,1653,1780457580.0,False,-1,,11,False,0.0,6.0,0.0,-1.3390243696126483,False,0.41585065552828154,False,-1.3390243696126483,False,0.2797428676547323,False,0.1568166017532349,False
2027,B,1654,1780457640.0,True,137,config_error,11,False,0.0,7.0,0.0,3.428708362658227,True,0.4870070957938933,False,3.428708362658227,True,0.9999999999993261,True,1.0,False
2027,B,1655,1780457700.0,True,137,config_error,11,False,0.0,9.0,0.0,4.468983052976994,True,0.5201831853613889,False,4.468983052976994,True,0.9999997123326742,True,9.0,True
2027,B,1656,1780457760.0,True,137,config_error,11,False,0.0,4.0,0.0,4.467080947593952,True,0.5913208342170011,False,4.467080947593952,True,0.9999999794607455,True,4.0,True
2027,B,1657,1780457820.0,True,137,config_error,11,False,0.0,4.0,0.0,4.335269266355199,True,0.5745797501953902,False,4.335269266355199,True,0.9999999997137143,True,2.0,True
2027,B,1658,1780457880.0,False,-1,,11,False,0.0,8.0,0.0,-1.4407743374858457,False,0.4000589587928724,False,-1.4407743374858457,False,0.2813364848081088,False,0.15272049903869628,False
2027,B,1659,1780457940.0,False,-1,,11,False,0.0,4.0,0.0,-0.22514918510510284,False,0.5185444985011899,False,-0.22514918510510284,False,0.2763559382375982,False,0.16813621520996094,False
2027,B,1660,1780458000.0,False,-1,,11,False,0.0,3.0,0.0,1.469502197621333,True,0.5871988479276448,False,1.469502197621333,True,0.27264782655079933,False,0.17007684707641602,False
2027,B,1661,1780458060.0,False,-1,,11,False,0.0,4.0,0.0,-1.2373072237358942,False,0.49449202413310495,False,-1.2373072237358942,False,0.2763559382375982,False,0.11130251884460451,False
2027,B,1662,1780458120.0,False,-1,,11,False,0.0,4.0,0.0,-0.20643479287417588,False,0.5304644584118348,False,-0.20643479287417588,False,0.2763559382375982,False,0.08775572776794434,False
2027,B,1663,1780458180.0,False,-1,,11,False,0.0,3.0,0.0,-0.4337028718647158,False,0.5430644688467978,False,-0.4337028718647158,False,0.27264782655079933,False,0.15656819343566894,False
2027,B,1664,1780458240.0,False,-1,,11,False,0.0,4.0,0.0,-0.5702769988937098,False,0.5014255797470965,False,-0.5702769988937098,False,0.2763559382375982,False,0.15086669921874996,False
2027,B,1665,1780458300.0,False,-1,,11,False,0.0,2.0,0.0,0.9218454508160048,False,0.6292753970969838,False,0.9218454508160048,False,0.2640831332514045,False,0.10730190277099609,False
2027,B,1666,1780458360.0,False,-1,,11,False,0.0,4.0,0.0,-0.6020444117684915,False,0.48521844815921905,False,-0.6020444117684915,False,0.2763559382375982,False,0.11105318069458008,False
2027,B,1667,1780458420.0,True,138,dependency_timeout,11,False,0.0,4.0,0.0,-0.23037323203705373,False,0.520229503028678,False,-0.23037323203705373,False,0.2763559382375982,False,0.14864501953125,False
2027,B,1668,1780458480.0,True,138,dependency_timeout,11,False,0.0,6.0,0.0,4.468984006484493,True,0.5355566405261467,False,4.468984006484493,True,0.2797428676547323,False,0.8397363424301147,False
2027,B,1669,1780458540.0,True,138,dependency_timeout,11,False,0.0,4.0,0.0,4.468984006653459,True,0.5828232088759665,False,4.468984006653459,True,0.2763559382375982,False,0.715879487991333,False
2027,B,1670,1780458600.0,True,138,dependency_timeout,11,False,0.0,7.0,0.0,4.45867631417853,True,0.4687085859417907,False,4.45867631417853,True,0.2806604384517065,False,0.8764891147613522,False
2027,B,1671,1780458660.0,False,-1,,11,False,0.0,1.0,0.0,0.31604168776785624,False,0.6618636757463707,False,0.31604168776785624,False,0.22627252724241165,False,0.09244441986083984,False
2027,B,1672,1780458720.0,False,-1,,11,False,0.0,4.0,0.0,0.33971481291872685,False,0.5300272119445437,False,0.33971481291872685,False,0.2763559382375982,False,0.19051094055175782,False
2027,B,1673,1780458780.0,False,-1,,11,False,0.0,6.0,0.0,-0.2390322492932091,False,0.49016561006470555,False,-0.2390322492932091,False,0.2797428676547323,False,0.09568679332733154,False
2027,B,1674,1780458840.0,False,-1,,11,False,0.0,6.0,0.0,-1.473918048424527,False,0.4044359434702221,False,-1.473918048424527,False,0.2797428676547323,False,0.13892972469329834,False
2027,B,1675,1780458900.0,False,-1,,11,False,0.0,9.0,0.0,-1.4440183164466553,False,0.4082423242251269,False,-1.4440183164466553,False,0.2818560700236856,False,0.12726707458496095,False
2027,B,1676,1780458960.0,False,-1,,11,False,0.0,3.0,0.0,4.154532388718016,True,0.6110060048188184,False,4.154532388718016,True,0.27264782655079933,False,0.10427746772766114,False
2027,B,1677,1780459020.0,False,-1,,11,False,0.0,7.0,0.0,-1.3554963873388841,False,0.4053931511882396,False,-1.3554963873388841,False,0.2806604384517065,False,0.12757496833801268,False
2027,B,1678,1780459080.0,False,-1,,11,False,0.0,6.0,0.0,0.7055649938733533,False,0.5184880917712881,False,0.7055649938733533,False,0.2797428676547323,False,0.17635810375213623,False
2027,B,1679,1780459140.0,True,139,config_error,11,False,0.0,5.0,0.0,4.3314732370576605,True,0.545749342471925,False,4.3314732370576605,True,0.9999999997169249,True,2.0,True
2027,B,1680,1780459200.0,True,139,config_error,11,False,0.0,2.0,0.0,4.432407708554219,True,0.6492147845149423,False,4.432407708554219,True,0.9999999996126812,True,2.0,True
2027,B,1681,1780459260.0,True,139,config_error,11,False,0.0,5.0,0.0,4.4658434351916725,True,0.5746285567506533,False,4.4658434351916725,True,0.9999999828125333,True,4.0,True
2027,B,1682,1780459320.0,True,139,config_error,11,False,0.0,5.0,0.0,4.465316513290405,True,0.5572508119501519,False,4.465316513290405,True,0.9999999828125333,True,4.0,True
2027,B,1683,1780459380.0,False,-1,,11,False,0.0,4.0,0.0,-0.7007640599947331,False,0.49490640871887426,False,-0.7007640599947331,False,0.2763559382375982,False,0.14402201175689697,False
2027,B,1684,1780459440.0,False,-1,,11,False,0.0,4.0,0.0,0.29176732197630173,False,0.5302066755408262,False,0.29176732197630173,False,0.2763559382375982,False,0.19449515342712403,False
2027,B,1685,1780459500.0,False,-1,,11,False,0.0,7.0,0.0,0.10941529270927308,False,0.4635980382879641,False,0.10941529270927308,False,0.2806604384517065,False,0.16707377433776854,False
2027,B,1686,1780459560.0,False,-1,,11,False,0.0,6.0,0.0,-0.6254814626447889,False,0.4420412620004469,False,-0.6254814626447889,False,0.2797428676547323,False,0.14108002185821533,False
2027,B,1687,1780459620.0,False,-1,,11,False,0.0,6.0,0.0,-1.311441822953232,False,0.40959541896499796,False,-1.311441822953232,False,0.2797428676547323,False,0.13582885265350342,False
2027,B,1688,1780459680.0,False,-1,,11,False,0.0,4.0,0.0,-1.319918661355426,False,0.4802682795226976,False,-1.319918661355426,False,0.2763559382375982,False,0.12900564670562745,False
2027,B,1689,1780459740.0,False,-1,,11,False,0.0,5.0,0.0,-1.122289728841376,False,0.46510442315402906,False,-1.122289728841376,False,0.27842295783718024,False,0.11374073028564453,False
2027,B,1690,1780459800.0,False,-1,,11,False,0.0,7.0,0.0,-1.0633981558545846,False,0.40931633200053724,False,-1.0633981558545846,False,0.2806604384517065,False,0.14191126823425293,False
2027,B,1691,1780459860.0,False,-1,,11,False,0.0,5.0,0.0,-1.104855410511795,False,0.4455021375137178,False,-1.104855410511795,False,0.27842295783718024,False,0.1602025032043457,False
2027,B,1692,1780459920.0,False,-1,,11,False,0.0,5.0,0.0,-0.9383738584480694,False,0.4464978473634611,False,-0.9383738584480694,False,0.27842295783718024,False,0.11869096755981445,False
2027,B,1693,1780459980.0,True,140,dependency_timeout,11,False,0.0,4.0,0.0,1.714147835382776,True,0.5307720803616685,False,1.714147835382776,True,0.2763559382375982,False,0.15104055404663083,False
2027,B,1694,1780460040.0,True,140,dependency_timeout,11,False,0.0,5.0,0.0,4.468984006654058,True,0.61243316078851,False,4.468984006654058,True,1.0,True,999999999.9999999,True
2027,B,1695,1780460100.0,True,140,dependency_timeout,11,False,1.0,3.0,0.0,4.468984006654058,True,0.7303305683911322,True,4.468984006654058,True,1.0,True,20.04360876083374,True
2027,B,1696,1780460160.0,True,140,dependency_timeout,11,False,0.0,4.0,0.0,-0.7465635033686464,False,0.4976266382980415,False,-0.7465635033686464,False,0.2763559382375982,False,0.13816208839416505,False
2027,B,1697,1780460220.0,False,-1,,11,False,0.0,8.0,0.0,-1.2155074334928733,False,0.40358223426126877,False,-1.2155074334928733,False,0.2813364848081088,False,0.12655372619628907,False
2027,B,1698,1780460280.0,False,-1,,11,False,0.0,4.0,0.0,-0.3722491948593989,False,0.491897329546013,False,-0.3722491948593989,False,0.2763559382375982,False,0.13168740272521973,False
2027,B,1699,1780460340.0,False,-1,,11,False,0.0,4.0,0.0,-0.6927414523241087,False,0.5059399789538389,False,-0.6927414523241087,False,0.2763559382375982,False,0.14184703826904296,False
2027,B,1700,1780460400.0,False,-1,,11,False,0.0,7.0,0.0,-0.7188579586570318,False,0.4545069969965682,False,-0.7188579586570318,False,0.2806604384517065,False,0.15091137886047362,False
2027,B,1701,1780460460.0,False,-1,,11,False,0.0,6.0,0.0,-1.0821518865209105,False,0.4293844140294587,False,-1.0821518865209105,False,0.2797428676547323,False,0.1516408920288086,False
2027,B,1702,1780460520.0,False,-1,,11,False,0.0,4.0,0.0,-0.5603980279437168,False,0.49859284462196996,False,-0.5603980279437168,False,0.2763559382375982,False,0.1673999547958374,False
2027,B,1703,1780460580.0,False,-1,,11,False,0.0,6.0,0.0,-0.8457413845902737,False,0.4281740400883084,False,-0.8457413845902737,False,0.2797428676547323,False,0.11523330211639404,False
2027,B,1704,1780460640.0,True,141,permission_denied,11,False,0.0,8.0,0.0,0.2614849975380622,False,0.5999355062452898,False,0.2614849975380622,False,3.387416500534071e-05,False,1.0,False
2027,B,1705,1780460700.0,True,141,permission_denied,11,False,0.0,9.0,0.0,4.461321465203034,True,0.50240565507646,False,4.461321465203034,True,1.0,True,4.0,True
2027,B,1706,1780460760.0,True,141,permission_denied,11,False,0.0,5.0,0.0,4.438149561875803,True,0.5481916719887526,False,4.438149561875803,True,1.0,True,3.0,True
2027,B,1707,1780460820.0,True,141,permission_denied,11,False,0.0,9.0,0.0,-1.173317233324413,False,0.40086069170830796,False,-1.173317233324413,False,0.2818560700236856,False,0.12725677490234374,False
2027,B,1708,1780460880.0,False,-1,,11,False,0.0,7.0,0.0,-1.3101830828764873,False,0.411286549696723,False,-1.3101830828764873,False,0.2806604384517065,False,0.12301559448242187,False
2027,B,1709,1780460940.0,False,-1,,11,False,0.0,7.0,0.0,-1.5055139644220743,False,0.41607862257075356,False,-1.5055139644220743,False,0.2806604384517065,False,0.12432532310485839,False
2027,B,1710,1780461000.0,False,-1,,11,False,0.0,6.0,0.0,-1.0069545252646224,False,0.44144552547858584,False,-1.0069545252646224,False,0.2797428676547323,False,0.11507987976074219,False
2027,B,1711,1780461060.0,False,-1,,11,False,0.0,6.0,0.0,-1.0443360837451694,False,0.43403285122635404,False,-1.0443360837451694,False,0.2797428676547323,False,0.13574814796447754,False
2027,B,1712,1780461120.0,False,-1,,11,False,0.0,3.0,0.0,-0.987356472706078,False,0.5302725617428387,False,-0.987356472706078,False,0.27264782655079933,False,0.11791911125183105,False
2027,B,1713,1780461180.0,False,-1,,11,False,0.0,5.0,0.0,-0.12983346965096576,False,0.471143179703814,False,-0.12983346965096576,False,0.27842295783718024,False,0.16109094619750977,False
2027,B,1714,1780461240.0,False,-1,,11,False,0.0,4.0,0.0,-0.849012300772845,False,0.4868607935031843,False,-0.849012300772845,False,0.2763559382375982,False,0.10446257591247558,False
2027,B,1715,1780461300.0,False,-1,,11,False,0.0,7.0,0.0,-0.17076573767385828,False,0.46552086392928343,False,-0.17076573767385828,False,0.2806604384517065,False,0.17105374336242676,False
2027,B,1716,1780461360.0,True,142,dependency_timeout,11,False,0.0,7.0,0.0,3.809738284284315,True,0.47810078238204007,False,3.809738284284315,True,0.2806604384517065,False,0.4378782749176024,False
2027,B,1717,1780461420.0,True,142,dependency_timeout,11,False,1.0,3.0,0.0,4.468984006654058,True,0.7384923591437502,True,4.468984006654058,True,1.0,True,999999999.9999999,True
2027,B,1718,1780461480.0,True,142,dependency_timeout,11,False,1.0,4.0,0.0,4.468984006654058,True,0.7217221056445051,True,4.468984006654058,True,1.0,True,999999999.9999999,True
2027,B,1719,1780461540.0,True,142,dependency_timeout,11,False,1.0,4.0,0.0,4.468984006654058,True,0.7224149292363216,True,4.468984006654058,True,1.0,True,20.045085144042968,True
2027,B,1720,1780461600.0,False,-1,,11,False,0.0,9.0,0.0,-1.2788844451250831,False,0.40615771652563415,False,-1.2788844451250831,False,0.2818560700236856,False,0.16357975006103515,False
2027,B,1721,1780461660.0,False,-1,,11,False,0.0,6.0,0.0,-1.5468768314174879,False,0.4140578510086861,False,-1.5468768314174879,False,0.2797428676547323,False,0.15443420410156247,False
2027,B,1722,1780461720.0,False,-1,,11,False,0.0,5.0,0.0,-1.0436302773623627,False,0.4388278693423497,False,-1.0436302773623627,False,0.27842295783718024,False,0.11921520233154297,False
2027,B,1723,1780461780.0,False,-1,,11,False,0.0,5.0,0.0,-0.8570809745574639,False,0.4529957800331874,False,-0.8570809745574639,False,0.27842295783718024,False,0.15710744857788086,False
2027,B,1724,1780461840.0,False,-1,,11,False,0.0,2.0,0.0,-0.759397459941038,False,0.6087282088501322,False,-0.759397459941038,False,0.2640831332514045,False,0.112239408493042,False
2027,B,1725,1780461900.0,False,-1,,11,False,0.0,2.0,0.0,0.48033721854157774,False,0.6362844603808505,False,0.48033721854157774,False,0.2640831332514045,False,0.07905385494232178,False
2027,B,1726,1780461960.0,False,-1,,11,False,0.0,8.0,0.0,-0.46107003603454455,False,0.4248932240204074,False,-0.46107003603454455,False,0.2813364848081088,False,0.11914691925048826,False
2027,B,1727,1780462020.0,False,-1,,11,False,0.0,4.0,0.0,-1.0565011063159657,False,0.4794506751901194,False,-1.0565011063159657,False,0.2763559382375982,False,0.12147061824798584,False
2027,B,1728,1780462080.0,False,-1,,11,False,0.0,2.0,0.0,1.0866924272351808,False,0.6176730446100666,False,1.0866924272351808,False,0.2640831332514045,False,0.09117074012756346,False
2027,B,1729,1780462140.0,False,-1,,11,False,0.0,5.0,0.0,-1.4105244692451562,False,0.43013546260209684,False,-1.4105244692451562,False,0.27842295783718024,False,0.12727346420288085,False
2027,B,1730,1780462200.0,False,-1,,11,False,0.0,5.0,0.0,-0.18352114953813903,False,0.47202155682643737,False,-0.18352114953813903,False,0.27842295783718024,False,0.1830727577209473,False
2027,B,1731,1780462260.0,True,143,resource_exhaustion,11,False,0.0,9.0,0.0,4.468984006654058,True,0.5789831357536601,False,4.468984006654058,True,1.0,True,999999999.9999999,True
2027,B,1732,1780462320.0,True,143,resource_exhaustion,11,False,0.0,3.0,0.0,4.468984006654058,True,0.6301791277913268,False,4.468984006654058,True,0.27264782655079933,False,0.21592116355895996,False
2027,B,1733,1780462380.0,True,143,resource_exhaustion,11,False,0.0,6.0,0.0,4.468984006654058,True,0.562665862245206,False,4.468984006654058,True,0.2797428676547323,False,0.20254206657409668,False
2027,B,1734,1780462440.0,True,143,resource_exhaustion,11,False,2.0,8.0,0.0,4.468984006654058,True,0.7228539387961672,True,4.468984006654058,True,1.0,True,1999999999.9999998,True
2027,B,1735,1780462500.0,True,143,resource_exhaustion,11,False,0.0,1.0,0.0,0.5722247474851336,False,0.6366974826759255,False,0.5722247474851336,False,0.22627252724241165,False,0.11569976806640624,False
2027,B,1736,1780462560.0,False,-1,,12,False,0.0,5.0,0.0,-1.143019656607943,False,0.4399796740179871,False,-1.143019656607943,False,0.27842295783718024,False,0.1432644844055176,False
2027,B,1737,1780462620.0,False,-1,,12,False,0.0,12.0,0.0,-1.2958076157936613,False,0.402495367562229,False,-1.2958076157936613,False,0.28288267083732616,False,0.12888238430023194,False
2027,B,1738,1780462680.0,False,-1,,12,False,0.0,4.0,0.0,-0.8939344606420834,False,0.4910698276094037,False,-0.8939344606420834,False,0.2763559382375982,False,0.1055600881576538,False
2027,B,1739,1780462740.0,False,-1,,12,False,0.0,6.0,0.0,-1.215274567939037,False,0.4201288573565704,False,-1.215274567939037,False,0.2797428676547323,False,0.1559380292892456,False
2027,B,1740,1780462800.0,False,-1,,12,False,0.0,4.0,0.0,-0.3528665228182257,False,0.497342278227692,False,-0.3528665228182257,False,0.2763559382375982,False,0.1847712516784668,False
2027,B,1741,1780462860.0,False,-1,,12,False,0.0,4.0,0.0,-1.2157628210129605,False,0.49383858577577594,False,-1.2157628210129605,False,0.2763559382375982,False,0.1256091356277466,False
2027,B,1742,1780462920.0,False,-1,,12,False,0.0,6.0,0.0,-1.5723828697255753,False,0.4077724649795263,False,-1.5723828697255753,False,0.2797428676547323,False,0.1512995958328247,False
2027,B,1743,1780462980.0,False,-1,,12,False,1.0,4.0,0.0,1.6706026459758445,True,0.6313361312938156,False,1.6706026459758445,True,2.372315384059287e-07,False,0.12722105979919435,False
2027,B,1744,1780463040.0,True,144,dependency_timeout,12,False,0.0,4.0,0.0,0.49232500775834964,False,0.5371993633990602,False,0.49232500775834964,False,0.2824616771090816,False,0.8177194595336914,False
2027,B,1745,1780463100.0,True,144,dependency_timeout,12,False,0.0,8.0,0.0,4.468984006654058,True,0.588609262228301,False,4.468984006654058,True,1.0,True,20.056964015960695,True
2027,B,1746,1780463160.0,True,144,dependency_timeout,12,False,0.0,7.0,0.0,4.468984006654058,True,0.5973744888354069,False,4.468984006654058,True,1.0,True,1999999999.9999998,True
2027,B,1747,1780463220.0,True,144,dependency_timeout,12,False,1.0,5.0,0.0,4.468984006654058,True,0.7052139530637219,True,4.468984006654058,True,1.0,True,20.04290237426758,True
2027,B,1748,1780463280.0,False,-1,,12,False,0.0,1.0,0.0,0.7432132453994758,False,0.6374315793585505,False,0.7432132453994758,False,0.22627252724241165,False,0.10986089706420898,False
2027,B,1749,1780463340.0,False,-1,,12,False,0.0,5.0,0.0,-0.8251462839314216,False,0.4589275297665477,False,-0.8251462839314216,False,0.27842295783718024,False,0.14978837966918948,False
2027,B,1750,1780463400.0,False,-1,,12,False,0.0,7.0,0.0,-0.8484469665996599,False,0.42656023964620116,False,-0.8484469665996599,False,0.2806604384517065,False,0.14761810302734374,False
2027,B,1751,1780463460.0,False,-1,,12,False,0.0,3.0,0.0,0.287884935540097,False,0.5895043648498183,False,0.287884935540097,False,0.27264782655079933,False,0.0939645767211914,False
2027,B,1752,1780463520.0,False,-1,,12,False,0.0,5.0,0.0,-0.5983116637092163,False,0.472342738341346,False,-0.5983116637092163,False,0.27842295783718024,False,0.1635730743408203,False
2027,B,1753,1780463580.0,False,-1,,12,False,0.0,2.0,0.0,0.4718772800297022,False,0.6293206646804521,False,0.4718772800297022,False,0.2640831332514045,False,0.07879228591918945,False
2027,B,1754,1780463640.0,False,-1,,12,False,0.0,5.0,0.0,-0.8029214911124853,False,0.44721479375449125,False,-0.8029214911124853,False,0.27842295783718024,False,0.10932035446166992,False
2027,B,1755,1780463700.0,False,-1,,12,False,0.0,8.0,0.0,-1.083670778497769,False,0.4364593602051893,False,-1.083670778497769,False,0.2813364848081088,False,0.11876420974731446,False
2027,B,1756,1780463760.0,False,-1,,12,False,0.0,9.0,0.0,-1.2780764906819106,False,0.39932334929939267,False,-1.2780764906819106,False,0.2818560700236856,False,0.15786523818969728,False
2027,B,1757,1780463820.0,False,-1,,12,False,0.0,4.0,0.0,-0.6215339695766353,False,0.5002851271737204,False,-0.6215339695766353,False,0.2763559382375982,False,0.09357056617736817,False
2027,B,1758,1780463880.0,False,-1,,12,False,0.0,6.0,0.0,-1.4471225521678983,False,0.4073905439876811,False,-1.4471225521678983,False,0.2797428676547323,False,0.13141846656799316,False
2027,B,1759,1780463940.0,True,145,dependency_timeout,12,False,1.0,7.0,0.0,4.468984006654058,True,0.6944031527586645,True,4.468984006654058,True,1.0,True,20.058848190307618,True
2027,B,1760,1780464000.0,True,145,dependency_timeout,12,False,0.0,6.0,0.0,4.468984006654058,True,0.6306809524543399,False,4.468984006654058,True,1.0,True,20.04835033416748,True
2027,B,1761,1780464060.0,True,145,dependency_timeout,12,False,0.0,6.0,0.0,4.468984006654058,True,0.5922306863010506,False,4.468984006654058,True,1.0,True,999999999.9999999,True
2027,B,1762,1780464120.0,True,145,dependency_timeout,12,False,0.0,11.0,0.0,4.468984006654058,True,0.5779578548666079,False,4.468984006654058,True,1.0,True,20.030063629150387,True
2027,B,1763,1780464180.0,False,-1,,12,False,0.0,7.0,0.0,-0.45053565224353687,False,0.45028826897796537,False,-0.45053565224353687,False,0.2806604384517065,False,0.1561897277832031,False
2027,B,1764,1780464240.0,False,-1,,12,False,0.0,10.0,0.0,-1.3026783288337054,False,0.3858874057536702,False,-1.3026783288337054,False,0.28226841507490547,False,0.1271218538284302,False
2027,B,1765,1780464300.0,False,-1,,12,False,0.0,6.0,0.0,-1.1942025147392554,False,0.4233291998501657,False,-1.1942025147392554,False,0.2797428676547323,False,0.17550277709960938,False
2027,B,1766,1780464360.0,False,-1,,12,False,0.0,4.0,0.0,0.18745086866014304,False,0.5416850817126933,False,0.18745086866014304,False,0.2763559382375982,False,0.09601256847381592,False
2027,B,1767,1780464420.0,False,-1,,12,False,0.0,5.0,0.0,-0.8612287074895972,False,0.44323397600956493,False,-0.8612287074895972,False,0.27842295783718024,False,0.12831621170043944,False
2027,B,1768,1780464480.0,False,-1,,12,False,0.0,2.0,0.0,-0.7063733521714353,False,0.5904792596118736,False,-0.7063733521714353,False,0.2640831332514045,False,0.123738694190979,False
2027,B,1769,1780464540.0,False,-1,,12,False,0.0,6.0,0.0,-0.2747550030082513,False,0.4642099514658955,False,-0.2747550030082513,False,0.2797428676547323,False,0.11288928985595703,False
2027,B,1770,1780464600.0,False,-1,,12,False,0.0,10.0,0.0,-1.5736271666453172,False,0.38088172955870175,False,-1.5736271666453172,False,0.28226841507490547,False,0.14057154655456544,False
2027,B,1771,1780464660.0,False,-1,,12,False,0.0,6.0,0.0,-1.5319721493364193,False,0.4070040893925603,False,-1.5319721493364193,False,0.2797428676547323,False,0.15090644359588623,False
2027,B,1772,1780464720.0,False,-1,,12,False,0.0,3.0,0.0,-0.3997754911434992,False,0.5425573692406725,False,-0.3997754911434992,False,0.27264782655079933,False,0.16896543502807618,False
2027,B,1773,1780464780.0,True,146,permission_denied,12,False,0.0,2.0,0.0,3.8672813186855164,True,0.6366267792759164,False,3.8672813186855164,True,1.0,True,1.0,False
2027,B,1774,1780464840.0,True,146,permission_denied,12,False,0.0,2.0,0.0,0.35632194421321284,False,0.6074542180829662,False,0.35632194421321284,False,0.2640831332514045,False,0.12999613285064698,False
2027,B,1775,1780464900.0,True,146,permission_denied,12,False,0.0,9.0,0.0,4.420631289458543,True,0.487019328912197,False,4.420631289458543,True,1.0,True,3.0,True
2027,B,1776,1780464960.0,True,146,permission_denied,12,False,0.0,9.0,0.0,-1.4306932477782794,False,0.38912841562098865,False,-1.4306932477782794,False,0.2818560700236856,False,0.1489872932434082,False
2027,B,1777,1780465020.0,False,-1,,12,False,0.0,5.0,0.0,2.4117315826642454,True,0.5171468303878296,False,2.4117315826642454,True,0.27842295783718024,False,0.10521316528320312,False
2027,B,1778,1780465080.0,False,-1,,12,False,0.0,6.0,0.0,0.030511574945289333,False,0.4829741733221614,False,0.030511574945289333,False,0.2797428676547323,False,0.196730375289917,False
2027,B,1779,1780465140.0,False,-1,,12,False,0.0,8.0,0.0,-1.440834783197773,False,0.40232981692664455,False,-1.440834783197773,False,0.2813364848081088,False,0.12572970390319824,False
2027,B,1780,1780465200.0,False,-1,,12,False,0.0,7.0,0.0,-1.3281211370818928,False,0.40499450590199804,False,-1.3281211370818928,False,0.2806604384517065,False,0.1278696060180664,False
2027,B,1781,1780465260.0,False,-1,,12,False,0.0,6.0,0.0,-1.5381604398254005,False,0.40851232482027766,False,-1.5381604398254005,False,0.2797428676547323,False,0.15548217296600342,False
2027,B,1782,1780465320.0,True,147,config_error,12,False,0.0,9.0,0.0,4.250285309724351,True,0.4942327912477823,False,4.250285309724351,True,0.9999999996844373,True,2.0,True
2027,B,1783,1780465380.0,True,147,config_error,12,True,1.0,51.0,0.0,4.468984006654058,True,0.6779230254166835,False,4.468984006654058,True,0.9999752363909041,True,45.0,True
2027,B,1784,1780465440.0,True,147,config_error,12,True,0.0,75.0,0.0,4.468984006654058,True,0.6195264563363753,False,4.468984006654058,True,0.9999940974584572,True,69.0,True
2027,B,1785,1780465500.0,True,147,config_error,12,True,0.0,33.0,0.0,4.468984006654043,True,0.5088403187127877,False,4.468984006654043,True,0.9999978930664267,True,29.0,True
2027,B,1786,1780465560.0,True,147,config_error,12,False,0.0,4.0,0.0,0.6957210937720775,False,0.5564130564841252,False,0.6957210937720775,False,0.2763559382375982,False,0.13092849254608152,False
2027,B,1787,1780465620.0,False,-1,,12,False,0.0,4.0,0.0,-1.1716404747666056,False,0.4743308082951488,False,-1.1716404747666056,False,0.2763559382375982,False,0.12718307971954346,False
2027,B,1788,1780465680.0,False,-1,,12,False,0.0,7.0,0.0,-1.2633913299013289,False,0.4080406868027377,False,-1.2633913299013289,False,0.2806604384517065,False,0.1364010810852051,False
2027,B,1789,1780465740.0,False,-1,,12,False,0.0,6.0,0.0,-1.474767116995027,False,0.4113177381731706,False,-1.474767116995027,False,0.2797428676547323,False,0.15881240367889404,False
2027,B,1790,1780465800.0,False,-1,,12,False,0.0,4.0,0.0,-1.0600102640260598,False,0.4800534986556022,False,-1.0600102640260598,False,0.2763559382375982,False,0.1399012327194214,False
2027,B,1791,1780465860.0,False,-1,,12,False,0.0,5.0,0.0,-0.4226833071473708,False,0.4845998677926482,False,-0.4226833071473708,False,0.27842295783718024,False,0.12907867431640624,False
2027,B,1792,1780465920.0,False,-1,,12,False,0.0,6.0,0.0,-1.128440582695628,False,0.41481825407146056,False,-1.128440582695628,False,0.2797428676547323,False,0.1351275444030762,False
2027,B,1793,1780465980.0,False,-1,,12,False,0.0,3.0,0.0,-0.5532807289225641,False,0.535782810891288,False,-0.5532807289225641,False,0.27264782655079933,False,0.10534996986389161,False
2027,B,1794,1780466040.0,False,-1,,12,False,0.0,5.0,0.0,-1.401521747881139,False,0.4317140958811895,False,-1.401521747881139,False,0.27842295783718024,False,0.1476652145385742,False
2027,B,1795,1780466100.0,True,148,permission_denied,12,False,0.0,7.0,0.0,4.4265779853266665,True,0.5036769163455852,False,4.4265779853266665,True,1.0,True,3.0,True
2027,B,1796,1780466160.0,True,148,permission_denied,12,False,0.0,6.0,0.0,4.307681293005143,True,0.5305268522864632,False,4.307681293005143,True,1.0,True,2.0,True
2027,B,1797,1780466220.0,True,148,permission_denied,12,False,0.0,12.0,0.0,4.4689721926176045,True,0.49188788540832556,False,4.4689721926176045,True,1.0,True,8.0,True
2027,B,1798,1780466280.0,True,148,permission_denied,12,False,0.0,9.0,0.0,4.3580111237789,True,0.5425850659458344,False,4.3580111237789,True,1.0,True,2.0,True
2027,B,1799,1780466340.0,True,148,permission_denied,12,False,0.0,3.0,0.0,-0.36060414267763985,False,0.5553201613426914,False,-0.36060414267763985,False,0.27264782655079933,False,0.15877532958984378,False
2027,B,1800,1780466400.0,False,-1,,12,False,0.0,3.0,0.0,-1.1326816042489698,False,0.5299371828468571,False,-1.1326816042489698,False,0.27264782655079933,False,0.117103910446167,False
2027,B,1801,1780466460.0,False,-1,,12,False,0.0,8.0,0.0,-1.662617312717515,False,0.3964134512586728,False,-1.662617312717515,False,0.2813364848081088,False,0.1354971408843994,False
2027,B,1802,1780466520.0,False,-1,,12,False,0.0,4.0,0.0,-0.6122747372101678,False,0.4895537345552839,False,-0.6122747372101678,False,0.2763559382375982,False,0.1152083158493042,False
2027,B,1803,1780466580.0,False,-1,,12,False,0.0,7.0,0.0,-1.469228254451167,False,0.40251947804920857,False,-1.469228254451167,False,0.2806604384517065,False,0.133071231842041,False
2027,B,1804,1780466640.0,False,-1,,12,False,0.0,6.0,0.0,-0.6309958128755637,False,0.4493336444337642,False,-0.6309958128755637,False,0.2797428676547323,False,0.17340373992919922,False
2027,B,1805,1780466700.0,True,149,config_error,12,False,0.0,6.0,0.0,4.433883138874083,True,0.5279291226181424,False,4.433883138874083,True,0.9999999963865009,True,3.0,True
2027,B,1806,1780466760.0,True,149,config_error,12,False,0.0,15.0,0.0,4.468983996921472,True,0.5468436730091986,False,4.468983996921472,True,0.9999994464786832,True,13.0,True
2027,B,1807,1780466820.0,True,149,config_error,12,False,0.0,9.0,0.0,4.468983109228281,True,0.5242624473588618,False,4.468983109228281,True,0.9999997123326742,True,9.0,True
2027,B,1808,1780466880.0,True,149,config_error,12,False,0.0,5.0,0.0,4.468566316825916,True,0.559012013844331,False,4.468566316825916,True,0.9999999507639026,True,5.0,True
2027,B,1809,1780466940.0,True,149,config_error,12,False,0.0,4.0,0.0,-0.7084714510441481,False,0.5184979153055445,False,-0.7084714510441481,False,0.2763559382375982,False,0.10664985179901124,False
2027,B,1810,1780467000.0,False,-1,,12,False,0.0,10.0,0.0,-1.5861361011967459,False,0.38053101549248125,False,-1.5861361011967459,False,0.28226841507490547,False,0.14494063854217532,False
2027,B,1811,1780467060.0,False,-1,,12,False,0.0,12.0,0.0,-1.1961100864032463,False,0.39983336099409583,False,-1.1961100864032463,False,0.28288267083732616,False,0.14092838764190674,False
2027,B,1812,1780467120.0,False,-1,,12,False,0.0,3.0,0.0,0.09689846446874384,False,0.54949880141952,False,0.09689846446874384,False,0.27264782655079933,False,0.1499950408935547,False
2027,B,1813,1780467180.0,False,-1,,12,False,0.0,4.0,0.0,-0.7963672389623992,False,0.4914424096285863,False,-0.7963672389623992,False,0.2763559382375982,False,0.10574929714202881,False
2027,B,1814,1780467240.0,False,-1,,12,False,0.0,5.0,0.0,-1.3840202049702839,False,0.43364798354760914,False,-1.3840202049702839,False,0.27842295783718024,False,0.12126893997192383,False
2027,B,1815,1780467300.0,False,-1,,12,False,0.0,4.0,0.0,-1.0203340105622418,False,0.49451131820439104,False,-1.0203340105622418,False,0.2763559382375982,False,0.1057417392730713,False
2027,B,1816,1780467360.0,False,-1,,12,False,0.0,10.0,0.0,-1.6018332070589043,False,0.3886866270177906,False,-1.6018332070589043,False,0.28226841507490547,False,0.1585052490234375,False
2027,B,1817,1780467420.0,False,-1,,12,False,0.0,14.0,0.0,-0.8408767686228265,False,0.4226598007584334,False,-0.8408767686228265,False,0.28331948112322897,False,0.17272458076477049,False
2027,B,1818,1780467480.0,False,-1,,12,False,0.0,3.0,0.0,-0.3650046471519719,False,0.5362116749908471,False,-0.3650046471519719,False,0.27264782655079933,False,0.11206736564636233,False
2027,B,1819,1780467540.0,False,-1,,12,False,0.0,8.0,0.0,-1.0420202691351337,False,0.41087782794345096,False,-1.0420202691351337,False,0.2813364848081088,False,0.11749706268310547,False
2027,B,1820,1780467600.0,False,-1,,12,False,0.0,7.0,0.0,-1.580857634270008,False,0.41111359521852137,False,-1.580857634270008,False,0.2806604384517065,False,0.16121792793273926,False
2027,B,1821,1780467660.0,True,150,resource_exhaustion,12,False,0.0,4.0,0.0,4.468984006654058,True,0.5999507153212174,False,4.468984006654058,True,0.2763559382375982,False,0.21753184795379638,False
2027,B,1822,1780467720.0,True,150,resource_exhaustion,12,False,1.0,7.0,0.0,4.468984006654058,True,0.7037154107047741,True,4.468984006654058,True,1.0,True,999999999.9999999,True
2027,B,1823,1780467780.0,True,150,resource_exhaustion,12,False,1.0,9.0,0.0,4.468984006654058,True,0.7079045303436071,True,4.468984006654058,True,1.0,True,999999999.9999999,True
2027,B,1824,1780467840.0,True,150,resource_exhaustion,12,False,0.0,8.0,0.0,4.468984006654058,True,0.5611770096801468,False,4.468984006654058,True,0.2813364848081088,False,0.22458984851837158,False
2027,B,1825,1780467900.0,False,-1,,12,False,0.0,11.0,0.0,-1.1139540524384843,False,0.38317077706437463,False,-1.1139540524384843,False,0.28260398880394816,False,0.1271226406097412,False
2027,B,1826,1780467960.0,False,-1,,12,False,0.0,7.0,0.0,-1.161711804793712,False,0.4141018274405859,False,-1.161711804793712,False,0.2806604384517065,False,0.15616168975830078,False
2027,B,1827,1780468020.0,False,-1,,12,False,0.0,3.0,0.0,0.2227364191707899,False,0.5595690120328072,False,0.2227364191707899,False,0.27264782655079933,False,0.16076154708862306,False
2027,B,1828,1780468080.0,False,-1,,12,False,0.0,6.0,0.0,-1.1545152841932875,False,0.4271575482456229,False,-1.1545152841932875,False,0.2797428676547323,False,0.15990006923675537,False
2027,B,1829,1780468140.0,False,-1,,12,False,0.0,9.0,0.0,-0.2862775269478721,False,0.4541913186253287,False,-0.2862775269478721,False,0.2818560700236856,False,0.19272727966308595,False
2027,B,1830,1780468200.0,False,-1,,12,False,1.0,7.0,0.0,0.08927195453416648,False,0.600527706476778,False,0.08927195453416648,False,2.3785794003218583e-06,False,0.13684535026550296,False
2027,B,1831,1780468260.0,False,-1,,12,False,0.0,6.0,0.0,-1.3764079479233278,False,0.4109291688732018,False,-1.3764079479233278,False,0.2797428676547323,False,0.14598822593688965,False
2027,B,1832,1780468320.0,True,151,permission_denied,12,False,0.0,6.0,0.0,3.5109221115089664,True,0.5029274868329161,False,3.5109221115089664,True,1.0,True,1.0,False
2027,B,1833,1780468380.0,True,151,permission_denied,12,False,0.0,8.0,0.0,4.429653063960108,True,0.5137414092473624,False,4.429653063960108,True,1.0,True,3.0,True
2027,B,1834,1780468440.0,True,151,permission_denied,12,False,0.0,10.0,0.0,4.4687201238074845,True,0.4897996177682287,False,4.4687201238074845,True,1.0,True,6.0,True
2027,B,1835,1780468500.0,True,151,permission_denied,12,False,0.0,12.0,0.0,4.4677895935500755,True,0.4990116348165485,False,4.4677895935500755,True,1.0,True,5.0,True
2027,B,1836,1780468560.0,True,151,permission_denied,12,False,0.0,9.0,0.0,3.362867381987532,True,0.4741718590258034,False,3.362867381987532,True,1.0,True,1.0,False
2027,B,1837,1780468620.0,False,-1,,12,False,0.0,6.0,0.0,-0.9252957252504856,False,0.4214848145736723,False,-0.9252957252504856,False,0.2797428676547323,False,0.11440742015838623,False
2027,B,1838,1780468680.0,False,-1,,12,False,0.0,10.0,0.0,-1.2585336352648318,False,0.3961275079663492,False,-1.2585336352648318,False,0.28226841507490547,False,0.16161959171295165,False
2027,B,1839,1780468740.0,False,-1,,12,False,0.0,7.0,0.0,-1.1264867417193951,False,0.4281990178868284,False,-1.1264867417193951,False,0.2806604384517065,False,0.16000175476074216,False
2027,B,1840,1780468800.0,False,-1,,12,False,0.0,6.0,0.0,-1.2072809993787095,False,0.4237628027745735,False,-1.2072809993787095,False,0.2797428676547323,False,0.16126251220703125,False
2027,B,1841,1780468860.0,False,-1,,12,False,0.0,7.0,0.0,-1.0948918231951508,False,0.42208981496019987,False,-1.0948918231951508,False,0.2806604384517065,False,0.15726542472839355,False
2027,B,1842,1780468920.0,False,-1,,12,False,0.0,8.0,0.0,-1.0469773636429993,False,0.40150281206254934,False,-1.0469773636429993,False,0.2813364848081088,False,0.13335702419281006,False
2027,B,1843,1780468980.0,False,-1,,12,False,0.0,7.0,0.0,-1.5177083378923886,False,0.4094324084029212,False,-1.5177083378923886,False,0.2806604384517065,False,0.13791518211364745,False
2027,B,1844,1780469040.0,False,-1,,12,False,0.0,8.0,0.0,-1.5873890655170353,False,0.3938824712467351,False,-1.5873890655170353,False,0.2813364848081088,False,0.14844110012054443,False
2027,B,1845,1780469100.0,True,152,resource_exhaustion,12,False,0.0,10.0,0.0,4.468984006654058,True,0.5176373385752198,False,4.468984006654058,True,0.28226841507490547,False,0.23549747467041016,False
2027,B,1846,1780469160.0,True,152,resource_exhaustion,12,False,0.0,6.0,0.0,4.468984006654058,True,0.5750176610953933,False,4.468984006654058,True,0.2797428676547323,False,0.2696348428726197,False
2027,B,1847,1780469220.0,True,152,resource_exhaustion,12,False,1.0,7.0,0.0,4.468984006654058,True,0.7034773888593308,True,4.468984006654058,True,1.0,True,999999999.9999999,True
2027,B,1848,1780469280.0,True,152,resource_exhaustion,12,False,1.0,12.0,0.0,4.468984006654058,True,0.7117893315849965,True,4.468984006654058,True,1.0,True,1999999999.9999998,True
2027,B,1849,1780469340.0,True,152,resource_exhaustion,12,False,1.0,6.0,0.0,4.468984006654058,True,0.661975904846318,False,4.468984006654058,True,1.1605728164070629e-06,False,0.17940826416015626,False
2027,B,1850,1780469400.0,False,-1,,12,False,0.0,11.0,0.0,-1.086042794736481,False,0.4126190229021752,False,-1.086042794736481,False,0.28260398880394816,False,0.17857408523559573,False
2027,B,1851,1780469460.0,False,-1,,12,False,0.0,10.0,0.0,0.6713872682935658,False,0.4687344970435014,False,0.6713872682935658,False,0.28226841507490547,False,0.18601853847503663,False
2027,B,1852,1780469520.0,False,-1,,12,False,0.0,5.0,0.0,3.2328083241068155,True,0.5048352097082833,False,3.2328083241068155,True,0.27842295783718024,False,0.14053916931152344,False
2027,B,1853,1780469580.0,False,-1,,12,False,0.0,8.0,0.0,-0.6956387982204175,False,0.4341346585793927,False,-0.6956387982204175,False,0.2813364848081088,False,0.19663794040679927,False
2027,B,1854,1780469640.0,False,-1,,12,False,0.0,7.0,0.0,-1.309169737469194,False,0.402287163790694,False,-1.309169737469194,False,0.2806604384517065,False,0.13289504051208495,False
2027,B,1855,1780469700.0,False,-1,,12,False,0.0,8.0,0.0,-1.352623334832975,False,0.4007615244341044,False,-1.352623334832975,False,0.2813364848081088,False,0.12694404125213624,False
2027,B,1856,1780469760.0,True,153,config_error,12,False,1.0,5.0,0.0,4.460269833054502,True,0.669105110077913,False,4.460269833054502,True,0.9999999579914578,True,2.0,True
2027,B,1857,1780469820.0,True,153,config_error,12,False,0.0,11.0,0.0,4.468982268551186,True,0.527240854743427,False,4.468982268551186,True,0.9999997653027171,True,9.0,True
2027,B,1858,1780469880.0,True,153,config_error,12,False,0.0,9.0,0.0,4.468772054121257,True,0.5155578431756009,False,4.468772054121257,True,0.999999932434159,True,6.0,True
2027,B,1859,1780469940.0,False,-1,,12,False,0.0,9.0,0.0,-1.0321303257666008,False,0.40257467561827814,False,-1.0321303257666008,False,0.2818560700236856,False,0.1499018669128418,False
2027,B,1860,1780470000.0,False,-1,,12,False,0.0,11.0,0.0,-1.1698777054383331,False,0.38131241202834765,False,-1.1698777054383331,False,0.28260398880394816,False,0.1310849189758301,False
2027,B,1861,1780470060.0,False,-1,,12,False,0.0,10.0,0.0,-0.819397758748841,False,0.38918628368126185,False,-0.819397758748841,False,0.28226841507490547,False,0.12512526512145997,False
2027,B,1862,1780470120.0,False,-1,,12,False,0.0,7.0,0.0,-0.9284860809397939,False,0.4380003424999095,False,-0.9284860809397939,False,0.2806604384517065,False,0.17385950088500976,False
2027,B,1863,1780470180.0,False,-1,,12,False,0.0,4.0,0.0,-1.3012700984181738,False,0.4706889070342654,False,-1.3012700984181738,False,0.2763559382375982,False,0.13875043392181396,False
2027,B,1864,1780470240.0,False,-1,,12,True,0.0,85.0,0.0,0.4033497480825101,False,0.6126976837720433,False,0.4033497480825101,False,0.28555762532604495,False,0.19863529205322267,False
2027,B,1865,1780470300.0,True,154,dependency_timeout,12,True,7.0,91.0,0.0,4.468984006654058,True,0.7527932284496226,True,4.468984006654058,True,1.0,True,6000000000.0,True
2027,B,1866,1780470360.0,True,154,dependency_timeout,12,True,2.0,33.0,0.0,4.468984006654058,True,0.7059841903205157,True,4.468984006654058,True,1.0,True,20.064390659332275,True
2027,B,1867,1780470420.0,True,154,dependency_timeout,12,False,0.0,10.0,0.0,4.468984006654058,True,0.5905035417053267,False,4.468984006654058,True,1.0,True,999999999.9999999,True
2027,B,1868,1780470480.0,True,154,dependency_timeout,12,False,0.0,10.0,0.0,4.468984006654058,True,0.5892021418326466,False,4.468984006654058,True,1.0,True,999999999.9999999,True
2027,B,1869,1780470540.0,False,-1,,12,False,0.0,6.0,0.0,-0.9797523402449695,False,0.43149202029413003,False,-0.9797523402449695,False,0.2797428676547323,False,0.11855530738830566,False
2027,B,1870,1780470600.0,False,-1,,12,False,0.0,6.0,0.0,-1.5690985692306256,False,0.4188136842170381,False,-1.5690985692306256,False,0.2797428676547323,False,0.1268519163131714,False
2027,B,1871,1780470660.0,False,-1,,12,False,0.0,10.0,0.0,-0.7989000354972626,False,0.42124244022914215,False,-0.7989000354972626,False,0.28226841507490547,False,0.16720776557922362,False
2027,B,1872,1780470720.0,False,-1,,12,False,0.0,11.0,0.0,-1.232636977381027,False,0.39001923515759035,False,-1.232636977381027,False,0.28260398880394816,False,0.12573623657226565,False
2027,B,1873,1780470780.0,False,-1,,12,False,0.0,7.0,0.0,-0.8940525151664174,False,0.41696538742782363,False,-0.8940525151664174,False,0.2806604384517065,False,0.11760907173156739,False
2027,B,1874,1780470840.0,False,-1,,12,False,0.0,9.0,0.0,-1.630013749451292,False,0.38297226257558553,False,-1.630013749451292,False,0.2818560700236856,False,0.14211626052856446,False
2027,B,1875,1780470900.0,False,-1,,12,False,0.0,12.0,0.0,-0.9887895257602572,False,0.41554857139423507,False,-0.9887895257602572,False,0.28288267083732616,False,0.13245244026184086,False
2027,B,1876,1780470960.0,False,-1,,12,False,0.0,7.0,0.0,-1.2413407625225847,False,0.4039338000058126,False,-1.2413407625225847,False,0.2806604384517065,False,0.13721170425415039,False
2027,B,1877,1780471020.0,False,-1,,12,False,0.0,10.0,0.0,-1.716492100711303,False,0.3894754699288617,False,-1.716492100711303,False,0.28226841507490547,False,0.16638879776000975,False
2027,B,1878,1780471080.0,False,-1,,12,False,0.0,10.0,0.0,-1.770073003851084,False,0.3840336840511474,False,-1.770073003851084,False,0.28226841507490547,False,0.16002371311187744,False
2027,B,1879,1780471140.0,False,-1,,12,False,0.0,10.0,0.0,-1.2013784483885193,False,0.3951100869197568,False,-1.2013784483885193,False,0.28226841507490547,False,0.15788614749908447,False
2027,B,1880,1780471200.0,True,155,resource_exhaustion,12,False,0.0,14.0,0.0,4.468984006654058,True,0.5086767977932554,False,4.468984006654058,True,0.28331948112322897,False,0.33236997127532947,False
2027,B,1881,1780471260.0,True,155,resource_exhaustion,12,False,3.0,14.0,0.0,4.468984006654058,True,0.7192449056339937,True,4.468984006654058,True,1.0,True,3000000000.0,True
2027,B,1882,1780471320.0,True,155,resource_exhaustion,12,False,0.0,8.0,0.0,4.468984006654058,True,0.5630786478478965,False,4.468984006654058,True,0.2813364848081088,False,0.24579339027404784,False
2027,B,1883,1780471380.0,True,155,resource_exhaustion,12,False,2.0,4.0,0.0,4.468984006654058,True,0.7458114191777975,True,4.468984006654058,True,1.0,True,1999999999.9999998,True
2027,B,1884,1780471440.0,True,155,resource_exhaustion,12,False,3.0,18.0,0.0,4.468984006654058,True,0.689227865888705,True,4.468984006654058,True,1.0,True,3000000000.0,True
2027,B,1885,1780471500.0,False,-1,,13,False,0.0,10.0,0.0,-1.7020151293677541,False,0.3926722784412433,False,-1.7020151293677541,False,0.28226841507490547,False,0.15489177703857424,False
2027,B,1886,1780471560.0,False,-1,,13,False,0.0,5.0,0.0,-1.3456232977990252,False,0.4404388220172818,False,-1.3456232977990252,False,0.27842295783718024,False,0.11922521591186525,False
2027,B,1887,1780471620.0,False,-1,,13,False,0.0,10.0,0.0,-1.3099992454792106,False,0.40742013671924426,False,-1.3099992454792106,False,0.28226841507490547,False,0.1760678768157959,False
2027,B,1888,1780471680.0,False,-1,,13,False,0.0,4.0,0.0,-0.9812347627890734,False,0.4833891761512947,False,-0.9812347627890734,False,0.2763559382375982,False,0.1570117712020874,False
2027,B,1889,1780471740.0,False,-1,,13,False,0.0,8.0,0.0,-0.9613386028457702,False,0.41937960434781574,False,-0.9613386028457702,False,0.2813364848081088,False,0.16023972034454345,False
2027,B,1890,1780471800.0,False,-1,,13,False,0.0,11.0,0.0,-1.5463360947493356,False,0.39159808751065217,False,-1.5463360947493356,False,0.28260398880394816,False,0.1698925495147705,False
2027,B,1891,1780471860.0,False,-1,,13,False,0.0,12.0,0.0,-1.3229314138405535,False,0.38036688549575925,False,-1.3229314138405535,False,0.28288267083732616,False,0.14480524063110353,False
2027,B,1892,1780471920.0,False,-1,,13,False,0.0,12.0,0.0,-1.2498912235201125,False,0.3808483881692353,False,-1.2498912235201125,False,0.28288267083732616,False,0.12922792434692382,False
2027,B,1893,1780471980.0,False,-1,,13,False,0.0,6.0,0.0,-0.9180527805305649,False,0.43649812897414625,False,-0.9180527805305649,False,0.2797428676547323,False,0.1468822956085205,False
2027,B,1894,1780472040.0,True,156,dependency_timeout,13,False,2.0,14.0,0.0,4.468984006654058,True,0.7033516654817065,True,4.468984006654058,True,1.0,True,20.031352186203,True
2027,B,1895,1780472100.0,True,156,dependency_timeout,13,False,0.0,11.0,0.0,4.468984006654058,True,0.5753954115142121,False,4.468984006654058,True,1.0,True,1999999999.9999998,True
2027,B,1896,1780472160.0,True,156,dependency_timeout,13,False,3.0,16.0,0.0,4.468984006654058,True,0.7020266296664427,True,4.468984006654058,True,1.0,True,999999999.9999999,True
2027,B,1897,1780472220.0,True,156,dependency_timeout,13,False,0.0,11.0,0.0,4.468984006654058,True,0.594384992206425,False,4.468984006654058,True,1.0,True,999999999.9999999,True
2027,B,1898,1780472280.0,False,-1,,13,False,0.0,12.0,0.0,-1.61930152325108,False,0.38564415355804565,False,-1.61930152325108,False,0.28288267083732616,False,0.16835885047912602,False
2027,B,1899,1780472340.0,False,-1,,13,False,0.0,14.0,0.0,-1.2703172422611049,False,0.38755100358503586,False,-1.2703172422611049,False,0.28331948112322897,False,0.16504583358764646,False
2027,B,1900,1780472400.0,False,-1,,13,False,0.0,12.0,0.0,-1.3722137574801403,False,0.38681983618863963,False,-1.3722137574801403,False,0.28288267083732616,False,0.13166542053222657,False
2027,B,1901,1780472460.0,False,-1,,13,False,0.0,9.0,0.0,-0.8853420278046507,False,0.41531784772804087,False,-0.8853420278046507,False,0.2818560700236856,False,0.15382623672485352,False
2027,B,1902,1780472520.0,False,-1,,13,False,0.0,14.0,0.0,-0.6173337066300908,False,0.4375313575718175,False,-0.6173337066300908,False,0.28331948112322897,False,0.1367028713226318,False
2027,B,1903,1780472580.0,False,-1,,13,False,0.0,11.0,0.0,-1.6947771999701065,False,0.3841876704353291,False,-1.6947771999701065,False,0.28260398880394816,False,0.15939712524414062,False
2027,B,1904,1780472640.0,False,-1,,13,False,0.0,12.0,0.0,-1.0970310767811737,False,0.38247743609282275,False,-1.0970310767811737,False,0.28288267083732616,False,0.13292291164398193,False
2027,B,1905,1780472700.0,True,157,config_error,13,False,0.0,16.0,0.0,4.468983840782303,True,0.5193125088064078,False,4.468983840782303,True,0.9999996587223833,True,11.0,True
2027,B,1906,1780472760.0,True,157,config_error,13,False,0.0,10.0,0.0,4.46897670155781,True,0.5253914805820487,False,4.46897670155781,True,0.9999998286902445,True,8.0,True
2027,B,1907,1780472820.0,True,157,config_error,13,False,0.0,13.0,0.0,4.4689840013711954,True,0.514885471823129,False,4.4689840013711954,True,0.9999993409306227,True,13.0,True
2027,B,1908,1780472880.0,True,157,config_error,13,False,0.0,10.0,0.0,4.468942613416809,True,0.5100804207654123,False,4.468942613416809,True,0.999999889925609,True,7.0,True
2027,B,1909,1780472940.0,False,-1,,13,False,0.0,10.0,0.0,-1.6142777164757973,False,0.3885746588904308,False,-1.6142777164757973,False,0.28226841507490547,False,0.15954060554504396,False
2027,B,1910,1780473000.0,False,-1,,13,False,0.0,10.0,0.0,-0.6979900425490069,False,0.4128294803164781,False,-0.6979900425490069,False,0.28226841507490547,False,0.13840625286102293,False
2027,B,1911,1780473060.0,False,-1,,13,False,0.0,13.0,0.0,-1.5851674005421232,False,0.3782283721988862,False,-1.5851674005421232,False,0.2831179908395116,False,0.15269699096679687,False
2027,B,1912,1780473120.0,False,-1,,13,False,0.0,17.0,0.0,-0.9905643304951353,False,0.4064271349995824,False,-0.9905643304951353,False,0.2837817646511713,False,0.15822124481201172,False
2027,B,1913,1780473180.0,False,-1,,13,False,0.0,14.0,0.0,-1.7524452508156934,False,0.37905228310016714,False,-1.7524452508156934,False,0.28331948112322897,False,0.15574734210968014,False
2027,B,1914,1780473240.0,False,-1,,13,False,0.0,12.0,0.0,-1.6423893040710933,False,0.38919780934150605,False,-1.6423893040710933,False,0.28288267083732616,False,0.15725235939025878,False
2027,B,1915,1780473300.0,False,-1,,13,False,0.0,15.0,0.0,-1.183955180890151,False,0.3811378372932999,False,-1.183955180890151,False,0.28349405466720345,False,0.14028587341308593,False
2027,B,1916,1780473360.0,False,-1,,13,False,0.0,7.0,0.0,0.18326665032917422,False,0.45894008757224536,False,0.18326665032917422,False,0.2806604384517065,False,0.13241834640502928,False
2027,B,1917,1780473420.0,False,-1,,13,False,0.0,9.0,0.0,-1.2459889898656966,False,0.38635206614611683,False,-1.2459889898656966,False,0.2818560700236856,False,0.13655319213867187,False
2027,B,1918,1780473480.0,False,-1,,13,False,0.0,4.0,0.0,-0.7300418431214055,False,0.4960941473359434,False,-0.7300418431214055,False,0.2763559382375982,False,0.14022953510284425,False
2027,B,1919,1780473540.0,True,158,dependency_timeout,13,False,1.0,13.0,0.0,4.468984006654058,True,0.6658193490810029,False,4.468984006654058,True,1.0,True,20.066584730148314,True
2027,B,1920,1780473600.0,True,158,dependency_timeout,13,False,0.0,12.0,0.0,4.468984006654058,True,0.5747380783844814,False,4.468984006654058,True,1.0,True,20.062941503524783,True
2027,B,1921,1780473660.0,True,158,dependency_timeout,13,False,1.0,11.0,0.0,4.468984006654058,True,0.700826365820826,True,4.468984006654058,True,1.0,True,1999999999.9999998,True
2027,B,1922,1780473720.0,True,158,dependency_timeout,13,False,0.0,7.0,0.0,-1.5494931775560454,False,0.40058122410313074,False,-1.5494931775560454,False,0.2806604384517065,False,0.1471495151519775,False
2027,B,1923,1780473780.0,False,-1,,13,False,0.0,7.0,0.0,-1.487188838138973,False,0.4216641440100493,False,-1.487188838138973,False,0.2806604384517065,False,0.14716577529907224,False
2027,B,1924,1780473840.0,False,-1,,13,False,0.0,15.0,0.0,-1.605728960407908,False,0.3732701836176756,False,-1.605728960407908,False,0.28349405466720345,False,0.15442585945129395,False
2027,B,1925,1780473900.0,False,-1,,13,False,0.0,8.0,0.0,-1.53818910227076,False,0.3950827564304705,False,-1.53818910227076,False,0.2813364848081088,False,0.13364508152008056,False
2027,B,1926,1780473960.0,False,-1,,13,False,0.0,14.0,0.0,-1.4246630531132682,False,0.3825177463213036,False,-1.4246630531132682,False,0.28331948112322897,False,0.15201218128204347,False
2027,B,1927,1780474020.0,False,-1,,13,False,0.0,15.0,0.0,-1.5925969222106264,False,0.3794154034880441,False,-1.5925969222106264,False,0.28349405466720345,False,0.16461787223815919,False
2027,B,1928,1780474080.0,False,-1,,13,False,0.0,15.0,0.0,-1.2324057874813272,False,0.4003097437334093,False,-1.2324057874813272,False,0.28349405466720345,False,0.18125791549682613,False
2027,B,1929,1780474140.0,False,-1,,13,False,0.0,9.0,0.0,-0.9572272068671861,False,0.41892535407344395,False,-0.9572272068671861,False,0.2818560700236856,False,0.1887204170227051,False
2027,B,1930,1780474200.0,False,-1,,13,False,0.0,13.0,0.0,-1.3369876342067268,False,0.3979423461870617,False,-1.3369876342067268,False,0.2831179908395116,False,0.19168558120727536,False
2027,B,1931,1780474260.0,False,-1,,13,False,0.0,12.0,0.0,-0.8766891159479178,False,0.3844064375538682,False,-0.8766891159479178,False,0.28288267083732616,False,0.13026642799377441,False
2027,B,1932,1780474320.0,True,159,resource_exhaustion,13,False,0.0,15.0,0.0,4.468984006515484,True,0.4564673625781443,False,4.468984006515484,True,0.28349405466720345,False,0.18936491012573242,False
2027,B,1933,1780474380.0,True,159,resource_exhaustion,13,False,3.0,12.0,0.0,4.468984006654058,True,0.724501518627385,True,4.468984006654058,True,1.0,True,3000000000.0,True
2027,B,1934,1780474440.0,True,159,resource_exhaustion,13,False,4.0,18.0,0.0,4.468984006654058,True,0.7114763700208403,True,4.468984006654058,True,1.0,True,3999999999.9999995,True
2027,B,1935,1780474500.0,True,159,resource_exhaustion,13,False,3.0,13.0,0.0,4.468984006654058,True,0.7179853637741087,True,4.468984006654058,True,1.0,True,3000000000.0,True
2027,B,1936,1780474560.0,False,-1,,13,False,0.0,12.0,0.0,-0.9747831883878328,False,0.4057126083613535,False,-0.9747831883878328,False,0.28288267083732616,False,0.177461051940918,False
2027,B,1937,1780474620.0,False,-1,,13,False,0.0,18.0,0.0,-0.9028525242715624,False,0.38295331131710686,False,-0.9028525242715624,False,0.28390181531234,False,0.13140518665313722,False
2027,B,1938,1780474680.0,False,-1,,13,False,0.0,14.0,0.0,-1.4269184183736252,False,0.3992448263190649,False,-1.4269184183736252,False,0.28331948112322897,False,0.13651747703552244,False
2027,B,1939,1780474740.0,False,-1,,13,False,0.0,16.0,0.0,-1.7105492685046606,False,0.3762869546650937,False,-1.7105492685046606,False,0.2836468492771186,False,0.1695777177810669,False
2027,B,1940,1780474800.0,False,-1,,13,False,0.0,16.0,0.0,1.161032841317427,False,0.5872473138663163,False,1.161032841317427,False,9.605589912428212e-05,False,1.0,False
2027,B,1941,1780474860.0,False,-1,,13,False,0.0,10.0,0.0,-1.3806290107996197,False,0.3871211327598242,False,-1.3806290107996197,False,0.28226841507490547,False,0.12682337760925294,False
2027,B,1942,1780474920.0,False,-1,,13,False,0.0,18.0,0.0,-1.0625895078249732,False,0.374150666536134,False,-1.0625895078249732,False,0.28390181531234,False,0.14886515140533446,False
2027,B,1943,1780474980.0,False,-1,,13,False,0.0,10.0,0.0,-1.5349762631562838,False,0.3850873631608825,False,-1.5349762631562838,False,0.28226841507490547,False,0.14984729290008544,False
2027,B,1944,1780475040.0,True,160,permission_denied,13,False,0.0,11.0,0.0,4.219390123757997,True,0.4745878491370001,False,4.219390123757997,True,1.0,True,2.0,True
2027,B,1945,1780475100.0,True,160,permission_denied,13,False,0.0,11.0,0.0,4.324601750035801,True,0.5007736589830822,False,4.324601750035801,True,1.0,True,2.0,True
2027,B,1946,1780475160.0,True,160,permission_denied,13,False,0.0,12.0,0.0,4.467804590670979,True,0.49861096035587477,False,4.467804590670979,True,1.0,True,5.0,True
2027,B,1947,1780475220.0,True,160,permission_denied,13,False,0.0,7.0,0.0,-0.23834143630571614,False,0.4747518133978217,False,-0.23834143630571614,False,0.2806604384517065,False,0.1228999614715576,False
2027,B,1948,1780475280.0,False,-1,,13,False,0.0,11.0,0.0,-1.7429662308386797,False,0.3865093653136093,False,-1.7429662308386797,False,0.28260398880394816,False,0.1673531532287598,False
2027,B,1949,1780475340.0,False,-1,,13,False,0.0,13.0,0.0,-0.006981753011300107,False,0.444081282360099,False,-0.006981753011300107,False,0.2831179908395116,False,0.1093849182128906,False
2027,B,1950,1780475400.0,False,-1,,13,False,0.0,12.0,0.0,-1.2834099085259867,False,0.389754499501959,False,-1.2834099085259867,False,0.28288267083732616,False,0.16678521633148194,False
2027,B,1951,1780475460.0,False,-1,,13,False,0.0,15.0,0.0,-1.743911752739276,False,0.3740348269419086,False,-1.743911752739276,False,0.28349405466720345,False,0.15715065002441406,False
2027,B,1952,1780475520.0,False,-1,,13,False,0.0,17.0,0.0,-1.2465642509615442,False,0.37735830679300114,False,-1.2465642509615442,False,0.2837817646511713,False,0.1633941650390625,False
2027,B,1953,1780475580.0,False,-1,,13,False,0.0,11.0,0.0,-1.658733123970629,False,0.3809806669446508,False,-1.658733123970629,False,0.28260398880394816,False,0.1569573879241943,False
2027,B,1954,1780475640.0,False,-1,,13,False,0.0,14.0,0.0,-1.4564386353479337,False,0.38207597534814436,False,-1.4564386353479337,False,0.28331948112322897,False,0.15160512924194336,False
2027,B,1955,1780475700.0,False,-1,,13,False,0.0,14.0,0.0,-0.6512407232092627,False,0.4148597614067791,False,-0.6512407232092627,False,0.28331948112322897,False,0.13382730484008787,False
2027,B,1956,1780475760.0,False,-1,,13,False,0.0,15.0,0.0,-1.5160125042077173,False,0.3823510543295608,False,-1.5160125042077173,False,0.28349405466720345,False,0.1749406337738037,False
2027,B,1957,1780475820.0,False,-1,,13,False,0.0,16.0,0.0,-1.2724300691904222,False,0.3932850056135898,False,-1.2724300691904222,False,0.2836468492771186,False,0.1350235939025879,False
2027,B,1958,1780475880.0,True,161,config_error,13,False,0.0,18.0,0.0,4.468649088088169,True,0.48198084340973274,False,4.468649088088169,True,0.9999999445300602,True,6.0,True
2027,B,1959,1780475940.0,True,161,config_error,13,False,0.0,13.0,0.0,4.468984001363124,True,0.5189916527067576,False,4.468984001363124,True,0.9999993409306227,True,13.0,True
2027,B,1960,1780476000.0,True,161,config_error,13,False,0.0,13.0,0.0,4.468983508954954,True,0.5219388113778644,False,4.468983508954954,True,0.9999997094597588,True,10.0,True
2027,B,1961,1780476060.0,True,161,config_error,13,False,1.0,20.0,0.0,4.46898400665214,True,0.6396552548737103,False,4.46898400665214,True,0.9999902571267354,True,17.0,True
2027,B,1962,1780476120.0,True,161,config_error,13,False,0.0,15.0,0.0,-1.3982803697628405,False,0.3905269144295681,False,-1.3982803697628405,False,0.28349405466720345,False,0.13398590087890624,False
2027,B,1963,1780476180.0,False,-1,,13,False,0.0,10.0,0.0,-1.2402470560754786,False,0.4201569720495656,False,-1.2402470560754786,False,0.28226841507490547,False,0.15018026828765868,False
2027,B,1964,1780476240.0,False,-1,,13,False,0.0,19.0,0.0,-0.9901379693036292,False,0.3677574230855671,False,-0.9901379693036292,False,0.2840093691312235,False,0.14320273399353028,False
2027,B,1965,1780476300.0,False,-1,,13,False,0.0,13.0,0.0,-1.2467542013727275,False,0.39568016902103004,False,-1.2467542013727275,False,0.2831179908395116,False,0.17643098831176754,False
2027,B,1966,1780476360.0,False,-1,,13,False,0.0,10.0,0.0,-1.4229064337386985,False,0.3813864363537238,False,-1.4229064337386985,False,0.28226841507490547,False,0.13964359760284423,False
2027,B,1967,1780476420.0,False,-1,,13,False,0.0,19.0,0.0,-1.6158613905225137,False,0.37038809617185525,False,-1.6158613905225137,False,0.2840093691312235,False,0.1749264717102051,False
2027,B,1968,1780476480.0,False,-1,,13,False,0.0,12.0,0.0,-1.2133956172328908,False,0.38501842520089635,False,-1.2133956172328908,False,0.28288267083732616,False,0.1473104000091553,False
2027,B,1969,1780476540.0,False,-1,,13,False,0.0,16.0,0.0,-1.63823864823211,False,0.37301302837895334,False,-1.63823864823211,False,0.2836468492771186,False,0.14987361431121826,False
2027,B,1970,1780476600.0,False,-1,,13,False,0.0,19.0,0.0,-1.2183615438829545,False,0.37136931263865525,False,-1.2183615438829545,False,0.2840093691312235,False,0.15999431610107423,False
2027,B,1971,1780476660.0,False,-1,,13,False,0.0,14.0,0.0,-1.355233699911584,False,0.3839432900071445,False,-1.355233699911584,False,0.28331948112322897,False,0.13737294673919676,False
2027,B,1972,1780476720.0,True,162,permission_denied,13,False,0.0,9.0,0.0,3.4808656316379905,True,0.4885366270235073,False,3.4808656316379905,True,1.0,True,1.0,False
2027,B,1973,1780476780.0,True,162,permission_denied,13,False,0.0,17.0,0.0,4.468980214802051,True,0.47890197928017364,False,4.468980214802051,True,1.0,True,9.0,True
2027,B,1974,1780476840.0,True,162,permission_denied,13,False,0.0,11.0,0.0,4.467925347636767,True,0.506101546541826,False,4.467925347636767,True,1.0,True,5.0,True
2027,B,1975,1780476900.0,True,162,permission_denied,13,False,0.0,9.0,0.0,4.242645681847768,True,0.49027276954692833,False,4.242645681847768,True,1.0,True,2.0,True
2027,B,1976,1780476960.0,True,162,permission_denied,13,False,0.0,21.0,0.0,4.468951938947784,True,0.5783328238399416,False,4.468951938947784,True,1.0,True,11.0,True
2027,B,1977,1780477020.0,False,-1,,13,False,0.0,13.0,0.0,-0.961397867604866,False,0.38468094635414796,False,-0.961397867604866,False,0.2831179908395116,False,0.1405759811401367,False
2027,B,1978,1780477080.0,False,-1,,13,False,0.0,17.0,0.0,-1.6973262254562274,False,0.37556176230732624,False,-1.6973262254562274,False,0.2837817646511713,False,0.1634291648864746,False
2027,B,1979,1780477140.0,False,-1,,13,False,0.0,13.0,0.0,-1.3710835863741089,False,0.39566761314184806,False,-1.3710835863741089,False,0.2831179908395116,False,0.14062376022338866,False
2027,B,1980,1780477200.0,False,-1,,13,False,0.0,18.0,0.0,-1.6081551082217702,False,0.3644125162221165,False,-1.6081551082217702,False,0.28390181531234,False,0.15672638416290283,False
2027,B,1981,1780477260.0,False,-1,,13,False,0.0,18.0,0.0,-0.9388059896815752,False,0.37889622037975856,False,-0.9388059896815752,False,0.28390181531234,False,0.138498854637146,False
2027,B,1982,1780477320.0,False,-1,,13,False,0.0,12.0,0.0,-1.217080203472566,False,0.3796826929613234,False,-1.217080203472566,False,0.28288267083732616,False,0.13351192474365237,False
2027,B,1983,1780477380.0,True,163,config_error,13,False,0.0,11.0,0.0,4.468948285984185,True,0.5267534360707741,False,4.468948285984185,True,0.9999998945008834,True,7.0,True
2027,B,1984,1780477440.0,True,163,config_error,13,False,0.0,13.0,0.0,4.468983874800918,True,0.5233188315822148,False,4.468983874800918,True,0.9999996170146764,True,11.0,True
2027,B,1985,1780477500.0,True,163,config_error,13,False,0.0,17.0,0.0,4.468984000513918,True,0.5044047212557715,False,4.468984000513918,True,0.9999993826544281,True,14.0,True
2027,B,1986,1780477560.0,False,-1,,13,False,0.0,8.0,0.0,-1.1066067543891673,False,0.42359682160302153,False,-1.1066067543891673,False,0.2813364848081088,False,0.18847692012786862,False
2027,B,1987,1780477620.0,False,-1,,13,False,0.0,15.0,0.0,-0.16325035015262657,False,0.3973225299459901,False,-0.16325035015262657,False,0.28349405466720345,False,0.11536531448364258,False
2027,B,1988,1780477680.0,False,-1,,13,False,0.0,14.0,0.0,-1.753852361689777,False,0.38003301945007645,False,-1.753852361689777,False,0.28331948112322897,False,0.1685246706008911,False
2027,B,1989,1780477740.0,False,-1,,13,False,0.0,19.0,0.0,-1.3122912396736952,False,0.37820599622303547,False,-1.3122912396736952,False,0.2840093691312235,False,0.17496914863586427,False
2027,B,1990,1780477800.0,False,-1,,13,False,0.0,12.0,0.0,-1.0940401607565002,False,0.4057335665420075,False,-1.0940401607565002,False,0.28288267083732616,False,0.1495156526565552,False
2027,B,1991,1780477860.0,False,-1,,13,False,0.0,13.0,0.0,-0.3774633941251988,False,0.5643798912445406,False,-0.3774633941251988,False,7.141581619014654e-05,False,1.0,False
2027,B,1992,1780477920.0,False,-1,,13,False,0.0,15.0,0.0,-0.70762637516511,False,0.39205158720345223,False,-0.70762637516511,False,0.28349405466720345,False,0.14530153274536134,False
2027,B,1993,1780477980.0,False,-1,,13,False,0.0,14.0,0.0,-0.8113417656711732,False,0.3929079003615999,False,-0.8113417656711732,False,0.28331948112322897,False,0.14477167129516602,False
2027,B,1994,1780478040.0,False,-1,,13,False,0.0,15.0,0.0,-0.5831897563527244,False,0.43812467713004444,False,-0.5831897563527244,False,0.28349405466720345,False,0.1355013370513916,False
2027,B,1995,1780478100.0,False,-1,,13,False,0.0,21.0,0.0,-1.3586269685965133,False,0.3735223822017117,False,-1.3586269685965133,False,0.2841941673899105,False,0.14143705368041992,False
2027,B,1996,1780478160.0,False,-1,,13,False,0.0,15.0,0.0,-1.5036228963833942,False,0.39091226906052623,False,-1.5036228963833942,False,0.28349405466720345,False,0.15826153755187986,False
2027,B,1997,1780478220.0,True,164,dependency_timeout,13,False,2.0,17.0,0.0,4.468984006654058,True,0.6954184662291889,True,4.468984006654058,True,1.0,True,999999999.9999999,True
2027,B,1998,1780478280.0,True,164,dependency_timeout,13,False,1.0,16.0,0.0,4.468984006654058,True,0.68342360496455,False,4.468984006654058,True,1.0,True,1999999999.9999998,True
2027,B,1999,1780478340.0,True,164,dependency_timeout,13,False,1.0,21.0,0.0,4.468984006654058,True,0.6685177084859325,False,4.468984006654058,True,1.0,True,999999999.9999999,True
2027,B,2000,1780478400.0,False,-1,,13,False,0.0,12.0,0.0,-1.5723482520822119,False,0.3786335379576026,False,-1.5723482520822119,False,0.28288267083732616,False,0.1424889087677002,False
2027,B,2001,1780478460.0,False,-1,,13,False,0.0,12.0,0.0,-1.411461514415854,False,0.39310856726171606,False,-1.411461514415854,False,0.28288267083732616,False,0.1786351442337036,False
2027,B,2002,1780478520.0,False,-1,,13,False,0.0,16.0,0.0,-0.8091035374765907,False,0.41579065348327177,False,-0.8091035374765907,False,0.2836468492771186,False,0.1526573896408081,False
2027,B,2003,1780478580.0,False,-1,,13,False,0.0,16.0,0.0,-1.6103742126497398,False,0.38918088196305767,False,-1.6103742126497398,False,0.2836468492771186,False,0.18764019012451172,False
2027,B,2004,1780478640.0,False,-1,,13,False,0.0,19.0,0.0,-1.6884375825620452,False,0.36201260987157485,False,-1.6884375825620452,False,0.2840093691312235,False,0.1595388889312744,False
2027,B,2005,1780478700.0,False,-1,,13,False,0.0,17.0,0.0,-0.9643959433299889,False,0.3872260422204174,False,-0.9643959433299889,False,0.2837817646511713,False,0.1553750991821289,False
2027,B,2006,1780478760.0,False,-1,,13,False,0.0,16.0,0.0,-0.36830231161570737,False,0.42685831332407215,False,-0.36830231161570737,False,0.2836468492771186,False,0.13323891162872312,False
2027,B,2007,1780478820.0,False,-1,,13,False,0.0,25.0,0.0,-1.1011744154786314,False,0.37363030470160574,False,-1.1011744154786314,False,0.2844765274040158,False,0.13864812850952146,False
2027,B,2008,1780478880.0,False,-1,,13,False,0.0,10.0,0.0,-0.8385627284440256,False,0.41253373005373883,False,-0.8385627284440256,False,0.28226841507490547,False,0.16708147525787354,False
2027,B,2009,1780478940.0,False,-1,,13,False,0.0,12.0,0.0,-1.6702464784664741,False,0.38059962982253603,False,-1.6702464784664741,False,0.28288267083732616,False,0.16238737106323245,False
2027,B,2010,1780479000.0,True,165,resource_exhaustion,13,False,1.0,19.0,0.0,4.468984006654058,True,0.6754062867491362,False,4.468984006654058,True,1.0,True,999999999.9999999,True
2027,B,2011,1780479060.0,True,165,resource_exhaustion,13,False,1.0,11.0,0.0,4.468984006654058,True,0.7118899871269031,True,4.468984006654058,True,1.0,True,999999999.9999999,True
2027,B,2012,1780479120.0,True,165,resource_exhaustion,13,False,6.0,19.0,0.0,4.468984006654058,True,0.7102241186385893,True,4.468984006654058,True,1.0,True,6000000000.0,True
2027,B,2013,1780479180.0,True,165,resource_exhaustion,13,False,1.0,11.0,0.0,4.468984006654058,True,0.6964666177855477,True,4.468984006654058,True,1.0,True,999999999.9999999,True
2027,B,2014,1780479240.0,False,-1,,13,False,0.0,20.0,0.0,-0.9137841815053145,False,0.40918470000082613,False,-0.9137841815053145,False,0.2841063125275758,False,0.22268927097320543,False
2027,B,2015,1780479300.0,False,-1,,13,False,0.0,13.0,0.0,0.1395300893176259,False,0.4460325406783143,False,0.1395300893176259,False,0.2831179908395116,False,0.17952451705932618,False
2027,B,2016,1780479360.0,False,-1,,13,False,0.0,23.0,0.0,-0.4262396144442162,False,0.4061930975967504,False,-0.4262396144442162,False,0.2843473600926415,False,0.15754942893981932,False
2027,B,2017,1780479420.0,False,-1,,13,False,0.0,21.0,0.0,-1.1725222342107848,False,0.37456276152573403,False,-1.1725222342107848,False,0.2841941673899105,False,0.17958927154541018,False
2027,B,2018,1780479480.0,False,-1,,13,False,0.0,19.0,0.0,-0.9662447858488168,False,0.38832463520981325,False,-0.9662447858488168,False,0.2840093691312235,False,0.15383343696594237,False
2027,B,2019,1780479540.0,False,-1,,13,False,1.0,23.0,0.0,-0.6291373401412717,False,0.5724251718500635,False,-0.6291373401412717,False,5.440276432631634e-05,False,0.16827683448791508,False
2027,B,2020,1780479600.0,False,-1,,13,False,0.0,16.0,0.0,-0.8230279875038589,False,0.4163800041466535,False,-0.8230279875038589,False,0.2836468492771186,False,0.13373577594757077,False
2027,B,2021,1780479660.0,False,-1,,13,False,0.0,25.0,0.0,-1.5083614961245724,False,0.3658100174335842,False,-1.5083614961245724,False,0.2844765274040158,False,0.17956972122192383,False
2027,B,2022,1780479720.0,True,166,resource_exhaustion,13,False,4.0,27.0,0.0,4.468984006654058,True,0.7009159552036481,True,4.468984006654058,True,1.0,True,6000000000.0,True
2027,B,2023,1780479780.0,True,166,resource_exhaustion,13,False,2.0,16.0,0.0,4.468984006654058,True,0.7038180603191729,True,4.468984006654058,True,1.0,True,999999999.9999999,True
2027,B,2024,1780479840.0,True,166,resource_exhaustion,13,False,2.0,25.0,0.0,4.468984006654058,True,0.7016288825342292,True,4.468984006654058,True,1.0,True,1999999999.9999998,True
2027,B,2025,1780479900.0,True,166,resource_exhaustion,13,False,4.0,17.0,0.0,4.468984006654058,True,0.7111133245351744,True,4.468984006654058,True,1.0,True,3999999999.9999995,True
2027,B,2026,1780479960.0,False,-1,,13,False,0.0,18.0,0.0,-1.5319780591704015,False,0.36604646543151426,False,-1.5319780591704015,False,0.28390181531234,False,0.15010063648223873,False
2027,B,2027,1780480020.0,False,-1,,13,False,0.0,20.0,0.0,-1.2151573101648543,False,0.37288444963850353,False,-1.2151573101648543,False,0.2841063125275758,False,0.1766279458999634,False
2027,B,2028,1780480080.0,False,-1,,13,True,1.0,154.0,0.0,0.17470909574538762,False,0.7174345882439782,True,0.17470909574538762,False,0.0007718581685356162,False,0.17200274467468263,False
2027,B,2029,1780480140.0,False,-1,,13,True,0.0,184.0,0.0,3.697557147063335,True,0.7460245817443881,True,3.697557147063335,True,0.06912118302927854,False,3.0,True
2027,B,2030,1780480200.0,False,-1,,13,True,0.0,54.0,0.0,0.7694783300684755,False,0.6295710690695528,False,0.7694783300684755,False,0.0004272904630011729,False,1.0,False
2027,B,2031,1780480260.0,False,-1,,13,False,0.0,17.0,0.0,-0.916290205032027,False,0.4155005914204116,False,-0.916290205032027,False,0.2837817646511713,False,0.13232088088989255,False
2027,B,2032,1780480320.0,False,-1,,13,False,0.0,22.0,0.0,-0.7926255990459348,False,0.37128118649924574,False,-0.7926255990459348,False,0.28427417542924155,False,0.1512967586517334,False
2027,B,2033,1780480380.0,False,-1,,13,False,0.0,18.0,0.0,-0.25753979623892675,False,0.4146510116597668,False,-0.25753979623892675,False,0.28390181531234,False,0.11369214057922365,False
2027,B,2034,1780480440.0,False,-1,,13,False,0.0,17.0,0.0,-1.4451504939376774,False,0.38456961738028145,False,-1.4451504939376774,False,0.2837817646511713,False,0.14227962493896484,False
2027,B,2035,1780480500.0,False,-1,,13,False,0.0,25.0,0.0,-1.2766387126786416,False,0.37468773730741056,False,-1.2766387126786416,False,0.2844765274040158,False,0.1917324066162109,False
2027,B,2036,1780480560.0,False,-1,,13,False,0.0,27.0,0.0,-0.23486129052635718,False,0.4068469664194196,False,-0.23486129052635718,False,0.2845869875261109,False,0.1875489234924316,False
2027,B,2037,1780480620.0,True,167,permission_denied,13,False,0.0,19.0,0.0,4.468982934125908,True,0.47579064003385685,False,4.468982934125908,True,1.0,True,10.0,True
2027,B,2038,1780480680.0,True,167,permission_denied,13,False,0.0,18.0,0.0,4.468678611131771,True,0.49849792446226804,False,4.468678611131771,True,1.0,True,6.0,True
2027,B,2039,1780480740.0,True,167,permission_denied,13,False,0.0,21.0,0.0,4.468983678617669,True,0.4776669046402885,False,4.468983678617669,True,1.0,True,11.0,True
2027,B,2040,1780480800.0,True,167,permission_denied,13,False,0.0,33.0,0.0,3.5107048469408486,True,0.47914225861981813,False,3.5107048469408486,True,1.0,True,1.0,False
2027,B,2041,1780480860.0,False,-1,,14,False,0.0,17.0,0.0,-1.0463776441215655,False,0.40020470549635634,False,-1.0463776441215655,False,0.2837817646511713,False,0.13187580108642577,False
2027,B,2042,1780480920.0,False,-1,,14,False,0.0,20.0,0.0,-0.5943153647863175,False,0.3884750591885681,False,-0.5943153647863175,False,0.2841063125275758,False,0.12327113151550292,False
2027,B,2043,1780480980.0,False,-1,,14,False,0.0,24.0,0.0,-1.288814136021097,False,0.38226718217240035,False,-1.288814136021097,False,0.28441457271463133,False,0.19592821598052979,False
2027,B,2044,1780481040.0,False,-1,,14,False,0.0,14.0,0.0,-1.6317832203188312,False,0.37840557284426896,False,-1.6317832203188312,False,0.28331948112322897,False,0.14687526226043698,False
2027,B,2045,1780481100.0,False,-1,,14,False,0.0,20.0,0.0,-0.694794743886824,False,0.3727507414614097,False,-0.694794743886824,False,0.2841063125275758,False,0.14155032634735107,False
2027,B,2046,1780481160.0,False,-1,,14,False,0.0,22.0,0.0,-1.2518523219966617,False,0.37727400098695646,False,-1.2518523219966617,False,0.28427417542924155,False,0.18411219120025632,False
2027,B,2047,1780481220.0,False,-1,,14,False,0.0,26.0,0.0,-1.0713132134918775,False,0.38577992763748253,False,-1.0713132134918775,False,0.28453382775325387,False,0.19761919975280762,False
2027,B,2048,1780481280.0,False,-1,,14,False,0.0,17.0,0.0,-1.7148126168203133,False,0.37212210211956614,False,-1.7148126168203133,False,0.2837817646511713,False,0.1728740692138672,False
2027,B,2049,1780481340.0,False,-1,,14,False,0.0,15.0,0.0,-1.1421060645498695,False,0.3792248772694432,False,-1.1421060645498695,False,0.28349405466720345,False,0.1335756778717041,False
2027,B,2050,1780481400.0,True,168,resource_exhaustion,14,False,0.0,21.0,0.0,4.468984006654058,True,0.5526383479876869,False,4.468984006654058,True,1.0,True,999999999.9999999,True
2027,B,2051,1780481460.0,True,168,resource_exhaustion,14,False,8.0,19.0,0.0,4.468984006654058,True,0.7129229978114521,True,4.468984006654058,True,1.0,True,7000000000.0,True
2027,B,2052,1780481520.0,True,168,resource_exhaustion,14,False,2.0,18.0,0.0,4.468984006654058,True,0.7104741423913118,True,4.468984006654058,True,1.0,True,3000000000.0,True
2027,B,2053,1780481580.0,True,168,resource_exhaustion,14,False,4.0,22.0,0.0,4.468984006654058,True,0.6953852211515161,True,4.468984006654058,True,1.0,True,3000000000.0,True
2027,B,2054,1780481640.0,False,-1,,14,False,0.0,20.0,0.0,-0.7057324927152537,False,0.37460964977087297,False,-0.7057324927152537,False,0.2841063125275758,False,0.14525825977325435,False
2027,B,2055,1780481700.0,False,-1,,14,False,0.0,19.0,0.0,-1.5659135854906774,False,0.3639576301201516,False,-1.5659135854906774,False,0.2840093691312235,False,0.15425615310668947,False
2027,B,2056,1780481760.0,False,-1,,14,False,0.0,19.0,0.0,-1.182991778252382,False,0.37227217760718734,False,-1.182991778252382,False,0.2840093691312235,False,0.13287105560302734,False
2027,B,2057,1780481820.0,False,-1,,14,False,0.0,23.0,0.0,-1.3884993748987604,False,0.3635658314018317,False,-1.3884993748987604,False,0.2843473600926415,False,0.15280208587646482,False
2027,B,2058,1780481880.0,False,-1,,14,False,0.0,15.0,0.0,-1.1495017437347341,False,0.3824890263088611,False,-1.1495017437347341,False,0.28349405466720345,False,0.13000273704528809,False
2027,B,2059,1780481940.0,False,-1,,14,False,0.0,20.0,0.0,-0.8177520156645581,False,0.39250805330790667,False,-0.8177520156645581,False,0.2841063125275758,False,0.1379441499710083,False
2027,B,2060,1780482000.0,False,-1,,14,False,0.0,16.0,0.0,-1.3127203975777535,False,0.37695247407377236,False,-1.3127203975777535,False,0.2836468492771186,False,0.1571044921875,False
2027,B,2061,1780482060.0,False,-1,,14,False,0.0,18.0,0.0,-1.3364673037356383,False,0.3704482902294536,False,-1.3364673037356383,False,0.28390181531234,False,0.14837059974670405,False
2027,B,2062,1780482120.0,True,169,config_error,14,False,0.0,16.0,0.0,4.4689225307397535,True,0.48654494341762444,False,4.4689225307397535,True,0.9999999064711705,True,7.0,True
2027,B,2063,1780482180.0,True,169,config_error,14,False,0.0,21.0,0.0,4.468984006414471,True,0.531673849419585,False,4.468984006414471,True,0.9999991262882495,True,17.0,True
2027,B,2064,1780482240.0,True,169,config_error,14,False,0.0,16.0,0.0,4.468984006474706,True,0.5233352010080259,False,4.468984006474706,True,0.9999990154483968,True,16.0,True
2027,B,2065,1780482300.0,True,169,config_error,14,False,0.0,20.0,0.0,4.468644664713449,True,0.46847465375902103,False,4.468644664713449,True,0.9999999454585836,True,6.0,True
2027,B,2066,1780482360.0,False,-1,,14,False,0.0,18.0,0.0,-1.4472202643325804,False,0.3744748178211484,False,-1.4472202643325804,False,0.28390181531234,False,0.14341497421264646,False
2027,B,2067,1780482420.0,False,-1,,14,False,0.0,15.0,0.0,-1.4376124178951635,False,0.39370588305767995,False,-1.4376124178951635,False,0.28349405466720345,False,0.13753809928894042,False
2027,B,2068,1780482480.0,False,-1,,14,False,1.0,22.0,0.0,-0.5624141418435666,False,0.5712778536260661,False,-0.5624141418435666,False,4.9800561536119454e-05,False,0.1366351842880249,False
2027,B,2069,1780482540.0,False,-1,,14,False,0.0,15.0,0.0,-1.37401754489525,False,0.39729415459250766,False,-1.37401754489525,False,0.28349405466720345,False,0.16638770103454587,False
2027,B,2070,1780482600.0,False,-1,,14,False,0.0,17.0,0.0,-1.761788182659986,False,0.37018419050445117,False,-1.761788182659986,False,0.2837817646511713,False,0.17226533889770507,False
2027,B,2071,1780482660.0,False,-1,,14,False,0.0,21.0,0.0,-1.4704961852390515,False,0.38303379671584953,False,-1.4704961852390515,False,0.2841941673899105,False,0.1936631202697754,False
2027,B,2072,1780482720.0,False,-1,,14,False,0.0,21.0,0.0,-1.3636786225274955,False,0.38634645503934517,False,-1.3636786225274955,False,0.2841941673899105,False,0.20236968994140625,False
2027,B,2073,1780482780.0,False,-1,,14,False,0.0,23.0,0.0,-1.244694717302533,False,0.36547662196058545,False,-1.244694717302533,False,0.2843473600926415,False,0.14648175239562988,False
2027,B,2074,1780482840.0,False,-1,,14,False,0.0,15.0,0.0,-0.8990529911561467,False,0.3943639948169402,False,-0.8990529911561467,False,0.28349405466720345,False,0.14933528900146484,False
2027,B,2075,1780482900.0,True,170,permission_denied,14,False,0.0,20.0,0.0,4.468656795466617,True,0.4820106790915818,False,4.468656795466617,True,1.0,True,6.0,True
2027,B,2076,1780482960.0,True,170,permission_denied,14,False,0.0,18.0,0.0,4.46898029741567,True,0.4853779776485769,False,4.46898029741567,True,1.0,True,9.0,True
2027,B,2077,1780483020.0,True,170,permission_denied,14,False,0.0,21.0,0.0,4.4689796193409,True,0.47439670946225265,False,4.4689796193409,True,1.0,True,9.0,True
2027,B,2078,1780483080.0,True,170,permission_denied,14,False,0.0,18.0,0.0,4.220749963874471,True,0.4791359672239672,False,4.220749963874471,True,1.0,True,2.0,True
2027,B,2079,1780483140.0,False,-1,,14,False,0.0,24.0,0.0,-0.8357168029104551,False,0.3859187071517353,False,-0.8357168029104551,False,0.28441457271463133,False,0.1392814874649048,False
2027,B,2080,1780483200.0,False,-1,,14,False,0.0,26.0,0.0,-0.6212955974350498,False,0.3765805012344615,False,-0.6212955974350498,False,0.28453382775325387,False,0.13163030147552493,False
2027,B,2081,1780483260.0,False,-1,,14,False,0.0,21.0,0.0,-1.240354193559023,False,0.3819701854404535,False,-1.240354193559023,False,0.2841941673899105,False,0.1498222351074219,False
2027,B,2082,1780483320.0,False,-1,,14,False,0.0,25.0,0.0,-1.4228110622993606,False,0.36517364751326137,False,-1.4228110622993606,False,0.2844765274040158,False,0.17666530609130848,False
2027,B,2083,1780483380.0,False,-1,,14,False,0.0,21.0,0.0,-0.8049404058013394,False,0.3823778724415788,False,-0.8049404058013394,False,0.2841941673899105,False,0.1359076499938965,False
2027,B,2084,1780483440.0,True,171,dependency_timeout,14,False,0.0,20.0,0.0,4.468984006654058,True,0.535778744203399,False,4.468984006654058,True,1.0,True,999999999.9999999,True
2027,B,2085,1780483500.0,True,171,dependency_timeout,14,False,3.0,20.0,0.0,4.468984006654058,True,0.6960635498951899,True,4.468984006654058,True,1.0,True,999999999.9999999,True
2027,B,2086,1780483560.0,True,171,dependency_timeout,14,False,0.0,27.0,0.0,4.468984006654058,True,0.5574901647476193,False,4.468984006654058,True,1.0,True,20.06236114501953,True
2027,B,2087,1780483620.0,True,171,dependency_timeout,14,False,0.0,15.0,0.0,4.468984006654058,True,0.5317367863682403,False,4.468984006654058,True,1.0,True,20.071482753753664,True
2027,B,2088,1780483680.0,False,-1,,14,False,0.0,19.0,0.0,-1.149430524511394,False,0.3757615656080414,False,-1.149430524511394,False,0.2840093691312235,False,0.16134071350097656,False
2027,B,2089,1780483740.0,False,-1,,14,False,0.0,19.0,0.0,-1.7011077197925983,False,0.3697763855679719,False,-1.7011077197925983,False,0.2840093691312235,False,0.17806859016418458,False
2027,B,2090,1780483800.0,False,-1,,14,False,0.0,23.0,0.0,-0.7576872385914228,False,0.41079336651897685,False,-0.7576872385914228,False,0.2843473600926415,False,0.19202871322631845,False
2027,B,2091,1780483860.0,False,-1,,14,False,0.0,20.0,0.0,-1.421936434717007,False,0.35898619815292904,False,-1.421936434717007,False,0.2841063125275758,False,0.15229785442352292,False
2027,B,2092,1780483920.0,False,-1,,14,False,0.0,10.0,0.0,-0.9398592442528004,False,0.39184006649111763,False,-0.9398592442528004,False,0.28226841507490547,False,0.13430182933807375,False
2027,B,2093,1780483980.0,False,-1,,14,True,0.0,148.0,0.0,1.4682170597416064,True,0.7166107552147156,True,1.4682170597416064,True,0.0011238632867894116,False,1.0,False
2027,B,2094,1780484040.0,False,-1,,14,True,0.0,221.0,0.0,1.36081067854131,True,0.7255956004899892,True,1.36081067854131,True,0.0015610178585975284,False,1.0,False
2027,B,2095,1780484100.0,False,-1,,14,True,0.0,99.0,0.0,1.626566954180512,True,0.699876367492277,True,1.626566954180512,True,0.0007840943173582851,False,1.0,False
2027,B,2096,1780484160.0,False,-1,,14,False,0.0,21.0,0.0,-0.5501317420791114,False,0.38718476849986644,False,-0.5501317420791114,False,0.2841941673899105,False,0.12005329132080078,False
2027,B,2097,1780484220.0,False,-1,,14,False,0.0,14.0,0.0,-1.4664074982269284,False,0.37977637707810774,False,-1.4664074982269284,False,0.28331948112322897,False,0.14694719314575194,False
2027,B,2098,1780484280.0,True,172,config_error,14,False,0.0,21.0,0.0,4.468984006618554,True,0.5100214642196613,False,4.468984006618554,True,0.9999988549636777,True,19.0,True
2027,B,2099,1780484340.0,True,172,config_error,14,False,0.0,29.0,0.0,4.468984006649462,True,0.5167623761087611,False,4.468984006649462,True,0.9999987051910352,True,22.0,True
2027,B,2100,1780484400.0,True,172,config_error,14,False,0.0,26.0,0.0,4.468673318215095,True,0.4854012104938602,False,4.468673318215095,True,0.9999999471492428,True,6.0,True
2027,B,2101,1780484460.0,False,-1,,14,False,0.0,22.0,0.0,-1.5141545120671225,False,0.36102969029177706,False,-1.5141545120671225,False,0.28504384712280056,False,0.1718548774719239,False
2027,B,2102,1780484520.0,False,-1,,14,False,0.0,24.0,0.0,-1.3878995272262422,False,0.36938959409903005,False,-1.3878995272262422,False,0.2836522378970227,False,0.18017978668212895,False
2027,B,2103,1780484580.0,False,-1,,14,False,0.0,25.0,0.0,-1.0266969527551755,False,0.39046269598043587,False,-1.0266969527551755,False,0.2844765274040158,False,0.2133628845214842,False
2027,B,2104,1780484640.0,False,-1,,14,False,0.0,14.0,0.0,-1.246316563504502,False,0.3834003258707461,False,-1.246316563504502,False,0.28331948112322897,False,0.13797142505645751,False
2027,B,2105,1780484700.0,False,-1,,14,False,0.0,19.0,0.0,-1.6855428210096086,False,0.3666762621836967,False,-1.6855428210096086,False,0.2840093691312235,False,0.17893037796020508,False
2027,B,2106,1780484760.0,False,-1,,14,False,0.0,20.0,0.0,-1.3198370017433882,False,0.3739143325309226,False,-1.3198370017433882,False,0.2841063125275758,False,0.18099305629730222,False
2027,B,2107,1780484820.0,True,173,permission_denied,14,False,0.0,25.0,0.0,4.467250150617284,True,0.4742520191595994,False,4.467250150617284,True,1.0,True,5.0,True
2027,B,2108,1780484880.0,True,173,permission_denied,14,False,0.0,18.0,0.0,4.467279744083687,True,0.48329686039776387,False,4.467279744083687,True,1.0,True,5.0,True
2027,B,2109,1780484940.0,True,173,permission_denied,14,False,0.0,29.0,0.0,4.4689836390393225,True,0.4799005315143527,False,4.4689836390393225,True,1.0,True,11.0,True
2027,B,2110,1780485000.0,False,-1,,14,False,0.0,24.0,0.0,-0.614737352233985,False,0.5489157740477614,False,-0.614737352233985,False,0.00016518174588927835,False,1.0,False
2027,B,2111,1780485060.0,False,-1,,14,False,0.0,22.0,0.0,-1.5864225690747968,False,0.3590675505854529,False,-1.5864225690747968,False,0.28427417542924155,False,0.16009459495544434,False
2027,B,2112,1780485120.0,False,-1,,14,False,0.0,24.0,0.0,-0.6603106891636683,False,0.37492255804433666,False,-0.6603106891636683,False,0.28441457271463133,False,0.13215153217315673,False
2027,B,2113,1780485180.0,False,-1,,14,False,0.0,24.0,0.0,-0.7319515195479793,False,0.3740315808863039,False,-0.7319515195479793,False,0.28441457271463133,False,0.15070681571960448,False
2027,B,2114,1780485240.0,False,-1,,14,False,0.0,17.0,0.0,-1.498741478793412,False,0.37091906210268766,False,-1.498741478793412,False,0.2837817646511713,False,0.14303216934204102,False
2027,B,2115,1780485300.0,False,-1,,14,False,0.0,18.0,0.0,-1.4452112513869917,False,0.3665183548858398,False,-1.4452112513869917,False,0.28390181531234,False,0.14587898254394527,False
2027,B,2116,1780485360.0,False,-1,,14,False,0.0,27.0,0.0,-0.9931417251854073,False,0.37395425407141003,False,-0.9931417251854073,False,0.2845869875261109,False,0.14253435134887696,False
2027,B,2117,1780485420.0,False,-1,,14,False,0.0,23.0,0.0,-1.1068627425709323,False,0.3834470619537075,False,-1.1068627425709323,False,0.2843473600926415,False,0.14125156402587893,False
2027,B,2118,1780485480.0,True,174,dependency_timeout,14,False,1.0,13.0,0.0,4.468984006654058,True,0.7249881335003923,True,4.468984006654058,True,1.0,True,999999999.9999999,True
2027,B,2119,1780485540.0,True,174,dependency_timeout,14,False,2.0,27.0,0.0,4.468984006654058,True,0.6935164353493763,True,4.468984006654058,True,1.0,True,1999999999.9999998,True
2027,B,2120,1780485600.0,True,174,dependency_timeout,14,False,2.0,27.0,0.0,4.468984006654058,True,0.6965022654119669,True,4.468984006654058,True,1.0,True,999999999.9999999,True
2027,B,2121,1780485660.0,True,174,dependency_timeout,14,False,0.0,27.0,0.0,4.468984006654058,True,0.5300279481234533,False,4.468984006654058,True,1.0,True,999999999.9999999,True
2027,B,2122,1780485720.0,False,-1,,14,False,0.0,21.0,0.0,-1.201924252007828,False,0.36925730270134544,False,-1.201924252007828,False,0.2841941673899105,False,0.14125061035156253,False
2027,B,2123,1780485780.0,False,-1,,14,False,0.0,24.0,0.0,-0.35578328725022246,False,0.3882682196471608,False,-0.35578328725022246,False,0.28441457271463133,False,0.15708396434783936,False
2027,B,2124,1780485840.0,False,-1,,14,False,0.0,24.0,0.0,-0.8465772409445957,False,0.39798740094065027,False,-0.8465772409445957,False,0.28441457271463133,False,0.13732511997222902,False
2027,B,2125,1780485900.0,False,-1,,14,False,0.0,14.0,0.0,-1.4053870199370815,False,0.38263534234489244,False,-1.4053870199370815,False,0.28331948112322897,False,0.14696140289306642,False
2027,B,2126,1780485960.0,False,-1,,14,False,0.0,24.0,0.0,-0.7889432193025208,False,0.3724824704539453,False,-0.7889432193025208,False,0.28441457271463133,False,0.13387668132781982,False
2027,B,2127,1780486020.0,False,-1,,14,False,0.0,22.0,0.0,-1.5906692151592807,False,0.3657581229857609,False,-1.5906692151592807,False,0.28427417542924155,False,0.1731451272964477,False
2027,B,2128,1780486080.0,True,175,dependency_timeout,14,False,3.0,20.0,0.0,4.468984006654058,True,0.6959990420426039,True,4.468984006654058,True,1.0,True,999999999.9999999,True
2027,B,2129,1780486140.0,True,175,dependency_timeout,14,False,0.0,23.0,0.0,4.468984006654058,True,0.5737202903775288,False,4.468984006654058,True,1.0,True,20.047675609588623,True
2027,B,2130,1780486200.0,True,175,dependency_timeout,14,False,1.0,21.0,0.0,4.468984006654058,True,0.6750025422048115,False,4.468984006654058,True,1.0,True,20.060404777526855,True
2027,B,2131,1780486260.0,False,-1,,14,False,0.0,31.0,0.0,-1.1664878783551629,False,0.3727961305994121,False,-1.1664878783551629,False,0.2847661702806276,False,0.16279220581054688,False
2027,B,2132,1780486320.0,False,-1,,14,False,0.0,20.0,0.0,-1.3942920177777163,False,0.38734184283603895,False,-1.3942920177777163,False,0.2841063125275758,False,0.18376820087432857,False
2027,B,2133,1780486380.0,False,-1,,14,False,0.0,31.0,0.0,-0.5416146074643944,False,0.5665055599743615,False,-0.5416146074643944,False,0.00022711999271655416,False,1.0,False
2027,B,2134,1780486440.0,False,-1,,14,False,0.0,24.0,0.0,-1.2676659610701977,False,0.3591707153665058,False,-1.2676659610701977,False,0.28441457271463133,False,0.15154588222503662,False
2027,B,2135,1780486500.0,False,-1,,14,False,0.0,19.0,0.0,-1.5006173199958273,False,0.38194375892851673,False,-1.5006173199958273,False,0.2840093691312235,False,0.19056668281555175,False
2027,B,2136,1780486560.0,False,-1,,14,False,0.0,22.0,0.0,-0.2727835614787306,False,0.5616612994393559,False,-0.2727835614787306,False,0.0001476255210219047,False,1.0,False
2027,B,2137,1780486620.0,False,-1,,14,False,0.0,25.0,0.0,-0.9266364285343744,False,0.38210985413735704,False,-0.9266364285343744,False,0.2844765274040158,False,0.13807296752929685,False
2027,B,2138,1780486680.0,True,176,resource_exhaustion,14,False,0.0,28.0,0.0,4.468984006654058,True,0.5561205811431468,False,4.468984006654058,True,1.0,True,999999999.9999999,True
2027,B,2139,1780486740.0,True,176,resource_exhaustion,14,False,5.0,24.0,0.0,4.468984006654058,True,0.707451258307111,True,4.468984006654058,True,1.0,True,6000000000.0,True
2027,B,2140,1780486800.0,True,176,resource_exhaustion,14,False,5.0,22.0,0.0,4.468984006654058,True,0.7041086172238413,True,4.468984006654058,True,1.0,True,3999999999.9999995,True
2027,B,2141,1780486860.0,True,176,resource_exhaustion,14,False,1.0,29.0,0.0,4.468984006654058,True,0.6866983796868741,True,4.468984006654058,True,1.0,True,1999999999.9999998,True
2027,B,2142,1780486920.0,False,-1,,14,False,0.0,18.0,0.0,-1.2508312589741992,False,0.39943882280704573,False,-1.2508312589741992,False,0.28390181531234,False,0.19238476753234857,False
2027,B,2143,1780486980.0,False,-1,,14,False,0.0,30.0,0.0,-1.0476925325239792,False,0.37397172624449604,False,-1.0476925325239792,False,0.2847257307483576,False,0.1463845729827881,False
2027,B,2144,1780487040.0,False,-1,,14,False,0.0,26.0,0.0,-1.4824210185502835,False,0.3629348723992294,False,-1.4824210185502835,False,0.28453382775325387,False,0.1615893840789795,False
2027,B,2145,1780487100.0,False,-1,,14,False,0.0,19.0,0.0,-1.3455282974095004,False,0.3835126656911995,False,-1.3455282974095004,False,0.2840093691312235,False,0.14079079627990723,False
2027,B,2146,1780487160.0,False,-1,,14,False,0.0,23.0,0.0,-0.6864964385500949,False,0.3746605831167746,False,-0.6864964385500949,False,0.2843473600926415,False,0.13551316261291504,False
2027,B,2147,1780487220.0,False,-1,,14,False,0.0,22.0,0.0,-1.3444775137665017,False,0.3687990512883602,False,-1.3444775137665017,False,0.28427417542924155,False,0.14192855358123777,False
2027,B,2148,1780487280.0,False,-1,,14,False,0.0,19.0,0.0,-1.0773916669522672,False,0.37392109254867395,False,-1.0773916669522672,False,0.2840093691312235,False,0.14283571243286133,False
2027,B,2149,1780487340.0,False,-1,,14,False,0.0,18.0,0.0,-0.8015076400015824,False,0.39432167520241784,False,-0.8015076400015824,False,0.28390181531234,False,0.13696420192718506,False
2027,B,2150,1780487400.0,False,-1,,14,False,0.0,19.0,0.0,-1.132365828737007,False,0.40031072467924794,False,-1.132365828737007,False,0.2840093691312235,False,0.19519224166870114,False
2027,B,2151,1780487460.0,False,-1,,14,False,0.0,27.0,0.0,-1.332971526747512,False,0.3748581137758202,False,-1.332971526747512,False,0.2845869875261109,False,0.16192116737365717,False
2027,B,2152,1780487520.0,True,177,config_error,14,False,0.0,35.0,0.0,4.424798387325367,True,0.4905645358386925,False,4.424798387325367,True,0.9999999957885572,True,3.0,True
2027,B,2153,1780487580.0,True,177,config_error,14,False,0.0,24.0,0.0,4.468984006647687,True,0.5139374652576228,False,4.468984006647687,True,0.9999986925046747,True,21.0,True
2027,B,2154,1780487640.0,True,177,config_error,14,False,0.0,26.0,0.0,4.468984006653601,True,0.5106929209032828,False,4.468984006653601,True,0.9999983174642583,True,24.0,True
2027,B,2155,1780487700.0,True,177,config_error,14,False,1.0,25.0,0.0,4.468984006554586,True,0.6179858248871024,False,4.468984006554586,True,0.9999937332120749,True,14.0,True
2027,B,2156,1780487760.0,False,-1,,14,False,0.0,35.0,0.0,-0.4295572150438387,False,0.41176875059885404,False,-0.4295572150438387,False,0.28490544893547115,False,0.1565824508666992,False
2027,B,2157,1780487820.0,False,-1,,14,False,0.0,25.0,0.0,-0.6108545561611978,False,0.37364926378058244,False,-0.6108545561611978,False,0.2844765274040158,False,0.16205377578735353,False
2027,B,2158,1780487880.0,False,-1,,14,False,0.0,27.0,0.0,-1.419021938970034,False,0.3639736683506779,False,-1.419021938970034,False,0.2845869875261109,False,0.16851272583007806,False
2027,B,2159,1780487940.0,False,-1,,14,False,0.0,28.0,0.0,-0.8841617372976973,False,0.3758985085690696,False,-0.8841617372976973,False,0.28463644685275474,False,0.13800680637359622,False
2027,B,2160,1780488000.0,False,-1,,14,False,0.0,18.0,0.0,-1.3485830887092458,False,0.3954099796000044,False,-1.3485830887092458,False,0.28390181531234,False,0.19156816005706773,False
2027,B,2161,1780488060.0,True,178,permission_denied,14,False,0.0,26.0,0.0,-0.9693125667138949,False,0.37649465383265845,False,-0.9693125667138949,False,0.28453382775325387,False,0.17800569534301758,False
2027,B,2162,1780488120.0,True,178,permission_denied,14,False,0.0,20.0,0.0,4.467669508529624,True,0.5001210875040576,False,4.467669508529624,True,1.0,True,5.0,True
2027,B,2163,1780488180.0,True,178,permission_denied,14,False,0.0,21.0,0.0,4.4671733839370305,True,0.4651603116386927,False,4.4671733839370305,True,1.0,True,5.0,True
2027,B,2164,1780488240.0,False,-1,,14,False,0.0,22.0,0.0,-1.4957164141649502,False,0.3590162773373771,False,-1.4957164141649502,False,0.28427417542924155,False,0.16462399959564208,False
2027,B,2165,1780488300.0,False,-1,,14,False,0.0,31.0,0.0,-0.7449253026084808,False,0.38286905167169116,False,-0.7449253026084808,False,0.2847661702806276,False,0.14774012565612793,False
2027,B,2166,1780488360.0,False,-1,,14,False,0.0,18.0,0.0,-1.25443271365139,False,0.3976822362978829,False,-1.25443271365139,False,0.28390181531234,False,0.19626576900482168,False
2027,B,2167,1780488420.0,False,-1,,14,True,0.0,36.0,0.0,-0.7401844271915108,False,0.4210107574306045,False,-0.7401844271915108,False,0.2849355722416572,False,0.1653749942779541,False
2027,B,2168,1780488480.0,False,-1,,14,True,0.0,250.0,0.0,0.19616906710388093,False,0.6842100592967594,False,0.19616906710388093,False,0.2858620893678654,False,0.17239832878112785,False
2027,B,2169,1780488540.0,False,-1,,14,True,0.0,227.0,0.0,0.3048002025848229,False,0.6892120034788137,True,0.3048002025848229,False,0.2858473487060329,False,0.16475367546081546,False
2027,B,2170,1780488600.0,False,-1,,14,False,0.0,28.0,0.0,-0.9816188827187267,False,0.3796624333582689,False,-0.9816188827187267,False,0.28463644685275474,False,0.1552645206451416,False
2027,B,2171,1780488660.0,False,-1,,14,False,0.0,26.0,0.0,-0.7031200441595233,False,0.41750793757097865,False,-0.7031200441595233,False,0.28453382775325387,False,0.21226286888122559,False
2027,B,2172,1780488720.0,False,-1,,14,False,0.0,23.0,0.0,-1.0068670407175917,False,0.37297390315146595,False,-1.0068670407175917,False,0.2843473600926415,False,0.13263535499572754,False
2027,B,2173,1780488780.0,True,179,resource_exhaustion,14,False,0.0,22.0,0.0,4.468984006654057,True,0.43941775754935475,False,4.468984006654057,True,0.28427417542924155,False,0.19231655597686764,False
2027,B,2174,1780488840.0,True,179,resource_exhaustion,14,False,3.0,28.0,0.0,4.468984006654058,True,0.7018691175873992,True,4.468984006654058,True,1.0,True,3999999999.9999995,True
2027,B,2175,1780488900.0,True,179,resource_exhaustion,14,False,2.0,21.0,0.0,4.468984006654058,True,0.695087084083054,True,4.468984006654058,True,1.0,True,1999999999.9999998,True
2027,B,2176,1780488960.0,True,179,resource_exhaustion,14,False,6.0,29.0,0.0,4.468984006654058,True,0.7034550555555898,True,4.468984006654058,True,1.0,True,6000000000.0,True
2027,B,2177,1780489020.0,False,-1,,15,False,1.0,29.0,0.0,-0.5069296589040055,False,0.5911306404771156,False,-0.5069296589040055,False,8.404180132836849e-05,False,0.14699172973632812,False
2027,B,2178,1780489080.0,False,-1,,15,False,0.0,33.0,0.0,-0.6462496544119132,False,0.3937054202817352,False,-0.6462496544119132,False,0.28483990265687403,False,0.15642080307006834,False
2027,B,2179,1780489140.0,False,-1,,15,False,0.0,26.0,0.0,-0.9112284741330843,False,0.37233463900194663,False,-0.9112284741330843,False,0.28453382775325387,False,0.1586705446243286,False
2027,B,2180,1780489200.0,False,-1,,15,False,0.0,22.0,0.0,-1.369927707203919,False,0.36715766222320584,False,-1.369927707203919,False,0.28427417542924155,False,0.14489765167236326,False
2027,B,2181,1780489260.0,False,-1,,15,False,0.0,17.0,0.0,-0.5643010848259742,False,0.42042703161275835,False,-0.5643010848259742,False,0.2837817646511713,False,0.23716201782226562,False
2027,B,2182,1780489320.0,False,-1,,15,False,0.0,25.0,0.0,-1.302635752951292,False,0.35945391287473755,False,-1.302635752951292,False,0.2844765274040158,False,0.15941848754882812,False
2027,B,2183,1780489380.0,False,-1,,15,False,0.0,25.0,0.0,-1.2427048764699524,False,0.3613303382822115,False,-1.2427048764699524,False,0.2844765274040158,False,0.1459609031677246,False
2027,B,2184,1780489440.0,False,-1,,15,False,0.0,25.0,0.0,-1.0821909022753253,False,0.36909522256324123,False,-1.0821909022753253,False,0.2844765274040158,False,0.17295465469360352,False
2027,B,2185,1780489500.0,False,-1,,15,False,0.0,23.0,0.0,-1.2240634641033887,False,0.36235901414452515,False,-1.2240634641033887,False,0.2843473600926415,False,0.14342894554138183,False
2027,B,2186,1780489560.0,False,-1,,15,False,0.0,16.0,0.0,-1.6095203740822894,False,0.37086077015384933,False,-1.6095203740822894,False,0.2836468492771186,False,0.1536870002746582,False
2027,B,2187,1780489620.0,True,180,dependency_timeout,15,False,1.0,33.0,0.0,4.468984006654058,True,0.6715437820562686,False,4.468984006654058,True,1.0,True,20.04783344268799,True
2027,B,2188,1780489680.0,True,180,dependency_timeout,15,False,0.0,26.0,0.0,4.468984006654058,True,0.5641711767250515,False,4.468984006654058,True,1.0,True,999999999.9999999,True
2027,B,2189,1780489740.0,True,180,dependency_timeout,15,False,2.0,25.0,0.0,4.468984006654058,True,0.6855840448671477,False,4.468984006654058,True,1.0,True,1999999999.9999998,True
2027,B,2190,1780489800.0,True,180,dependency_timeout,15,False,1.0,20.0,0.0,4.468984006654058,True,0.6102905128884137,False,4.468984006654058,True,1.0,True,1999999999.9999998,True
2027,B,2191,1780489860.0,False,-1,,15,False,0.0,30.0,0.0,-0.5338102486062208,False,0.3847023494823992,False,-0.5338102486062208,False,0.2847257307483576,False,0.1619410514831543,False
2027,B,2192,1780489920.0,False,-1,,15,False,0.0,23.0,0.0,-1.3906477937883137,False,0.3656576204867132,False,-1.3906477937883137,False,0.2843473600926415,False,0.1694248199462891,False
2027,B,2193,1780489980.0,False,-1,,15,False,0.0,39.0,0.0,-0.831705183596279,False,0.4276404715479081,False,-0.831705183596279,False,0.2850169472102008,False,0.16825275421142574,False
2027,B,2194,1780490040.0,False,-1,,15,False,0.0,25.0,0.0,-1.2628643232979657,False,0.37357930935048733,False,-1.2628643232979657,False,0.2844765274040158,False,0.16842994689941404,False
2027,B,2195,1780490100.0,False,-1,,15,False,0.0,33.0,0.0,-0.8797615843208675,False,0.40022856502233045,False,-0.8797615843208675,False,0.28483990265687403,False,0.17169504165649413,False
2027,B,2196,1780490160.0,False,-1,,15,False,0.0,33.0,0.0,-0.8824768996838745,False,0.41844849702312586,False,-0.8824768996838745,False,0.28483990265687403,False,0.19806814193725583,False
2027,B,2197,1780490220.0,False,-1,,15,False,0.0,33.0,0.0,-0.059143750204894374,False,0.429926990213105,False,-0.059143750204894374,False,0.28483990265687403,False,0.1705153465270996,False
2027,B,2198,1780490280.0,False,-1,,15,False,0.0,30.0,0.0,-0.8756823542101158,False,0.39606813623921155,False,-0.8756823542101158,False,0.2847257307483576,False,0.14375271797180175,False
2027,B,2199,1780490340.0,False,-1,,15,False,1.0,20.0,0.0,-0.6803114433186375,False,0.5732780789425909,False,-0.6803114433186375,False,4.096306377131724e-05,False,0.15724670886993405,False
2027,B,2200,1780490400.0,True,181,dependency_timeout,15,False,0.0,28.0,0.0,4.468984006654058,True,0.5359210766575745,False,4.468984006654058,True,1.0,True,20.047205686569214,True
2027,B,2201,1780490460.0,True,181,dependency_timeout,15,False,1.0,23.0,0.0,4.468984006654058,True,0.6770702921084147,False,4.468984006654058,True,1.0,True,999999999.9999999,True
2027,B,2202,1780490520.0,True,181,dependency_timeout,15,False,2.0,30.0,0.0,4.468984006654058,True,0.6895858926633771,True,4.468984006654058,True,1.0,True,3000000000.0,True
2027,B,2203,1780490580.0,True,181,dependency_timeout,15,False,3.0,23.0,0.0,4.468984006654058,True,0.693426948861862,True,4.468984006654058,True,1.0,True,1999999999.9999998,True
2027,B,2204,1780490640.0,False,-1,,15,False,0.0,27.0,0.0,-0.4854314708410312,False,0.5523179305568205,False,-0.4854314708410312,False,0.0001916755188397717,False,1.0,False
2027,B,2205,1780490700.0,False,-1,,15,False,0.0,32.0,0.0,-1.2257602191169186,False,0.3810536257513567,False,-1.2257602191169186,False,0.2848041541702264,False,0.17622847557067875,False
2027,B,2206,1780490760.0,False,-1,,15,False,0.0,33.0,0.0,-0.8523082525009462,False,0.38477011889924845,False,-0.8523082525009462,False,0.28483990265687403,False,0.1482635498046875,False
2027,B,2207,1780490820.0,False,-1,,15,False,0.0,27.0,0.0,-0.5003661219081357,False,0.5540495392446468,False,-0.5003661219081357,False,0.00019368366309707014,False,1.0,False
2027,B,2208,1780490880.0,False,-1,,15,False,0.0,24.0,0.0,-0.8212537135088454,False,0.37393840743291784,False,-0.8212537135088454,False,0.2836522378970227,False,0.16075782775878905,False
2027,B,2209,1780490940.0,True,182,resource_exhaustion,15,False,0.0,30.0,0.0,0.050793451054985894,False,0.565762229300784,False,0.050793451054985894,False,0.00021825618884495812,False,1.0,False
2027,B,2210,1780491000.0,True,182,resource_exhaustion,15,False,1.0,17.0,0.0,4.468984006654058,True,0.6944638449709928,True,4.468984006654058,True,1.0,True,1999999999.9999998,True
2027,B,2211,1780491060.0,True,182,resource_exhaustion,15,False,2.0,23.0,0.0,4.468984006654058,True,0.7002434034354955,True,4.468984006654058,True,1.0,True,1999999999.9999998,True
2027,B,2212,1780491120.0,True,182,resource_exhaustion,15,False,4.0,23.0,0.0,4.468984006654058,True,0.7055392394059696,True,4.468984006654058,True,1.0,True,5000000000.0,True
2027,B,2213,1780491180.0,True,182,resource_exhaustion,15,False,4.0,23.0,0.0,4.468984006654058,True,0.7029130210340413,True,4.468984006654058,True,1.0,True,3000000000.0,True
2027,B,2214,1780491240.0,False,-1,,15,False,0.0,21.0,0.0,-0.7241330005539393,False,0.37309411785235874,False,-0.7241330005539393,False,0.2841941673899105,False,0.13318729400634768,False
2027,B,2215,1780491300.0,False,-1,,15,False,0.0,24.0,0.0,-1.2383694887799956,False,0.3706327291887018,False,-1.2383694887799956,False,0.28441457271463133,False,0.17597110271453859,False
2027,B,2216,1780491360.0,False,-1,,15,False,0.0,30.0,0.0,-0.8642781187980884,False,0.3881769299959311,False,-0.8642781187980884,False,0.2847257307483576,False,0.13865413665771484,False
2027,B,2217,1780491420.0,False,-1,,15,False,0.0,38.0,0.0,-0.7446000831237534,False,0.4551738073290174,False,-0.7446000831237534,False,0.2849912051575958,False,0.18327472209930426,False
2027,B,2218,1780491480.0,False,-1,,15,False,0.0,33.0,0.0,-0.843357434434151,False,0.38705060829360327,False,-0.843357434434151,False,0.28483990265687403,False,0.14818305969238282,False
2027,B,2219,1780491540.0,True,183,config_error,15,False,0.0,22.0,0.0,4.468966659697118,True,0.4691102509472893,False,4.468966659697118,True,0.9999998703514216,True,8.0,True
2027,B,2220,1780491600.0,True,183,config_error,15,False,0.0,33.0,0.0,4.468984006654055,True,0.5181239039773019,False,4.468984006654055,True,0.9999975470346555,True,31.0,True
2027,B,2221,1780491660.0,True,183,config_error,15,False,0.0,27.0,0.0,4.46898400665233,True,0.4894877127285224,False,4.46898400665233,True,0.9999985230543578,True,23.0,True
2027,B,2222,1780491720.0,True,183,config_error,15,False,0.0,33.0,0.0,4.468984006654056,True,0.5501075872133766,False,4.468984006654056,True,0.9999975470346555,True,31.0,True
2027,B,2223,1780491780.0,True,183,config_error,15,False,0.0,25.0,0.0,4.226653560782464,True,0.45821215439175583,False,4.226653560782464,True,0.999999999471856,True,2.0,True
2027,B,2224,1780491840.0,False,-1,,15,False,1.0,34.0,0.0,-0.26343333972974836,False,0.582122569595655,False,-0.26343333972974836,False,0.0001106740110616095,False,0.16122934818267826,False
2027,B,2225,1780491900.0,False,-1,,15,False,0.0,27.0,0.0,-1.2257385809165156,False,0.36300545937906487,False,-1.2257385809165156,False,0.2845869875261109,False,0.15740957260131835,False
2027,B,2226,1780491960.0,False,-1,,15,False,0.0,31.0,0.0,-0.7386468803579147,False,0.3824952633946711,False,-0.7386468803579147,False,0.2847661702806276,False,0.15902018547058103,False
2027,B,2227,1780492020.0,False,-1,,15,False,0.0,32.0,0.0,-0.38611551093739305,False,0.4277249825222663,False,-0.38611551093739305,False,0.2848041541702264,False,0.1543224811553955,False
2027,B,2228,1780492080.0,False,-1,,15,False,0.0,26.0,0.0,-0.6063853473168548,False,0.3821208538818361,False,-0.6063853473168548,False,0.28453382775325387,False,0.16592442989349365,False
2027,B,2229,1780492140.0,False,-1,,15,False,0.0,31.0,0.0,-1.2750415256128358,False,0.3778225186492541,False,-1.2750415256128358,False,0.2847661702806276,False,0.17835283279418945,False
2027,B,2230,1780492200.0,False,-1,,15,False,0.0,26.0,0.0,-0.9308352805263169,False,0.3769001932600038,False,-0.9308352805263169,False,0.28453382775325387,False,0.1635831594467163,False
2027,B,2231,1780492260.0,False,-1,,15,False,0.0,32.0,0.0,-1.22460466939072,False,0.38301274369246024,False,-1.22460466939072,False,0.2848041541702264,False,0.17100317478179933,False
2027,B,2232,1780492320.0,False,-1,,15,False,0.0,18.0,0.0,-0.6517833762889813,False,0.4034575851182018,False,-0.6517833762889813,False,0.28390181531234,False,0.13122956752777098,False
2027,B,2233,1780492380.0,True,184,permission_denied,15,False,0.0,36.0,0.0,4.467403659130986,True,0.5060746811095373,False,4.467403659130986,True,1.0,True,5.0,True
2027,B,2234,1780492440.0,True,184,permission_denied,15,False,0.0,36.0,0.0,4.468984002002094,True,0.49802095879956493,False,4.468984002002094,True,1.0,True,15.0,True
2027,B,2235,1780492500.0,True,184,permission_denied,15,False,0.0,45.0,0.0,4.468967098192435,True,0.5465726712984152,False,4.468967098192435,True,1.0,True,8.0,True
2027,B,2236,1780492560.0,False,-1,,15,False,0.0,28.0,0.0,-0.401826090128826,False,0.5544669991597001,False,-0.401826090128826,False,0.00020053095179583763,False,1.0,False
2027,B,2237,1780492620.0,False,-1,,15,False,0.0,19.0,0.0,-1.473071667757214,False,0.3671501974645331,False,-1.473071667757214,False,0.2840093691312235,False,0.17299256324768067,False
2027,B,2238,1780492680.0,False,-1,,15,False,0.0,36.0,0.0,-0.3007626637027059,False,0.4488687329930475,False,-0.3007626637027059,False,0.2849355722416572,False,0.21886146068572987,False
2027,B,2239,1780492740.0,False,-1,,15,False,0.0,34.0,0.0,-0.3912458638398668,False,0.415261677457499,False,-0.3912458638398668,False,0.28487361015134033,False,0.18599717617034917,False
2027,B,2240,1780492800.0,False,-1,,15,False,0.0,17.0,0.0,2.9497623572233245,True,0.611788783694878,False,2.9497623572233245,True,0.0045845290254503705,False,2.0,True
2027,B,2241,1780492860.0,False,-1,,15,False,0.0,30.0,0.0,-0.7761157654702098,False,0.377900665144946,False,-0.7761157654702098,False,0.2847257307483576,False,0.1479687213897705,False
2027,B,2242,1780492920.0,False,-1,,15,False,0.0,29.0,0.0,-1.3055268735198942,False,0.3710977286630613,False,-1.3055268735198942,False,0.28468258503274285,False,0.16016445159912107,False
2027,B,2243,1780492980.0,True,185,resource_exhaustion,15,False,0.0,20.0,0.0,4.468984006654058,True,0.5967299227118668,False,4.468984006654058,True,1.0,True,3000000000.0,True
2027,B,2244,1780493040.0,True,185,resource_exhaustion,15,False,8.0,26.0,0.0,4.468984006654058,True,0.7051326238761867,True,4.468984006654058,True,1.0,True,5000000000.0,True
2027,B,2245,1780493100.0,True,185,resource_exhaustion,15,False,2.0,28.0,0.0,4.468984006654058,True,0.7011571663609529,True,4.468984006654058,True,1.0,True,3000000000.0,True
2027,B,2246,1780493160.0,False,-1,,15,False,1.0,36.0,0.0,-0.11216359797947106,False,0.5971546069721944,False,-0.11216359797947106,False,0.00012166786283123167,False,0.19337904453277577,False
2027,B,2247,1780493220.0,False,-1,,15,False,0.0,25.0,0.0,-0.9827120934307114,False,0.3890204450571118,False,-0.9827120934307114,False,0.2844765274040158,False,0.14030895233154295,False
2027,B,2248,1780493280.0,False,-1,,15,False,0.0,24.0,0.0,-0.9347328305377784,False,0.39237551617831,False,-0.9347328305377784,False,0.28441457271463133,False,0.2004367589950561,False
2027,B,2249,1780493340.0,False,-1,,15,False,0.0,29.0,0.0,-1.2023689533296054,False,0.36981327324417773,False,-1.2023689533296054,False,0.28468258503274285,False,0.15299577713012696,False
2027,B,2250,1780493400.0,False,-1,,15,False,0.0,25.0,0.0,-1.5113679883001545,False,0.3619724574758861,False,-1.5113679883001545,False,0.2844765274040158,False,0.1730735778808593,False
2027,B,2251,1780493460.0,False,-1,,15,False,0.0,23.0,0.0,-1.3568568276929618,False,0.37242503642469177,False,-1.3568568276929618,False,0.2843473600926415,False,0.14941749572753907,False
2027,B,2252,1780493520.0,False,-1,,15,False,0.0,27.0,0.0,-1.1163775245845606,False,0.37539584093035583,False,-1.1163775245845606,False,0.2845869875261109,False,0.18017821311950677,False
2027,B,2253,1780493580.0,False,-1,,15,False,0.0,19.0,0.0,-0.7540183683190591,False,0.3768219823521951,False,-0.7540183683190591,False,0.2840093691312235,False,0.1246180534362793,False
2027,B,2254,1780493640.0,True,186,resource_exhaustion,15,False,0.0,28.0,0.0,4.468984006654058,True,0.5423232084486918,False,4.468984006654058,True,1.0,True,999999999.9999999,True
2027,B,2255,1780493700.0,True,186,resource_exhaustion,15,False,4.0,26.0,0.0,4.468984006654058,True,0.7013269207844484,True,4.468984006654058,True,1.0,True,3999999999.9999995,True
2027,B,2256,1780493760.0,True,186,resource_exhaustion,15,False,7.0,34.0,0.0,4.468984006654058,True,0.7065415132629963,True,4.468984006654058,True,1.0,True,7000000000.0,True
2027,B,2257,1780493820.0,True,186,resource_exhaustion,15,False,0.0,30.0,0.0,4.468984006654058,True,0.48060654134915715,False,4.468984006654058,True,0.2847257307483576,False,0.34141035079956067,False
2027,B,2258,1780493880.0,False,-1,,15,False,0.0,24.0,0.0,-1.4429179748308467,False,0.3612717061626821,False,-1.4429179748308467,False,0.28441457271463133,False,0.16999642848968505,False
2027,B,2259,1780493940.0,False,-1,,15,False,0.0,35.0,0.0,-0.9948876175740571,False,0.39061207147273,False,-0.9948876175740571,False,0.28490544893547115,False,0.1650585651397704,False
2027,B,2260,1780494000.0,False,-1,,15,False,0.0,40.0,0.0,-0.4831379375029501,False,0.46942541520468556,False,-0.4831379375029501,False,0.2850414420613889,False,0.173514986038208,False
2027,B,2261,1780494060.0,False,-1,,15,False,0.0,27.0,0.0,-0.6841302414413288,False,0.3993761070740355,False,-0.6841302414413288,False,0.2845869875261109,False,0.16180729866027832,False
2027,B,2262,1780494120.0,False,-1,,15,False,0.0,26.0,0.0,-1.3630441501767434,False,0.3614369906441647,False,-1.3630441501767434,False,0.28453382775325387,False,0.1523655652999878,False
2027,B,2263,1780494180.0,True,187,permission_denied,15,False,0.0,31.0,0.0,4.465233999248614,True,0.5915664848356215,False,4.465233999248614,True,1.0,True,7.0,True
2027,B,2264,1780494240.0,True,187,permission_denied,15,False,0.0,20.0,0.0,4.468980294615887,True,0.48647487256651967,False,4.468980294615887,True,1.0,True,9.0,True
2027,B,2265,1780494300.0,True,187,permission_denied,15,False,0.0,23.0,0.0,4.468983678242802,True,0.4881936021836234,False,4.468983678242802,True,1.0,True,11.0,True
2027,B,2266,1780494360.0,True,187,permission_denied,15,False,0.0,18.0,0.0,-0.7089997130018588,False,0.40887085046803173,False,-0.7089997130018588,False,0.28390181531234,False,0.15781054496765137,False
2027,B,2267,1780494420.0,False,-1,,15,False,0.0,29.0,0.0,-1.0783311713140895,False,0.37297910492090475,False,-1.0783311713140895,False,0.28468258503274285,False,0.14411363601684568,False
2027,B,2268,1780494480.0,False,-1,,15,False,0.0,33.0,0.0,-0.8951793050459127,False,0.3872231825240462,False,-0.8951793050459127,False,0.28483990265687403,False,0.17291536331176757,False
2027,B,2269,1780494540.0,False,-1,,15,False,0.0,33.0,0.0,-0.5536963661004908,False,0.39604603968914853,False,-0.5536963661004908,False,0.2853084002312904,False,0.16646487712860109,False
2027,B,2270,1780494600.0,False,-1,,15,False,0.0,27.0,0.0,-0.5672436305953692,False,0.4006733201349023,False,-0.5672436305953692,False,0.28393467849705395,False,0.1988011598587036,False
2027,B,2271,1780494660.0,False,-1,,15,False,1.0,33.0,0.0,-0.5037481676387721,False,0.5859072743965017,False,-0.5037481676387721,False,0.00010524201655130249,False,0.1473280906677246,False
2027,B,2272,1780494720.0,True,188,dependency_timeout,15,False,1.0,31.0,0.0,4.468984006654058,True,0.6858417702525696,True,4.468984006654058,True,1.0,True,3999999999.9999995,True
2027,B,2273,1780494780.0,True,188,dependency_timeout,15,False,4.0,25.0,0.0,4.468984006654058,True,0.6858894991023806,True,4.468984006654058,True,1.0,True,1999999999.9999998,True
2027,B,2274,1780494840.0,True,188,dependency_timeout,15,False,4.0,28.0,0.0,4.468984006654058,True,0.6873460743191805,True,4.468984006654058,True,1.0,True,3999999999.9999995,True
2027,B,2275,1780494900.0,False,-1,,15,False,0.0,29.0,0.0,-1.2128644861882627,False,0.37050766289126524,False,-1.2128644861882627,False,0.28468258503274285,False,0.16647891998291015,False
2027,B,2276,1780494960.0,False,-1,,15,False,0.0,29.0,0.0,-1.172020836727767,False,0.3750179066840855,False,-1.172020836727767,False,0.28468258503274285,False,0.17571716308593746,False
2027,B,2277,1780495020.0,False,-1,,15,False,0.0,29.0,0.0,-0.27715269737617465,False,0.38552741717197414,False,-0.27715269737617465,False,0.28468258503274285,False,0.14665069580078124,False
2027,B,2278,1780495080.0,False,-1,,15,False,0.0,32.0,0.0,-0.36013927068611906,False,0.4267751345531241,False,-0.36013927068611906,False,0.2848041541702264,False,0.23044683933258076,False
2027,B,2279,1780495140.0,False,-1,,15,False,0.0,20.0,0.0,-1.3436749435180255,False,0.3621324870579878,False,-1.3436749435180255,False,0.2841063125275758,False,0.1517383098602295,False
2027,B,2280,1780495200.0,False,-1,,15,False,0.0,26.0,0.0,-0.694866517744404,False,0.5430701652053609,False,-0.694866517744404,False,0.0001828294616670113,False,1.0,False
2027,B,2281,1780495260.0,True,189,config_error,15,False,0.0,14.0,0.0,4.467610876560343,True,0.5040301409470209,False,4.467610876560343,True,0.999999969497962,True,5.0,True
2027,B,2282,1780495320.0,True,189,config_error,15,False,0.0,30.0,0.0,4.468984006654016,True,0.5338738161192033,False,4.468984006654016,True,0.9999980551959426,True,27.0,True
2027,B,2283,1780495380.0,True,189,config_error,15,False,0.0,27.0,0.0,4.468984006653524,True,0.5058154152344487,False,4.468984006653524,True,0.9999983761751927,True,24.0,True
2027,B,2284,1780495440.0,True,189,config_error,15,False,0.0,38.0,0.0,4.468984006624354,True,0.5320769031185855,False,4.468984006624354,True,0.9999990262385471,True,20.0,True
2027,B,2285,1780495500.0,False,-1,,15,False,0.0,22.0,0.0,-1.2603098466868365,False,0.3804992019937769,False,-1.2603098466868365,False,0.28427417542924155,False,0.14792692661285398,False
2027,B,2286,1780495560.0,False,-1,,15,False,0.0,22.0,0.0,-1.1227972411081408,False,0.3749384607692328,False,-1.1227972411081408,False,0.28427417542924155,False,0.14836292266845702,False
2027,B,2287,1780495620.0,False,-1,,15,False,1.0,36.0,0.0,-0.4448781527091876,False,0.5928219263145691,False,-0.4448781527091876,False,0.00012166786283123167,False,0.15211677551269528,False
2027,B,2288,1780495680.0,False,-1,,15,False,0.0,26.0,0.0,-0.8629749634896422,False,0.37176867316554574,False,-0.8629749634896422,False,0.28453382775325387,False,0.14148235321044922,False
2027,B,2289,1780495740.0,False,-1,,15,False,0.0,35.0,0.0,-0.7848228345671293,False,0.4039282888919539,False,-0.7848228345671293,False,0.28490544893547115,False,0.1576033115386962,False
2027,B,2290,1780495800.0,False,-1,,15,False,0.0,31.0,0.0,-1.1254384475612627,False,0.37699726066132017,False,-1.1254384475612627,False,0.2847661702806276,False,0.15078282356262207,False
2027,B,2291,1780495860.0,False,-1,,15,False,0.0,38.0,0.0,-0.43779652202609665,False,0.4335180434910157,False,-0.43779652202609665,False,0.2849912051575958,False,0.17003819942474366,False
2027,B,2292,1780495920.0,False,-1,,15,False,0.0,26.0,0.0,-0.7755516563829365,False,0.39333552998070126,False,-0.7755516563829365,False,0.28453382775325387,False,0.13800382614135742,False
2027,B,2293,1780495980.0,False,-1,,15,False,0.0,34.0,0.0,-0.2531204486967624,False,0.40862932061360807,False,-0.2531204486967624,False,0.28487361015134033,False,0.13789720535278321,False
2027,B,2294,1780496040.0,True,190,permission_denied,15,False,0.0,33.0,0.0,4.4686643950657485,True,0.4883116104022172,False,4.4686643950657485,True,1.0,True,6.0,True
2027,B,2295,1780496100.0,True,190,permission_denied,15,False,0.0,33.0,0.0,4.468983967322609,True,0.48476822932622354,False,4.468983967322609,True,1.0,True,13.0,True
2027,B,2296,1780496160.0,True,190,permission_denied,15,False,0.0,25.0,0.0,4.468983722409104,True,0.4860708210375856,False,4.468983722409104,True,1.0,True,11.0,True
2027,B,2297,1780496220.0,True,190,permission_denied,15,False,0.0,28.0,0.0,4.468980213449832,True,0.49393775581889315,False,4.468980213449832,True,1.0,True,9.0,True
2027,B,2298,1780496280.0,False,-1,,15,False,0.0,33.0,0.0,0.2583747979017774,False,0.41030642672683354,False,0.2583747979017774,False,0.28483990265687403,False,0.14844932556152343,False
2027,B,2299,1780496340.0,False,-1,,15,False,0.0,33.0,0.0,-0.6025327682251085,False,0.4267979146061413,False,-0.6025327682251085,False,0.28483990265687403,False,0.13793354034423827,False
2027,B,2300,1780496400.0,False,-1,,15,False,0.0,24.0,0.0,-0.8679650339497238,False,0.38023415057691917,False,-0.8679650339497238,False,0.28441457271463133,False,0.17945308685302735,False
2027,B,2301,1780496460.0,False,-1,,15,False,0.0,22.0,0.0,-0.9021223887700147,False,0.36760036315385697,False,-0.9021223887700147,False,0.28427417542924155,False,0.13852415084838868,False
2027,B,2302,1780496520.0,False,-1,,15,False,0.0,29.0,0.0,-1.3694798821178154,False,0.36919445292202924,False,-1.3694798821178154,False,0.28468258503274285,False,0.16777572631835935,False
2027,B,2303,1780496580.0,False,-1,,15,False,0.0,29.0,0.0,-1.248140633779105,False,0.3759958410848804,False,-1.248140633779105,False,0.28468258503274285,False,0.17843437194824216,False
2027,B,2304,1780496640.0,False,-1,,15,False,0.0,25.0,0.0,-1.215850149831006,False,0.3614255025682308,False,-1.215850149831006,False,0.2844765274040158,False,0.1565869331359863,False
2027,B,2305,1780496700.0,True,191,config_error,15,False,0.0,34.0,0.0,4.468984006629016,True,0.5256160080260542,False,4.468984006629016,True,0.9999989921212231,True,20.0,True
2027,B,2306,1780496760.0,True,191,config_error,15,False,0.0,38.0,0.0,4.468984006654056,True,0.521267478302438,False,4.468984006654056,True,0.9999976618386759,True,32.0,True
2027,B,2307,1780496820.0,True,191,config_error,15,False,0.0,19.0,0.0,4.468984004257114,True,0.4940441003104347,False,4.468984004257114,True,0.9999993134964372,True,15.0,True
2027,B,2308,1780496880.0,True,191,config_error,15,False,0.0,41.0,0.0,4.468666546793066,True,0.5184422808427998,False,4.468666546793066,True,0.9999999483774302,True,6.0,True
2027,B,2309,1780496940.0,False,-1,,16,False,0.0,23.0,0.0,-1.2683634954925802,False,0.3659292958684281,False,-1.2683634954925802,False,0.2843473600926415,False,0.17077922821044922,False
2027,B,2310,1780497000.0,False,-1,,16,False,0.0,24.0,0.0,-1.160152235107656,False,0.36466676430234995,False,-1.160152235107656,False,0.28441457271463133,False,0.14302780628204345,False
2027,B,2311,1780497060.0,False,-1,,16,False,0.0,27.0,0.0,-1.0439563619598484,False,0.3967129387775383,False,-1.0439563619598484,False,0.2845869875261109,False,0.15605692863464352,False
2027,B,2312,1780497120.0,False,-1,,16,False,1.0,32.0,0.0,-0.10662154812935487,False,0.5960075825815362,False,-0.10662154812935487,False,9.985842269376542e-05,False,0.1622527599334717,False
2027,B,2313,1780497180.0,False,-1,,16,False,0.0,23.0,0.0,0.6440594684309788,False,0.5666951018835326,False,0.6440594684309788,False,0.00015638947957610428,False,1.0,False
2027,B,2314,1780497240.0,False,-1,,16,False,0.0,30.0,0.0,-1.1171475585834028,False,0.37273444531973715,False,-1.1171475585834028,False,0.2847257307483576,False,0.14908523559570314,False
2027,B,2315,1780497300.0,False,-1,,16,False,0.0,29.0,0.0,-0.9400169034802879,False,0.37613696915987743,False,-0.9400169034802879,False,0.28468258503274285,False,0.1472208023071289,False
2027,B,2316,1780497360.0,False,-1,,16,False,0.0,39.0,0.0,-0.42607832328128037,False,0.4408083880419919,False,-0.42607832328128037,False,0.2850169472102008,False,0.15509920120239257,False
2027,B,2317,1780497420.0,False,-1,,16,False,0.0,26.0,0.0,-1.3296567352673092,False,0.37311973192022163,False,-1.3296567352673092,False,0.28453382775325387,False,0.15734970569610596,False
2027,B,2318,1780497480.0,False,-1,,16,False,0.0,20.0,0.0,0.07675919818433119,False,0.4201602609448983,False,0.07675919818433119,False,0.2841063125275758,False,0.2607284784317015,False
2027,B,2319,1780497540.0,True,192,permission_denied,16,False,0.0,17.0,0.0,4.415834279099678,True,0.4730420199916293,False,4.415834279099678,True,1.0,True,3.0,True
2027,B,2320,1780497600.0,True,192,permission_denied,16,False,0.0,36.0,0.0,4.4689840051191565,True,0.5129051188295143,False,4.4689840051191565,True,1.0,True,16.0,True
2027,B,2321,1780497660.0,True,192,permission_denied,16,False,1.0,39.0,0.0,4.468984006651935,True,0.6553872225585085,False,4.468984006651935,True,1.0,True,18.0,True
2027,B,2322,1780497720.0,True,192,permission_denied,16,False,0.0,34.0,0.0,4.460163323044475,True,0.478619694737697,False,4.460163323044475,True,1.0,True,4.0,True
2027,B,2323,1780497780.0,False,-1,,16,False,0.0,29.0,0.0,-0.49211126687161943,False,0.38185024780285887,False,-0.49211126687161943,False,0.28468258503274285,False,0.13970937728881835,False
2027,B,2324,1780497840.0,False,-1,,16,False,0.0,24.0,0.0,-0.8166271400924039,False,0.5447296494405715,False,-0.8166271400924039,False,0.00016518174588927835,False,1.0,False
2027,B,2325,1780497900.0,False,-1,,16,False,0.0,37.0,0.0,-0.6062844550656079,False,0.4265762858106637,False,-0.6062844550656079,False,0.28496411683017375,False,0.15069379806518554,False
2027,B,2326,1780497960.0,False,-1,,16,False,0.0,35.0,0.0,-0.9915033450000657,False,0.392235679006185,False,-0.9915033450000657,False,0.28490544893547115,False,0.16119928359985347,False
2027,B,2327,1780498020.0,False,-1,,16,False,0.0,32.0,0.0,-0.8050350602348484,False,0.3847979458017277,False,-0.8050350602348484,False,0.2848041541702264,False,0.14425113201141357,False
2027,B,2328,1780498080.0,False,-1,,16,False,0.0,25.0,0.0,-1.3839325757683003,False,0.3574972175598442,False,-1.3839325757683003,False,0.2844765274040158,False,0.1571852684020996,False
2027,B,2329,1780498140.0,False,-1,,16,False,0.0,33.0,0.0,-0.676138505224297,False,0.3947461126884523,False,-0.676138505224297,False,0.28483990265687403,False,0.16481332778930663,False
2027,B,2330,1780498200.0,False,-1,,16,False,0.0,25.0,0.0,-1.2350664309292663,False,0.36381946883920957,False,-1.2350664309292663,False,0.2844765274040158,False,0.14483575820922848,False
2027,B,2331,1780498260.0,True,193,config_error,16,False,1.0,37.0,0.0,4.438072781699791,True,0.6405848434884491,False,4.438072781699791,True,0.9999999386920462,True,2.0,True
2027,B,2332,1780498320.0,True,193,config_error,16,False,0.0,27.0,0.0,4.468984006649651,True,0.4888483215273461,False,4.468984006649651,True,0.999998657181543,True,22.0,True
2027,B,2333,1780498380.0,True,193,config_error,16,False,0.0,33.0,0.0,4.468984006654055,True,0.5257764322361517,False,4.468984006654055,True,0.9999975470346555,True,31.0,True
2027,B,2334,1780498440.0,True,193,config_error,16,True,0.0,255.0,0.0,4.468984006654058,True,0.6776580886543007,False,4.468984006654058,True,0.9999852389087998,True,226.0,True
2027,B,2335,1780498500.0,True,193,config_error,16,True,0.0,281.0,0.0,4.468984006654058,True,0.7102267472963446,True,4.468984006654058,True,0.9999940278663098,True,97.0,True
2027,B,2336,1780498560.0,False,-1,,16,True,0.0,68.0,0.0,0.08816164558099882,False,0.543028769276249,False,0.08816164558099882,False,0.28544106003255104,False,0.1664941549301147,False
2027,B,2337,1780498620.0,False,-1,,16,False,0.0,41.0,0.0,0.18320871912111514,False,0.5990721745492261,False,0.18320871912111514,False,0.00031529655428361386,False,1.0,False
2027,B,2338,1780498680.0,False,-1,,16,False,0.0,25.0,0.0,-1.137013760625381,False,0.3705862287588124,False,-1.137013760625381,False,0.2844765274040158,False,0.1697444915771484,False
2027,B,2339,1780498740.0,False,-1,,16,False,0.0,26.0,0.0,-0.9814726334749677,False,0.3935165877562732,False,-0.9814726334749677,False,0.28453382775325387,False,0.19664525985717773,False
2027,B,2340,1780498800.0,False,-1,,16,False,0.0,23.0,0.0,-1.4387254613330631,False,0.36186178463182395,False,-1.4387254613330631,False,0.2843473600926415,False,0.15442819595336918,False
2027,B,2341,1780498860.0,True,194,resource_exhaustion,16,False,0.0,24.0,0.0,4.468984006654058,True,0.46411737784374757,False,4.468984006654058,True,0.28441457271463133,False,0.22573125362396237,False
2027,B,2342,1780498920.0,True,194,resource_exhaustion,16,False,4.0,19.0,0.0,4.468984006654058,True,0.708734270798532,True,4.468984006654058,True,1.0,True,5000000000.0,True
2027,B,2343,1780498980.0,True,194,resource_exhaustion,16,False,6.0,31.0,0.0,4.468984006654058,True,0.7063502325940086,True,4.468984006654058,True,1.0,True,6000000000.0,True
2027,B,2344,1780499040.0,True,194,resource_exhaustion,16,False,4.0,29.0,0.0,4.468984006654058,True,0.7023438861965554,True,4.468984006654058,True,1.0,True,3999999999.9999995,True
2027,B,2345,1780499100.0,True,194,resource_exhaustion,16,False,4.0,34.0,0.0,4.468984006654058,True,0.705895563760461,True,4.468984006654058,True,1.0,True,3999999999.9999995,True
2027,B,2346,1780499160.0,False,-1,,16,False,0.0,29.0,0.0,-1.0767420498492832,False,0.37378407246912615,False,-1.0767420498492832,False,0.28468258503274285,False,0.15604610443115233,False
2027,B,2347,1780499220.0,False,-1,,16,False,0.0,32.0,0.0,-1.230679582834064,False,0.38166819364292054,False,-1.230679582834064,False,0.2848041541702264,False,0.1652100563049317,False
2027,B,2348,1780499280.0,False,-1,,16,False,0.0,29.0,0.0,-0.511364705536911,False,0.39288394854391884,False,-0.511364705536911,False,0.28468258503274285,False,0.1509552001953125,False
2027,B,2349,1780499340.0,False,-1,,16,False,0.0,35.0,0.0,-0.6740481274245091,False,0.39911850223822426,False,-0.6740481274245091,False,0.28490544893547115,False,0.14564962387084956,False
2027,B,2350,1780499400.0,False,-1,,16,False,0.0,25.0,0.0,-1.2723824368807914,False,0.3805335618807775,False,-1.2723824368807914,False,0.2844765274040158,False,0.20072345733642574,False
2027,B,2351,1780499460.0,False,-1,,16,False,0.0,30.0,0.0,-0.8053986203363506,False,0.3979096386135954,False,-0.8053986203363506,False,0.2847257307483576,False,0.16166486740112307,False
2027,B,2352,1780499520.0,True,195,permission_denied,16,False,0.0,32.0,0.0,4.46898366551838,True,0.49791752102644493,False,4.46898366551838,True,1.0,True,11.0,True
2027,B,2353,1780499580.0,True,195,permission_denied,16,False,0.0,24.0,0.0,4.468983983017029,True,0.4980448291611708,False,4.468983983017029,True,1.0,True,13.0,True
2027,B,2354,1780499640.0,True,195,permission_denied,16,False,0.0,33.0,0.0,4.468983884958566,True,0.4851684626981891,False,4.468983884958566,True,1.0,True,12.0,True
2027,B,2355,1780499700.0,True,195,permission_denied,16,False,0.0,25.0,0.0,4.468907256450708,True,0.46382530013844625,False,4.468907256450708,True,1.0,True,7.0,True
2027,B,2356,1780499760.0,False,-1,,16,False,0.0,23.0,0.0,-1.3364753569115262,False,0.3627786933031093,False,-1.3364753569115262,False,0.2843473600926415,False,0.1445899486541748,False
2027,B,2357,1780499820.0,False,-1,,16,False,0.0,36.0,0.0,-0.7665462512133479,False,0.4296056876056772,False,-0.7665462512133479,False,0.2849355722416572,False,0.18698143959045407,False
2027,B,2358,1780499880.0,False,-1,,16,False,1.0,31.0,0.0,-0.559740623191054,False,0.5870449377662301,False,-0.559740623191054,False,9.45274369031273e-05,False,0.15238666534423828,False
2027,B,2359,1780499940.0,False,-1,,16,False,0.0,32.0,0.0,-1.0294922732692413,False,0.39929258820595714,False,-1.0294922732692413,False,0.2848041541702264,False,0.19592351913452155,False
2027,B,2360,1780500000.0,False,-1,,16,False,0.0,33.0,0.0,-1.0796296653885546,False,0.39040629258753834,False,-1.0796296653885546,False,0.28483990265687403,False,0.17362422943115235,False
2027,B,2361,1780500060.0,False,-1,,16,False,0.0,20.0,0.0,-0.7162912536864621,False,0.5588339691159568,False,-0.7162912536864621,False,0.00013020858889629245,False,1.0,False
2027,B,2362,1780500120.0,False,-1,,16,False,0.0,23.0,0.0,-1.1868487237164436,False,0.366634619748048,False,-1.1868487237164436,False,0.2843473600926415,False,0.1665899753570557,False
2027,B,2363,1780500180.0,False,-1,,16,False,0.0,39.0,0.0,-0.5274760487990555,False,0.44702084587218527,False,-0.5274760487990555,False,0.2850169472102008,False,0.1797515869140624,False
2027,B,2364,1780500240.0,False,-1,,16,False,0.0,27.0,0.0,-0.9699248882166076,False,0.39829511130536543,False,-0.9699248882166076,False,0.2845869875261109,False,0.2055787563323974,False
2027,B,2365,1780500300.0,True,196,resource_exhaustion,16,False,0.0,35.0,0.0,4.468984006654058,True,0.45863889964637605,False,4.468984006654058,True,0.28490544893547115,False,0.19323744773864746,False
2027,B,2366,1780500360.0,True,196,resource_exhaustion,16,False,8.0,36.0,0.0,4.468984006654058,True,0.7082166229699034,True,4.468984006654058,True,1.0,True,9000000000.0,True
2027,B,2367,1780500420.0,True,196,resource_exhaustion,16,False,5.0,28.0,0.0,4.468984006654058,True,0.7027417628749274,True,4.468984006654058,True,1.0,True,5000000000.0,True
2027,B,2368,1780500480.0,True,196,resource_exhaustion,16,False,4.0,31.0,0.0,4.468984006654058,True,0.7049959543945881,True,4.468984006654058,True,1.0,True,3000000000.0,True
2027,B,2369,1780500540.0,True,196,resource_exhaustion,16,False,0.0,34.0,0.0,4.468984006654058,True,0.45930075720503094,False,4.468984006654058,True,0.28487361015134033,False,0.19591917991638186,False
2027,B,2370,1780500600.0,False,-1,,16,False,0.0,38.0,0.0,-0.32925524367099257,False,0.4682194579792208,False,-0.32925524367099257,False,0.2849912051575958,False,0.13599221706390383,False
2027,B,2371,1780500660.0,False,-1,,16,False,0.0,31.0,0.0,-1.041489795643404,False,0.3803230696898518,False,-1.041489795643404,False,0.2847661702806276,False,0.16667389869689941,False
2027,B,2372,1780500720.0,False,-1,,16,False,0.0,40.0,0.0,-0.9346452082080994,False,0.43666484308169695,False,-0.9346452082080994,False,0.2850414420613889,False,0.17558050155639648,False
2027,B,2373,1780500780.0,False,-1,,16,False,0.0,30.0,0.0,-0.8776048026038614,False,0.37739682229018806,False,-0.8776048026038614,False,0.2847257307483576,False,0.16745328903198245,False
2027,B,2374,1780500840.0,False,-1,,16,False,0.0,29.0,0.0,-1.0337782206571076,False,0.37817964571973606,False,-1.0337782206571076,False,0.28468258503274285,False,0.14818830490112306,False
2027,B,2375,1780500900.0,False,-1,,16,False,0.0,33.0,0.0,0.1644911644597018,False,0.44176513631221037,False,0.1644911644597018,False,0.28483990265687403,False,0.24941196441650387,False
2027,B,2376,1780500960.0,True,197,permission_denied,16,False,0.0,32.0,0.0,4.468982758547166,True,0.4845160558012732,False,4.468982758547166,True,1.0,True,10.0,True
2027,B,2377,1780501020.0,True,197,permission_denied,16,False,0.0,26.0,0.0,4.468983700521966,True,0.48247677777474907,False,4.468983700521966,True,1.0,True,11.0,True
2027,B,2378,1780501080.0,True,197,permission_denied,16,False,0.0,30.0,0.0,4.468982697091338,True,0.4765644071548461,False,4.468982697091338,True,1.0,True,10.0,True
2027,B,2379,1780501140.0,True,197,permission_denied,16,False,0.0,37.0,0.0,4.468972024082317,True,0.5977227532075132,False,4.468972024082317,True,1.0,True,12.0,True
2027,B,2380,1780501200.0,False,-1,,16,False,0.0,27.0,0.0,-0.9802649109202806,False,0.3837684664397566,False,-0.9802649109202806,False,0.2845869875261109,False,0.1896507740020751,False
2027,B,2381,1780501260.0,False,-1,,16,False,0.0,27.0,0.0,-1.4112496657691311,False,0.3702148034785716,False,-1.4112496657691311,False,0.2845869875261109,False,0.1659066200256347,False
2027,B,2382,1780501320.0,False,-1,,16,False,0.0,40.0,0.0,-0.6793623881651483,False,0.43260856342498993,False,-0.6793623881651483,False,0.2850414420613889,False,0.16307504177093507,False
2027,B,2383,1780501380.0,False,-1,,16,False,0.0,34.0,0.0,-0.6881087328913074,False,0.41168258590666323,False,-0.6881087328913074,False,0.28487361015134033,False,0.17561354637145998,False
2027,B,2384,1780501440.0,False,-1,,16,False,0.0,25.0,0.0,-0.9202608646482959,False,0.36682657136191005,False,-0.9202608646482959,False,0.2844765274040158,False,0.1515852928161621,False
2027,B,2385,1780501500.0,False,-1,,16,False,0.0,32.0,0.0,-0.6264177817114049,False,0.4155702399123231,False,-0.6264177817114049,False,0.2848041541702264,False,0.19667954444885258,False
2027,B,2386,1780501560.0,False,-1,,16,False,0.0,26.0,0.0,-0.5080598348492309,False,0.4232517761272773,False,-0.5080598348492309,False,0.28453382775325387,False,0.21148383617401123,False
2027,B,2387,1780501620.0,True,198,config_error,16,False,0.0,33.0,0.0,3.4740227843766656,True,0.47791197336444063,False,3.4740227843766656,True,0.9999999999838991,True,1.0,False
2027,B,2388,1780501680.0,True,198,config_error,16,False,0.0,41.0,0.0,4.468984006654058,True,0.561081495112606,False,4.468984006654058,True,0.9999960133372248,True,41.0,True
2027,B,2389,1780501740.0,True,198,config_error,16,False,0.0,35.0,0.0,4.468984006654056,True,0.5224863061768215,False,4.468984006654056,True,0.9999975176694069,True,32.0,True
2027,B,2390,1780501800.0,True,198,config_error,16,False,0.0,28.0,0.0,4.468983744421529,True,0.5067545132419142,False,4.468983744421529,True,0.9999997138715165,True,11.0,True
2027,B,2391,1780501860.0,False,-1,,16,False,0.0,32.0,0.0,-0.8172786804323922,False,0.4068569984862739,False,-0.8172786804323922,False,0.2848041541702264,False,0.15465569496154785,False
2027,B,2392,1780501920.0,False,-1,,16,False,0.0,18.0,0.0,-1.1240153769641923,False,0.37127275250860664,False,-1.1240153769641923,False,0.28390181531234,False,0.1417192220687866,False
2027,B,2393,1780501980.0,False,-1,,16,False,0.0,31.0,0.0,-0.8463350814281476,False,0.38041355524525083,False,-0.8463350814281476,False,0.2847661702806276,False,0.16767740249633786,False
2027,B,2394,1780502040.0,False,-1,,16,False,0.0,25.0,0.0,-1.2905200637164596,False,0.3688715153222388,False,-1.2905200637164596,False,0.2844765274040158,False,0.15999412536621088,False
2027,B,2395,1780502100.0,False,-1,,16,False,0.0,35.0,0.0,-0.5616343084526338,False,0.4016007620717017,False,-0.5616343084526338,False,0.28490544893547115,False,0.14735441207885736,False
2027,B,2396,1780502160.0,False,-1,,16,False,0.0,31.0,0.0,-1.1936072666724558,False,0.3865358878920338,False,-1.1936072666724558,False,0.2847661702806276,False,0.1732363700866699,False
2027,B,2397,1780502220.0,False,-1,,16,False,0.0,36.0,0.0,-0.7562646499206869,False,0.41010427315713727,False,-0.7562646499206869,False,0.2849355722416572,False,0.14898693561553955,False
2027,B,2398,1780502280.0,False,-1,,16,False,0.0,21.0,0.0,-1.0803224312659179,False,0.3687107521522166,False,-1.0803224312659179,False,0.2841941673899105,False,0.14951133728027347,False
2027,B,2399,1780502340.0,False,-1,,16,False,0.0,32.0,0.0,-1.2629792191715232,False,0.38169274555097077,False,-1.2629792191715232,False,0.2848041541702264,False,0.1743732213973999,False
2027,B,2400,1780502400.0,False,-1,,16,False,0.0,26.0,0.0,-0.5785739016443463,False,0.38299906992004423,False,-0.5785739016443463,False,0.28453382775325387,False,0.146368145942688,False
2027,B,2401,1780502460.0,True,199,config_error,16,False,0.0,20.0,0.0,4.468666510248866,True,0.48116471547602296,False,4.468666510248866,True,0.9999999454585836,True,6.0,True
2027,B,2402,1780502520.0,True,199,config_error,16,False,0.0,23.0,0.0,4.468984006598822,True,0.4882847958916972,False,4.468984006598822,True,0.9999989306098461,True,19.0,True
2027,B,2403,1780502580.0,True,199,config_error,16,True,0.0,200.0,0.0,4.468984006654058,True,0.6749509698799938,False,4.468984006654058,True,0.9999875068410604,True,177.0,True
2027,B,2404,1780502640.0,True,199,config_error,16,True,1.0,331.0,0.0,4.468984006654058,True,0.7774856363815418,True,4.468984006654058,True,0.9999916557801664,True,85.0,True
2027,B,2405,1780502700.0,False,-1,,16,True,0.0,128.0,0.0,-0.11202132939168674,False,0.6417269555623003,False,-0.11202132939168674,False,0.2857151539358476,False,0.1950674533843994,False
2027,B,2406,1780502760.0,False,-1,,16,False,0.0,40.0,0.0,-0.6858713772859009,False,0.46774177075780493,False,-0.6858713772859009,False,0.2850414420613889,False,0.17812709808349608,False
2027,B,2407,1780502820.0,False,-1,,16,False,0.0,30.0,0.0,-0.7353490381095487,False,0.407211248862081,False,-0.7353490381095487,False,0.2847257307483576,False,0.18715183734893803,False
2027,B,2408,1780502880.0,False,-1,,16,False,0.0,27.0,0.0,-1.132097636336531,False,0.38931385146020253,False,-1.132097636336531,False,0.2845869875261109,False,0.2009217262268066,False
2027,B,2409,1780502940.0,False,-1,,16,False,0.0,32.0,0.0,-0.767491963508875,False,0.40519808148345277,False,-0.767491963508875,False,0.2848041541702264,False,0.1492398738861084,False
2027,B,2410,1780503000.0,False,-1,,16,False,0.0,37.0,0.0,-0.8565939928612192,False,0.4110664571444367,False,-0.8565939928612192,False,0.28496411683017375,False,0.1690061569213867,False
2027,B,2411,1780503060.0,False,-1,,16,False,0.0,36.0,0.0,-1.028566709315072,False,0.41129199028232044,False,-1.028566709315072,False,0.2849355722416572,False,0.17773175239562986,False
2027,B,2412,1780503120.0,False,-1,,16,False,0.0,31.0,0.0,-1.2563459377326254,False,0.379790372426076,False,-1.2563459377326254,False,0.2847661702806276,False,0.16648960113525388,False
2027,B,2413,1780503180.0,True,200,dependency_timeout,16,False,2.0,30.0,0.0,4.468984006654058,True,0.6802305557646438,False,4.468984006654058,True,1.0,True,1999999999.9999998,True
2027,B,2414,1780503240.0,True,200,dependency_timeout,16,False,0.0,28.0,0.0,4.468984006654058,True,0.566786655456407,False,4.468984006654058,True,1.0,True,1999999999.9999998,True
2027,B,2415,1780503300.0,True,200,dependency_timeout,16,False,4.0,33.0,0.0,4.468984006654058,True,0.6951921829202685,True,4.468984006654058,True,1.0,True,3000000000.0,True
2027,B,2416,1780503360.0,True,200,dependency_timeout,16,False,2.0,29.0,0.0,4.468984006654058,True,0.6895124822617027,True,4.468984006654058,True,1.0,True,1999999999.9999998,True
2027,B,2417,1780503420.0,True,200,dependency_timeout,16,False,1.0,31.0,0.0,4.468984006654058,True,0.6846210701883072,False,4.468984006654058,True,1.0,True,1999999999.9999998,True
2027,B,2418,1780503480.0,False,-1,,16,False,0.0,30.0,0.0,-1.0908350362422965,False,0.37348502141186074,False,-1.0908350362422965,False,0.2847257307483576,False,0.16490042209625244,False
2027,B,2419,1780503540.0,False,-1,,16,False,0.0,28.0,0.0,-1.2512809930186677,False,0.3632796928606371,False,-1.2512809930186677,False,0.28463644685275474,False,0.15944247245788573,False
2027,B,2420,1780503600.0,False,-1,,16,False,0.0,29.0,0.0,-0.28791607801048347,False,0.4006887534651809,False,-0.28791607801048347,False,0.28468258503274285,False,0.13003492355346682,False
2027,B,2421,1780503660.0,False,-1,,16,False,0.0,27.0,0.0,-1.014128530371896,False,0.366898148847344,False,-1.014128530371896,False,0.2845869875261109,False,0.14493198394775392,False
2027,B,2422,1780503720.0,False,-1,,16,False,1.0,35.0,0.0,-0.3973042767851469,False,0.5887921530247627,False,-0.3973042767851469,False,0.0001161505018690594,False,0.15372910499572753,False
2027,B,2423,1780503780.0,False,-1,,16,False,0.0,25.0,0.0,-0.6923547349102197,False,0.4065064353011746,False,-0.6923547349102197,False,0.2844765274040158,False,0.17796640396118157,False
2027,B,2424,1780503840.0,False,-1,,16,False,0.0,30.0,0.0,-0.5905207726490174,False,0.40904748627317256,False,-0.5905207726490174,False,0.2847257307483576,False,0.18609232902526857,False
2027,B,2425,1780503900.0,True,201,resource_exhaustion,16,False,0.0,34.0,0.0,4.468984006654058,True,0.6005578579656499,False,4.468984006654058,True,1.0,True,1999999999.9999998,True
2027,B,2426,1780503960.0,True,201,resource_exhaustion,16,False,4.0,35.0,0.0,4.468984006654058,True,0.7054617370876995,True,4.468984006654058,True,1.0,True,1999999999.9999998,True
2027,B,2427,1780504020.0,True,201,resource_exhaustion,16,False,3.0,41.0,0.0,4.468984006654058,True,0.7200443509028347,True,4.468984006654058,True,1.0,True,3999999999.9999995,True
2027,B,2428,1780504080.0,True,201,resource_exhaustion,16,False,3.0,26.0,0.0,4.468984006654058,True,0.7013269207844484,True,4.468984006654058,True,1.0,True,3000000000.0,True
2027,B,2429,1780504140.0,False,-1,,16,False,0.0,35.0,0.0,-0.8233444572770958,False,0.39514888251712793,False,-0.8233444572770958,False,0.28490544893547115,False,0.15324277877807616,False
2027,B,2430,1780504200.0,False,-1,,16,False,0.0,26.0,0.0,-0.6905426584572538,False,0.3799235427025086,False,-0.6905426584572538,False,0.28453382775325387,False,0.17126619815826416,False
2027,B,2431,1780504260.0,False,-1,,16,False,0.0,28.0,0.0,-1.252795701512425,False,0.36515826790287326,False,-1.252795701512425,False,0.28463644685275474,False,0.164581036567688,False
2027,B,2432,1780504320.0,False,-1,,16,False,0.0,26.0,0.0,-1.1196047543129923,False,0.38456123008287435,False,-1.1196047543129923,False,0.28453382775325387,False,0.14767885208129883,False
2027,B,2433,1780504380.0,False,-1,,16,False,0.0,30.0,0.0,-1.103171711104702,False,0.37313020633972094,False,-1.103171711104702,False,0.2847257307483576,False,0.152372407913208,False
2027,B,2434,1780504440.0,False,-1,,16,False,0.0,28.0,0.0,-0.12231626923812566,False,0.41306585620205377,False,-0.12231626923812566,False,0.28463644685275474,False,0.2002392292022705,False
2027,B,2435,1780504500.0,False,-1,,16,False,0.0,33.0,0.0,-0.7874202033647624,False,0.40727566932993237,False,-0.7874202033647624,False,0.28483990265687403,False,0.20614862442016602,False
2027,B,2436,1780504560.0,False,-1,,16,False,0.0,18.0,0.0,-1.2024692311935672,False,0.37274112979125235,False,-1.2024692311935672,False,0.28390181531234,False,0.14593970775604245,False
2027,B,2437,1780504620.0,False,-1,,16,False,0.0,31.0,0.0,-0.46483940926593625,False,0.4293858788220126,False,-0.46483940926593625,False,0.2847661702806276,False,0.22478175163269043,False
2027,B,2438,1780504680.0,False,-1,,16,False,0.0,22.0,0.0,-1.1474042028404527,False,0.3702159180281083,False,-1.1474042028404527,False,0.28427417542924155,False,0.1397454023361206,False
2027,B,2439,1780504740.0,True,202,dependency_timeout,16,False,3.0,32.0,0.0,4.468984006654058,True,0.694316127026374,True,4.468984006654058,True,1.0,True,1999999999.9999998,True
2027,B,2440,1780504800.0,True,202,dependency_timeout,16,False,3.0,29.0,0.0,4.468984006654058,True,0.678792600216607,False,4.468984006654058,True,1.0,True,3999999999.9999995,True
2027,B,2441,1780504860.0,True,202,dependency_timeout,16,False,6.0,36.0,0.0,4.468984006654058,True,0.6963690717665547,True,4.468984006654058,True,1.0,True,3999999999.9999995,True
2027,B,2442,1780504920.0,True,202,dependency_timeout,16,False,0.0,28.0,0.0,4.468984006654058,True,0.555611120585457,False,4.468984006654058,True,1.0,True,20.04938611984253,True
2027,B,2443,1780504980.0,False,-1,,16,False,0.0,21.0,0.0,-0.9670532360700514,False,0.3908685522360704,False,-0.9670532360700514,False,0.2841941673899105,False,0.14206790924072268,False
2027,B,2444,1780505040.0,False,-1,,16,False,0.0,29.0,0.0,-1.0266158170606356,False,0.3910905681703914,False,-1.0266158170606356,False,0.28468258503274285,False,0.16323785781860348,False
2027,B,2445,1780505100.0,False,-1,,16,False,0.0,32.0,0.0,-0.3545117203821855,False,0.40925424021656986,False,-0.3545117203821855,False,0.2848041541702264,False,0.14383959770202637,False
2027,B,2446,1780505160.0,False,-1,,16,False,0.0,28.0,0.0,-1.3740949537582567,False,0.36322689062075936,False,-1.3740949537582567,False,0.28463644685275474,False,0.16507418155670167,False
2027,B,2447,1780505220.0,False,-1,,16,False,0.0,25.0,0.0,-0.8115611148334487,False,0.3972642445160042,False,-0.8115611148334487,False,0.2844765274040158,False,0.20998630523681627,False
2027,B,2448,1780505280.0,False,-1,,16,False,0.0,28.0,0.0,-1.2508969061394817,False,0.3666341817244152,False,-1.2508969061394817,False,0.28463644685275474,False,0.14952616691589354,False
2027,B,2449,1780505340.0,False,-1,,16,False,0.0,29.0,0.0,-1.0974964323136698,False,0.3885692739278737,False,-1.0974964323136698,False,0.28468258503274285,False,0.15867967605590816,False
2027,B,2450,1780505400.0,False,-1,,16,False,0.0,29.0,0.0,-1.2008382656318144,False,0.3715559795475053,False,-1.2008382656318144,False,0.28468258503274285,False,0.1667607307434082,False
2027,B,2451,1780505460.0,True,203,dependency_timeout,16,False,4.0,32.0,0.0,4.468984006654058,True,0.6938108827508257,True,4.468984006654058,True,1.0,True,1999999999.9999998,True
2027,B,2452,1780505520.0,True,203,dependency_timeout,16,False,1.0,23.0,0.0,4.468984006654058,True,0.6805225708023197,False,4.468984006654058,True,1.0,True,1999999999.9999998,True
2027,B,2453,1780505580.0,True,203,dependency_timeout,16,False,2.0,24.0,0.0,4.468984006654058,True,0.688672213904778,True,4.468984006654058,True,1.0,True,3000000000.0,True
2027,B,2454,1780505640.0,True,203,dependency_timeout,16,False,2.0,36.0,0.0,4.468984006654058,True,0.7145398321537152,True,4.468984006654058,True,1.0,True,999999999.9999999,True
2027,B,2455,1780505700.0,False,-1,,17,False,0.0,33.0,0.0,-1.1115528032629074,False,0.3940192358885107,False,-1.1115528032629074,False,0.28483990265687403,False,0.17276458740234374,False
2027,B,2456,1780505760.0,False,-1,,17,False,0.0,34.0,0.0,-0.896880006062692,False,0.39432823866156747,False,-0.896880006062692,False,0.28487361015134033,False,0.1789849281311036,False
2027,B,2457,1780505820.0,False,-1,,17,False,0.0,28.0,0.0,-1.1828405486785645,False,0.37237772495109667,False,-1.1828405486785645,False,0.28463644685275474,False,0.17395858764648436,False
2027,B,2458,1780505880.0,False,-1,,17,False,0.0,32.0,0.0,-0.7525470483409231,False,0.39817676627491744,False,-0.7525470483409231,False,0.2848041541702264,False,0.15682752132415773,False
2027,B,2459,1780505940.0,False,-1,,17,False,0.0,29.0,0.0,-1.1397494141590396,False,0.37267579309896137,False,-1.1397494141590396,False,0.28468258503274285,False,0.15438985824584958,False
2027,B,2460,1780506000.0,False,-1,,17,False,0.0,36.0,0.0,-0.25464091785725884,False,0.44348071673063083,False,-0.25464091785725884,False,0.2849355722416572,False,0.13241231441497803,False
2027,B,2461,1780506060.0,True,204,permission_denied,17,False,0.0,25.0,0.0,-1.4043084208694552,False,0.3618569879967998,False,-1.4043084208694552,False,0.2844765274040158,False,0.15244464874267577,False
2027,B,2462,1780506120.0,True,204,permission_denied,17,False,0.0,29.0,0.0,4.468983691621652,True,0.4912564344995839,False,4.468983691621652,True,1.0,True,11.0,True
2027,B,2463,1780506180.0,True,204,permission_denied,17,False,0.0,42.0,0.0,4.46898400602858,True,0.5211185930869482,False,4.46898400602858,True,1.0,True,17.0,True
2027,B,2464,1780506240.0,True,204,permission_denied,17,False,0.0,23.0,0.0,4.308135237075987,True,0.4968311664221668,False,4.308135237075987,True,1.0,True,2.0,True
2027,B,2465,1780506300.0,False,-1,,17,False,0.0,32.0,0.0,-0.7732944632765557,False,0.41449216779522147,False,-0.7732944632765557,False,0.2848041541702264,False,0.16128969192504883,False
2027,B,2466,1780506360.0,False,-1,,17,False,0.0,26.0,0.0,-0.7954732972457945,False,0.4016062769956134,False,-0.7954732972457945,False,0.28453382775325387,False,0.21253466606140137,False
2027,B,2467,1780506420.0,False,-1,,17,False,0.0,37.0,0.0,-0.33676794356664175,False,0.42501590881870743,False,-0.33676794356664175,False,0.28496411683017375,False,0.15394153594970705,False
2027,B,2468,1780506480.0,False,-1,,17,False,0.0,29.0,0.0,-1.0633055000495375,False,0.3701871491900032,False,-1.0633055000495375,False,0.28468258503274285,False,0.1572482109069824,False
2027,B,2469,1780506540.0,False,-1,,17,False,0.0,33.0,0.0,-0.6795906379671512,False,0.3906310633743383,False,-0.6795906379671512,False,0.28483990265687403,False,0.15004320144653321,False
2027,B,2470,1780506600.0,False,-1,,17,False,0.0,22.0,0.0,-0.6223512787006582,False,0.41066935542210964,False,-0.6223512787006582,False,0.28427417542924155,False,0.12806210517883299,False
2027,B,2471,1780506660.0,False,-1,,17,False,0.0,33.0,0.0,-1.1046121330714564,False,0.40171221707041194,False,-1.1046121330714564,False,0.28483990265687403,False,0.17858419418334961,False
2027,B,2472,1780506720.0,False,-1,,17,False,0.0,25.0,0.0,-1.122278689091261,False,0.3714630929937885,False,-1.122278689091261,False,0.2844765274040158,False,0.17449998855590812,False
2027,B,2473,1780506780.0,False,-1,,17,False,0.0,34.0,0.0,-0.26882583595422105,False,0.4281105760741568,False,-0.26882583595422105,False,0.28487361015134033,False,0.2232475519180298,False
2027,B,2474,1780506840.0,False,-1,,17,False,0.0,25.0,0.0,-1.2032779546129015,False,0.3837646288952128,False,-1.2032779546129015,False,0.2844765274040158,False,0.18574819564819328,False
2027,B,2475,1780506900.0,False,-1,,17,False,0.0,32.0,0.0,-1.0668560974357204,False,0.39080591842056733,False,-1.0668560974357204,False,0.2848041541702264,False,0.18649978637695314,False
2027,B,2476,1780506960.0,True,205,dependency_timeout,17,False,2.0,30.0,0.0,4.468984006654058,True,0.6896165680454931,True,4.468984006654058,True,1.0,True,999999999.9999999,True
2027,B,2477,1780507020.0,True,205,dependency_timeout,17,False,1.0,27.0,0.0,4.468984006654058,True,0.6736170214892984,False,4.468984006654058,True,1.0,True,1999999999.9999998,True
2027,B,2478,1780507080.0,True,205,dependency_timeout,17,False,5.0,38.0,0.0,4.468984006654058,True,0.6975565117034481,True,4.468984006654058,True,1.0,True,3999999999.9999995,True
2027,B,2479,1780507140.0,True,205,dependency_timeout,17,False,2.0,27.0,0.0,4.468984006654058,True,0.6750033441572019,False,4.468984006654058,True,1.0,True,999999999.9999999,True
2027,B,2480,1780507200.0,False,-1,,17,False,0.0,50.0,0.0,0.05193956842993064,False,0.48620012512394367,False,0.05193956842993064,False,0.2852339686019072,False,0.16317648887634273,False
2027,B,2481,1780507260.0,False,-1,,17,False,0.0,30.0,0.0,-0.7892185848665676,False,0.3978190111460627,False,-0.7892185848665676,False,0.2847257307483576,False,0.1635584592819214,False
2027,B,2482,1780507320.0,False,-1,,17,False,0.0,29.0,0.0,-1.015427971450256,False,0.38255533380706397,False,-1.015427971450256,False,0.28468258503274285,False,0.18511180877685546,False
2027,B,2483,1780507380.0,False,-1,,17,False,0.0,29.0,0.0,-0.8945266393155658,False,0.37948633822033717,False,-0.8945266393155658,False,0.28468258503274285,False,0.17318325042724605,False
2027,B,2484,1780507440.0,False,-1,,17,False,0.0,40.0,0.0,-0.1978080656124268,False,0.4493965749703265,False,-0.1978080656124268,False,0.2850414420613889,False,0.1475612163543701,False
2027,B,2485,1780507500.0,False,-1,,17,False,0.0,33.0,0.0,-0.915653130842986,False,0.3852106135217273,False,-0.915653130842986,False,0.28483990265687403,False,0.1462502479553223,False
2027,B,2486,1780507560.0,False,-1,,17,False,0.0,24.0,0.0,-1.519760090266006,False,0.3647111312316663,False,-1.519760090266006,False,0.28441457271463133,False,0.17993590831756592,False
2027,B,2487,1780507620.0,True,206,resource_exhaustion,17,False,1.0,21.0,0.0,4.468984006654058,True,0.6711811878878999,False,4.468984006654058,True,1.0,True,3000000000.0,True
2027,B,2488,1780507680.0,True,206,resource_exhaustion,17,False,3.0,29.0,0.0,4.468984006654058,True,0.7014637472766599,True,4.468984006654058,True,1.0,True,3000000000.0,True
2027,B,2489,1780507740.0,True,206,resource_exhaustion,17,False,8.0,27.0,0.0,4.468984006654058,True,0.7055193450966614,True,4.468984006654058,True,1.0,True,7999999999.999999,True
2027,B,2490,1780507800.0,True,206,resource_exhaustion,17,False,4.0,42.0,0.0,4.468984006654058,True,0.72146274863184,True,4.468984006654058,True,1.0,True,3999999999.9999995,True
2027,B,2491,1780507860.0,False,-1,,17,False,0.0,27.0,0.0,-0.8529143757100623,False,0.3920561886032467,False,-0.8529143757100623,False,0.2845869875261109,False,0.14211950302124024,False
2027,B,2492,1780507920.0,False,-1,,17,False,1.0,28.0,0.0,-0.19462276679302803,False,0.5921451888685204,False,-0.19462276679302803,False,7.889734187122403e-05,False,0.14516887664794922,False
2027,B,2493,1780507980.0,False,-1,,17,False,0.0,32.0,0.0,-0.5122096286765014,False,0.39345127484809045,False,-0.5122096286765014,False,0.2848041541702264,False,0.15998816490173343,False
2027,B,2494,1780508040.0,False,-1,,17,False,0.0,27.0,0.0,-0.7424691036422342,False,0.37771173724319124,False,-0.7424691036422342,False,0.2845869875261109,False,0.13922653198242188,False
2027,B,2495,1780508100.0,False,-1,,17,False,0.0,27.0,0.0,-1.0768727241754306,False,0.3690452062146169,False,-1.0768727241754306,False,0.2845869875261109,False,0.15563492774963375,False
2027,B,2496,1780508160.0,False,-1,,17,False,0.0,23.0,0.0,-0.7530162960278792,False,0.39358203561953503,False,-0.7530162960278792,False,0.2843473600926415,False,0.12645931243896485,False
2027,B,2497,1780508220.0,False,-1,,17,False,0.0,19.0,0.0,-1.0181637179780756,False,0.39045660141507643,False,-1.0181637179780756,False,0.2840093691312235,False,0.13907885551452634,False
2027,B,2498,1780508280.0,False,-1,,17,False,0.0,29.0,0.0,-0.9341016355560585,False,0.3784540555828495,False,-0.9341016355560585,False,0.28468258503274285,False,0.17411079406738278,False
2027,B,2499,1780508340.0,False,-1,,17,False,0.0,29.0,0.0,-0.9681779850762338,False,0.3842555486505,False,-0.9681779850762338,False,0.28468258503274285,False,0.18512401580810545,False
2027,B,2500,1780508400.0,False,-1,,17,False,0.0,31.0,0.0,-1.2091379425851692,False,0.37652244987408384,False,-1.2091379425851692,False,0.2847661702806276,False,0.15888309478759766,False
2027,B,2501,1780508460.0,True,207,config_error,17,False,0.0,31.0,0.0,4.422608697425804,True,0.4798326514430826,False,4.422608697425804,True,0.9999999959443975,True,3.0,True
2027,B,2502,1780508520.0,True,207,config_error,17,False,0.0,27.0,0.0,4.468984006653878,True,0.5247628210642303,False,4.468984006653878,True,0.9999982079329474,True,25.0,True
2027,B,2503,1780508580.0,True,207,config_error,17,False,0.0,28.0,0.0,4.468984006653957,True,0.5182381193258792,False,4.468984006653957,True,0.9999980980631056,True,26.0,True
2027,B,2504,1780508640.0,True,207,config_error,17,False,0.0,37.0,0.0,4.468984006654056,True,0.5382087665730044,False,4.468984006654056,True,0.999997622822332,True,32.0,True
2027,B,2505,1780508700.0,True,207,config_error,17,False,0.0,33.0,0.0,4.251982691048473,True,0.48513952681288314,False,4.251982691048473,True,0.9999999993605075,True,2.0,True
2027,B,2506,1780508760.0,False,-1,,17,False,0.0,27.0,0.0,-1.1054696949188578,False,0.3690018924874776,False,-1.1054696949188578,False,0.2845869875261109,False,0.151735258102417,False
2027,B,2507,1780508820.0,False,-1,,17,False,0.0,26.0,0.0,-0.9906437054482096,False,0.3799854946117976,False,-0.9906437054482096,False,0.28453382775325387,False,0.139278769493103,False
2027,B,2508,1780508880.0,False,-1,,17,False,0.0,33.0,0.0,-0.8347825277234868,False,0.42044811695456114,False,-0.8347825277234868,False,0.28483990265687403,False,0.15070066452026368,False
2027,B,2509,1780508940.0,False,-1,,17,False,0.0,20.0,0.0,-1.3175199041995427,False,0.36937064801592795,False,-1.3175199041995427,False,0.2841063125275758,False,0.14203858375549314,False
2027,B,2510,1780509000.0,False,-1,,17,False,0.0,29.0,0.0,-0.8660110564269363,False,0.37935537293505206,False,-0.8660110564269363,False,0.28468258503274285,False,0.15686779022216796,False
2027,B,2511,1780509060.0,False,-1,,17,False,0.0,28.0,0.0,-1.2511550344528093,False,0.3686741157113326,False,-1.2511550344528093,False,0.28463644685275474,False,0.15479826927185059,False
2027,B,2512,1780509120.0,False,-1,,17,False,0.0,30.0,0.0,-0.6858944793134905,False,0.38252465216995735,False,-0.6858944793134905,False,0.2847257307483576,False,0.1388563632965088,False
2027,B,2513,1780509180.0,True,208,config_error,17,False,0.0,22.0,0.0,4.468982922455749,True,0.4847933181264427,False,4.468982922455749,True,0.9999997612735555,True,10.0,True
2027,B,2514,1780509240.0,True,208,config_error,17,False,0.0,29.0,0.0,4.468984006653922,True,0.5040477425737545,False,4.468984006653922,True,0.9999981624948198,True,26.0,True
2027,B,2515,1780509300.0,True,208,config_error,17,False,0.0,24.0,0.0,4.468984006653888,True,0.508769102444094,False,4.468984006653888,True,0.999998065487105,True,24.0,True
2027,B,2516,1780509360.0,True,208,config_error,17,False,0.0,36.0,0.0,4.468984006654057,True,0.5451079693562134,False,4.468984006654057,True,0.999997410424766,True,33.0,True
2027,B,2517,1780509420.0,True,208,config_error,17,False,0.0,31.0,0.0,4.468983903889055,True,0.4940680293724754,False,4.468983903889055,True,0.9999996554310114,True,12.0,True
2027,B,2518,1780509480.0,False,-1,,17,False,0.0,35.0,0.0,-0.7957985856383534,False,0.4154727853845964,False,-0.7957985856383534,False,0.28490544893547115,False,0.19970803260803194,False
2027,B,2519,1780509540.0,False,-1,,17,False,1.0,22.0,0.0,-0.09631080268592473,False,0.5870171214521461,False,-0.09631080268592473,False,4.9800561536119454e-05,False,0.13915371894836423,False
2027,B,2520,1780509600.0,False,-1,,17,False,0.0,29.0,0.0,-1.1504472286152367,False,0.3722489466085823,False,-1.1504472286152367,False,0.28468258503274285,False,0.1752760887145996,False
2027,B,2521,1780509660.0,False,-1,,17,False,0.0,29.0,0.0,-0.7510969720555245,False,0.37919510904057524,False,-0.7510969720555245,False,0.28468258503274285,False,0.13902568817138672,False
2027,B,2522,1780509720.0,False,-1,,17,False,0.0,28.0,0.0,-0.255130648348052,False,0.38476849552726816,False,-0.255130648348052,False,0.28463644685275474,False,0.16130502223968507,False
2027,B,2523,1780509780.0,False,-1,,17,False,0.0,24.0,0.0,-1.4282005683450674,False,0.36297718228311593,False,-1.4282005683450674,False,0.28441457271463133,False,0.15338666439056398,False
2027,B,2524,1780509840.0,False,-1,,17,False,0.0,32.0,0.0,-1.1114166732129513,False,0.39005669598170517,False,-1.1114166732129513,False,0.2848041541702264,False,0.154440975189209,False
2027,B,2525,1780509900.0,False,-1,,17,False,0.0,26.0,0.0,-0.5028589138365946,False,0.39234937768536166,False,-0.5028589138365946,False,0.28453382775325387,False,0.13511121273040771,False
2027,B,2526,1780509960.0,False,-1,,17,False,0.0,35.0,0.0,0.5030571360278864,False,0.5896311655793728,False,0.5030571360278864,False,0.00026252636338093815,False,1.0,False
2027,B,2527,1780510020.0,False,-1,,17,False,0.0,30.0,0.0,-1.3202221899653548,False,0.3737688551999641,False,-1.3202221899653548,False,0.2847257307483576,False,0.17802634239196777,False
2027,B,2528,1780510080.0,True,209,dependency_timeout,17,False,2.0,25.0,0.0,4.468984006654058,True,0.6917220038627591,True,4.468984006654058,True,1.0,True,3000000000.0,True
2027,B,2529,1780510140.0,True,209,dependency_timeout,17,False,2.0,24.0,0.0,4.468984006654058,True,0.6854060376011937,False,4.468984006654058,True,1.0,True,1999999999.9999998,True
2027,B,2530,1780510200.0,True,209,dependency_timeout,17,False,2.0,37.0,0.0,4.468984006654058,True,0.6987914776516445,True,4.468984006654058,True,1.0,True,999999999.9999999,True
2027,B,2531,1780510260.0,True,209,dependency_timeout,17,False,1.0,26.0,0.0,4.468984006654058,True,0.6704166000892813,False,4.468984006654058,True,1.0,True,999999999.9999999,True
2027,B,2532,1780510320.0,False,-1,,17,False,0.0,29.0,0.0,-1.0579592647923937,False,0.3835267089832608,False,-1.0579592647923937,False,0.28468258503274285,False,0.1463513374328613,False
2027,B,2533,1780510380.0,False,-1,,17,False,0.0,26.0,0.0,-0.9681142302221426,False,0.37765088723411677,False,-0.9681142302221426,False,0.28453382775325387,False,0.1383495330810547,False
2027,B,2534,1780510440.0,False,-1,,17,False,0.0,31.0,0.0,-0.29848512946707295,False,0.43653396544467044,False,-0.29848512946707295,False,0.2847661702806276,False,0.17786455154418943,False
2027,B,2535,1780510500.0,False,-1,,17,False,0.0,30.0,0.0,-0.9132942868440397,False,0.3767937144948995,False,-0.9132942868440397,False,0.2847257307483576,False,0.16487503051757812,False
2027,B,2536,1780510560.0,False,-1,,17,False,0.0,33.0,0.0,-0.4701182214913606,False,0.3987929254020305,False,-0.4701182214913606,False,0.28483990265687403,False,0.13406639099121095,False
2027,B,2537,1780510620.0,False,-1,,17,False,0.0,28.0,0.0,-0.7087926206182766,False,0.40187535869279034,False,-0.7087926206182766,False,0.28463644685275474,False,0.17821872234344482,False
2027,B,2538,1780510680.0,True,210,permission_denied,17,False,0.0,31.0,0.0,4.468669053655686,True,0.48416239425904367,False,4.468669053655686,True,1.0,True,6.0,True
2027,B,2539,1780510740.0,True,210,permission_denied,17,False,0.0,28.0,0.0,4.4686826799075785,True,0.4994927292355331,False,4.4686826799075785,True,1.0,True,6.0,True
2027,B,2540,1780510800.0,True,210,permission_denied,17,False,0.0,28.0,0.0,-0.7993526114740348,False,0.37280051818807697,False,-0.7993526114740348,False,0.28463644685275474,False,0.1487804412841797,False
2027,B,2541,1780510860.0,False,-1,,17,False,0.0,37.0,0.0,-0.18916220916634074,False,0.4307785771919654,False,-0.18916220916634074,False,0.28496411683017375,False,0.16312456130981445,False
2027,B,2542,1780510920.0,False,-1,,17,False,0.0,30.0,0.0,-1.181812321350142,False,0.3811378026883422,False,-1.181812321350142,False,0.2847257307483576,False,0.1822007417678833,False
2027,B,2543,1780510980.0,False,-1,,17,False,0.0,16.0,0.0,-1.1677394186825945,False,0.5631494609176232,False,-1.1677394186825945,False,9.605589912428212e-05,False,1.0,False
2027,B,2544,1780511040.0,False,-1,,17,False,0.0,23.0,0.0,-0.6567714142409287,False,0.3798779436592364,False,-0.6567714142409287,False,0.2843473600926415,False,0.16166729927062992,False
2027,B,2545,1780511100.0,False,-1,,17,False,0.0,17.0,0.0,-1.619408486616849,False,0.36915338321170754,False,-1.619408486616849,False,0.2837817646511713,False,0.1468198776245117,False
2027,B,2546,1780511160.0,False,-1,,17,False,0.0,26.0,0.0,-0.1951678968878232,False,0.550826439787807,False,-0.1951678968878232,False,0.0001828294616670113,False,1.0,False
2027,B,2547,1780511220.0,True,211,resource_exhaustion,17,False,5.0,33.0,0.0,4.468984006654058,True,0.7304642118215111,True,4.468984006654058,True,1.0,True,5000000000.0,True
2027,B,2548,1780511280.0,True,211,resource_exhaustion,17,False,4.0,29.0,0.0,4.468984006654058,True,0.7025038031773684,True,4.468984006654058,True,1.0,True,3999999999.9999995,True
2027,B,2549,1780511340.0,True,211,resource_exhaustion,17,False,3.0,22.0,0.0,4.468984006654058,True,0.7048235653376652,True,4.468984006654058,True,1.0,True,3000000000.0,True
2027,B,2550,1780511400.0,False,-1,,17,False,1.0,38.0,0.0,0.23873794486918687,False,0.6238900615742141,False,0.23873794486918687,False,0.00013281194831068184,False,0.19627616405487075,False
2027,B,2551,1780511460.0,False,-1,,17,False,0.0,30.0,0.0,-1.029543855981074,False,0.3751326036864436,False,-1.029543855981074,False,0.2847257307483576,False,0.1710674285888672,False
2027,B,2552,1780511520.0,False,-1,,17,False,0.0,27.0,0.0,-1.2937432691094104,False,0.36367223441506685,False,-1.2937432691094104,False,0.2845869875261109,False,0.15498695373535154,False
2027,B,2553,1780511580.0,False,-1,,17,False,0.0,26.0,0.0,-1.5018978362738284,False,0.3661943695463258,False,-1.5018978362738284,False,0.28453382775325387,False,0.17580091953277588,False
2027,B,2554,1780511640.0,False,-1,,17,False,0.0,27.0,0.0,-1.19388016025479,False,0.3688431204243102,False,-1.19388016025479,False,0.2845869875261109,False,0.15455846786499022,False
2027,B,2555,1780511700.0,False,-1,,17,False,0.0,31.0,0.0,-1.1018243313333453,False,0.38632269114315176,False,-1.1018243313333453,False,0.2847661702806276,False,0.1584029197692871,False
2027,B,2556,1780511760.0,False,-1,,17,False,0.0,19.0,0.0,-0.72504151954025,False,0.40378044496614923,False,-0.72504151954025,False,0.2840093691312235,False,0.12605061531066894,False
2027,B,2557,1780511820.0,False,-1,,17,False,0.0,29.0,0.0,-1.3557211503919087,False,0.37237290539372897,False,-1.3557211503919087,False,0.28468258503274285,False,0.17232484817504878,False
2027,B,2558,1780511880.0,False,-1,,17,False,0.0,23.0,0.0,-0.898031351548096,False,0.3913297348575695,False,-0.898031351548096,False,0.2843473600926415,False,0.132993221282959,False
2027,B,2559,1780511940.0,True,212,resource_exhaustion,17,False,0.0,29.0,0.0,4.468984006654058,True,0.4871935259485789,False,4.468984006654058,True,0.28468258503274285,False,0.29984197616577146,False
2027,B,2560,1780512000.0,True,212,resource_exhaustion,17,False,2.0,31.0,0.0,4.468984006654058,True,0.7047574994232425,True,4.468984006654058,True,1.0,True,3000000000.0,True
2027,B,2561,1780512060.0,True,212,resource_exhaustion,17,False,2.0,25.0,0.0,4.468984006654058,True,0.7018662789368454,True,4.468984006654058,True,1.0,True,3000000000.0,True
2027,B,2562,1780512120.0,True,212,resource_exhaustion,17,False,5.0,27.0,0.0,4.468984006654058,True,0.701901752545366,True,4.468984006654058,True,1.0,True,3999999999.9999995,True
2027,B,2563,1780512180.0,False,-1,,17,False,0.0,28.0,0.0,-1.2310465423928632,False,0.3672894475820735,False,-1.2310465423928632,False,0.28463644685275474,False,0.16218905448913573,False
2027,B,2564,1780512240.0,False,-1,,17,False,0.0,28.0,0.0,-1.0669630425052965,False,0.3667494687344526,False,-1.0669630425052965,False,0.28463644685275474,False,0.14953198432922363,False
2027,B,2565,1780512300.0,False,-1,,17,False,0.0,39.0,0.0,-0.9672984654877794,False,0.4269076711603774,False,-0.9672984654877794,False,0.2850169472102008,False,0.16398611068725583,False
2027,B,2566,1780512360.0,False,-1,,17,False,1.0,29.0,0.0,-0.438653319819978,False,0.586807877665264,False,-0.438653319819978,False,8.404180132836849e-05,False,0.18530740737915036,False
2027,B,2567,1780512420.0,False,-1,,17,False,0.0,32.0,0.0,-0.4576287931885288,False,0.40085006008808355,False,-0.4576287931885288,False,0.2848041541702264,False,0.17835550308227544,False
2027,B,2568,1780512480.0,False,-1,,17,False,0.0,18.0,0.0,-0.5904301194398371,False,0.39287312625089116,False,-0.5904301194398371,False,0.28390181531234,False,0.15413706302642818,False
2027,B,2569,1780512540.0,False,-1,,17,False,0.0,27.0,0.0,-1.139218904665963,False,0.38725302023734104,False,-1.139218904665963,False,0.2845869875261109,False,0.19030060768127438,False
2027,B,2570,1780512600.0,False,-1,,17,False,0.0,24.0,0.0,-1.338567050569318,False,0.3686135368971203,False,-1.338567050569318,False,0.28441457271463133,False,0.1839442491531372,False
2027,B,2571,1780512660.0,False,-1,,17,False,0.0,30.0,0.0,-1.17760808355232,False,0.38328922480289823,False,-1.17760808355232,False,0.2847257307483576,False,0.16810390949249268,False
2027,B,2572,1780512720.0,True,213,dependency_timeout,17,False,1.0,36.0,0.0,4.468984006654058,True,0.6780493849308161,False,4.468984006654058,True,1.0,True,999999999.9999999,True
2027,B,2573,1780512780.0,True,213,dependency_timeout,17,False,2.0,31.0,0.0,4.468984006654058,True,0.6935532047858379,True,4.468984006654058,True,1.0,True,1999999999.9999998,True
2027,B,2574,1780512840.0,True,213,dependency_timeout,17,False,1.0,21.0,0.0,4.468984006654058,True,0.6716705520216344,False,4.468984006654058,True,1.0,True,999999999.9999999,True
2027,B,2575,1780512900.0,True,213,dependency_timeout,17,False,1.0,28.0,0.0,4.468984006654058,True,0.6725094513961621,False,4.468984006654058,True,1.0,True,999999999.9999999,True
2027,B,2576,1780512960.0,False,-1,,17,False,0.0,33.0,0.0,-0.955579598180937,False,0.3939871656658039,False,-0.955579598180937,False,0.28483990265687403,False,0.1820058822631836,False
2027,B,2577,1780513020.0,False,-1,,17,False,0.0,32.0,0.0,-1.1080295581975923,False,0.39103453184912645,False,-1.1080295581975923,False,0.2848041541702264,False,0.17953028678894045,False
2027,B,2578,1780513080.0,False,-1,,17,False,0.0,33.0,0.0,-0.7811894110550028,False,0.4037546215269808,False,-0.7811894110550028,False,0.28483990265687403,False,0.19453897476196289,False
2027,B,2579,1780513140.0,False,-1,,17,False,0.0,21.0,0.0,-0.9821325412739723,False,0.38475528182439395,False,-0.9821325412739723,False,0.2841941673899105,False,0.14279127120971682,False
2027,B,2580,1780513200.0,False,-1,,17,False,0.0,28.0,0.0,-0.5499583142845248,False,0.5524100398152998,False,-0.5499583142845248,False,0.00020053095179583763,False,1.0,False
2027,B,2581,1780513260.0,False,-1,,17,False,0.0,27.0,0.0,0.3522867782243617,False,0.567642888245224,False,0.3522867782243617,False,0.0001916755188397717,False,1.0,False
2027,B,2582,1780513320.0,False,-1,,17,False,0.0,23.0,0.0,-1.0951869318497014,False,0.3746901218279459,False,-1.0951869318497014,False,0.2843473600926415,False,0.1760264873504639,False
2027,B,2583,1780513380.0,True,214,permission_denied,17,False,0.0,27.0,0.0,4.468910896853672,True,0.4732944416963948,False,4.468910896853672,True,1.0,True,7.0,True
2027,B,2584,1780513440.0,True,214,permission_denied,17,False,0.0,20.0,0.0,4.416080419283476,True,0.47046227849903693,False,4.416080419283476,True,1.0,True,3.0,True
2027,B,2585,1780513500.0,True,214,permission_denied,17,False,0.0,22.0,0.0,4.468968525756978,True,0.479025168502181,False,4.468968525756978,True,1.0,True,8.0,True
2027,B,2586,1780513560.0,True,214,permission_denied,17,False,0.0,23.0,0.0,4.419001960425865,True,0.4779895153731906,False,4.419001960425865,True,1.0,True,3.0,True
2027,B,2587,1780513620.0,False,-1,,17,False,0.0,34.0,0.0,-0.853502315620914,False,0.39515687736258925,False,-0.853502315620914,False,0.28487361015134033,False,0.14808020591735838,False
2027,B,2588,1780513680.0,False,-1,,17,False,0.0,19.0,0.0,-0.7896058891592963,False,0.37480199667776304,False,-0.7896058891592963,False,0.2840093691312235,False,0.13112797737121581,False
2027,B,2589,1780513740.0,False,-1,,17,False,0.0,32.0,0.0,-1.110183733129734,False,0.39120543655443213,False,-1.110183733129734,False,0.2848041541702264,False,0.15878033638000488,False
2027,B,2590,1780513800.0,False,-1,,17,False,1.0,35.0,0.0,0.5298962157553984,False,0.6139288955135871,False,0.5298962157553984,False,0.0001161505018690594,False,0.19159064292907693,False
2027,B,2591,1780513860.0,False,-1,,17,False,0.0,32.0,0.0,-0.6608777168180238,False,0.3909032512671271,False,-0.6608777168180238,False,0.2848041541702264,False,0.14739801883697512,False
2027,B,2592,1780513920.0,False,-1,,17,False,0.0,30.0,0.0,-0.9588024359815259,False,0.3738274304403471,False,-0.9588024359815259,False,0.2847257307483576,False,0.14961929321289064,False
2027,B,2593,1780513980.0,True,215,config_error,17,False,0.0,24.0,0.0,4.468983798423562,True,0.5077619731812073,False,4.468983798423562,True,0.9999997025179362,True,11.0,True
2027,B,2594,1780514040.0,True,215,config_error,17,False,0.0,20.0,0.0,4.468984005691472,True,0.488322441540125,False,4.468984005691472,True,0.9999992211330426,True,16.0,True
2027,B,2595,1780514100.0,True,215,config_error,17,False,0.0,25.0,0.0,4.4689840066539785,True,0.5046819957983079,False,4.4689840066539785,True,0.9999979433580292,True,25.0,True
2027,B,2596,1780514160.0,True,215,config_error,17,False,0.0,32.0,0.0,4.4689840066538755,True,0.502506025385849,False,4.4689840066538755,True,0.9999982782659614,True,26.0,True
2027,B,2597,1780514220.0,True,215,config_error,17,False,0.0,23.0,0.0,4.4689836578178275,True,0.4742762609664222,False,4.4689836578178275,True,0.9999996990031619,True,11.0,True
2027,B,2598,1780514280.0,False,-1,,18,False,0.0,21.0,0.0,-0.86327493201998,False,0.3706486989203269,False,-0.86327493201998,False,0.2841941673899105,False,0.14661884307861328,False
2027,B,2599,1780514340.0,False,-1,,18,False,0.0,20.0,0.0,-1.2322555732676284,False,0.36700479809297154,False,-1.2322555732676284,False,0.2841063125275758,False,0.14761180877685545,False
2027,B,2600,1780514400.0,False,-1,,18,False,0.0,29.0,0.0,-0.5985835501190504,False,0.39506822958743437,False,-0.5985835501190504,False,0.28468258503274285,False,0.13663368225097655,False
2027,B,2601,1780514460.0,False,-1,,18,True,0.0,63.0,0.0,-0.3608367103463017,False,0.5287157701567666,False,-0.3608367103463017,False,0.2853950967842308,False,0.17123160362243653,False
2027,B,2602,1780514520.0,False,-1,,18,True,1.0,257.0,0.0,0.6162076202979265,False,0.7414517224571929,True,0.6162076202979265,False,0.0012311515244812872,False,0.1940526008605957,False
2027,B,2603,1780514580.0,False,-1,,18,True,0.0,240.0,0.0,1.444908571303377,True,0.7273158847349396,True,1.444908571303377,True,0.0016643206151687184,False,1.0,False
2027,B,2604,1780514640.0,False,-1,,18,False,0.0,34.0,0.0,-1.1680614798183129,False,0.3834270860251109,False,-1.1680614798183129,False,0.28487361015134033,False,0.16360015869140626,False
2027,B,2605,1780514700.0,False,-1,,18,False,0.0,27.0,0.0,-1.1563014627602284,False,0.39424768315887165,False,-1.1563014627602284,False,0.2845869875261109,False,0.17691903114318847,False
2027,B,2606,1780514760.0,False,-1,,18,False,0.0,40.0,0.0,-0.41905208080318435,False,0.44190148386766276,False,-0.41905208080318435,False,0.2850414420613889,False,0.14351558685302734,False
2027,B,2607,1780514820.0,True,216,config_error,18,False,0.0,24.0,0.0,4.468984002790446,True,0.47254479997133403,False,4.468984002790446,True,0.9999993803899474,True,15.0,True
2027,B,2608,1780514880.0,True,216,config_error,18,False,0.0,21.0,0.0,4.468984006644768,True,0.5130561092200069,False,4.468984006644768,True,0.9999986712220119,True,20.0,True
2027,B,2609,1780514940.0,True,216,config_error,18,False,0.0,35.0,0.0,4.468984006654054,True,0.5240773904643521,False,4.468984006654054,True,0.9999976817796832,True,31.0,True
2027,B,2610,1780515000.0,True,216,config_error,18,False,0.0,21.0,0.0,4.468984006626467,True,0.5348524957318074,False,4.468984006626467,True,0.9999988549636777,True,19.0,True
2027,B,2611,1780515060.0,False,-1,,18,False,0.0,23.0,0.0,-1.3662686321176256,False,0.37593384118295287,False,-1.3662686321176256,False,0.2843473600926415,False,0.16727690696716313,False
2027,B,2612,1780515120.0,False,-1,,18,False,0.0,30.0,0.0,-1.101678431599475,False,0.37977857503579576,False,-1.101678431599475,False,0.2847257307483576,False,0.15809798240661624,False
2027,B,2613,1780515180.0,False,-1,,18,False,0.0,30.0,0.0,-1.2749197388454085,False,0.378471888595442,False,-1.2749197388454085,False,0.2847257307483576,False,0.175688910484314,False
2027,B,2614,1780515240.0,False,-1,,18,False,0.0,27.0,0.0,-0.4572195724484853,False,0.3995061303680138,False,-0.4572195724484853,False,0.2845869875261109,False,0.14069147109985353,False
2027,B,2615,1780515300.0,False,-1,,18,False,1.0,29.0,0.0,-0.731324083573166,False,0.5804502023646594,False,-0.731324083573166,False,8.404180132836849e-05,False,0.15273141860961914,False
2027,B,2616,1780515360.0,False,-1,,18,False,0.0,36.0,0.0,-0.5357854617377908,False,0.41890047851221174,False,-0.5357854617377908,False,0.2849355722416572,False,0.17286920547485352,False
2027,B,2617,1780515420.0,False,-1,,18,False,0.0,27.0,0.0,-0.939260916735158,False,0.3702875118104942,False,-0.939260916735158,False,0.2845869875261109,False,0.1435626983642578,False
2027,B,2618,1780515480.0,True,217,config_error,18,False,0.0,23.0,0.0,4.41697931772025,True,0.4746650841520666,False,4.41697931772025,True,0.9999999962521202,True,3.0,True
2027,B,2619,1780515540.0,True,217,config_error,18,False,0.0,25.0,0.0,4.468984006651169,True,0.5002427602463438,False,4.468984006651169,True,0.9999985878188632,True,22.0,True
2027,B,2620,1780515600.0,True,217,config_error,18,False,0.0,21.0,0.0,4.468984006643313,True,0.5235782323102637,False,4.468984006643313,True,0.9999986712220119,True,20.0,True
2027,B,2621,1780515660.0,True,217,config_error,18,False,0.0,26.0,0.0,4.46898400665269,True,0.4984003243971992,False,4.46898400665269,True,0.9999984823210598,True,23.0,True
2027,B,2622,1780515720.0,True,217,config_error,18,False,0.0,26.0,0.0,4.46898397049978,True,0.4725942097964907,False,4.46898397049978,True,0.9999995648114182,True,13.0,True
2027,B,2623,1780515780.0,False,-1,,18,False,0.0,26.0,0.0,-1.31060613251908,False,0.3759890254990399,False,-1.31060613251908,False,0.28453382775325387,False,0.1559507846832275,False
2027,B,2624,1780515840.0,False,-1,,18,False,0.0,15.0,0.0,-1.2348845446991499,False,0.3808699556772001,False,-1.2348845446991499,False,0.28349405466720345,False,0.149965238571167,False
2027,B,2625,1780515900.0,False,-1,,18,False,0.0,23.0,0.0,-1.3851554132799624,False,0.3757133091584971,False,-1.3851554132799624,False,0.2843473600926415,False,0.15328283309936525,False
2027,B,2626,1780515960.0,False,-1,,18,False,0.0,27.0,0.0,-0.3396017539462024,False,0.41168972035180423,False,-0.3396017539462024,False,0.2845869875261109,False,0.15369715690612792,False
2027,B,2627,1780516020.0,False,-1,,18,False,0.0,20.0,0.0,-0.7798753291789016,False,0.37807154143291866,False,-0.7798753291789016,False,0.2841063125275758,False,0.14510686397552489,False
2027,B,2628,1780516080.0,False,-1,,18,False,0.0,21.0,0.0,-1.5602427051495322,False,0.37085184414929234,False,-1.5602427051495322,False,0.2841941673899105,False,0.16097545623779297,False
2027,B,2629,1780516140.0,False,-1,,18,False,0.0,26.0,0.0,-1.4896849364314582,False,0.362702852987705,False,-1.4896849364314582,False,0.28453382775325387,False,0.16774296760559082,False
2027,B,2630,1780516200.0,False,-1,,18,False,0.0,13.0,0.0,-1.7337222814466458,False,0.3826077124676828,False,-1.7337222814466458,False,0.2831179908395116,False,0.1512188911437988,False
2027,B,2631,1780516260.0,False,-1,,18,False,0.0,24.0,0.0,-1.0838832028446443,False,0.3707742914055513,False,-1.0838832028446443,False,0.28441457271463133,False,0.17462801933288574,False
2027,B,2632,1780516320.0,False,-1,,18,False,0.0,27.0,0.0,-0.8741097036328451,False,0.37201152219381656,False,-0.8741097036328451,False,0.2845869875261109,False,0.13761353492736816,False
2027,B,2633,1780516380.0,True,218,resource_exhaustion,18,False,0.0,34.0,0.0,4.468984006654057,True,0.4455393653784896,False,4.468984006654057,True,0.28487361015134033,False,0.1701875686645508,False
2027,B,2634,1780516440.0,True,218,resource_exhaustion,18,False,6.0,30.0,0.0,4.468984006654058,True,0.7032141913294659,True,4.468984006654058,True,1.0,True,6000000000.0,True
2027,B,2635,1780516500.0,True,218,resource_exhaustion,18,False,4.0,23.0,0.0,4.468984006654058,True,0.730680823094209,True,4.468984006654058,True,1.0,True,3999999999.9999995,True
2027,B,2636,1780516560.0,True,218,resource_exhaustion,18,False,9.0,21.0,0.0,4.468984006654058,True,0.7075658842229295,True,4.468984006654058,True,1.0,True,9000000000.0,True
2027,B,2637,1780516620.0,True,218,resource_exhaustion,18,False,0.0,32.0,0.0,-1.1006639500128763,False,0.39506367173293966,False,-1.1006639500128763,False,0.2848041541702264,False,0.19299790859222415,False
2027,B,2638,1780516680.0,False,-1,,18,False,0.0,26.0,0.0,-1.048274652041684,False,0.38266523078415865,False,-1.048274652041684,False,0.28453382775325387,False,0.1554572582244873,False
2027,B,2639,1780516740.0,False,-1,,18,False,0.0,26.0,0.0,-0.9701907144689663,False,0.39608000464137555,False,-0.9701907144689663,False,0.28453382775325387,False,0.15556573867797852,False
2027,B,2640,1780516800.0,False,-1,,18,False,0.0,21.0,0.0,-1.2353009926680594,False,0.3647634209809341,False,-1.2353009926680594,False,0.2841941673899105,False,0.14479541778564456,False
2027,B,2641,1780516860.0,False,-1,,18,False,1.0,25.0,0.0,0.044704538689988915,False,0.5851354187208255,False,0.044704538689988915,False,6.392759599210358e-05,False,0.11873788833618164,False
2027,B,2642,1780516920.0,False,-1,,18,False,0.0,21.0,0.0,-0.6361686371363184,False,0.37903438422492247,False,-0.6361686371363184,False,0.2841941673899105,False,0.13104724884033203,False
2027,B,2643,1780516980.0,False,-1,,18,False,0.0,28.0,0.0,-1.142506026923801,False,0.380126225412103,False,-1.142506026923801,False,0.28463644685275474,False,0.19301009178161624,False
2027,B,2644,1780517040.0,False,-1,,18,False,0.0,25.0,0.0,-0.8182811359039501,False,0.5482237378613983,False,-0.8182811359039501,False,0.0001739967291838886,False,1.0,False
2027,B,2645,1780517100.0,False,-1,,18,False,0.0,18.0,0.0,-1.2106198399976815,False,0.4009638481630787,False,-1.2106198399976815,False,0.28390181531234,False,0.20240712165832506,False
2027,B,2646,1780517160.0,False,-1,,18,False,0.0,24.0,0.0,-1.162034271456597,False,0.38278673226888116,False,-1.162034271456597,False,0.28441457271463133,False,0.19681379795074463,False
2027,B,2647,1780517220.0,True,219,dependency_timeout,18,False,0.0,31.0,0.0,4.468984006654058,True,0.5212868753884778,False,4.468984006654058,True,1.0,True,999999999.9999999,True
2027,B,2648,1780517280.0,True,219,dependency_timeout,18,False,4.0,28.0,0.0,4.468984006654058,True,0.6871261455155225,True,4.468984006654058,True,1.0,True,3000000000.0,True
2027,B,2649,1780517340.0,True,219,dependency_timeout,18,False,1.0,25.0,0.0,4.468984006654058,True,0.6642595334515135,False,4.468984006654058,True,1.0,True,3000000000.0,True
2027,B,2650,1780517400.0,True,219,dependency_timeout,18,False,2.0,23.0,0.0,4.468984006654058,True,0.6823268889985712,False,4.468984006654058,True,1.0,True,20.035677909851078,True
2027,B,2651,1780517460.0,False,-1,,18,False,0.0,30.0,0.0,-0.9665500863655883,False,0.37760444737987164,False,-0.9665500863655883,False,0.2847257307483576,False,0.14251494407653806,False
2027,B,2652,1780517520.0,False,-1,,18,False,0.0,30.0,0.0,-0.5714785232575874,False,0.3855308004116791,False,-0.5714785232575874,False,0.2847257307483576,False,0.16664414405822758,False
2027,B,2653,1780517580.0,False,-1,,18,False,0.0,22.0,0.0,-0.6697010362043754,False,0.3773830646364294,False,-0.6697010362043754,False,0.28427417542924155,False,0.13624327182769774,False
2027,B,2654,1780517640.0,False,-1,,18,False,0.0,28.0,0.0,-0.8310254830380597,False,0.3729718162770158,False,-0.8310254830380597,False,0.28463644685275474,False,0.15628392696380616,False
2027,B,2655,1780517700.0,False,-1,,18,False,0.0,24.0,0.0,-0.8702570906476659,False,0.38101598301834777,False,-0.8702570906476659,False,0.28441457271463133,False,0.13176119327545166,False
2027,B,2656,1780517760.0,False,-1,,18,False,0.0,28.0,0.0,-1.163459383576094,False,0.36627936004248135,False,-1.163459383576094,False,0.28463644685275474,False,0.1585921049118042,False
2027,B,2657,1780517820.0,False,-1,,18,False,0.0,30.0,0.0,-1.241019525497447,False,0.37723400615338587,False,-1.241019525497447,False,0.2847257307483576,False,0.18376870155334474,False
2027,B,2658,1780517880.0,False,-1,,18,False,0.0,18.0,0.0,-1.2888563959984056,False,0.3975983953236175,False,-1.2888563959984056,False,0.28390181531234,False,0.16253778934478758,False
2027,B,2659,1780517940.0,True,220,resource_exhaustion,18,False,0.0,21.0,0.0,4.468984006654058,True,0.5720622984853082,False,4.468984006654058,True,1.0,True,999999999.9999999,True
2027,B,2660,1780518000.0,True,220,resource_exhaustion,18,False,2.0,28.0,0.0,4.468984006654058,True,0.7007524737521741,True,4.468984006654058,True,1.0,True,1999999999.9999998,True
2027,B,2661,1780518060.0,True,220,resource_exhaustion,18,False,2.0,23.0,0.0,4.468984006654058,True,0.7037459602698217,True,4.468984006654058,True,1.0,True,3000000000.0,True
2027,B,2662,1780518120.0,True,220,resource_exhaustion,18,False,3.0,28.0,0.0,4.468984006654058,True,0.7015046182567647,True,4.468984006654058,True,1.0,True,1999999999.9999998,True
2027,B,2663,1780518180.0,False,-1,,18,False,1.0,25.0,0.0,-0.6314478808192323,False,0.5703735856625367,False,-0.6314478808192323,False,6.392759599210358e-05,False,0.14061107635498044,False
2027,B,2664,1780518240.0,False,-1,,18,False,0.0,29.0,0.0,-1.2298266078774427,False,0.37105130187937996,False,-1.2298266078774427,False,0.28468258503274285,False,0.15356721878051757,False
2027,B,2665,1780518300.0,False,-1,,18,False,0.0,24.0,0.0,-1.5073512319954423,False,0.35904047888338325,False,-1.5073512319954423,False,0.28441457271463133,False,0.15678210258483885,False
2027,B,2666,1780518360.0,False,-1,,18,False,0.0,23.0,0.0,-1.3773120743003364,False,0.37932283686762425,False,-1.3773120743003364,False,0.2843473600926415,False,0.1950729370117188,False
2027,B,2667,1780518420.0,False,-1,,18,True,0.0,194.0,0.0,1.461152541453076,True,0.7258452440787743,True,1.461152541453076,True,0.0014073570280134047,False,1.0,False
2027,B,2668,1780518480.0,False,-1,,18,True,0.0,231.0,0.0,0.041606875342973915,False,0.6728683039455697,False,0.041606875342973915,False,0.28585015332831964,False,0.17593193054199216,False
2027,B,2669,1780518540.0,True,221,permission_denied,18,True,0.0,57.0,0.0,4.433624897462374,True,0.5822112288423935,False,4.433624897462374,True,1.0,True,3.0,True
2027,B,2670,1780518600.0,True,221,permission_denied,18,False,0.0,23.0,0.0,4.468652859820265,True,0.47807071779034327,False,4.468652859820265,True,1.0,True,6.0,True
2027,B,2671,1780518660.0,True,221,permission_denied,18,False,0.0,15.0,0.0,4.259285223852075,True,0.49416094886203493,False,4.259285223852075,True,1.0,True,2.0,True
2027,B,2672,1780518720.0,True,221,permission_denied,18,False,0.0,27.0,0.0,4.468983891592681,True,0.46941428824704673,False,4.468983891592681,True,1.0,True,12.0,True
2027,B,2673,1780518780.0,True,221,permission_denied,18,False,0.0,24.0,0.0,4.4686664380963395,True,0.48390039461780016,False,4.4686664380963395,True,1.0,True,6.0,True
2027,B,2674,1780518840.0,False,-1,,18,False,0.0,19.0,0.0,-1.4293313048581338,False,0.36368562266036997,False,-1.4293313048581338,False,0.2840093691312235,False,0.15578169822692872,False
2027,B,2675,1780518900.0,False,-1,,18,False,0.0,27.0,0.0,-1.3798966626696085,False,0.3734510463296595,False,-1.3798966626696085,False,0.2845869875261109,False,0.18256993293762203,False
2027,B,2676,1780518960.0,False,-1,,18,False,0.0,21.0,0.0,0.5710956407216607,False,0.43319441624191884,False,0.5710956407216607,False,0.2841941673899105,False,0.14487600326538086,False
2027,B,2677,1780519020.0,False,-1,,18,False,0.0,28.0,0.0,-1.3438511153702173,False,0.36570271487322886,False,-1.3438511153702173,False,0.28463644685275474,False,0.16654107570648194,False
2027,B,2678,1780519080.0,False,-1,,18,False,0.0,26.0,0.0,-1.4717600320609732,False,0.3666038776174388,False,-1.4717600320609732,False,0.28453382775325387,False,0.17970263957977295,False
2027,B,2679,1780519140.0,False,-1,,18,False,0.0,15.0,0.0,-0.7364240545510636,False,0.39531350681080285,False,-0.7364240545510636,False,0.28349405466720345,False,0.15980043411254882,False
2027,B,2680,1780519200.0,False,-1,,18,False,0.0,16.0,0.0,-1.4449945996756597,False,0.3750950201281573,False,-1.4449945996756597,False,0.2836468492771186,False,0.16154301166534424,False
2027,B,2681,1780519260.0,False,-1,,18,False,0.0,32.0,0.0,-0.7625388603165844,False,0.39432824342663475,False,-0.7625388603165844,False,0.2848041541702264,False,0.15902419090270997,False
2027,B,2682,1780519320.0,True,222,config_error,18,False,0.0,25.0,0.0,4.468966481943321,True,0.4688191615182916,False,4.468966481943321,True,0.9999998735796618,True,8.0,True
2027,B,2683,1780519380.0,True,222,config_error,18,False,0.0,20.0,0.0,4.468984006576811,True,0.5265855578696377,False,4.468984006576811,True,0.9999989590903117,True,18.0,True
2027,B,2684,1780519440.0,True,222,config_error,18,False,0.0,22.0,0.0,4.468984006640349,True,0.5105781247624599,False,4.468984006640349,True,0.9999987494107824,True,20.0,True
2027,B,2685,1780519500.0,True,222,config_error,18,False,0.0,13.0,0.0,4.468971689164362,True,0.4942555220338746,False,4.468971689164362,True,0.9999998493866689,True,8.0,True
2027,B,2686,1780519560.0,False,-1,,18,False,0.0,24.0,0.0,-0.8863544801444405,False,0.3750723006579475,False,-0.8863544801444405,False,0.28441457271463133,False,0.14119031429290774,False
2027,B,2687,1780519620.0,False,-1,,18,False,0.0,27.0,0.0,-0.5124440016576992,False,0.3834753999218105,False,-0.5124440016576992,False,0.2845869875261109,False,0.1585182666778564,False
2027,B,2688,1780519680.0,False,-1,,18,False,0.0,23.0,0.0,-1.402434904955828,False,0.359965387100559,False,-1.402434904955828,False,0.2843473600926415,False,0.1668730735778809,False
2027,B,2689,1780519740.0,False,-1,,18,False,0.0,22.0,0.0,-1.4731071520711643,False,0.369819211563244,False,-1.4731071520711643,False,0.28427417542924155,False,0.16804904937744142,False
2027,B,2690,1780519800.0,False,-1,,18,False,0.0,22.0,0.0,-1.070245107312032,False,0.3665998302144026,False,-1.070245107312032,False,0.28427417542924155,False,0.15412964820861816,False
2027,B,2691,1780519860.0,False,-1,,18,False,1.0,14.0,0.0,-0.8221749675140533,False,0.5944295709610354,False,-0.8221749675140533,False,1.8227833337805286e-05,False,0.13957788944244384,False
2027,B,2692,1780519920.0,False,-1,,18,False,0.0,19.0,0.0,-1.632835358748074,False,0.3690758614991107,False,-1.632835358748074,False,0.2840093691312235,False,0.15278563499450684,False
2027,B,2693,1780519980.0,False,-1,,18,False,0.0,13.0,0.0,-1.4926952379929475,False,0.3797303511197182,False,-1.4926952379929475,False,0.2831179908395116,False,0.14493656158447263,False
2027,B,2694,1780520040.0,False,-1,,18,False,0.0,26.0,0.0,-1.4585603699491,False,0.36028902487543196,False,-1.4585603699491,False,0.28453382775325387,False,0.16539454460144043,False
2027,B,2695,1780520100.0,True,223,dependency_timeout,18,False,0.0,13.0,0.0,4.468984006654058,True,0.5453849158198938,False,4.468984006654058,True,1.0,True,999999999.9999999,True
2027,B,2696,1780520160.0,True,223,dependency_timeout,18,False,3.0,23.0,0.0,4.468984006654058,True,0.6871897922641693,True,4.468984006654058,True,1.0,True,1999999999.9999998,True
2027,B,2697,1780520220.0,True,223,dependency_timeout,18,False,1.0,24.0,0.0,4.468984006654058,True,0.6738411162224615,False,4.468984006654058,True,1.0,True,1999999999.9999998,True
2027,B,2698,1780520280.0,True,223,dependency_timeout,18,False,1.0,19.0,0.0,4.468984006654058,True,0.6704137258778838,False,4.468984006654058,True,1.0,True,20.05405230522156,True
2027,B,2699,1780520340.0,True,223,dependency_timeout,18,False,0.0,21.0,0.0,4.468984006654058,True,0.5390493061132792,False,4.468984006654058,True,1.0,True,999999999.9999999,True
2027,B,2700,1780520400.0,False,-1,,18,False,0.0,21.0,0.0,-1.202009854386083,False,0.3665546188947727,False,-1.202009854386083,False,0.2841941673899105,False,0.14289236068725586,False
2027,B,2701,1780520460.0,False,-1,,18,False,0.0,18.0,0.0,-1.6267003533777737,False,0.3680313415377946,False,-1.6267003533777737,False,0.28390181531234,False,0.15607852935791014,False
2027,B,2702,1780520520.0,False,-1,,18,False,0.0,20.0,0.0,-1.4323598703097469,False,0.3801588320782541,False,-1.4323598703097469,False,0.2841063125275758,False,0.18972382545471184,False
2027,B,2703,1780520580.0,False,-1,,18,False,0.0,18.0,0.0,-0.7000108743940485,False,0.38521898573347185,False,-0.7000108743940485,False,0.28390181531234,False,0.156285810470581,False
2027,B,2704,1780520640.0,False,-1,,18,False,0.0,20.0,0.0,-0.29977766409676665,False,0.4094075135295936,False,-0.29977766409676665,False,0.2841063125275758,False,0.12377753257751467,False
2027,B,2705,1780520700.0,False,-1,,18,False,0.0,17.0,0.0,-0.9026538765630656,False,0.3794609803666139,False,-0.9026538765630656,False,0.2837817646511713,False,0.13414449691772462,False
2027,B,2706,1780520760.0,False,-1,,18,False,0.0,20.0,0.0,-1.576248469524609,False,0.3662028450360427,False,-1.576248469524609,False,0.2841063125275758,False,0.16176207065582268,False
2027,B,2707,1780520820.0,False,-1,,18,False,0.0,20.0,0.0,-1.6282726694640566,False,0.3638491583539409,False,-1.6282726694640566,False,0.2841063125275758,False,0.1608480215072631,False
2027,B,2708,1780520880.0,False,-1,,18,False,0.0,16.0,0.0,-1.5742637617039072,False,0.37720596111807353,False,-1.5742637617039072,False,0.2836468492771186,False,0.14582514762878418,False
2027,B,2709,1780520940.0,True,224,permission_denied,18,False,0.0,21.0,0.0,3.4837626804877644,True,0.48115815138462825,False,3.4837626804877644,True,1.0,True,1.0,False
2027,B,2710,1780521000.0,True,224,permission_denied,18,False,0.0,19.0,0.0,4.467193163143204,True,0.4688871317484657,False,4.467193163143204,True,1.0,True,5.0,True
2027,B,2711,1780521060.0,True,224,permission_denied,18,False,0.0,16.0,0.0,4.467284598174421,True,0.47870859799878834,False,4.467284598174421,True,1.0,True,5.0,True
2027,B,2712,1780521120.0,True,224,permission_denied,18,False,0.0,23.0,0.0,4.468982864694944,True,0.47460211127182084,False,4.468982864694944,True,1.0,True,10.0,True
2027,B,2713,1780521180.0,True,224,permission_denied,18,False,0.0,23.0,0.0,4.467292008100299,True,0.47967657553141435,False,4.467292008100299,True,1.0,True,5.0,True
2027,B,2714,1780521240.0,False,-1,,18,False,0.0,19.0,0.0,-1.2160531946459718,False,0.37670608200627165,False,-1.2160531946459718,False,0.2840093691312235,False,0.14977378845214845,False
2027,B,2715,1780521300.0,False,-1,,18,False,0.0,24.0,0.0,-1.5497879067252018,False,0.35953704843175616,False,-1.5497879067252018,False,0.28441457271463133,False,0.1628619909286499,False
2027,B,2716,1780521360.0,False,-1,,18,False,0.0,23.0,0.0,-1.5949506297028053,False,0.3618834921839354,False,-1.5949506297028053,False,0.2843473600926415,False,0.1671278476715088,False
2027,B,2717,1780521420.0,False,-1,,18,False,0.0,19.0,0.0,-0.9301973451918082,False,0.37493304805874617,False,-0.9301973451918082,False,0.2840093691312235,False,0.13593783378601074,False
2027,B,2718,1780521480.0,False,-1,,18,False,0.0,21.0,0.0,-1.0864483140067707,False,0.3809043706142691,False,-1.0864483140067707,False,0.2841941673899105,False,0.13182544708251953,False
2027,B,2719,1780521540.0,False,-1,,18,False,0.0,20.0,0.0,-0.7514711960825204,False,0.5647429986918389,False,-0.7514711960825204,False,0.00013020858889629245,False,1.0,False
2027,B,2720,1780521600.0,False,-1,,18,False,0.0,20.0,0.0,-0.7198043422914937,False,0.3803485998359866,False,-0.7198043422914937,False,0.2841063125275758,False,0.12623558044433592,False
2027,B,2721,1780521660.0,False,-1,,18,False,0.0,17.0,0.0,-1.0328701197461143,False,0.38093276316269387,False,-1.0328701197461143,False,0.2837817646511713,False,0.12978334426879884,False
2027,B,2722,1780521720.0,False,-1,,18,False,0.0,21.0,0.0,-1.3474720110181657,False,0.3605545479553351,False,-1.3474720110181657,False,0.2841941673899105,False,0.15568399429321292,False
2027,B,2723,1780521780.0,True,225,permission_denied,18,False,0.0,30.0,0.0,3.5435532661150866,True,0.4783565483997121,False,3.5435532661150866,True,1.0,True,1.0,False
2027,B,2724,1780521840.0,True,225,permission_denied,18,False,0.0,16.0,0.0,4.468647149557515,True,0.47706166589894383,False,4.468647149557515,True,1.0,True,6.0,True
2027,B,2725,1780521900.0,True,225,permission_denied,18,False,0.0,21.0,0.0,4.468979922160576,True,0.48716252552177136,False,4.468979922160576,True,1.0,True,9.0,True
2027,B,2726,1780521960.0,True,225,permission_denied,18,False,0.0,19.0,0.0,4.468669630971806,True,0.4800380924973243,False,4.468669630971806,True,1.0,True,6.0,True
2027,B,2727,1780522020.0,False,-1,,18,False,0.0,25.0,0.0,-0.49806886812467344,False,0.3929534074488153,False,-0.49806886812467344,False,0.2844765274040158,False,0.14904203414916992,False
2027,B,2728,1780522080.0,False,-1,,18,False,0.0,17.0,0.0,-0.5599287063621237,False,0.38393152536823894,False,-0.5599287063621237,False,0.2837817646511713,False,0.13174972534179688,False
2027,B,2729,1780522140.0,False,-1,,18,False,0.0,28.0,0.0,-0.590155191643535,False,0.38414564220821273,False,-0.590155191643535,False,0.28463644685275474,False,0.13839123249053956,False
2027,B,2730,1780522200.0,False,-1,,18,False,0.0,14.0,0.0,-1.1456899834599303,False,0.41775573739864313,False,-1.1456899834599303,False,0.28331948112322897,False,0.20636794567108147,False
2027,B,2731,1780522260.0,False,-1,,18,False,0.0,17.0,0.0,-0.699021406394543,False,0.39324306507944506,False,-0.699021406394543,False,0.2837817646511713,False,0.1565434455871582,False
2027,B,2732,1780522320.0,True,226,dependency_timeout,18,False,0.0,14.0,0.0,-1.7949544039517367,False,0.38005346251116073,False,-1.7949544039517367,False,0.28331948112322897,False,0.1571646690368652,False
2027,B,2733,1780522380.0,True,226,dependency_timeout,18,False,1.0,16.0,0.0,4.468984006654058,True,0.6831690196725813,False,4.468984006654058,True,1.0,True,999999999.9999999,True
2027,B,2734,1780522440.0,True,226,dependency_timeout,18,False,2.0,17.0,0.0,4.468984006654058,True,0.7030419991361561,True,4.468984006654058,True,1.0,True,1999999999.9999998,True
2027,B,2735,1780522500.0,True,226,dependency_timeout,18,False,3.0,16.0,0.0,4.468984006654058,True,0.6953617932099624,True,4.468984006654058,True,1.0,True,3000000000.0,True
2027,B,2736,1780522560.0,True,226,dependency_timeout,18,False,1.0,22.0,0.0,4.468984006654058,True,0.6552548346316166,False,4.468984006654058,True,1.0,True,999999999.9999999,True
2027,B,2737,1780522620.0,False,-1,,18,False,0.0,23.0,0.0,-1.3638542660400388,False,0.3702777049975199,False,-1.3638542660400388,False,0.2843473600926415,False,0.16488127708435057,False
2027,B,2738,1780522680.0,False,-1,,18,False,0.0,18.0,0.0,-1.5399678680857658,False,0.3675492801688826,False,-1.5399678680857658,False,0.28390181531234,False,0.14605605602264404,False
2027,B,2739,1780522740.0,False,-1,,18,False,0.0,20.0,0.0,-1.5176570949356014,False,0.3627357589796597,False,-1.5176570949356014,False,0.2841063125275758,False,0.17299413681030273,False
2027,B,2740,1780522800.0,False,-1,,18,False,0.0,18.0,0.0,-0.5689514121488655,False,0.3840624750995266,False,-0.5689514121488655,False,0.28390181531234,False,0.12118320465087891,False
2027,B,2741,1780522860.0,False,-1,,18,False,0.0,20.0,0.0,-1.2493502721371614,False,0.37221592793405545,False,-1.2493502721371614,False,0.2841063125275758,False,0.13650851249694823,False
2027,B,2742,1780522920.0,False,-1,,18,False,0.0,18.0,0.0,-1.432623306343121,False,0.3828006707661421,False,-1.432623306343121,False,0.28390181531234,False,0.15484709739685054,False
2027,B,2743,1780522980.0,True,227,resource_exhaustion,18,False,0.0,20.0,0.0,4.468984006654058,True,0.5283777144700864,False,4.468984006654058,True,0.2841063125275758,False,0.23581774234771724,False
2027,B,2744,1780523040.0,True,227,resource_exhaustion,18,False,2.0,22.0,0.0,4.468984006654058,True,0.6919084118847884,True,4.468984006654058,True,1.0,True,1999999999.9999998,True
2027,B,2745,1780523100.0,True,227,resource_exhaustion,18,False,2.0,17.0,0.0,4.468984006654058,True,0.6853788266665113,False,4.468984006654058,True,1.0,True,999999999.9999999,True
2027,B,2746,1780523160.0,False,-1,,19,False,0.0,12.0,0.0,-0.46845786691685376,False,0.5830620414470216,False,-0.46845786691685376,False,6.347992804201796e-05,False,1.0,False
2027,B,2747,1780523220.0,False,-1,,19,False,0.0,24.0,0.0,-1.0479276675306348,False,0.36866012722681,False,-1.0479276675306348,False,0.28441457271463133,False,0.16663060188293458,False
2027,B,2748,1780523280.0,False,-1,,19,False,0.0,17.0,0.0,-1.4862763666164884,False,0.3739376067495502,False,-1.4862763666164884,False,0.2837817646511713,False,0.15435657501220704,False
2027,B,2749,1780523340.0,False,-1,,19,False,0.0,13.0,0.0,-1.6660938280384077,False,0.38086430909421426,False,-1.6660938280384077,False,0.2831179908395116,False,0.15382175445556637,False
2027,B,2750,1780523400.0,False,-1,,19,False,0.0,20.0,0.0,-0.6458654451642127,False,0.396699587586053,False,-0.6458654451642127,False,0.2841063125275758,False,0.13197946548461914,False
2027,B,2751,1780523460.0,False,-1,,19,False,0.0,22.0,0.0,-1.4525008386747835,False,0.3620493185787772,False,-1.4525008386747835,False,0.28427417542924155,False,0.1629917860031128,False
2027,B,2752,1780523520.0,False,-1,,19,False,0.0,20.0,0.0,-1.5684585591740472,False,0.36410128240290085,False,-1.5684585591740472,False,0.2841063125275758,False,0.15646572113037108,False
2027,B,2753,1780523580.0,False,-1,,19,False,0.0,17.0,0.0,-1.321790751740064,False,0.37196674430673743,False,-1.321790751740064,False,0.2837817646511713,False,0.15554313659667968,False
2027,B,2754,1780523640.0,False,-1,,19,False,0.0,22.0,0.0,-1.2308417647454872,False,0.36804482165821617,False,-1.2308417647454872,False,0.28427417542924155,False,0.14436836242675782,False
2027,B,2755,1780523700.0,True,228,resource_exhaustion,19,False,0.0,27.0,0.0,4.468984006654058,True,0.5433350768998468,False,4.468984006654058,True,1.0,True,1999999999.9999998,True
2027,B,2756,1780523760.0,True,228,resource_exhaustion,19,False,7.0,28.0,0.0,4.468984006654058,True,0.7058447447677713,True,4.468984006654058,True,1.0,True,6000000000.0,True
2027,B,2757,1780523820.0,True,228,resource_exhaustion,19,False,3.0,23.0,0.0,4.468984006654058,True,0.7002434034354955,True,4.468984006654058,True,1.0,True,1999999999.9999998,True
2027,B,2758,1780523880.0,True,228,resource_exhaustion,19,False,1.0,11.0,0.0,4.468984006654058,True,0.7172791375328239,True,4.468984006654058,True,1.0,True,1999999999.9999998,True
2027,B,2759,1780523940.0,False,-1,,19,False,0.0,20.0,0.0,-1.3108900586543832,False,0.3622211681720167,False,-1.3108900586543832,False,0.2841063125275758,False,0.15576319694519042,False
2027,B,2760,1780524000.0,False,-1,,19,False,0.0,23.0,0.0,-0.5286286746291138,False,0.3760485023146249,False,-0.5286286746291138,False,0.2843473600926415,False,0.12666592597961426,False
2027,B,2761,1780524060.0,False,-1,,19,False,0.0,18.0,0.0,-0.9221808913005276,False,0.37776844408657184,False,-0.9221808913005276,False,0.28390181531234,False,0.133657693862915,False
2027,B,2762,1780524120.0,False,-1,,19,False,0.0,17.0,0.0,-1.2078772363942347,False,0.37189378633701664,False,-1.2078772363942347,False,0.2837817646511713,False,0.1345977783203125,False
2027,B,2763,1780524180.0,False,-1,,19,False,0.0,18.0,0.0,-1.6896376655534757,False,0.3773788647979219,False,-1.6896376655534757,False,0.28390181531234,False,0.16997525691986076,False
2027,B,2764,1780524240.0,False,-1,,19,False,0.0,14.0,0.0,-1.7141355415854935,False,0.3796489683779009,False,-1.7141355415854935,False,0.28331948112322897,False,0.15779120922088624,False
2027,B,2765,1780524300.0,True,229,dependency_timeout,19,False,2.0,24.0,0.0,4.468984006654058,True,0.6986326536829212,True,4.468984006654058,True,1.0,True,1999999999.9999998,True
2027,B,2766,1780524360.0,True,229,dependency_timeout,19,False,1.0,13.0,0.0,4.468984006654058,True,0.693934962470029,True,4.468984006654058,True,1.0,True,20.057564735412598,True
2027,B,2767,1780524420.0,True,229,dependency_timeout,19,False,1.0,14.0,0.0,4.468984006654058,True,0.6957472774750311,True,4.468984006654058,True,1.0,True,999999999.9999999,True
2027,B,2768,1780524480.0,True,229,dependency_timeout,19,False,1.0,15.0,0.0,4.468984006654058,True,0.6861288497132042,True,4.468984006654058,True,1.0,True,20.075762748718265,True
2027,B,2769,1780524540.0,False,-1,,19,False,0.0,21.0,0.0,-1.5811557542940644,False,0.3723121226066637,False,-1.5811557542940644,False,0.2841941673899105,False,0.1712441444396973,False
2027,B,2770,1780524600.0,False,-1,,19,False,0.0,18.0,0.0,-0.6875132175495624,False,0.38635567262974063,False,-0.6875132175495624,False,0.28390181531234,False,0.12935326099395753,False
2027,B,2771,1780524660.0,False,-1,,19,False,0.0,17.0,0.0,-1.0256894616977306,False,0.3994642248783518,False,-1.0256894616977306,False,0.2837817646511713,False,0.1500704765319824,False
2027,B,2772,1780524720.0,False,-1,,19,False,0.0,19.0,0.0,-1.3211602603748434,False,0.36716912801783935,False,-1.3211602603748434,False,0.2840093691312235,False,0.15165858268737792,False
2027,B,2773,1780524780.0,False,-1,,19,False,0.0,13.0,0.0,-1.2417718706728467,False,0.38966512939933706,False,-1.2417718706728467,False,0.2831179908395116,False,0.15688428878784177,False
2027,B,2774,1780524840.0,False,-1,,19,False,0.0,13.0,0.0,-1.0868422429700946,False,0.412172810086321,False,-1.0868422429700946,False,0.2831179908395116,False,0.19079713821411126,False
2027,B,2775,1780524900.0,True,230,config_error,19,False,0.0,15.0,0.0,4.468983291481654,True,0.5055557034534269,False,4.468983291481654,True,0.999999728808572,True,10.0,True
2027,B,2776,1780524960.0,True,230,config_error,19,False,0.0,14.0,0.0,4.468983964709565,True,0.5303065498653143,False,4.468983964709565,True,0.9999995341051847,True,12.0,True
2027,B,2777,1780525020.0,True,230,config_error,19,False,0.0,30.0,0.0,4.468984006626614,True,0.49842495549289956,False,4.468984006626614,True,0.9999989468387449,True,20.0,True
2027,B,2778,1780525080.0,False,-1,,19,False,0.0,19.0,0.0,-1.1961486496310423,False,0.3854982498524133,False,-1.1961486496310423,False,0.2840093691312235,False,0.18711962699890136,False
2027,B,2779,1780525140.0,False,-1,,19,False,0.0,26.0,0.0,-0.8721797006947041,False,0.3768654706446611,False,-0.8721797006947041,False,0.28453382775325387,False,0.15400826930999756,False
2027,B,2780,1780525200.0,False,-1,,19,False,0.0,17.0,0.0,-1.7265694496586557,False,0.3734155367495673,False,-1.7265694496586557,False,0.2837817646511713,False,0.1695794105529785,False
2027,B,2781,1780525260.0,False,-1,,19,False,0.0,12.0,0.0,-1.7854506488082675,False,0.3832873224766346,False,-1.7854506488082675,False,0.28288267083732616,False,0.16165549755096437,False
2027,B,2782,1780525320.0,False,-1,,19,False,0.0,13.0,0.0,-1.0668524968565993,False,0.38300612039649434,False,-1.0668524968565993,False,0.2831179908395116,False,0.13304443359375,False
2027,B,2783,1780525380.0,False,-1,,19,False,0.0,20.0,0.0,-1.5718889641733327,False,0.3606000095450802,False,-1.5718889641733327,False,0.2841063125275758,False,0.16675887107849122,False
2027,B,2784,1780525440.0,False,-1,,19,False,0.0,24.0,0.0,-0.7576188748184292,False,0.37755437404687914,False,-0.7576188748184292,False,0.28441457271463133,False,0.1422424554824829,False
2027,B,2785,1780525500.0,False,-1,,19,False,0.0,16.0,0.0,-0.4267403120202644,False,0.42573571514524833,False,-0.4267403120202644,False,0.2836468492771186,False,0.15416276454925537,False
2027,B,2786,1780525560.0,False,-1,,19,False,0.0,13.0,0.0,-1.3492019655321918,False,0.3917957863206438,False,-1.3492019655321918,False,0.2831179908395116,False,0.1327488899230957,False
2027,B,2787,1780525620.0,False,-1,,19,False,0.0,21.0,0.0,-1.363815644417369,False,0.3719523487611725,False,-1.363815644417369,False,0.2841941673899105,False,0.1668500900268555,False
2027,B,2788,1780525680.0,True,231,permission_denied,19,False,0.0,19.0,0.0,3.3440477995782523,True,0.4556607478737602,False,3.3440477995782523,True,1.0,True,1.0,False
2027,B,2789,1780525740.0,True,231,permission_denied,19,False,0.0,24.0,0.0,4.468983977711395,True,0.4934984938426369,False,4.468983977711395,True,1.0,True,13.0,True
2027,B,2790,1780525800.0,True,231,permission_denied,19,False,0.0,20.0,0.0,4.468920197290198,True,0.4943466244231708,False,4.468920197290198,True,1.0,True,7.0,True
2027,B,2791,1780525860.0,True,231,permission_denied,19,False,0.0,11.0,0.0,4.4603583872774815,True,0.479913110177512,False,4.4603583872774815,True,1.0,True,4.0,True
2027,B,2792,1780525920.0,False,-1,,19,False,0.0,17.0,0.0,-1.4334656172912368,False,0.3814930857988937,False,-1.4334656172912368,False,0.2837817646511713,False,0.17401952743530275,False
2027,B,2793,1780525980.0,False,-1,,19,False,0.0,18.0,0.0,-0.10255710420657405,False,0.420656209706617,False,-0.10255710420657405,False,0.28390181531234,False,0.1858218431472778,False
2027,B,2794,1780526040.0,False,-1,,19,False,0.0,12.0,0.0,-1.0954016926517687,False,0.390411959503783,False,-1.0954016926517687,False,0.28288267083732616,False,0.14949550628662112,False
2027,B,2795,1780526100.0,False,-1,,19,False,0.0,13.0,0.0,-1.2195760452860211,False,0.38963609244146885,False,-1.2195760452860211,False,0.2831179908395116,False,0.14445438385009765,False
2027,B,2796,1780526160.0,False,-1,,19,False,0.0,15.0,0.0,-1.5543607970741409,False,0.3928389932732191,False,-1.5543607970741409,False,0.28349405466720345,False,0.18801455497741695,False
2027,B,2797,1780526220.0,False,-1,,19,False,0.0,15.0,0.0,-1.4226858287700264,False,0.37746337880004044,False,-1.4226858287700264,False,0.28349405466720345,False,0.15685515403747557,False
2027,B,2798,1780526280.0,False,-1,,19,False,0.0,18.0,0.0,-1.1797700142697831,False,0.3856429504452412,False,-1.1797700142697831,False,0.28390181531234,False,0.13320586681365965,False
2027,B,2799,1780526340.0,False,-1,,19,False,0.0,12.0,0.0,-0.7001105111191741,False,0.3916957953373704,False,-0.7001105111191741,False,0.28288267083732616,False,0.13336570262908937,False
2027,B,2800,1780526400.0,False,-1,,19,False,0.0,16.0,0.0,-0.6981978842710834,False,0.3892140519612489,False,-0.6981978842710834,False,0.2836468492771186,False,0.12358105182647705,False
2027,B,2801,1780526460.0,False,-1,,19,False,0.0,9.0,0.0,-1.251695137963769,False,0.3920767681562948,False,-1.251695137963769,False,0.2818560700236856,False,0.14535818099975586,False
2027,B,2802,1780526520.0,True,232,dependency_timeout,19,False,2.0,12.0,0.0,4.468984006654058,True,0.712579783620623,True,4.468984006654058,True,1.0,True,1999999999.9999998,True
2027,B,2803,1780526580.0,True,232,dependency_timeout,19,False,1.0,12.0,0.0,4.468984006654058,True,0.6985097571733856,True,4.468984006654058,True,1.0,True,1999999999.9999998,True
2027,B,2804,1780526640.0,True,232,dependency_timeout,19,False,4.0,24.0,0.0,4.468984006654058,True,0.6876044457085512,True,4.468984006654058,True,1.0,True,1999999999.9999998,True
2027,B,2805,1780526700.0,False,-1,,19,False,0.0,14.0,0.0,-1.5090437281600604,False,0.3988617122083418,False,-1.5090437281600604,False,0.28331948112322897,False,0.14427413940429687,False
2027,B,2806,1780526760.0,False,-1,,19,False,0.0,16.0,0.0,-1.5373820009840307,False,0.39137806648966655,False,-1.5373820009840307,False,0.2836468492771186,False,0.19431662559509277,False
2027,B,2807,1780526820.0,False,-1,,19,False,0.0,18.0,0.0,-0.9672006059159797,False,0.37984788411695375,False,-0.9672006059159797,False,0.28390181531234,False,0.14212074279785153,False
2027,B,2808,1780526880.0,False,-1,,19,False,0.0,19.0,0.0,-1.040417302588466,False,0.37164414785907013,False,-1.040417302588466,False,0.2840093691312235,False,0.14212470054626464,False
2027,B,2809,1780526940.0,False,-1,,19,False,0.0,18.0,0.0,-0.7431653798286773,False,0.3996512540433286,False,-0.7431653798286773,False,0.28390181531234,False,0.17712304592132558,False
2027,B,2810,1780527000.0,False,-1,,19,False,0.0,17.0,0.0,-1.723463751757877,False,0.37592146975325297,False,-1.723463751757877,False,0.2837817646511713,False,0.16366996765136718,False
2027,B,2811,1780527060.0,False,-1,,19,False,0.0,16.0,0.0,-1.5849588805959858,False,0.3792992140353774,False,-1.5849588805959858,False,0.2836468492771186,False,0.16790902614593506,False
2027,B,2812,1780527120.0,False,-1,,19,False,0.0,23.0,0.0,-1.2983086756852629,False,0.3612813474865008,False,-1.2983086756852629,False,0.2843473600926415,False,0.1579760551452637,False
2027,B,2813,1780527180.0,True,233,config_error,19,False,0.0,12.0,0.0,4.468926806602861,True,0.48797057074734607,False,4.468926806602861,True,0.9999998979730051,True,7.0,True
2027,B,2814,1780527240.0,True,233,config_error,19,False,0.0,15.0,0.0,4.468983992344218,True,0.5175064194675789,False,4.468983992344218,True,0.9999994464786832,True,13.0,True
2027,B,2815,1780527300.0,True,233,config_error,19,False,0.0,26.0,0.0,4.468984006645887,True,0.504145299559996,False,4.468984006645887,True,0.9999987579469735,True,21.0,True
2027,B,2816,1780527360.0,True,233,config_error,19,False,0.0,12.0,0.0,4.46898353213891,True,0.5196299691586054,False,4.46898353213891,True,0.9999996943922139,True,10.0,True
2027,B,2817,1780527420.0,False,-1,,19,False,0.0,13.0,0.0,-0.08397889433568029,False,0.4438699385692776,False,-0.08397889433568029,False,0.2831179908395116,False,0.2464072227478027,False
2027,B,2818,1780527480.0,False,-1,,19,False,0.0,13.0,0.0,-1.6985969938998258,False,0.3801234682555277,False,-1.6985969938998258,False,0.2831179908395116,False,0.14989099502563474,False
2027,B,2819,1780527540.0,False,-1,,19,False,0.0,23.0,0.0,-0.4891773164160851,False,0.4076408539401588,False,-0.4891773164160851,False,0.2843473600926415,False,0.19617638587951663,False
2027,B,2820,1780527600.0,False,-1,,19,False,0.0,13.0,0.0,-0.6922492789399337,False,0.4096139295441123,False,-0.6922492789399337,False,0.2831179908395116,False,0.14463872909545897,False
2027,B,2821,1780527660.0,False,-1,,19,False,0.0,16.0,0.0,-1.5468025004651418,False,0.3744088690703978,False,-1.5468025004651418,False,0.2836468492771186,False,0.15903949737548825,False
2027,B,2822,1780527720.0,False,-1,,19,False,0.0,16.0,0.0,-1.4623945332360035,False,0.3756855580927843,False,-1.4623945332360035,False,0.2836468492771186,False,0.15653920173645017,False
2027,B,2823,1780527780.0,False,-1,,19,False,0.0,19.0,0.0,-1.4105560003924191,False,0.3683779388037922,False,-1.4105560003924191,False,0.2840093691312235,False,0.16213254928588866,False
2027,B,2824,1780527840.0,False,-1,,19,False,0.0,10.0,0.0,-0.783039649164424,False,0.395964816153486,False,-0.783039649164424,False,0.28226841507490547,False,0.11977670192718504,False
2027,B,2825,1780527900.0,False,-1,,19,False,0.0,18.0,0.0,-1.1505367031474734,False,0.3763364087050298,False,-1.1505367031474734,False,0.28390181531234,False,0.15881028175353998,False
2027,B,2826,1780527960.0,False,-1,,19,False,0.0,16.0,0.0,-1.2783389322075402,False,0.3863339290434776,False,-1.2783389322075402,False,0.2836468492771186,False,0.16740596294403076,False
2027,B,2827,1780528020.0,True,234,permission_denied,19,False,0.0,14.0,0.0,4.426808261042334,True,0.5164459201152027,False,4.426808261042334,True,1.0,True,3.0,True
2027,B,2828,1780528080.0,True,234,permission_denied,19,False,0.0,5.0,0.0,4.33911307450744,True,0.5521757070367223,False,4.33911307450744,True,1.0,True,2.0,True
2027,B,2829,1780528140.0,True,234,permission_denied,19,False,0.0,17.0,0.0,4.4596379922191,True,0.484566946076092,False,4.4596379922191,True,1.0,True,4.0,True
2027,B,2830,1780528200.0,True,234,permission_denied,19,False,1.0,17.0,0.0,4.468983497600785,True,0.644551579950377,False,4.468983497600785,True,1.0,True,7.0,True
2027,B,2831,1780528260.0,True,234,permission_denied,19,False,0.0,15.0,0.0,3.3176741146658566,True,0.46573882846580655,False,3.3176741146658566,True,1.0,True,1.0,False
2027,B,2832,1780528320.0,False,-1,,19,False,0.0,10.0,0.0,-1.407559728836369,False,0.381390406129443,False,-1.407559728836369,False,0.28226841507490547,False,0.13989660739898682,False
2027,B,2833,1780528380.0,False,-1,,19,False,0.0,17.0,0.0,-1.2485370068883235,False,0.3891207989296924,False,-1.2485370068883235,False,0.2837817646511713,False,0.13163118362426757,False
2027,B,2834,1780528440.0,False,-1,,19,False,0.0,17.0,0.0,-1.5571075126717968,False,0.372241114750859,False,-1.5571075126717968,False,0.2837817646511713,False,0.1738727569580078,False
2027,B,2835,1780528500.0,False,-1,,19,False,0.0,14.0,0.0,-1.553034148540691,False,0.3950095733029294,False,-1.553034148540691,False,0.28331948112322897,False,0.14704959392547604,False
2027,B,2836,1780528560.0,False,-1,,19,False,0.0,19.0,0.0,-1.1675101876513585,False,0.3728782776116286,False,-1.1675101876513585,False,0.2840093691312235,False,0.14574575424194336,False
2027,B,2837,1780528620.0,False,-1,,19,False,0.0,13.0,0.0,-0.3643356107711888,False,0.41869291394144176,False,-0.3643356107711888,False,0.2831179908395116,False,0.11242895126342774,False
2027,B,2838,1780528680.0,False,-1,,19,False,0.0,17.0,0.0,-1.749608843106845,False,0.369732414867165,False,-1.749608843106845,False,0.2837817646511713,False,0.1610133171081543,False
2027,B,2839,1780528740.0,False,-1,,19,False,0.0,16.0,0.0,-1.7597734058331245,False,0.3715917345314199,False,-1.7597734058331245,False,0.2836468492771186,False,0.16259229183197021,False
2027,B,2840,1780528800.0,False,-1,,19,False,0.0,11.0,0.0,-0.033898577562311516,False,0.408698045331606,False,-0.033898577562311516,False,0.28260398880394816,False,0.10276460647583006,False
2027,B,2841,1780528860.0,True,235,permission_denied,19,False,0.0,21.0,0.0,4.467403852648372,True,0.48217336752553336,False,4.467403852648372,True,1.0,True,5.0,True
2027,B,2842,1780528920.0,True,235,permission_denied,19,False,0.0,13.0,0.0,4.468924068628537,True,0.48621364737530787,False,4.468924068628537,True,1.0,True,7.0,True
2027,B,2843,1780528980.0,True,235,permission_denied,19,False,0.0,19.0,0.0,4.467146391154691,True,0.4679506890401472,False,4.467146391154691,True,1.0,True,5.0,True
2027,B,2844,1780529040.0,False,-1,,19,False,0.0,8.0,0.0,-1.3065419795172577,False,0.3970512170816173,False,-1.3065419795172577,False,0.2813364848081088,False,0.1393890857696533,False
2027,B,2845,1780529100.0,False,-1,,19,False,0.0,22.0,0.0,1.2676990449059615,False,0.5836327281592222,False,1.2676990449059615,False,0.0001476255210219047,False,1.0,False
2027,B,2846,1780529160.0,False,-1,,19,False,0.0,10.0,0.0,-0.7012764267529255,False,0.5799910291992912,False,-0.7012764267529255,False,4.817694237302094e-05,False,1.0,False
2027,B,2847,1780529220.0,False,-1,,19,False,0.0,11.0,0.0,-1.2148979173402106,False,0.3829343348483898,False,-1.2148979173402106,False,0.28260398880394816,False,0.1336374282836914,False
2027,B,2848,1780529280.0,False,-1,,19,False,0.0,8.0,0.0,-1.6603043279440977,False,0.3961400218978506,False,-1.6603043279440977,False,0.2813364848081088,False,0.15261521339416503,False
2027,B,2849,1780529340.0,True,236,config_error,19,False,0.0,11.0,0.0,3.5729880323622525,True,0.5064453524869821,False,3.5729880323622525,True,0.9999999999983893,True,1.0,False
2027,B,2850,1780529400.0,True,236,config_error,19,False,0.0,11.0,0.0,4.468983954619296,True,0.5290164007900681,False,4.468983954619296,True,0.9999995383291103,True,11.0,True
2027,B,2851,1780529460.0,True,236,config_error,19,False,0.0,8.0,0.0,4.4689804010866805,True,0.5332024360133427,False,4.4689804010866805,True,0.9999997877596944,True,8.0,True
2027,B,2852,1780529520.0,True,236,config_error,19,False,0.0,7.0,0.0,4.467949592428003,True,0.5316976713321866,False,4.467949592428003,True,0.999999962158855,True,5.0,True
2027,B,2853,1780529580.0,True,236,config_error,19,False,0.0,16.0,0.0,4.468983804928966,True,0.5030822899761727,False,4.468983804928966,True,0.9999996587223833,True,11.0,True
2027,B,2854,1780529640.0,False,-1,,19,False,0.0,8.0,0.0,-1.2364431828221703,False,0.39930477016366694,False,-1.2364431828221703,False,0.2813364848081088,False,0.14604010581970214,False
2027,B,2855,1780529700.0,False,-1,,19,False,0.0,16.0,0.0,-1.0909787009632543,False,0.394797778730455,False,-1.0909787009632543,False,0.2836468492771186,False,0.12677145004272464,False
2027,B,2856,1780529760.0,False,-1,,19,False,0.0,12.0,0.0,-1.0261740785403841,False,0.39520907663271787,False,-1.0261740785403841,False,0.28288267083732616,False,0.16097726821899414,False
2027,B,2857,1780529820.0,False,-1,,19,False,0.0,14.0,0.0,-1.7702323256619152,False,0.3821731896668235,False,-1.7702323256619152,False,0.28331948112322897,False,0.17013027667999264,False
2027,B,2858,1780529880.0,False,-1,,19,False,0.0,14.0,0.0,-1.1636695322924826,False,0.41529868380888846,False,-1.1636695322924826,False,0.28331948112322897,False,0.21340909004211422,False
2027,B,2859,1780529940.0,False,-1,,19,False,0.0,14.0,0.0,-1.4737922378393957,False,0.38101880335903665,False,-1.4737922378393957,False,0.28331948112322897,False,0.1383998155593872,False
2027,B,2860,1780530000.0,False,-1,,19,False,0.0,16.0,0.0,-1.5374678732308924,False,0.3722298459858368,False,-1.5374678732308924,False,0.2836468492771186,False,0.15646791458129883,False
2027,B,2861,1780530060.0,False,-1,,19,False,0.0,13.0,0.0,-1.776588121690713,False,0.3808432894294666,False,-1.776588121690713,False,0.2831179908395116,False,0.15293216705322263,False
2027,B,2862,1780530120.0,True,237,resource_exhaustion,19,False,0.0,9.0,0.0,4.468984006654058,True,0.4895364131376013,False,4.468984006654058,True,0.2818560700236856,False,0.2046028137207031,False
2027,B,2863,1780530180.0,True,237,resource_exhaustion,19,False,2.0,14.0,0.0,4.468984006654058,True,0.7212323265753013,True,4.468984006654058,True,1.0,True,1999999999.9999998,True
2027,B,2864,1780530240.0,True,237,resource_exhaustion,19,False,0.0,15.0,0.0,4.468984006654058,True,0.6394839769922921,False,4.468984006654058,True,8.772433163584603e-05,False,1.0,False
2027,B,2865,1780530300.0,True,237,resource_exhaustion,19,False,3.0,15.0,0.0,4.468984006654058,True,0.717576032543067,True,4.468984006654058,True,1.0,True,3000000000.0,True
2027,B,2866,1780530360.0,False,-1,,19,False,0.0,8.0,0.0,-0.46408621065987443,False,0.4333195583204594,False,-0.46408621065987443,False,0.2813364848081088,False,0.13812382221221925,False
2027,B,2867,1780530420.0,False,-1,,19,True,1.0,118.0,0.0,0.3774028265717133,False,0.7082777716824488,True,0.3774028265717133,False,0.0005871428261361071,False,0.16179380416870118,False
2027,B,2868,1780530480.0,False,-1,,19,True,0.0,140.0,0.0,-0.22957142300863964,False,0.6385616170820676,False,-0.22957142300863964,False,0.28574170963210505,False,0.17403926849365228,False
2027,B,2869,1780530540.0,False,-1,,19,True,0.0,33.0,0.0,0.17344245991806773,False,0.5832943059595562,False,0.17344245991806773,False,0.00024483719555189334,False,1.0,False
2027,B,2870,1780530600.0,False,-1,,19,False,0.0,13.0,0.0,-1.1537186586373611,False,0.39068030831553774,False,-1.1537186586373611,False,0.2831179908395116,False,0.15899209976196288,False
2027,B,2871,1780530660.0,False,-1,,19,False,0.0,13.0,0.0,-0.9736142386191755,False,0.39887284016651325,False,-0.9736142386191755,False,0.2831179908395116,False,0.16770172119140625,False
2027,B,2872,1780530720.0,False,-1,,19,False,0.0,9.0,0.0,-0.47802158195376077,False,0.4179317832245392,False,-0.47802158195376077,False,0.2818560700236856,False,0.14459466934204102,False
2027,B,2873,1780530780.0,False,-1,,19,False,0.0,10.0,0.0,-0.38879598331631904,False,0.5824179997148913,False,-0.38879598331631904,False,4.817694237302094e-05,False,1.0,False
2027,B,2874,1780530840.0,False,-1,,19,False,0.0,14.0,0.0,-1.3673373182359514,False,0.38280810056150943,False,-1.3673373182359514,False,0.28331948112322897,False,0.1490680456161499,False
2027,B,2875,1780530900.0,False,-1,,19,False,0.0,8.0,0.0,-0.8775932204353518,False,0.4402871832162735,False,-0.8775932204353518,False,0.2813364848081088,False,0.12405366897583006,False
2027,B,2876,1780530960.0,False,-1,,19,False,0.0,10.0,0.0,-1.6660377838607214,False,0.3942758001542003,False,-1.6660377838607214,False,0.28226841507490547,False,0.14386165142059326,False
2027,B,2877,1780531020.0,True,238,dependency_timeout,19,False,1.0,9.0,0.0,4.468984006654058,True,0.6995189550282433,True,4.468984006654058,True,1.0,True,999999999.9999999,True
2027,B,2878,1780531080.0,True,238,dependency_timeout,19,False,2.0,14.0,0.0,4.468984006654058,True,0.711764732592271,True,4.468984006654058,True,1.0,True,999999999.9999999,True
2027,B,2879,1780531140.0,True,238,dependency_timeout,19,False,1.0,12.0,0.0,4.468984006654058,True,0.6987761834296734,True,4.468984006654058,True,1.0,True,1999999999.9999998,True
2027,B,2880,1780531200.0,True,238,dependency_timeout,19,False,1.0,11.0,0.0,4.468984006654058,True,0.6930652777629582,True,4.468984006654058,True,1.0,True,999999999.9999999,True
2027,B,2881,1780531260.0,False,-1,,19,False,0.0,11.0,0.0,-1.4600314280217725,False,0.4020152204009759,False,-1.4600314280217725,False,0.28260398880394816,False,0.18809819221496582,False
2027,B,2882,1780531320.0,False,-1,,19,False,0.0,15.0,0.0,-0.7626745057756334,False,0.41626739467719237,False,-0.7626745057756334,False,0.28349405466720345,False,0.13626885414123535,False
2027,B,2883,1780531380.0,False,-1,,19,False,0.0,10.0,0.0,-0.7386753384392284,False,0.43199071231985325,False,-0.7386753384392284,False,0.28226841507490547,False,0.11783146858215333,False
2027,B,2884,1780531440.0,False,-1,,19,False,0.0,8.0,0.0,0.19634302602505738,False,0.4765754951852891,False,0.19634302602505738,False,0.2813364848081088,False,0.1517371892929077,False
2027,B,2885,1780531500.0,False,-1,,19,False,1.0,8.0,0.0,1.033048642383008,False,0.6164117740652779,False,1.033048642383008,False,3.733463789964769e-06,False,0.11731712818145752,False
2027,B,2886,1780531560.0,False,-1,,19,False,0.0,11.0,0.0,-1.7015708723016765,False,0.3788648900359125,False,-1.7015708723016765,False,0.28260398880394816,False,0.15150785446166995,False
2027,B,2887,1780531620.0,False,-1,,19,False,0.0,10.0,0.0,-0.7099478005182318,False,0.5842155424117718,False,-0.7099478005182318,False,4.817694237302094e-05,False,1.0,False
2027,B,2888,1780531680.0,True,239,resource_exhaustion,19,False,0.0,17.0,0.0,4.468984006654058,True,0.5913027059960563,False,4.468984006654058,True,1.0,True,999999999.9999999,True
2027,B,2889,1780531740.0,True,239,resource_exhaustion,19,False,1.0,10.0,0.0,4.468984006654058,True,0.7010865501067562,True,4.468984006654058,True,1.0,True,999999999.9999999,True
2027,B,2890,1780531800.0,True,239,resource_exhaustion,19,False,0.0,13.0,0.0,4.468984006654058,True,0.5252391427948709,False,4.468984006654058,True,0.2831179908395116,False,0.21139469146728512,False
2027,B,2891,1780531860.0,False,-1,,19,False,0.0,11.0,0.0,-0.8256551193447121,False,0.3982243610715187,False,-0.8256551193447121,False,0.28260398880394816,False,0.1417837142944336,False
2027,B,2892,1780531920.0,False,-1,,19,False,0.0,9.0,0.0,-1.7298534221607476,False,0.3930566454347739,False,-1.7298534221607476,False,0.2818560700236856,False,0.16297359466552735,False
2027,B,2893,1780531980.0,False,-1,,19,False,0.0,13.0,0.0,-1.6166661675549356,False,0.3891031731190236,False,-1.6166661675549356,False,0.2831179908395116,False,0.18006172180175775,False
2027,B,2894,1780532040.0,False,-1,,19,False,0.0,9.0,0.0,-1.200204702418711,False,0.3929917577941624,False,-1.200204702418711,False,0.2818560700236856,False,0.1376656532287598,False
2027,B,2895,1780532100.0,False,-1,,19,False,0.0,15.0,0.0,-1.7533633561032609,False,0.3794212370968373,False,-1.7533633561032609,False,0.28349405466720345,False,0.1693498134613037,False
2027,B,2896,1780532160.0,False,-1,,19,False,0.0,15.0,0.0,-1.624729500434098,False,0.38845807293148876,False,-1.624729500434098,False,0.28349405466720345,False,0.18941612243652345,False
2027,B,2897,1780532220.0,False,-1,,19,False,0.0,13.0,0.0,-0.7493264768243417,False,0.4245359048939669,False,-0.7493264768243417,False,0.2831179908395116,False,0.1277602195739746,False
2027,B,2898,1780532280.0,False,-1,,19,False,0.0,9.0,0.0,-1.0808011295844606,False,0.4025020798797508,False,-1.0808011295844606,False,0.2818560700236856,False,0.1509007453918457,False
2027,B,2899,1780532340.0,False,-1,,19,False,0.0,11.0,0.0,-1.6447777150316458,False,0.3783330851976241,False,-1.6447777150316458,False,0.28260398880394816,False,0.147308349609375,False
2027,B,2900,1780532400.0,False,-1,,19,False,0.0,2.0,0.0,-0.1740371753087704,False,0.5946986985011684,False,-0.1740371753087704,False,0.2640831332514045,False,0.1373440742492676,False
