seq,phase,data_mode,function,runtime,variant,memory_mb,role,pattern,warming,intended_cold,force_cold,rep,block,burst_id,idle_gap_min,t_start,t_start_utc,request_id,status,function_error,error,rtt_ms,duration_ms,billed_ms,init_ms,cold,max_memory_used_mb,report_source
0,baseline,live,python-default,python,default,128,warmup,steady,off,False,,0,,,,1789981009.134,2026-09-21T08:56:49.133+00:00,eb8b80f8-a4c1-433a-a18a-3b059ec3a59f,200,,False,4255.252,207.99,3657,3448.13,True,112,logs
1,baseline,live,python-default,python,default,128,warmup,steady,off,False,,0,,,,1789981013.39,2026-09-21T08:56:53.390+00:00,da6a6bda-60a9-43f7-9d63-70d2a1c32bf3,200,,False,377.606,192.86,193,,False,112,logs
2,baseline,live,python-default,python,default,128,measure,steady,off,False,,0,,,,1789981013.769,2026-09-21T08:56:53.768+00:00,9267a5f8-84ca-48ce-a220-6f3adff6bec1,200,,False,359.1,189.41,190,,False,112,logs
3,baseline,live,python-default,python,default,1024,warmup,steady,off,False,,0,,,,1789981015.95,2026-09-21T08:56:55.950+00:00,f102aa2a-9641-48d2-9071-04f2bc236359,200,,False,3173.413,16.8,2714,2697.07,True,132,logs
4,baseline,live,python-default,python,default,1024,warmup,steady,off,False,,0,,,,1789981019.124,2026-09-21T08:56:59.124+00:00,852cff59-f959-49cb-91b4-9672695ee89a,200,,False,197.994,30.15,31,,False,132,logs
5,baseline,live,python-default,python,default,1024,measure,steady,off,False,,0,,,,1789981019.323,2026-09-21T08:56:59.322+00:00,b850154c-63cd-457f-9f1c-86598e09907d,200,,False,199.722,13.65,14,,False,132,logs
6,baseline,live,python-default,python,default,3008,warmup,steady,off,False,,0,,,,1789981021.415,2026-09-21T08:57:01.414+00:00,91dd1df4-bad7-4e16-979c-8a0ae0fa7c24,200,,False,2925.666,12.46,2538,2525.41,True,132,logs
7,baseline,live,python-default,python,default,3008,warmup,steady,off,False,,0,,,,1789981024.341,2026-09-21T08:57:04.341+00:00,66b18bc7-12fd-441f-a819-acb2fac8e984,200,,False,180.364,12.54,13,,False,132,logs
8,baseline,live,python-default,python,default,3008,measure,steady,off,False,,0,,,,1789981024.524,2026-09-21T08:57:04.524+00:00,d3d8719c-43f6-476f-81da-0a63eddb17ca,200,,False,182.546,11.98,12,,False,132,logs
9,baseline,live,python-default,python,default,512,warmup,steady,off,False,,0,,,,1789981026.526,2026-09-21T08:57:06.526+00:00,aa23d6fc-445a-4d14-b89d-f30dc28a9c04,200,,False,4099.873,47.4,3626,3577.85,True,132,logs
10,baseline,live,python-default,python,default,512,warmup,steady,off,False,,0,,,,1789981030.627,2026-09-21T08:57:10.627+00:00,d56f0ad2-58e2-4e7a-84e8-5c3d86b241c8,200,,False,204.251,36.87,37,,False,132,logs
11,baseline,live,python-default,python,default,512,measure,steady,off,False,,0,,,,1789981030.832,2026-09-21T08:57:10.832+00:00,1e689ffb-2c09-4692-88ca-aacc87c7fd0f,200,,False,248.506,43.7,44,,False,132,logs
12,baseline,live,python-default,python,default,3008,warmup,steady,off,False,,1,,,,1789981032.978,2026-09-21T08:57:12.978+00:00,8ee29c1d-a080-415f-a79a-7fb7200e216f,200,,False,3560.115,17.43,3120,3101.92,True,132,logs
13,baseline,live,python-default,python,default,3008,warmup,steady,off,False,,1,,,,1789981036.541,2026-09-21T08:57:16.540+00:00,2ce093f6-d08d-4068-8f15-9474e156e071,200,,False,187.076,16.69,17,,False,132,logs
14,baseline,live,python-default,python,default,3008,measure,steady,off,False,,1,,,,1789981036.729,2026-09-21T08:57:16.728+00:00,9bc88581-7f1d-4c4d-a0fa-8ba3158e3a2e,200,,False,189.376,16.55,17,,False,132,logs
15,baseline,live,python-default,python,default,128,warmup,steady,off,False,,1,,,,1789981038.719,2026-09-21T08:57:18.719+00:00,71483883-20f3-4b4e-b016-c28d887b7525,200,,False,3347.655,176.4,2949,2771.82,True,112,logs
16,baseline,live,python-default,python,default,128,warmup,steady,off,False,,1,,,,1789981042.068,2026-09-21T08:57:22.068+00:00,ec94a311-c299-4715-a465-ecbfcb736c76,200,,False,338.112,164.12,165,,False,112,logs
17,baseline,live,python-default,python,default,128,measure,steady,off,False,,1,,,,1789981042.407,2026-09-21T08:57:22.407+00:00,e80ff8ee-e0c8-45fb-9325-efbc75ec2e78,200,,False,338.571,166.44,167,,False,112,logs
18,baseline,live,python-default,python,default,512,warmup,steady,off,False,,1,,,,1789981044.569,2026-09-21T08:57:24.568+00:00,c10967a1-92fc-4929-9891-ca5b908a8372,200,,False,3883.426,50.98,3403,3351.65,True,132,logs
19,baseline,live,python-default,python,default,512,warmup,steady,off,False,,1,,,,1789981048.453,2026-09-21T08:57:28.453+00:00,3da8f72c-3f67-4e09-a0b9-5de036bcb79f,200,,False,219.199,53.45,54,,False,132,logs
20,baseline,live,python-default,python,default,512,measure,steady,off,False,,1,,,,1789981048.675,2026-09-21T08:57:28.675+00:00,55a77519-3f05-4383-bdea-0b0b647362f6,200,,False,219.59,50.21,51,,False,132,logs
21,baseline,live,python-default,python,default,1024,warmup,steady,off,False,,1,,,,1789981050.769,2026-09-21T08:57:30.768+00:00,4cb541eb-4242-42b5-b43d-67db99fd672a,200,,False,3847.533,28.39,3408,3378.67,True,132,logs
22,baseline,live,python-default,python,default,1024,warmup,steady,off,False,,1,,,,1789981054.619,2026-09-21T08:57:34.619+00:00,36eacc6f-9117-41bc-a27b-8bc7b00a3f2c,200,,False,195.555,29.32,30,,False,132,logs
23,baseline,live,python-default,python,default,1024,measure,steady,off,False,,1,,,,1789981054.815,2026-09-21T08:57:34.815+00:00,4209772e-b3ec-455c-8c14-d0db691fb066,200,,False,199.721,26.7,27,,False,132,logs
24,baseline,live,python-default,python,default,3008,warmup,steady,off,False,,2,,,,1789981056.87,2026-09-21T08:57:36.870+00:00,cbd78938-662e-47bc-ad75-d2061def8bf9,200,,False,3116.81,12.23,2475,2462.3,True,132,logs
25,baseline,live,python-default,python,default,3008,warmup,steady,off,False,,2,,,,1789981059.988,2026-09-21T08:57:39.988+00:00,4648333e-e6ae-4052-a29b-1a97ef6e64ea,200,,False,182.507,12.62,13,,False,132,logs
26,baseline,live,python-default,python,default,3008,measure,steady,off,False,,2,,,,1789981060.173,2026-09-21T08:57:40.173+00:00,47981cd6-abc1-45fa-99c7-ee591740279e,200,,False,178.761,11.8,12,,False,132,logs
27,baseline,live,python-default,python,default,1024,warmup,steady,off,False,,2,,,,1789981062.176,2026-09-21T08:57:42.175+00:00,45c8962e-1fe8-4bc8-9ad7-ab3fbbcd88ea,200,,False,3985.848,28.08,3593,3564.01,True,132,logs
28,baseline,live,python-default,python,default,1024,warmup,steady,off,False,,2,,,,1789981066.163,2026-09-21T08:57:46.163+00:00,39fcc38d-5e17-43a3-a09d-5d54e193bacb,200,,False,197.574,27.07,28,,False,132,logs
29,baseline,live,python-default,python,default,1024,measure,steady,off,False,,2,,,,1789981066.362,2026-09-21T08:57:46.362+00:00,df90db08-952e-448c-852e-db84d7dde756,200,,False,196.537,26.98,27,,False,132,logs
30,baseline,live,python-default,python,default,512,warmup,steady,off,False,,2,,,,1789981068.376,2026-09-21T08:57:48.376+00:00,8f575a49-3109-48ce-8348-d3724f0a7aeb,200,,False,3145.039,38.57,2765,2725.48,True,134,logs
31,baseline,live,python-default,python,default,512,warmup,steady,off,False,,2,,,,1789981071.522,2026-09-21T08:57:51.522+00:00,96d8a2b8-e2b7-45e4-b7c8-532af29d72ab,200,,False,214.115,46.8,47,,False,134,logs
32,baseline,live,python-default,python,default,512,measure,steady,off,False,,2,,,,1789981071.737,2026-09-21T08:57:51.737+00:00,6a14eccd-95b3-42bf-b88e-f5cdfd55b3bf,200,,False,238.163,49.75,50,,False,134,logs
33,baseline,live,python-default,python,default,128,warmup,steady,off,False,,2,,,,1789981073.853,2026-09-21T08:57:53.852+00:00,431287a3-6e4a-4134-b9a4-93822145e855,200,,False,3293.781,167.58,2909,2741.13,True,111,logs
34,baseline,live,python-default,python,default,128,warmup,steady,off,False,,2,,,,1789981077.147,2026-09-21T08:57:57.147+00:00,aee7c1b7-49cf-4e34-9c42-927ec38def5c,200,,False,338.275,170.37,171,,False,111,logs
35,baseline,live,python-default,python,default,128,measure,steady,off,False,,2,,,,1789981077.488,2026-09-21T08:57:57.488+00:00,ef5723f1-4d06-4f9d-a501-0b73642d74df,200,,False,337.063,164.92,165,,False,111,logs
36,baseline,live,python-default,python,default,128,warmup,steady,off,False,,3,,,,1789981077.826,2026-09-21T08:57:57.826+00:00,e696bd5d-a970-45a3-9b52-809fbab37e85,200,,False,339.984,171.89,172,,False,111,logs
37,baseline,live,python-default,python,default,128,warmup,steady,off,False,,3,,,,1789981078.169,2026-09-21T08:57:58.169+00:00,07275cfb-13f5-4ee4-ae2f-021cd03ba8c2,200,,False,336.96,166.75,167,,False,111,logs
38,baseline,live,python-default,python,default,128,measure,steady,off,False,,3,,,,1789981078.509,2026-09-21T08:57:58.509+00:00,d0dc2b7c-cb71-41f7-93a9-5323dbc09850,200,,False,353.987,146.97,147,,False,111,logs
39,baseline,live,python-default,python,default,3008,warmup,steady,off,False,,3,,,,1789981080.677,2026-09-21T08:58:00.676+00:00,43e0d2e5-ee6f-4075-8497-9bd94b2a0485,200,,False,3543.529,16.87,3119,3101.25,True,134,logs
40,baseline,live,python-default,python,default,3008,warmup,steady,off,False,,3,,,,1789981084.221,2026-09-21T08:58:04.221+00:00,83d30985-7ee7-4087-ad53-86225cdfb9b3,200,,False,187.318,16.35,17,,False,134,logs
41,baseline,live,python-default,python,default,3008,measure,steady,off,False,,3,,,,1789981084.41,2026-09-21T08:58:04.410+00:00,2277a271-6d9d-49aa-ad86-d6b4f5a6dda7,200,,False,218.336,16.37,17,,False,134,logs
42,baseline,live,python-default,python,default,512,warmup,steady,off,False,,3,,,,1789981086.464,2026-09-21T08:58:06.463+00:00,deae45db-8fb1-4b21-b2fc-01b3d2d3e8b9,200,,False,3156.472,36.64,2788,2750.76,True,132,logs
43,baseline,live,python-default,python,default,512,warmup,steady,off,False,,3,,,,1789981089.621,2026-09-21T08:58:09.620+00:00,b3e326fb-01dd-4450-a501-e388c6a291a4,200,,False,250.631,49.06,50,,False,132,logs
44,baseline,live,python-default,python,default,512,measure,steady,off,False,,3,,,,1789981089.872,2026-09-21T08:58:09.872+00:00,7fb50810-9fdf-45e6-ab8f-e7a30b947a00,200,,False,245.888,47.32,48,,False,132,logs
45,baseline,live,python-default,python,default,1024,warmup,steady,off,False,,3,,,,1789981091.97,2026-09-21T08:58:11.970+00:00,6a13b6f3-7bb4-4176-a859-c901de7d0b50,200,,False,3227.723,31.4,2791,2759.34,True,132,logs
46,baseline,live,python-default,python,default,1024,warmup,steady,off,False,,3,,,,1789981095.199,2026-09-21T08:58:15.198+00:00,1f106808-db67-448d-b572-2cd411c3b527,200,,False,198.775,29.83,30,,False,132,logs
47,baseline,live,python-default,python,default,1024,measure,steady,off,False,,3,,,,1789981095.4,2026-09-21T08:58:15.400+00:00,878c496e-bb6b-4476-bf42-3514b00e894b,200,,False,239.899,26.67,27,,False,132,logs
48,baseline,live,python-default,python,default,1024,warmup,steady,off,False,,4,,,,1789981095.641,2026-09-21T08:58:15.641+00:00,3f7ce913-b33a-4552-b65b-d054292d5f73,200,,False,234.773,23.92,24,,False,132,logs
49,baseline,live,python-default,python,default,1024,warmup,steady,off,False,,4,,,,1789981095.877,2026-09-21T08:58:15.877+00:00,14d0af0e-56d0-42f0-a12c-881a998e02ad,200,,False,199.229,28.07,29,,False,132,logs
50,baseline,live,python-default,python,default,1024,measure,steady,off,False,,4,,,,1789981096.077,2026-09-21T08:58:16.077+00:00,8787ad94-1352-48bc-bdca-07f1ead2c9a7,200,,False,178.943,14.16,15,,False,132,logs
51,baseline,live,python-default,python,default,128,warmup,steady,off,False,,4,,,,1789981098.179,2026-09-21T08:58:18.178+00:00,cea25fc7-3953-42f8-95d9-2be6f289c7f3,200,,False,4157.158,224.86,3696,3470.51,True,110,logs
52,baseline,live,python-default,python,default,128,warmup,steady,off,False,,4,,,,1789981102.337,2026-09-21T08:58:22.337+00:00,c17727f5-fa64-4b62-bf64-2647efe42afa,200,,False,379.175,210.17,211,,False,110,logs
53,baseline,live,python-default,python,default,128,measure,steady,off,False,,4,,,,1789981102.717,2026-09-21T08:58:22.717+00:00,31262695-7f29-477e-b3d7-5c9d933adeb6,200,,False,378.067,205.03,206,,False,110,logs
54,baseline,live,python-default,python,default,512,warmup,steady,off,False,,4,,,,1789981105.006,2026-09-21T08:58:25.006+00:00,3ae8b62d-a1d8-429b-82d7-ba0bd042d68d,200,,False,4172.553,48.35,3512,3463.41,True,132,logs
55,baseline,live,python-default,python,default,512,warmup,steady,off,False,,4,,,,1789981109.181,2026-09-21T08:58:29.181+00:00,e228ac05-2f28-4e74-8781-cdc85a06ffbe,200,,False,216.928,47.2,48,,False,132,logs
56,baseline,live,python-default,python,default,512,measure,steady,off,False,,4,,,,1789981109.399,2026-09-21T08:58:29.399+00:00,76929445-09ee-4877-b066-79dcb724f0d5,200,,False,220.882,47.6,48,,False,132,logs
57,baseline,live,python-default,python,default,3008,warmup,steady,off,False,,4,,,,1789981111.473,2026-09-21T08:58:31.473+00:00,2f0614f2-db6d-404f-a637-64738f37bf08,200,,False,3586.285,17.15,3172,3154.66,True,134,logs
58,baseline,live,python-default,python,default,3008,warmup,steady,off,False,,4,,,,1789981115.064,2026-09-21T08:58:35.064+00:00,e1e4b3bc-89ee-438a-87f1-b21d7a712a0e,200,,False,186.674,16.64,17,,False,134,logs
59,baseline,live,python-default,python,default,3008,measure,steady,off,False,,4,,,,1789981115.253,2026-09-21T08:58:35.253+00:00,619d9b6f-305c-41c4-ada2-dcae5d17c166,200,,False,190.819,17.38,18,,False,134,logs
60,baseline,live,python-default,python,default,512,warmup,steady,off,False,,5,,,,1789981117.361,2026-09-21T08:58:37.361+00:00,80ce2adf-faed-4a84-aabb-991014986521,200,,False,3130.11,36.66,2753,2715.66,True,134,logs
61,baseline,live,python-default,python,default,512,warmup,steady,off,False,,5,,,,1789981120.492,2026-09-21T08:58:40.492+00:00,d0d20820-fb03-49e3-9435-37c3db749b7c,200,,False,218.554,50.27,51,,False,134,logs
62,baseline,live,python-default,python,default,512,measure,steady,off,False,,5,,,,1789981120.711,2026-09-21T08:58:40.711+00:00,076c5a97-2349-4207-b4dd-9e540803d9f8,200,,False,218.688,49.81,50,,False,134,logs
63,baseline,live,python-default,python,default,128,warmup,steady,off,False,,5,,,,1789981122.777,2026-09-21T08:58:42.777+00:00,1a0b1bb7-6133-4c26-adcc-dab444ce0262,200,,False,3288.754,176.0,2952,2775.14,True,113,logs
64,baseline,live,python-default,python,default,128,warmup,steady,off,False,,5,,,,1789981126.069,2026-09-21T08:58:46.068+00:00,08ccfa3d-ff94-4e2e-9bc7-bbb750351bf8,200,,False,336.347,168.88,169,,False,113,logs
65,baseline,live,python-default,python,default,128,measure,steady,off,False,,5,,,,1789981126.406,2026-09-21T08:58:46.406+00:00,70f57f2a-a8fb-4499-bb21-8a9ea7ec9ffc,200,,False,338.333,171.54,172,,False,113,logs
66,baseline,live,python-default,python,default,3008,warmup,steady,off,False,,5,,,,1789981128.562,2026-09-21T08:58:48.562+00:00,d4b88bd5-2e1e-44da-91a3-e62f6104a5d1,200,,False,3551.742,18.52,3133,3113.71,True,132,logs
67,baseline,live,python-default,python,default,3008,warmup,steady,off,False,,5,,,,1789981132.115,2026-09-21T08:58:52.114+00:00,8a3f87f6-7b4b-4762-9a0a-5a4f216eed64,200,,False,223.885,18.15,19,,False,132,logs
68,baseline,live,python-default,python,default,3008,measure,steady,off,False,,5,,,,1789981132.339,2026-09-21T08:58:52.339+00:00,101d178d-c7e0-4e51-9b9e-ffe288cba472,200,,False,196.347,16.96,17,,False,132,logs
69,baseline,live,python-default,python,default,1024,warmup,steady,off,False,,5,,,,1789981134.359,2026-09-21T08:58:54.358+00:00,ca5c0fd8-192c-484a-8104-c5ca6e389807,200,,False,3150.851,16.96,2791,2773.21,True,132,logs
70,baseline,live,python-default,python,default,1024,warmup,steady,off,False,,5,,,,1789981137.511,2026-09-21T08:58:57.510+00:00,69dfe5ac-61e7-4751-81fb-7ed2c4ea34f4,200,,False,258.622,22.54,23,,False,132,logs
71,baseline,live,python-default,python,default,1024,measure,steady,off,False,,5,,,,1789981137.772,2026-09-21T08:58:57.771+00:00,5a268b83-8134-4b85-8499-a4b78cd8eee7,200,,False,179.942,11.7,12,,False,132,logs
72,baseline,live,python-default,python,default,128,warmup,steady,off,False,,6,,,,1789981139.784,2026-09-21T08:58:59.783+00:00,9f5584c0-ef1d-44fd-9726-e7b2b1cdaf8a,200,,False,4206.422,199.2,3742,3541.91,True,111,logs
73,baseline,live,python-default,python,default,128,warmup,steady,off,False,,6,,,,1789981143.991,2026-09-21T08:59:03.991+00:00,a302aa9b-5b44-49f0-82ce-f9d3f20b6a3d,200,,False,408.37,189.3,190,,False,111,logs
74,baseline,live,python-default,python,default,128,measure,steady,off,False,,6,,,,1789981144.401,2026-09-21T08:59:04.401+00:00,9b74b186-d4ae-49a2-9048-fbb7c6afd493,200,,False,371.789,201.76,202,,False,111,logs
75,baseline,live,python-default,python,default,3008,warmup,steady,off,False,,6,,,,1789981146.572,2026-09-21T08:59:06.572+00:00,92254ae9-fccc-4f36-b7b1-4e0c688fdb58,200,,False,2932.932,12.37,2543,2530.34,True,134,logs
76,baseline,live,python-default,python,default,3008,warmup,steady,off,False,,6,,,,1789981149.506,2026-09-21T08:59:09.506+00:00,34d16c3a-9e7f-4a0c-b301-ca1577a7aa13,200,,False,181.746,12.15,13,,False,134,logs
77,baseline,live,python-default,python,default,3008,measure,steady,off,False,,6,,,,1789981149.689,2026-09-21T08:59:09.689+00:00,906382fc-b7d9-4675-89ce-5c85ef803fc6,200,,False,180.334,11.74,12,,False,134,logs
78,baseline,live,python-default,python,default,1024,warmup,steady,off,False,,6,,,,1789981151.67,2026-09-21T08:59:11.670+00:00,f4800973-4972-47e7-9689-f1677db80e55,200,,False,4014.57,29.58,3516,3485.99,True,132,logs
79,baseline,live,python-default,python,default,1024,warmup,steady,off,False,,6,,,,1789981155.686,2026-09-21T08:59:15.685+00:00,e6a704ce-3a0c-41d7-b335-7006cdcf3abd,200,,False,245.719,28.68,29,,False,132,logs
80,baseline,live,python-default,python,default,1024,measure,steady,off,False,,6,,,,1789981155.933,2026-09-21T08:59:15.932+00:00,6402c6ec-27d4-43a9-bbab-93615589d1a4,200,,False,193.447,26.25,27,,False,132,logs
81,baseline,live,python-default,python,default,512,warmup,steady,off,False,,6,,,,1789981157.929,2026-09-21T08:59:17.929+00:00,05ff42b0-75aa-4d31-8fcb-d6d83488846d,200,,False,3130.428,36.8,2769,2731.43,True,132,logs
82,baseline,live,python-default,python,default,512,warmup,steady,off,False,,6,,,,1789981161.062,2026-09-21T08:59:21.061+00:00,75eda34e-d1c9-4aad-b16b-47215360cf5b,200,,False,216.423,47.16,48,,False,132,logs
83,baseline,live,python-default,python,default,512,measure,steady,off,False,,6,,,,1789981161.279,2026-09-21T08:59:21.278+00:00,0db895f2-f8f8-4af8-8d48-79e49170543c,200,,False,200.654,31.93,32,,False,132,logs
84,baseline,live,python-default,python,default,3008,warmup,steady,off,False,,7,,,,1789981163.319,2026-09-21T08:59:23.318+00:00,3aff364a-282e-493f-99a9-aaf675e7b04e,200,,False,2826.519,12.27,2488,2475.65,True,132,logs
85,baseline,live,python-default,python,default,3008,warmup,steady,off,False,,7,,,,1789981166.149,2026-09-21T08:59:26.148+00:00,0c508622-74ca-4a7c-a871-390b7d1a61b9,200,,False,180.701,11.75,12,,False,132,logs
86,baseline,live,python-default,python,default,3008,measure,steady,off,False,,7,,,,1789981166.331,2026-09-21T08:59:26.330+00:00,fe3793ec-75eb-4734-962a-3c2133e0f6f7,200,,False,178.862,12.07,13,,False,132,logs
87,baseline,live,python-default,python,default,128,warmup,steady,off,False,,7,,,,1789981168.312,2026-09-21T08:59:28.311+00:00,30f8a751-e9c2-4d3a-a33a-aedc876413eb,200,,False,3189.933,176.15,2866,2689.84,True,112,logs
88,baseline,live,python-default,python,default,128,warmup,steady,off,False,,7,,,,1789981171.503,2026-09-21T08:59:31.502+00:00,64b26574-1d94-450e-a99f-90566c5ff809,200,,False,337.826,171.54,172,,False,112,logs
89,baseline,live,python-default,python,default,128,measure,steady,off,False,,7,,,,1789981171.841,2026-09-21T08:59:31.841+00:00,3886a7e7-54b5-4192-b163-1c758b98379c,200,,False,345.019,152.76,153,,False,112,logs
90,baseline,live,python-default,python,default,1024,warmup,steady,off,False,,7,,,,1789981174.003,2026-09-21T08:59:34.003+00:00,8f00f64b-cad4-4b68-bf64-d3b8a7694d09,200,,False,3948.783,28.05,3466,3437.28,True,132,logs
91,baseline,live,python-default,python,default,1024,warmup,steady,off,False,,7,,,,1789981177.954,2026-09-21T08:59:37.953+00:00,2c801586-d4c8-41a0-ac29-950486eb9ffe,200,,False,191.158,22.11,23,,False,132,logs
92,baseline,live,python-default,python,default,1024,measure,steady,off,False,,7,,,,1789981178.146,2026-09-21T08:59:38.145+00:00,0ffe06ed-2ad8-439e-8733-9c54d38d396b,200,,False,199.145,26.64,27,,False,132,logs
93,baseline,live,python-default,python,default,512,warmup,steady,off,False,,7,,,,1789981180.135,2026-09-21T08:59:40.134+00:00,6fb80b38-a87e-4db0-bf89-a14c93b26d3b,200,,False,3904.894,48.71,3495,3445.34,True,134,logs
94,baseline,live,python-default,python,default,512,warmup,steady,off,False,,7,,,,1789981184.042,2026-09-21T08:59:44.042+00:00,94800a43-9e55-456d-8c05-5634e06b8b7c,200,,False,218.105,46.98,47,,False,134,logs
95,baseline,live,python-default,python,default,512,measure,steady,off,False,,7,,,,1789981184.261,2026-09-21T08:59:44.261+00:00,c0973681-3e4d-4dee-875c-ef27ccdc8fa7,200,,False,199.761,32.15,33,,False,134,logs
96,baseline,live,python-default,python,default,3008,warmup,steady,off,False,,8,,,,1789981186.249,2026-09-21T08:59:46.248+00:00,38a3cde6-1dac-4ea3-a615-f54ed2b31271,200,,False,2757.225,12.89,2376,2362.81,True,134,logs
97,baseline,live,python-default,python,default,3008,warmup,steady,off,False,,8,,,,1789981189.006,2026-09-21T08:59:49.006+00:00,1a337dfe-135e-42d6-985d-9871a85e6fbe,200,,False,182.557,13.22,14,,False,134,logs
98,baseline,live,python-default,python,default,3008,measure,steady,off,False,,8,,,,1789981189.189,2026-09-21T08:59:49.189+00:00,d71f6713-c1fc-4171-812a-c7f6515ffd8a,200,,False,174.267,12.17,13,,False,134,logs
99,baseline,live,python-default,python,default,512,warmup,steady,off,False,,8,,,,1789981191.326,2026-09-21T08:59:51.326+00:00,b1af81f4-8fb6-474b-8d0e-3da8f78ac2b6,200,,False,3953.728,47.7,3534,3485.58,True,132,logs
100,baseline,live,python-default,python,default,512,warmup,steady,off,False,,8,,,,1789981195.281,2026-09-21T08:59:55.280+00:00,d943bf19-9609-4ffd-9864-3d8aa92a51d8,200,,False,240.084,52.78,53,,False,132,logs
101,baseline,live,python-default,python,default,512,measure,steady,off,False,,8,,,,1789981195.522,2026-09-21T08:59:55.522+00:00,97fb98a0-5b06-4f7f-9f03-689eff2b1ab5,200,,False,255.781,46.75,47,,False,132,logs
102,baseline,live,python-default,python,default,1024,warmup,steady,off,False,,8,,,,1789981197.686,2026-09-21T08:59:57.686+00:00,4b7ad19a-fce5-4ba1-9b97-c85671ee866f,200,,False,3113.53,16.35,2729,2712.05,True,134,logs
103,baseline,live,python-default,python,default,1024,warmup,steady,off,False,,8,,,,1789981200.801,2026-09-21T09:00:00.800+00:00,b5ec6b4e-5489-4eb7-9939-6cef079cea59,200,,False,222.67,12.95,13,,False,134,logs
104,baseline,live,python-default,python,default,1024,measure,steady,off,False,,8,,,,1789981201.024,2026-09-21T09:00:01.024+00:00,1488e2da-8de7-4162-9e2f-3a7c538c5d0a,200,,False,196.033,26.75,27,,False,134,logs
105,baseline,live,python-default,python,default,128,warmup,steady,off,False,,8,,,,1789981203.118,2026-09-21T09:00:03.118+00:00,260f0ae3-bad1-41b6-9459-35458b9855ea,200,,False,4096.708,207.39,3681,3472.79,True,112,logs
106,baseline,live,python-default,python,default,128,warmup,steady,off,False,,8,,,,1789981207.218,2026-09-21T09:00:07.217+00:00,5c3979b0-bb30-4ead-9090-cde19062d040,200,,False,376.708,209.23,210,,False,112,logs
107,baseline,live,python-default,python,default,128,measure,steady,off,False,,8,,,,1789981207.595,2026-09-21T09:00:07.595+00:00,f8803cba-6f3f-4a7f-9435-0722d484299e,200,,False,378.701,214.25,215,,False,112,logs
108,baseline,live,python-default,python,default,128,warmup,steady,off,False,,9,,,,1789981207.975,2026-09-21T09:00:07.974+00:00,074560e3-9b48-470a-a4ac-8d2ccf9698a5,200,,False,419.007,211.68,212,,False,112,logs
109,baseline,live,python-default,python,default,128,warmup,steady,off,False,,9,,,,1789981208.395,2026-09-21T09:00:08.394+00:00,692828c9-0818-48b4-b22b-d3bd558fb99f,200,,False,379.195,210.98,211,,False,112,logs
110,baseline,live,python-default,python,default,128,measure,steady,off,False,,9,,,,1789981208.775,2026-09-21T09:00:08.774+00:00,43c7e092-5f7c-4b6f-b602-19e3c38e6e0c,200,,False,378.726,203.1,204,,False,112,logs
111,baseline,live,python-default,python,default,1024,warmup,steady,off,False,,9,,,,1789981210.985,2026-09-21T09:00:10.984+00:00,6675df67-0a76-4e07-9ade-74ac8ea4ee28,200,,False,3985.088,28.0,3581,3552.73,True,134,logs
112,baseline,live,python-default,python,default,1024,warmup,steady,off,False,,9,,,,1789981214.971,2026-09-21T09:00:14.970+00:00,eb51b898-0ead-4095-8e23-f64ee02b3cd7,200,,False,205.979,16.79,17,,False,134,logs
113,baseline,live,python-default,python,default,1024,measure,steady,off,False,,9,,,,1789981215.178,2026-09-21T09:00:15.177+00:00,e5da0a47-32c1-4a3b-93cc-98f14e1d4aa5,200,,False,189.345,16.66,17,,False,134,logs
114,baseline,live,python-default,python,default,512,warmup,steady,off,False,,9,,,,1789981217.183,2026-09-21T09:00:17.182+00:00,d1927b92-af84-4f3b-b670-5d70c59b1f14,200,,False,4012.311,47.44,3545,3497.16,True,132,logs
115,baseline,live,python-default,python,default,512,warmup,steady,off,False,,9,,,,1789981221.196,2026-09-21T09:00:21.195+00:00,c6a19fd4-4cdf-42b1-90fa-c1b53d1ac5ac,200,,False,272.534,46.9,47,,False,132,logs
116,baseline,live,python-default,python,default,512,measure,steady,off,False,,9,,,,1789981221.469,2026-09-21T09:00:21.469+00:00,bb2dba58-ebef-482c-a265-53ceef1c4f85,200,,False,203.803,28.98,29,,False,132,logs
117,baseline,live,python-default,python,default,3008,warmup,steady,off,False,,9,,,,1789981223.464,2026-09-21T09:00:23.463+00:00,3b5d257b-e87f-48a8-b8a6-146f41674ec3,200,,False,3629.07,17.43,3201,3183.0,True,132,logs
118,baseline,live,python-default,python,default,3008,warmup,steady,off,False,,9,,,,1789981227.094,2026-09-21T09:00:27.093+00:00,894debfb-39dd-47f9-af86-e8bad3a4151f,200,,False,192.549,16.75,17,,False,132,logs
119,baseline,live,python-default,python,default,3008,measure,steady,off,False,,9,,,,1789981227.287,2026-09-21T09:00:27.287+00:00,8e1e4d7a-d559-4f4c-9d8c-a1317d112cd8,200,,False,186.976,16.95,17,,False,132,logs
0,runtime_compare,live,java-optimised,java,optimised,1024,measure,idle,off,True,update_env,0,,,,1789981230.71,2026-09-21T09:00:30.709+00:00,9b113aea-8a65-4bc8-ba08-d4be6adfbda6,200,,False,814.523,100.83,408,307.15,True,107,logs
1,runtime_compare,live,java-optimised,java,optimised,1024,follow_up,idle,off,False,update_env,0,,,,1789981231.526,2026-09-21T09:00:31.526+00:00,2c4f611c-6b84-4d58-9d72-0d56237cc2ee,200,,False,211.066,38.08,39,,False,107,logs
2,runtime_compare,live,nodejs-optimised,nodejs,optimised,1024,measure,idle,off,True,update_env,0,,,,1789981234.11,2026-09-21T09:00:34.110+00:00,30be2159-1934-4dcd-94eb-aa3515790bc8,200,,False,658.545,201.55,351,148.62,True,79,logs
3,runtime_compare,live,nodejs-optimised,nodejs,optimised,1024,follow_up,idle,off,False,update_env,0,,,,1789981234.77,2026-09-21T09:00:34.769+00:00,eff91052-5222-4c59-a345-f975496ff5ab,200,,False,333.524,116.7,117,,False,79,logs
4,runtime_compare,live,python-optimised,python,optimised,1024,measure,idle,off,True,update_env,0,,,,1789981237.501,2026-09-21T09:00:37.500+00:00,383d2c66-a442-4be6-a7e4-eb4ae3277d44,200,,False,414.436,23.62,114,89.78,True,41,logs
5,runtime_compare,live,python-optimised,python,optimised,1024,follow_up,idle,off,False,update_env,0,,,,1789981237.918,2026-09-21T09:00:37.917+00:00,66a8bd45-20ed-4af5-ab1a-cb309e836ed6,200,,False,196.519,16.05,17,,False,41,logs
6,runtime_compare,live,java-optimised,java,optimised,1024,measure,idle,off,True,update_env,1,,,,1789981240.344,2026-09-21T09:00:40.344+00:00,0c732fc2-d564-4acd-8c4c-baaee0596a76,200,,False,906.378,120.93,541,419.94,True,111,logs
7,runtime_compare,live,java-optimised,java,optimised,1024,follow_up,idle,off,False,update_env,1,,,,1789981241.252,2026-09-21T09:00:41.251+00:00,a804ab02-fc10-40a8-9d18-77167c356d1e,200,,False,213.578,40.42,41,,False,111,logs
8,runtime_compare,live,nodejs-optimised,nodejs,optimised,1024,measure,idle,off,True,update_env,1,,,,1789981243.603,2026-09-21T09:00:43.602+00:00,3d8085d2-a5b1-413c-a8b9-8ffdf1b59e8e,200,,False,636.405,188.98,334,144.12,True,78,logs
9,runtime_compare,live,nodejs-optimised,nodejs,optimised,1024,follow_up,idle,off,False,update_env,1,,,,1789981244.24,2026-09-21T09:00:44.240+00:00,8c1f8b2a-e0ac-4650-b6ab-1f5f375febe2,200,,False,298.424,115.59,116,,False,78,logs
10,runtime_compare,live,python-optimised,python,optimised,1024,measure,idle,off,True,update_env,1,,,,1789981246.645,2026-09-21T09:00:46.644+00:00,850f391f-cf93-4c22-a93a-5adebbdbdb40,200,,False,384.214,29.83,105,74.22,True,41,logs
11,runtime_compare,live,python-optimised,python,optimised,1024,follow_up,idle,off,False,update_env,1,,,,1789981247.03,2026-09-21T09:00:47.029+00:00,7c938f9a-2b6b-4283-8dfe-645520de6af9,200,,False,198.497,20.52,21,,False,41,logs
12,runtime_compare,live,java-optimised,java,optimised,1024,measure,idle,off,True,update_env,2,,,,1789981249.477,2026-09-21T09:00:49.477+00:00,5ba5aed8-a1d2-434c-a4da-d7d550aee91b,200,,False,830.556,116.11,533,416.56,True,107,logs
13,runtime_compare,live,java-optimised,java,optimised,1024,follow_up,idle,off,False,update_env,2,,,,1789981250.309,2026-09-21T09:00:50.309+00:00,189e5b12-797c-4142-8211-74e0f350ce0a,200,,False,212.206,38.39,39,,False,107,logs
14,runtime_compare,live,python-optimised,python,optimised,1024,measure,idle,off,True,update_env,2,,,,1789981252.676,2026-09-21T09:00:52.675+00:00,1fbc8834-5cb3-4c1f-9741-30b96020b149,200,,False,409.968,13.38,88,74.49,True,41,logs
15,runtime_compare,live,python-optimised,python,optimised,1024,follow_up,idle,off,False,update_env,2,,,,1789981253.088,2026-09-21T09:00:53.088+00:00,c6d4ca02-993f-46fd-b122-74a22401e0d5,200,,False,196.476,21.3,22,,False,41,logs
16,runtime_compare,live,nodejs-optimised,nodejs,optimised,1024,measure,idle,off,True,update_env,2,,,,1789981255.546,2026-09-21T09:00:55.545+00:00,f520eec8-23c0-471e-af2f-57cd112c0cbb,200,,False,620.93,166.34,278,111.1,True,79,logs
17,runtime_compare,live,nodejs-optimised,nodejs,optimised,1024,follow_up,idle,off,False,update_env,2,,,,1789981256.171,2026-09-21T09:00:56.171+00:00,30b07100-7cc3-41bd-b054-30a786e2aea3,200,,False,287.401,107.59,108,,False,79,logs
18,runtime_compare,live,python-optimised,python,optimised,1024,measure,idle,off,True,update_env,3,,,,1789981258.588,2026-09-21T09:00:58.588+00:00,d37e17fb-4aa8-45e0-a573-8356e52454db,200,,False,403.221,27.3,117,89.55,True,41,logs
19,runtime_compare,live,python-optimised,python,optimised,1024,follow_up,idle,off,False,update_env,3,,,,1789981258.995,2026-09-21T09:00:58.994+00:00,d2eea246-8aad-457f-978e-855d335b255b,200,,False,222.708,19.45,20,,False,41,logs
20,runtime_compare,live,java-optimised,java,optimised,1024,measure,idle,off,True,update_env,3,,,,1789981261.315,2026-09-21T09:01:01.315+00:00,bceaf0aa-c4d0-497a-bcc2-34f5cb0cbe69,200,,False,716.047,95.92,434,338.06,True,109,logs
21,runtime_compare,live,java-optimised,java,optimised,1024,follow_up,idle,off,False,update_env,3,,,,1789981262.032,2026-09-21T09:01:02.031+00:00,5d4b2076-d60b-4a28-abd7-8dc25ee81bf6,200,,False,211.314,34.26,35,,False,109,logs
22,runtime_compare,live,nodejs-optimised,nodejs,optimised,1024,measure,idle,off,True,update_env,3,,,,1789981264.388,2026-09-21T09:01:04.388+00:00,96514fbb-7222-4712-96c7-de28fd9b60ac,200,,False,687.325,193.95,335,140.72,True,78,logs
23,runtime_compare,live,nodejs-optimised,nodejs,optimised,1024,follow_up,idle,off,False,update_env,3,,,,1789981265.077,2026-09-21T09:01:05.076+00:00,ccd676db-701f-4413-a545-01ce216ebca8,200,,False,296.585,124.48,125,,False,78,logs
24,runtime_compare,live,nodejs-optimised,nodejs,optimised,1024,measure,idle,off,True,update_env,4,,,,1789981267.516,2026-09-21T09:01:07.516+00:00,8e570b54-7806-489e-ba52-8c1239c0d0fd,200,,False,618.246,185.25,327,141.35,True,79,logs
25,runtime_compare,live,nodejs-optimised,nodejs,optimised,1024,follow_up,idle,off,False,update_env,4,,,,1789981268.135,2026-09-21T09:01:08.135+00:00,3bdbe4b4-c456-4208-a838-0e1a7983d4d9,200,,False,297.678,123.26,124,,False,79,logs
26,runtime_compare,live,python-optimised,python,optimised,1024,measure,idle,off,True,update_env,4,,,,1789981270.546,2026-09-21T09:01:10.545+00:00,f284420a-ba5c-4b8b-bdfa-a2dcf969d38c,200,,False,394.203,20.82,102,80.19,True,43,logs
27,runtime_compare,live,python-optimised,python,optimised,1024,follow_up,idle,off,False,update_env,4,,,,1789981270.943,2026-09-21T09:01:10.942+00:00,d96d1d2b-868a-45de-8468-67e269c30bdf,200,,False,196.821,19.82,20,,False,43,logs
28,runtime_compare,live,java-optimised,java,optimised,1024,measure,idle,off,True,update_env,4,,,,1789981273.273,2026-09-21T09:01:13.273+00:00,0aa9785c-506f-441f-a210-e19ac288fcec,200,,False,806.806,114.18,520,404.83,True,107,logs
29,runtime_compare,live,java-optimised,java,optimised,1024,follow_up,idle,off,False,update_env,4,,,,1789981274.081,2026-09-21T09:01:14.080+00:00,ae825f4d-34c3-4d58-89bc-7cc56bca850c,200,,False,233.379,52.41,53,,False,107,logs
0,burst,live,python-optimised,python,optimised,1024,measure,burst,off,True,,0,,python-optimised-0,,1789981277.567,2026-09-21T09:01:17.567+00:00,16bb00a0-53b7-4398-9e3e-f17986fa1638,200,,False,389.766,18.68,92,72.94,True,41,logs
19,burst,live,python-optimised,python,optimised,1024,measure,burst,off,True,,0,,python-optimised-0,,1789981277.567,2026-09-21T09:01:17.566+00:00,1889f407-2d0f-4319-ac83-5563922d772e,200,,False,544.896,14.6,15,,False,41,logs
2,burst,live,python-optimised,python,optimised,1024,measure,burst,off,True,,0,,python-optimised-0,,1789981277.569,2026-09-21T09:01:17.568+00:00,23bdae2b-38cc-49fd-9828-7bcf6c1c3ec5,200,,False,1161.226,20.62,21,,False,41,logs
4,burst,live,python-optimised,python,optimised,1024,measure,burst,off,True,,0,,python-optimised-0,,1789981277.569,2026-09-21T09:01:17.569+00:00,4d45f4ed-5240-40a4-b323-ab2bd910afb5,200,,False,1761.221,16.68,17,,False,41,logs
7,burst,live,python-optimised,python,optimised,1024,measure,burst,off,True,,0,,python-optimised-0,,1789981277.57,2026-09-21T09:01:17.569+00:00,0a69fb2d-0acd-4c88-a154-28c81b242d09,200,,False,646.912,14.68,15,,False,41,logs
8,burst,live,python-optimised,python,optimised,1024,measure,burst,off,True,,0,,python-optimised-0,,1789981277.57,2026-09-21T09:01:17.570+00:00,7b34d777-c287-4683-af36-be52b6c28aa6,200,,False,1322.16,31.25,32,,False,41,logs
11,burst,live,python-optimised,python,optimised,1024,measure,burst,off,True,,0,,python-optimised-0,,1789981277.571,2026-09-21T09:01:17.570+00:00,cf86bf93-c7cc-4d12-86f7-0ce3c0d96769,200,,False,719.181,16.25,99,82.41,True,41,logs
13,burst,live,python-optimised,python,optimised,1024,measure,burst,off,True,,0,,python-optimised-0,,1789981277.571,2026-09-21T09:01:17.570+00:00,8a691338-ac07-48fa-bcea-5a4488cfaa51,200,,False,1661.859,30.77,31,,False,41,logs
15,burst,live,python-optimised,python,optimised,1024,measure,burst,off,True,,0,,python-optimised-0,,1789981277.571,2026-09-21T09:01:17.571+00:00,2fb24eb1-7834-4a22-a032-db5efb051f31,200,,False,1113.717,12.7,13,,False,41,logs
17,burst,live,python-optimised,python,optimised,1024,measure,burst,off,True,,0,,python-optimised-0,,1789981277.572,2026-09-21T09:01:17.572+00:00,e9b8eced-ea0d-4e4e-a3ae-c3438582ba8e,200,,False,557.22,14.83,15,,False,41,logs
6,burst,live,python-optimised,python,optimised,1024,measure,burst,off,True,,0,,python-optimised-0,,1789981277.573,2026-09-21T09:01:17.573+00:00,c7c154bd-c4a8-47f8-bacd-9431bd289d26,200,,False,597.987,21.88,22,,False,41,logs
5,burst,live,python-optimised,python,optimised,1024,measure,burst,off,True,,0,,python-optimised-0,,1789981277.574,2026-09-21T09:01:17.573+00:00,27bdbd8b-895e-4666-bf70-ca528511be3e,200,,False,1495.524,32.08,33,,False,41,logs
14,burst,live,python-optimised,python,optimised,1024,measure,burst,off,True,,0,,python-optimised-0,,1789981277.575,2026-09-21T09:01:17.574+00:00,7c0f12e8-b0d4-4caa-8e25-d8e392ad0cfa,200,,False,1303.278,20.96,21,,False,41,logs
16,burst,live,python-optimised,python,optimised,1024,measure,burst,off,True,,0,,python-optimised-0,,1789981277.575,2026-09-21T09:01:17.575+00:00,03736b3a-7d34-4eec-9fff-732e9255bf30,200,,False,885.604,30.98,104,72.4,True,41,logs
18,burst,live,python-optimised,python,optimised,1024,measure,burst,off,True,,0,,python-optimised-0,,1789981277.576,2026-09-21T09:01:17.576+00:00,5ce11460-3366-49d9-b65b-7f8c527a8047,200,,False,727.265,12.66,88,74.44,True,41,logs
1,burst,live,python-optimised,python,optimised,1024,measure,burst,off,True,,0,,python-optimised-0,,1789981277.577,2026-09-21T09:01:17.576+00:00,05ff747b-a93c-405e-912d-05db67aecf6a,200,,False,835.346,30.72,31,,False,41,logs
3,burst,live,python-optimised,python,optimised,1024,measure,burst,off,True,,0,,python-optimised-0,,1789981277.577,2026-09-21T09:01:17.577+00:00,f0e03526-1e7b-4b47-8a2c-8b0dd01dc8c4,200,,False,616.435,16.26,17,,False,41,logs
10,burst,live,python-optimised,python,optimised,1024,measure,burst,off,True,,0,,python-optimised-0,,1789981277.578,2026-09-21T09:01:17.577+00:00,707ccac6-c29c-4dd4-9e53-bdf31ac0a71b,200,,False,753.294,28.71,119,89.63,True,41,logs
12,burst,live,python-optimised,python,optimised,1024,measure,burst,off,True,,0,,python-optimised-0,,1789981277.578,2026-09-21T09:01:17.578+00:00,d925a21d-2778-4481-918e-68f9e0bb89aa,200,,False,898.565,28.53,119,89.97,True,41,logs
9,burst,live,python-optimised,python,optimised,1024,measure,burst,off,True,,0,,python-optimised-0,,1789981277.579,2026-09-21T09:01:17.579+00:00,4b4836f4-5434-49e3-ac3c-98d2c275a345,200,,False,1453.201,32.74,33,,False,41,logs
20,burst,live,java-optimised,java,optimised,1024,measure,burst,off,True,,0,,java-optimised-0,,1789981281.766,2026-09-21T09:01:21.766+00:00,a0ed36af-0351-4a25-97f0-38da97c74d74,200,,False,839.78,115.97,534,417.84,True,107,logs
39,burst,live,java-optimised,java,optimised,1024,measure,burst,off,True,,0,,java-optimised-0,,1789981281.766,2026-09-21T09:01:21.765+00:00,d21bd567-9e8d-4fed-b735-34d155975cdf,200,,False,1068.179,36.72,37,,False,109,logs
22,burst,live,java-optimised,java,optimised,1024,measure,burst,off,True,,0,,java-optimised-0,,1789981281.767,2026-09-21T09:01:21.766+00:00,50df788e-692e-492f-bfc3-8319e3e11774,200,,False,718.452,106.03,426,319.18,True,111,logs
24,burst,live,java-optimised,java,optimised,1024,measure,burst,off,True,,0,,java-optimised-0,,1789981281.767,2026-09-21T09:01:21.767+00:00,47569045-7b52-4d20-8087-948c504fdff6,200,,False,732.906,103.23,440,336.2,True,108,logs
27,burst,live,java-optimised,java,optimised,1024,measure,burst,off,True,,0,,java-optimised-0,,1789981281.768,2026-09-21T09:01:21.767+00:00,6bdeefe6-2503-4f84-87d7-4be47fb776ec,200,,False,721.168,108.31,423,314.31,True,107,logs
28,burst,live,java-optimised,java,optimised,1024,measure,burst,off,True,,0,,java-optimised-0,,1789981281.768,2026-09-21T09:01:21.768+00:00,ad3db811-c871-442c-8ae0-d95e72b13431,200,,False,704.458,92.9,409,315.38,True,109,logs
30,burst,live,java-optimised,java,optimised,1024,measure,burst,off,True,,0,,java-optimised-0,,1789981281.769,2026-09-21T09:01:21.768+00:00,2d073d51-5db5-4878-b8fd-a76fbedabaac,200,,False,874.267,131.55,570,438.06,True,107,logs
32,burst,live,java-optimised,java,optimised,1024,measure,burst,off,True,,0,,java-optimised-0,,1789981281.769,2026-09-21T09:01:21.769+00:00,36190c39-e0cd-4ea2-b2d8-fac6a4b71267,200,,False,832.177,115.64,537,420.49,True,108,logs
34,burst,live,java-optimised,java,optimised,1024,measure,burst,off,True,,0,,java-optimised-0,,1789981281.77,2026-09-21T09:01:21.769+00:00,4004ede1-0d0f-4b41-9ca3-8346d99e7d64,200,,False,855.742,141.43,554,412.46,True,107,logs
36,burst,live,java-optimised,java,optimised,1024,measure,burst,off,True,,0,,java-optimised-0,,1789981281.77,2026-09-21T09:01:21.770+00:00,58fd2123-edac-4e1f-bfa0-9c058b81c1cd,200,,False,896.044,135.12,584,448.78,True,109,logs
21,burst,live,java-optimised,java,optimised,1024,measure,burst,off,True,,0,,java-optimised-0,,1789981281.771,2026-09-21T09:01:21.771+00:00,e619edb0-1809-4754-8a8e-a925b54ce9b6,200,,False,1068.7,38.77,39,,False,107,logs
38,burst,live,java-optimised,java,optimised,1024,measure,burst,off,True,,0,,java-optimised-0,,1789981281.771,2026-09-21T09:01:21.770+00:00,b176bf21-ee54-4d3b-a12b-8d17d7e9732a,200,,False,878.969,132.39,569,436.5,True,107,logs
23,burst,live,java-optimised,java,optimised,1024,measure,burst,off,True,,0,,java-optimised-0,,1789981281.772,2026-09-21T09:01:21.771+00:00,d4f7c8b0-5af6-458c-9803-ae73cba99acc,200,,False,1446.198,35.87,36,,False,109,logs
25,burst,live,java-optimised,java,optimised,1024,measure,burst,off,True,,0,,java-optimised-0,,1789981281.772,2026-09-21T09:01:21.772+00:00,0ef22519-7d09-4546-9f40-5eb83386b4ef,200,,False,1565.177,40.63,41,,False,109,logs
29,burst,live,java-optimised,java,optimised,1024,measure,burst,off,True,,0,,java-optimised-0,,1789981281.773,2026-09-21T09:01:21.773+00:00,ac36794a-5974-4c1a-b493-4d44402e06de,200,,False,1164.311,38.7,39,,False,109,logs
26,burst,live,java-optimised,java,optimised,1024,measure,burst,off,True,,0,,java-optimised-0,,1789981281.774,2026-09-21T09:01:21.773+00:00,68d7f3e6-e286-457e-ba88-611014ccebeb,200,,False,1050.21,47.58,48,,False,107,logs
31,burst,live,java-optimised,java,optimised,1024,measure,burst,off,True,,0,,java-optimised-0,,1789981281.774,2026-09-21T09:01:21.774+00:00,62b67f6f-0dc7-4c35-a9e6-987213fc2394,200,,False,1037.279,51.52,52,,False,109,logs
33,burst,live,java-optimised,java,optimised,1024,measure,burst,off,True,,0,,java-optimised-0,,1789981281.775,2026-09-21T09:01:21.774+00:00,14234108-3f98-484e-969d-ed3b5b41949c,200,,False,1563.164,50.39,51,,False,107,logs
35,burst,live,java-optimised,java,optimised,1024,measure,burst,off,True,,0,,java-optimised-0,,1789981281.775,2026-09-21T09:01:21.775+00:00,4a9a37f7-b166-45e0-9377-d73f6d9e84b2,200,,False,1563.085,49.3,50,,False,109,logs
37,burst,live,java-optimised,java,optimised,1024,measure,burst,off,True,,0,,java-optimised-0,,1789981281.777,2026-09-21T09:01:21.776+00:00,8b6533e3-1a35-4b7e-a80d-09ba4bb66a43,200,,False,1283.557,45.92,46,,False,109,logs
40,burst,live,nodejs-optimised,nodejs,optimised,1024,measure,burst,off,True,,0,,nodejs-optimised-0,,1789981285.739,2026-09-21T09:01:25.739+00:00,888a6c67-a05a-4e2f-b67e-7587ad0ad1d0,200,,False,642.252,185.01,337,151.2,True,78,logs
59,burst,live,nodejs-optimised,nodejs,optimised,1024,measure,burst,off,True,,0,,nodejs-optimised-0,,1789981285.739,2026-09-21T09:01:25.738+00:00,fe569fc1-6110-4f51-be68-05bbfc6a242a,200,,False,1265.659,142.41,143,,False,78,logs
42,burst,live,nodejs-optimised,nodejs,optimised,1024,measure,burst,off,True,,0,,nodejs-optimised-0,,1789981285.74,2026-09-21T09:01:25.740+00:00,b43181e6-db7d-4287-ba5a-70c9fec1ae01,200,,False,739.412,150.86,262,110.98,True,80,logs
45,burst,live,nodejs-optimised,nodejs,optimised,1024,measure,burst,off,True,,0,,nodejs-optimised-0,,1789981285.741,2026-09-21T09:01:25.740+00:00,d42897f1-da60-4e35-a06d-393e18491fe8,200,,False,738.885,210.77,357,145.6,True,78,logs
46,burst,live,nodejs-optimised,nodejs,optimised,1024,measure,burst,off,True,,0,,nodejs-optimised-0,,1789981285.742,2026-09-21T09:01:25.741+00:00,b39cf20b-7604-476a-9114-dd7339d786b6,200,,False,636.456,194.66,345,149.72,True,78,logs
48,burst,live,nodejs-optimised,nodejs,optimised,1024,measure,burst,off,True,,0,,nodejs-optimised-0,,1789981285.742,2026-09-21T09:01:25.742+00:00,9b526fb0-0c82-446f-83bd-c8d72819bf01,200,,False,558.063,153.41,275,121.26,True,79,logs
50,burst,live,nodejs-optimised,nodejs,optimised,1024,measure,burst,off,True,,0,,nodejs-optimised-0,,1789981285.742,2026-09-21T09:01:25.742+00:00,064ac03d-3f51-4d4b-8399-b08acb5a7e34,200,,False,651.119,202.14,352,149.6,True,79,logs
52,burst,live,nodejs-optimised,nodejs,optimised,1024,measure,burst,off,True,,0,,nodejs-optimised-0,,1789981285.743,2026-09-21T09:01:25.742+00:00,5f12f853-38c9-4bbe-9bea-8ed2ab8f3281,200,,False,610.55,179.15,322,142.25,True,78,logs
54,burst,live,nodejs-optimised,nodejs,optimised,1024,measure,burst,off,True,,0,,nodejs-optimised-0,,1789981285.743,2026-09-21T09:01:25.742+00:00,041bc971-e1ff-484a-9dbc-711a6c16a087,200,,False,572.314,156.82,283,125.6,True,78,logs
41,burst,live,nodejs-optimised,nodejs,optimised,1024,measure,burst,off,True,,0,,nodejs-optimised-0,,1789981285.744,2026-09-21T09:01:25.744+00:00,14ccc4a2-e4ec-46fa-8201-dfd8cea0ed33,200,,False,1402.156,108.87,109,,False,80,logs
53,burst,live,nodejs-optimised,nodejs,optimised,1024,measure,burst,off,True,,0,,nodejs-optimised-0,,1789981285.744,2026-09-21T09:01:25.743+00:00,8b7fe745-36a5-4e4e-9a5c-f72d255ec973,200,,False,584.467,188.84,304,114.52,True,79,logs
58,burst,live,nodejs-optimised,nodejs,optimised,1024,measure,burst,off,True,,0,,nodejs-optimised-0,,1789981285.744,2026-09-21T09:01:25.744+00:00,156a2f3d-fa5f-4aae-ad99-a2470b7ed77e,200,,False,560.385,164.32,278,113.63,True,77,logs
44,burst,live,nodejs-optimised,nodejs,optimised,1024,measure,burst,off,True,,0,,nodejs-optimised-0,,1789981285.746,2026-09-21T09:01:25.745+00:00,f73b6a9e-3b1e-4367-bf2c-5c4cc733334c,200,,False,658.034,95.44,96,,False,79,logs
47,burst,live,nodejs-optimised,nodejs,optimised,1024,measure,burst,off,True,,0,,nodejs-optimised-0,,1789981285.747,2026-09-21T09:01:25.747+00:00,034fb276-ba31-4064-ab9b-423493dc8367,200,,False,1636.282,94.11,95,,False,80,logs
51,burst,live,nodejs-optimised,nodejs,optimised,1024,measure,burst,off,True,,0,,nodejs-optimised-0,,1789981285.748,2026-09-21T09:01:25.748+00:00,bb6bdd44-16cc-487b-ac5e-0ab20af113eb,200,,False,842.602,96.82,97,,False,80,logs
43,burst,live,nodejs-optimised,nodejs,optimised,1024,measure,burst,off,True,,0,,nodejs-optimised-0,,1789981285.749,2026-09-21T09:01:25.749+00:00,f3319f26-51c1-4edb-8ce4-2f9e5cf267c3,200,,False,730.07,98.26,99,,False,77,logs
56,burst,live,nodejs-optimised,nodejs,optimised,1024,measure,burst,off,True,,0,,nodejs-optimised-0,,1789981285.75,2026-09-21T09:01:25.750+00:00,d9d269a3-b057-488d-844b-40f0bb5ca1d6,200,,False,729.187,112.64,113,,False,79,logs
49,burst,live,nodejs-optimised,nodejs,optimised,1024,measure,burst,off,True,,0,,nodejs-optimised-0,,1789981285.751,2026-09-21T09:01:25.750+00:00,e18a25fc-d0f3-4a6c-a5ca-a260aa474e1c,200,,False,1341.967,121.62,122,,False,78,logs
57,burst,live,nodejs-optimised,nodejs,optimised,1024,measure,burst,off,True,,0,,nodejs-optimised-0,,1789981285.751,2026-09-21T09:01:25.751+00:00,22cbd59e-9f73-4d86-bce9-95885b77ef83,200,,False,881.815,132.59,133,,False,78,logs
55,burst,live,nodejs-optimised,nodejs,optimised,1024,measure,burst,off,True,,0,,nodejs-optimised-0,,1789981285.752,2026-09-21T09:01:25.751+00:00,c6c412a4-3d33-4efa-932f-1da6c9c3e3a7,200,,False,1789.686,152.29,153,,False,82,logs
79,burst,live,nodejs-optimised,nodejs,optimised,1024,measure,burst,off,True,,1,,nodejs-optimised-1,,1789981289.709,2026-09-21T09:01:29.709+00:00,25da24f8-9657-418e-85bb-31154c3f5829,200,,False,568.455,165.71,284,117.63,True,79,logs
60,burst,live,nodejs-optimised,nodejs,optimised,1024,measure,burst,off,True,,1,,nodejs-optimised-1,,1789981289.71,2026-09-21T09:01:29.709+00:00,b1a3847b-c475-433a-ba68-74e14a1c786d,200,,False,2209.233,94.57,95,,False,79,logs
65,burst,live,nodejs-optimised,nodejs,optimised,1024,measure,burst,off,True,,1,,nodejs-optimised-1,,1789981289.71,2026-09-21T09:01:29.710+00:00,8ff69e20-860b-43a0-8f3f-580552f910a6,200,,False,573.893,152.15,271,118.08,True,77,logs
61,burst,live,nodejs-optimised,nodejs,optimised,1024,measure,burst,off,True,,1,,nodejs-optimised-1,,1789981289.712,2026-09-21T09:01:29.711+00:00,7f3959bf-3e90-41da-9d5b-2efaf521eded,200,,False,1008.4,126.25,127,,False,78,logs
68,burst,live,nodejs-optimised,nodejs,optimised,1024,measure,burst,off,True,,1,,nodejs-optimised-1,,1789981289.712,2026-09-21T09:01:29.711+00:00,f22fe714-ff4e-472d-9f34-be00c8595128,200,,False,639.127,178.44,320,141.34,True,78,logs
69,burst,live,nodejs-optimised,nodejs,optimised,1024,measure,burst,off,True,,1,,nodejs-optimised-1,,1789981289.712,2026-09-21T09:01:29.712+00:00,872ee0ea-84a3-48e0-aa33-30d80cf29836,200,,False,561.333,150.29,275,124.63,True,76,logs
63,burst,live,nodejs-optimised,nodejs,optimised,1024,measure,burst,off,True,,1,,nodejs-optimised-1,,1789981289.713,2026-09-21T09:01:29.713+00:00,cda7a19e-254c-49c3-aca2-3e2deec0070f,200,,False,699.31,99.03,100,,False,77,logs
66,burst,live,nodejs-optimised,nodejs,optimised,1024,measure,burst,off,True,,1,,nodejs-optimised-1,,1789981289.714,2026-09-21T09:01:29.714+00:00,593733f5-6bf8-40a6-99be-08d68b037265,200,,False,634.263,194.49,340,144.51,True,80,logs
72,burst,live,nodejs-optimised,nodejs,optimised,1024,measure,burst,off,True,,1,,nodejs-optimised-1,,1789981289.714,2026-09-21T09:01:29.713+00:00,a946397a-0f31-4ce5-b5e3-6c7d9a48c676,200,,False,569.187,159.47,281,121.45,True,78,logs
76,burst,live,nodejs-optimised,nodejs,optimised,1024,measure,burst,off,True,,1,,nodejs-optimised-1,,1789981289.714,2026-09-21T09:01:29.714+00:00,3034bdf2-8e4a-499c-8b0e-6b53bbc71cce,200,,False,675.039,192.83,345,151.94,True,78,logs
77,burst,live,nodejs-optimised,nodejs,optimised,1024,measure,burst,off,True,,1,,nodejs-optimised-1,,1789981289.715,2026-09-21T09:01:29.714+00:00,47affb76-ac24-4470-8323-7ec1ed57437b,200,,False,647.882,199.93,350,149.09,True,79,logs
73,burst,live,nodejs-optimised,nodejs,optimised,1024,measure,burst,off,True,,1,,nodejs-optimised-1,,1789981289.716,2026-09-21T09:01:29.716+00:00,34f589fa-cfc7-4fa1-b8e7-98fd4cdbd0a3,200,,False,648.347,210.15,356,145.04,True,78,logs
74,burst,live,nodejs-optimised,nodejs,optimised,1024,measure,burst,off,True,,1,,nodejs-optimised-1,,1789981289.716,2026-09-21T09:01:29.715+00:00,0294015e-2293-4039-b775-4d6a51977adb,200,,False,717.394,209.83,351,140.83,True,78,logs
70,burst,live,nodejs-optimised,nodejs,optimised,1024,measure,burst,off,True,,1,,nodejs-optimised-1,,1789981289.717,2026-09-21T09:01:29.717+00:00,f5ad7388-2fa1-40e9-8deb-eb9dfad9ef1a,200,,False,2204.389,102.24,103,,False,77,logs
78,burst,live,nodejs-optimised,nodejs,optimised,1024,measure,burst,off,True,,1,,nodejs-optimised-1,,1789981289.718,2026-09-21T09:01:29.718+00:00,cea3f5d0-8bcc-4c6c-9685-ac86671f7ffc,200,,False,2203.324,121.22,122,,False,78,logs
71,burst,live,nodejs-optimised,nodejs,optimised,1024,measure,burst,off,True,,1,,nodejs-optimised-1,,1789981289.719,2026-09-21T09:01:29.719+00:00,54178624-3676-44e6-be5e-1a4fb42707b7,200,,False,1678.452,131.21,132,,False,78,logs
75,burst,live,nodejs-optimised,nodejs,optimised,1024,measure,burst,off,True,,1,,nodejs-optimised-1,,1789981289.721,2026-09-21T09:01:29.720+00:00,6c9c4c14-a5ff-4a71-9d9d-6dedc7f7e309,200,,False,700.142,106.97,107,,False,78,logs
67,burst,live,nodejs-optimised,nodejs,optimised,1024,measure,burst,off,True,,1,,nodejs-optimised-1,,1789981289.722,2026-09-21T09:01:29.721+00:00,770d0345-cb80-4b0e-a6d3-ef9ddf9254fd,200,,False,2197.547,89.71,90,,False,78,logs
62,burst,live,nodejs-optimised,nodejs,optimised,1024,measure,burst,off,True,,1,,nodejs-optimised-1,,1789981289.723,2026-09-21T09:01:29.723+00:00,e42fcc1f-df95-4c11-a7a9-3d0bb36ab9d1,200,,False,694.667,97.3,98,,False,77,logs
64,burst,live,nodejs-optimised,nodejs,optimised,1024,measure,burst,off,True,,1,,nodejs-optimised-1,,1789981289.724,2026-09-21T09:01:29.723+00:00,b8a01116-3baa-40ba-a4b0-f7524fa0778f,200,,False,697.306,106.62,107,,False,79,logs
99,burst,live,java-optimised,java,optimised,1024,measure,burst,off,True,,1,,java-optimised-1,,1789981294.737,2026-09-21T09:01:34.736+00:00,cb6a0082-b0a4-4ee3-8f24-28167c9a9344,200,,False,969.247,124.52,550,424.92,True,107,logs
80,burst,live,java-optimised,java,optimised,1024,measure,burst,off,True,,1,,java-optimised-1,,1789981294.738,2026-09-21T09:01:34.737+00:00,8bd3afa6-4af6-45f2-ad20-06c3c25a9c32,200,,False,1800.934,41.74,42,,False,108,logs
81,burst,live,java-optimised,java,optimised,1024,measure,burst,off,True,,1,,java-optimised-1,,1789981294.738,2026-09-21T09:01:34.738+00:00,c8c8a6a3-82e1-4b4c-9f7b-fb21db294792,200,,False,864.769,113.44,455,341.47,True,109,logs
83,burst,live,java-optimised,java,optimised,1024,measure,burst,off,True,,1,,java-optimised-1,,1789981294.739,2026-09-21T09:01:34.739+00:00,2d9d342c-f4c1-4f7d-814f-e35a223b4902,200,,False,967.037,28.28,29,,False,109,logs
84,burst,live,java-optimised,java,optimised,1024,measure,burst,off,True,,1,,java-optimised-1,,1789981294.739,2026-09-21T09:01:34.739+00:00,d1e0f31d-1f1b-4118-958d-4f6c75049677,200,,False,1001.052,129.29,578,448.32,True,107,logs
86,burst,live,java-optimised,java,optimised,1024,measure,burst,off,True,,1,,java-optimised-1,,1789981294.74,2026-09-21T09:01:34.740+00:00,a128dea2-8800-465f-9c2e-154a4049d1e0,200,,False,972.79,131.16,546,414.5,True,108,logs
88,burst,live,java-optimised,java,optimised,1024,measure,burst,off,True,,1,,java-optimised-1,,1789981294.741,2026-09-21T09:01:34.740+00:00,5e48f2b5-30d0-4cc4-88b3-d06c02a08d3b,200,,False,989.68,134.73,568,432.42,True,109,logs
90,burst,live,java-optimised,java,optimised,1024,measure,burst,off,True,,1,,java-optimised-1,,1789981294.741,2026-09-21T09:01:34.741+00:00,9149a09a-81ee-49ff-b7ec-fc83b679e37b,200,,False,1006.088,118.23,552,433.5,True,108,logs
93,burst,live,java-optimised,java,optimised,1024,measure,burst,off,True,,1,,java-optimised-1,,1789981294.742,2026-09-21T09:01:34.741+00:00,4b458720-8b91-4dd7-987d-3eed8046e10f,200,,False,973.177,132.58,560,426.43,True,108,logs
97,burst,live,java-optimised,java,optimised,1024,measure,burst,off,True,,1,,java-optimised-1,,1789981294.743,2026-09-21T09:01:34.742+00:00,80115720-dedd-4f70-837e-64159bfe7985,200,,False,802.656,112.73,436,322.34,True,109,logs
85,burst,live,java-optimised,java,optimised,1024,measure,burst,off,True,,1,,java-optimised-1,,1789981294.744,2026-09-21T09:01:34.743+00:00,79102778-bcca-4914-bf90-148fedeb3873,200,,False,971.999,140.88,570,428.58,True,108,logs
96,burst,live,java-optimised,java,optimised,1024,measure,burst,off,True,,1,,java-optimised-1,,1789981294.745,2026-09-21T09:01:34.744+00:00,1c90c994-b975-4b81-be18-4ad9710eece3,200,,False,931.798,114.65,528,413.01,True,97,logs
82,burst,live,java-optimised,java,optimised,1024,measure,burst,off,True,,1,,java-optimised-1,,1789981294.746,2026-09-21T09:01:34.745+00:00,0abeca45-8d01-4c63-b259-7eb88e133aed,200,,False,1376.811,36.53,37,,False,107,logs
92,burst,live,java-optimised,java,optimised,1024,measure,burst,off,True,,1,,java-optimised-1,,1789981294.747,2026-09-21T09:01:34.747+00:00,363c97db-26da-485c-8530-b4ec752ab5bd,200,,False,1255.415,48.07,49,,False,107,logs
98,burst,live,java-optimised,java,optimised,1024,measure,burst,off,True,,1,,java-optimised-1,,1789981294.748,2026-09-21T09:01:34.748+00:00,3cdc0e9e-726a-415b-8f55-1f61ff8db571,200,,False,1391.134,50.4,51,,False,108,logs
89,burst,live,java-optimised,java,optimised,1024,measure,burst,off,True,,1,,java-optimised-1,,1789981294.749,2026-09-21T09:01:34.748+00:00,447360e6-0a13-4bf5-b0e5-5458fe2edfb5,200,,False,851.453,34.35,35,,False,109,logs
95,burst,live,java-optimised,java,optimised,1024,measure,burst,off,True,,1,,java-optimised-1,,1789981294.749,2026-09-21T09:01:34.749+00:00,fe61ab84-64db-4312-a50d-b666382c0c78,200,,False,1169.915,52.01,53,,False,108,logs
91,burst,live,java-optimised,java,optimised,1024,measure,burst,off,True,,1,,java-optimised-1,,1789981294.75,2026-09-21T09:01:34.750+00:00,d99f5112-cb15-4b5c-b532-be855ce89fe7,200,,False,1608.165,38.93,39,,False,108,logs
94,burst,live,java-optimised,java,optimised,1024,measure,burst,off,True,,1,,java-optimised-1,,1789981294.75,2026-09-21T09:01:34.749+00:00,520db907-6323-454c-bbdc-b548041c5ef2,200,,False,1386.633,42.74,43,,False,109,logs
87,burst,live,java-optimised,java,optimised,1024,measure,burst,off,True,,1,,java-optimised-1,,1789981294.751,2026-09-21T09:01:34.751+00:00,ebf64283-5bb0-4df8-8fcf-455834ca111e,200,,False,1246.509,51.36,52,,False,108,logs
100,burst,live,python-optimised,python,optimised,1024,measure,burst,off,True,,1,,python-optimised-1,,1789981298.764,2026-09-21T09:01:38.764+00:00,12bffa83-bcd3-40a9-a908-88dee0e84fd0,200,,False,416.253,16.74,17,,False,41,logs
119,burst,live,python-optimised,python,optimised,1024,measure,burst,off,True,,1,,python-optimised-1,,1789981298.764,2026-09-21T09:01:38.763+00:00,e8afd028-c28c-4ce8-9069-94f95e16877a,200,,False,384.059,22.22,110,87.26,True,41,logs
103,burst,live,python-optimised,python,optimised,1024,measure,burst,off,True,,1,,python-optimised-1,,1789981298.765,2026-09-21T09:01:38.765+00:00,158b28b9-2bbc-43dc-b0d1-ea1e7b0b6816,200,,False,405.237,21.91,116,93.3,True,41,logs
105,burst,live,python-optimised,python,optimised,1024,measure,burst,off,True,,1,,python-optimised-1,,1789981298.766,2026-09-21T09:01:38.766+00:00,76bb939e-f9f9-4b92-8be7-aeed1c022816,200,,False,401.719,17.12,107,89.12,True,41,logs
107,burst,live,python-optimised,python,optimised,1024,measure,burst,off,True,,1,,python-optimised-1,,1789981298.767,2026-09-21T09:01:38.767+00:00,72bd4338-72fd-4571-9f62-13ae5e953909,200,,False,448.98,20.01,108,87.79,True,41,logs
108,burst,live,python-optimised,python,optimised,1024,measure,burst,off,True,,1,,python-optimised-1,,1789981298.768,2026-09-21T09:01:38.768+00:00,d74deaea-2ac5-4b47-8453-02cabeefdc8e,200,,False,424.893,30.64,121,90.25,True,41,logs
112,burst,live,python-optimised,python,optimised,1024,measure,burst,off,True,,1,,python-optimised-1,,1789981298.769,2026-09-21T09:01:38.768+00:00,c8e76302-0bb1-443b-a2c9-24aecac638cf,200,,False,395.194,19.27,112,91.77,True,41,logs
110,burst,live,python-optimised,python,optimised,1024,measure,burst,off,True,,1,,python-optimised-1,,1789981298.77,2026-09-21T09:01:38.769+00:00,8acc6272-a520-4227-bd43-7fdc8f3cb152,200,,False,402.083,27.09,115,87.18,True,41,logs
101,burst,live,python-optimised,python,optimised,1024,measure,burst,off,True,,1,,python-optimised-1,,1789981298.771,2026-09-21T09:01:38.771+00:00,c38cb880-facf-4fcd-9184-17449a4fde12,200,,False,389.515,17.69,104,85.42,True,41,logs
104,burst,live,python-optimised,python,optimised,1024,measure,burst,off,True,,1,,python-optimised-1,,1789981298.771,2026-09-21T09:01:38.770+00:00,cbb3e947-2e91-45de-adcd-3a7bfc19ed58,200,,False,427.27,27.34,122,93.77,True,41,logs
109,burst,live,python-optimised,python,optimised,1024,measure,burst,off,True,,1,,python-optimised-1,,1789981298.772,2026-09-21T09:01:38.771+00:00,9a59a9b0-417d-4ba3-b5f6-0ceca75018d6,200,,False,528.439,20.79,21,,False,41,logs
111,burst,live,python-optimised,python,optimised,1024,measure,burst,off,True,,1,,python-optimised-1,,1789981298.773,2026-09-21T09:01:38.772+00:00,23963152-c402-4148-8159-f9ca5130bbb1,200,,False,540.78,30.43,31,,False,41,logs
113,burst,live,python-optimised,python,optimised,1024,measure,burst,off,True,,1,,python-optimised-1,,1789981298.773,2026-09-21T09:01:38.772+00:00,51e07191-8657-47a4-b5dc-1b071a1a7e8b,200,,False,503.355,20.29,21,,False,41,logs
118,burst,live,python-optimised,python,optimised,1024,measure,burst,off,True,,1,,python-optimised-1,,1789981298.773,2026-09-21T09:01:38.773+00:00,ccd89c0b-665d-4f6c-93e0-d82f63452e49,200,,False,537.597,26.93,27,,False,41,logs
106,burst,live,python-optimised,python,optimised,1024,measure,burst,off,True,,1,,python-optimised-1,,1789981298.774,2026-09-21T09:01:38.774+00:00,b84ff1b6-2e01-4d2d-96de-31a5ea093e64,200,,False,507.664,17.8,18,,False,41,logs
114,burst,live,python-optimised,python,optimised,1024,measure,burst,off,True,,1,,python-optimised-1,,1789981298.775,2026-09-21T09:01:38.774+00:00,c7e5f937-648c-40e1-aed6-40ca0622bc44,200,,False,498.931,19.95,20,,False,41,logs
115,burst,live,python-optimised,python,optimised,1024,measure,burst,off,True,,1,,python-optimised-1,,1789981298.776,2026-09-21T09:01:38.776+00:00,9ec3357a-c499-4b1c-a78a-99dae7212218,200,,False,531.202,29.38,30,,False,41,logs
116,burst,live,python-optimised,python,optimised,1024,measure,burst,off,True,,1,,python-optimised-1,,1789981298.776,2026-09-21T09:01:38.775+00:00,b0c92e3a-d1be-484d-9f2c-d0e4dff03aa8,200,,False,541.271,15.71,16,,False,41,logs
117,burst,live,python-optimised,python,optimised,1024,measure,burst,off,True,,1,,python-optimised-1,,1789981298.777,2026-09-21T09:01:38.776+00:00,ba4ee1c1-d6d8-46b4-b516-c9565ffde3af,200,,False,554.54,26.59,27,,False,41,logs
102,burst,live,python-optimised,python,optimised,1024,measure,burst,off,True,,1,,python-optimised-1,,1789981298.778,2026-09-21T09:01:38.777+00:00,cfeab5b0-6492-4119-95b5-3b6228dd2118,200,,False,517.332,16.26,17,,False,41,logs
139,burst,live,python-optimised,python,optimised,1024,measure,burst,off,True,,2,,python-optimised-2,,1789981301.48,2026-09-21T09:01:41.480+00:00,c51b3e95-e2f8-4276-94b6-655fd3c202f8,200,,False,600.631,16.55,17,,False,41,logs
120,burst,live,python-optimised,python,optimised,1024,measure,burst,off,True,,2,,python-optimised-2,,1789981301.481,2026-09-21T09:01:41.480+00:00,be90798f-61cf-4f40-b17a-e1df8a05cec5,200,,False,447.655,27.34,117,89.43,True,41,logs
123,burst,live,python-optimised,python,optimised,1024,measure,burst,off,True,,2,,python-optimised-2,,1789981301.482,2026-09-21T09:01:41.482+00:00,caa55284-9c11-47f9-b199-1bdc77a185a4,200,,False,412.976,19.96,109,88.16,True,41,logs
124,burst,live,python-optimised,python,optimised,1024,measure,burst,off,True,,2,,python-optimised-2,,1789981301.482,2026-09-21T09:01:41.481+00:00,2eba2b83-caa8-4ffa-9f13-95f3978521ed,200,,False,393.507,31.71,101,68.44,True,41,logs
127,burst,live,python-optimised,python,optimised,1024,measure,burst,off,True,,2,,python-optimised-2,,1789981301.483,2026-09-21T09:01:41.482+00:00,c6a7b134-81ba-459c-8733-8a62bcfe5d37,200,,False,415.994,22.38,115,92.27,True,41,logs
129,burst,live,python-optimised,python,optimised,1024,measure,burst,off,True,,2,,python-optimised-2,,1789981301.484,2026-09-21T09:01:41.483+00:00,2f340b51-adf6-4abc-a0c2-3ced62e0375e,200,,False,396.581,28.27,117,88.15,True,41,logs
131,burst,live,python-optimised,python,optimised,1024,measure,burst,off,True,,2,,python-optimised-2,,1789981301.484,2026-09-21T09:01:41.484+00:00,b075e921-78f8-4dbc-a43e-e56b738a5780,200,,False,358.851,20.07,92,71.08,True,41,logs
133,burst,live,python-optimised,python,optimised,1024,measure,burst,off,True,,2,,python-optimised-2,,1789981301.485,2026-09-21T09:01:41.485+00:00,cdfb7e81-907c-48d0-b815-f835ccda5782,200,,False,407.703,34.18,123,88.52,True,41,logs
134,burst,live,python-optimised,python,optimised,1024,measure,burst,off,True,,2,,python-optimised-2,,1789981301.486,2026-09-21T09:01:41.485+00:00,54d8559c-5a9e-449c-838c-2ba7f5321790,200,,False,417.414,27.53,120,91.74,True,41,logs
122,burst,live,python-optimised,python,optimised,1024,measure,burst,off,True,,2,,python-optimised-2,,1789981301.487,2026-09-21T09:01:41.486+00:00,e5a05498-eea2-4312-9240-598c4ab0426f,200,,False,392.88,30.71,105,73.54,True,41,logs
125,burst,live,python-optimised,python,optimised,1024,measure,burst,off,True,,2,,python-optimised-2,,1789981301.488,2026-09-21T09:01:41.487+00:00,41465bde-ad91-4816-bc20-013b97318dc6,200,,False,570.98,19.12,20,,False,41,logs
126,burst,live,python-optimised,python,optimised,1024,measure,burst,off,True,,2,,python-optimised-2,,1789981301.488,2026-09-21T09:01:41.487+00:00,43dc8439-c469-46eb-9a7b-ae035c7e7572,200,,False,382.008,19.04,88,68.62,True,41,logs
130,burst,live,python-optimised,python,optimised,1024,measure,burst,off,True,,2,,python-optimised-2,,1789981301.489,2026-09-21T09:01:41.488+00:00,2acf94bb-cc39-4fb8-9208-2067a38ccab1,200,,False,573.62,26.04,27,,False,41,logs
132,burst,live,python-optimised,python,optimised,1024,measure,burst,off,True,,2,,python-optimised-2,,1789981301.489,2026-09-21T09:01:41.489+00:00,ea6bbd81-1b18-460e-b00d-f978a7828ea0,200,,False,601.913,23.13,24,,False,41,logs
136,burst,live,python-optimised,python,optimised,1024,measure,burst,off,True,,2,,python-optimised-2,,1789981301.49,2026-09-21T09:01:41.490+00:00,4cabe099-5104-4654-b289-79e57efa6f66,200,,False,597.534,31.07,32,,False,41,logs
135,burst,live,python-optimised,python,optimised,1024,measure,burst,off,True,,2,,python-optimised-2,,1789981301.491,2026-09-21T09:01:41.491+00:00,b5b5b32c-9eac-4f13-a97d-99c885e68e6b,200,,False,574.32,31.58,32,,False,41,logs
121,burst,live,python-optimised,python,optimised,1024,measure,burst,off,True,,2,,python-optimised-2,,1789981301.492,2026-09-21T09:01:41.492+00:00,e0cbfaae-6c9d-4297-b146-6a2d2c180503,200,,False,581.749,24.76,25,,False,41,logs
138,burst,live,python-optimised,python,optimised,1024,measure,burst,off,True,,2,,python-optimised-2,,1789981301.494,2026-09-21T09:01:41.494+00:00,d74376a0-cccc-46ab-ab4d-187018c4e02f,200,,False,559.485,20.16,21,,False,41,logs
128,burst,live,python-optimised,python,optimised,1024,measure,burst,off,True,,2,,python-optimised-2,,1789981301.495,2026-09-21T09:01:41.494+00:00,591daf0d-48af-4b29-abb1-5d8b4d64f03b,200,,False,596.095,33.24,34,,False,41,logs
137,burst,live,python-optimised,python,optimised,1024,measure,burst,off,True,,2,,python-optimised-2,,1789981301.496,2026-09-21T09:01:41.495+00:00,ce45d75b-ad6d-44a1-8fc9-16516df59a0f,200,,False,550.418,16.36,17,,False,41,logs
140,burst,live,nodejs-optimised,nodejs,optimised,1024,measure,burst,off,True,,2,,nodejs-optimised-2,,1789981304.214,2026-09-21T09:01:44.214+00:00,8196d0f0-6508-4ddb-94db-3c144c5d27cd,200,,False,635.792,200.53,345,144.09,True,78,logs
159,burst,live,nodejs-optimised,nodejs,optimised,1024,measure,burst,off,True,,2,,nodejs-optimised-2,,1789981304.214,2026-09-21T09:01:44.213+00:00,ff1f5db0-9bb2-409d-b499-d030ec46a3f9,200,,False,1447.075,94.36,95,,False,83,logs
142,burst,live,nodejs-optimised,nodejs,optimised,1024,measure,burst,off,True,,2,,nodejs-optimised-2,,1789981304.215,2026-09-21T09:01:44.215+00:00,8bc33595-827c-4c23-8f4a-4d45224d228e,200,,False,648.85,204.72,355,149.71,True,79,logs
144,burst,live,nodejs-optimised,nodejs,optimised,1024,measure,burst,off,True,,2,,nodejs-optimised-2,,1789981304.216,2026-09-21T09:01:44.216+00:00,07b46647-6610-457c-b00b-c0f3302ec298,200,,False,645.654,201.12,350,148.51,True,78,logs
146,burst,live,nodejs-optimised,nodejs,optimised,1024,measure,burst,off,True,,2,,nodejs-optimised-2,,1789981304.217,2026-09-21T09:01:44.216+00:00,71c6a711-af26-4be4-9533-acd5114a1be6,200,,False,662.547,199.75,371,170.25,True,79,logs
149,burst,live,nodejs-optimised,nodejs,optimised,1024,measure,burst,off,True,,2,,nodejs-optimised-2,,1789981304.218,2026-09-21T09:01:44.217+00:00,16ff4488-d7ac-46dc-8c9c-3eb279b20e66,200,,False,617.006,180.59,327,145.69,True,78,logs
151,burst,live,nodejs-optimised,nodejs,optimised,1024,measure,burst,off,True,,2,,nodejs-optimised-2,,1789981304.218,2026-09-21T09:01:44.218+00:00,dd805093-04df-4cb7-bc5b-5390556d5b61,200,,False,613.653,189.34,339,149.05,True,78,logs
153,burst,live,nodejs-optimised,nodejs,optimised,1024,measure,burst,off,True,,2,,nodejs-optimised-2,,1789981304.219,2026-09-21T09:01:44.219+00:00,8adaa4b0-9df7-4cca-9109-05a98f50ee60,200,,False,612.646,159.45,286,125.68,True,78,logs
141,burst,live,nodejs-optimised,nodejs,optimised,1024,measure,burst,off,True,,2,,nodejs-optimised-2,,1789981304.22,2026-09-21T09:01:44.219+00:00,2c67d0f4-9d61-4fa8-9bed-018ff446f622,200,,False,612.754,151.19,263,111.76,True,79,logs
148,burst,live,nodejs-optimised,nodejs,optimised,1024,measure,burst,off,True,,2,,nodejs-optimised-2,,1789981304.221,2026-09-21T09:01:44.221+00:00,6f74e88e-33e8-4f08-b795-89bbaf77eff1,200,,False,609.463,151.19,273,121.79,True,78,logs
150,burst,live,nodejs-optimised,nodejs,optimised,1024,measure,burst,off,True,,2,,nodejs-optimised-2,,1789981304.221,2026-09-21T09:01:44.221+00:00,0827f654-54e1-491c-ae0a-547984036bd3,200,,False,1537.608,140.3,141,,False,78,logs
152,burst,live,nodejs-optimised,nodejs,optimised,1024,measure,burst,off,True,,2,,nodejs-optimised-2,,1789981304.222,2026-09-21T09:01:44.222+00:00,33ff234e-4513-421d-98d6-1ad44b6e6ac0,200,,False,609.077,151.31,271,119.04,True,79,logs
157,burst,live,nodejs-optimised,nodejs,optimised,1024,measure,burst,off,True,,2,,nodejs-optimised-2,,1789981304.223,2026-09-21T09:01:44.222+00:00,f15051d2-72ef-4c16-b405-e8effd594ec1,200,,False,1323.792,111.01,112,,False,82,logs
158,burst,live,nodejs-optimised,nodejs,optimised,1024,measure,burst,off,True,,2,,nodejs-optimised-2,,1789981304.223,2026-09-21T09:01:44.223+00:00,dd4ecd7b-e308-44cb-b339-21ac60ef2d46,200,,False,1434.132,126.52,127,,False,79,logs
156,burst,live,nodejs-optimised,nodejs,optimised,1024,measure,burst,off,True,,2,,nodejs-optimised-2,,1789981304.224,2026-09-21T09:01:44.224+00:00,c51d2b1f-4a0d-4b7b-b442-6cf597f99870,200,,False,1466.517,126.87,127,,False,79,logs
155,burst,live,nodejs-optimised,nodejs,optimised,1024,measure,burst,off,True,,2,,nodejs-optimised-2,,1789981304.226,2026-09-21T09:01:44.225+00:00,41cd4f41-7cd9-4ed7-9dfa-41d98ac7346a,200,,False,869.231,90.55,91,,False,79,logs
154,burst,live,nodejs-optimised,nodejs,optimised,1024,measure,burst,off,True,,2,,nodejs-optimised-2,,1789981304.227,2026-09-21T09:01:44.227+00:00,3ec3cc5d-6980-4e8a-a64b-eec8379c3cbd,200,,False,1403.329,109.56,110,,False,78,logs
145,burst,live,nodejs-optimised,nodejs,optimised,1024,measure,burst,off,True,,2,,nodejs-optimised-2,,1789981304.228,2026-09-21T09:01:44.228+00:00,e8dd9ffb-38af-457c-93f9-c2a4ec19bf07,200,,False,687.34,104.24,105,,False,79,logs
147,burst,live,nodejs-optimised,nodejs,optimised,1024,measure,burst,off,True,,2,,nodejs-optimised-2,,1789981304.229,2026-09-21T09:01:44.228+00:00,0dd3f886-1b89-4ec3-ac62-912cbc508b62,200,,False,1197.794,87.31,88,,False,79,logs
143,burst,live,nodejs-optimised,nodejs,optimised,1024,measure,burst,off,True,,2,,nodejs-optimised-2,,1789981304.23,2026-09-21T09:01:44.230+00:00,679abac9-83c4-467f-b7fa-6857fc48a952,200,,False,665.572,104.76,105,,False,78,logs
179,burst,live,java-optimised,java,optimised,1024,measure,burst,off,True,,2,,java-optimised-2,,1789981307.856,2026-09-21T09:01:47.856+00:00,2ef9b4f1-696b-42d9-82e2-ce98f42ba0d2,200,,False,860.242,117.53,543,424.87,True,107,logs
160,burst,live,java-optimised,java,optimised,1024,measure,burst,off,True,,2,,java-optimised-2,,1789981307.857,2026-09-21T09:01:47.856+00:00,c68b652e-a36d-4ad4-b252-e98c22f9b437,200,,False,862.023,130.61,552,420.85,True,109,logs
162,burst,live,java-optimised,java,optimised,1024,measure,burst,off,True,,2,,java-optimised-2,,1789981307.857,2026-09-21T09:01:47.857+00:00,05ba4545-52b0-4ae8-86b9-e3179e56db7e,200,,False,897.165,126.17,567,440.66,True,108,logs
165,burst,live,java-optimised,java,optimised,1024,measure,burst,off,True,,2,,java-optimised-2,,1789981307.858,2026-09-21T09:01:47.858+00:00,06c8c75d-0601-430d-8c17-805197f5ea3d,200,,False,872.889,122.47,548,424.69,True,108,logs
166,burst,live,java-optimised,java,optimised,1024,measure,burst,off,True,,2,,java-optimised-2,,1789981307.859,2026-09-21T09:01:47.859+00:00,492cd908-3458-46fd-95d5-30bc0255efd3,200,,False,960.968,130.66,554,422.36,True,107,logs
169,burst,live,java-optimised,java,optimised,1024,measure,burst,off,True,,2,,java-optimised-2,,1789981307.86,2026-09-21T09:01:47.860+00:00,34b95ac3-f371-4186-9bcd-b580cc701663,200,,False,731.467,96.57,423,326.3,True,109,logs
172,burst,live,java-optimised,java,optimised,1024,measure,burst,off,True,,2,,java-optimised-2,,1789981307.861,2026-09-21T09:01:47.860+00:00,081047cd-f3bf-46f2-86b7-2889af641b8a,200,,False,881.603,130.98,566,434.49,True,97,logs
175,burst,live,java-optimised,java,optimised,1024,measure,burst,off,True,,2,,java-optimised-2,,1789981307.861,2026-09-21T09:01:47.861+00:00,83efc0de-b507-4626-a411-6da6700c065c,200,,False,746.738,106.45,430,322.94,True,109,logs
178,burst,live,java-optimised,java,optimised,1024,measure,burst,off,True,,2,,java-optimised-2,,1789981307.862,2026-09-21T09:01:47.861+00:00,4644e1d6-09b0-4e23-9041-3deff9addebe,200,,False,723.447,103.45,422,318.18,True,107,logs
163,burst,live,java-optimised,java,optimised,1024,measure,burst,off,True,,2,,java-optimised-2,,1789981307.863,2026-09-21T09:01:47.863+00:00,ae4e5240-eeff-44f3-9674-b73d10f4c4c2,200,,False,1160.334,42.52,43,,False,107,logs
164,burst,live,java-optimised,java,optimised,1024,measure,burst,off,True,,2,,java-optimised-2,,1789981307.863,2026-09-21T09:01:47.863+00:00,2280f307-a73f-463e-8d92-ba9464fc7d2c,200,,False,866.632,128.65,556,426.61,True,109,logs
167,burst,live,java-optimised,java,optimised,1024,measure,burst,off,True,,2,,java-optimised-2,,1789981307.864,2026-09-21T09:01:47.863+00:00,4f770e9b-b0b9-438b-b34a-01d27c07935d,200,,False,1416.631,50.24,51,,False,97,logs
176,burst,live,java-optimised,java,optimised,1024,measure,burst,off,True,,2,,java-optimised-2,,1789981307.864,2026-09-21T09:01:47.864+00:00,75edba49-d1cc-43e7-bf69-53ce5f97e47b,200,,False,1603.73,50.75,51,,False,107,logs
177,burst,live,java-optimised,java,optimised,1024,measure,burst,off,True,,2,,java-optimised-2,,1789981307.865,2026-09-21T09:01:47.865+00:00,b806aa30-fd5c-4fb8-b83b-55272b564bb1,200,,False,916.708,48.3,49,,False,107,logs
174,burst,live,java-optimised,java,optimised,1024,measure,burst,off,True,,2,,java-optimised-2,,1789981307.866,2026-09-21T09:01:47.865+00:00,272c7808-1746-46f9-882a-7d970af88758,200,,False,1175.349,40.29,41,,False,97,logs
170,burst,live,java-optimised,java,optimised,1024,measure,burst,off,True,,2,,java-optimised-2,,1789981307.888,2026-09-21T09:01:47.888+00:00,c7207243-1e0d-42ef-8d9b-3b1ab703e842,200,,False,913.444,41.18,42,,False,97,logs
173,burst,live,java-optimised,java,optimised,1024,measure,burst,off,True,,2,,java-optimised-2,,1789981307.889,2026-09-21T09:01:47.888+00:00,301cae09-4cce-48a5-87a7-b461cd271da8,200,,False,1252.345,28.91,29,,False,97,logs
161,burst,live,java-optimised,java,optimised,1024,measure,burst,off,True,,2,,java-optimised-2,,1789981307.89,2026-09-21T09:01:47.889+00:00,0464b72f-884e-45be-bbae-4ec9c486e6df,200,,False,1453.376,36.95,37,,False,97,logs
168,burst,live,java-optimised,java,optimised,1024,measure,burst,off,True,,2,,java-optimised-2,,1789981307.89,2026-09-21T09:01:47.890+00:00,b9aed69d-4e8b-43c1-b13b-cac8b0301602,200,,False,815.333,28.27,29,,False,109,logs
171,burst,live,java-optimised,java,optimised,1024,measure,burst,off,True,,2,,java-optimised-2,,1789981307.891,2026-09-21T09:01:47.890+00:00,6fba001e-0c5a-4000-8806-76c7ea2597e3,200,,False,1532.554,47.98,48,,False,97,logs
199,burst,live,python-optimised,python,optimised,1024,measure,burst,off,True,,3,,python-optimised-3,,1789981311.55,2026-09-21T09:01:51.550+00:00,e4a5b613-7d8e-4764-94bc-eb1b34476a40,200,,False,620.011,31.33,32,,False,41,logs
180,burst,live,python-optimised,python,optimised,1024,measure,burst,off,True,,3,,python-optimised-3,,1789981311.551,2026-09-21T09:01:51.550+00:00,a56af730-8a98-4080-a105-963304314b0e,200,,False,361.566,13.22,89,75.36,True,41,logs
182,burst,live,python-optimised,python,optimised,1024,measure,burst,off,True,,3,,python-optimised-3,,1789981311.552,2026-09-21T09:01:51.551+00:00,0a4db4c1-61b6-4e0c-bdce-076a6ef6b636,200,,False,400.853,16.84,105,87.2,True,41,logs
184,burst,live,python-optimised,python,optimised,1024,measure,burst,off,True,,3,,python-optimised-3,,1789981311.553,2026-09-21T09:01:51.552+00:00,e34bfb52-137e-4737-92d6-e2f4e2db5467,200,,False,461.969,28.32,93,64.13,True,41,logs
185,burst,live,python-optimised,python,optimised,1024,measure,burst,off,True,,3,,python-optimised-3,,1789981311.554,2026-09-21T09:01:51.554+00:00,a389e3c3-aa55-4cae-81fd-5b55d2c4674f,200,,False,440.307,31.49,122,89.74,True,41,logs
187,burst,live,python-optimised,python,optimised,1024,measure,burst,off,True,,3,,python-optimised-3,,1789981311.554,2026-09-21T09:01:51.553+00:00,c0046e8d-b3ff-409c-9ecc-c4ea3637b330,200,,False,396.439,16.36,103,85.67,True,41,logs
191,burst,live,python-optimised,python,optimised,1024,measure,burst,off,True,,3,,python-optimised-3,,1789981311.555,2026-09-21T09:01:51.555+00:00,21cb26ef-b99e-4639-8106-610c31765e3b,200,,False,412.535,17.23,115,97.7,True,41,logs
181,burst,live,python-optimised,python,optimised,1024,measure,burst,off,True,,3,,python-optimised-3,,1789981311.556,2026-09-21T09:01:51.556+00:00,69bdb1fa-5123-4114-9956-545ea863f22a,200,,False,399.106,17.12,109,91.57,True,41,logs
189,burst,live,python-optimised,python,optimised,1024,measure,burst,off,True,,3,,python-optimised-3,,1789981311.556,2026-09-21T09:01:51.555+00:00,f6c9efbd-d4d6-42ce-93c7-a10858cd0ef7,200,,False,388.205,27.56,116,87.6,True,41,logs
183,burst,live,python-optimised,python,optimised,1024,measure,burst,off,True,,3,,python-optimised-3,,1789981311.557,2026-09-21T09:01:51.556+00:00,f37861a6-0cf3-4225-a66b-b4ceccebf4db,200,,False,400.636,22.38,112,88.63,True,41,logs
186,burst,live,python-optimised,python,optimised,1024,measure,burst,off,True,,3,,python-optimised-3,,1789981311.557,2026-09-21T09:01:51.557+00:00,57a613cc-6b92-46d8-8cc2-51cf1c93838a,200,,False,362.145,15.19,89,73.61,True,41,logs
188,burst,live,python-optimised,python,optimised,1024,measure,burst,off,True,,3,,python-optimised-3,,1789981311.558,2026-09-21T09:01:51.557+00:00,f7bf2333-cdef-4858-80ef-e7ab3622b280,200,,False,534.559,23.91,24,,False,41,logs
190,burst,live,python-optimised,python,optimised,1024,measure,burst,off,True,,3,,python-optimised-3,,1789981311.558,2026-09-21T09:01:51.558+00:00,45c27115-73b2-4b60-b478-1d991cca7d62,200,,False,534.721,30.46,31,,False,41,logs
197,burst,live,python-optimised,python,optimised,1024,measure,burst,off,True,,3,,python-optimised-3,,1789981311.559,2026-09-21T09:01:51.559+00:00,3c994f96-a9e1-47d8-9618-04773b5d8f63,200,,False,507.387,17.61,18,,False,41,logs
196,burst,live,python-optimised,python,optimised,1024,measure,burst,off,True,,3,,python-optimised-3,,1789981311.56,2026-09-21T09:01:51.559+00:00,d2bde349-d928-4a72-9f9d-301c03b6a5c9,200,,False,521.278,25.95,26,,False,41,logs
195,burst,live,python-optimised,python,optimised,1024,measure,burst,off,True,,3,,python-optimised-3,,1789981311.561,2026-09-21T09:01:51.561+00:00,cf00a919-a9e7-4cc6-9045-f3cb9be4ea56,200,,False,508.118,19.85,20,,False,41,logs
192,burst,live,python-optimised,python,optimised,1024,measure,burst,off,True,,3,,python-optimised-3,,1789981311.562,2026-09-21T09:01:51.562+00:00,fa9efb99-8e77-4301-b358-b5f755e9cdd5,200,,False,516.37,15.84,16,,False,41,logs
194,burst,live,python-optimised,python,optimised,1024,measure,burst,off,True,,3,,python-optimised-3,,1789981311.562,2026-09-21T09:01:51.561+00:00,57603743-351b-4f1f-abd4-30cea27f7c88,200,,False,498.863,11.36,12,,False,41,logs
193,burst,live,python-optimised,python,optimised,1024,measure,burst,off,True,,3,,python-optimised-3,,1789981311.563,2026-09-21T09:01:51.562+00:00,76e6ad7c-2e9c-47b4-9343-67bc83130301,200,,False,606.831,23.91,24,,False,41,logs
198,burst,live,python-optimised,python,optimised,1024,measure,burst,off,True,,3,,python-optimised-3,,1789981311.563,2026-09-21T09:01:51.563+00:00,8e7cacb1-406a-4d43-9898-3532c25d1065,200,,False,605.937,33.13,34,,False,41,logs
200,burst,live,nodejs-optimised,nodejs,optimised,1024,measure,burst,off,True,,3,,nodejs-optimised-3,,1789981314.35,2026-09-21T09:01:54.350+00:00,d3f1c718-f1ae-4c89-be40-380cd414fe38,200,,False,645.928,194.93,340,144.29,True,78,logs
219,burst,live,nodejs-optimised,nodejs,optimised,1024,measure,burst,off,True,,3,,nodejs-optimised-3,,1789981314.35,2026-09-21T09:01:54.349+00:00,e11ca60a-cac5-4c7f-b781-226b4618d18e,200,,False,577.515,156.58,287,129.68,True,79,logs
202,burst,live,nodejs-optimised,nodejs,optimised,1024,measure,burst,off,True,,3,,nodejs-optimised-3,,1789981314.351,2026-09-21T09:01:54.350+00:00,b9e59477-26d8-4cc0-93b6-632ab243ac10,200,,False,650.81,195.63,348,151.98,True,78,logs
204,burst,live,nodejs-optimised,nodejs,optimised,1024,measure,burst,off,True,,3,,nodejs-optimised-3,,1789981314.351,2026-09-21T09:01:54.351+00:00,f5ba54d5-5229-4f43-aab5-5042601ad2c2,200,,False,656.59,212.66,355,142.33,True,79,logs
205,burst,live,nodejs-optimised,nodejs,optimised,1024,measure,burst,off,True,,3,,nodejs-optimised-3,,1789981314.352,2026-09-21T09:01:54.352+00:00,37a560a1-6885-453c-8a10-b4fbb7406551,200,,False,580.105,160.07,286,125.13,True,78,logs
207,burst,live,nodejs-optimised,nodejs,optimised,1024,measure,burst,off,True,,3,,nodejs-optimised-3,,1789981314.352,2026-09-21T09:01:54.351+00:00,2c82fc98-570a-4f08-9513-06ee22b0e29a,200,,False,584.046,151.79,264,112.2,True,79,logs
209,burst,live,nodejs-optimised,nodejs,optimised,1024,measure,burst,off,True,,3,,nodejs-optimised-3,,1789981314.352,2026-09-21T09:01:54.351+00:00,c341fb8c-42c3-4e8c-8105-632a18650a9a,200,,False,621.594,180.76,324,142.98,True,78,logs
212,burst,live,nodejs-optimised,nodejs,optimised,1024,measure,burst,off,True,,3,,nodejs-optimised-3,,1789981314.352,2026-09-21T09:01:54.352+00:00,f871a3fe-32b7-4330-bb54-3aa37d945712,200,,False,564.035,155.22,271,115.27,True,78,logs
214,burst,live,nodejs-optimised,nodejs,optimised,1024,measure,burst,off,True,,3,,nodejs-optimised-3,,1789981314.353,2026-09-21T09:01:54.352+00:00,09bafc19-5b59-4cfc-932c-5513b766d82c,200,,False,641.392,202.07,349,146.71,True,78,logs
216,burst,live,nodejs-optimised,nodejs,optimised,1024,measure,burst,off,True,,3,,nodejs-optimised-3,,1789981314.353,2026-09-21T09:01:54.352+00:00,0b273245-1b7e-4aca-8509-142f70c7f791,200,,False,585.827,163.12,287,123.6,True,78,logs
201,burst,live,nodejs-optimised,nodejs,optimised,1024,measure,burst,off,True,,3,,nodejs-optimised-3,,1789981314.354,2026-09-21T09:01:54.354+00:00,205659db-7efa-494e-9378-a499eda155f0,200,,False,1781.05,126.83,127,,False,78,logs
218,burst,live,nodejs-optimised,nodejs,optimised,1024,measure,burst,off,True,,3,,nodejs-optimised-3,,1789981314.354,2026-09-21T09:01:54.353+00:00,4db7c9c1-29db-4773-a16a-653d42da1b9b,200,,False,1268.744,115.88,116,,False,79,logs
203,burst,live,nodejs-optimised,nodejs,optimised,1024,measure,burst,off,True,,3,,nodejs-optimised-3,,1789981314.355,2026-09-21T09:01:54.354+00:00,f070f946-2f22-4833-a83a-f27c32c43a96,200,,False,961.927,136.33,137,,False,78,logs
206,burst,live,nodejs-optimised,nodejs,optimised,1024,measure,burst,off,True,,3,,nodejs-optimised-3,,1789981314.356,2026-09-21T09:01:54.355+00:00,eca1707b-f54c-48c5-98ae-e6a537ef95d8,200,,False,1279.11,124.64,125,,False,78,logs
208,burst,live,nodejs-optimised,nodejs,optimised,1024,measure,burst,off,True,,3,,nodejs-optimised-3,,1789981314.357,2026-09-21T09:01:54.356+00:00,dbc63bb5-aaa5-45ca-b956-b1c399c5169b,200,,False,815.691,125.73,126,,False,79,logs
210,burst,live,nodejs-optimised,nodejs,optimised,1024,measure,burst,off,True,,3,,nodejs-optimised-3,,1789981314.358,2026-09-21T09:01:54.357+00:00,e8ebefea-aa0f-457d-93ee-a3fc7865b896,200,,False,1296.375,142.43,143,,False,78,logs
217,burst,live,nodejs-optimised,nodejs,optimised,1024,measure,burst,off,True,,3,,nodejs-optimised-3,,1789981314.359,2026-09-21T09:01:54.359+00:00,cc56c4cc-9b15-40ed-b1d8-46ed5d506c6e,200,,False,1308.201,115.7,116,,False,78,logs
215,burst,live,nodejs-optimised,nodejs,optimised,1024,measure,burst,off,True,,3,,nodejs-optimised-3,,1789981314.36,2026-09-21T09:01:54.360+00:00,4ad1038a-7fcc-4d56-93c7-8e9ff485c69e,200,,False,1657.946,105.44,106,,False,79,logs
211,burst,live,nodejs-optimised,nodejs,optimised,1024,measure,burst,off,True,,3,,nodejs-optimised-3,,1789981314.361,2026-09-21T09:01:54.360+00:00,93f88417-4b11-4a7d-a86d-8c01203c35db,200,,False,1340.919,99.6,100,,False,79,logs
213,burst,live,nodejs-optimised,nodejs,optimised,1024,measure,burst,off,True,,3,,nodejs-optimised-3,,1789981314.362,2026-09-21T09:01:54.361+00:00,46c7fc7f-efc4-40a2-a08c-0a8cf2434519,200,,False,1260.905,137.11,138,,False,78,logs
220,burst,live,java-optimised,java,optimised,1024,measure,burst,off,True,,3,,java-optimised-3,,1789981318.302,2026-09-21T09:01:58.302+00:00,5d5c1832-2fce-4ddd-a46f-ff976454b0b5,200,,False,871.329,129.71,556,425.94,True,109,logs
239,burst,live,java-optimised,java,optimised,1024,measure,burst,off,True,,3,,java-optimised-3,,1789981318.302,2026-09-21T09:01:58.301+00:00,1be5ca56-f48b-4e27-9c40-c8e93c365fbc,200,,False,1218.202,41.73,42,,False,109,logs
222,burst,live,java-optimised,java,optimised,1024,measure,burst,off,True,,3,,java-optimised-3,,1789981318.303,2026-09-21T09:01:58.303+00:00,b24c1eb0-78af-4f5b-b1db-e0d4a395f0d6,200,,False,719.312,108.86,437,327.27,True,111,logs
223,burst,live,java-optimised,java,optimised,1024,measure,burst,off,True,,3,,java-optimised-3,,1789981318.304,2026-09-21T09:01:58.303+00:00,b001278d-4d4d-482c-ac60-36c38efdf53a,200,,False,966.32,116.48,549,432.17,True,109,logs
225,burst,live,java-optimised,java,optimised,1024,measure,burst,off,True,,3,,java-optimised-3,,1789981318.304,2026-09-21T09:01:58.304+00:00,65cfe6ce-6ece-4738-a279-88ed9b93b043,200,,False,700.721,108.93,440,330.7,True,107,logs
227,burst,live,java-optimised,java,optimised,1024,measure,burst,off,True,,3,,java-optimised-3,,1789981318.305,2026-09-21T09:01:58.305+00:00,4cebb8aa-d9ba-44e0-8395-b924f3bfffdc,200,,False,1089.366,41.29,42,,False,109,logs
228,burst,live,java-optimised,java,optimised,1024,measure,burst,off,True,,3,,java-optimised-3,,1789981318.305,2026-09-21T09:01:58.305+00:00,89d1906f-8062-4d0a-ad4a-6beadbf44b89,200,,False,962.726,114.18,549,434.67,True,109,logs
231,burst,live,java-optimised,java,optimised,1024,measure,burst,off,True,,3,,java-optimised-3,,1789981318.306,2026-09-21T09:01:58.305+00:00,da0e9f5c-e33a-4196-9230-20affa21a63f,200,,False,1001.285,49.31,50,,False,109,logs
232,burst,live,java-optimised,java,optimised,1024,measure,burst,off,True,,3,,java-optimised-3,,1789981318.306,2026-09-21T09:01:58.306+00:00,76b3c817-d822-4695-b84c-b5354d78527b,200,,False,878.429,131.99,571,438.76,True,109,logs
230,burst,live,java-optimised,java,optimised,1024,measure,burst,off,True,,3,,java-optimised-3,,1789981318.307,2026-09-21T09:01:58.306+00:00,d6961e0a-26da-4b29-a3d4-040aab5c76da,200,,False,1586.147,36.22,37,,False,109,logs
235,burst,live,java-optimised,java,optimised,1024,measure,burst,off,True,,3,,java-optimised-3,,1789981318.307,2026-09-21T09:01:58.306+00:00,98e51d5a-0fea-4bdc-8b98-691e6e156174,200,,False,738.73,119.94,450,329.92,True,111,logs
237,burst,live,java-optimised,java,optimised,1024,measure,burst,off,True,,3,,java-optimised-3,,1789981318.307,2026-09-21T09:01:58.307+00:00,221da687-946e-4592-aed4-50232fe5a153,200,,False,848.534,126.92,554,426.14,True,111,logs
221,burst,live,java-optimised,java,optimised,1024,measure,burst,off,True,,3,,java-optimised-3,,1789981318.308,2026-09-21T09:01:58.307+00:00,223020c7-e107-4b8d-a9ce-5962095f8302,200,,False,844.409,137.6,561,423.33,True,109,logs
224,burst,live,java-optimised,java,optimised,1024,measure,burst,off,True,,3,,java-optimised-3,,1789981318.309,2026-09-21T09:01:58.308+00:00,0e53d625-440a-4431-af56-bc2348c89ceb,200,,False,681.092,93.79,415,320.76,True,107,logs
226,burst,live,java-optimised,java,optimised,1024,measure,burst,off,True,,3,,java-optimised-3,,1789981318.309,2026-09-21T09:01:58.309+00:00,40dbc55e-1951-440a-8289-94db8fbd45be,200,,False,738.957,28.6,29,,False,107,logs
229,burst,live,java-optimised,java,optimised,1024,measure,burst,off,True,,3,,java-optimised-3,,1789981318.31,2026-09-21T09:01:58.310+00:00,ac90743e-d227-451c-adf1-5e47eaccc9a8,200,,False,1473.53,49.41,50,,False,109,logs
233,burst,live,java-optimised,java,optimised,1024,measure,burst,off,True,,3,,java-optimised-3,,1789981318.311,2026-09-21T09:01:58.311+00:00,a5b4c8a1-f853-4849-bb36-f58b8f570189,200,,False,798.214,36.76,37,,False,111,logs
236,burst,live,java-optimised,java,optimised,1024,measure,burst,off,True,,3,,java-optimised-3,,1789981318.312,2026-09-21T09:01:58.311+00:00,c90bae57-bb7c-448b-8490-257cc70f1286,200,,False,760.257,36.2,37,,False,107,logs
234,burst,live,java-optimised,java,optimised,1024,measure,burst,off,True,,3,,java-optimised-3,,1789981318.313,2026-09-21T09:01:58.312+00:00,4d104f5c-1612-49b8-b957-5ee1b947794c,200,,False,1460.274,43.41,44,,False,109,logs
238,burst,live,java-optimised,java,optimised,1024,measure,burst,off,True,,3,,java-optimised-3,,1789981318.315,2026-09-21T09:01:58.314+00:00,10620738-4c35-4b2e-9965-7c6aa3740d3f,200,,False,1252.51,39.06,40,,False,109,logs
240,burst,live,nodejs-optimised,nodejs,optimised,1024,measure,burst,off,True,,4,,nodejs-optimised-4,,1789981322.051,2026-09-21T09:02:02.051+00:00,5ec497e6-8e8a-4886-8784-fee726fe852f,200,,False,720.944,210.81,357,145.24,True,78,logs
259,burst,live,nodejs-optimised,nodejs,optimised,1024,measure,burst,off,True,,4,,nodejs-optimised-4,,1789981322.051,2026-09-21T09:02:02.051+00:00,aab1c52d-9a62-450e-afaf-5177a61907ce,200,,False,1482.663,139.2,140,,False,83,logs
242,burst,live,nodejs-optimised,nodejs,optimised,1024,measure,burst,off,True,,4,,nodejs-optimised-4,,1789981322.052,2026-09-21T09:02:02.052+00:00,fdb42497-8854-4352-b216-2150fbc9c7b6,200,,False,702.493,184.95,328,142.76,True,79,logs
244,burst,live,nodejs-optimised,nodejs,optimised,1024,measure,burst,off,True,,4,,nodejs-optimised-4,,1789981322.053,2026-09-21T09:02:02.053+00:00,bd4ace13-bd71-4210-aa71-fef7d463677a,200,,False,705.253,196.05,344,147.78,True,78,logs
246,burst,live,nodejs-optimised,nodejs,optimised,1024,measure,burst,off,True,,4,,nodejs-optimised-4,,1789981322.054,2026-09-21T09:02:02.053+00:00,61f55d24-3bd0-44ca-a373-836a23deaa4b,200,,False,689.165,189.97,333,142.18,True,78,logs
245,burst,live,nodejs-optimised,nodejs,optimised,1024,measure,burst,off,True,,4,,nodejs-optimised-4,,1789981322.055,2026-09-21T09:02:02.054+00:00,199fc5db-9d14-4a91-8241-cbee21505d7c,200,,False,645.197,155.52,274,118.28,True,78,logs
250,burst,live,nodejs-optimised,nodejs,optimised,1024,measure,burst,off,True,,4,,nodejs-optimised-4,,1789981322.056,2026-09-21T09:02:02.055+00:00,d1877ee1-1f6c-415a-a3b5-70d9664d47a6,200,,False,728.571,211.9,366,153.67,True,79,logs
252,burst,live,nodejs-optimised,nodejs,optimised,1024,measure,burst,off,True,,4,,nodejs-optimised-4,,1789981322.056,2026-09-21T09:02:02.056+00:00,5065bb05-2308-4a2e-b7cd-8b72117d379a,200,,False,631.799,175.15,287,111.58,True,79,logs
258,burst,live,nodejs-optimised,nodejs,optimised,1024,measure,burst,off,True,,4,,nodejs-optimised-4,,1789981322.057,2026-09-21T09:02:02.056+00:00,6c01a1a2-d153-4edf-a732-bd46657f9af0,200,,False,870.525,199.28,360,160.18,True,79,logs
241,burst,live,nodejs-optimised,nodejs,optimised,1024,measure,burst,off,True,,4,,nodejs-optimised-4,,1789981322.058,2026-09-21T09:02:02.057+00:00,7550d0e5-1f94-4ff1-bade-c29be2169b13,200,,False,704.388,191.36,342,150.37,True,78,logs
243,burst,live,nodejs-optimised,nodejs,optimised,1024,measure,burst,off,True,,4,,nodejs-optimised-4,,1789981322.058,2026-09-21T09:02:02.058+00:00,75885988-224a-4dac-86a1-270d3e3e0ad4,200,,False,642.364,164.84,294,129.09,True,79,logs
247,burst,live,nodejs-optimised,nodejs,optimised,1024,measure,burst,off,True,,4,,nodejs-optimised-4,,1789981322.059,2026-09-21T09:02:02.058+00:00,7b591fc9-021a-4f7a-891e-2c219cbe6c48,200,,False,1360.906,128.61,129,,False,79,logs
248,burst,live,nodejs-optimised,nodejs,optimised,1024,measure,burst,off,True,,4,,nodejs-optimised-4,,1789981322.06,2026-09-21T09:02:02.059+00:00,42f681e5-586e-4adb-ad92-85ad8fddafff,200,,False,1939.16,112.36,113,,False,78,logs
249,burst,live,nodejs-optimised,nodejs,optimised,1024,measure,burst,off,True,,4,,nodejs-optimised-4,,1789981322.06,2026-09-21T09:02:02.060+00:00,0b415349-14f5-48b6-b30e-716c248cc5dd,200,,False,987.242,115.9,116,,False,79,logs
257,burst,live,nodejs-optimised,nodejs,optimised,1024,measure,burst,off,True,,4,,nodejs-optimised-4,,1789981322.061,2026-09-21T09:02:02.060+00:00,b2e184ff-c4b8-4e34-8e73-be460d1a44ca,200,,False,1429.052,129.34,130,,False,78,logs
253,burst,live,nodejs-optimised,nodejs,optimised,1024,measure,burst,off,True,,4,,nodejs-optimised-4,,1789981322.062,2026-09-21T09:02:02.062+00:00,bfd249f4-2635-4f5d-94ab-55c8f7f2e79f,200,,False,1747.731,136.65,137,,False,83,logs
254,burst,live,nodejs-optimised,nodejs,optimised,1024,measure,burst,off,True,,4,,nodejs-optimised-4,,1789981322.065,2026-09-21T09:02:02.064+00:00,62fce2a5-1a9d-4a8e-871b-e3bb73785d3d,200,,False,1307.143,125.28,126,,False,79,logs
256,burst,live,nodejs-optimised,nodejs,optimised,1024,measure,burst,off,True,,4,,nodejs-optimised-4,,1789981322.065,2026-09-21T09:02:02.065+00:00,96f899d9-9e27-43cc-bd5a-5b54be64cc79,200,,False,1144.337,135.62,136,,False,79,logs
251,burst,live,nodejs-optimised,nodejs,optimised,1024,measure,burst,off,True,,4,,nodejs-optimised-4,,1789981322.066,2026-09-21T09:02:02.066+00:00,2a241403-675c-489c-a7bb-ede8f2e26929,200,,False,1420.236,125.41,126,,False,78,logs
255,burst,live,nodejs-optimised,nodejs,optimised,1024,measure,burst,off,True,,4,,nodejs-optimised-4,,1789981322.067,2026-09-21T09:02:02.067+00:00,955e8cce-48cd-4c66-881d-d657eebe6653,200,,False,1755.995,115.52,116,,False,78,logs
261,burst,live,python-optimised,python,optimised,1024,measure,burst,off,True,,4,,python-optimised-4,,1789981326.115,2026-09-21T09:02:06.115+00:00,923ead9a-b94d-4e32-9da6-bfef780d196f,200,,False,424.95,31.15,121,89.6,True,41,logs
279,burst,live,python-optimised,python,optimised,1024,measure,burst,off,True,,4,,python-optimised-4,,1789981326.115,2026-09-21T09:02:06.114+00:00,3c72efba-12f9-431c-adaf-b90fe2d0bdb6,200,,False,381.878,27.91,100,71.55,True,41,logs
262,burst,live,python-optimised,python,optimised,1024,measure,burst,off,True,,4,,python-optimised-4,,1789981326.116,2026-09-21T09:02:06.116+00:00,f84be132-0d80-44c8-8612-0bb01eed2bbe,200,,False,419.552,33.97,131,96.13,True,41,logs
263,burst,live,python-optimised,python,optimised,1024,measure,burst,off,True,,4,,python-optimised-4,,1789981326.117,2026-09-21T09:02:06.117+00:00,da2bb72c-bf08-481c-964a-91da966bd884,200,,False,381.566,12.27,85,72.55,True,41,logs
266,burst,live,python-optimised,python,optimised,1024,measure,burst,off,True,,4,,python-optimised-4,,1789981326.117,2026-09-21T09:02:06.117+00:00,6d20a307-31c1-4881-80a2-08f8c89393dc,200,,False,367.333,12.91,80,66.74,True,41,logs
269,burst,live,python-optimised,python,optimised,1024,measure,burst,off,True,,4,,python-optimised-4,,1789981326.118,2026-09-21T09:02:06.117+00:00,02258231-56a7-4a3e-899f-0e79aff56188,200,,False,415.615,33.09,125,91.16,True,41,logs
271,burst,live,python-optimised,python,optimised,1024,measure,burst,off,True,,4,,python-optimised-4,,1789981326.119,2026-09-21T09:02:06.118+00:00,51c4d929-306a-4522-a96b-c80cf2c0fe6b,200,,False,386.403,27.73,101,72.67,True,41,logs
268,burst,live,python-optimised,python,optimised,1024,measure,burst,off,True,,4,,python-optimised-4,,1789981326.12,2026-09-21T09:02:06.119+00:00,b6439031-3395-45b3-9875-064baf2c5489,200,,False,439.139,21.78,133,110.65,True,41,logs
260,burst,live,python-optimised,python,optimised,1024,measure,burst,off,True,,4,,python-optimised-4,,1789981326.121,2026-09-21T09:02:06.121+00:00,0ff5aad2-6265-48d6-90e1-dc291c56e623,200,,False,585.874,18.35,19,,False,41,logs
267,burst,live,python-optimised,python,optimised,1024,measure,burst,off,True,,4,,python-optimised-4,,1789981326.122,2026-09-21T09:02:06.121+00:00,23a8c304-6afd-464e-82b4-85d5f09d1f32,200,,False,427.151,25.28,98,72.4,True,41,logs
274,burst,live,python-optimised,python,optimised,1024,measure,burst,off,True,,4,,python-optimised-4,,1789981326.123,2026-09-21T09:02:06.123+00:00,a3ac531e-0c98-409c-a172-fa90be72159b,200,,False,621.898,14.01,15,,False,41,logs
277,burst,live,python-optimised,python,optimised,1024,measure,burst,off,True,,4,,python-optimised-4,,1789981326.123,2026-09-21T09:02:06.122+00:00,7d6fc333-a658-4cce-a039-edc4f86e4493,200,,False,407.276,17.05,110,92.89,True,41,logs
276,burst,live,python-optimised,python,optimised,1024,measure,burst,off,True,,4,,python-optimised-4,,1789981326.124,2026-09-21T09:02:06.124+00:00,467bcc9b-3f89-47d5-a035-9e5e29f67432,200,,False,569.466,16.38,17,,False,41,logs
264,burst,live,python-optimised,python,optimised,1024,measure,burst,off,True,,4,,python-optimised-4,,1789981326.125,2026-09-21T09:02:06.124+00:00,461b50c7-f433-40cf-abbb-c01800c15101,200,,False,587.321,27.23,28,,False,41,logs
273,burst,live,python-optimised,python,optimised,1024,measure,burst,off,True,,4,,python-optimised-4,,1789981326.126,2026-09-21T09:02:06.125+00:00,9bad45a1-9a55-4010-b212-e1503fbb4231,200,,False,571.336,29.13,30,,False,41,logs
275,burst,live,python-optimised,python,optimised,1024,measure,burst,off,True,,4,,python-optimised-4,,1789981326.126,2026-09-21T09:02:06.126+00:00,e33deaf8-2417-4522-9c2b-2290358457cc,200,,False,583.238,12.97,13,,False,41,logs
265,burst,live,python-optimised,python,optimised,1024,measure,burst,off,True,,4,,python-optimised-4,,1789981326.127,2026-09-21T09:02:06.126+00:00,85fb101b-986a-45a5-9d0c-b9e758c73404,200,,False,575.987,15.02,16,,False,41,logs
270,burst,live,python-optimised,python,optimised,1024,measure,burst,off,True,,4,,python-optimised-4,,1789981326.127,2026-09-21T09:02:06.127+00:00,2be7336b-f7cb-4f6c-9218-bcb1169ad5e8,200,,False,572.957,24.09,25,,False,41,logs
278,burst,live,python-optimised,python,optimised,1024,measure,burst,off,True,,4,,python-optimised-4,,1789981326.128,2026-09-21T09:02:06.128+00:00,7f2dd0df-ada2-4523-a9f4-a443022acd73,200,,False,590.862,25.98,26,,False,41,logs
272,burst,live,python-optimised,python,optimised,1024,measure,burst,off,True,,4,,python-optimised-4,,1789981326.131,2026-09-21T09:02:06.130+00:00,e68c2dc9-de15-4470-ba9f-0ea664ed3fe5,200,,False,585.663,31.67,32,,False,41,logs
299,burst,live,java-optimised,java,optimised,1024,measure,burst,off,True,,4,,java-optimised-4,,1789981328.95,2026-09-21T09:02:08.950+00:00,4c08693e-a255-4c52-8d21-7fcdfcb324c3,200,,False,833.876,128.03,563,434.13,True,107,logs
280,burst,live,java-optimised,java,optimised,1024,measure,burst,off,True,,4,,java-optimised-4,,1789981328.951,2026-09-21T09:02:08.950+00:00,357682ab-71ee-4ef1-ad91-ebb0c40fe900,200,,False,848.099,132.16,550,417.71,True,107,logs
282,burst,live,java-optimised,java,optimised,1024,measure,burst,off,True,,4,,java-optimised-4,,1789981328.951,2026-09-21T09:02:08.951+00:00,caaa83df-cc67-49a1-9e1d-7614f229a475,200,,False,870.764,140.19,600,459.62,True,109,logs
284,burst,live,java-optimised,java,optimised,1024,measure,burst,off,True,,4,,java-optimised-4,,1789981328.952,2026-09-21T09:02:08.951+00:00,d4cf4e8a-4578-49b7-be18-9fc4ececae67,200,,False,759.018,109.16,425,315.23,True,109,logs
286,burst,live,java-optimised,java,optimised,1024,measure,burst,off,True,,4,,java-optimised-4,,1789981328.953,2026-09-21T09:02:08.952+00:00,fc32a568-0c69-4028-a2b9-e3af041a726d,200,,False,848.742,121.91,551,428.09,True,107,logs
288,burst,live,java-optimised,java,optimised,1024,measure,burst,off,True,,4,,java-optimised-4,,1789981328.953,2026-09-21T09:02:08.953+00:00,ab3a1f34-7a9f-476f-b243-de40f29bbaa5,200,,False,745.45,111.48,455,342.72,True,109,logs
289,burst,live,java-optimised,java,optimised,1024,measure,burst,off,True,,4,,java-optimised-4,,1789981328.954,2026-09-21T09:02:08.954+00:00,8ac262d4-9141-4701-b87b-2cf866c12a8c,200,,False,836.216,129.58,563,432.76,True,109,logs
292,burst,live,java-optimised,java,optimised,1024,measure,burst,off,True,,4,,java-optimised-4,,1789981328.955,2026-09-21T09:02:08.955+00:00,174b3a98-cdfb-490f-b60b-34bf4eb61bf6,200,,False,1567.856,37.06,38,,False,110,logs
293,burst,live,java-optimised,java,optimised,1024,measure,burst,off,True,,4,,java-optimised-4,,1789981328.955,2026-09-21T09:02:08.955+00:00,39444d3f-8916-4304-94cd-208d055a1a50,200,,False,746.805,115.34,455,339.29,True,107,logs
295,burst,live,java-optimised,java,optimised,1024,measure,burst,off,True,,4,,java-optimised-4,,1789981328.956,2026-09-21T09:02:08.956+00:00,3385b016-c46d-4bc0-937c-1b1ea876b669,200,,False,879.335,133.37,572,437.81,True,107,logs
287,burst,live,java-optimised,java,optimised,1024,measure,burst,off,True,,4,,java-optimised-4,,1789981328.957,2026-09-21T09:02:08.957+00:00,eac4b4cd-412f-46b1-af52-1b50e3bdf4c1,200,,False,894.246,127.58,564,435.71,True,110,logs
281,burst,live,java-optimised,java,optimised,1024,measure,burst,off,True,,4,,java-optimised-4,,1789981328.958,2026-09-21T09:02:08.958+00:00,09f58500-6f9d-42ae-809f-9ad3c0cc8186,200,,False,1131.073,48.24,49,,False,110,logs
291,burst,live,java-optimised,java,optimised,1024,measure,burst,off,True,,4,,java-optimised-4,,1789981328.958,2026-09-21T09:02:08.957+00:00,d9794b4d-ceae-4922-8847-2cdbbebcd474,200,,False,1038.024,36.85,37,,False,110,logs
283,burst,live,java-optimised,java,optimised,1024,measure,burst,off,True,,4,,java-optimised-4,,1789981328.959,2026-09-21T09:02:08.958+00:00,a118333b-9b53-44a5-a1d6-0cc3b4f95257,200,,False,1603.793,36.14,37,,False,110,logs
296,burst,live,java-optimised,java,optimised,1024,measure,burst,off,True,,4,,java-optimised-4,,1789981328.96,2026-09-21T09:02:08.960+00:00,a0486f80-c270-4c39-9a05-53d2155c8dc4,200,,False,810.809,36.95,37,,False,109,logs
285,burst,live,java-optimised,java,optimised,1024,measure,burst,off,True,,4,,java-optimised-4,,1789981328.961,2026-09-21T09:02:08.960+00:00,24eba539-8a22-4310-a68d-52ee168107b6,200,,False,1577.832,37.17,38,,False,107,logs
294,burst,live,java-optimised,java,optimised,1024,measure,burst,off,True,,4,,java-optimised-4,,1789981328.962,2026-09-21T09:02:08.961+00:00,f35273e5-15cd-4ebe-ac9c-2a8af2b7aaf8,200,,False,1405.235,39.44,40,,False,110,logs
297,burst,live,java-optimised,java,optimised,1024,measure,burst,off,True,,4,,java-optimised-4,,1789981328.962,2026-09-21T09:02:08.962+00:00,8c1380dd-dd41-4387-93cf-fa248089753f,200,,False,814.382,37.42,38,,False,109,logs
298,burst,live,java-optimised,java,optimised,1024,measure,burst,off,True,,4,,java-optimised-4,,1789981328.963,2026-09-21T09:02:08.963+00:00,a66a6f92-4475-4764-ad59-fa39642a0805,200,,False,1605.586,48.12,49,,False,109,logs
290,burst,live,java-optimised,java,optimised,1024,measure,burst,off,True,,4,,java-optimised-4,,1789981328.965,2026-09-21T09:02:08.964+00:00,1461b23e-970c-49cb-8eae-7bcde1649254,200,,False,1642.56,39.31,40,,False,107,logs
