seq,phase,data_mode,function,runtime,variant,memory_mb,role,pattern,warming,intended_cold,force_cold,rep,block,burst_id,idle_gap_min,t_start,t_start_utc,request_id,status,function_error,error,rtt_ms,duration_ms,billed_ms,init_ms,cold,max_memory_used_mb,report_source
0,baseline,live,python-default,python,default,128,warmup,steady,off,False,,0,,,,1789977857.014,2026-09-21T08:04:17.014+00:00,c920c77d-aa72-4ee3-882f-fc43b849327f,200,,False,4454.418,204.36,3700,3495.12,True,112,logs
1,baseline,live,python-default,python,default,128,warmup,steady,off,False,,0,,,,1789977861.47,2026-09-21T08:04:21.470+00:00,d9150851-2295-4b62-9fef-4933a8abbdfc,200,,False,359.198,193.05,194,,False,112,logs
2,baseline,live,python-default,python,default,128,measure,steady,off,False,,0,,,,1789977861.832,2026-09-21T08:04:21.832+00:00,318735dd-fa94-4add-8007-cdc01fc368c6,200,,False,377.718,197.85,198,,False,112,logs
3,baseline,live,python-default,python,default,1024,warmup,steady,off,False,,0,,,,1789977864.007,2026-09-21T08:04:24.006+00:00,5939adac-8125-4eb2-9634-be89345f22d9,200,,False,4032.372,27.31,3542,3514.46,True,134,logs
4,baseline,live,python-default,python,default,1024,warmup,steady,off,False,,0,,,,1789977868.04,2026-09-21T08:04:28.040+00:00,76247755-ada4-4665-b635-6ea9177547f3,200,,False,198.575,30.13,31,,False,134,logs
5,baseline,live,python-default,python,default,1024,measure,steady,off,False,,0,,,,1789977868.242,2026-09-21T08:04:28.241+00:00,968b617c-a514-45aa-9fa3-6088e6b3e6ec,200,,False,197.062,30.12,31,,False,134,logs
6,baseline,live,python-default,python,default,3008,warmup,steady,off,False,,0,,,,1789977870.268,2026-09-21T08:04:30.268+00:00,09240b3e-a729-4116-959b-a5c0a7d26942,200,,False,3840.784,18.46,3161,3141.7,True,132,logs
7,baseline,live,python-default,python,default,3008,warmup,steady,off,False,,0,,,,1789977874.11,2026-09-21T08:04:34.110+00:00,2cff3cfa-fd19-4c8f-bc23-947d3bf01fb0,200,,False,185.766,16.43,17,,False,132,logs
8,baseline,live,python-default,python,default,3008,measure,steady,off,False,,0,,,,1789977874.297,2026-09-21T08:04:34.296+00:00,42c41a52-7027-4770-9317-97b4ba121f8b,200,,False,182.075,16.45,17,,False,132,logs
9,baseline,live,python-default,python,default,512,warmup,steady,off,False,,0,,,,1789977876.288,2026-09-21T08:04:36.288+00:00,a46382ec-6a4d-48fb-abf6-2318d676ca30,200,,False,3150.857,36.73,2747,2709.55,True,132,logs
10,baseline,live,python-default,python,default,512,warmup,steady,off,False,,0,,,,1789977879.442,2026-09-21T08:04:39.441+00:00,dae4275e-04fd-4689-8dd2-1bed57dc1037,200,,False,217.255,50.95,51,,False,132,logs
11,baseline,live,python-default,python,default,512,measure,steady,off,False,,0,,,,1789977879.66,2026-09-21T08:04:39.660+00:00,289368df-6c63-4ee1-a8e1-9acd925da542,200,,False,218.305,49.44,50,,False,132,logs
12,baseline,live,python-default,python,default,3008,warmup,steady,off,False,,1,,,,1789977881.682,2026-09-21T08:04:41.681+00:00,2455b8b7-e1f9-49d5-a417-f001dacc3636,200,,False,2951.569,12.57,2565,2552.06,True,132,logs
13,baseline,live,python-default,python,default,3008,warmup,steady,off,False,,1,,,,1789977884.635,2026-09-21T08:04:44.634+00:00,9b347b13-c07f-4799-ac3e-49b5daa91ea6,200,,False,181.591,11.71,12,,False,132,logs
14,baseline,live,python-default,python,default,3008,measure,steady,off,False,,1,,,,1789977884.819,2026-09-21T08:04:44.819+00:00,6f8064c9-ee73-4863-afef-7cf72b98ee65,200,,False,174.117,11.7,12,,False,132,logs
15,baseline,live,python-default,python,default,128,warmup,steady,off,False,,1,,,,1789977886.911,2026-09-21T08:04:46.911+00:00,b4934be6-5663-4eed-b00f-02972d122d21,200,,False,4218.912,204.35,3757,3552.38,True,111,logs
16,baseline,live,python-default,python,default,128,warmup,steady,off,False,,1,,,,1789977891.131,2026-09-21T08:04:51.131+00:00,6d90d042-6e9f-4bde-adcc-71aec73c13bf,200,,False,400.723,232.65,233,,False,111,logs
17,baseline,live,python-default,python,default,128,measure,steady,off,False,,1,,,,1789977891.533,2026-09-21T08:04:51.533+00:00,0265b529-736e-4b86-8b38-bffb8c9f9169,200,,False,397.622,212.39,213,,False,111,logs
18,baseline,live,python-default,python,default,512,warmup,steady,off,False,,1,,,,1789977893.78,2026-09-21T08:04:53.780+00:00,3bdb002e-24aa-4641-8657-45181c0d50a2,200,,False,4234.639,50.27,3659,3608.61,True,132,logs
19,baseline,live,python-default,python,default,512,warmup,steady,off,False,,1,,,,1789977898.016,2026-09-21T08:04:58.015+00:00,20d82290-f2d1-4f6d-9ee4-bf53fae12e51,200,,False,217.978,48.19,49,,False,132,logs
20,baseline,live,python-default,python,default,512,measure,steady,off,False,,1,,,,1789977898.237,2026-09-21T08:04:58.236+00:00,d7a6984a-4790-4383-8c0d-99a542d0a9b1,200,,False,218.571,36.47,37,,False,132,logs
21,baseline,live,python-default,python,default,1024,warmup,steady,off,False,,1,,,,1789977900.337,2026-09-21T08:05:00.337+00:00,b93fbe66-9800-4c87-8bab-b12807df6c8a,200,,False,3402.741,17.82,2922,2903.25,True,132,logs
22,baseline,live,python-default,python,default,1024,warmup,steady,off,False,,1,,,,1789977903.741,2026-09-21T08:05:03.740+00:00,8788922c-0d01-428a-9aa7-54365915f2a2,200,,False,195.981,23.83,24,,False,132,logs
23,baseline,live,python-default,python,default,1024,measure,steady,off,False,,1,,,,1789977903.938,2026-09-21T08:05:03.938+00:00,7f47ff6b-5650-423c-aebd-9befad948470,200,,False,224.48,34.14,35,,False,132,logs
24,baseline,live,python-default,python,default,3008,warmup,steady,off,False,,2,,,,1789977906.062,2026-09-21T08:05:06.061+00:00,9692dbe3-70a0-43aa-bca9-b51f91bf6013,200,,False,2714.097,12.04,2297,2284.62,True,132,logs
25,baseline,live,python-default,python,default,3008,warmup,steady,off,False,,2,,,,1789977908.777,2026-09-21T08:05:08.777+00:00,52cae5fa-0659-4803-8bce-5101a41d90b7,200,,False,182.706,12.04,13,,False,132,logs
26,baseline,live,python-default,python,default,3008,measure,steady,off,False,,2,,,,1789977908.962,2026-09-21T08:05:08.962+00:00,dfd642bc-ebdf-4b95-b1fa-f11f5e187432,200,,False,176.534,11.48,12,,False,132,logs
27,baseline,live,python-default,python,default,1024,warmup,steady,off,False,,2,,,,1789977910.952,2026-09-21T08:05:10.951+00:00,442f7b8a-54ba-4718-9c28-6dd90ff3433d,200,,False,3901.274,26.97,3469,3441.49,True,134,logs
28,baseline,live,python-default,python,default,1024,warmup,steady,off,False,,2,,,,1789977914.854,2026-09-21T08:05:14.854+00:00,6db29daa-84c8-4402-9c35-25cae856d9d8,200,,False,197.028,27.46,28,,False,134,logs
29,baseline,live,python-default,python,default,1024,measure,steady,off,False,,2,,,,1789977915.052,2026-09-21T08:05:15.052+00:00,e64b08d6-d798-4f01-ae3d-7a145bf470ea,200,,False,198.302,26.46,27,,False,134,logs
30,baseline,live,python-default,python,default,512,warmup,steady,off,False,,2,,,,1789977917.121,2026-09-21T08:05:17.121+00:00,031fbd8e-4e79-4256-8dde-1b9a82d95af6,200,,False,3278.326,36.63,2886,2849.06,True,132,logs
31,baseline,live,python-default,python,default,512,warmup,steady,off,False,,2,,,,1789977920.4,2026-09-21T08:05:20.400+00:00,ae7ca027-9825-4957-981b-1eec23d91e99,200,,False,216.554,50.18,51,,False,132,logs
32,baseline,live,python-default,python,default,512,measure,steady,off,False,,2,,,,1789977920.618,2026-09-21T08:05:20.618+00:00,22c17e76-ec30-49fb-ace9-bebfc541c2d8,200,,False,198.738,34.13,35,,False,132,logs
33,baseline,live,python-default,python,default,128,warmup,steady,off,False,,2,,,,1789977922.614,2026-09-21T08:05:22.614+00:00,7bb081a1-a11f-4f0c-9c0b-590419af1753,200,,False,4111.542,207.9,3644,3435.75,True,111,logs
34,baseline,live,python-default,python,default,128,warmup,steady,off,False,,2,,,,1789977926.727,2026-09-21T08:05:26.726+00:00,a68c6efc-4634-4a3c-bc13-82f2b882bc7c,200,,False,378.557,208.68,209,,False,111,logs
35,baseline,live,python-default,python,default,128,measure,steady,off,False,,2,,,,1789977927.106,2026-09-21T08:05:27.106+00:00,6ad2e2f1-9921-4901-b0d6-08050594d3a3,200,,False,358.953,193.59,194,,False,111,logs
36,baseline,live,python-default,python,default,128,warmup,steady,off,False,,3,,,,1789977927.467,2026-09-21T08:05:27.466+00:00,d97b6f7a-a201-41b8-8abf-20adff5213e1,200,,False,380.357,200.74,201,,False,111,logs
37,baseline,live,python-default,python,default,128,warmup,steady,off,False,,3,,,,1789977927.848,2026-09-21T08:05:27.847+00:00,3526a6b3-0fe7-4f06-8e86-213b69a497fb,200,,False,357.705,192.06,193,,False,111,logs
38,baseline,live,python-default,python,default,128,measure,steady,off,False,,3,,,,1789977928.208,2026-09-21T08:05:28.208+00:00,5788b3f7-be37-4cdb-9056-c08e904595ed,200,,False,377.264,210.72,211,,False,111,logs
39,baseline,live,python-default,python,default,3008,warmup,steady,off,False,,3,,,,1789977930.464,2026-09-21T08:05:30.463+00:00,32093a61-63c6-45b2-968a-bbee5ce6737c,200,,False,3576.582,17.2,3114,3095.97,True,132,logs
40,baseline,live,python-default,python,default,3008,warmup,steady,off,False,,3,,,,1789977934.042,2026-09-21T08:05:34.041+00:00,f4ce584a-6897-40ec-aff3-d3495c79827c,200,,False,179.873,16.63,17,,False,132,logs
41,baseline,live,python-default,python,default,3008,measure,steady,off,False,,3,,,,1789977934.223,2026-09-21T08:05:34.222+00:00,33531241-2342-4d46-8ca6-1c8060d015fc,200,,False,183.917,16.53,17,,False,132,logs
42,baseline,live,python-default,python,default,512,warmup,steady,off,False,,3,,,,1789977936.232,2026-09-21T08:05:36.232+00:00,7a28f67a-6fee-4e85-8c38-8abb853020f9,200,,False,3852.47,36.26,3411,3374.12,True,135,logs
43,baseline,live,python-default,python,default,512,warmup,steady,off,False,,3,,,,1789977940.087,2026-09-21T08:05:40.087+00:00,36f3e2e7-a45f-4ac5-b19d-b153889d566f,200,,False,197.518,32.3,33,,False,135,logs
44,baseline,live,python-default,python,default,512,measure,steady,off,False,,3,,,,1789977940.288,2026-09-21T08:05:40.287+00:00,950fc6b4-95d8-4949-86ed-02fc55b7e889,200,,False,217.043,46.86,47,,False,135,logs
45,baseline,live,python-default,python,default,1024,warmup,steady,off,False,,3,,,,1789977942.314,2026-09-21T08:05:42.313+00:00,eac45afd-c376-442a-8af8-b52d426655e5,200,,False,3346.022,17.09,2957,2939.24,True,134,logs
46,baseline,live,python-default,python,default,1024,warmup,steady,off,False,,3,,,,1789977945.661,2026-09-21T08:05:45.660+00:00,54e24802-8818-4dce-8c62-323dde407493,200,,False,197.548,27.73,28,,False,134,logs
47,baseline,live,python-default,python,default,1024,measure,steady,off,False,,3,,,,1789977945.861,2026-09-21T08:05:45.861+00:00,acc52674-5198-42a2-ae40-e28089e8b94b,200,,False,197.088,31.34,32,,False,134,logs
48,baseline,live,python-default,python,default,1024,warmup,steady,off,False,,4,,,,1789977946.059,2026-09-21T08:05:46.059+00:00,46c19370-896e-4323-b19e-af017d5ea30a,200,,False,179.278,13.24,14,,False,134,logs
49,baseline,live,python-default,python,default,1024,warmup,steady,off,False,,4,,,,1789977946.24,2026-09-21T08:05:46.239+00:00,efa9c9be-7c36-4b8d-95be-62da00076554,200,,False,198.247,30.21,31,,False,134,logs
50,baseline,live,python-default,python,default,1024,measure,steady,off,False,,4,,,,1789977946.44,2026-09-21T08:05:46.440+00:00,4951fc24-5cb4-4a18-8184-efcf17fb0491,200,,False,177.699,13.39,14,,False,134,logs
51,baseline,live,python-default,python,default,128,warmup,steady,off,False,,4,,,,1789977948.411,2026-09-21T08:05:48.410+00:00,554f6c2d-8a0f-41f7-9404-e40922d8bd4c,200,,False,3278.53,176.2,2864,2687.44,True,113,logs
52,baseline,live,python-default,python,default,128,warmup,steady,off,False,,4,,,,1789977951.692,2026-09-21T08:05:51.691+00:00,61056966-c7f8-4736-967b-f16fc49ae0d8,200,,False,318.763,154.04,155,,False,113,logs
53,baseline,live,python-default,python,default,128,measure,steady,off,False,,4,,,,1789977952.012,2026-09-21T08:05:52.011+00:00,c4ca9466-2345-48b7-8fb5-d4daad9df336,200,,False,339.31,170.82,171,,False,113,logs
54,baseline,live,python-default,python,default,512,warmup,steady,off,False,,4,,,,1789977954.147,2026-09-21T08:05:54.146+00:00,a887c9d0-db10-409f-8dc4-4d2ffdb980b9,200,,False,3978.546,51.04,3520,3468.8,True,132,logs
55,baseline,live,python-default,python,default,512,warmup,steady,off,False,,4,,,,1789977958.126,2026-09-21T08:05:58.126+00:00,38ea8bc1-b44f-4636-918c-2317a31ada4d,200,,False,218.318,46.88,47,,False,132,logs
56,baseline,live,python-default,python,default,512,measure,steady,off,False,,4,,,,1789977958.346,2026-09-21T08:05:58.345+00:00,a74dba08-0f7c-4402-82c5-c3d5cd51ddc9,200,,False,218.815,51.96,52,,False,132,logs
57,baseline,live,python-default,python,default,3008,warmup,steady,off,False,,4,,,,1789977960.387,2026-09-21T08:06:00.387+00:00,f6465bad-a481-45bb-8fc4-6bd34f501424,200,,False,3676.737,17.46,3217,3199.17,True,134,logs
58,baseline,live,python-default,python,default,3008,warmup,steady,off,False,,4,,,,1789977964.065,2026-09-21T08:06:04.064+00:00,bbfe8256-a80e-4686-aeb1-118210ce6feb,200,,False,181.115,16.09,17,,False,134,logs
59,baseline,live,python-default,python,default,3008,measure,steady,off,False,,4,,,,1789977964.247,2026-09-21T08:06:04.247+00:00,23e886e0-2ec2-4852-b421-2d98c0c92d7d,200,,False,178.414,16.5,17,,False,134,logs
60,baseline,live,python-default,python,default,512,warmup,steady,off,False,,5,,,,1789977966.305,2026-09-21T08:06:06.304+00:00,9aaefe0b-2d3f-4fb4-9cec-27e20152c525,200,,False,4013.78,43.51,3592,3548.16,True,133,logs
61,baseline,live,python-default,python,default,512,warmup,steady,off,False,,5,,,,1789977970.321,2026-09-21T08:06:10.320+00:00,f4bef96b-a8e7-4194-ab9d-633b2ae6ffe8,200,,False,216.79,51.28,52,,False,133,logs
62,baseline,live,python-default,python,default,512,measure,steady,off,False,,5,,,,1789977970.539,2026-09-21T08:06:10.538+00:00,c6a30084-3f89-4d69-8696-6b7a23f9c86a,200,,False,237.234,51.43,52,,False,133,logs
63,baseline,live,python-default,python,default,128,warmup,steady,off,False,,5,,,,1789977972.652,2026-09-21T08:06:12.651+00:00,f8cd1b28-8057-4187-85c0-9b5e81a777c6,200,,False,3343.787,176.45,2916,2738.77,True,111,logs
64,baseline,live,python-default,python,default,128,warmup,steady,off,False,,5,,,,1789977975.997,2026-09-21T08:06:15.996+00:00,eae88e4d-8bd9-4d56-bf34-4485a9238f4e,200,,False,341.14,172.51,173,,False,111,logs
65,baseline,live,python-default,python,default,128,measure,steady,off,False,,5,,,,1789977976.339,2026-09-21T08:06:16.338+00:00,ec5d1eac-f05d-49b2-9bf1-6d185731a5f8,200,,False,318.111,151.66,152,,False,111,logs
66,baseline,live,python-default,python,default,3008,warmup,steady,off,False,,5,,,,1789977978.458,2026-09-21T08:06:18.458+00:00,566a5a36-d1a5-4911-955d-43d548164507,200,,False,2957.871,12.56,2556,2542.87,True,134,logs
67,baseline,live,python-default,python,default,3008,warmup,steady,off,False,,5,,,,1789977981.417,2026-09-21T08:06:21.417+00:00,3472810a-6e75-44db-bc4a-8c959cc92772,200,,False,175.759,11.9,12,,False,134,logs
68,baseline,live,python-default,python,default,3008,measure,steady,off,False,,5,,,,1789977981.594,2026-09-21T08:06:21.594+00:00,2e4872a1-c2d6-4eee-9d37-889e9ad1bcfb,200,,False,177.431,11.61,12,,False,134,logs
69,baseline,live,python-default,python,default,1024,warmup,steady,off,False,,5,,,,1789977983.607,2026-09-21T08:06:23.607+00:00,f20d8491-28d5-44da-a89c-3309aa675e6a,200,,False,3998.036,28.3,3522,3493.09,True,132,logs
70,baseline,live,python-default,python,default,1024,warmup,steady,off,False,,5,,,,1789977987.606,2026-09-21T08:06:27.606+00:00,df973585-2dec-4d18-b684-627afba45f62,200,,False,186.149,16.42,17,,False,132,logs
71,baseline,live,python-default,python,default,1024,measure,steady,off,False,,5,,,,1789977987.794,2026-09-21T08:06:27.793+00:00,7722a629-f3c7-42ec-a504-b3b239058574,200,,False,188.699,22.47,23,,False,132,logs
72,baseline,live,python-default,python,default,128,warmup,steady,off,False,,6,,,,1789977989.775,2026-09-21T08:06:29.774+00:00,3e935f50-716c-431b-9036-60b9de946d4c,200,,False,3546.492,175.94,3142,2965.97,True,111,logs
73,baseline,live,python-default,python,default,128,warmup,steady,off,False,,6,,,,1789977993.322,2026-09-21T08:06:33.322+00:00,01e7e17d-a146-4187-b606-3ab92e58fbee,200,,False,337.431,170.26,171,,False,111,logs
74,baseline,live,python-default,python,default,128,measure,steady,off,False,,6,,,,1789977993.661,2026-09-21T08:06:33.660+00:00,21497068-814f-4653-ae96-1eceacc798fa,200,,False,318.179,153.96,154,,False,111,logs
75,baseline,live,python-default,python,default,3008,warmup,steady,off,False,,6,,,,1789977995.776,2026-09-21T08:06:35.776+00:00,7289ce78-9391-4e76-8543-333a031f57b6,200,,False,3007.039,12.45,2622,2608.75,True,132,logs
76,baseline,live,python-default,python,default,3008,warmup,steady,off,False,,6,,,,1789977998.784,2026-09-21T08:06:38.784+00:00,034335bf-ce47-4b9d-a922-d74f4136c0d2,200,,False,184.523,12.07,13,,False,132,logs
77,baseline,live,python-default,python,default,3008,measure,steady,off,False,,6,,,,1789977998.97,2026-09-21T08:06:38.969+00:00,c74c00c7-bdc0-4a6e-aa53-dde825b112aa,200,,False,178.405,11.78,12,,False,132,logs
78,baseline,live,python-default,python,default,1024,warmup,steady,off,False,,6,,,,1789978001.017,2026-09-21T08:06:41.017+00:00,5964b59a-3b86-4604-a3ea-25fdb865f6ef,200,,False,3937.208,28.01,3484,3455.24,True,132,logs
79,baseline,live,python-default,python,default,1024,warmup,steady,off,False,,6,,,,1789978004.957,2026-09-21T08:06:44.957+00:00,4d44949c-0734-41b5-bd39-4bcb7a74f921,200,,False,196.604,30.46,31,,False,132,logs
80,baseline,live,python-default,python,default,1024,measure,steady,off,False,,6,,,,1789978005.155,2026-09-21T08:06:45.155+00:00,ec4d232e-9719-429f-be14-c82a948e1922,200,,False,198.663,33.4,34,,False,132,logs
81,baseline,live,python-default,python,default,512,warmup,steady,off,False,,6,,,,1789978007.241,2026-09-21T08:06:47.240+00:00,e72d3aff-28a3-4738-a8d2-5782ad82e0cb,200,,False,3368.58,33.81,2946,2911.38,True,132,logs
82,baseline,live,python-default,python,default,512,warmup,steady,off,False,,6,,,,1789978010.612,2026-09-21T08:06:50.612+00:00,b0a84f4a-db28-4548-85a5-a09855fbd4c8,200,,False,217.13,48.48,49,,False,132,logs
83,baseline,live,python-default,python,default,512,measure,steady,off,False,,6,,,,1789978010.832,2026-09-21T08:06:50.832+00:00,39dea4b3-c05c-4bc0-9043-6ad42884c19d,200,,False,197.144,31.81,32,,False,132,logs
84,baseline,live,python-default,python,default,3008,warmup,steady,off,False,,7,,,,1789978012.889,2026-09-21T08:06:52.888+00:00,40bf4294-7ffd-4a0e-a506-10787057cc4c,200,,False,3829.67,17.31,3342,3324.21,True,132,logs
85,baseline,live,python-default,python,default,3008,warmup,steady,off,False,,7,,,,1789978016.722,2026-09-21T08:06:56.722+00:00,a546fd43-03e0-4596-bec7-b4846f6e335d,200,,False,188.134,19.11,20,,False,132,logs
86,baseline,live,python-default,python,default,3008,measure,steady,off,False,,7,,,,1789978016.912,2026-09-21T08:06:56.911+00:00,5553bbdb-f17d-4348-bbf7-019102115d76,200,,False,182.076,16.14,17,,False,132,logs
87,baseline,live,python-default,python,default,128,warmup,steady,off,False,,7,,,,1789978018.916,2026-09-21T08:06:58.916+00:00,7b704126-25bb-4499-bae8-24f6aa4a62e4,200,,False,4498.345,233.51,4016,3782.13,True,112,logs
88,baseline,live,python-default,python,default,128,warmup,steady,off,False,,7,,,,1789978023.416,2026-09-21T08:07:03.415+00:00,3ddb8c1a-b1a1-452f-b05f-806a0a60d371,200,,False,406.889,224.22,225,,False,112,logs
89,baseline,live,python-default,python,default,128,measure,steady,off,False,,7,,,,1789978023.824,2026-09-21T08:07:03.823+00:00,1ae26523-8316-4d83-9e6c-e40d7f3af0c6,200,,False,446.137,270.21,271,,False,112,logs
90,baseline,live,python-default,python,default,1024,warmup,steady,off,False,,7,,,,1789978026.093,2026-09-21T08:07:06.093+00:00,ffea5d02-571c-40c8-b0a2-b49ac22d18a5,200,,False,3254.134,14.57,2792,2776.71,True,132,logs
91,baseline,live,python-default,python,default,1024,warmup,steady,off,False,,7,,,,1789978029.351,2026-09-21T08:07:09.350+00:00,5d6acb34-e3cf-484e-a3c4-7b77043f0aa0,200,,False,195.875,28.16,29,,False,132,logs
92,baseline,live,python-default,python,default,1024,measure,steady,off,False,,7,,,,1789978029.548,2026-09-21T08:07:09.547+00:00,c23db3ec-81d5-44f4-8a3b-7583cda801b0,200,,False,198.222,31.12,32,,False,132,logs
93,baseline,live,python-default,python,default,512,warmup,steady,off,False,,7,,,,1789978031.534,2026-09-21T08:07:11.533+00:00,94b9739e-9344-497a-8e29-ce290e698729,200,,False,3976.681,28.09,3541,3512.74,True,132,logs
94,baseline,live,python-default,python,default,512,warmup,steady,off,False,,7,,,,1789978035.512,2026-09-21T08:07:15.511+00:00,1b536c0d-d01d-4139-8b27-94b644301536,200,,False,198.003,29.2,30,,False,132,logs
95,baseline,live,python-default,python,default,512,measure,steady,off,False,,7,,,,1789978035.711,2026-09-21T08:07:15.710+00:00,3d0d9d5f-e666-43be-812c-04ce3ef9f17f,200,,False,199.716,36.8,37,,False,132,logs
96,baseline,live,python-default,python,default,3008,warmup,steady,off,False,,8,,,,1789978037.733,2026-09-21T08:07:17.733+00:00,e0f81507-3d49-4475-b779-6f2897d56088,200,,False,3087.898,12.45,2542,2528.62,True,132,logs
97,baseline,live,python-default,python,default,3008,warmup,steady,off,False,,8,,,,1789978040.823,2026-09-21T08:07:20.822+00:00,09bfe3e7-74bc-4332-81c4-769e5d25edb5,200,,False,175.133,11.65,12,,False,132,logs
98,baseline,live,python-default,python,default,3008,measure,steady,off,False,,8,,,,1789978041.0,2026-09-21T08:07:21.000+00:00,f51f4489-ab4f-428e-badd-180c5df75cca,200,,False,175.665,11.54,12,,False,132,logs
99,baseline,live,python-default,python,default,512,warmup,steady,off,False,,8,,,,1789978043.005,2026-09-21T08:07:23.004+00:00,16db58fd-7c85-46a4-b07e-74e73efbe5a9,200,,False,3117.178,35.47,2783,2747.44,True,132,logs
100,baseline,live,python-default,python,default,512,warmup,steady,off,False,,8,,,,1789978046.123,2026-09-21T08:07:26.123+00:00,0944c219-a5e4-45b0-820c-a0fde965636d,200,,False,220.626,52.54,53,,False,132,logs
101,baseline,live,python-default,python,default,512,measure,steady,off,False,,8,,,,1789978046.345,2026-09-21T08:07:26.344+00:00,785b4a43-ef12-4c9e-9179-0867da8d39e4,200,,False,216.018,49.79,50,,False,132,logs
102,baseline,live,python-default,python,default,1024,warmup,steady,off,False,,8,,,,1789978048.361,2026-09-21T08:07:28.360+00:00,c918c9c3-6866-4522-94c5-895211179440,200,,False,3846.021,17.35,3401,3383.21,True,132,logs
103,baseline,live,python-default,python,default,1024,warmup,steady,off,False,,8,,,,1789978052.208,2026-09-21T08:07:32.208+00:00,5e5acee8-c43c-465d-a356-c3bdc46545ef,200,,False,197.116,33.53,34,,False,132,logs
104,baseline,live,python-default,python,default,1024,measure,steady,off,False,,8,,,,1789978052.406,2026-09-21T08:07:32.406+00:00,e0ffabeb-16f8-40a7-9763-22ede28f990a,200,,False,180.416,16.7,17,,False,132,logs
105,baseline,live,python-default,python,default,128,warmup,steady,off,False,,8,,,,1789978054.442,2026-09-21T08:07:34.441+00:00,a635646e-5f0f-42cf-bbb0-c9ad4108cd0f,200,,False,4307.296,235.0,3824,3588.91,True,111,logs
106,baseline,live,python-default,python,default,128,warmup,steady,off,False,,8,,,,1789978058.75,2026-09-21T08:07:38.750+00:00,9b2d4a81-c0be-47e8-ab60-6be5753d09f5,200,,False,358.714,194.2,195,,False,111,logs
107,baseline,live,python-default,python,default,128,measure,steady,off,False,,8,,,,1789978059.112,2026-09-21T08:07:39.111+00:00,7c1b8325-75f0-409a-8b3f-c59f1a10416c,200,,False,376.474,209.27,210,,False,111,logs
108,baseline,live,python-default,python,default,128,warmup,steady,off,False,,9,,,,1789978059.491,2026-09-21T08:07:39.490+00:00,493acad9-e761-47de-be59-49cdc7167e79,200,,False,357.182,193.57,194,,False,111,logs
109,baseline,live,python-default,python,default,128,warmup,steady,off,False,,9,,,,1789978059.851,2026-09-21T08:07:39.850+00:00,19a07749-01c3-4785-9a34-cf9348051cbe,200,,False,357.491,193.2,194,,False,111,logs
110,baseline,live,python-default,python,default,128,measure,steady,off,False,,9,,,,1789978060.209,2026-09-21T08:07:40.209+00:00,be2dc4dc-c7e5-45e4-a70d-a3f3374ae048,200,,False,359.224,195.16,196,,False,111,logs
111,baseline,live,python-default,python,default,1024,warmup,steady,off,False,,9,,,,1789978062.371,2026-09-21T08:07:42.371+00:00,19938678-5fa0-402d-ba2e-3574585e86c0,200,,False,4003.447,28.03,3527,3498.38,True,134,logs
112,baseline,live,python-default,python,default,1024,warmup,steady,off,False,,9,,,,1789978066.376,2026-09-21T08:07:46.375+00:00,ff333df7-ec27-4a63-b7ec-3597b4581d83,200,,False,193.559,26.4,27,,False,134,logs
113,baseline,live,python-default,python,default,1024,measure,steady,off,False,,9,,,,1789978066.572,2026-09-21T08:07:46.571+00:00,cb960ad2-b45f-4865-bec4-2f028a8629e0,200,,False,197.199,30.32,31,,False,134,logs
114,baseline,live,python-default,python,default,512,warmup,steady,off,False,,9,,,,1789978068.565,2026-09-21T08:07:48.565+00:00,4332e875-2131-4917-b6e6-fe8b5719a04a,200,,False,3159.467,36.72,2766,2728.56,True,132,logs
115,baseline,live,python-default,python,default,512,warmup,steady,off,False,,9,,,,1789978071.726,2026-09-21T08:07:51.725+00:00,b03a7324-f915-4f29-98a7-7af82ac91074,200,,False,215.941,51.4,52,,False,132,logs
116,baseline,live,python-default,python,default,512,measure,steady,off,False,,9,,,,1789978071.943,2026-09-21T08:07:51.942+00:00,0e268127-e119-4c14-a367-833e7ef3a0d3,200,,False,199.067,35.6,36,,False,132,logs
117,baseline,live,python-default,python,default,3008,warmup,steady,off,False,,9,,,,1789978074.01,2026-09-21T08:07:54.010+00:00,db5ba38d-b34d-4983-a499-fbe50ed0460f,200,,False,3642.664,17.53,3200,3182.34,True,132,logs
118,baseline,live,python-default,python,default,3008,warmup,steady,off,False,,9,,,,1789978077.654,2026-09-21T08:07:57.653+00:00,f326835c-be29-41c3-8e26-997f7a169ccc,200,,False,183.301,16.62,17,,False,132,logs
119,baseline,live,python-default,python,default,3008,measure,steady,off,False,,9,,,,1789978077.838,2026-09-21T08:07:57.838+00:00,e42ae130-6962-4f18-be44-2bb085b0eb80,200,,False,181.841,16.71,17,,False,132,logs
0,runtime_compare,live,java-optimised,java,optimised,1024,measure,idle,off,True,update_env,0,,,,1789978081.061,2026-09-21T08:08:01.060+00:00,42c04cb6-ae0f-4980-945c-5e31edec38e2,200,,False,857.819,125.74,523,396.44,True,107,logs
1,runtime_compare,live,java-optimised,java,optimised,1024,follow_up,idle,off,False,update_env,0,,,,1789978081.92,2026-09-21T08:08:01.920+00:00,d1e4d0a2-519b-468d-b662-5114a108ce3c,200,,False,234.647,52.12,53,,False,107,logs
2,runtime_compare,live,nodejs-optimised,nodejs,optimised,1024,measure,idle,off,True,update_env,0,,,,1789978084.454,2026-09-21T08:08:04.454+00:00,6adda55e-350a-48e9-b775-27f28d1e8254,200,,False,623.017,183.47,333,149.05,True,78,logs
3,runtime_compare,live,nodejs-optimised,nodejs,optimised,1024,follow_up,idle,off,False,update_env,0,,,,1789978085.079,2026-09-21T08:08:05.078+00:00,c68970b1-179c-4a11-ad37-f42fd27f7d30,200,,False,297.487,123.53,124,,False,78,logs
4,runtime_compare,live,python-optimised,python,optimised,1024,measure,idle,off,True,update_env,0,,,,1789978087.753,2026-09-21T08:08:07.752+00:00,32622552-a9e7-40ee-830a-8b22a2d7a76f,200,,False,495.515,27.1,197,169.78,True,41,logs
5,runtime_compare,live,python-optimised,python,optimised,1024,follow_up,idle,off,False,update_env,0,,,,1789978088.251,2026-09-21T08:08:08.250+00:00,966edeeb-2cce-405a-82f1-214d490ea79a,200,,False,197.229,26.46,27,,False,41,logs
6,runtime_compare,live,java-optimised,java,optimised,1024,measure,idle,off,True,update_env,1,,,,1789978090.555,2026-09-21T08:08:10.555+00:00,817c5708-7367-422c-abbe-3270f8f44047,200,,False,717.527,110.69,441,330.01,True,107,logs
7,runtime_compare,live,java-optimised,java,optimised,1024,follow_up,idle,off,False,update_env,1,,,,1789978091.274,2026-09-21T08:08:11.274+00:00,752efa3a-cc70-4263-83aa-7bbb093e6382,200,,False,192.386,19.98,20,,False,107,logs
8,runtime_compare,live,nodejs-optimised,nodejs,optimised,1024,measure,idle,off,True,update_env,1,,,,1789978093.511,2026-09-21T08:08:13.510+00:00,caca17ff-b038-4ba7-ab43-a1835294c767,200,,False,605.822,173.74,316,142.01,True,78,logs
9,runtime_compare,live,nodejs-optimised,nodejs,optimised,1024,follow_up,idle,off,False,update_env,1,,,,1789978094.118,2026-09-21T08:08:14.117+00:00,f57b2f74-d0e0-4341-a63d-f3c471d57f16,200,,False,303.876,126.25,127,,False,78,logs
10,runtime_compare,live,python-optimised,python,optimised,1024,measure,idle,off,True,update_env,1,,,,1789978096.475,2026-09-21T08:08:16.475+00:00,f39e44fe-07c1-43e8-b521-d094bf08e7e8,200,,False,392.803,27.36,102,73.98,True,41,logs
11,runtime_compare,live,python-optimised,python,optimised,1024,follow_up,idle,off,False,update_env,1,,,,1789978096.871,2026-09-21T08:08:16.870+00:00,8e14ba2a-2fad-42a4-ad9c-51601bde53bc,200,,False,195.964,23.49,24,,False,41,logs
12,runtime_compare,live,java-optimised,java,optimised,1024,measure,idle,off,True,update_env,2,,,,1789978099.224,2026-09-21T08:08:19.223+00:00,f9c8b425-d6a8-49ec-ba94-24b09ad04f1c,200,,False,709.302,110.34,438,327.01,True,109,logs
13,runtime_compare,live,java-optimised,java,optimised,1024,follow_up,idle,off,False,update_env,2,,,,1789978099.936,2026-09-21T08:08:19.936+00:00,9040b952-a5f9-489d-8b3d-0379c5a61c61,200,,False,210.383,36.24,37,,False,109,logs
14,runtime_compare,live,python-optimised,python,optimised,1024,measure,idle,off,True,update_env,2,,,,1789978102.179,2026-09-21T08:08:22.179+00:00,af645040-a4bb-4109-9a85-1f57d8426123,200,,False,392.906,16.53,106,88.91,True,41,logs
15,runtime_compare,live,python-optimised,python,optimised,1024,follow_up,idle,off,False,update_env,2,,,,1789978102.573,2026-09-21T08:08:22.573+00:00,62530b31-dff1-4206-ba17-86bd7aeaacd2,200,,False,196.867,26.46,27,,False,41,logs
16,runtime_compare,live,nodejs-optimised,nodejs,optimised,1024,measure,idle,off,True,update_env,2,,,,1789978104.818,2026-09-21T08:08:24.818+00:00,e4d172d2-3069-449e-826d-07325da5a5ed,200,,False,653.229,204.28,351,146.68,True,78,logs
17,runtime_compare,live,nodejs-optimised,nodejs,optimised,1024,follow_up,idle,off,False,update_env,2,,,,1789978105.472,2026-09-21T08:08:25.472+00:00,ce33c0b0-3046-4a7f-80d2-8c053030a7f5,200,,False,277.055,105.75,106,,False,78,logs
18,runtime_compare,live,python-optimised,python,optimised,1024,measure,idle,off,True,update_env,3,,,,1789978107.811,2026-09-21T08:08:27.810+00:00,d49a6aea-c11a-482b-8ee6-9bfd3143ed82,200,,False,394.043,18.51,107,88.28,True,41,logs
19,runtime_compare,live,python-optimised,python,optimised,1024,follow_up,idle,off,False,update_env,3,,,,1789978108.206,2026-09-21T08:08:28.205+00:00,11d9bd53-1ad1-458d-bc39-650c56d0a0e2,200,,False,198.417,27.42,28,,False,41,logs
20,runtime_compare,live,java-optimised,java,optimised,1024,measure,idle,off,True,update_env,3,,,,1789978110.56,2026-09-21T08:08:30.559+00:00,feb93b84-bf20-4ea0-a3ac-1d202397d4fe,200,,False,830.825,116.59,543,425.56,True,109,logs
21,runtime_compare,live,java-optimised,java,optimised,1024,follow_up,idle,off,False,update_env,3,,,,1789978111.394,2026-09-21T08:08:31.393+00:00,9be6bb9c-6d74-4e0a-a703-6420aefdfa44,200,,False,210.603,36.95,37,,False,109,logs
22,runtime_compare,live,nodejs-optimised,nodejs,optimised,1024,measure,idle,off,True,update_env,3,,,,1789978113.632,2026-09-21T08:08:33.632+00:00,6ddab74d-675e-48f1-a61a-b3cda14eae62,200,,False,733.422,225.17,438,212.37,True,78,logs
23,runtime_compare,live,nodejs-optimised,nodejs,optimised,1024,follow_up,idle,off,False,update_env,3,,,,1789978114.367,2026-09-21T08:08:34.366+00:00,62ba7cf0-0e27-46e1-a949-3f35e87a8f14,200,,False,303.499,129.42,130,,False,78,logs
24,runtime_compare,live,nodejs-optimised,nodejs,optimised,1024,measure,idle,off,True,update_env,4,,,,1789978116.722,2026-09-21T08:08:36.721+00:00,c6a655e0-d2ed-4385-80d1-943f701d5349,200,,False,602.872,196.11,343,146.26,True,78,logs
25,runtime_compare,live,nodejs-optimised,nodejs,optimised,1024,follow_up,idle,off,False,update_env,4,,,,1789978117.327,2026-09-21T08:08:37.327+00:00,f664686f-57d3-41b6-b438-4d3e561ee504,200,,False,285.365,115.4,116,,False,78,logs
26,runtime_compare,live,python-optimised,python,optimised,1024,measure,idle,off,True,update_env,4,,,,1789978119.669,2026-09-21T08:08:39.668+00:00,1e75ce17-8b3d-4a39-9bc7-23606540ce97,200,,False,412.789,33.58,127,92.93,True,41,logs
27,runtime_compare,live,python-optimised,python,optimised,1024,follow_up,idle,off,False,update_env,4,,,,1789978120.083,2026-09-21T08:08:40.082+00:00,1e365ff1-b431-4aa9-a352-a31fad851ef9,200,,False,200.605,26.1,27,,False,41,logs
28,runtime_compare,live,java-optimised,java,optimised,1024,measure,idle,off,True,update_env,4,,,,1789978122.334,2026-09-21T08:08:42.333+00:00,5e5428bb-68ed-4508-b940-06349c003b3f,200,,False,673.293,95.67,421,324.46,True,107,logs
29,runtime_compare,live,java-optimised,java,optimised,1024,follow_up,idle,off,False,update_env,4,,,,1789978123.008,2026-09-21T08:08:43.008+00:00,17ddcf25-61bc-48ba-a449-f9cb2e2f9b95,200,,False,193.117,20.34,21,,False,107,logs
0,burst,live,python-optimised,python,optimised,1024,measure,burst,off,True,,0,,python-optimised-0,,1789978126.151,2026-09-21T08:08:46.151+00:00,500d8b8f-7b2d-435b-a233-1c64d3292acd,200,,False,432.309,19.68,115,95.25,True,41,logs
19,burst,live,python-optimised,python,optimised,1024,measure,burst,off,True,,0,,python-optimised-0,,1789978126.151,2026-09-21T08:08:46.150+00:00,54bee514-fb75-40e1-85dd-0ccbb26bad61,200,,False,1091.431,32.2,33,,False,41,logs
2,burst,live,python-optimised,python,optimised,1024,measure,burst,off,True,,0,,python-optimised-0,,1789978126.153,2026-09-21T08:08:46.153+00:00,b223e582-e0e4-4d6f-96e6-475cf093748d,200,,False,1260.322,31.8,32,,False,41,logs
4,burst,live,python-optimised,python,optimised,1024,measure,burst,off,True,,0,,python-optimised-0,,1789978126.154,2026-09-21T08:08:46.153+00:00,77bc4418-049b-4e48-8169-f740cd1b93eb,200,,False,1559.415,17.73,18,,False,41,logs
10,burst,live,python-optimised,python,optimised,1024,measure,burst,off,True,,0,,python-optimised-0,,1789978126.155,2026-09-21T08:08:46.154+00:00,8cfd71ce-245e-412c-a42d-399627a0b768,200,,False,769.996,27.54,116,87.71,True,41,logs
7,burst,live,python-optimised,python,optimised,1024,measure,burst,off,True,,0,,python-optimised-0,,1789978126.156,2026-09-21T08:08:46.156+00:00,5b9be503-cda6-4337-a8b0-0a51fa8d3d30,200,,False,763.716,16.82,107,89.8,True,41,logs
12,burst,live,python-optimised,python,optimised,1024,measure,burst,off,True,,0,,python-optimised-0,,1789978126.156,2026-09-21T08:08:46.155+00:00,926b4cb9-8bb8-4b63-b808-fedfcb141ac4,200,,False,1737.449,27.94,28,,False,41,logs
1,burst,live,python-optimised,python,optimised,1024,measure,burst,off,True,,0,,python-optimised-0,,1789978126.158,2026-09-21T08:08:46.157+00:00,e23dddec-67d4-4126-8006-fd307699a281,200,,False,565.14,15.9,16,,False,41,logs
3,burst,live,python-optimised,python,optimised,1024,measure,burst,off,True,,0,,python-optimised-0,,1789978126.159,2026-09-21T08:08:46.158+00:00,92e76eaf-be2d-4094-a4cf-d97cb8e54106,200,,False,736.545,34.3,123,88.47,True,41,logs
11,burst,live,python-optimised,python,optimised,1024,measure,burst,off,True,,0,,python-optimised-0,,1789978126.16,2026-09-21T08:08:46.159+00:00,3cffd55a-8b82-4423-aa32-45aebf913372,200,,False,737.964,31.61,122,89.6,True,43,logs
14,burst,live,python-optimised,python,optimised,1024,measure,burst,off,True,,0,,python-optimised-0,,1789978126.16,2026-09-21T08:08:46.160+00:00,ec5a6192-b603-4867-bd8b-a3573e90bf85,200,,False,746.586,27.33,113,85.57,True,41,logs
9,burst,live,python-optimised,python,optimised,1024,measure,burst,off,True,,0,,python-optimised-0,,1789978126.161,2026-09-21T08:08:46.160+00:00,ca2e1aa1-6e3d-48cc-9b11-3750bb501492,200,,False,640.348,16.12,17,,False,41,logs
15,burst,live,python-optimised,python,optimised,1024,measure,burst,off,True,,0,,python-optimised-0,,1789978126.161,2026-09-21T08:08:46.161+00:00,06f952f4-a496-43b3-a8d5-a99c26748f6c,200,,False,1111.741,31.28,32,,False,41,logs
6,burst,live,python-optimised,python,optimised,1024,measure,burst,off,True,,0,,python-optimised-0,,1789978126.162,2026-09-21T08:08:46.161+00:00,bb666f49-2b76-4d9c-ab9a-368538dd6cce,200,,False,740.315,17.64,105,87.2,True,41,logs
18,burst,live,python-optimised,python,optimised,1024,measure,burst,off,True,,0,,python-optimised-0,,1789978126.162,2026-09-21T08:08:46.162+00:00,fccc1274-1250-4565-9d6b-1c64558dfb1b,200,,False,1633.605,29.39,30,,False,41,logs
5,burst,live,python-optimised,python,optimised,1024,measure,burst,off,True,,0,,python-optimised-0,,1789978126.163,2026-09-21T08:08:46.163+00:00,aa78d185-8968-4a4c-b972-545b821ca37c,200,,False,782.636,36.99,125,87.53,True,41,logs
13,burst,live,python-optimised,python,optimised,1024,measure,burst,off,True,,0,,python-optimised-0,,1789978126.164,2026-09-21T08:08:46.163+00:00,d60273b1-bc54-407f-88fe-5c99ca29422c,200,,False,1429.642,18.05,19,,False,41,logs
17,burst,live,python-optimised,python,optimised,1024,measure,burst,off,True,,0,,python-optimised-0,,1789978126.164,2026-09-21T08:08:46.164+00:00,9ce964f4-62c0-476f-b8db-62c993cfc0ba,200,,False,1087.094,16.02,17,,False,41,logs
8,burst,live,python-optimised,python,optimised,1024,measure,burst,off,True,,0,,python-optimised-0,,1789978126.165,2026-09-21T08:08:46.164+00:00,e963587d-709e-4485-a331-8c482accae10,200,,False,536.696,19.85,20,,False,41,logs
16,burst,live,python-optimised,python,optimised,1024,measure,burst,off,True,,0,,python-optimised-0,,1789978126.165,2026-09-21T08:08:46.165+00:00,ff66db70-cc71-4684-b5a0-79b47dc0d1bc,200,,False,597.249,33.32,34,,False,41,logs
20,burst,live,java-optimised,java,optimised,1024,measure,burst,off,True,,0,,java-optimised-0,,1789978130.262,2026-09-21T08:08:50.262+00:00,c2129c62-a567-432a-a753-675b00f1d5cb,200,,False,857.862,131.21,566,434.6,True,107,logs
39,burst,live,java-optimised,java,optimised,1024,measure,burst,off,True,,0,,java-optimised-0,,1789978130.262,2026-09-21T08:08:50.261+00:00,c9a4b1fc-e19b-453c-9da0-8cd2d25d3e15,200,,False,1140.64,46.78,47,,False,107,logs
24,burst,live,java-optimised,java,optimised,1024,measure,burst,off,True,,0,,java-optimised-0,,1789978130.263,2026-09-21T08:08:50.263+00:00,8d5982e2-d94f-4a5a-a6fb-a8d5c252e5dc,200,,False,849.406,116.11,549,432.11,True,109,logs
26,burst,live,java-optimised,java,optimised,1024,measure,burst,off,True,,0,,java-optimised-0,,1789978130.264,2026-09-21T08:08:50.264+00:00,0ecabaef-637a-4f02-b847-3e15671e836f,200,,False,838.848,116.36,538,421.62,True,107,logs
28,burst,live,java-optimised,java,optimised,1024,measure,burst,off,True,,0,,java-optimised-0,,1789978130.265,2026-09-21T08:08:50.265+00:00,385f4362-106e-45a0-9154-e77e38cb4d8b,200,,False,856.874,122.2,552,429.45,True,111,logs
31,burst,live,java-optimised,java,optimised,1024,measure,burst,off,True,,0,,java-optimised-0,,1789978130.266,2026-09-21T08:08:50.266+00:00,c1578c1d-0639-43ad-af80-ca4efb141166,200,,False,841.311,117.27,542,424.59,True,109,logs
34,burst,live,java-optimised,java,optimised,1024,measure,burst,off,True,,0,,java-optimised-0,,1789978130.267,2026-09-21T08:08:50.267+00:00,000b1f8f-1816-41d4-88cb-e705a1f3e522,200,,False,818.36,123.6,532,407.6,True,109,logs
29,burst,live,java-optimised,java,optimised,1024,measure,burst,off,True,,0,,java-optimised-0,,1789978130.268,2026-09-21T08:08:50.267+00:00,2b48b45d-bb96-48a3-a94e-8932125681c6,200,,False,907.077,139.95,567,426.06,True,107,logs
22,burst,live,java-optimised,java,optimised,1024,measure,burst,off,True,,0,,java-optimised-0,,1789978130.269,2026-09-21T08:08:50.268+00:00,4dd0406d-3262-49fd-92f7-2bbf49ddb1cd,200,,False,874.172,133.51,568,434.28,True,111,logs
25,burst,live,java-optimised,java,optimised,1024,measure,burst,off,True,,0,,java-optimised-0,,1789978130.269,2026-09-21T08:08:50.269+00:00,8fc94f39-3dd9-43fc-9fed-900883a3d94c,200,,False,871.282,139.52,576,436.38,True,110,logs
21,burst,live,java-optimised,java,optimised,1024,measure,burst,off,True,,0,,java-optimised-0,,1789978130.27,2026-09-21T08:08:50.270+00:00,711fa46c-8e6b-4902-a884-3db7e4e43f77,200,,False,2231.812,40.88,41,,False,107,logs
27,burst,live,java-optimised,java,optimised,1024,measure,burst,off,True,,0,,java-optimised-0,,1789978130.27,2026-09-21T08:08:50.269+00:00,edb72872-7460-4697-b396-d19dc002b1a8,200,,False,862.292,121.29,566,444.26,True,107,logs
32,burst,live,java-optimised,java,optimised,1024,measure,burst,off,True,,0,,java-optimised-0,,1789978130.271,2026-09-21T08:08:50.270+00:00,05a54def-cecb-424e-92f7-3e62dd026904,200,,False,1709.884,36.12,37,,False,107,logs
35,burst,live,java-optimised,java,optimised,1024,measure,burst,off,True,,0,,java-optimised-0,,1789978130.272,2026-09-21T08:08:50.272+00:00,512cd093-c701-4305-97c8-5454e0c3b255,200,,False,2227.811,36.32,37,,False,111,logs
36,burst,live,java-optimised,java,optimised,1024,measure,burst,off,True,,0,,java-optimised-0,,1789978130.272,2026-09-21T08:08:50.271+00:00,dc5f3987-881a-4269-b1b2-72107701d6c8,200,,False,1320.04,53.18,54,,False,107,logs
37,burst,live,java-optimised,java,optimised,1024,measure,burst,off,True,,0,,java-optimised-0,,1789978130.273,2026-09-21T08:08:50.273+00:00,11d1baa7-f888-4ec0-8ee4-5683da3e98fd,200,,False,1608.828,54.18,55,,False,107,logs
30,burst,live,java-optimised,java,optimised,1024,measure,burst,off,True,,0,,java-optimised-0,,1789978130.274,2026-09-21T08:08:50.274+00:00,41d51c1d-ebdb-435a-86bf-ac18a9e58901,200,,False,1532.595,38.78,39,,False,111,logs
33,burst,live,java-optimised,java,optimised,1024,measure,burst,off,True,,0,,java-optimised-0,,1789978130.275,2026-09-21T08:08:50.274+00:00,a086679d-ca73-46e7-8dba-e7ecb4612c32,200,,False,1363.33,46.21,47,,False,111,logs
23,burst,live,java-optimised,java,optimised,1024,measure,burst,off,True,,0,,java-optimised-0,,1789978130.276,2026-09-21T08:08:50.276+00:00,922fdc62-240a-4912-9b12-1b05eaf5532c,200,,False,895.294,39.28,40,,False,107,logs
38,burst,live,java-optimised,java,optimised,1024,measure,burst,off,True,,0,,java-optimised-0,,1789978130.277,2026-09-21T08:08:50.277+00:00,c8a26e2d-d2f4-438a-8d82-31933dddc1df,200,,False,899.982,46.72,47,,False,111,logs
40,burst,live,nodejs-optimised,nodejs,optimised,1024,measure,burst,off,True,,0,,nodejs-optimised-0,,1789978134.869,2026-09-21T08:08:54.869+00:00,25955fc1-f52b-402f-b965-712457557644,200,,False,980.322,139.05,140,,False,78,logs
59,burst,live,nodejs-optimised,nodejs,optimised,1024,measure,burst,off,True,,0,,nodejs-optimised-0,,1789978134.869,2026-09-21T08:08:54.868+00:00,7f4a74cd-f607-4f7f-b971-bd083e2b5177,200,,False,636.057,183.43,334,150.51,True,81,logs
42,burst,live,nodejs-optimised,nodejs,optimised,1024,measure,burst,off,True,,0,,nodejs-optimised-0,,1789978134.87,2026-09-21T08:08:54.869+00:00,d3943317-bafd-419f-96b4-707766be31b9,200,,False,638.677,204.21,346,140.82,True,78,logs
43,burst,live,nodejs-optimised,nodejs,optimised,1024,measure,burst,off,True,,0,,nodejs-optimised-0,,1789978134.87,2026-09-21T08:08:54.869+00:00,520892e4-48cf-470e-85dc-2651f417b093,200,,False,629.893,186.82,332,144.5,True,80,logs
45,burst,live,nodejs-optimised,nodejs,optimised,1024,measure,burst,off,True,,0,,nodejs-optimised-0,,1789978134.87,2026-09-21T08:08:54.870+00:00,bc0946b3-0bed-4807-adcd-b76f9605118e,200,,False,641.804,199.28,347,147.52,True,78,logs
47,burst,live,nodejs-optimised,nodejs,optimised,1024,measure,burst,off,True,,0,,nodejs-optimised-0,,1789978134.87,2026-09-21T08:08:54.870+00:00,389114ac-6d40-4214-8d77-41038396d51e,200,,False,666.949,215.9,360,143.36,True,79,logs
41,burst,live,nodejs-optimised,nodejs,optimised,1024,measure,burst,off,True,,0,,nodejs-optimised-0,,1789978134.871,2026-09-21T08:08:54.871+00:00,436619db-fd85-4508-8871-6cb52985f5f0,200,,False,691.467,178.31,320,141.07,True,79,logs
50,burst,live,nodejs-optimised,nodejs,optimised,1024,measure,burst,off,True,,0,,nodejs-optimised-0,,1789978134.872,2026-09-21T08:08:54.872+00:00,53d4e0f7-6d2b-4c5e-873d-bd2064163e05,200,,False,642.818,193.4,354,160.46,True,78,logs
52,burst,live,nodejs-optimised,nodejs,optimised,1024,measure,burst,off,True,,0,,nodejs-optimised-0,,1789978134.873,2026-09-21T08:08:54.872+00:00,167770b0-e5e5-4059-84cc-6392d8df83ba,200,,False,647.073,194.85,334,138.56,True,79,logs
53,burst,live,nodejs-optimised,nodejs,optimised,1024,measure,burst,off,True,,0,,nodejs-optimised-0,,1789978134.873,2026-09-21T08:08:54.873+00:00,1aef6d91-1d11-4316-95dc-738ebca10416,200,,False,1063.941,120.22,121,,False,79,logs
54,burst,live,nodejs-optimised,nodejs,optimised,1024,measure,burst,off,True,,0,,nodejs-optimised-0,,1789978134.874,2026-09-21T08:08:54.873+00:00,bafa9c0a-f5d4-47d2-979f-2bf609610856,200,,False,652.134,206.36,353,146.0,True,78,logs
55,burst,live,nodejs-optimised,nodejs,optimised,1024,measure,burst,off,True,,0,,nodejs-optimised-0,,1789978134.874,2026-09-21T08:08:54.874+00:00,15b42192-70ec-447e-aee5-6e901e6c0127,200,,False,1334.31,131.73,132,,False,78,logs
56,burst,live,nodejs-optimised,nodejs,optimised,1024,measure,burst,off,True,,0,,nodejs-optimised-0,,1789978134.874,2026-09-21T08:08:54.874+00:00,45e87719-a245-4b19-81be-eb62f17a71bc,200,,False,654.02,208.38,351,142.16,True,79,logs
49,burst,live,nodejs-optimised,nodejs,optimised,1024,measure,burst,off,True,,0,,nodejs-optimised-0,,1789978134.876,2026-09-21T08:08:54.876+00:00,244806be-add7-491b-b297-4088da377b3a,200,,False,1244.74,116.58,117,,False,79,logs
48,burst,live,nodejs-optimised,nodejs,optimised,1024,measure,burst,off,True,,0,,nodejs-optimised-0,,1789978134.877,2026-09-21T08:08:54.876+00:00,cee18599-2152-462b-8c97-b8217bf28992,200,,False,887.336,114.19,115,,False,79,logs
51,burst,live,nodejs-optimised,nodejs,optimised,1024,measure,burst,off,True,,0,,nodejs-optimised-0,,1789978134.877,2026-09-21T08:08:54.877+00:00,a8f0580c-a195-4d33-b399-fe7f81cbb36a,200,,False,1491.454,117.62,118,,False,79,logs
46,burst,live,nodejs-optimised,nodejs,optimised,1024,measure,burst,off,True,,0,,nodejs-optimised-0,,1789978134.878,2026-09-21T08:08:54.877+00:00,3583fc09-0609-4c3f-b6eb-f717347bddfd,200,,False,1356.835,115.82,116,,False,79,logs
44,burst,live,nodejs-optimised,nodejs,optimised,1024,measure,burst,off,True,,0,,nodejs-optimised-0,,1789978134.879,2026-09-21T08:08:54.878+00:00,cf7ba9b2-73dd-4d45-b515-70ebb062f10a,200,,False,1495.118,149.82,150,,False,83,logs
58,burst,live,nodejs-optimised,nodejs,optimised,1024,measure,burst,off,True,,0,,nodejs-optimised-0,,1789978134.879,2026-09-21T08:08:54.879+00:00,6fd923b2-e526-47e1-bf11-4e769c278446,200,,False,1351.954,124.38,125,,False,79,logs
57,burst,live,nodejs-optimised,nodejs,optimised,1024,measure,burst,off,True,,0,,nodejs-optimised-0,,1789978134.884,2026-09-21T08:08:54.883+00:00,77094496-5e62-45dd-a0c6-819e8b612948,200,,False,1779.523,116.51,117,,False,83,logs
60,burst,live,nodejs-optimised,nodejs,optimised,1024,measure,burst,off,True,,1,,nodejs-optimised-1,,1789978138.796,2026-09-21T08:08:58.796+00:00,e5f532f9-9d14-4a16-baab-c0a6438974ae,200,,False,671.83,212.3,363,150.16,True,79,logs
79,burst,live,nodejs-optimised,nodejs,optimised,1024,measure,burst,off,True,,1,,nodejs-optimised-1,,1789978138.796,2026-09-21T08:08:58.795+00:00,05ebd418-d6ce-4a56-aaa8-6ec2733f3cab,200,,False,1751.601,118.82,119,,False,79,logs
62,burst,live,nodejs-optimised,nodejs,optimised,1024,measure,burst,off,True,,1,,nodejs-optimised-1,,1789978138.798,2026-09-21T08:08:58.797+00:00,7fe34480-1136-4bb7-b403-fb8f4b7b795b,200,,False,678.11,231.82,375,143.04,True,80,logs
65,burst,live,nodejs-optimised,nodejs,optimised,1024,measure,burst,off,True,,1,,nodejs-optimised-1,,1789978138.799,2026-09-21T08:08:58.798+00:00,fdaa96ab-4dc8-4861-bc46-b517fe421b3f,200,,False,613.867,204.25,347,142.36,True,79,logs
66,burst,live,nodejs-optimised,nodejs,optimised,1024,measure,burst,off,True,,1,,nodejs-optimised-1,,1789978138.8,2026-09-21T08:08:58.799+00:00,581e9f3c-571f-4cf9-a56a-3cf371dc09bc,200,,False,647.281,199.92,344,143.52,True,79,logs
69,burst,live,nodejs-optimised,nodejs,optimised,1024,measure,burst,off,True,,1,,nodejs-optimised-1,,1789978138.8,2026-09-21T08:08:58.800+00:00,d0fde5ff-75e8-4e29-bb9d-8fbe9607dc60,200,,False,622.587,183.12,325,141.17,True,78,logs
70,burst,live,nodejs-optimised,nodejs,optimised,1024,measure,burst,off,True,,1,,nodejs-optimised-1,,1789978138.801,2026-09-21T08:08:58.801+00:00,d8700826-b393-4092-9a4b-fbcacbc8e2eb,200,,False,614.623,175.1,323,147.29,True,79,logs
76,burst,live,nodejs-optimised,nodejs,optimised,1024,measure,burst,off,True,,1,,nodejs-optimised-1,,1789978138.802,2026-09-21T08:08:58.801+00:00,eac0bb6a-5ef0-4d73-bcfd-d7a7cb1475aa,200,,False,560.579,157.0,271,113.18,True,79,logs
61,burst,live,nodejs-optimised,nodejs,optimised,1024,measure,burst,off,True,,1,,nodejs-optimised-1,,1789978138.803,2026-09-21T08:08:58.802+00:00,de1f7e15-4dfa-4711-874a-e72b5acf0461,200,,False,628.665,186.9,334,146.28,True,78,logs
64,burst,live,nodejs-optimised,nodejs,optimised,1024,measure,burst,off,True,,1,,nodejs-optimised-1,,1789978138.803,2026-09-21T08:08:58.803+00:00,4bf4a5ea-6376-4b81-a51b-9126cc93dc8b,200,,False,632.604,196.37,342,144.85,True,79,logs
63,burst,live,nodejs-optimised,nodejs,optimised,1024,measure,burst,off,True,,1,,nodejs-optimised-1,,1789978138.804,2026-09-21T08:08:58.804+00:00,3885af80-c7a6-47cb-b216-320b97755752,200,,False,1424.73,140.3,141,,False,79,logs
71,burst,live,nodejs-optimised,nodejs,optimised,1024,measure,burst,off,True,,1,,nodejs-optimised-1,,1789978138.805,2026-09-21T08:08:58.804+00:00,3b91b827-4565-4fcd-93d2-60e62ea4c895,200,,False,610.1,175.46,321,144.69,True,78,logs
75,burst,live,nodejs-optimised,nodejs,optimised,1024,measure,burst,off,True,,1,,nodejs-optimised-1,,1789978138.805,2026-09-21T08:08:58.805+00:00,0b0e76d9-cdde-41a2-a51f-eb2991ae4395,200,,False,1599.561,138.51,139,,False,79,logs
77,burst,live,nodejs-optimised,nodejs,optimised,1024,measure,burst,off,True,,1,,nodejs-optimised-1,,1789978138.806,2026-09-21T08:08:58.806+00:00,831451ea-90e8-40d8-8ff0-90a359bc7fe2,200,,False,1398.051,115.72,116,,False,79,logs
78,burst,live,nodejs-optimised,nodejs,optimised,1024,measure,burst,off,True,,1,,nodejs-optimised-1,,1789978138.807,2026-09-21T08:08:58.807+00:00,7518aeb0-bbc5-46f1-9ed0-f7738709bf5d,200,,False,1657.54,114.38,115,,False,80,logs
68,burst,live,nodejs-optimised,nodejs,optimised,1024,measure,burst,off,True,,1,,nodejs-optimised-1,,1789978138.809,2026-09-21T08:08:58.809+00:00,46332974-3d12-45e4-83cd-5d19592aa37b,200,,False,1295.014,119.23,120,,False,80,logs
72,burst,live,nodejs-optimised,nodejs,optimised,1024,measure,burst,off,True,,1,,nodejs-optimised-1,,1789978138.81,2026-09-21T08:08:58.809+00:00,e98309e3-bac8-4400-b958-9fdcc0161660,200,,False,1464.67,124.64,125,,False,80,logs
74,burst,live,nodejs-optimised,nodejs,optimised,1024,measure,burst,off,True,,1,,nodejs-optimised-1,,1789978138.811,2026-09-21T08:08:58.810+00:00,5c849153-2337-445a-97fc-fa7ae582bbba,200,,False,1678.299,129.82,130,,False,79,logs
73,burst,live,nodejs-optimised,nodejs,optimised,1024,measure,burst,off,True,,1,,nodejs-optimised-1,,1789978138.813,2026-09-21T08:08:58.813+00:00,4e8c122b-c264-4385-bd2e-f9ae010e0e5f,200,,False,1815.031,129.55,130,,False,79,logs
67,burst,live,nodejs-optimised,nodejs,optimised,1024,measure,burst,off,True,,1,,nodejs-optimised-1,,1789978138.814,2026-09-21T08:08:58.814+00:00,ddaffc9a-0539-4450-b8ad-277477daca08,200,,False,1735.535,116.85,117,,False,79,logs
99,burst,live,java-optimised,java,optimised,1024,measure,burst,off,True,,1,,java-optimised-1,,1789978142.821,2026-09-21T08:09:02.821+00:00,0120a5da-8ced-408f-a0e6-03bf8f8de3a3,200,,False,1552.34,51.63,52,,False,110,logs
80,burst,live,java-optimised,java,optimised,1024,measure,burst,off,True,,1,,java-optimised-1,,1789978142.822,2026-09-21T08:09:02.821+00:00,26f3e232-9222-4da1-83af-5c345397a3d4,200,,False,842.432,129.73,538,407.65,True,111,logs
84,burst,live,java-optimised,java,optimised,1024,measure,burst,off,True,,1,,java-optimised-1,,1789978142.823,2026-09-21T08:09:02.822+00:00,5b5ccff4-68e9-4247-9a03-f6c08d6008ec,200,,False,917.623,141.78,575,432.99,True,107,logs
86,burst,live,java-optimised,java,optimised,1024,measure,burst,off,True,,1,,java-optimised-1,,1789978142.824,2026-09-21T08:09:02.823+00:00,7d1e3a3b-3a4c-4a73-8583-dc127d67eea9,200,,False,850.327,121.01,544,422.52,True,109,logs
87,burst,live,java-optimised,java,optimised,1024,measure,burst,off,True,,1,,java-optimised-1,,1789978142.825,2026-09-21T08:09:02.824+00:00,cfe488f1-75ea-4c55-9464-8b8fb734bfe9,200,,False,820.834,120.62,545,423.64,True,107,logs
90,burst,live,java-optimised,java,optimised,1024,measure,burst,off,True,,1,,java-optimised-1,,1789978142.826,2026-09-21T08:09:02.825+00:00,3c2ee5e5-11bf-4bf2-a9e3-1b40c056b695,200,,False,858.681,117.48,548,430.0,True,107,logs
91,burst,live,java-optimised,java,optimised,1024,measure,burst,off,True,,1,,java-optimised-1,,1789978142.826,2026-09-21T08:09:02.826+00:00,71d6da4c-6ae8-49fc-bef9-e1f9e39d5f2b,200,,False,928.382,128.2,573,443.98,True,110,logs
95,burst,live,java-optimised,java,optimised,1024,measure,burst,off,True,,1,,java-optimised-1,,1789978142.827,2026-09-21T08:09:02.827+00:00,d59ef518-385d-467e-a4fe-1fc0a0386948,200,,False,839.802,121.03,543,421.25,True,107,logs
83,burst,live,java-optimised,java,optimised,1024,measure,burst,off,True,,1,,java-optimised-1,,1789978142.828,2026-09-21T08:09:02.828+00:00,b89d7066-e4e1-4202-972d-7872df467b31,200,,False,866.199,131.96,567,434.76,True,109,logs
81,burst,live,java-optimised,java,optimised,1024,measure,burst,off,True,,1,,java-optimised-1,,1789978142.829,2026-09-21T08:09:02.828+00:00,6d96930c-b1fa-4305-be04-9921a9e1782f,200,,False,852.13,134.68,564,428.44,True,110,logs
89,burst,live,java-optimised,java,optimised,1024,measure,burst,off,True,,1,,java-optimised-1,,1789978142.829,2026-09-21T08:09:02.829+00:00,25bfdb8b-d71e-4d1c-9913-c36e7df3d8fa,200,,False,2499.242,45.98,46,,False,110,logs
92,burst,live,java-optimised,java,optimised,1024,measure,burst,off,True,,1,,java-optimised-1,,1789978142.83,2026-09-21T08:09:02.829+00:00,3d5a9f14-05bc-4e0c-b79e-dee1f7961b62,200,,False,829.074,117.72,545,426.7,True,107,logs
94,burst,live,java-optimised,java,optimised,1024,measure,burst,off,True,,1,,java-optimised-1,,1789978142.831,2026-09-21T08:09:02.830+00:00,f2c9c3a5-2353-490f-ba3a-65c9f3eff708,200,,False,1508.483,50.22,51,,False,107,logs
82,burst,live,java-optimised,java,optimised,1024,measure,burst,off,True,,1,,java-optimised-1,,1789978142.832,2026-09-21T08:09:02.832+00:00,19db9df6-a7a4-4856-a545-1647ff01e903,200,,False,1003.944,46.84,47,,False,110,logs
97,burst,live,java-optimised,java,optimised,1024,measure,burst,off,True,,1,,java-optimised-1,,1789978142.832,2026-09-21T08:09:02.831+00:00,3244db2e-95ef-41ab-b152-02b5e3214f46,200,,False,1166.321,46.39,47,,False,107,logs
88,burst,live,java-optimised,java,optimised,1024,measure,burst,off,True,,1,,java-optimised-1,,1789978142.833,2026-09-21T08:09:02.832+00:00,8de7c473-7702-4473-b557-54bb27184c9e,200,,False,1010.54,37.26,38,,False,107,logs
85,burst,live,java-optimised,java,optimised,1024,measure,burst,off,True,,1,,java-optimised-1,,1789978142.834,2026-09-21T08:09:02.833+00:00,90f62a17-568d-494f-9e8e-aafdc43cc26a,200,,False,1402.5,46.06,47,,False,107,logs
98,burst,live,java-optimised,java,optimised,1024,measure,burst,off,True,,1,,java-optimised-1,,1789978142.834,2026-09-21T08:09:02.834+00:00,59b0e4c6-f1d3-4136-9db1-2468f10ea729,200,,False,1277.724,41.68,42,,False,110,logs
96,burst,live,java-optimised,java,optimised,1024,measure,burst,off,True,,1,,java-optimised-1,,1789978142.836,2026-09-21T08:09:02.835+00:00,47219ece-7d1c-4e1d-9749-55315cdf7036,200,,False,1199.392,41.19,42,,False,110,logs
93,burst,live,java-optimised,java,optimised,1024,measure,burst,off,True,,1,,java-optimised-1,,1789978142.837,2026-09-21T08:09:02.836+00:00,e80a99a8-8c60-4f89-9dd8-b484b4c4041a,200,,False,1281.94,45.27,46,,False,107,logs
119,burst,live,python-optimised,python,optimised,1024,measure,burst,off,True,,1,,python-optimised-1,,1789978147.376,2026-09-21T08:09:07.376+00:00,20cbf4dc-1c06-4463-9503-a5a80c1f7da4,200,,False,531.604,17.85,18,,False,41,logs
100,burst,live,python-optimised,python,optimised,1024,measure,burst,off,True,,1,,python-optimised-1,,1789978147.377,2026-09-21T08:09:07.376+00:00,a92ac5c1-7393-4784-b131-b5e50a5ef507,200,,False,402.88,20.86,108,86.5,True,41,logs
104,burst,live,python-optimised,python,optimised,1024,measure,burst,off,True,,1,,python-optimised-1,,1789978147.378,2026-09-21T08:09:07.377+00:00,f221e098-2f6a-490a-9199-74e01d390776,200,,False,416.295,17.01,105,87.45,True,41,logs
102,burst,live,python-optimised,python,optimised,1024,measure,burst,off,True,,1,,python-optimised-1,,1789978147.379,2026-09-21T08:09:07.378+00:00,332187c6-e05c-463b-bbbd-4e0ac02be5b2,200,,False,467.107,17.4,148,129.93,True,41,logs
106,burst,live,python-optimised,python,optimised,1024,measure,burst,off,True,,1,,python-optimised-1,,1789978147.38,2026-09-21T08:09:07.379+00:00,129b15c1-0f23-4ed3-8e1d-11c064d39043,200,,False,407.222,17.12,106,88.33,True,41,logs
108,burst,live,python-optimised,python,optimised,1024,measure,burst,off,True,,1,,python-optimised-1,,1789978147.381,2026-09-21T08:09:07.380+00:00,010631ad-4b5c-4bc9-ae34-68daaeb4a680,200,,False,423.598,17.08,107,89.28,True,41,logs
110,burst,live,python-optimised,python,optimised,1024,measure,burst,off,True,,1,,python-optimised-1,,1789978147.381,2026-09-21T08:09:07.381+00:00,763b374f-d65d-43f9-b73c-772af94d970d,200,,False,429.325,31.4,140,107.75,True,41,logs
116,burst,live,python-optimised,python,optimised,1024,measure,burst,off,True,,1,,python-optimised-1,,1789978147.382,2026-09-21T08:09:07.382+00:00,e8358e5d-ed7c-48e0-9d23-187d55643913,200,,False,418.153,33.21,121,87.59,True,41,logs
101,burst,live,python-optimised,python,optimised,1024,measure,burst,off,True,,1,,python-optimised-1,,1789978147.383,2026-09-21T08:09:07.383+00:00,3a8bd13b-ebcd-4ffa-9f52-cbebf1d50099,200,,False,400.656,16.95,106,88.56,True,41,logs
109,burst,live,python-optimised,python,optimised,1024,measure,burst,off,True,,1,,python-optimised-1,,1789978147.384,2026-09-21T08:09:07.384+00:00,85768966-bdf9-4e81-9698-e795beb4174b,200,,False,407.783,31.94,120,87.19,True,41,logs
111,burst,live,python-optimised,python,optimised,1024,measure,burst,off,True,,1,,python-optimised-1,,1789978147.385,2026-09-21T08:09:07.385+00:00,9f1be758-c4c9-4332-9960-1e5d3210433c,200,,False,543.743,19.92,20,,False,41,logs
114,burst,live,python-optimised,python,optimised,1024,measure,burst,off,True,,1,,python-optimised-1,,1789978147.385,2026-09-21T08:09:07.384+00:00,83aab9d7-3248-4343-a6e7-804612c200d2,200,,False,412.839,30.34,120,89.42,True,41,logs
115,burst,live,python-optimised,python,optimised,1024,measure,burst,off,True,,1,,python-optimised-1,,1789978147.386,2026-09-21T08:09:07.386+00:00,c3674ebc-d12d-41aa-9f13-b540e3f1ae38,200,,False,534.46,28.9,29,,False,41,logs
113,burst,live,python-optimised,python,optimised,1024,measure,burst,off,True,,1,,python-optimised-1,,1789978147.387,2026-09-21T08:09:07.387+00:00,531f15de-39ee-4ff6-98e7-d3ed558a1795,200,,False,546.72,16.4,17,,False,41,logs
117,burst,live,python-optimised,python,optimised,1024,measure,burst,off,True,,1,,python-optimised-1,,1789978147.387,2026-09-21T08:09:07.386+00:00,793eba1f-9b20-4c53-9543-7fc9f50c40b2,200,,False,537.389,26.82,27,,False,41,logs
103,burst,live,python-optimised,python,optimised,1024,measure,burst,off,True,,1,,python-optimised-1,,1789978147.388,2026-09-21T08:09:07.388+00:00,723f26de-a346-4aa6-8431-03ff9c0fbfb8,200,,False,522.941,32.88,33,,False,41,logs
105,burst,live,python-optimised,python,optimised,1024,measure,burst,off,True,,1,,python-optimised-1,,1789978147.389,2026-09-21T08:09:07.388+00:00,6d8388ce-d827-4e7a-8bdc-aa5f4b0d3a48,200,,False,543.254,17.9,18,,False,41,logs
118,burst,live,python-optimised,python,optimised,1024,measure,burst,off,True,,1,,python-optimised-1,,1789978147.39,2026-09-21T08:09:07.390+00:00,597d3866-e76d-4d58-9da4-72780c8f0622,200,,False,498.138,16.67,17,,False,41,logs
107,burst,live,python-optimised,python,optimised,1024,measure,burst,off,True,,1,,python-optimised-1,,1789978147.391,2026-09-21T08:09:07.391+00:00,c8c454b9-1009-418c-9d8b-f79e1dfe497e,200,,False,535.74,31.86,32,,False,41,logs
112,burst,live,python-optimised,python,optimised,1024,measure,burst,off,True,,1,,python-optimised-1,,1789978147.392,2026-09-21T08:09:07.392+00:00,f1353bb1-a1e2-4a9b-ad7f-5f22e4467d79,200,,False,527.975,18.06,19,,False,41,logs
120,burst,live,python-optimised,python,optimised,1024,measure,burst,off,True,,2,,python-optimised-2,,1789978150.035,2026-09-21T08:09:10.035+00:00,e9d661ef-8585-4013-98eb-36dee05e1694,200,,False,400.163,31.75,121,89.21,True,41,logs
139,burst,live,python-optimised,python,optimised,1024,measure,burst,off,True,,2,,python-optimised-2,,1789978150.035,2026-09-21T08:09:10.034+00:00,2fca65c3-c265-4e4d-8047-0d614f5bf6ed,200,,False,561.344,23.18,24,,False,41,logs
122,burst,live,python-optimised,python,optimised,1024,measure,burst,off,True,,2,,python-optimised-2,,1789978150.036,2026-09-21T08:09:10.036+00:00,1ae5c1f8-f57c-46ba-8026-b8c0ff6e82e9,200,,False,411.903,20.45,106,85.46,True,41,logs
126,burst,live,python-optimised,python,optimised,1024,measure,burst,off,True,,2,,python-optimised-2,,1789978150.037,2026-09-21T08:09:10.037+00:00,c0ba823a-3fb3-4d5d-9e90-b48d663f7206,200,,False,420.618,33.47,121,87.25,True,41,logs
128,burst,live,python-optimised,python,optimised,1024,measure,burst,off,True,,2,,python-optimised-2,,1789978150.038,2026-09-21T08:09:10.038+00:00,47fdd4b8-7ffa-49ca-b1d3-f288d0727507,200,,False,433.308,20.91,128,106.73,True,41,logs
131,burst,live,python-optimised,python,optimised,1024,measure,burst,off,True,,2,,python-optimised-2,,1789978150.039,2026-09-21T08:09:10.039+00:00,a7ed0b1e-7806-49f4-a053-5f5db1fafc34,200,,False,423.763,34.97,125,89.1,True,41,logs
124,burst,live,python-optimised,python,optimised,1024,measure,burst,off,True,,2,,python-optimised-2,,1789978150.04,2026-09-21T08:09:10.040+00:00,6006e3e2-e82f-4b97-b0e9-c7c4ae4e604d,200,,False,405.775,19.32,109,89.21,True,41,logs
134,burst,live,python-optimised,python,optimised,1024,measure,burst,off,True,,2,,python-optimised-2,,1789978150.041,2026-09-21T08:09:10.040+00:00,2361bd1b-a52b-4600-b1bc-32c03edb6532,200,,False,386.645,32.12,126,93.83,True,41,logs
123,burst,live,python-optimised,python,optimised,1024,measure,burst,off,True,,2,,python-optimised-2,,1789978150.042,2026-09-21T08:09:10.042+00:00,65a32fd1-8180-4e15-9d8a-c8af90d31d6e,200,,False,413.375,22.56,120,96.74,True,41,logs
138,burst,live,python-optimised,python,optimised,1024,measure,burst,off,True,,2,,python-optimised-2,,1789978150.042,2026-09-21T08:09:10.041+00:00,6e79226f-603d-408b-8a06-5e1fa1eddb19,200,,False,428.197,27.5,120,92.5,True,41,logs
127,burst,live,python-optimised,python,optimised,1024,measure,burst,off,True,,2,,python-optimised-2,,1789978150.043,2026-09-21T08:09:10.042+00:00,e9328d0a-ca6e-4adb-af2f-2e94a9874230,200,,False,382.575,20.43,111,90.43,True,41,logs
130,burst,live,python-optimised,python,optimised,1024,measure,burst,off,True,,2,,python-optimised-2,,1789978150.043,2026-09-21T08:09:10.043+00:00,74e97209-15d7-42ca-a31f-105076112329,200,,False,527.659,21.42,22,,False,41,logs
132,burst,live,python-optimised,python,optimised,1024,measure,burst,off,True,,2,,python-optimised-2,,1789978150.044,2026-09-21T08:09:10.044+00:00,5c1a51f8-8063-40c5-a626-c263c4bc8c6d,200,,False,568.604,30.27,31,,False,41,logs
133,burst,live,python-optimised,python,optimised,1024,measure,burst,off,True,,2,,python-optimised-2,,1789978150.045,2026-09-21T08:09:10.044+00:00,82b05d21-81f2-4d34-885f-4cce7e7739c0,200,,False,544.45,33.49,34,,False,41,logs
137,burst,live,python-optimised,python,optimised,1024,measure,burst,off,True,,2,,python-optimised-2,,1789978150.045,2026-09-21T08:09:10.045+00:00,781dd68d-f366-4918-82f2-1ab09a573df7,200,,False,519.754,22.17,23,,False,41,logs
129,burst,live,python-optimised,python,optimised,1024,measure,burst,off,True,,2,,python-optimised-2,,1789978150.046,2026-09-21T08:09:10.045+00:00,767ed495-348e-4b80-8d87-08cd78682072,200,,False,523.131,16.43,17,,False,41,logs
135,burst,live,python-optimised,python,optimised,1024,measure,burst,off,True,,2,,python-optimised-2,,1789978150.048,2026-09-21T08:09:10.048+00:00,086bba96-08a9-4ed6-94a4-c61caf5f5ff1,200,,False,523.376,22.76,23,,False,41,logs
136,burst,live,python-optimised,python,optimised,1024,measure,burst,off,True,,2,,python-optimised-2,,1789978150.048,2026-09-21T08:09:10.047+00:00,041f3787-20cc-4510-9b53-fea1eac53147,200,,False,536.998,20.6,21,,False,41,logs
125,burst,live,python-optimised,python,optimised,1024,measure,burst,off,True,,2,,python-optimised-2,,1789978150.049,2026-09-21T08:09:10.049+00:00,43c2e092-65ee-4e6a-9ae9-24736de80c4f,200,,False,516.444,30.44,31,,False,41,logs
121,burst,live,python-optimised,python,optimised,1024,measure,burst,off,True,,2,,python-optimised-2,,1789978150.05,2026-09-21T08:09:10.049+00:00,272c86b4-bee4-4180-9f4b-bec4546df97e,200,,False,498.598,16.46,17,,False,41,logs
159,burst,live,nodejs-optimised,nodejs,optimised,1024,measure,burst,off,True,,2,,nodejs-optimised-2,,1789978152.695,2026-09-21T08:09:12.695+00:00,c622230c-438a-42e7-890d-629a5223a7d3,200,,False,640.718,184.69,327,141.43,True,78,logs
140,burst,live,nodejs-optimised,nodejs,optimised,1024,measure,burst,off,True,,2,,nodejs-optimised-2,,1789978152.696,2026-09-21T08:09:12.695+00:00,cb3ae5bc-7b8a-4d81-93da-9debe01ab97e,200,,False,684.922,196.03,348,151.74,True,80,logs
143,burst,live,nodejs-optimised,nodejs,optimised,1024,measure,burst,off,True,,2,,nodejs-optimised-2,,1789978152.697,2026-09-21T08:09:12.696+00:00,5483d47c-ca8e-43a3-8e5d-c9b315d17ec4,200,,False,705.257,199.9,342,141.76,True,81,logs
144,burst,live,nodejs-optimised,nodejs,optimised,1024,measure,burst,off,True,,2,,nodejs-optimised-2,,1789978152.698,2026-09-21T08:09:12.697+00:00,e9ac4930-1b77-4b49-b101-1962630ac771,200,,False,612.573,210.34,354,142.68,True,79,logs
142,burst,live,nodejs-optimised,nodejs,optimised,1024,measure,burst,off,True,,2,,nodejs-optimised-2,,1789978152.699,2026-09-21T08:09:12.698+00:00,7782ae67-7b22-46fe-b82e-a14b48fce301,200,,False,643.701,190.42,336,144.71,True,78,logs
148,burst,live,nodejs-optimised,nodejs,optimised,1024,measure,burst,off,True,,2,,nodejs-optimised-2,,1789978152.7,2026-09-21T08:09:12.699+00:00,ed91cf6f-f932-4eae-8e44-c700f6b6eff6,200,,False,637.788,184.27,334,149.38,True,78,logs
151,burst,live,nodejs-optimised,nodejs,optimised,1024,measure,burst,off,True,,2,,nodejs-optimised-2,,1789978152.7,2026-09-21T08:09:12.700+00:00,4da4c19e-e00a-4646-a9eb-4125e8ac0b84,200,,False,626.293,187.9,334,145.66,True,78,logs
156,burst,live,nodejs-optimised,nodejs,optimised,1024,measure,burst,off,True,,2,,nodejs-optimised-2,,1789978152.701,2026-09-21T08:09:12.701+00:00,83ebf9ff-771f-45ad-a8c1-22bdd6122942,200,,False,634.22,176.59,328,150.89,True,78,logs
141,burst,live,nodejs-optimised,nodejs,optimised,1024,measure,burst,off,True,,2,,nodejs-optimised-2,,1789978152.702,2026-09-21T08:09:12.702+00:00,e4b925f3-6d1d-4a96-bd22-bd6998dec816,200,,False,645.869,199.43,350,149.61,True,78,logs
146,burst,live,nodejs-optimised,nodejs,optimised,1024,measure,burst,off,True,,2,,nodejs-optimised-2,,1789978152.703,2026-09-21T08:09:12.703+00:00,c2eb037f-24ae-4f8d-a346-d0edc3a71d44,200,,False,1008.549,135.59,136,,False,78,logs
149,burst,live,nodejs-optimised,nodejs,optimised,1024,measure,burst,off,True,,2,,nodejs-optimised-2,,1789978152.704,2026-09-21T08:09:12.703+00:00,b3077bb3-2f18-4e8d-b740-7f80f88b2d8d,200,,False,641.754,196.65,347,149.74,True,78,logs
155,burst,live,nodejs-optimised,nodejs,optimised,1024,measure,burst,off,True,,2,,nodejs-optimised-2,,1789978152.704,2026-09-21T08:09:12.704+00:00,b74ed445-6471-46cd-b709-3ea0d8b2df26,200,,False,1130.012,126.44,127,,False,80,logs
152,burst,live,nodejs-optimised,nodejs,optimised,1024,measure,burst,off,True,,2,,nodejs-optimised-2,,1789978152.705,2026-09-21T08:09:12.704+00:00,539a8cae-4a28-41e8-81b1-a9b917fb284c,200,,False,1169.363,128.5,129,,False,78,logs
145,burst,live,nodejs-optimised,nodejs,optimised,1024,measure,burst,off,True,,2,,nodejs-optimised-2,,1789978152.706,2026-09-21T08:09:12.705+00:00,12d93cde-e9df-4ec1-8fd1-e3f3ad4a5d5d,200,,False,1667.179,130.74,131,,False,82,logs
147,burst,live,nodejs-optimised,nodejs,optimised,1024,measure,burst,off,True,,2,,nodejs-optimised-2,,1789978152.707,2026-09-21T08:09:12.707+00:00,61d05bfd-a008-4434-b97c-430e43cca27a,200,,False,1225.761,126.33,127,,False,81,logs
158,burst,live,nodejs-optimised,nodejs,optimised,1024,measure,burst,off,True,,2,,nodejs-optimised-2,,1789978152.708,2026-09-21T08:09:12.708+00:00,ef16dbbd-50ce-4a22-8a64-d1ae5787e26f,200,,False,805.02,127.69,128,,False,78,logs
150,burst,live,nodejs-optimised,nodejs,optimised,1024,measure,burst,off,True,,2,,nodejs-optimised-2,,1789978152.709,2026-09-21T08:09:12.709+00:00,d3b41459-c07f-47b6-9e6e-c8b65d3a54c3,200,,False,893.047,117.44,118,,False,81,logs
153,burst,live,nodejs-optimised,nodejs,optimised,1024,measure,burst,off,True,,2,,nodejs-optimised-2,,1789978152.71,2026-09-21T08:09:12.710+00:00,60dd7932-5b13-4d8e-bcae-d4e04cbd2a45,200,,False,1075.978,135.34,136,,False,81,logs
157,burst,live,nodejs-optimised,nodejs,optimised,1024,measure,burst,off,True,,2,,nodejs-optimised-2,,1789978152.71,2026-09-21T08:09:12.709+00:00,7f65627d-6f05-4ca3-8e31-1ca10d938f60,200,,False,1770.114,132.76,133,,False,80,logs
154,burst,live,nodejs-optimised,nodejs,optimised,1024,measure,burst,off,True,,2,,nodejs-optimised-2,,1789978152.711,2026-09-21T08:09:12.711+00:00,7ec5db81-3dd1-413f-9df8-13bb8f7e2ae1,200,,False,1682.479,152.37,153,,False,84,logs
160,burst,live,java-optimised,java,optimised,1024,measure,burst,off,True,,2,,java-optimised-2,,1789978156.64,2026-09-21T08:09:16.639+00:00,1df4ccd9-09b3-4718-9064-3b681857b723,200,,False,833.333,117.08,541,423.13,True,107,logs
179,burst,live,java-optimised,java,optimised,1024,measure,burst,off,True,,2,,java-optimised-2,,1789978156.64,2026-09-21T08:09:16.639+00:00,20489905-43d2-4231-8806-3b02394cc67a,200,,False,1119.397,41.62,42,,False,110,logs
164,burst,live,java-optimised,java,optimised,1024,measure,burst,off,True,,2,,java-optimised-2,,1789978156.641,2026-09-21T08:09:16.640+00:00,4fae0085-2053-4660-8b8b-8f86d001f3ae,200,,False,843.766,130.67,573,442.03,True,109,logs
166,burst,live,java-optimised,java,optimised,1024,measure,burst,off,True,,2,,java-optimised-2,,1789978156.641,2026-09-21T08:09:16.641+00:00,afd4c8c3-6f34-48b8-ba0d-421fda8ad495,200,,False,831.584,130.4,556,425.06,True,107,logs
163,burst,live,java-optimised,java,optimised,1024,measure,burst,off,True,,2,,java-optimised-2,,1789978156.642,2026-09-21T08:09:16.641+00:00,b8812f55-9bb3-488d-9764-14bef332c3a2,200,,False,854.622,117.75,559,440.43,True,108,logs
170,burst,live,java-optimised,java,optimised,1024,measure,burst,off,True,,2,,java-optimised-2,,1789978156.642,2026-09-21T08:09:16.642+00:00,e0a2c9fc-dd7f-4c85-92e6-1283a9692c99,200,,False,838.341,116.48,542,425.22,True,107,logs
162,burst,live,java-optimised,java,optimised,1024,measure,burst,off,True,,2,,java-optimised-2,,1789978156.643,2026-09-21T08:09:16.642+00:00,879a2328-2458-4d30-9870-35f7ef69f5d5,200,,False,844.887,132.38,551,417.68,True,109,logs
172,burst,live,java-optimised,java,optimised,1024,measure,burst,off,True,,2,,java-optimised-2,,1789978156.643,2026-09-21T08:09:16.643+00:00,849ca683-a6ca-4f06-a1e1-3a77744ca50e,200,,False,826.035,121.9,531,408.45,True,109,logs
175,burst,live,java-optimised,java,optimised,1024,measure,burst,off,True,,2,,java-optimised-2,,1789978156.643,2026-09-21T08:09:16.643+00:00,f05b5e75-2370-470a-b2ce-c95f903c08d3,200,,False,852.9,138.15,560,420.99,True,110,logs
168,burst,live,java-optimised,java,optimised,1024,measure,burst,off,True,,2,,java-optimised-2,,1789978156.644,2026-09-21T08:09:16.643+00:00,5012d012-c48a-443f-97fb-ffdda839b19f,200,,False,704.802,113.82,446,331.62,True,110,logs
178,burst,live,java-optimised,java,optimised,1024,measure,burst,off,True,,2,,java-optimised-2,,1789978156.644,2026-09-21T08:09:16.644+00:00,04433c09-0664-42ab-b755-3ec761a6a9ae,200,,False,833.946,127.06,545,417.7,True,109,logs
161,burst,live,java-optimised,java,optimised,1024,measure,burst,off,True,,2,,java-optimised-2,,1789978156.645,2026-09-21T08:09:16.644+00:00,64774b1f-0de8-4fad-9c40-55b4d00fc436,200,,False,1568.781,39.69,40,,False,110,logs
165,burst,live,java-optimised,java,optimised,1024,measure,burst,off,True,,2,,java-optimised-2,,1789978156.645,2026-09-21T08:09:16.645+00:00,b139e950-a7e9-4bac-94cb-6fc6ac15d090,200,,False,894.353,47.83,48,,False,107,logs
167,burst,live,java-optimised,java,optimised,1024,measure,burst,off,True,,2,,java-optimised-2,,1789978156.646,2026-09-21T08:09:16.645+00:00,a0a502e8-1198-48fd-8f68-3078f2db3439,200,,False,967.936,50.68,51,,False,107,logs
169,burst,live,java-optimised,java,optimised,1024,measure,burst,off,True,,2,,java-optimised-2,,1789978156.646,2026-09-21T08:09:16.646+00:00,cd3db530-06d8-45a7-8c48-97fe7a187cfd,200,,False,976.504,36.28,37,,False,110,logs
171,burst,live,java-optimised,java,optimised,1024,measure,burst,off,True,,2,,java-optimised-2,,1789978156.647,2026-09-21T08:09:16.647+00:00,3d20645b-8b7a-4a6f-b6d5-41712484a890,200,,False,1051.849,43.72,44,,False,110,logs
176,burst,live,java-optimised,java,optimised,1024,measure,burst,off,True,,2,,java-optimised-2,,1789978156.647,2026-09-21T08:09:16.647+00:00,70bebc35-4164-4f57-b443-a7b398092d3d,200,,False,1000.101,36.37,37,,False,107,logs
173,burst,live,java-optimised,java,optimised,1024,measure,burst,off,True,,2,,java-optimised-2,,1789978156.648,2026-09-21T08:09:16.648+00:00,e8c0415c-46e7-4ac4-947d-c23913a91ded,200,,False,929.475,36.81,37,,False,110,logs
174,burst,live,java-optimised,java,optimised,1024,measure,burst,off,True,,2,,java-optimised-2,,1789978156.649,2026-09-21T08:09:16.648+00:00,b42d964f-4fcb-4cea-b42b-60858e8c815b,200,,False,887.469,48.38,49,,False,107,logs
177,burst,live,java-optimised,java,optimised,1024,measure,burst,off,True,,2,,java-optimised-2,,1789978156.649,2026-09-21T08:09:16.649+00:00,c88c2861-a05a-40de-a934-88afe0073423,200,,False,1390.856,45.99,46,,False,110,logs
181,burst,live,python-optimised,python,optimised,1024,measure,burst,off,True,,3,,python-optimised-3,,1789978160.325,2026-09-21T08:09:20.325+00:00,c4978bb8-0ccd-4339-9cf1-e492ebf49db6,200,,False,408.032,27.91,120,91.47,True,43,logs
199,burst,live,python-optimised,python,optimised,1024,measure,burst,off,True,,3,,python-optimised-3,,1789978160.325,2026-09-21T08:09:20.324+00:00,8e3c66ec-a8ff-479c-8a08-a938bca9c13b,200,,False,561.846,26.35,27,,False,41,logs
182,burst,live,python-optimised,python,optimised,1024,measure,burst,off,True,,3,,python-optimised-3,,1789978160.327,2026-09-21T08:09:20.326+00:00,bbc096cb-4e61-485b-a629-62c87f99d35b,200,,False,394.013,22.27,111,88.71,True,41,logs
184,burst,live,python-optimised,python,optimised,1024,measure,burst,off,True,,3,,python-optimised-3,,1789978160.328,2026-09-21T08:09:20.327+00:00,59585333-08d8-426c-989f-2d4e7abb3f56,200,,False,430.088,34.17,125,90.47,True,41,logs
186,burst,live,python-optimised,python,optimised,1024,measure,burst,off,True,,3,,python-optimised-3,,1789978160.328,2026-09-21T08:09:20.328+00:00,ea212bd0-39f2-468e-8e8a-df7acc895121,200,,False,478.426,32.58,120,86.5,True,41,logs
189,burst,live,python-optimised,python,optimised,1024,measure,burst,off,True,,3,,python-optimised-3,,1789978160.329,2026-09-21T08:09:20.329+00:00,c0a43869-91c1-4893-af80-97f3e14f4153,200,,False,389.362,16.84,105,87.4,True,41,logs
193,burst,live,python-optimised,python,optimised,1024,measure,burst,off,True,,3,,python-optimised-3,,1789978160.33,2026-09-21T08:09:20.330+00:00,a06df09c-b33b-4d1a-ae50-3484104aac21,200,,False,425.058,28.88,122,92.34,True,41,logs
196,burst,live,python-optimised,python,optimised,1024,measure,burst,off,True,,3,,python-optimised-3,,1789978160.331,2026-09-21T08:09:20.330+00:00,fb8a9bf8-f4ec-4209-b40e-6330dce419ad,200,,False,415.325,23.32,111,87.11,True,41,logs
198,burst,live,python-optimised,python,optimised,1024,measure,burst,off,True,,3,,python-optimised-3,,1789978160.332,2026-09-21T08:09:20.331+00:00,7bc580cc-5f72-4c59-9e38-c63682f2befe,200,,False,425.675,18.14,108,88.87,True,41,logs
187,burst,live,python-optimised,python,optimised,1024,measure,burst,off,True,,3,,python-optimised-3,,1789978160.333,2026-09-21T08:09:20.332+00:00,21d11202-8d78-442d-8433-5c39fa3b9b25,200,,False,415.697,31.7,119,86.6,True,41,logs
192,burst,live,python-optimised,python,optimised,1024,measure,burst,off,True,,3,,python-optimised-3,,1789978160.334,2026-09-21T08:09:20.334+00:00,541b4174-26e3-46ca-ad50-7452802fb809,200,,False,497.983,16.69,17,,False,41,logs
194,burst,live,python-optimised,python,optimised,1024,measure,burst,off,True,,3,,python-optimised-3,,1789978160.334,2026-09-21T08:09:20.333+00:00,2d0bdbab-a317-440b-b11c-f5f6ac4be594,200,,False,397.751,23.9,115,90.12,True,41,logs
190,burst,live,python-optimised,python,optimised,1024,measure,burst,off,True,,3,,python-optimised-3,,1789978160.336,2026-09-21T08:09:20.335+00:00,c1233d70-c871-4c07-b30c-a844195cf181,200,,False,548.831,16.38,17,,False,41,logs
180,burst,live,python-optimised,python,optimised,1024,measure,burst,off,True,,3,,python-optimised-3,,1789978160.337,2026-09-21T08:09:20.336+00:00,a73600d2-c449-4c90-a98c-8747dedd5b34,200,,False,555.589,27.16,28,,False,41,logs
195,burst,live,python-optimised,python,optimised,1024,measure,burst,off,True,,3,,python-optimised-3,,1789978160.338,2026-09-21T08:09:20.337+00:00,c8c80864-7924-46ad-9837-1c828bad57aa,200,,False,522.704,29.73,30,,False,41,logs
197,burst,live,python-optimised,python,optimised,1024,measure,burst,off,True,,3,,python-optimised-3,,1789978160.339,2026-09-21T08:09:20.339+00:00,5378ee3c-d279-4ad5-86bb-35f9aa66fe95,200,,False,528.969,16.62,17,,False,41,logs
183,burst,live,python-optimised,python,optimised,1024,measure,burst,off,True,,3,,python-optimised-3,,1789978160.34,2026-09-21T08:09:20.339+00:00,b87047be-d408-42e7-82ba-3d6e050d1ee2,200,,False,515.511,18.09,19,,False,41,logs
185,burst,live,python-optimised,python,optimised,1024,measure,burst,off,True,,3,,python-optimised-3,,1789978160.341,2026-09-21T08:09:20.340+00:00,b67a1069-b1e9-4fc1-8cae-5096b79e3f7e,200,,False,517.512,26.05,27,,False,41,logs
191,burst,live,python-optimised,python,optimised,1024,measure,burst,off,True,,3,,python-optimised-3,,1789978160.341,2026-09-21T08:09:20.341+00:00,08807aea-cde1-49e0-b995-41059f466416,200,,False,554.605,31.74,32,,False,43,logs
188,burst,live,python-optimised,python,optimised,1024,measure,burst,off,True,,3,,python-optimised-3,,1789978160.342,2026-09-21T08:09:20.342+00:00,34b148f6-53c6-444b-9b9f-a390602d5a2a,200,,False,529.246,20.56,21,,False,41,logs
219,burst,live,nodejs-optimised,nodejs,optimised,1024,measure,burst,off,True,,3,,nodejs-optimised-3,,1789978162.996,2026-09-21T08:09:22.996+00:00,3857434f-d513-49b3-9f55-8e6156dbb587,200,,False,942.728,127.39,128,,False,79,logs
200,burst,live,nodejs-optimised,nodejs,optimised,1024,measure,burst,off,True,,3,,nodejs-optimised-3,,1789978162.997,2026-09-21T08:09:22.996+00:00,752a52e4-af12-4847-bb0b-4b666d51ffbd,200,,False,593.004,178.42,315,136.21,True,78,logs
202,burst,live,nodejs-optimised,nodejs,optimised,1024,measure,burst,off,True,,3,,nodejs-optimised-3,,1789978162.998,2026-09-21T08:09:22.998+00:00,56b3a8ef-28b4-4eeb-b7d2-155e70d265af,200,,False,616.727,188.58,338,148.79,True,78,logs
204,burst,live,nodejs-optimised,nodejs,optimised,1024,measure,burst,off,True,,3,,nodejs-optimised-3,,1789978162.999,2026-09-21T08:09:22.999+00:00,3b429daf-6ef7-4943-b977-510d55344756,200,,False,646.799,204.13,352,147.63,True,78,logs
206,burst,live,nodejs-optimised,nodejs,optimised,1024,measure,burst,off,True,,3,,nodejs-optimised-3,,1789978163.0,2026-09-21T08:09:22.999+00:00,4fa179db-d01e-4ef5-b70b-9f56e9f8f889,200,,False,649.506,199.99,348,147.76,True,79,logs
208,burst,live,nodejs-optimised,nodejs,optimised,1024,measure,burst,off,True,,3,,nodejs-optimised-3,,1789978163.001,2026-09-21T08:09:23.000+00:00,34341e38-9762-4b25-b462-592f857c8051,200,,False,650.823,196.6,342,144.79,True,78,logs
201,burst,live,nodejs-optimised,nodejs,optimised,1024,measure,burst,off,True,,3,,nodejs-optimised-3,,1789978163.002,2026-09-21T08:09:23.002+00:00,241ff780-0b39-414c-a72d-63de93ff12a6,200,,False,626.153,189.29,341,151.4,True,81,logs
210,burst,live,nodejs-optimised,nodejs,optimised,1024,measure,burst,off,True,,3,,nodejs-optimised-3,,1789978163.002,2026-09-21T08:09:23.001+00:00,abb3c5ac-ec96-424d-9126-af49760275c3,200,,False,639.744,195.85,346,149.77,True,78,logs
203,burst,live,nodejs-optimised,nodejs,optimised,1024,measure,burst,off,True,,3,,nodejs-optimised-3,,1789978163.003,2026-09-21T08:09:23.003+00:00,ba15dd71-f8ea-4be6-922d-165514bb85ca,200,,False,538.638,156.53,277,120.08,True,78,logs
205,burst,live,nodejs-optimised,nodejs,optimised,1024,measure,burst,off,True,,3,,nodejs-optimised-3,,1789978163.004,2026-09-21T08:09:23.003+00:00,51ea9c45-9cec-4de1-a42a-dfff875d3d6f,200,,False,633.884,205.35,353,147.14,True,78,logs
207,burst,live,nodejs-optimised,nodejs,optimised,1024,measure,burst,off,True,,3,,nodejs-optimised-3,,1789978163.004,2026-09-21T08:09:23.004+00:00,f8d9371f-5f1b-427f-a93a-866f3ed6eec7,200,,False,634.325,208.47,352,142.87,True,79,logs
209,burst,live,nodejs-optimised,nodejs,optimised,1024,measure,burst,off,True,,3,,nodejs-optimised-3,,1789978163.005,2026-09-21T08:09:23.005+00:00,5cac533c-1c7c-4098-bf29-61c9a4534d3a,200,,False,1728.111,148.1,149,,False,85,logs
212,burst,live,nodejs-optimised,nodejs,optimised,1024,measure,burst,off,True,,3,,nodejs-optimised-3,,1789978163.006,2026-09-21T08:09:23.005+00:00,8c63c39d-7cb3-43ae-b4d4-a0ce9739d73b,200,,False,999.72,143.96,144,,False,78,logs
213,burst,live,nodejs-optimised,nodejs,optimised,1024,measure,burst,off,True,,3,,nodejs-optimised-3,,1789978163.007,2026-09-21T08:09:23.006+00:00,9631adce-017b-4415-9091-a3a1388fa74f,200,,False,1149.912,117.76,118,,False,78,logs
215,burst,live,nodejs-optimised,nodejs,optimised,1024,measure,burst,off,True,,3,,nodejs-optimised-3,,1789978163.007,2026-09-21T08:09:23.007+00:00,d5e6a981-2871-42e3-8354-f7db5b7d1bc9,200,,False,1048.812,123.34,124,,False,81,logs
214,burst,live,nodejs-optimised,nodejs,optimised,1024,measure,burst,off,True,,3,,nodejs-optimised-3,,1789978163.009,2026-09-21T08:09:23.008+00:00,05795525-3ecc-486b-84fa-336c1429bf24,200,,False,1514.205,124.19,125,,False,81,logs
217,burst,live,nodejs-optimised,nodejs,optimised,1024,measure,burst,off,True,,3,,nodejs-optimised-3,,1789978163.009,2026-09-21T08:09:23.009+00:00,b50baab7-a719-4b77-89f9-094f5e47854f,200,,False,922.545,112.67,113,,False,78,logs
211,burst,live,nodejs-optimised,nodejs,optimised,1024,measure,burst,off,True,,3,,nodejs-optimised-3,,1789978163.011,2026-09-21T08:09:23.010+00:00,26c709fa-eb8b-4091-9e93-3b514e0dbed7,200,,False,957.07,129.13,130,,False,79,logs
216,burst,live,nodejs-optimised,nodejs,optimised,1024,measure,burst,off,True,,3,,nodejs-optimised-3,,1789978163.011,2026-09-21T08:09:23.011+00:00,4b7ed7cc-5700-4104-a926-6b1e6c5d4734,200,,False,1211.657,132.6,133,,False,81,logs
218,burst,live,nodejs-optimised,nodejs,optimised,1024,measure,burst,off,True,,3,,nodejs-optimised-3,,1789978163.013,2026-09-21T08:09:23.012+00:00,297e65e8-2e5b-497e-ad47-24a398660cb5,200,,False,1041.402,140.13,141,,False,78,logs
239,burst,live,java-optimised,java,optimised,1024,measure,burst,off,True,,3,,java-optimised-3,,1789978166.908,2026-09-21T08:09:26.908+00:00,5ab9bdbf-3c5f-4b6c-a19a-51fca766785e,200,,False,1375.561,38.79,39,,False,111,logs
221,burst,live,java-optimised,java,optimised,1024,measure,burst,off,True,,3,,java-optimised-3,,1789978166.909,2026-09-21T08:09:26.908+00:00,504337f9-0e25-4ffe-a8ed-ae888230a5c9,200,,False,838.159,122.23,542,419.14,True,107,logs
222,burst,live,java-optimised,java,optimised,1024,measure,burst,off,True,,3,,java-optimised-3,,1789978166.91,2026-09-21T08:09:26.909+00:00,97bb9efc-427b-4cf5-adb9-886dc2efbb73,200,,False,871.649,120.94,543,421.6,True,109,logs
224,burst,live,java-optimised,java,optimised,1024,measure,burst,off,True,,3,,java-optimised-3,,1789978166.911,2026-09-21T08:09:26.910+00:00,81fdfc7f-9812-4f80-943f-5237ba3f9cd6,200,,False,1666.69,39.44,40,,False,111,logs
226,burst,live,java-optimised,java,optimised,1024,measure,burst,off,True,,3,,java-optimised-3,,1789978166.911,2026-09-21T08:09:26.911+00:00,8a26babe-f5fd-428b-8f52-b8b63bca4dbe,200,,False,826.89,117.63,531,412.79,True,107,logs
223,burst,live,java-optimised,java,optimised,1024,measure,burst,off,True,,3,,java-optimised-3,,1789978166.912,2026-09-21T08:09:26.912+00:00,bec93a31-68d7-405e-a9aa-79b52f025233,200,,False,848.275,114.2,548,433.09,True,107,logs
230,burst,live,java-optimised,java,optimised,1024,measure,burst,off,True,,3,,java-optimised-3,,1789978166.913,2026-09-21T08:09:26.913+00:00,7205b125-b728-49e2-9457-d71b0a550244,200,,False,862.976,136.67,557,420.33,True,107,logs
228,burst,live,java-optimised,java,optimised,1024,measure,burst,off,True,,3,,java-optimised-3,,1789978166.914,2026-09-21T08:09:26.913+00:00,8bc9bbf6-ddec-415d-9376-60bdfe879a75,200,,False,867.287,141.05,591,449.54,True,108,logs
220,burst,live,java-optimised,java,optimised,1024,measure,burst,off,True,,3,,java-optimised-3,,1789978166.915,2026-09-21T08:09:26.915+00:00,d4b77458-15b4-4091-8658-49d3df624985,200,,False,1484.337,42.4,43,,False,109,logs
232,burst,live,java-optimised,java,optimised,1024,measure,burst,off,True,,3,,java-optimised-3,,1789978166.915,2026-09-21T08:09:26.914+00:00,daf1cf31-bb92-4f07-a60c-2016790a4d7f,200,,False,809.637,116.77,535,417.83,True,109,logs
227,burst,live,java-optimised,java,optimised,1024,measure,burst,off,True,,3,,java-optimised-3,,1789978166.916,2026-09-21T08:09:26.916+00:00,84b56d0a-c4e5-43d7-8c51-5f6d705f9ae6,200,,False,838.721,129.0,546,416.32,True,107,logs
236,burst,live,java-optimised,java,optimised,1024,measure,burst,off,True,,3,,java-optimised-3,,1789978166.916,2026-09-21T08:09:26.915+00:00,9acf36fe-7662-442f-b7f4-cb22ae35f996,200,,False,876.351,136.96,584,446.06,True,111,logs
229,burst,live,java-optimised,java,optimised,1024,measure,burst,off,True,,3,,java-optimised-3,,1789978166.917,2026-09-21T08:09:26.917+00:00,1fbf5e35-9437-4a8f-a2c6-106d2ce669e7,200,,False,831.817,129.35,547,417.06,True,111,logs
231,burst,live,java-optimised,java,optimised,1024,measure,burst,off,True,,3,,java-optimised-3,,1789978166.918,2026-09-21T08:09:26.917+00:00,f82e4c71-4f81-4473-9a27-c7fba3db8aff,200,,False,860.504,46.78,47,,False,109,logs
233,burst,live,java-optimised,java,optimised,1024,measure,burst,off,True,,3,,java-optimised-3,,1789978166.919,2026-09-21T08:09:26.919+00:00,43390710-8c2e-4f00-adfb-c0ffec90d7a0,200,,False,1256.909,46.63,47,,False,111,logs
235,burst,live,java-optimised,java,optimised,1024,measure,burst,off,True,,3,,java-optimised-3,,1789978166.919,2026-09-21T08:09:26.918+00:00,653969f1-8ed8-4e7e-81a0-03d9c8a55292,200,,False,1080.858,49.13,50,,False,111,logs
238,burst,live,java-optimised,java,optimised,1024,measure,burst,off,True,,3,,java-optimised-3,,1789978166.921,2026-09-21T08:09:26.921+00:00,a98bc298-f7da-453f-bcda-1b0b5801ba51,200,,False,1316.075,43.41,44,,False,111,logs
225,burst,live,java-optimised,java,optimised,1024,measure,burst,off,True,,3,,java-optimised-3,,1789978166.922,2026-09-21T08:09:26.922+00:00,724786a0-b4e6-4042-81b6-ed05525da193,200,,False,1450.955,49.98,50,,False,111,logs
234,burst,live,java-optimised,java,optimised,1024,measure,burst,off,True,,3,,java-optimised-3,,1789978166.924,2026-09-21T08:09:26.924+00:00,6bc3f2cf-a2cc-452b-8cdc-fc47dc2980b3,200,,False,1644.619,36.07,37,,False,109,logs
237,burst,live,java-optimised,java,optimised,1024,measure,burst,off,True,,3,,java-optimised-3,,1789978166.924,2026-09-21T08:09:26.923+00:00,54048897-aa1c-442e-8e6f-d1b16af59d59,200,,False,1278.73,51.8,52,,False,109,logs
259,burst,live,nodejs-optimised,nodejs,optimised,1024,measure,burst,off,True,,4,,nodejs-optimised-4,,1789978170.677,2026-09-21T08:09:30.677+00:00,4c92c719-52c9-4ce6-be00-cf43b1965393,200,,False,1586.098,139.73,140,,False,78,logs
240,burst,live,nodejs-optimised,nodejs,optimised,1024,measure,burst,off,True,,4,,nodejs-optimised-4,,1789978170.678,2026-09-21T08:09:30.677+00:00,911c8876-864e-43c5-b7d5-a552da4be227,200,,False,641.028,191.53,334,142.08,True,78,logs
241,burst,live,nodejs-optimised,nodejs,optimised,1024,measure,burst,off,True,,4,,nodejs-optimised-4,,1789978170.679,2026-09-21T08:09:30.678+00:00,d159df95-6b68-4d0e-a6ad-be8b2d4f79a6,200,,False,654.953,193.76,347,152.79,True,78,logs
243,burst,live,nodejs-optimised,nodejs,optimised,1024,measure,burst,off,True,,4,,nodejs-optimised-4,,1789978170.68,2026-09-21T08:09:30.679+00:00,270bc058-c9a8-4f7d-8a49-1772d4f10e12,200,,False,627.724,180.66,330,148.4,True,78,logs
247,burst,live,nodejs-optimised,nodejs,optimised,1024,measure,burst,off,True,,4,,nodejs-optimised-4,,1789978170.68,2026-09-21T08:09:30.680+00:00,680e5bc8-ce06-4d65-be2a-d7872c6a569f,200,,False,630.037,180.99,325,143.09,True,79,logs
245,burst,live,nodejs-optimised,nodejs,optimised,1024,measure,burst,off,True,,4,,nodejs-optimised-4,,1789978170.681,2026-09-21T08:09:30.681+00:00,ee8cc49b-55bf-4138-a2d4-3a9054b8d3df,200,,False,633.319,191.61,332,140.0,True,78,logs
250,burst,live,nodejs-optimised,nodejs,optimised,1024,measure,burst,off,True,,4,,nodejs-optimised-4,,1789978170.682,2026-09-21T08:09:30.682+00:00,97eca046-e0d4-44c5-bcd6-1913e864d405,200,,False,627.796,179.9,326,146.01,True,78,logs
248,burst,live,nodejs-optimised,nodejs,optimised,1024,measure,burst,off,True,,4,,nodejs-optimised-4,,1789978170.683,2026-09-21T08:09:30.682+00:00,48b6f66c-6bd0-47b4-8f8c-9140f74d3817,200,,False,1715.146,125.8,126,,False,78,logs
254,burst,live,nodejs-optimised,nodejs,optimised,1024,measure,burst,off,True,,4,,nodejs-optimised-4,,1789978170.683,2026-09-21T08:09:30.683+00:00,475cadf0-ac8d-4e9b-9f15-02786165b7d1,200,,False,615.039,204.15,351,146.67,True,78,logs
249,burst,live,nodejs-optimised,nodejs,optimised,1024,measure,burst,off,True,,4,,nodejs-optimised-4,,1789978170.684,2026-09-21T08:09:30.684+00:00,46089e10-4e45-4df0-b851-3916c9a78e72,200,,False,592.841,187.04,330,142.78,True,78,logs
251,burst,live,nodejs-optimised,nodejs,optimised,1024,measure,burst,off,True,,4,,nodejs-optimised-4,,1789978170.685,2026-09-21T08:09:30.685+00:00,791df700-90c5-429c-b1a3-320de4927f0a,200,,False,624.5,181.94,329,146.41,True,79,logs
252,burst,live,nodejs-optimised,nodejs,optimised,1024,measure,burst,off,True,,4,,nodejs-optimised-4,,1789978170.686,2026-09-21T08:09:30.685+00:00,135ac9b7-adf6-4291-8c7a-55b0851c5baf,200,,False,750.89,207.47,352,143.57,True,78,logs
258,burst,live,nodejs-optimised,nodejs,optimised,1024,measure,burst,off,True,,4,,nodejs-optimised-4,,1789978170.686,2026-09-21T08:09:30.686+00:00,fb1fc66f-a7e0-4e40-a94e-91680328fa53,200,,False,1305.806,144.3,145,,False,78,logs
257,burst,live,nodejs-optimised,nodejs,optimised,1024,measure,burst,off,True,,4,,nodejs-optimised-4,,1789978170.687,2026-09-21T08:09:30.686+00:00,135f4557-93a9-4ef2-83ff-6feb93d9dfcd,200,,False,1567.682,126.91,127,,False,78,logs
244,burst,live,nodejs-optimised,nodejs,optimised,1024,measure,burst,off,True,,4,,nodejs-optimised-4,,1789978170.688,2026-09-21T08:09:30.688+00:00,4fabfec9-55ed-449f-9099-81904ac20f74,200,,False,1164.138,138.71,139,,False,78,logs
256,burst,live,nodejs-optimised,nodejs,optimised,1024,measure,burst,off,True,,4,,nodejs-optimised-4,,1789978170.688,2026-09-21T08:09:30.687+00:00,81c88e9a-5519-4322-a3e9-e6855d0cede7,200,,False,1049.242,126.56,127,,False,78,logs
253,burst,live,nodejs-optimised,nodejs,optimised,1024,measure,burst,off,True,,4,,nodejs-optimised-4,,1789978170.69,2026-09-21T08:09:30.689+00:00,5897f0ea-fe63-4281-add8-42e14ac95d53,200,,False,1226.681,122.47,123,,False,78,logs
242,burst,live,nodejs-optimised,nodejs,optimised,1024,measure,burst,off,True,,4,,nodejs-optimised-4,,1789978170.691,2026-09-21T08:09:30.690+00:00,b151e9b7-3d09-4ef2-8529-f33dc9761171,200,,False,1494.24,143.25,144,,False,82,logs
255,burst,live,nodejs-optimised,nodejs,optimised,1024,measure,burst,off,True,,4,,nodejs-optimised-4,,1789978170.691,2026-09-21T08:09:30.691+00:00,64df7941-8e4f-4049-9fb5-9b514893e4e6,200,,False,806.627,116.53,117,,False,78,logs
246,burst,live,nodejs-optimised,nodejs,optimised,1024,measure,burst,off,True,,4,,nodejs-optimised-4,,1789978170.692,2026-09-21T08:09:30.691+00:00,317f29e6-5aec-4753-aad1-264daff54062,200,,False,1449.608,128.34,129,,False,78,logs
260,burst,live,python-optimised,python,optimised,1024,measure,burst,off,True,,4,,python-optimised-4,,1789978174.514,2026-09-21T08:09:34.514+00:00,dde7d2bb-3503-427b-9dba-33a08d1e599f,200,,False,407.885,31.15,119,87.39,True,41,logs
279,burst,live,python-optimised,python,optimised,1024,measure,burst,off,True,,4,,python-optimised-4,,1789978174.514,2026-09-21T08:09:34.513+00:00,14657a6f-c382-47e5-bae7-c25d7b26fd9c,200,,False,395.308,21.2,109,87.73,True,41,logs
262,burst,live,python-optimised,python,optimised,1024,measure,burst,off,True,,4,,python-optimised-4,,1789978174.516,2026-09-21T08:09:34.515+00:00,93de5ccc-ae71-4565-b479-a5f8b5bb2dbd,200,,False,417.248,28.61,117,87.94,True,41,logs
264,burst,live,python-optimised,python,optimised,1024,measure,burst,off,True,,4,,python-optimised-4,,1789978174.517,2026-09-21T08:09:34.516+00:00,afd2020d-3670-4039-989c-878906020d3d,200,,False,427.525,17.02,105,87.24,True,41,logs
267,burst,live,python-optimised,python,optimised,1024,measure,burst,off,True,,4,,python-optimised-4,,1789978174.518,2026-09-21T08:09:34.517+00:00,70d6f173-efec-438b-94c0-fce0d28f4b1e,200,,False,424.2,17.69,106,87.58,True,41,logs
268,burst,live,python-optimised,python,optimised,1024,measure,burst,off,True,,4,,python-optimised-4,,1789978174.519,2026-09-21T08:09:34.518+00:00,1d4422f1-9360-4e0b-9958-8ad143a56e8e,200,,False,406.336,19.1,107,86.95,True,43,logs
270,burst,live,python-optimised,python,optimised,1024,measure,burst,off,True,,4,,python-optimised-4,,1789978174.519,2026-09-21T08:09:34.519+00:00,d899acc7-d169-49fd-975f-63a0ea61acbf,200,,False,408.686,31.8,117,84.26,True,43,logs
275,burst,live,python-optimised,python,optimised,1024,measure,burst,off,True,,4,,python-optimised-4,,1789978174.52,2026-09-21T08:09:34.520+00:00,0b37d5bc-f9f4-4da6-8d9b-ec2cabc88b95,200,,False,397.069,17.39,103,85.47,True,41,logs
261,burst,live,python-optimised,python,optimised,1024,measure,burst,off,True,,4,,python-optimised-4,,1789978174.522,2026-09-21T08:09:34.521+00:00,088ae16e-4732-43c2-913f-1aaced7d7970,200,,False,403.043,27.63,115,87.08,True,41,logs
269,burst,live,python-optimised,python,optimised,1024,measure,burst,off,True,,4,,python-optimised-4,,1789978174.522,2026-09-21T08:09:34.522+00:00,d394819b-7c9d-4cd2-a372-dd5f085a8ec8,200,,False,387.657,26.79,120,93.08,True,41,logs
274,burst,live,python-optimised,python,optimised,1024,measure,burst,off,True,,4,,python-optimised-4,,1789978174.523,2026-09-21T08:09:34.523+00:00,4ae7aed4-b15a-43a1-a5c1-e6ba4f5250d0,200,,False,546.51,27.01,28,,False,43,logs
278,burst,live,python-optimised,python,optimised,1024,measure,burst,off,True,,4,,python-optimised-4,,1789978174.524,2026-09-21T08:09:34.523+00:00,1e6c1907-1812-4a38-9353-58c37bd097ec,200,,False,519.042,16.95,17,,False,41,logs
266,burst,live,python-optimised,python,optimised,1024,measure,burst,off,True,,4,,python-optimised-4,,1789978174.525,2026-09-21T08:09:34.524+00:00,71ea152a-4bbf-4a11-acc7-8eb6074b8de1,200,,False,533.041,26.62,27,,False,43,logs
273,burst,live,python-optimised,python,optimised,1024,measure,burst,off,True,,4,,python-optimised-4,,1789978174.526,2026-09-21T08:09:34.526+00:00,52a9e590-5b4e-43f2-96c8-0b311793e6e6,200,,False,524.275,16.28,17,,False,41,logs
276,burst,live,python-optimised,python,optimised,1024,measure,burst,off,True,,4,,python-optimised-4,,1789978174.527,2026-09-21T08:09:34.526+00:00,b7b0799f-2f6a-44c1-9dbf-543f063895e8,200,,False,566.399,32.49,33,,False,41,logs
277,burst,live,python-optimised,python,optimised,1024,measure,burst,off,True,,4,,python-optimised-4,,1789978174.527,2026-09-21T08:09:34.527+00:00,0666c516-2545-494f-899e-43d624097ee0,200,,False,525.927,22.13,23,,False,41,logs
265,burst,live,python-optimised,python,optimised,1024,measure,burst,off,True,,4,,python-optimised-4,,1789978174.528,2026-09-21T08:09:34.528+00:00,f906cd28-3b00-4851-841d-124e97cec821,200,,False,525.618,31.09,32,,False,41,logs
263,burst,live,python-optimised,python,optimised,1024,measure,burst,off,True,,4,,python-optimised-4,,1789978174.529,2026-09-21T08:09:34.528+00:00,c499a2bc-41d9-465a-af4c-a58c0792804a,200,,False,516.367,18.04,19,,False,41,logs
271,burst,live,python-optimised,python,optimised,1024,measure,burst,off,True,,4,,python-optimised-4,,1789978174.53,2026-09-21T08:09:34.529+00:00,a2050760-8002-4e23-a775-0cf392eb4a75,200,,False,536.771,27.8,28,,False,41,logs
272,burst,live,python-optimised,python,optimised,1024,measure,burst,off,True,,4,,python-optimised-4,,1789978174.53,2026-09-21T08:09:34.530+00:00,ad4a7019-72a5-436f-aa6b-c1d642307e28,200,,False,505.698,21.29,22,,False,41,logs
280,burst,live,java-optimised,java,optimised,1024,measure,burst,off,True,,4,,java-optimised-4,,1789978177.263,2026-09-21T08:09:37.263+00:00,6ff2e134-2882-4942-aae4-9b87f231b526,200,,False,842.727,122.94,537,413.89,True,107,logs
299,burst,live,java-optimised,java,optimised,1024,measure,burst,off,True,,4,,java-optimised-4,,1789978177.263,2026-09-21T08:09:37.262+00:00,07cf551a-889b-43e8-9955-77637b1e8b47,200,,False,1645.143,41.42,42,,False,107,logs
283,burst,live,java-optimised,java,optimised,1024,measure,burst,off,True,,4,,java-optimised-4,,1789978177.265,2026-09-21T08:09:37.264+00:00,3dae7194-8e0e-4173-8c31-0482625303a4,200,,False,824.597,132.83,555,421.31,True,108,logs
285,burst,live,java-optimised,java,optimised,1024,measure,burst,off,True,,4,,java-optimised-4,,1789978177.266,2026-09-21T08:09:37.265+00:00,1e02b979-0a18-4640-ae62-489d50a0790f,200,,False,858.185,115.91,539,422.82,True,109,logs
281,burst,live,java-optimised,java,optimised,1024,measure,burst,off,True,,4,,java-optimised-4,,1789978177.267,2026-09-21T08:09:37.266+00:00,04dd9e34-973a-47b2-b5b7-261b55a06682,200,,False,842.603,132.23,543,410.02,True,113,logs
289,burst,live,java-optimised,java,optimised,1024,measure,burst,off,True,,4,,java-optimised-4,,1789978177.267,2026-09-21T08:09:37.267+00:00,fa40f5d0-a1a2-4d51-8c93-9aef0b3467f4,200,,False,847.951,130.04,558,427.46,True,95,logs
291,burst,live,java-optimised,java,optimised,1024,measure,burst,off,True,,4,,java-optimised-4,,1789978177.268,2026-09-21T08:09:37.268+00:00,ee309ade-0438-4ff7-89ce-4030bf67eaf6,200,,False,862.816,131.39,570,437.88,True,107,logs
294,burst,live,java-optimised,java,optimised,1024,measure,burst,off,True,,4,,java-optimised-4,,1789978177.269,2026-09-21T08:09:37.269+00:00,cd7e1106-09c1-4bc5-b20f-43708206554a,200,,False,813.13,121.09,542,420.75,True,107,logs
282,burst,live,java-optimised,java,optimised,1024,measure,burst,off,True,,4,,java-optimised-4,,1789978177.27,2026-09-21T08:09:37.269+00:00,a41546fe-e059-4708-a3e1-9ce87aa1b87b,200,,False,724.023,117.84,452,334.08,True,109,logs
290,burst,live,java-optimised,java,optimised,1024,measure,burst,off,True,,4,,java-optimised-4,,1789978177.271,2026-09-21T08:09:37.270+00:00,a47301e2-cf1f-458f-a26d-90c09751c919,200,,False,708.407,115.53,454,337.94,True,109,logs
295,burst,live,java-optimised,java,optimised,1024,measure,burst,off,True,,4,,java-optimised-4,,1789978177.271,2026-09-21T08:09:37.271+00:00,014f291d-fce2-404e-86c8-cb6e63e9eaef,200,,False,807.021,115.92,540,423.26,True,107,logs
284,burst,live,java-optimised,java,optimised,1024,measure,burst,off,True,,4,,java-optimised-4,,1789978177.273,2026-09-21T08:09:37.273+00:00,773ed198-d7c1-442e-8078-95ffcd3a6f0e,200,,False,1245.794,32.44,33,,False,107,logs
293,burst,live,java-optimised,java,optimised,1024,measure,burst,off,True,,4,,java-optimised-4,,1789978177.273,2026-09-21T08:09:37.272+00:00,c2659d3e-bae3-4187-b92a-9a77f9175301,200,,False,1384.8,39.97,40,,False,109,logs
288,burst,live,java-optimised,java,optimised,1024,measure,burst,off,True,,4,,java-optimised-4,,1789978177.274,2026-09-21T08:09:37.274+00:00,495e4e0f-8112-498c-946a-9b751dace899,200,,False,2703.867,35.84,36,,False,107,logs
296,burst,live,java-optimised,java,optimised,1024,measure,burst,off,True,,4,,java-optimised-4,,1789978177.275,2026-09-21T08:09:37.275+00:00,6efffd47-0a41-40bf-ba2c-84a053fa7a3b,200,,False,1352.228,36.91,37,,False,107,logs
292,burst,live,java-optimised,java,optimised,1024,measure,burst,off,True,,4,,java-optimised-4,,1789978177.276,2026-09-21T08:09:37.276+00:00,d99f5f31-b553-4171-a551-47c1b0b5401e,200,,False,1624.599,29.3,30,,False,109,logs
287,burst,live,java-optimised,java,optimised,1024,measure,burst,off,True,,4,,java-optimised-4,,1789978177.277,2026-09-21T08:09:37.277+00:00,fa23ed06-6966-41ea-a613-87c7a5b88ceb,200,,False,972.078,42.63,43,,False,107,logs
297,burst,live,java-optimised,java,optimised,1024,measure,burst,off,True,,4,,java-optimised-4,,1789978177.277,2026-09-21T08:09:37.277+00:00,c91d6aa1-d176-4d56-990f-133a9e236eab,200,,False,1037.051,39.13,40,,False,107,logs
298,burst,live,java-optimised,java,optimised,1024,measure,burst,off,True,,4,,java-optimised-4,,1789978177.278,2026-09-21T08:09:37.277+00:00,12041c8f-8f74-4b21-9ab6-d8a9df177d2a,200,,False,1436.086,36.65,37,,False,109,logs
286,burst,live,java-optimised,java,optimised,1024,measure,burst,off,True,,4,,java-optimised-4,,1789978177.279,2026-09-21T08:09:37.278+00:00,04e14d3e-5d40-4859-87f7-317fbe9932c0,200,,False,763.203,18.5,19,,False,109,logs
