seq,phase,data_mode,function,runtime,variant,memory_mb,role,pattern,warming,intended_cold,force_cold,rep,block,burst_id,idle_gap_min,t_start,t_start_utc,request_id,status,function_error,error,rtt_ms,duration_ms,billed_ms,init_ms,cold,max_memory_used_mb,report_source
0,package_size,live,python-default,python,default,1024,measure,idle,off,True,update_env,0,,,,1790074445.74,2026-09-22T10:54:05.740+00:00,fe5609df-1002-467b-b18c-c660edb6bc8d,200,,False,4044.918,27.92,3555,3526.78,True,132,logs
1,package_size,live,python-default,python,default,1024,follow_up,idle,off,False,update_env,0,,,,1790074449.786,2026-09-22T10:54:09.786+00:00,50426d7e-9c9e-4c54-9fb4-67242675f336,200,,False,219.735,26.64,27,,False,133,logs
2,package_size,live,nodejs-default,nodejs,default,1024,measure,idle,off,True,update_env,0,,,,1790074452.406,2026-09-22T10:54:12.406+00:00,1976566a-51a4-4a3b-8ef8-7b7cb901556c,200,,False,1915.682,236.61,1396,1158.64,True,127,logs
3,package_size,live,nodejs-default,nodejs,default,1024,follow_up,idle,off,False,update_env,0,,,,1790074454.323,2026-09-22T10:54:14.323+00:00,e3b02cf6-17d3-44d7-af80-33d493be4dbc,200,,False,335.99,147.55,148,,False,133,logs
4,package_size,live,java-default,java,default,1024,measure,idle,off,True,update_env,0,,,,1790074457.072,2026-09-22T10:54:17.072+00:00,179b6458-79fc-47dd-bab7-ab0797629658,200,,False,1293.123,129.92,914,783.18,True,123,logs
5,package_size,live,java-default,java,default,1024,follow_up,idle,off,False,update_env,0,,,,1790074458.367,2026-09-22T10:54:18.366+00:00,5dc3d730-3375-46a3-ac37-57baf977fa6c,200,,False,254.042,36.72,37,,False,123,logs
6,package_size,live,nodejs-optimised,nodejs,optimised,1024,measure,idle,off,True,update_env,0,,,,1790074460.986,2026-09-22T10:54:20.985+00:00,9349a036-5b9f-423f-9706-13a9e66204a3,200,,False,651.063,191.34,335,143.07,True,78,logs
7,package_size,live,nodejs-optimised,nodejs,optimised,1024,follow_up,idle,off,False,update_env,0,,,,1790074461.638,2026-09-22T10:54:21.638+00:00,c12603a6-0eff-40a7-9e47-03cc76fdc23f,200,,False,296.029,124.37,125,,False,78,logs
8,package_size,live,python-optimised,python,optimised,1024,measure,idle,off,True,update_env,0,,,,1790074464.388,2026-09-22T10:54:24.388+00:00,a285d42b-a598-4943-a3a0-7b9c19a49036,200,,False,391.611,28.58,101,71.45,True,41,logs
9,package_size,live,python-optimised,python,optimised,1024,follow_up,idle,off,False,update_env,0,,,,1790074464.783,2026-09-22T10:54:24.782+00:00,01719d70-6df1-4646-a2b2-830222a30bf8,200,,False,182.96,11.56,12,,False,41,logs
10,package_size,live,java-optimised,java,optimised,1024,measure,idle,off,True,update_env,0,,,,1790074467.302,2026-09-22T10:54:27.301+00:00,db86ec20-6824-4d66-b526-5f96afcbb28f,200,,False,840.502,127.52,549,421.19,True,110,logs
11,package_size,live,java-optimised,java,optimised,1024,follow_up,idle,off,False,update_env,0,,,,1790074468.145,2026-09-22T10:54:28.144+00:00,3c2fae12-72b0-48fd-83f2-b9c5866ab002,200,,False,230.767,50.25,51,,False,110,logs
12,package_size,live,java-optimised,java,optimised,1024,measure,idle,off,True,update_env,1,,,,1790074470.547,2026-09-22T10:54:30.547+00:00,3bb6236e-2c4c-4692-bac0-4e0f793a3a2f,200,,False,707.603,93.78,429,334.38,True,109,logs
13,package_size,live,java-optimised,java,optimised,1024,follow_up,idle,off,False,update_env,1,,,,1790074471.258,2026-09-22T10:54:31.257+00:00,c75c8588-28b7-4cce-8b92-b6a7d18dd06f,200,,False,210.8,31.08,32,,False,109,logs
14,package_size,live,python-default,python,default,1024,measure,idle,off,True,update_env,1,,,,1790074473.569,2026-09-22T10:54:33.569+00:00,3769ed02-9e9a-4946-a812-e68eec708a11,200,,False,4025.24,30.09,3496,3464.97,True,132,logs
15,package_size,live,python-default,python,default,1024,follow_up,idle,off,False,update_env,1,,,,1790074477.596,2026-09-22T10:54:37.595+00:00,b748f00c-a294-4a3c-a3cf-2deb9219934a,200,,False,198.077,26.88,27,,False,133,logs
16,package_size,live,nodejs-default,nodejs,default,1024,measure,idle,off,True,update_env,1,,,,1790074479.887,2026-09-22T10:54:39.886+00:00,14205637-9258-4661-8cca-c9b596748bbb,200,,False,1851.244,264.11,1405,1140.55,True,126,logs
17,package_size,live,nodejs-default,nodejs,default,1024,follow_up,idle,off,False,update_env,1,,,,1790074481.739,2026-09-22T10:54:41.739+00:00,00da068f-2d47-4d1e-846b-21e048c8e6dd,200,,False,369.708,181.6,182,,False,135,logs
18,package_size,live,python-optimised,python,optimised,1024,measure,idle,off,True,update_env,1,,,,1790074484.211,2026-09-22T10:54:44.210+00:00,e948e51e-f9dc-41eb-b1d4-c83aec5676ee,200,,False,420.009,33.04,120,86.21,True,41,logs
19,package_size,live,python-optimised,python,optimised,1024,follow_up,idle,off,False,update_env,1,,,,1790074484.632,2026-09-22T10:54:44.631+00:00,f114124d-df6f-49ee-a4f9-aff94a7270c4,200,,False,207.872,26.63,27,,False,41,logs
20,package_size,live,nodejs-optimised,nodejs,optimised,1024,measure,idle,off,True,update_env,1,,,,1790074487.046,2026-09-22T10:54:47.045+00:00,cc54646e-ad1d-4565-83d9-5bf87e56a68e,200,,False,719.244,211.89,356,143.26,True,78,logs
21,package_size,live,nodejs-optimised,nodejs,optimised,1024,follow_up,idle,off,False,update_env,1,,,,1790074487.766,2026-09-22T10:54:47.766+00:00,c19b9993-d6b6-4d27-91f9-812eecdabadb,200,,False,406.818,130.42,131,,False,78,logs
22,package_size,live,java-default,java,default,1024,measure,idle,off,True,update_env,1,,,,1790074490.309,2026-09-22T10:54:50.309+00:00,34fbff0e-5138-47e6-af9c-574ecb5bd2b9,200,,False,1240.258,132.9,899,765.39,True,119,logs
23,package_size,live,java-default,java,default,1024,follow_up,idle,off,False,update_env,1,,,,1790074491.551,2026-09-22T10:54:51.550+00:00,1a9d9f11-0e82-4c52-b055-7cd73c59885c,200,,False,214.468,40.76,41,,False,119,logs
24,package_size,live,java-optimised,java,optimised,1024,measure,idle,off,True,update_env,2,,,,1790074493.885,2026-09-22T10:54:53.884+00:00,e96c9795-b63d-405b-98e9-24042b20ff0c,200,,False,833.178,126.85,544,416.55,True,107,logs
25,package_size,live,java-optimised,java,optimised,1024,follow_up,idle,off,False,update_env,2,,,,1790074494.72,2026-09-22T10:54:54.719+00:00,8821a576-953e-4a5e-8316-fe98f459ccdf,200,,False,230.89,50.62,51,,False,107,logs
26,package_size,live,python-optimised,python,optimised,1024,measure,idle,off,True,update_env,2,,,,1790074497.169,2026-09-22T10:54:57.169+00:00,1a634008-c515-4884-a36f-7a9cdbc5ea71,200,,False,584.384,17.12,111,93.7,True,41,logs
27,package_size,live,python-optimised,python,optimised,1024,follow_up,idle,off,False,update_env,2,,,,1790074497.755,2026-09-22T10:54:57.754+00:00,77e917d9-a86e-4a2a-ba5b-834285538e87,200,,False,199.686,26.31,27,,False,41,logs
28,package_size,live,nodejs-default,nodejs,default,1024,measure,idle,off,True,update_env,2,,,,1790074500.075,2026-09-22T10:55:00.074+00:00,2cbe50c0-11a7-483f-a4f1-6029cb4092dd,200,,False,1885.737,203.44,1349,1144.84,True,130,logs
29,package_size,live,nodejs-default,nodejs,default,1024,follow_up,idle,off,False,update_env,2,,,,1790074501.961,2026-09-22T10:55:01.961+00:00,0ea61484-035d-4a71-ad02-6d38db9a6903,200,,False,446.076,181.32,182,,False,136,logs
30,package_size,live,python-default,python,default,1024,measure,idle,off,True,update_env,2,,,,1790074504.479,2026-09-22T10:55:04.478+00:00,a2db05b2-07a9-40ab-ae9d-1fe14828feca,200,,False,3188.508,16.99,2709,2691.11,True,133,logs
31,package_size,live,python-default,python,default,1024,follow_up,idle,off,False,update_env,2,,,,1790074507.668,2026-09-22T10:55:07.667+00:00,5fbf14ca-98df-4bea-907c-0316aa57893a,200,,False,236.104,11.63,12,,False,133,logs
32,package_size,live,java-default,java,default,1024,measure,idle,off,True,update_env,2,,,,1790074510.074,2026-09-22T10:55:10.074+00:00,fe0c2937-6552-4179-9f14-6ab1713ed282,200,,False,1224.005,126.1,915,788.64,True,123,logs
33,package_size,live,java-default,java,default,1024,follow_up,idle,off,False,update_env,2,,,,1790074511.299,2026-09-22T10:55:11.299+00:00,acc29ade-f54d-4607-87c1-ee51b5eccd4a,200,,False,275.089,41.02,42,,False,123,logs
34,package_size,live,nodejs-optimised,nodejs,optimised,1024,measure,idle,off,True,update_env,2,,,,1790074513.776,2026-09-22T10:55:13.775+00:00,533dd025-fe49-4e67-995b-bcb1e29de302,200,,False,556.243,150.7,266,114.86,True,78,logs
35,package_size,live,nodejs-optimised,nodejs,optimised,1024,follow_up,idle,off,False,update_env,2,,,,1790074514.335,2026-09-22T10:55:14.334+00:00,a970985d-513b-4bab-bb45-0f3618e09192,200,,False,279.042,104.79,105,,False,78,logs
36,package_size,live,python-optimised,python,optimised,1024,measure,idle,off,True,update_env,3,,,,1790074516.745,2026-09-22T10:55:16.744+00:00,79cab673-931d-4065-9cb1-bb7159607853,200,,False,499.411,34.02,129,94.05,True,41,logs
37,package_size,live,python-optimised,python,optimised,1024,follow_up,idle,off,False,update_env,3,,,,1790074517.247,2026-09-22T10:55:17.247+00:00,8b4be747-320b-4448-9605-3b2b6e3959ca,200,,False,196.83,16.35,17,,False,42,logs
38,package_size,live,python-default,python,default,1024,measure,idle,off,True,update_env,3,,,,1790074519.498,2026-09-22T10:55:19.498+00:00,877315e7-3072-4bf5-9458-7979c5528667,200,,False,3889.363,17.16,3408,3390.17,True,132,logs
39,package_size,live,python-default,python,default,1024,follow_up,idle,off,False,update_env,3,,,,1790074523.39,2026-09-22T10:55:23.390+00:00,388473de-d9be-48ae-a7ae-33c8c8a61080,200,,False,242.238,22.65,23,,False,133,logs
40,package_size,live,java-optimised,java,optimised,1024,measure,idle,off,True,update_env,3,,,,1790074525.73,2026-09-22T10:55:25.729+00:00,8d4bd8d3-7da5-49ad-9eac-6cf0a894d303,200,,False,812.999,127.04,533,405.74,True,107,logs
41,package_size,live,java-optimised,java,optimised,1024,follow_up,idle,off,False,update_env,3,,,,1790074526.544,2026-09-22T10:55:26.544+00:00,17206954-7cbf-4eaa-b5ba-6de148120874,200,,False,234.115,36.67,37,,False,107,logs
42,package_size,live,nodejs-default,nodejs,default,1024,measure,idle,off,True,update_env,3,,,,1790074528.877,2026-09-22T10:55:28.877+00:00,5dc95a94-c37e-4d1d-8fd7-5016d0dad771,200,,False,1570.75,179.49,1106,926.23,True,125,logs
43,package_size,live,nodejs-default,nodejs,default,1024,follow_up,idle,off,False,update_env,3,,,,1790074530.449,2026-09-22T10:55:30.449+00:00,3eb7dfdf-2bf6-4339-abd6-5fcf1537654e,200,,False,282.642,109.01,110,,False,133,logs
44,package_size,live,java-default,java,default,1024,measure,idle,off,True,update_env,3,,,,1790074532.881,2026-09-22T10:55:32.881+00:00,5cb7e82e-d4c7-4adc-a395-f3bbe3e7433b,200,,False,1057.241,107.43,762,653.88,True,121,logs
45,package_size,live,java-default,java,default,1024,follow_up,idle,off,False,update_env,3,,,,1790074533.94,2026-09-22T10:55:33.939+00:00,8a474caf-2dfe-419d-85a9-db7e1280ae2f,200,,False,214.311,38.88,39,,False,121,logs
46,package_size,live,nodejs-optimised,nodejs,optimised,1024,measure,idle,off,True,update_env,3,,,,1790074536.264,2026-09-22T10:55:36.264+00:00,27c76d84-c7fa-40eb-a255-0eb6660958d9,200,,False,649.628,198.17,349,149.95,True,79,logs
47,package_size,live,nodejs-optimised,nodejs,optimised,1024,follow_up,idle,off,False,update_env,3,,,,1790074536.915,2026-09-22T10:55:36.914+00:00,f69283be-e545-41ea-88a9-e3246f41515d,200,,False,351.111,140.96,141,,False,79,logs
48,package_size,live,java-optimised,java,optimised,1024,measure,idle,off,True,update_env,4,,,,1790074539.362,2026-09-22T10:55:39.362+00:00,8ccd507b-2cd7-436c-8809-06cdbc0641e6,200,,False,737.032,96.25,432,335.7,True,111,logs
49,package_size,live,java-optimised,java,optimised,1024,follow_up,idle,off,False,update_env,4,,,,1790074540.1,2026-09-22T10:55:40.100+00:00,6ab4d544-74fa-4500-bd96-f23dcac3f3e3,200,,False,198.725,28.58,29,,False,111,logs
50,package_size,live,python-optimised,python,optimised,1024,measure,idle,off,True,update_env,4,,,,1790074542.511,2026-09-22T10:55:42.511+00:00,d648f284-3467-40b1-b915-ad85383cb00a,200,,False,407.093,27.38,116,88.59,True,42,logs
51,package_size,live,python-optimised,python,optimised,1024,follow_up,idle,off,False,update_env,4,,,,1790074542.919,2026-09-22T10:55:42.919+00:00,ba7cfce4-b684-4cca-a86b-60e739e234d6,200,,False,196.23,19.86,20,,False,42,logs
52,package_size,live,nodejs-optimised,nodejs,optimised,1024,measure,idle,off,True,update_env,4,,,,1790074545.156,2026-09-22T10:55:45.155+00:00,ac1d0afc-a1b3-4663-9920-445c90881b5b,200,,False,567.768,155.85,279,122.4,True,78,logs
53,package_size,live,nodejs-optimised,nodejs,optimised,1024,follow_up,idle,off,False,update_env,4,,,,1790074545.724,2026-09-22T10:55:45.724+00:00,21ca04a6-65cc-4c97-a4ec-8ae03cd800fb,200,,False,295.675,121.78,122,,False,78,logs
54,package_size,live,nodejs-default,nodejs,default,1024,measure,idle,off,True,update_env,4,,,,1790074548.08,2026-09-22T10:55:48.080+00:00,3a569753-3998-4292-9747-e05cc6147146,200,,False,1881.33,263.91,1407,1142.27,True,122,logs
55,package_size,live,nodejs-default,nodejs,default,1024,follow_up,idle,off,False,update_env,4,,,,1790074549.964,2026-09-22T10:55:49.964+00:00,8ef9c598-4bc7-4ea3-a8ef-b527eb1d10ef,200,,False,336.264,164.49,165,,False,131,logs
56,package_size,live,python-default,python,default,1024,measure,idle,off,True,update_env,4,,,,1790074552.47,2026-09-22T10:55:52.470+00:00,05a60684-4c1e-48b6-bae7-39449a1344bf,200,,False,4029.881,27.16,3546,3518.59,True,133,logs
57,package_size,live,python-default,python,default,1024,follow_up,idle,off,False,update_env,4,,,,1790074556.504,2026-09-22T10:55:56.503+00:00,fbe2bee5-1bfd-4452-9c06-79d4c44285f7,200,,False,193.692,18.18,19,,False,133,logs
58,package_size,live,java-default,java,default,1024,measure,idle,off,True,update_env,4,,,,1790074558.815,2026-09-22T10:55:58.814+00:00,ef497f6c-8c96-4efa-a59e-93c6a5676b04,200,,False,1232.417,108.83,724,614.21,True,121,logs
59,package_size,live,java-default,java,default,1024,follow_up,idle,off,False,update_env,4,,,,1790074560.048,2026-09-22T10:56:00.048+00:00,06c268a4-e56f-450b-a9fe-3370aba33826,200,,False,193.7,20.16,21,,False,121,logs
60,package_size,live,java-optimised,java,optimised,1024,measure,idle,off,True,update_env,5,,,,1790074562.431,2026-09-22T10:56:02.430+00:00,e53b9a99-7e47-4dd4-9cba-eae6400c29a9,200,,False,855.397,137.32,556,418.46,True,107,logs
61,package_size,live,java-optimised,java,optimised,1024,follow_up,idle,off,False,update_env,5,,,,1790074563.287,2026-09-22T10:56:03.286+00:00,88274a72-0d0f-427f-aefd-388f8f533648,200,,False,218.787,39.24,40,,False,107,logs
62,package_size,live,java-default,java,default,1024,measure,idle,off,True,update_env,5,,,,1790074565.62,2026-09-22T10:56:05.619+00:00,764fe5ca-8d91-4584-9b3b-be5c1237fe43,200,,False,1244.945,132.63,945,811.83,True,119,logs
63,package_size,live,java-default,java,default,1024,follow_up,idle,off,False,update_env,5,,,,1790074566.866,2026-09-22T10:56:06.865+00:00,e8901b99-c1b1-4029-b4b6-ca6dd67c11db,200,,False,282.007,36.55,37,,False,119,logs
64,package_size,live,nodejs-default,nodejs,default,1024,measure,idle,off,True,update_env,5,,,,1790074569.297,2026-09-22T10:56:09.296+00:00,6e3f287f-c0ce-4b89-b3b3-fcdce2d7c6c2,200,,False,1854.763,277.86,1425,1146.91,True,124,logs
65,package_size,live,nodejs-default,nodejs,default,1024,follow_up,idle,off,False,update_env,5,,,,1790074571.155,2026-09-22T10:56:11.155+00:00,00f82d0a-51b2-429b-ad1d-cb074ac0dd64,200,,False,353.178,180.18,181,,False,135,logs
66,package_size,live,python-optimised,python,optimised,1024,measure,idle,off,True,update_env,5,,,,1790074573.696,2026-09-22T10:56:13.695+00:00,289ab2f4-e0bb-4b20-8d07-2ab0e083ee78,200,,False,370.523,17.9,88,69.58,True,42,logs
67,package_size,live,python-optimised,python,optimised,1024,follow_up,idle,off,False,update_env,5,,,,1790074574.069,2026-09-22T10:56:14.068+00:00,16c24fdd-41a8-48d4-9124-c2515204e957,200,,False,197.188,23.84,24,,False,42,logs
68,package_size,live,nodejs-optimised,nodejs,optimised,1024,measure,idle,off,True,update_env,5,,,,1790074576.358,2026-09-22T10:56:16.358+00:00,7d934395-0faf-43ae-95be-0d3603f43a0f,200,,False,560.583,150.73,275,123.97,True,79,logs
69,package_size,live,nodejs-optimised,nodejs,optimised,1024,follow_up,idle,off,False,update_env,5,,,,1790074576.92,2026-09-22T10:56:16.920+00:00,7fb52607-23ab-4056-b7a5-402f0f02c920,200,,False,258.352,88.09,89,,False,79,logs
70,package_size,live,python-default,python,default,1024,measure,idle,off,True,update_env,5,,,,1790074579.3,2026-09-22T10:56:19.300+00:00,44d6eaf6-089a-49ab-8672-dd22340edbc5,200,,False,4015.152,27.37,3532,3504.14,True,132,logs
71,package_size,live,python-default,python,default,1024,follow_up,idle,off,False,update_env,5,,,,1790074583.317,2026-09-22T10:56:23.316+00:00,3885805d-a6ed-493d-ad91-528c4692db4c,200,,False,198.977,27.02,28,,False,132,logs
72,package_size,live,python-optimised,python,optimised,1024,measure,idle,off,True,update_env,6,,,,1790074585.602,2026-09-22T10:56:25.602+00:00,82566566-0599-4a37-9c07-83da8ec4fe97,200,,False,446.123,21.48,157,135.25,True,42,logs
73,package_size,live,python-optimised,python,optimised,1024,follow_up,idle,off,False,update_env,6,,,,1790074586.049,2026-09-22T10:56:26.049+00:00,82f13c15-a2ab-44bd-af3a-1f69702a5806,200,,False,201.957,26.1,27,,False,42,logs
74,package_size,live,nodejs-default,nodejs,default,1024,measure,idle,off,True,update_env,6,,,,1790074588.401,2026-09-22T10:56:28.401+00:00,195d4ccf-e23c-48d8-9448-698d07ade5d1,200,,False,1817.166,249.56,1384,1133.69,True,130,logs
75,package_size,live,nodejs-default,nodejs,default,1024,follow_up,idle,off,False,update_env,6,,,,1790074590.221,2026-09-22T10:56:30.220+00:00,79a233bd-ae69-4889-b023-2ebb7d823f9a,200,,False,326.994,148.51,149,,False,138,logs
76,package_size,live,java-optimised,java,optimised,1024,measure,idle,off,True,update_env,6,,,,1790074592.615,2026-09-22T10:56:32.615+00:00,792c9e8b-9b64-4fe9-a4d0-5a880c2eb7a6,200,,False,837.686,132.98,539,405.59,True,107,logs
77,package_size,live,java-optimised,java,optimised,1024,follow_up,idle,off,False,update_env,6,,,,1790074593.454,2026-09-22T10:56:33.453+00:00,e478d3cd-7506-476f-a250-026232915a98,200,,False,209.82,38.34,39,,False,107,logs
78,package_size,live,python-default,python,default,1024,measure,idle,off,True,update_env,6,,,,1790074595.703,2026-09-22T10:56:35.702+00:00,eca6d313-f152-4fc4-8482-3db10417338e,200,,False,4030.474,30.43,3523,3492.53,True,132,logs
79,package_size,live,python-default,python,default,1024,follow_up,idle,off,False,update_env,6,,,,1790074599.735,2026-09-22T10:56:39.734+00:00,8af1f3fc-f748-4061-9394-0f989b3af233,200,,False,198.422,23.11,24,,False,133,logs
80,package_size,live,java-default,java,default,1024,measure,idle,off,True,update_env,6,,,,1790074602.007,2026-09-22T10:56:42.006+00:00,bc1b4450-b0ef-48ce-9eda-53c5195cf00c,200,,False,1062.971,106.13,760,653.87,True,121,logs
81,package_size,live,java-default,java,default,1024,follow_up,idle,off,False,update_env,6,,,,1790074603.071,2026-09-22T10:56:43.070+00:00,444c0729-4539-4321-aff7-eda3d2e3b3ae,200,,False,254.311,37.08,38,,False,121,logs
82,package_size,live,nodejs-optimised,nodejs,optimised,1024,measure,idle,off,True,update_env,6,,,,1790074605.422,2026-09-22T10:56:45.422+00:00,90ea7560-54fe-431c-a05c-369b879432b2,200,,False,646.66,193.44,343,149.2,True,80,logs
83,package_size,live,nodejs-optimised,nodejs,optimised,1024,follow_up,idle,off,False,update_env,6,,,,1790074606.07,2026-09-22T10:56:46.070+00:00,169e7226-9b7b-4f2f-b15d-e12a7cc4fbe1,200,,False,271.66,95.9,96,,False,80,logs
84,package_size,live,nodejs-default,nodejs,default,1024,measure,idle,off,True,update_env,7,,,,1790074608.457,2026-09-22T10:56:48.457+00:00,d2c01424-d46b-408d-8d56-c68530b130d2,200,,False,1812.327,250.7,1386,1134.84,True,128,logs
85,package_size,live,nodejs-default,nodejs,default,1024,follow_up,idle,off,False,update_env,7,,,,1790074610.271,2026-09-22T10:56:50.270+00:00,96e80cc6-5cd4-43ec-8400-6cc323492227,200,,False,393.533,156.35,157,,False,137,logs
86,package_size,live,python-default,python,default,1024,measure,idle,off,True,update_env,7,,,,1790074612.763,2026-09-22T10:56:52.762+00:00,ab92a615-de7e-491b-88a6-7983f3fd4e7e,200,,False,3895.541,30.77,3440,3408.25,True,133,logs
87,package_size,live,python-default,python,default,1024,follow_up,idle,off,False,update_env,7,,,,1790074616.661,2026-09-22T10:56:56.660+00:00,fc321563-758a-443e-a1cd-f0c25aef0444,200,,False,199.16,27.49,28,,False,133,logs
88,package_size,live,java-default,java,default,1024,measure,idle,off,True,update_env,7,,,,1790074618.982,2026-09-22T10:56:58.982+00:00,0ba08efa-3f91-4fa2-a9a2-97304a29bb2b,200,,False,1251.452,116.76,885,767.51,True,121,logs
89,package_size,live,java-default,java,default,1024,follow_up,idle,off,False,update_env,7,,,,1790074620.235,2026-09-22T10:57:00.235+00:00,a40152ab-9933-48c8-9377-b49027af0354,200,,False,213.742,38.89,39,,False,121,logs
90,package_size,live,nodejs-optimised,nodejs,optimised,1024,measure,idle,off,True,update_env,7,,,,1790074622.477,2026-09-22T10:57:02.477+00:00,8555cdf1-485b-4419-9a0f-93e503508deb,200,,False,651.091,184.22,326,140.8,True,78,logs
91,package_size,live,nodejs-optimised,nodejs,optimised,1024,follow_up,idle,off,False,update_env,7,,,,1790074623.13,2026-09-22T10:57:03.130+00:00,863f0b3d-ae49-4c91-88cd-e8cbab7c5117,200,,False,299.253,125.72,126,,False,78,logs
92,package_size,live,java-optimised,java,optimised,1024,measure,idle,off,True,update_env,7,,,,1790074625.608,2026-09-22T10:57:05.608+00:00,6607c5a7-7e9a-4925-8a83-cb7c96cebd2b,200,,False,906.44,131.65,551,418.78,True,107,logs
93,package_size,live,java-optimised,java,optimised,1024,follow_up,idle,off,False,update_env,7,,,,1790074626.517,2026-09-22T10:57:06.517+00:00,245218f0-6771-4eb1-87e4-226a7665147e,200,,False,216.212,36.85,37,,False,107,logs
94,package_size,live,python-optimised,python,optimised,1024,measure,idle,off,True,update_env,7,,,,1790074628.898,2026-09-22T10:57:08.897+00:00,fbb98e5c-ddf8-4f88-ba16-821a8349967b,200,,False,388.869,30.95,102,70.63,True,41,logs
95,package_size,live,python-optimised,python,optimised,1024,follow_up,idle,off,False,update_env,7,,,,1790074629.29,2026-09-22T10:57:09.290+00:00,66775bae-c875-4d8f-a379-0b04af0a98d6,200,,False,250.942,21.52,22,,False,41,logs
96,package_size,live,nodejs-default,nodejs,default,1024,measure,idle,off,True,update_env,8,,,,1790074631.64,2026-09-22T10:57:11.639+00:00,f490b65e-1692-406a-a9b2-8bd81fee837b,200,,False,1827.473,243.35,1402,1158.2,True,130,logs
97,package_size,live,nodejs-default,nodejs,default,1024,follow_up,idle,off,False,update_env,8,,,,1790074633.469,2026-09-22T10:57:13.469+00:00,6f30c631-9425-4bd1-8e8c-e864910ab537,200,,False,349.686,171.05,172,,False,140,logs
98,package_size,live,python-optimised,python,optimised,1024,measure,idle,off,True,update_env,8,,,,1790074635.917,2026-09-22T10:57:15.917+00:00,dba2f0c4-ad4f-4560-992b-d9ca8eba17a2,200,,False,437.854,17.08,114,96.75,True,41,logs
99,package_size,live,python-optimised,python,optimised,1024,follow_up,idle,off,False,update_env,8,,,,1790074636.356,2026-09-22T10:57:16.356+00:00,dc77233f-01d3-48e3-b3e4-21597357c9d2,200,,False,201.954,28.7,29,,False,41,logs
100,package_size,live,java-optimised,java,optimised,1024,measure,idle,off,True,update_env,8,,,,1790074638.715,2026-09-22T10:57:18.715+00:00,ed4effa2-c2e0-480e-8781-6b8eb343cac1,200,,False,815.541,116.14,534,417.76,True,107,logs
101,package_size,live,java-optimised,java,optimised,1024,follow_up,idle,off,False,update_env,8,,,,1790074639.534,2026-09-22T10:57:19.533+00:00,39751951-ab99-4822-8973-9651e6ed7010,200,,False,212.224,38.15,39,,False,107,logs
102,package_size,live,nodejs-optimised,nodejs,optimised,1024,measure,idle,off,True,update_env,8,,,,1790074641.855,2026-09-22T10:57:21.854+00:00,1bc6e0de-5438-465f-99c3-79c95dad90f6,200,,False,624.385,184.39,326,140.79,True,78,logs
103,package_size,live,nodejs-optimised,nodejs,optimised,1024,follow_up,idle,off,False,update_env,8,,,,1790074642.481,2026-09-22T10:57:22.480+00:00,41885505-412d-4a9c-be60-50b3bb04124a,200,,False,294.333,120.91,121,,False,78,logs
104,package_size,live,python-default,python,default,1024,measure,idle,off,True,update_env,8,,,,1790074644.821,2026-09-22T10:57:24.821+00:00,0418974e-5d88-478d-b6d0-c17f6129e473,200,,False,3885.213,31.24,3367,3335.27,True,133,logs
105,package_size,live,python-default,python,default,1024,follow_up,idle,off,False,update_env,8,,,,1790074648.707,2026-09-22T10:57:28.707+00:00,045bcc20-34cb-4930-83b7-7a5bc0f29aef,200,,False,233.019,26.74,27,,False,133,logs
106,package_size,live,java-default,java,default,1024,measure,idle,off,True,update_env,8,,,,1790074651.06,2026-09-22T10:57:31.060+00:00,369e684e-3863-4bd1-9dfd-be5908bf6936,200,,False,1194.812,126.66,898,770.89,True,120,logs
107,package_size,live,java-default,java,default,1024,follow_up,idle,off,False,update_env,8,,,,1790074652.256,2026-09-22T10:57:32.256+00:00,ba74810c-6df0-47f5-aa2a-ddccaf759e7c,200,,False,213.432,40.24,41,,False,120,logs
108,package_size,live,python-optimised,python,optimised,1024,measure,idle,off,True,update_env,9,,,,1790074654.498,2026-09-22T10:57:34.498+00:00,ba6ef7d2-ee29-488a-919a-9d40cb248d36,200,,False,410.601,30.46,122,90.82,True,43,logs
109,package_size,live,python-optimised,python,optimised,1024,follow_up,idle,off,False,update_env,9,,,,1790074654.912,2026-09-22T10:57:34.911+00:00,cf958a76-9d49-456e-bded-3c636ca61ecc,200,,False,197.005,19.58,20,,False,43,logs
110,package_size,live,java-optimised,java,optimised,1024,measure,idle,off,True,update_env,9,,,,1790074657.254,2026-09-22T10:57:37.253+00:00,ec3828f3-693b-4d23-b717-5d88338a38f8,200,,False,774.906,98.3,423,323.73,True,107,logs
111,package_size,live,java-optimised,java,optimised,1024,follow_up,idle,off,False,update_env,9,,,,1790074658.03,2026-09-22T10:57:38.030+00:00,fd7a37bf-d209-42bb-8575-10d7177cded0,200,,False,213.85,37.83,38,,False,107,logs
112,package_size,live,python-default,python,default,1024,measure,idle,off,True,update_env,9,,,,1790074660.474,2026-09-22T10:57:40.474+00:00,636906b4-4624-49b9-951a-4e078f645922,200,,False,3146.795,16.66,2722,2704.51,True,134,logs
113,package_size,live,python-default,python,default,1024,follow_up,idle,off,False,update_env,9,,,,1790074663.622,2026-09-22T10:57:43.622+00:00,a5ed1575-82e8-4507-9b18-534f1f73f082,200,,False,189.444,17.55,18,,False,134,logs
114,package_size,live,nodejs-default,nodejs,default,1024,measure,idle,off,True,update_env,9,,,,1790074665.951,2026-09-22T10:57:45.950+00:00,7beefc52-a1d1-46ab-9737-4c06d093f021,200,,False,1457.853,179.89,1082,901.44,True,125,logs
115,package_size,live,nodejs-default,nodejs,default,1024,follow_up,idle,off,False,update_env,9,,,,1790074667.411,2026-09-22T10:57:47.410+00:00,531c8d1c-64a1-45ac-bbb6-e67142ab2319,200,,False,293.752,121.32,122,,False,134,logs
116,package_size,live,nodejs-optimised,nodejs,optimised,1024,measure,idle,off,True,update_env,9,,,,1790074669.798,2026-09-22T10:57:49.797+00:00,14654cc9-1803-446b-a341-7b0b31d32751,200,,False,637.468,163.33,277,113.48,True,79,logs
117,package_size,live,nodejs-optimised,nodejs,optimised,1024,follow_up,idle,off,False,update_env,9,,,,1790074670.436,2026-09-22T10:57:50.436+00:00,bb84c5b6-050a-463f-b6f1-07c9cea3659a,200,,False,272.016,88.02,89,,False,79,logs
118,package_size,live,java-default,java,default,1024,measure,idle,off,True,update_env,9,,,,1790074672.798,2026-09-22T10:57:52.797+00:00,e9389713-51e1-443d-9f1a-89302e09813f,200,,False,1069.075,118.49,775,656.13,True,121,logs
119,package_size,live,java-default,java,default,1024,follow_up,idle,off,False,update_env,9,,,,1790074673.867,2026-09-22T10:57:53.867+00:00,bd5b844d-2119-4b82-b484-617200e14003,200,,False,237.947,28.93,29,,False,121,logs
120,package_size,live,python-optimised,python,optimised,1024,measure,idle,off,True,update_env,10,,,,1790074676.203,2026-09-22T10:57:56.202+00:00,0bbda2e4-e23c-45dc-8e29-430c204de5d5,200,,False,408.372,27.2,117,88.83,True,41,logs
121,package_size,live,python-optimised,python,optimised,1024,follow_up,idle,off,False,update_env,10,,,,1790074676.612,2026-09-22T10:57:56.612+00:00,f64fb03c-41f5-40bf-8c2f-17880afd8c50,200,,False,194.007,21.29,22,,False,41,logs
122,package_size,live,java-default,java,default,1024,measure,idle,off,True,update_env,10,,,,1790074678.842,2026-09-22T10:57:58.842+00:00,7161340c-d3f9-4455-8f52-4915aa27e38c,200,,False,1201.513,131.61,897,765.25,True,119,logs
123,package_size,live,java-default,java,default,1024,follow_up,idle,off,False,update_env,10,,,,1790074680.045,2026-09-22T10:58:00.045+00:00,af66ff16-b228-4024-91c8-7c37bbc1090c,200,,False,210.065,38.4,39,,False,119,logs
124,package_size,live,java-optimised,java,optimised,1024,measure,idle,off,True,update_env,10,,,,1790074682.386,2026-09-22T10:58:02.385+00:00,f35bdfca-9780-44aa-962e-35871445d1c4,200,,False,722.541,108.53,445,335.69,True,109,logs
125,package_size,live,java-optimised,java,optimised,1024,follow_up,idle,off,False,update_env,10,,,,1790074683.11,2026-09-22T10:58:03.109+00:00,00107f46-352a-4ecd-ad0d-b4399a561a0c,200,,False,193.206,18.41,19,,False,109,logs
126,package_size,live,nodejs-default,nodejs,default,1024,measure,idle,off,True,update_env,10,,,,1790074685.374,2026-09-22T10:58:05.373+00:00,a3e6f4db-854b-4698-a27d-a8506efee3d0,200,,False,1477.658,176.29,1050,873.18,True,124,logs
127,package_size,live,nodejs-default,nodejs,default,1024,follow_up,idle,off,False,update_env,10,,,,1790074686.852,2026-09-22T10:58:06.852+00:00,058b5b67-7044-437c-87d1-18ba2df8c613,200,,False,282.616,106.2,107,,False,135,logs
128,package_size,live,nodejs-optimised,nodejs,optimised,1024,measure,idle,off,True,update_env,10,,,,1790074689.212,2026-09-22T10:58:09.211+00:00,aadfa5a7-1d81-451f-abad-8f039010130b,200,,False,662.859,204.19,351,145.83,True,79,logs
129,package_size,live,nodejs-optimised,nodejs,optimised,1024,follow_up,idle,off,False,update_env,10,,,,1790074689.876,2026-09-22T10:58:09.875+00:00,2a5567d1-ee95-4925-9cfa-1e4763a2bf93,200,,False,300.696,124.95,125,,False,79,logs
130,package_size,live,python-default,python,default,1024,measure,idle,off,True,update_env,10,,,,1790074692.468,2026-09-22T10:58:12.468+00:00,8d4afe31-b0a8-4762-b7bd-ecc517033a03,200,,False,4179.211,27.96,3590,3561.64,True,132,logs
131,package_size,live,python-default,python,default,1024,follow_up,idle,off,False,update_env,10,,,,1790074696.65,2026-09-22T10:58:16.650+00:00,27ffabb3-56ca-4ed7-87f2-6571c2ee01e6,200,,False,203.384,26.83,27,,False,132,logs
132,package_size,live,nodejs-default,nodejs,default,1024,measure,idle,off,True,update_env,11,,,,1790074698.989,2026-09-22T10:58:18.988+00:00,2f4942c6-c50c-4e92-808c-4509deef6f43,200,,False,1637.547,185.23,1243,1057.19,True,127,logs
133,package_size,live,nodejs-default,nodejs,default,1024,follow_up,idle,off,False,update_env,11,,,,1790074700.627,2026-09-22T10:58:20.627+00:00,d677d2b5-b8ee-48db-968b-cb3b5822b24f,200,,False,303.988,128.57,129,,False,138,logs
134,package_size,live,nodejs-optimised,nodejs,optimised,1024,measure,idle,off,True,update_env,11,,,,1790074702.973,2026-09-22T10:58:22.973+00:00,94db7670-d8af-454e-b941-04a373b52931,200,,False,564.649,156.29,273,116.27,True,78,logs
135,package_size,live,nodejs-optimised,nodejs,optimised,1024,follow_up,idle,off,False,update_env,11,,,,1790074703.54,2026-09-22T10:58:23.540+00:00,27c471c8-baec-46f8-a364-7222af6eda5e,200,,False,276.798,106.06,107,,False,79,logs
136,package_size,live,java-optimised,java,optimised,1024,measure,idle,off,True,update_env,11,,,,1790074705.883,2026-09-22T10:58:25.883+00:00,4783ddb1-2a3d-44ae-8d62-b488973b0a5e,200,,False,866.516,135.64,585,448.71,True,110,logs
137,package_size,live,java-optimised,java,optimised,1024,follow_up,idle,off,False,update_env,11,,,,1790074706.751,2026-09-22T10:58:26.751+00:00,64360fe3-54b0-4c03-8d29-dbe3502b0ab3,200,,False,213.346,38.89,39,,False,110,logs
138,package_size,live,python-default,python,default,1024,measure,idle,off,True,update_env,11,,,,1790074709.001,2026-09-22T10:58:29.000+00:00,e583d577-60fc-436e-8607-5c1d553d90a6,200,,False,3131.626,12.88,2657,2643.44,True,133,logs
139,package_size,live,python-default,python,default,1024,follow_up,idle,off,False,update_env,11,,,,1790074712.135,2026-09-22T10:58:32.135+00:00,10301e74-c7e0-4a86-9efe-68bd2b1885ab,200,,False,248.478,17.22,18,,False,133,logs
140,package_size,live,python-optimised,python,optimised,1024,measure,idle,off,True,update_env,11,,,,1790074714.483,2026-09-22T10:58:34.483+00:00,4a484f77-c205-4c59-b900-9d81e857af2b,200,,False,414.082,29.25,124,94.47,True,43,logs
141,package_size,live,python-optimised,python,optimised,1024,follow_up,idle,off,False,update_env,11,,,,1790074714.901,2026-09-22T10:58:34.901+00:00,6d3d14cd-c291-4f13-9869-8077e45c4a69,200,,False,195.8,19.74,20,,False,43,logs
142,package_size,live,java-default,java,default,1024,measure,idle,off,True,update_env,11,,,,1790074717.206,2026-09-22T10:58:37.205+00:00,9878c08e-6a11-4039-bb71-173ca04ecfbd,200,,False,1209.13,129.28,904,773.98,True,119,logs
143,package_size,live,java-default,java,default,1024,follow_up,idle,off,False,update_env,11,,,,1790074718.416,2026-09-22T10:58:38.416+00:00,09005674-21e2-49ca-ae78-61c5eda5f6ba,200,,False,259.481,47.6,48,,False,119,logs
144,package_size,live,nodejs-default,nodejs,default,1024,measure,idle,off,True,update_env,12,,,,1790074720.781,2026-09-22T10:58:40.781+00:00,e8ee0e0e-1e08-43bf-8be7-392b823524f1,200,,False,1875.598,286.08,1452,1165.52,True,127,logs
145,package_size,live,nodejs-default,nodejs,default,1024,follow_up,idle,off,False,update_env,12,,,,1790074722.658,2026-09-22T10:58:42.658+00:00,1e29de9f-fd46-4258-8446-2ba65a828796,200,,False,355.482,182.47,183,,False,136,logs
146,package_size,live,python-optimised,python,optimised,1024,measure,idle,off,True,update_env,12,,,,1790074725.047,2026-09-22T10:58:45.047+00:00,129dbeed-5902-483a-82c3-1fc98b39691a,200,,False,350.671,14.31,88,72.7,True,41,logs
147,package_size,live,python-optimised,python,optimised,1024,follow_up,idle,off,False,update_env,12,,,,1790074725.401,2026-09-22T10:58:45.401+00:00,9f451672-dea6-4020-ba53-de4ccd00cca2,200,,False,196.614,25.52,26,,False,41,logs
148,package_size,live,java-optimised,java,optimised,1024,measure,idle,off,True,update_env,12,,,,1790074727.688,2026-09-22T10:58:47.688+00:00,c690d430-5607-488e-b331-32e08410662a,200,,False,683.936,93.39,411,316.97,True,108,logs
149,package_size,live,java-optimised,java,optimised,1024,follow_up,idle,off,False,update_env,12,,,,1790074728.373,2026-09-22T10:58:48.373+00:00,3c454587-9eca-4b35-b218-25de9b8161c0,200,,False,193.091,19.31,20,,False,108,logs
150,package_size,live,java-default,java,default,1024,measure,idle,off,True,update_env,12,,,,1790074730.738,2026-09-22T10:58:50.737+00:00,b6d27b49-3cb9-4a98-a1bf-08525c628555,200,,False,1047.185,107.45,728,619.59,True,119,logs
151,package_size,live,java-default,java,default,1024,follow_up,idle,off,False,update_env,12,,,,1790074731.786,2026-09-22T10:58:51.786+00:00,e44dd274-511a-43a7-ad07-06d5d977106c,200,,False,212.716,37.55,38,,False,119,logs
152,package_size,live,nodejs-optimised,nodejs,optimised,1024,measure,idle,off,True,update_env,12,,,,1790074734.186,2026-09-22T10:58:54.185+00:00,59699a98-5816-4a74-af79-8b0babb32af1,200,,False,639.969,206.66,354,146.48,True,79,logs
153,package_size,live,nodejs-optimised,nodejs,optimised,1024,follow_up,idle,off,False,update_env,12,,,,1790074734.827,2026-09-22T10:58:54.827+00:00,26d377de-a8ac-4992-95b3-24c4e58f2fa3,200,,False,322.242,149.91,150,,False,79,logs
154,package_size,live,python-default,python,default,1024,measure,idle,off,True,update_env,12,,,,1790074737.256,2026-09-22T10:58:57.256+00:00,fbd6c39e-5db1-425e-94a3-1e9f187860d1,200,,False,4013.076,27.56,3533,3504.74,True,134,logs
155,package_size,live,python-default,python,default,1024,follow_up,idle,off,False,update_env,12,,,,1790074741.272,2026-09-22T10:59:01.271+00:00,c80758f9-730f-4c30-b2e4-78c2e7c67f59,200,,False,197.051,18.76,19,,False,134,logs
156,package_size,live,python-optimised,python,optimised,1024,measure,idle,off,True,update_env,13,,,,1790074743.585,2026-09-22T10:59:03.585+00:00,5082ff86-0d70-4a64-b1f2-a36d11691495,200,,False,404.382,17.96,110,91.87,True,41,logs
157,package_size,live,python-optimised,python,optimised,1024,follow_up,idle,off,False,update_env,13,,,,1790074743.99,2026-09-22T10:59:03.990+00:00,507d02d4-064c-473f-814c-26ce26d11b95,200,,False,195.88,23.02,24,,False,41,logs
158,package_size,live,nodejs-default,nodejs,default,1024,measure,idle,off,True,update_env,13,,,,1790074746.247,2026-09-22T10:59:06.246+00:00,6d36b798-8f52-46b4-b693-8b3403d79fa6,200,,False,1817.523,266.86,1373,1105.74,True,126,logs
159,package_size,live,nodejs-default,nodejs,default,1024,follow_up,idle,off,False,update_env,13,,,,1790074748.067,2026-09-22T10:59:08.067+00:00,9f83d719-0dba-45f1-a79c-f4b3cc205879,200,,False,339.178,166.49,167,,False,136,logs
160,package_size,live,python-default,python,default,1024,measure,idle,off,True,update_env,13,,,,1790074750.662,2026-09-22T10:59:10.661+00:00,5048a0dd-1e13-4e9e-867c-10b66a99ccc5,200,,False,4032.899,30.57,3582,3550.49,True,133,logs
161,package_size,live,python-default,python,default,1024,follow_up,idle,off,False,update_env,13,,,,1790074754.698,2026-09-22T10:59:14.698+00:00,ec056f34-204e-4edd-8f4f-31ee32884551,200,,False,196.301,19.42,20,,False,134,logs
162,package_size,live,nodejs-optimised,nodejs,optimised,1024,measure,idle,off,True,update_env,13,,,,1790074757.003,2026-09-22T10:59:17.003+00:00,6667fb3c-947d-495e-80dc-bf8d024675e8,200,,False,545.101,138.12,260,121.8,True,78,logs
163,package_size,live,nodejs-optimised,nodejs,optimised,1024,follow_up,idle,off,False,update_env,13,,,,1790074757.55,2026-09-22T10:59:17.549+00:00,731e0ce1-bf7b-4a3e-a352-91baac788f89,200,,False,270.671,98.37,99,,False,78,logs
164,package_size,live,java-optimised,java,optimised,1024,measure,idle,off,True,update_env,13,,,,1790074759.988,2026-09-22T10:59:19.988+00:00,c90e15c8-ea58-484c-a2ff-9f24ccc0d8a5,200,,False,903.626,162.24,604,440.91,True,111,logs
165,package_size,live,java-optimised,java,optimised,1024,follow_up,idle,off,False,update_env,13,,,,1790074760.893,2026-09-22T10:59:20.892+00:00,4904f784-07d7-4e2d-a854-e6d79abe6aa2,200,,False,254.91,41.22,42,,False,111,logs
166,package_size,live,java-default,java,default,1024,measure,idle,off,True,update_env,13,,,,1790074763.263,2026-09-22T10:59:23.262+00:00,9207f710-97fc-4e6c-ba49-eb253cfcaf65,200,,False,1030.483,109.28,705,594.91,True,119,logs
167,package_size,live,java-default,java,default,1024,follow_up,idle,off,False,update_env,13,,,,1790074764.294,2026-09-22T10:59:24.294+00:00,eabcbca0-13c4-43e2-9d3f-8572d5f34006,200,,False,212.211,34.06,35,,False,119,logs
168,package_size,live,python-optimised,python,optimised,1024,measure,idle,off,True,update_env,14,,,,1790074766.708,2026-09-22T10:59:26.708+00:00,e3ea96b5-8965-4353-96dd-8b69d3f348ee,200,,False,413.177,26.51,97,70.08,True,42,logs
169,package_size,live,python-optimised,python,optimised,1024,follow_up,idle,off,False,update_env,14,,,,1790074767.124,2026-09-22T10:59:27.124+00:00,11f65a10-72bf-4f2d-8f81-1ea0a298390a,200,,False,195.876,22.62,23,,False,42,logs
170,package_size,live,java-default,java,default,1024,measure,idle,off,True,update_env,14,,,,1790074769.467,2026-09-22T10:59:29.466+00:00,e0dbb2a3-de51-47be-b6dd-6a08dc9eb5f0,200,,False,1118.828,105.75,729,622.65,True,108,logs
171,package_size,live,java-default,java,default,1024,follow_up,idle,off,False,update_env,14,,,,1790074770.586,2026-09-22T10:59:30.586+00:00,05de3ec4-81ca-4b1e-910a-b2476991b4cf,200,,False,196.1,19.68,20,,False,108,logs
172,package_size,live,python-default,python,default,1024,measure,idle,off,True,update_env,14,,,,1790074772.979,2026-09-22T10:59:32.978+00:00,7d42d35a-aa9b-48af-b10a-77f5611f8b50,200,,False,3815.143,29.7,3316,3285.66,True,132,logs
173,package_size,live,python-default,python,default,1024,follow_up,idle,off,False,update_env,14,,,,1790074776.797,2026-09-22T10:59:36.797+00:00,66aa80bf-adfa-4b82-a3d8-f6d9b9c2f31c,200,,False,214.58,33.54,34,,False,133,logs
174,package_size,live,nodejs-default,nodejs,default,1024,measure,idle,off,True,update_env,14,,,,1790074779.08,2026-09-22T10:59:39.079+00:00,99396dd0-264b-4b9e-9edd-8bf502fe3bce,200,,False,1792.589,245.52,1347,1101.39,True,124,logs
175,package_size,live,nodejs-default,nodejs,default,1024,follow_up,idle,off,False,update_env,14,,,,1790074780.874,2026-09-22T10:59:40.873+00:00,928a6d3f-e249-4882-ae3d-cb6b539aa403,200,,False,359.67,183.65,184,,False,132,logs
176,package_size,live,nodejs-optimised,nodejs,optimised,1024,measure,idle,off,True,update_env,14,,,,1790074783.399,2026-09-22T10:59:43.399+00:00,b90626b8-5996-4512-b691-9f500091a650,200,,False,548.604,150.91,265,113.7,True,80,logs
177,package_size,live,nodejs-optimised,nodejs,optimised,1024,follow_up,idle,off,False,update_env,14,,,,1790074783.951,2026-09-22T10:59:43.950+00:00,b45dc374-c28a-4b80-bfe6-97e61d856f25,200,,False,284.231,107.11,108,,False,80,logs
178,package_size,live,java-optimised,java,optimised,1024,measure,idle,off,True,update_env,14,,,,1790074786.375,2026-09-22T10:59:46.375+00:00,45044ce9-c86e-48bb-92a9-0f9c332cbc30,200,,False,824.269,122.82,539,415.47,True,109,logs
179,package_size,live,java-optimised,java,optimised,1024,follow_up,idle,off,False,update_env,14,,,,1790074787.2,2026-09-22T10:59:47.200+00:00,bd2920f3-d530-4a3e-8e47-e60f81ead540,200,,False,233.392,52.68,53,,False,109,logs
180,package_size,live,java-optimised,java,optimised,1024,measure,idle,off,True,update_env,15,,,,1790074789.579,2026-09-22T10:59:49.579+00:00,61d47ef9-ec94-4e89-8da2-b9105dd8f71f,200,,False,807.046,114.63,523,407.74,True,107,logs
181,package_size,live,java-optimised,java,optimised,1024,follow_up,idle,off,False,update_env,15,,,,1790074790.39,2026-09-22T10:59:50.389+00:00,765f8331-9d62-4ee9-8efb-0d737d0bd743,200,,False,211.922,36.64,37,,False,107,logs
182,package_size,live,python-optimised,python,optimised,1024,measure,idle,off,True,update_env,15,,,,1790074792.703,2026-09-22T10:59:52.703+00:00,cd823cb0-9d5b-489b-ba77-a6408db26347,200,,False,427.157,20.53,90,68.88,True,42,logs
183,package_size,live,python-optimised,python,optimised,1024,follow_up,idle,off,False,update_env,15,,,,1790074793.132,2026-09-22T10:59:53.131+00:00,7a8cbf6d-2a54-4dcb-9a4e-6e082a513722,200,,False,203.35,27.43,28,,False,42,logs
184,package_size,live,python-default,python,default,1024,measure,idle,off,True,update_env,15,,,,1790074795.484,2026-09-22T10:59:55.484+00:00,426421b7-3dc6-4687-b836-8c4edc0d5a2b,200,,False,3207.147,16.79,2809,2792.2,True,132,logs
185,package_size,live,python-default,python,default,1024,follow_up,idle,off,False,update_env,15,,,,1790074798.693,2026-09-22T10:59:58.692+00:00,a9bf8c1a-d420-4e8b-b240-f5ff4dfa2949,200,,False,205.574,24.61,25,,False,133,logs
186,package_size,live,nodejs-default,nodejs,default,1024,measure,idle,off,True,update_env,15,,,,1790074800.993,2026-09-22T11:00:00.993+00:00,cde9ebc5-614f-4dde-b00d-ae090e079d07,200,,False,1572.818,194.84,1136,940.69,True,127,logs
187,package_size,live,nodejs-default,nodejs,default,1024,follow_up,idle,off,False,update_env,15,,,,1790074802.568,2026-09-22T11:00:02.567+00:00,bad7731f-4246-4678-a6a5-25347eecd2e5,200,,False,283.678,109.08,110,,False,136,logs
188,package_size,live,nodejs-optimised,nodejs,optimised,1024,measure,idle,off,True,update_env,15,,,,1790074804.951,2026-09-22T11:00:04.951+00:00,97a25b5f-68b2-4ba8-bd02-1d06a3b67de6,200,,False,687.484,192.06,331,138.26,True,78,logs
189,package_size,live,nodejs-optimised,nodejs,optimised,1024,follow_up,idle,off,False,update_env,15,,,,1790074805.64,2026-09-22T11:00:05.639+00:00,2f9b8179-c1fc-4c19-ae33-61990cca14fa,200,,False,395.396,147.76,148,,False,78,logs
190,package_size,live,java-default,java,default,1024,measure,idle,off,True,update_env,15,,,,1790074808.085,2026-09-22T11:00:08.085+00:00,852639ae-2a2d-4473-8433-3a1d1845486f,200,,False,1359.009,117.77,873,754.36,True,119,logs
191,package_size,live,java-default,java,default,1024,follow_up,idle,off,False,update_env,15,,,,1790074809.445,2026-09-22T11:00:09.445+00:00,0da79246-4601-4aa1-9c1e-8d908b76e964,200,,False,212.848,38.15,39,,False,119,logs
192,package_size,live,java-default,java,default,1024,measure,idle,off,True,update_env,16,,,,1790074811.839,2026-09-22T11:00:11.839+00:00,360f6188-c559-4cac-8570-aa763841f9c1,200,,False,1220.546,116.46,921,804.28,True,119,logs
193,package_size,live,java-default,java,default,1024,follow_up,idle,off,False,update_env,16,,,,1790074813.061,2026-09-22T11:00:13.060+00:00,e172d635-fc94-4353-84f1-2edd92dab108,200,,False,214.846,39.33,40,,False,119,logs
194,package_size,live,python-optimised,python,optimised,1024,measure,idle,off,True,update_env,16,,,,1790074815.546,2026-09-22T11:00:15.546+00:00,5bfd108b-c3aa-4d69-a8b2-8cb21f4e5402,200,,False,373.31,16.52,89,71.62,True,41,logs
195,package_size,live,python-optimised,python,optimised,1024,follow_up,idle,off,False,update_env,16,,,,1790074815.921,2026-09-22T11:00:15.920+00:00,89d70431-e1b2-4852-a38c-3fcd9addd02b,200,,False,198.415,20.25,21,,False,41,logs
196,package_size,live,nodejs-default,nodejs,default,1024,measure,idle,off,True,update_env,16,,,,1790074818.192,2026-09-22T11:00:18.192+00:00,f08480f2-78de-4924-af0d-4c42a3b280d7,200,,False,1772.123,250.45,1355,1104.08,True,125,logs
197,package_size,live,nodejs-default,nodejs,default,1024,follow_up,idle,off,False,update_env,16,,,,1790074819.965,2026-09-22T11:00:19.965+00:00,6cca1509-3e39-475a-85db-082917a38a09,200,,False,427.906,192.23,193,,False,136,logs
198,package_size,live,python-default,python,default,1024,measure,idle,off,True,update_env,16,,,,1790074822.552,2026-09-22T11:00:22.552+00:00,175e9343-8435-4e71-b423-3e64bc0b5e23,200,,False,4020.189,27.1,3522,3494.87,True,133,logs
199,package_size,live,python-default,python,default,1024,follow_up,idle,off,False,update_env,16,,,,1790074826.574,2026-09-22T11:00:26.573+00:00,c2c870ad-e7e1-4e2a-b973-3e44e558dc3f,200,,False,199.426,26.43,27,,False,133,logs
200,package_size,live,nodejs-optimised,nodejs,optimised,1024,measure,idle,off,True,update_env,16,,,,1790074829.001,2026-09-22T11:00:29.000+00:00,cee7a891-79f0-43f7-a4cb-b11f8ceeb98b,200,,False,597.092,187.87,316,127.34,True,80,logs
201,package_size,live,nodejs-optimised,nodejs,optimised,1024,follow_up,idle,off,False,update_env,16,,,,1790074829.599,2026-09-22T11:00:29.598+00:00,07f25e0f-05d0-4554-8b9c-a45a3c6c2474,200,,False,300.727,95.01,96,,False,80,logs
202,package_size,live,java-optimised,java,optimised,1024,measure,idle,off,True,update_env,16,,,,1790074831.955,2026-09-22T11:00:31.954+00:00,126a3be7-6465-405a-b7d8-16b098bf1ff2,200,,False,831.48,129.52,537,407.47,True,109,logs
203,package_size,live,java-optimised,java,optimised,1024,follow_up,idle,off,False,update_env,16,,,,1790074832.788,2026-09-22T11:00:32.787+00:00,75e9196c-1609-4789-982f-498efe426beb,200,,False,213.615,36.65,37,,False,109,logs
204,package_size,live,nodejs-optimised,nodejs,optimised,1024,measure,idle,off,True,update_env,17,,,,1790074835.076,2026-09-22T11:00:35.076+00:00,97c1335b-eff6-4bb0-9bd0-7264452e1462,200,,False,646.099,203.32,348,144.12,True,78,logs
205,package_size,live,nodejs-optimised,nodejs,optimised,1024,follow_up,idle,off,False,update_env,17,,,,1790074835.723,2026-09-22T11:00:35.723+00:00,9aaae8aa-57cd-4b12-bc18-e2b30c236e39,200,,False,422.483,143.52,144,,False,78,logs
206,package_size,live,python-optimised,python,optimised,1024,measure,idle,off,True,update_env,17,,,,1790074838.226,2026-09-22T11:00:38.226+00:00,1568deb4-8eb1-4e41-aa36-6e5cd9fd2f4c,200,,False,374.36,18.91,93,74.06,True,41,logs
207,package_size,live,python-optimised,python,optimised,1024,follow_up,idle,off,False,update_env,17,,,,1790074838.603,2026-09-22T11:00:38.603+00:00,d4e76a58-a26d-4177-b8cf-5500dfbb063a,200,,False,196.732,25.59,26,,False,41,logs
208,package_size,live,java-optimised,java,optimised,1024,measure,idle,off,True,update_env,17,,,,1790074840.962,2026-09-22T11:00:40.962+00:00,d74d60c6-b767-4bc6-8996-be36647d08f8,200,,False,816.11,113.16,446,331.9,True,109,logs
209,package_size,live,java-optimised,java,optimised,1024,follow_up,idle,off,False,update_env,17,,,,1790074841.779,2026-09-22T11:00:41.778+00:00,7930ce56-9a8f-4881-81f9-eb0310e7301c,200,,False,205.412,28.19,29,,False,109,logs
210,package_size,live,python-default,python,default,1024,measure,idle,off,True,update_env,17,,,,1790074844.106,2026-09-22T11:00:44.105+00:00,ba837921-fb85-4b82-b8e7-ccd07259551d,200,,False,3199.742,19.86,2758,2737.45,True,133,logs
211,package_size,live,python-default,python,default,1024,follow_up,idle,off,False,update_env,17,,,,1790074847.308,2026-09-22T11:00:47.308+00:00,65b943f8-b8ca-4790-a5d4-69c002f827c0,200,,False,197.375,19.16,20,,False,133,logs
212,package_size,live,nodejs-default,nodejs,default,1024,measure,idle,off,True,update_env,17,,,,1790074849.752,2026-09-22T11:00:49.752+00:00,9f02c379-57fd-4a91-a74e-e8ffbc962b52,200,,False,1470.616,129.13,1031,900.97,True,125,logs
213,package_size,live,nodejs-default,nodejs,default,1024,follow_up,idle,off,False,update_env,17,,,,1790074851.224,2026-09-22T11:00:51.224+00:00,6d8650d3-8164-4cf4-824a-a700f5a5e907,200,,False,300.509,123.98,124,,False,132,logs
214,package_size,live,java-default,java,default,1024,measure,idle,off,True,update_env,17,,,,1790074853.643,2026-09-22T11:00:53.643+00:00,3c767f03-409b-45f5-ab79-b342ad63e336,200,,False,1247.189,131.4,885,753.28,True,119,logs
215,package_size,live,java-default,java,default,1024,follow_up,idle,off,False,update_env,17,,,,1790074854.891,2026-09-22T11:00:54.891+00:00,e38b1bf6-1ef6-403c-a489-551953a1b20f,200,,False,210.982,37.04,38,,False,119,logs
216,package_size,live,python-optimised,python,optimised,1024,measure,idle,off,True,update_env,18,,,,1790074857.212,2026-09-22T11:00:57.211+00:00,60ca4641-d0a1-415f-86b3-7a0932b18717,200,,False,406.66,12.8,85,71.33,True,41,logs
217,package_size,live,python-optimised,python,optimised,1024,follow_up,idle,off,False,update_env,18,,,,1790074857.619,2026-09-22T11:00:57.618+00:00,a40fe648-eb00-40c8-9126-15885fb10bbc,200,,False,187.375,18.6,19,,False,41,logs
218,package_size,live,python-default,python,default,1024,measure,idle,off,True,update_env,18,,,,1790074859.938,2026-09-22T11:00:59.938+00:00,654fdb2d-f017-4527-a5f7-cd7e0c531a0e,200,,False,3996.39,27.26,3484,3456.5,True,135,logs
219,package_size,live,python-default,python,default,1024,follow_up,idle,off,False,update_env,18,,,,1790074863.937,2026-09-22T11:01:03.936+00:00,b874e82b-5349-4ebd-a6aa-1d3609c0fec6,200,,False,195.315,16.8,17,,False,135,logs
220,package_size,live,nodejs-optimised,nodejs,optimised,1024,measure,idle,off,True,update_env,18,,,,1790074866.289,2026-09-22T11:01:06.289+00:00,7f78f765-1081-491b-8538-c10e12a79af4,200,,False,560.588,159.2,276,116.03,True,78,logs
221,package_size,live,nodejs-optimised,nodejs,optimised,1024,follow_up,idle,off,False,update_env,18,,,,1790074866.851,2026-09-22T11:01:06.850+00:00,9e75cc15-c88a-4a97-b675-092c5f3f546e,200,,False,281.366,101.0,102,,False,78,logs
222,package_size,live,nodejs-default,nodejs,default,1024,measure,idle,off,True,update_env,18,,,,1790074869.249,2026-09-22T11:01:09.248+00:00,573fa612-5a72-4d04-94ac-c9a3ab8e3a4f,200,,False,1815.995,236.56,1367,1130.02,True,128,logs
223,package_size,live,nodejs-default,nodejs,default,1024,follow_up,idle,off,False,update_env,18,,,,1790074871.068,2026-09-22T11:01:11.067+00:00,02b2133e-a259-41b3-860b-75f49a65fe9b,200,,False,409.051,179.26,180,,False,136,logs
224,package_size,live,java-optimised,java,optimised,1024,measure,idle,off,True,update_env,18,,,,1790074873.701,2026-09-22T11:01:13.700+00:00,8084ba84-853a-4147-9936-5f7193cd76e3,200,,False,747.367,95.4,423,326.9,True,110,logs
225,package_size,live,java-optimised,java,optimised,1024,follow_up,idle,off,False,update_env,18,,,,1790074874.45,2026-09-22T11:01:14.449+00:00,f0fa8e9d-6272-4473-82a7-0efbd04754d7,200,,False,192.879,18.95,19,,False,110,logs
226,package_size,live,java-default,java,default,1024,measure,idle,off,True,update_env,18,,,,1790074876.842,2026-09-22T11:01:16.841+00:00,7cef7bcb-c656-4676-9b88-cc5e4892fd1a,200,,False,1265.568,121.23,945,823.32,True,121,logs
227,package_size,live,java-default,java,default,1024,follow_up,idle,off,False,update_env,18,,,,1790074878.108,2026-09-22T11:01:18.108+00:00,caebd969-cc04-49c5-bb43-10ae2b817e3d,200,,False,214.277,39.66,40,,False,121,logs
228,package_size,live,python-default,python,default,1024,measure,idle,off,True,update_env,19,,,,1790074880.491,2026-09-22T11:01:20.490+00:00,742006fb-f864-4b0b-afcf-18d6e911e798,200,,False,3909.378,27.27,3450,3422.06,True,134,logs
229,package_size,live,python-default,python,default,1024,follow_up,idle,off,False,update_env,19,,,,1790074884.401,2026-09-22T11:01:24.401+00:00,d041a9b0-2bb2-4507-a877-8b4284250c24,200,,False,188.43,16.43,17,,False,134,logs
230,package_size,live,java-default,java,default,1024,measure,idle,off,True,update_env,19,,,,1790074886.789,2026-09-22T11:01:26.788+00:00,7a7eb7bb-581b-43d9-876b-57491e6f69e9,200,,False,1240.764,115.62,913,796.8,True,121,logs
231,package_size,live,java-default,java,default,1024,follow_up,idle,off,False,update_env,19,,,,1790074888.031,2026-09-22T11:01:28.031+00:00,421eb080-caa4-4938-9f0f-26b55744f3de,200,,False,215.437,39.81,40,,False,121,logs
232,package_size,live,nodejs-default,nodejs,default,1024,measure,idle,off,True,update_env,19,,,,1790074890.441,2026-09-22T11:01:30.440+00:00,07ac7229-fafc-47ab-aea7-ace8646ff729,200,,False,1517.53,137.67,1050,911.43,True,124,logs
233,package_size,live,nodejs-default,nodejs,default,1024,follow_up,idle,off,False,update_env,19,,,,1790074891.959,2026-09-22T11:01:31.958+00:00,b57d0307-2574-470d-a5e4-93deaeb2ee5f,200,,False,295.078,118.67,119,,False,131,logs
234,package_size,live,nodejs-optimised,nodejs,optimised,1024,measure,idle,off,True,update_env,19,,,,1790074894.326,2026-09-22T11:01:34.325+00:00,4c7c97c4-8db8-456f-9d8b-ba61e8b20f2d,200,,False,642.353,207.68,358,149.56,True,78,logs
235,package_size,live,nodejs-optimised,nodejs,optimised,1024,follow_up,idle,off,False,update_env,19,,,,1790074894.969,2026-09-22T11:01:34.968+00:00,d0ff1ca9-e317-4b12-a8c5-a3a69fa535e0,200,,False,298.527,117.09,118,,False,78,logs
236,package_size,live,python-optimised,python,optimised,1024,measure,idle,off,True,update_env,19,,,,1790074897.348,2026-09-22T11:01:37.347+00:00,7ca6eced-cf32-44d1-8e6a-23bbaac0f171,200,,False,404.481,21.3,109,86.91,True,41,logs
237,package_size,live,python-optimised,python,optimised,1024,follow_up,idle,off,False,update_env,19,,,,1790074897.755,2026-09-22T11:01:37.754+00:00,bcbd040b-59ac-41d7-a627-ea44c79d1b09,200,,False,231.72,19.85,20,,False,41,logs
238,package_size,live,java-optimised,java,optimised,1024,measure,idle,off,True,update_env,19,,,,1790074900.119,2026-09-22T11:01:40.118+00:00,49a2a948-6ece-4b44-9c93-ac45f5e89be4,200,,False,757.85,126.59,473,345.45,True,107,logs
239,package_size,live,java-optimised,java,optimised,1024,follow_up,idle,off,False,update_env,19,,,,1790074900.879,2026-09-22T11:01:40.879+00:00,e3dc92a8-1b10-4ebd-adb3-09df911aea5a,200,,False,253.116,36.85,37,,False,107,logs
240,package_size,live,python-optimised,python,optimised,1024,measure,idle,off,True,update_env,20,,,,1790074903.233,2026-09-22T11:01:43.232+00:00,f6d0681e-bd54-4ad3-aa25-af6aaa8b66ad,200,,False,396.994,23.89,99,74.68,True,41,logs
241,package_size,live,python-optimised,python,optimised,1024,follow_up,idle,off,False,update_env,20,,,,1790074903.632,2026-09-22T11:01:43.632+00:00,4a734629-568f-4b25-a525-1b9640dd3a1e,200,,False,197.078,20.47,21,,False,41,logs
242,package_size,live,java-default,java,default,1024,measure,idle,off,True,update_env,20,,,,1790074906.117,2026-09-22T11:01:46.117+00:00,3a09fdab-f3b0-403f-b695-0827a1df5261,200,,False,1398.439,128.46,920,791.28,True,119,logs
243,package_size,live,java-default,java,default,1024,follow_up,idle,off,False,update_env,20,,,,1790074907.517,2026-09-22T11:01:47.516+00:00,747c1c3e-4089-480c-8c70-2b5d7211a67b,200,,False,224.076,48.34,49,,False,119,logs
244,package_size,live,nodejs-optimised,nodejs,optimised,1024,measure,idle,off,True,update_env,20,,,,1790074909.866,2026-09-22T11:01:49.865+00:00,f1b7c9ad-17b9-4e54-a6e2-50b9fda101bc,200,,False,582.774,177.79,295,117.06,True,79,logs
245,package_size,live,nodejs-optimised,nodejs,optimised,1024,follow_up,idle,off,False,update_env,20,,,,1790074910.452,2026-09-22T11:01:50.451+00:00,2f19383d-ed79-4afc-9cd9-178f7b38db80,200,,False,254.121,84.71,85,,False,79,logs
246,package_size,live,python-default,python,default,1024,measure,idle,off,True,update_env,20,,,,1790074912.838,2026-09-22T11:01:52.837+00:00,4f05ce5c-2ba1-4d04-afba-e00e30d1d972,200,,False,3194.987,12.91,2749,2735.47,True,132,logs
247,package_size,live,python-default,python,default,1024,follow_up,idle,off,False,update_env,20,,,,1790074916.034,2026-09-22T11:01:56.033+00:00,de638d89-e199-4160-8979-e9e8d636bb16,200,,False,200.101,23.3,24,,False,133,logs
248,package_size,live,nodejs-default,nodejs,default,1024,measure,idle,off,True,update_env,20,,,,1790074918.337,2026-09-22T11:01:58.337+00:00,8589b483-87db-426d-a405-44a72cee3785,200,,False,1502.761,178.26,1056,877.49,True,123,logs
249,package_size,live,nodejs-default,nodejs,default,1024,follow_up,idle,off,False,update_env,20,,,,1790074919.841,2026-09-22T11:01:59.841+00:00,69316f7b-7dec-4814-a458-6e5d3a48b853,200,,False,279.585,102.68,103,,False,132,logs
250,package_size,live,java-optimised,java,optimised,1024,measure,idle,off,True,update_env,20,,,,1790074922.34,2026-09-22T11:02:02.339+00:00,3d704d5e-61e9-4efc-ad41-4df5ff9fbf03,200,,False,725.269,107.29,442,333.76,True,109,logs
251,package_size,live,java-optimised,java,optimised,1024,follow_up,idle,off,False,update_env,20,,,,1790074923.067,2026-09-22T11:02:03.067+00:00,4e024367-bcbd-4d65-8cd6-864a9cd32644,200,,False,212.484,32.43,33,,False,109,logs
252,package_size,live,java-default,java,default,1024,measure,idle,off,True,update_env,21,,,,1790074925.551,2026-09-22T11:02:05.550+00:00,53b9f9f5-918a-4f58-8e6b-4143f0b2c17a,200,,False,1199.574,132.85,894,760.46,True,122,logs
253,package_size,live,java-default,java,default,1024,follow_up,idle,off,False,update_env,21,,,,1790074926.751,2026-09-22T11:02:06.751+00:00,70bdafec-5331-44b0-b1f6-836d26e08f6d,200,,False,291.122,51.74,52,,False,122,logs
254,package_size,live,python-default,python,default,1024,measure,idle,off,True,update_env,21,,,,1790074929.445,2026-09-22T11:02:09.445+00:00,027790cb-264e-4383-8273-3583459bd6e2,200,,False,4066.47,27.3,3608,3580.42,True,132,logs
255,package_size,live,python-default,python,default,1024,follow_up,idle,off,False,update_env,21,,,,1790074933.513,2026-09-22T11:02:13.512+00:00,7ca84223-7add-42ca-9537-2cf9eebe0f13,200,,False,194.909,18.74,19,,False,132,logs
256,package_size,live,python-optimised,python,optimised,1024,measure,idle,off,True,update_env,21,,,,1790074935.961,2026-09-22T11:02:15.961+00:00,31c65396-ecc7-4849-a8ea-55460c58897c,200,,False,400.993,17.29,108,90.14,True,41,logs
257,package_size,live,python-optimised,python,optimised,1024,follow_up,idle,off,False,update_env,21,,,,1790074936.365,2026-09-22T11:02:16.364+00:00,c5d475b3-bed0-4c0b-a181-b1565702f8f7,200,,False,199.89,28.95,29,,False,41,logs
258,package_size,live,nodejs-default,nodejs,default,1024,measure,idle,off,True,update_env,21,,,,1790074938.96,2026-09-22T11:02:18.959+00:00,98f0fe86-2de1-472b-a37a-e781f3416ab2,200,,False,1830.77,264.27,1375,1110.18,True,132,logs
259,package_size,live,nodejs-default,nodejs,default,1024,follow_up,idle,off,False,update_env,21,,,,1790074940.792,2026-09-22T11:02:20.791+00:00,7ea34f29-e0fc-4f6e-94a2-80f972f047a6,200,,False,351.801,176.96,177,,False,142,logs
260,package_size,live,nodejs-optimised,nodejs,optimised,1024,measure,idle,off,True,update_env,21,,,,1790074943.363,2026-09-22T11:02:23.363+00:00,0d2a9c6b-080d-44b0-a7ee-81f889e7dfb6,200,,False,664.1,195.46,340,144.12,True,79,logs
261,package_size,live,nodejs-optimised,nodejs,optimised,1024,follow_up,idle,off,False,update_env,21,,,,1790074944.029,2026-09-22T11:02:24.028+00:00,ef1833ab-a046-44a8-9ad8-9f9fa161e23a,200,,False,344.525,124.86,125,,False,79,logs
262,package_size,live,java-optimised,java,optimised,1024,measure,idle,off,True,update_env,21,,,,1790074946.639,2026-09-22T11:02:26.639+00:00,1441cc82-a3d8-44e2-b874-2f06d54e43a0,200,,False,907.112,117.68,552,433.72,True,109,logs
263,package_size,live,java-optimised,java,optimised,1024,follow_up,idle,off,False,update_env,21,,,,1790074947.548,2026-09-22T11:02:27.548+00:00,8cf5d355-068b-4049-9775-e2a1d936c8de,200,,False,247.107,37.41,38,,False,109,logs
264,package_size,live,java-default,java,default,1024,measure,idle,off,True,update_env,22,,,,1790074949.942,2026-09-22T11:02:29.942+00:00,cd6bc865-d782-4ce1-aea3-5568918623d4,200,,False,1275.678,129.41,919,789.08,True,121,logs
265,package_size,live,java-default,java,default,1024,follow_up,idle,off,False,update_env,22,,,,1790074951.221,2026-09-22T11:02:31.221+00:00,0cd3649a-0d88-4e4e-98ae-81c4c285d527,200,,False,333.878,51.49,52,,False,121,logs
266,package_size,live,nodejs-default,nodejs,default,1024,measure,idle,off,True,update_env,22,,,,1790074953.657,2026-09-22T11:02:33.656+00:00,ca7620ec-fbef-47e6-8ab8-abed8080ae96,200,,False,1804.014,273.84,1405,1130.19,True,125,logs
267,package_size,live,nodejs-default,nodejs,default,1024,follow_up,idle,off,False,update_env,22,,,,1790074955.462,2026-09-22T11:02:35.462+00:00,64d8e457-9f35-4deb-a2da-ebbc73c749b6,200,,False,362.572,184.42,185,,False,133,logs
268,package_size,live,nodejs-optimised,nodejs,optimised,1024,measure,idle,off,True,update_env,22,,,,1790074958.074,2026-09-22T11:02:38.074+00:00,6206e3a1-afce-40c7-ae7d-f80ccc5b0a39,200,,False,566.675,163.31,280,116.63,True,79,logs
269,package_size,live,nodejs-optimised,nodejs,optimised,1024,follow_up,idle,off,False,update_env,22,,,,1790074958.642,2026-09-22T11:02:38.642+00:00,688db61d-e813-477d-995e-ee659bf934f6,200,,False,279.842,104.06,105,,False,79,logs
270,package_size,live,python-optimised,python,optimised,1024,measure,idle,off,True,update_env,22,,,,1790074961.017,2026-09-22T11:02:41.016+00:00,435ed9f5-9f04-41ff-9610-9b002eb871df,200,,False,425.766,22.44,110,86.68,True,41,logs
271,package_size,live,python-optimised,python,optimised,1024,follow_up,idle,off,False,update_env,22,,,,1790074961.445,2026-09-22T11:02:41.445+00:00,1901ba8a-6a49-495b-985f-22d39f0450fc,200,,False,216.125,19.47,20,,False,41,logs
272,package_size,live,python-default,python,default,1024,measure,idle,off,True,update_env,22,,,,1790074963.929,2026-09-22T11:02:43.929+00:00,1e27cce8-fe16-461d-912d-2ef417fa9189,200,,False,4230.373,34.62,3619,3584.09,True,135,logs
273,package_size,live,python-default,python,default,1024,follow_up,idle,off,False,update_env,22,,,,1790074968.161,2026-09-22T11:02:48.160+00:00,38fc740d-6949-47a2-a7c6-92750fcfdd8c,200,,False,203.151,26.39,27,,False,135,logs
274,package_size,live,java-optimised,java,optimised,1024,measure,idle,off,True,update_env,22,,,,1790074970.476,2026-09-22T11:02:50.475+00:00,387314b3-ab4c-42d3-9cdc-393786673357,200,,False,740.113,98.75,421,321.82,True,111,logs
275,package_size,live,java-optimised,java,optimised,1024,follow_up,idle,off,False,update_env,22,,,,1790074971.217,2026-09-22T11:02:51.216+00:00,8c662321-9c88-4e5d-aafc-9f98b06ba606,200,,False,212.282,37.05,38,,False,111,logs
276,package_size,live,python-default,python,default,1024,measure,idle,off,True,update_env,23,,,,1790074973.582,2026-09-22T11:02:53.581+00:00,c3145ef2-e24d-4c4f-9ffd-35cb713ce5f5,200,,False,3956.139,17.7,3475,3457.27,True,132,logs
277,package_size,live,python-default,python,default,1024,follow_up,idle,off,False,update_env,23,,,,1790074977.54,2026-09-22T11:02:57.539+00:00,b3cd64c6-09ed-42ca-912c-8c94984c7c32,200,,False,199.449,27.27,28,,False,132,logs
278,package_size,live,nodejs-default,nodejs,default,1024,measure,idle,off,True,update_env,23,,,,1790074979.851,2026-09-22T11:02:59.851+00:00,1beb6ce9-a0be-42ae-94dd-8f7076bcb808,200,,False,1824.101,236.12,1375,1138.16,True,129,logs
279,package_size,live,nodejs-default,nodejs,default,1024,follow_up,idle,off,False,update_env,23,,,,1790074981.676,2026-09-22T11:03:01.676+00:00,cf2b0492-971e-494a-a8e1-182483b2e106,200,,False,340.097,167.4,168,,False,138,logs
280,package_size,live,nodejs-optimised,nodejs,optimised,1024,measure,idle,off,True,update_env,23,,,,1790074984.211,2026-09-22T11:03:04.210+00:00,09ddca71-c9cf-4971-bfae-3bed539063fe,200,,False,623.188,171.4,301,129.24,True,79,logs
281,package_size,live,nodejs-optimised,nodejs,optimised,1024,follow_up,idle,off,False,update_env,23,,,,1790074984.835,2026-09-22T11:03:04.834+00:00,76f8f7bc-092b-4cde-a871-82dc8098e22d,200,,False,279.736,105.36,106,,False,79,logs
282,package_size,live,java-default,java,default,1024,measure,idle,off,True,update_env,23,,,,1790074987.178,2026-09-22T11:03:07.177+00:00,19a9b601-ff11-461f-bd7e-1c6515d7f347,200,,False,1228.493,128.68,932,802.74,True,121,logs
283,package_size,live,java-default,java,default,1024,follow_up,idle,off,False,update_env,23,,,,1790074988.407,2026-09-22T11:03:08.407+00:00,e049f143-c1fb-439d-929f-e9536d3ae8a7,200,,False,281.452,40.44,41,,False,121,logs
284,package_size,live,java-optimised,java,optimised,1024,measure,idle,off,True,update_env,23,,,,1790074990.827,2026-09-22T11:03:10.827+00:00,b816b0e3-b561-49ef-aab8-6bb23e7217be,200,,False,835.433,116.07,541,424.79,True,108,logs
285,package_size,live,java-optimised,java,optimised,1024,follow_up,idle,off,False,update_env,23,,,,1790074991.664,2026-09-22T11:03:11.664+00:00,55e4e396-a2e0-41ed-82d9-885a00f2881f,200,,False,213.547,40.3,41,,False,108,logs
286,package_size,live,python-optimised,python,optimised,1024,measure,idle,off,True,update_env,23,,,,1790074994.16,2026-09-22T11:03:14.160+00:00,c6bc131f-9fa3-479d-a608-56a00b502a01,200,,False,415.691,33.05,124,90.07,True,43,logs
287,package_size,live,python-optimised,python,optimised,1024,follow_up,idle,off,False,update_env,23,,,,1790074994.578,2026-09-22T11:03:14.578+00:00,6112636e-db00-40ce-b82f-a8cdd7c8ed69,200,,False,198.363,26.82,27,,False,43,logs
288,package_size,live,java-optimised,java,optimised,1024,measure,idle,off,True,update_env,24,,,,1790074996.968,2026-09-22T11:03:16.968+00:00,628000c1-ce38-411d-8484-6c7c9ebb156d,200,,False,852.816,124.84,561,436.01,True,107,logs
289,package_size,live,java-optimised,java,optimised,1024,follow_up,idle,off,False,update_env,24,,,,1790074997.823,2026-09-22T11:03:17.822+00:00,3cda031e-27cb-4da9-956a-a8bd79a043b1,200,,False,211.754,39.24,40,,False,107,logs
290,package_size,live,python-optimised,python,optimised,1024,measure,idle,off,True,update_env,24,,,,1790075000.226,2026-09-22T11:03:20.225+00:00,9c09eb51-2f86-4c5a-961f-496247d179a9,200,,False,522.012,26.94,119,91.19,True,41,logs
291,package_size,live,python-optimised,python,optimised,1024,follow_up,idle,off,False,update_env,24,,,,1790075000.752,2026-09-22T11:03:20.751+00:00,f5689f31-aeaf-421e-8c34-daeb936ee145,200,,False,202.304,26.7,27,,False,41,logs
292,package_size,live,python-default,python,default,1024,measure,idle,off,True,update_env,24,,,,1790075003.064,2026-09-22T11:03:23.064+00:00,132e40c5-0d8d-420c-9f8a-bffa5514c765,200,,False,3174.705,23.96,2766,2741.25,True,133,logs
293,package_size,live,python-default,python,default,1024,follow_up,idle,off,False,update_env,24,,,,1790075006.24,2026-09-22T11:03:26.240+00:00,d61d9c63-d4ec-4329-b104-caab14ae1a78,200,,False,187.005,13.02,14,,False,133,logs
294,package_size,live,nodejs-optimised,nodejs,optimised,1024,measure,idle,off,True,update_env,24,,,,1790075008.504,2026-09-22T11:03:28.503+00:00,fdd6e91a-a8f6-4458-891a-220a0af5cf2b,200,,False,660.896,213.11,360,146.06,True,79,logs
295,package_size,live,nodejs-optimised,nodejs,optimised,1024,follow_up,idle,off,False,update_env,24,,,,1790075009.166,2026-09-22T11:03:29.165+00:00,1bf8ca47-072e-4eec-ac30-8cdbd57b970e,200,,False,300.171,126.75,127,,False,79,logs
296,package_size,live,nodejs-default,nodejs,default,1024,measure,idle,off,True,update_env,24,,,,1790075011.628,2026-09-22T11:03:31.627+00:00,0faa3212-e689-49b2-b63f-c8c3ecd2dd26,200,,False,1822.858,206.08,1339,1132.54,True,125,logs
297,package_size,live,nodejs-default,nodejs,default,1024,follow_up,idle,off,False,update_env,24,,,,1790075013.453,2026-09-22T11:03:33.453+00:00,4aa755ba-149d-4cb8-8515-83b43ae98c2a,200,,False,405.041,174.8,175,,False,132,logs
298,package_size,live,java-default,java,default,1024,measure,idle,off,True,update_env,24,,,,1790075016.025,2026-09-22T11:03:36.025+00:00,3481fa18-688c-4fbb-9e2e-3b5060f3b796,200,,False,1056.625,93.48,722,627.94,True,122,logs
299,package_size,live,java-default,java,default,1024,follow_up,idle,off,False,update_env,24,,,,1790075017.083,2026-09-22T11:03:37.082+00:00,8dc61c8d-0e26-4b23-9bd9-b7e53548f3be,200,,False,200.801,28.79,29,,False,123,logs
300,package_size,live,java-default,java,default,1024,measure,idle,off,True,update_env,25,,,,1790075019.387,2026-09-22T11:03:39.387+00:00,f5699bfd-51d7-41d4-8ee2-0759c856069b,200,,False,1283.837,128.07,892,763.24,True,119,logs
301,package_size,live,java-default,java,default,1024,follow_up,idle,off,False,update_env,25,,,,1790075020.672,2026-09-22T11:03:40.672+00:00,25db0c60-52bb-47af-97d2-fb25a6208fec,200,,False,261.418,47.31,48,,False,119,logs
302,package_size,live,python-optimised,python,optimised,1024,measure,idle,off,True,update_env,25,,,,1790075023.031,2026-09-22T11:03:43.031+00:00,9afbbe5c-0ed6-439d-8536-20b81164e03d,200,,False,442.963,27.5,117,89.22,True,41,logs
303,package_size,live,python-optimised,python,optimised,1024,follow_up,idle,off,False,update_env,25,,,,1790075023.476,2026-09-22T11:03:43.476+00:00,0bc4685c-8e19-48b7-af55-07e2b09d9f72,200,,False,210.1,32.5,33,,False,42,logs
304,package_size,live,java-optimised,java,optimised,1024,measure,idle,off,True,update_env,25,,,,1790075025.914,2026-09-22T11:03:45.913+00:00,751107ac-ec1e-4f19-ba4c-ab9f960decb8,200,,False,828.505,129.62,545,414.51,True,107,logs
305,package_size,live,java-optimised,java,optimised,1024,follow_up,idle,off,False,update_env,25,,,,1790075026.744,2026-09-22T11:03:46.743+00:00,ed0d53be-9b4e-4ad5-91fa-2f683a4b66d2,200,,False,281.528,39.23,40,,False,107,logs
306,package_size,live,python-default,python,default,1024,measure,idle,off,True,update_env,25,,,,1790075029.074,2026-09-22T11:03:49.074+00:00,c0e25b73-c8bf-46da-9008-2cca9b910d9d,200,,False,3975.301,27.84,3510,3481.42,True,134,logs
307,package_size,live,python-default,python,default,1024,follow_up,idle,off,False,update_env,25,,,,1790075033.052,2026-09-22T11:03:53.052+00:00,af9c5e05-ae76-415f-a69d-5bdacfc154fc,200,,False,201.306,21.52,22,,False,134,logs
308,package_size,live,nodejs-optimised,nodejs,optimised,1024,measure,idle,off,True,update_env,25,,,,1790075035.352,2026-09-22T11:03:55.351+00:00,6304ab41-b000-4308-be6c-ecc2e0960d23,200,,False,608.074,174.46,315,140.18,True,78,logs
309,package_size,live,nodejs-optimised,nodejs,optimised,1024,follow_up,idle,off,False,update_env,25,,,,1790075035.961,2026-09-22T11:03:55.961+00:00,bc1cdef1-401d-4a30-be64-0a96db881576,200,,False,298.702,126.78,127,,False,78,logs
310,package_size,live,nodejs-default,nodejs,default,1024,measure,idle,off,True,update_env,25,,,,1790075038.299,2026-09-22T11:03:58.299+00:00,6af83830-9a1a-42f1-a0ad-269d1b39c061,200,,False,1840.037,236.34,1364,1127.59,True,125,logs
311,package_size,live,nodejs-default,nodejs,default,1024,follow_up,idle,off,False,update_env,25,,,,1790075040.14,2026-09-22T11:04:00.140+00:00,fe8d349f-e8d3-4e7c-a54d-b0a8d353f5bf,200,,False,347.369,175.71,176,,False,136,logs
312,package_size,live,python-default,python,default,1024,measure,idle,off,True,update_env,26,,,,1790075042.575,2026-09-22T11:04:02.575+00:00,8e48e2b5-dc60-4621-a613-59ae42ee73c0,200,,False,3962.299,28.35,3484,3455.64,True,135,logs
313,package_size,live,python-default,python,default,1024,follow_up,idle,off,False,update_env,26,,,,1790075046.538,2026-09-22T11:04:06.538+00:00,ed803b20-aa6a-4f79-9240-ca1c1fcc36c1,200,,False,198.562,26.84,27,,False,135,logs
314,package_size,live,java-default,java,default,1024,measure,idle,off,True,update_env,26,,,,1790075048.829,2026-09-22T11:04:08.829+00:00,8d4f4d3e-7cd1-4ba0-9994-b770fc3efdde,200,,False,1087.999,110.91,796,684.91,True,122,logs
315,package_size,live,java-default,java,default,1024,follow_up,idle,off,False,update_env,26,,,,1790075049.918,2026-09-22T11:04:09.918+00:00,61020e29-8528-4a4b-86d1-97e0a74e6d93,200,,False,214.577,31.14,32,,False,122,logs
316,package_size,live,nodejs-optimised,nodejs,optimised,1024,measure,idle,off,True,update_env,26,,,,1790075052.654,2026-09-22T11:04:12.654+00:00,ecb85dd4-1bb9-4e63-a761-22aec57146cd,200,,False,587.314,176.17,301,124.0,True,79,logs
317,package_size,live,nodejs-optimised,nodejs,optimised,1024,follow_up,idle,off,False,update_env,26,,,,1790075053.243,2026-09-22T11:04:13.242+00:00,67e5901e-c6d3-4a61-b2b8-6e80bd127251,200,,False,279.698,103.8,104,,False,79,logs
318,package_size,live,python-optimised,python,optimised,1024,measure,idle,off,True,update_env,26,,,,1790075055.537,2026-09-22T11:04:15.537+00:00,6241d444-ea10-41ef-a71b-3e79e2107e14,200,,False,397.316,16.94,108,90.73,True,41,logs
319,package_size,live,python-optimised,python,optimised,1024,follow_up,idle,off,False,update_env,26,,,,1790075055.936,2026-09-22T11:04:15.935+00:00,5fe31e31-1785-4784-8e93-bc387aca00fd,200,,False,189.821,16.54,17,,False,42,logs
320,package_size,live,java-optimised,java,optimised,1024,measure,idle,off,True,update_env,26,,,,1790075058.254,2026-09-22T11:04:18.253+00:00,039ae098-f2fe-4d5c-ad90-20bbe9987dcb,200,,False,869.963,133.48,576,441.92,True,109,logs
321,package_size,live,java-optimised,java,optimised,1024,follow_up,idle,off,False,update_env,26,,,,1790075059.125,2026-09-22T11:04:19.125+00:00,90ea5426-75e7-487d-a9e3-f460bc2bdf39,200,,False,211.604,36.87,37,,False,109,logs
322,package_size,live,nodejs-default,nodejs,default,1024,measure,idle,off,True,update_env,26,,,,1790075061.445,2026-09-22T11:04:21.444+00:00,f3e936c2-a2b0-4d8c-baf3-0a2f2926987d,200,,False,1407.231,121.83,995,872.66,True,127,logs
323,package_size,live,nodejs-default,nodejs,default,1024,follow_up,idle,off,False,update_env,26,,,,1790075062.854,2026-09-22T11:04:22.853+00:00,689c6d7c-e82e-4e25-8806-8d70ad6dc059,200,,False,287.033,97.23,98,,False,133,logs
324,package_size,live,nodejs-default,nodejs,default,1024,measure,idle,off,True,update_env,27,,,,1790075065.299,2026-09-22T11:04:25.298+00:00,6668492d-316a-4bee-9db8-0a2d6860d50e,200,,False,1868.987,292.33,1419,1126.12,True,124,logs
325,package_size,live,nodejs-default,nodejs,default,1024,follow_up,idle,off,False,update_env,27,,,,1790075067.169,2026-09-22T11:04:27.169+00:00,d364d78d-b5b0-49bb-8b68-d0c378921bf6,200,,False,347.274,170.73,171,,False,132,logs
326,package_size,live,python-optimised,python,optimised,1024,measure,idle,off,True,update_env,27,,,,1790075069.652,2026-09-22T11:04:29.651+00:00,6b30e22b-5907-4679-9b41-5c45d209b6ab,200,,False,417.156,27.02,121,93.79,True,41,logs
327,package_size,live,python-optimised,python,optimised,1024,follow_up,idle,off,False,update_env,27,,,,1790075070.074,2026-09-22T11:04:30.073+00:00,f6368847-9fbf-4ea8-863f-b9d377ae3263,200,,False,193.35,19.86,20,,False,41,logs
328,package_size,live,nodejs-optimised,nodejs,optimised,1024,measure,idle,off,True,update_env,27,,,,1790075072.334,2026-09-22T11:04:32.334+00:00,25e46b4b-f537-46d4-b8ed-9bec5f1fa0ae,200,,False,660.73,210.08,360,149.58,True,78,logs
329,package_size,live,nodejs-optimised,nodejs,optimised,1024,follow_up,idle,off,False,update_env,27,,,,1790075072.997,2026-09-22T11:04:32.997+00:00,ceafecb8-5d09-49bc-86ac-a9fe9ca08349,200,,False,302.488,129.49,130,,False,78,logs
330,package_size,live,java-optimised,java,optimised,1024,measure,idle,off,True,update_env,27,,,,1790075075.459,2026-09-22T11:04:35.458+00:00,2cffe0af-1502-4526-aa24-02ec035b28f0,200,,False,822.864,122.16,544,421.16,True,107,logs
331,package_size,live,java-optimised,java,optimised,1024,follow_up,idle,off,False,update_env,27,,,,1790075076.283,2026-09-22T11:04:36.282+00:00,1fd1dc2e-acb1-4ddd-bd8c-3d15ef968f3a,200,,False,212.438,40.87,41,,False,107,logs
332,package_size,live,python-default,python,default,1024,measure,idle,off,True,update_env,27,,,,1790075078.636,2026-09-22T11:04:38.635+00:00,3d833b3a-7b92-4acb-8e94-60cfc560ca18,200,,False,3976.101,30.14,3515,3484.39,True,134,logs
333,package_size,live,python-default,python,default,1024,follow_up,idle,off,False,update_env,27,,,,1790075082.613,2026-09-22T11:04:42.612+00:00,0588fb4f-7820-456b-9463-6627fb4c7a66,200,,False,197.124,21.89,22,,False,134,logs
334,package_size,live,java-default,java,default,1024,measure,idle,off,True,update_env,27,,,,1790075084.887,2026-09-22T11:04:44.886+00:00,27da8cd2-04eb-412b-a929-470ddec7944f,200,,False,1202.081,126.91,915,787.28,True,119,logs
335,package_size,live,java-default,java,default,1024,follow_up,idle,off,False,update_env,27,,,,1790075086.09,2026-09-22T11:04:46.089+00:00,a451c7d7-4d7a-46cd-9005-62d25c55251e,200,,False,213.461,36.77,37,,False,119,logs
336,package_size,live,nodejs-optimised,nodejs,optimised,1024,measure,idle,off,True,update_env,28,,,,1790075088.424,2026-09-22T11:04:48.423+00:00,84dc857d-cf58-406e-a1fd-807c329ed228,200,,False,635.637,191.24,346,154.06,True,78,logs
337,package_size,live,nodejs-optimised,nodejs,optimised,1024,follow_up,idle,off,False,update_env,28,,,,1790075089.062,2026-09-22T11:04:49.062+00:00,56629559-e6e1-4c52-8149-cbfa59d040d8,200,,False,316.691,128.24,129,,False,78,logs
338,package_size,live,nodejs-default,nodejs,default,1024,measure,idle,off,True,update_env,28,,,,1790075091.482,2026-09-22T11:04:51.482+00:00,8ade6f4c-60bb-4acd-a50b-cfa195abb216,200,,False,1832.043,264.07,1391,1126.44,True,124,logs
339,package_size,live,nodejs-default,nodejs,default,1024,follow_up,idle,off,False,update_env,28,,,,1790075093.315,2026-09-22T11:04:53.315+00:00,0cd5011c-aac5-4953-8bf2-841e4ecb11bb,200,,False,362.487,180.05,181,,False,133,logs
340,package_size,live,java-optimised,java,optimised,1024,measure,idle,off,True,update_env,28,,,,1790075095.753,2026-09-22T11:04:55.752+00:00,b60f5173-ef23-495c-8dde-ff9e999ac1bd,200,,False,726.389,109.64,437,326.88,True,111,logs
341,package_size,live,java-optimised,java,optimised,1024,follow_up,idle,off,False,update_env,28,,,,1790075096.481,2026-09-22T11:04:56.480+00:00,5b39e7f0-9c35-430a-b02f-f4d733d56492,200,,False,215.15,37.31,38,,False,111,logs
342,package_size,live,java-default,java,default,1024,measure,idle,off,True,update_env,28,,,,1790075098.794,2026-09-22T11:04:58.793+00:00,77c60c4d-2bd5-41f6-8f1e-c26b5d23599e,200,,False,1243.206,127.94,895,766.1,True,119,logs
343,package_size,live,java-default,java,default,1024,follow_up,idle,off,False,update_env,28,,,,1790075100.038,2026-09-22T11:05:00.038+00:00,eaa51d8a-a450-4597-a436-479ca4bc397e,200,,False,219.733,46.81,47,,False,119,logs
344,package_size,live,python-optimised,python,optimised,1024,measure,idle,off,True,update_env,28,,,,1790075102.359,2026-09-22T11:05:02.358+00:00,42a51a97-27b0-4c5c-91b9-e3c0ce9dd539,200,,False,391.766,30.23,103,71.96,True,41,logs
345,package_size,live,python-optimised,python,optimised,1024,follow_up,idle,off,False,update_env,28,,,,1790075102.752,2026-09-22T11:05:02.752+00:00,2da62d9a-89dc-4404-9f8b-d09bacec3a9f,200,,False,238.733,25.02,26,,False,42,logs
346,package_size,live,python-default,python,default,1024,measure,idle,off,True,update_env,28,,,,1790075105.094,2026-09-22T11:05:05.093+00:00,a876bf33-4de4-470d-94f3-4d00f2f3cc31,200,,False,4068.542,24.41,3591,3565.68,True,132,logs
347,package_size,live,python-default,python,default,1024,follow_up,idle,off,False,update_env,28,,,,1790075109.164,2026-09-22T11:05:09.164+00:00,b6a1f0e5-5034-473b-b230-5c3761dbffd6,200,,False,215.11,30.12,31,,False,133,logs
348,package_size,live,java-default,java,default,1024,measure,idle,off,True,update_env,29,,,,1790075111.509,2026-09-22T11:05:11.508+00:00,f7424e31-d682-4aae-a7d9-4b293f88f7e5,200,,False,1061.885,120.96,773,651.4,True,121,logs
349,package_size,live,java-default,java,default,1024,follow_up,idle,off,False,update_env,29,,,,1790075112.574,2026-09-22T11:05:12.573+00:00,c36fa261-23a9-4310-b96b-4445190008d8,200,,False,216.605,36.52,37,,False,121,logs
350,package_size,live,java-optimised,java,optimised,1024,measure,idle,off,True,update_env,29,,,,1790075114.939,2026-09-22T11:05:14.938+00:00,cf788bc7-32ae-4212-966b-789011b4b2fe,200,,False,853.316,120.73,566,444.61,True,109,logs
351,package_size,live,java-optimised,java,optimised,1024,follow_up,idle,off,False,update_env,29,,,,1790075115.793,2026-09-22T11:05:15.793+00:00,04bb12b2-2bf2-4813-b69c-4b40029c3a36,200,,False,212.756,38.88,39,,False,109,logs
352,package_size,live,nodejs-optimised,nodejs,optimised,1024,measure,idle,off,True,update_env,29,,,,1790075118.093,2026-09-22T11:05:18.093+00:00,8f463f6f-809a-4e32-a8bf-ba970033f2e6,200,,False,627.457,195.96,342,145.14,True,78,logs
353,package_size,live,nodejs-optimised,nodejs,optimised,1024,follow_up,idle,off,False,update_env,29,,,,1790075118.722,2026-09-22T11:05:18.722+00:00,c592e70f-4bcb-40c6-b13d-12b92ebd03d2,200,,False,286.497,112.59,113,,False,78,logs
354,package_size,live,python-optimised,python,optimised,1024,measure,idle,off,True,update_env,29,,,,1790075121.211,2026-09-22T11:05:21.210+00:00,3df4dbac-61f7-4248-80db-2c36050847be,200,,False,373.893,26.9,97,69.88,True,41,logs
355,package_size,live,python-optimised,python,optimised,1024,follow_up,idle,off,False,update_env,29,,,,1790075121.586,2026-09-22T11:05:21.585+00:00,edc6d69d-e6cb-47e6-97ed-68c4b03c3a4f,200,,False,198.046,18.89,19,,False,42,logs
356,package_size,live,python-default,python,default,1024,measure,idle,off,True,update_env,29,,,,1790075123.967,2026-09-22T11:05:23.967+00:00,ff95543b-5016-4f15-bc87-1353ad00bd71,200,,False,3978.653,27.38,3523,3494.91,True,133,logs
357,package_size,live,python-default,python,default,1024,follow_up,idle,off,False,update_env,29,,,,1790075127.949,2026-09-22T11:05:27.948+00:00,d578ae51-bb2d-4b55-947f-835afa0bd3d7,200,,False,201.968,17.76,18,,False,133,logs
358,package_size,live,nodejs-default,nodejs,default,1024,measure,idle,off,True,update_env,29,,,,1790075130.251,2026-09-22T11:05:30.250+00:00,30a7b1ee-9b31-41e9-b7ca-5bd4eb054252,200,,False,1944.859,193.94,1324,1129.12,True,126,logs
359,package_size,live,nodejs-default,nodejs,default,1024,follow_up,idle,off,False,update_env,29,,,,1790075132.198,2026-09-22T11:05:32.198+00:00,fc2b1dd8-f75b-4538-bae1-6baeab166db3,200,,False,342.261,164.98,165,,False,133,logs
0,runtime_compare,live,java-optimised,java,optimised,1024,measure,idle,off,True,update_env,0,,,,1790075135.59,2026-09-22T11:05:35.590+00:00,4bf88b95-2ff1-4b60-bdab-7ab67f295c18,200,,False,726.718,97.32,448,350.42,True,109,logs
1,runtime_compare,live,java-optimised,java,optimised,1024,follow_up,idle,off,False,update_env,0,,,,1790075136.318,2026-09-22T11:05:36.318+00:00,9f71f08a-ddc8-4e5a-a877-a829e25d8368,200,,False,222.202,19.66,20,,False,109,logs
2,runtime_compare,live,nodejs-optimised,nodejs,optimised,1024,measure,idle,off,True,update_env,0,,,,1790075138.903,2026-09-22T11:05:38.902+00:00,d311c983-2b93-499a-91f5-3e6ac6aa6423,200,,False,883.477,195.73,600,404.12,True,78,logs
3,runtime_compare,live,nodejs-optimised,nodejs,optimised,1024,follow_up,idle,off,False,update_env,0,,,,1790075139.788,2026-09-22T11:05:39.787+00:00,f677477f-1045-4f8b-9a72-4c22d80923d6,200,,False,299.164,124.0,125,,False,78,logs
4,runtime_compare,live,python-optimised,python,optimised,1024,measure,idle,off,True,update_env,0,,,,1790075142.443,2026-09-22T11:05:42.442+00:00,1aa2712d-4b80-45cf-8b7c-778b7b8b1012,200,,False,430.338,23.29,114,89.96,True,41,logs
5,runtime_compare,live,python-optimised,python,optimised,1024,follow_up,idle,off,False,update_env,0,,,,1790075142.874,2026-09-22T11:05:42.874+00:00,bb3dd028-4ee0-4515-a338-8c6774a7039b,200,,False,198.111,23.25,24,,False,42,logs
6,runtime_compare,live,java-optimised,java,optimised,1024,measure,idle,off,True,update_env,1,,,,1790075145.225,2026-09-22T11:05:45.225+00:00,b4744674-6d46-4e66-88ad-25927c74cff6,200,,False,856.34,139.8,572,431.69,True,111,logs
7,runtime_compare,live,java-optimised,java,optimised,1024,follow_up,idle,off,False,update_env,1,,,,1790075146.083,2026-09-22T11:05:46.082+00:00,a1d21096-8202-44e6-9404-6275a550a08a,200,,False,213.415,38.6,39,,False,111,logs
8,runtime_compare,live,nodejs-optimised,nodejs,optimised,1024,measure,idle,off,True,update_env,1,,,,1790075148.401,2026-09-22T11:05:48.400+00:00,3880bf8f-3d70-4479-9917-16b880f5774b,200,,False,788.139,196.66,343,146.25,True,79,logs
9,runtime_compare,live,nodejs-optimised,nodejs,optimised,1024,follow_up,idle,off,False,update_env,1,,,,1790075149.191,2026-09-22T11:05:49.190+00:00,15dab278-de28-4190-ac48-32734236b8f7,200,,False,333.172,130.6,131,,False,79,logs
10,runtime_compare,live,python-optimised,python,optimised,1024,measure,idle,off,True,update_env,1,,,,1790075151.744,2026-09-22T11:05:51.744+00:00,a5deab8c-a20e-4d7a-a0ed-6303c49271e9,200,,False,390.309,30.55,104,72.93,True,41,logs
11,runtime_compare,live,python-optimised,python,optimised,1024,follow_up,idle,off,False,update_env,1,,,,1790075152.136,2026-09-22T11:05:52.136+00:00,ddecc5bd-cb57-4c61-a9fe-ea052a142e42,200,,False,197.288,22.55,23,,False,41,logs
12,runtime_compare,live,java-optimised,java,optimised,1024,measure,idle,off,True,update_env,2,,,,1790075154.423,2026-09-22T11:05:54.423+00:00,28673473-be13-4b4a-8d34-05a928b74ce3,200,,False,836.485,121.04,549,427.33,True,111,logs
13,runtime_compare,live,java-optimised,java,optimised,1024,follow_up,idle,off,False,update_env,2,,,,1790075155.262,2026-09-22T11:05:55.262+00:00,c55518a1-b8bf-48f3-b4dd-854e0f983e94,200,,False,211.834,36.43,37,,False,111,logs
14,runtime_compare,live,python-optimised,python,optimised,1024,measure,idle,off,True,update_env,2,,,,1790075157.544,2026-09-22T11:05:57.543+00:00,dca3d354-820a-485b-b376-28eac95771e3,200,,False,374.083,16.16,89,72.83,True,42,logs
15,runtime_compare,live,python-optimised,python,optimised,1024,follow_up,idle,off,False,update_env,2,,,,1790075157.919,2026-09-22T11:05:57.919+00:00,72b29ecd-49f9-4545-a8fa-b51e5a172ad1,200,,False,197.832,23.04,24,,False,42,logs
16,runtime_compare,live,nodejs-optimised,nodejs,optimised,1024,measure,idle,off,True,update_env,2,,,,1790075160.15,2026-09-22T11:06:00.150+00:00,0c6e9300-c338-4f3c-af3e-4dee849edf65,200,,False,610.441,159.75,287,126.42,True,80,logs
17,runtime_compare,live,nodejs-optimised,nodejs,optimised,1024,follow_up,idle,off,False,update_env,2,,,,1790075160.763,2026-09-22T11:06:00.763+00:00,eeae33fd-4d99-476c-aac8-5cdb81068253,200,,False,293.438,108.31,109,,False,80,logs
18,runtime_compare,live,python-optimised,python,optimised,1024,measure,idle,off,True,update_env,3,,,,1790075163.281,2026-09-22T11:06:03.280+00:00,d69ec7b9-bad4-496c-818c-59fdfa1d75db,200,,False,416.97,31.83,124,91.78,True,41,logs
19,runtime_compare,live,python-optimised,python,optimised,1024,follow_up,idle,off,False,update_env,3,,,,1790075163.699,2026-09-22T11:06:03.698+00:00,79671de3-9910-4407-b782-b7872176a9cd,200,,False,197.82,21.18,22,,False,42,logs
20,runtime_compare,live,java-optimised,java,optimised,1024,measure,idle,off,True,update_env,3,,,,1790075165.986,2026-09-22T11:06:05.986+00:00,bc3a5304-6723-405c-acbf-9893b7897e97,200,,False,862.662,131.95,573,440.3,True,111,logs
21,runtime_compare,live,java-optimised,java,optimised,1024,follow_up,idle,off,False,update_env,3,,,,1790075166.852,2026-09-22T11:06:06.851+00:00,a148c7f6-4fe8-406f-88c9-6f4a7b10b6bc,200,,False,231.007,49.54,50,,False,111,logs
22,runtime_compare,live,nodejs-optimised,nodejs,optimised,1024,measure,idle,off,True,update_env,3,,,,1790075169.273,2026-09-22T11:06:09.272+00:00,08ae7d57-45e9-4e54-aab5-66600fc035e8,200,,False,601.706,150.57,267,115.85,True,78,logs
23,runtime_compare,live,nodejs-optimised,nodejs,optimised,1024,follow_up,idle,off,False,update_env,3,,,,1790075169.876,2026-09-22T11:06:09.875+00:00,0911bc6a-33be-4869-902b-ab61f56618cf,200,,False,307.741,86.53,87,,False,78,logs
24,runtime_compare,live,nodejs-optimised,nodejs,optimised,1024,measure,idle,off,True,update_env,4,,,,1790075172.311,2026-09-22T11:06:12.311+00:00,1e5ebe56-4659-476f-a4bf-a33fa5599806,200,,False,563.519,148.63,275,125.88,True,79,logs
25,runtime_compare,live,nodejs-optimised,nodejs,optimised,1024,follow_up,idle,off,False,update_env,4,,,,1790075172.877,2026-09-22T11:06:12.876+00:00,e9c9dd39-b0f5-40b2-9e3e-faf8fd24378e,200,,False,276.962,98.0,98,,False,80,logs
26,runtime_compare,live,python-optimised,python,optimised,1024,measure,idle,off,True,update_env,4,,,,1790075175.313,2026-09-22T11:06:15.313+00:00,eec7f019-2aef-4ffc-8276-0f2b5d7d4ecc,200,,False,380.94,28.79,105,75.88,True,41,logs
27,runtime_compare,live,python-optimised,python,optimised,1024,follow_up,idle,off,False,update_env,4,,,,1790075175.696,2026-09-22T11:06:15.695+00:00,96c871ef-11bc-40a3-a354-58559090de19,200,,False,219.887,21.2,22,,False,41,logs
28,runtime_compare,live,java-optimised,java,optimised,1024,measure,idle,off,True,update_env,4,,,,1790075178.227,2026-09-22T11:06:18.227+00:00,1d020e8e-e7a1-4d6e-abc3-1680811b3b01,200,,False,863.492,132.31,544,410.71,True,109,logs
29,runtime_compare,live,java-optimised,java,optimised,1024,follow_up,idle,off,False,update_env,4,,,,1790075179.092,2026-09-22T11:06:19.092+00:00,06812ee3-83f0-4f2a-bce5-4aa4011f7c37,200,,False,228.473,50.91,51,,False,109,logs
30,runtime_compare,live,nodejs-optimised,nodejs,optimised,1024,measure,idle,off,True,update_env,5,,,,1790075181.382,2026-09-22T11:06:21.381+00:00,c3a7d998-2d7b-48b0-b991-8962df4e0f74,200,,False,565.25,166.93,281,113.33,True,79,logs
31,runtime_compare,live,nodejs-optimised,nodejs,optimised,1024,follow_up,idle,off,False,update_env,5,,,,1790075181.951,2026-09-22T11:06:21.950+00:00,b2f2d72e-a4d3-4659-ada9-abacbadc3366,200,,False,274.265,100.14,101,,False,79,logs
32,runtime_compare,live,python-optimised,python,optimised,1024,measure,idle,off,True,update_env,5,,,,1790075184.307,2026-09-22T11:06:24.307+00:00,06876ed7-455c-4b8f-bbde-697cbe2bec10,200,,False,385.535,25.86,105,78.82,True,41,logs
33,runtime_compare,live,python-optimised,python,optimised,1024,follow_up,idle,off,False,update_env,5,,,,1790075184.694,2026-09-22T11:06:24.693+00:00,707bc255-e97c-4799-abe3-20c6267d2b94,200,,False,198.313,24.29,25,,False,42,logs
34,runtime_compare,live,java-optimised,java,optimised,1024,measure,idle,off,True,update_env,5,,,,1790075187.102,2026-09-22T11:06:27.102+00:00,c2baf53c-a912-46d1-bffc-8cb1bdefbede,200,,False,736.099,110.17,457,346.11,True,108,logs
35,runtime_compare,live,java-optimised,java,optimised,1024,follow_up,idle,off,False,update_env,5,,,,1790075187.84,2026-09-22T11:06:27.840+00:00,cd8a4140-c173-4cd2-96bc-89db59b48292,200,,False,196.104,19.06,20,,False,108,logs
36,runtime_compare,live,python-optimised,python,optimised,1024,measure,idle,off,True,update_env,6,,,,1790075190.104,2026-09-22T11:06:30.103+00:00,5c987d80-bd74-47e3-90d7-ad2f522bd065,200,,False,437.762,12.42,80,67.04,True,42,logs
37,runtime_compare,live,python-optimised,python,optimised,1024,follow_up,idle,off,False,update_env,6,,,,1790075190.543,2026-09-22T11:06:30.543+00:00,5fd474c6-b5bf-4fbb-bed0-9f37ea33dde1,200,,False,207.045,11.6,12,,False,42,logs
38,runtime_compare,live,nodejs-optimised,nodejs,optimised,1024,measure,idle,off,True,update_env,6,,,,1790075192.904,2026-09-22T11:06:32.904+00:00,9aaf3415-c6c8-46b0-b015-d8330f5f862c,200,,False,567.873,154.41,272,116.99,True,78,logs
39,runtime_compare,live,nodejs-optimised,nodejs,optimised,1024,follow_up,idle,off,False,update_env,6,,,,1790075193.474,2026-09-22T11:06:33.473+00:00,3347b9ae-94de-410c-b80e-423c212a176c,200,,False,275.305,99.68,100,,False,78,logs
40,runtime_compare,live,java-optimised,java,optimised,1024,measure,idle,off,True,update_env,6,,,,1790075195.883,2026-09-22T11:06:35.883+00:00,09a6800a-d808-4492-a683-83d87d7b4c7a,200,,False,767.362,123.95,467,342.65,True,107,logs
41,runtime_compare,live,java-optimised,java,optimised,1024,follow_up,idle,off,False,update_env,6,,,,1790075196.652,2026-09-22T11:06:36.651+00:00,8cdf8913-ed3e-4d49-a447-7fa2926de9bf,200,,False,200.714,28.07,29,,False,107,logs
42,runtime_compare,live,java-optimised,java,optimised,1024,measure,idle,off,True,update_env,7,,,,1790075199.01,2026-09-22T11:06:39.010+00:00,7b68dbd1-3ba7-470d-8fc6-4c328e3514e6,200,,False,765.622,108.11,431,322.44,True,109,logs
43,runtime_compare,live,java-optimised,java,optimised,1024,follow_up,idle,off,False,update_env,7,,,,1790075199.777,2026-09-22T11:06:39.777+00:00,41e8901d-28f2-49ce-b041-1ac88fd507bb,200,,False,200.945,18.41,19,,False,109,logs
44,runtime_compare,live,nodejs-optimised,nodejs,optimised,1024,measure,idle,off,True,update_env,7,,,,1790075202.098,2026-09-22T11:06:42.098+00:00,3fa2e090-f72a-4ab2-850a-1a32ba62d168,200,,False,643.628,201.75,348,145.3,True,78,logs
45,runtime_compare,live,nodejs-optimised,nodejs,optimised,1024,follow_up,idle,off,False,update_env,7,,,,1790075202.743,2026-09-22T11:06:42.743+00:00,0b7f1760-3dee-4cfa-b5fd-74eebded3498,200,,False,302.524,125.73,126,,False,78,logs
46,runtime_compare,live,python-optimised,python,optimised,1024,measure,idle,off,True,update_env,7,,,,1790075205.224,2026-09-22T11:06:45.223+00:00,2f2dcf57-d318-4e25-94a9-f5150c4d1d8a,200,,False,381.282,29.46,100,69.59,True,41,logs
47,runtime_compare,live,python-optimised,python,optimised,1024,follow_up,idle,off,False,update_env,7,,,,1790075205.606,2026-09-22T11:06:45.606+00:00,0a44d665-efb6-444a-940a-9f75a1edd20f,200,,False,197.035,24.69,25,,False,41,logs
48,runtime_compare,live,nodejs-optimised,nodejs,optimised,1024,measure,idle,off,True,update_env,8,,,,1790075207.865,2026-09-22T11:06:47.865+00:00,5221791b-f14a-440b-acd7-ac3a45497d86,200,,False,571.977,177.2,293,114.82,True,79,logs
49,runtime_compare,live,nodejs-optimised,nodejs,optimised,1024,follow_up,idle,off,False,update_env,8,,,,1790075208.439,2026-09-22T11:06:48.438+00:00,5eaa3896-500e-43d6-a4ac-3b5267c1e882,200,,False,277.673,106.18,107,,False,79,logs
50,runtime_compare,live,java-optimised,java,optimised,1024,measure,idle,off,True,update_env,8,,,,1790075210.815,2026-09-22T11:06:50.815+00:00,1564a4f8-e1ae-4068-a44c-2124d672d0f2,200,,False,746.556,113.65,451,336.89,True,107,logs
51,runtime_compare,live,java-optimised,java,optimised,1024,follow_up,idle,off,False,update_env,8,,,,1790075211.563,2026-09-22T11:06:51.562+00:00,31c01a0d-3e10-41a7-9ed7-a1556325eb58,200,,False,214.655,28.68,29,,False,107,logs
52,runtime_compare,live,python-optimised,python,optimised,1024,measure,idle,off,True,update_env,8,,,,1790075213.98,2026-09-22T11:06:53.980+00:00,0fa3de57-eca9-4542-9221-3481439466a9,200,,False,392.283,17.81,109,90.79,True,42,logs
53,runtime_compare,live,python-optimised,python,optimised,1024,follow_up,idle,off,False,update_env,8,,,,1790075214.375,2026-09-22T11:06:54.375+00:00,816b2355-89fc-46f8-82a4-ae9cc8a5a2d3,200,,False,196.973,20.16,21,,False,42,logs
54,runtime_compare,live,nodejs-optimised,nodejs,optimised,1024,measure,idle,off,True,update_env,9,,,,1790075216.683,2026-09-22T11:06:56.683+00:00,fc00efa4-09fb-4c77-a562-8009236e49ca,200,,False,651.669,181.71,306,123.94,True,79,logs
55,runtime_compare,live,nodejs-optimised,nodejs,optimised,1024,follow_up,idle,off,False,update_env,9,,,,1790075217.336,2026-09-22T11:06:57.335+00:00,5a0dc214-d04c-4ae6-8112-7f02709ace4b,200,,False,281.086,96.26,97,,False,79,logs
56,runtime_compare,live,python-optimised,python,optimised,1024,measure,idle,off,True,update_env,9,,,,1790075219.741,2026-09-22T11:06:59.740+00:00,d9c75150-fce7-4242-9558-ec1991ff9c5a,200,,False,400.906,16.99,109,91.76,True,42,logs
57,runtime_compare,live,python-optimised,python,optimised,1024,follow_up,idle,off,False,update_env,9,,,,1790075220.143,2026-09-22T11:07:00.142+00:00,4ab45687-b829-47f6-84e4-cdd1ee49c570,200,,False,198.745,18.83,19,,False,42,logs
58,runtime_compare,live,java-optimised,java,optimised,1024,measure,idle,off,True,update_env,9,,,,1790075222.523,2026-09-22T11:07:02.523+00:00,b821d3b9-cee8-4bf7-ad01-e9ed9d440da1,200,,False,845.535,140.49,552,410.87,True,109,logs
59,runtime_compare,live,java-optimised,java,optimised,1024,follow_up,idle,off,False,update_env,9,,,,1790075223.369,2026-09-22T11:07:03.369+00:00,891abdc8-cc7a-4999-aaa9-9298d7546c78,200,,False,437.942,41.53,42,,False,109,logs
60,runtime_compare,live,nodejs-optimised,nodejs,optimised,1024,measure,idle,off,True,update_env,10,,,,1790075225.948,2026-09-22T11:07:05.948+00:00,ed14b02c-6278-4e19-84e3-7c123e6c9161,200,,False,563.56,159.29,276,116.11,True,79,logs
61,runtime_compare,live,nodejs-optimised,nodejs,optimised,1024,follow_up,idle,off,False,update_env,10,,,,1790075226.513,2026-09-22T11:07:06.512+00:00,58b7e44b-eb91-49b7-9e3d-73ed285b7e02,200,,False,281.73,107.85,108,,False,79,logs
62,runtime_compare,live,java-optimised,java,optimised,1024,measure,idle,off,True,update_env,10,,,,1790075229.107,2026-09-22T11:07:09.106+00:00,a1864c14-4522-4d61-b1cc-f96097fc939b,200,,False,983.997,97.04,427,329.18,True,109,logs
63,runtime_compare,live,java-optimised,java,optimised,1024,follow_up,idle,off,False,update_env,10,,,,1790075230.093,2026-09-22T11:07:10.093+00:00,5977203b-d301-470e-b367-6729e0a52bb3,200,,False,192.908,19.29,20,,False,109,logs
64,runtime_compare,live,python-optimised,python,optimised,1024,measure,idle,off,True,update_env,10,,,,1790075232.368,2026-09-22T11:07:12.367+00:00,745e4aed-dcc0-4874-a6d1-96f807af446a,200,,False,383.484,31.35,104,72.29,True,41,logs
65,runtime_compare,live,python-optimised,python,optimised,1024,follow_up,idle,off,False,update_env,10,,,,1790075232.752,2026-09-22T11:07:12.751+00:00,89e75bd1-15cc-4a6d-afa8-05d20a02a95a,200,,False,256.626,26.46,27,,False,41,logs
66,runtime_compare,live,java-optimised,java,optimised,1024,measure,idle,off,True,update_env,11,,,,1790075235.135,2026-09-22T11:07:15.135+00:00,84853f81-1d60-48b0-99ca-e7e56fd29fab,200,,False,874.672,142.17,582,438.89,True,109,logs
67,runtime_compare,live,java-optimised,java,optimised,1024,follow_up,idle,off,False,update_env,11,,,,1790075236.011,2026-09-22T11:07:16.011+00:00,c7acc9c5-150d-4c11-9de6-134681a5b8cb,200,,False,213.07,38.77,39,,False,109,logs
68,runtime_compare,live,python-optimised,python,optimised,1024,measure,idle,off,True,update_env,11,,,,1790075238.334,2026-09-22T11:07:18.333+00:00,f0ffe816-6e34-47c3-84eb-e3cdea0ccef2,200,,False,441.454,30.23,101,70.36,True,42,logs
69,runtime_compare,live,python-optimised,python,optimised,1024,follow_up,idle,off,False,update_env,11,,,,1790075238.776,2026-09-22T11:07:18.776+00:00,3a8a5887-884b-484d-b04d-f14f93625133,200,,False,196.886,21.29,22,,False,42,logs
70,runtime_compare,live,nodejs-optimised,nodejs,optimised,1024,measure,idle,off,True,update_env,11,,,,1790075241.151,2026-09-22T11:07:21.150+00:00,52b3724c-f4f1-4ef2-8464-b02e2d8380a3,200,,False,643.535,206.3,352,144.96,True,79,logs
71,runtime_compare,live,nodejs-optimised,nodejs,optimised,1024,follow_up,idle,off,False,update_env,11,,,,1790075241.795,2026-09-22T11:07:21.795+00:00,a1160ad1-3d8b-4d9a-b795-9a72bf33b18a,200,,False,318.343,141.27,142,,False,79,logs
72,runtime_compare,live,nodejs-optimised,nodejs,optimised,1024,measure,idle,off,True,update_env,12,,,,1790075244.244,2026-09-22T11:07:24.244+00:00,b24ff024-28f7-4c6d-9a81-e3525b366382,200,,False,654.12,204.37,354,148.9,True,79,logs
73,runtime_compare,live,nodejs-optimised,nodejs,optimised,1024,follow_up,idle,off,False,update_env,12,,,,1790075244.9,2026-09-22T11:07:24.899+00:00,b18afe3c-15a4-47f4-b85e-62ff356dc890,200,,False,298.498,123.71,124,,False,79,logs
74,runtime_compare,live,python-optimised,python,optimised,1024,measure,idle,off,True,update_env,12,,,,1790075247.443,2026-09-22T11:07:27.442+00:00,eefa5f73-a6c1-4787-8ca6-f4ddb7657da3,200,,False,388.243,16.65,102,85.12,True,41,logs
75,runtime_compare,live,python-optimised,python,optimised,1024,follow_up,idle,off,False,update_env,12,,,,1790075247.832,2026-09-22T11:07:27.831+00:00,454e1c23-82dc-40ae-8149-7e832c06b2c5,200,,False,204.108,22.39,23,,False,41,logs
76,runtime_compare,live,java-optimised,java,optimised,1024,measure,idle,off,True,update_env,12,,,,1790075250.318,2026-09-22T11:07:30.317+00:00,2c471aea-352b-4ae2-b652-2eabc70f9fa4,200,,False,714.738,104.41,429,323.88,True,107,logs
77,runtime_compare,live,java-optimised,java,optimised,1024,follow_up,idle,off,False,update_env,12,,,,1790075251.034,2026-09-22T11:07:31.033+00:00,a9d58096-450b-4703-a40c-600bb8f37480,200,,False,214.096,37.63,38,,False,107,logs
78,runtime_compare,live,python-optimised,python,optimised,1024,measure,idle,off,True,update_env,13,,,,1790075253.371,2026-09-22T11:07:33.370+00:00,6764c2c6-a895-4b5b-a959-05f167d31e85,200,,False,374.657,19.12,90,70.14,True,41,logs
79,runtime_compare,live,python-optimised,python,optimised,1024,follow_up,idle,off,False,update_env,13,,,,1790075253.749,2026-09-22T11:07:33.748+00:00,0a5058b3-8d40-4638-94a1-45f178502169,200,,False,232.53,18.98,19,,False,41,logs
80,runtime_compare,live,java-optimised,java,optimised,1024,measure,idle,off,True,update_env,13,,,,1790075256.145,2026-09-22T11:07:36.145+00:00,980c0845-a5c9-449b-bf64-8ba9bad3cc67,200,,False,819.011,126.4,531,404.48,True,107,logs
81,runtime_compare,live,java-optimised,java,optimised,1024,follow_up,idle,off,False,update_env,13,,,,1790075256.965,2026-09-22T11:07:36.965+00:00,d8b8fddc-358c-4890-9257-0f91b3b37d41,200,,False,216.826,36.52,37,,False,107,logs
82,runtime_compare,live,nodejs-optimised,nodejs,optimised,1024,measure,idle,off,True,update_env,13,,,,1790075259.246,2026-09-22T11:07:39.246+00:00,3d08d6f0-928c-495c-91f3-22e3b248702a,200,,False,741.318,185.22,332,146.36,True,78,logs
83,runtime_compare,live,nodejs-optimised,nodejs,optimised,1024,follow_up,idle,off,False,update_env,13,,,,1790075259.988,2026-09-22T11:07:39.988+00:00,f308237e-e716-4af4-b127-a8cfcb3915ba,200,,False,309.608,133.19,134,,False,78,logs
84,runtime_compare,live,nodejs-optimised,nodejs,optimised,1024,measure,idle,off,True,update_env,14,,,,1790075262.436,2026-09-22T11:07:42.436+00:00,f06083a2-e5d8-44c9-ba19-e381533df2fc,200,,False,634.784,189.75,337,147.22,True,78,logs
85,runtime_compare,live,nodejs-optimised,nodejs,optimised,1024,follow_up,idle,off,False,update_env,14,,,,1790075263.072,2026-09-22T11:07:43.072+00:00,b80384e0-4430-43b6-b06a-557d17fbf80c,200,,False,345.561,134.04,135,,False,78,logs
86,runtime_compare,live,java-optimised,java,optimised,1024,measure,idle,off,True,update_env,14,,,,1790075265.576,2026-09-22T11:07:45.576+00:00,340c7dbb-a241-4904-a1cb-3f283b5a12a8,200,,False,819.393,117.09,527,409.37,True,109,logs
87,runtime_compare,live,java-optimised,java,optimised,1024,follow_up,idle,off,False,update_env,14,,,,1790075266.397,2026-09-22T11:07:46.396+00:00,75d621d1-77e9-4d6b-bebf-2d9e507beb91,200,,False,211.566,36.6,37,,False,109,logs
88,runtime_compare,live,python-optimised,python,optimised,1024,measure,idle,off,True,update_env,14,,,,1790075268.666,2026-09-22T11:07:48.666+00:00,892bf5e2-5cd8-4615-b23d-ffb274770fa5,200,,False,520.704,34.66,130,94.86,True,41,logs
89,runtime_compare,live,python-optimised,python,optimised,1024,follow_up,idle,off,False,update_env,14,,,,1790075269.188,2026-09-22T11:07:49.188+00:00,0e9f663a-63f9-4d3b-b314-3e38ad410c4a,200,,False,192.504,19.73,20,,False,41,logs
90,runtime_compare,live,java-optimised,java,optimised,1024,measure,idle,off,True,update_env,15,,,,1790075271.557,2026-09-22T11:07:51.557+00:00,8b95c69c-4ef7-4c48-9db7-569d4f9e0f45,200,,False,849.513,122.31,545,422.14,True,107,logs
91,runtime_compare,live,java-optimised,java,optimised,1024,follow_up,idle,off,False,update_env,15,,,,1790075272.408,2026-09-22T11:07:52.408+00:00,fc925024-b8e9-4593-bada-09ec9d312c26,200,,False,231.25,52.41,53,,False,107,logs
92,runtime_compare,live,nodejs-optimised,nodejs,optimised,1024,measure,idle,off,True,update_env,15,,,,1790075274.703,2026-09-22T11:07:54.703+00:00,6f7bc9c1-4881-4f9c-8669-fae81954bb0e,200,,False,670.053,220.86,368,146.18,True,80,logs
93,runtime_compare,live,nodejs-optimised,nodejs,optimised,1024,follow_up,idle,off,False,update_env,15,,,,1790075275.376,2026-09-22T11:07:55.376+00:00,4c78e643-5312-4409-86f2-a22a663f9b45,200,,False,293.479,122.8,123,,False,80,logs
94,runtime_compare,live,python-optimised,python,optimised,1024,measure,idle,off,True,update_env,15,,,,1790075277.792,2026-09-22T11:07:57.792+00:00,37c7afdc-fc57-4b1e-8024-a74cb29b20c0,200,,False,394.89,17.69,105,87.0,True,41,logs
95,runtime_compare,live,python-optimised,python,optimised,1024,follow_up,idle,off,False,update_env,15,,,,1790075278.19,2026-09-22T11:07:58.190+00:00,227d5d75-d97e-442f-9a41-f9f05503471a,200,,False,195.923,19.38,20,,False,41,logs
96,runtime_compare,live,python-optimised,python,optimised,1024,measure,idle,off,True,update_env,16,,,,1790075280.47,2026-09-22T11:08:00.470+00:00,ebeb8bb1-2ddd-4369-aab5-0481ac5e0dc2,200,,False,413.722,29.18,119,89.65,True,41,logs
97,runtime_compare,live,python-optimised,python,optimised,1024,follow_up,idle,off,False,update_env,16,,,,1790075280.887,2026-09-22T11:08:00.886+00:00,3fab6324-add5-455a-99b7-2bb269277de4,200,,False,195.969,16.27,17,,False,41,logs
98,runtime_compare,live,nodejs-optimised,nodejs,optimised,1024,measure,idle,off,True,update_env,16,,,,1790075283.358,2026-09-22T11:08:03.358+00:00,0cffece4-a6d9-4fd0-b848-41659699d43a,200,,False,583.781,180.63,301,120.3,True,79,logs
99,runtime_compare,live,nodejs-optimised,nodejs,optimised,1024,follow_up,idle,off,False,update_env,16,,,,1790075283.943,2026-09-22T11:08:03.943+00:00,2c33d170-ec06-479e-893b-3babb0ac685e,200,,False,315.256,103.35,104,,False,79,logs
100,runtime_compare,live,java-optimised,java,optimised,1024,measure,idle,off,True,update_env,16,,,,1790075286.487,2026-09-22T11:08:06.487+00:00,6119939e-5f9c-4ffa-afba-7f6a1356a9c2,200,,False,910.773,131.87,566,433.64,True,109,logs
101,runtime_compare,live,java-optimised,java,optimised,1024,follow_up,idle,off,False,update_env,16,,,,1790075287.4,2026-09-22T11:08:07.400+00:00,1d782a1a-09d7-4226-ba9b-6f876a9eab3d,200,,False,216.187,42.61,43,,False,109,logs
102,runtime_compare,live,java-optimised,java,optimised,1024,measure,idle,off,True,update_env,17,,,,1790075289.903,2026-09-22T11:08:09.903+00:00,32de63bd-284d-4723-b3eb-a5cf3e47da7d,200,,False,806.077,106.08,444,337.65,True,107,logs
103,runtime_compare,live,java-optimised,java,optimised,1024,follow_up,idle,off,False,update_env,17,,,,1790075290.71,2026-09-22T11:08:10.710+00:00,790f5aa3-0eb5-497d-8444-385df3f38e82,200,,False,212.851,18.21,19,,False,107,logs
104,runtime_compare,live,python-optimised,python,optimised,1024,measure,idle,off,True,update_env,17,,,,1790075293.082,2026-09-22T11:08:13.082+00:00,21a754cf-7350-4778-9709-c4ebee408ae0,200,,False,480.078,27.26,119,91.25,True,41,logs
105,runtime_compare,live,python-optimised,python,optimised,1024,follow_up,idle,off,False,update_env,17,,,,1790075293.564,2026-09-22T11:08:13.564+00:00,af5a1573-3dce-4288-821e-44457bb3044e,200,,False,191.357,16.24,17,,False,41,logs
106,runtime_compare,live,nodejs-optimised,nodejs,optimised,1024,measure,idle,off,True,update_env,17,,,,1790075295.941,2026-09-22T11:08:15.941+00:00,29d3a5e8-7db2-4cc3-a089-5d34675b04c6,200,,False,607.083,150.7,270,119.27,True,79,logs
107,runtime_compare,live,nodejs-optimised,nodejs,optimised,1024,follow_up,idle,off,False,update_env,17,,,,1790075296.55,2026-09-22T11:08:16.549+00:00,4b7600a1-fde3-421c-873f-32ba53810ac8,200,,False,284.185,111.03,112,,False,79,logs
108,runtime_compare,live,nodejs-optimised,nodejs,optimised,1024,measure,idle,off,True,update_env,18,,,,1790075299.072,2026-09-22T11:08:19.071+00:00,4d4f3cd9-460a-486b-b672-6b95ff366790,200,,False,552.802,152.42,271,118.13,True,79,logs
109,runtime_compare,live,nodejs-optimised,nodejs,optimised,1024,follow_up,idle,off,False,update_env,18,,,,1790075299.627,2026-09-22T11:08:19.627+00:00,94dded47-31d9-41f3-97c3-182a83ab4f07,200,,False,275.8,102.07,103,,False,79,logs
110,runtime_compare,live,java-optimised,java,optimised,1024,measure,idle,off,True,update_env,18,,,,1790075302.073,2026-09-22T11:08:22.073+00:00,ab1f9a09-e22f-4329-95c0-138fdf62957e,200,,False,938.876,116.92,644,526.81,True,109,logs
111,runtime_compare,live,java-optimised,java,optimised,1024,follow_up,idle,off,False,update_env,18,,,,1790075303.015,2026-09-22T11:08:23.015+00:00,63b81e99-46ef-4e6c-bcc4-677872577378,200,,False,249.942,49.39,50,,False,109,logs
112,runtime_compare,live,python-optimised,python,optimised,1024,measure,idle,off,True,update_env,18,,,,1790075305.361,2026-09-22T11:08:25.360+00:00,b82cdb9e-9940-4517-a787-9d9bdb80d9fd,200,,False,399.411,24.52,99,73.6,True,41,logs
113,runtime_compare,live,python-optimised,python,optimised,1024,follow_up,idle,off,False,update_env,18,,,,1790075305.761,2026-09-22T11:08:25.761+00:00,538f7dfa-20a8-45a7-9a6d-1a9931810821,200,,False,203.494,28.79,29,,False,41,logs
114,runtime_compare,live,nodejs-optimised,nodejs,optimised,1024,measure,idle,off,True,update_env,19,,,,1790075308.087,2026-09-22T11:08:28.087+00:00,8b99bc3a-c5e7-46ee-811e-618a45c1c928,200,,False,862.117,196.78,343,145.99,True,79,logs
115,runtime_compare,live,nodejs-optimised,nodejs,optimised,1024,follow_up,idle,off,False,update_env,19,,,,1790075308.951,2026-09-22T11:08:28.950+00:00,f5124336-f518-427b-981d-69b5b1ffbbca,200,,False,293.479,116.95,117,,False,79,logs
116,runtime_compare,live,python-optimised,python,optimised,1024,measure,idle,off,True,update_env,19,,,,1790075311.412,2026-09-22T11:08:31.412+00:00,cd7791e9-f57b-440a-86ff-36d6ea09ea61,200,,False,404.422,19.97,110,89.92,True,44,logs
117,runtime_compare,live,python-optimised,python,optimised,1024,follow_up,idle,off,False,update_env,19,,,,1790075311.818,2026-09-22T11:08:31.817+00:00,e0666d3c-f3f8-4cd0-a65d-45abd1f15bdb,200,,False,196.693,21.19,22,,False,44,logs
118,runtime_compare,live,java-optimised,java,optimised,1024,measure,idle,off,True,update_env,19,,,,1790075314.179,2026-09-22T11:08:34.179+00:00,d47345f4-5438-47f0-abe2-861805438b50,200,,False,802.664,120.74,539,418.11,True,107,logs
119,runtime_compare,live,java-optimised,java,optimised,1024,follow_up,idle,off,False,update_env,19,,,,1790075314.983,2026-09-22T11:08:34.983+00:00,f07690ca-4931-4316-9b27-1ae00765af60,200,,False,213.673,39.03,40,,False,107,logs
120,runtime_compare,live,python-optimised,python,optimised,1024,measure,idle,off,True,update_env,20,,,,1790075317.314,2026-09-22T11:08:37.313+00:00,d525c260-c258-47e2-8cdd-122c9dcea370,200,,False,436.739,18.85,116,96.4,True,42,logs
121,runtime_compare,live,python-optimised,python,optimised,1024,follow_up,idle,off,False,update_env,20,,,,1790075317.752,2026-09-22T11:08:37.751+00:00,e013a808-9273-42fb-8f2b-234428e87169,200,,False,197.774,15.89,16,,False,42,logs
122,runtime_compare,live,java-optimised,java,optimised,1024,measure,idle,off,True,update_env,20,,,,1790075320.048,2026-09-22T11:08:40.047+00:00,c5f88d1a-9b4c-4308-b62e-4cfb24e50bd2,200,,False,866.865,120.47,459,338.19,True,107,logs
123,runtime_compare,live,java-optimised,java,optimised,1024,follow_up,idle,off,False,update_env,20,,,,1790075320.915,2026-09-22T11:08:40.915+00:00,0025b228-2fbd-47ae-8bcc-b0ca9263a3bb,200,,False,204.59,30.49,31,,False,107,logs
124,runtime_compare,live,nodejs-optimised,nodejs,optimised,1024,measure,idle,off,True,update_env,20,,,,1790075323.237,2026-09-22T11:08:43.237+00:00,60b5f3f9-63a6-4575-85b4-f0a4f16d2331,200,,False,578.388,169.37,288,118.62,True,79,logs
125,runtime_compare,live,nodejs-optimised,nodejs,optimised,1024,follow_up,idle,off,False,update_env,20,,,,1790075323.818,2026-09-22T11:08:43.818+00:00,b8b53db0-f444-476d-a399-7960a6f34cd1,200,,False,272.997,98.18,99,,False,79,logs
126,runtime_compare,live,python-optimised,python,optimised,1024,measure,idle,off,True,update_env,21,,,,1790075326.186,2026-09-22T11:08:46.186+00:00,4d0829ee-66d6-4072-90f5-8667bed3b026,200,,False,408.16,26.99,122,94.1,True,41,logs
127,runtime_compare,live,python-optimised,python,optimised,1024,follow_up,idle,off,False,update_env,21,,,,1790075326.596,2026-09-22T11:08:46.595+00:00,1d031569-f3c2-443f-b5f9-d195e1215c3c,200,,False,260.846,21.13,22,,False,41,logs
128,runtime_compare,live,java-optimised,java,optimised,1024,measure,idle,off,True,update_env,21,,,,1790075328.957,2026-09-22T11:08:48.957+00:00,c3278993-9a8f-402b-a25a-6507e5e2d0f0,200,,False,1043.806,121.5,549,427.42,True,107,logs
129,runtime_compare,live,java-optimised,java,optimised,1024,follow_up,idle,off,False,update_env,21,,,,1790075330.006,2026-09-22T11:08:50.005+00:00,71e3a34d-054d-4aba-83ba-f793bda883dd,200,,False,214.19,37.53,38,,False,107,logs
130,runtime_compare,live,nodejs-optimised,nodejs,optimised,1024,measure,idle,off,True,update_env,21,,,,1790075332.353,2026-09-22T11:08:52.352+00:00,29c50be5-8798-44d1-a1e4-f095ca0e79d1,200,,False,553.81,162.95,278,114.59,True,79,logs
131,runtime_compare,live,nodejs-optimised,nodejs,optimised,1024,follow_up,idle,off,False,update_env,21,,,,1790075332.909,2026-09-22T11:08:52.909+00:00,ee391b77-76db-4772-b562-c2beb23c50eb,200,,False,277.788,102.94,103,,False,79,logs
132,runtime_compare,live,nodejs-optimised,nodejs,optimised,1024,measure,idle,off,True,update_env,22,,,,1790075335.253,2026-09-22T11:08:55.253+00:00,d6f107b2-5f1f-44a5-bc97-782b83b30e74,200,,False,626.705,191.87,334,141.66,True,76,logs
133,runtime_compare,live,nodejs-optimised,nodejs,optimised,1024,follow_up,idle,off,False,update_env,22,,,,1790075335.882,2026-09-22T11:08:55.881+00:00,1749b24d-770f-4781-bd49-350bbd5aaa31,200,,False,293.057,114.97,115,,False,77,logs
134,runtime_compare,live,python-optimised,python,optimised,1024,measure,idle,off,True,update_env,22,,,,1790075338.282,2026-09-22T11:08:58.281+00:00,746c3b66-05c9-4905-bed2-f347a237b89c,200,,False,385.747,29.08,102,72.11,True,41,logs
135,runtime_compare,live,python-optimised,python,optimised,1024,follow_up,idle,off,False,update_env,22,,,,1790075338.669,2026-09-22T11:08:58.669+00:00,75750f6a-6e63-4283-a5f1-a7904aa4b4e6,200,,False,245.355,22.57,23,,False,41,logs
136,runtime_compare,live,java-optimised,java,optimised,1024,measure,idle,off,True,update_env,22,,,,1790075341.014,2026-09-22T11:09:01.014+00:00,4873108d-c77d-403a-951d-c14e806df0b4,200,,False,880.273,122.19,547,424.71,True,107,logs
137,runtime_compare,live,java-optimised,java,optimised,1024,follow_up,idle,off,False,update_env,22,,,,1790075341.895,2026-09-22T11:09:01.895+00:00,0bfac399-eee0-42f0-ab04-b870c7eb4d5c,200,,False,209.679,36.89,37,,False,108,logs
138,runtime_compare,live,nodejs-optimised,nodejs,optimised,1024,measure,idle,off,True,update_env,23,,,,1790075344.187,2026-09-22T11:09:04.186+00:00,d2ab4e26-b3c5-409b-ac20-e54659cd1491,200,,False,651.267,208.9,353,143.83,True,81,logs
139,runtime_compare,live,nodejs-optimised,nodejs,optimised,1024,follow_up,idle,off,False,update_env,23,,,,1790075344.839,2026-09-22T11:09:04.839+00:00,0c11bd82-7e8b-4ad1-b556-990e1479818b,200,,False,366.679,126.06,127,,False,81,logs
140,runtime_compare,live,python-optimised,python,optimised,1024,measure,idle,off,True,update_env,23,,,,1790075347.303,2026-09-22T11:09:07.303+00:00,13ce04ff-60c6-49cf-98a9-fb6d1540d8ba,200,,False,405.283,16.98,111,93.11,True,41,logs
141,runtime_compare,live,python-optimised,python,optimised,1024,follow_up,idle,off,False,update_env,23,,,,1790075347.711,2026-09-22T11:09:07.710+00:00,6d0ab51e-c595-4fb2-b8b6-cd5cf74dd8f5,200,,False,198.491,26.05,27,,False,41,logs
142,runtime_compare,live,java-optimised,java,optimised,1024,measure,idle,off,True,update_env,23,,,,1790075350.007,2026-09-22T11:09:10.006+00:00,525a1130-b576-42f9-8dc0-e9c57e90a7c9,200,,False,833.272,122.23,544,421.06,True,109,logs
143,runtime_compare,live,java-optimised,java,optimised,1024,follow_up,idle,off,False,update_env,23,,,,1790075350.841,2026-09-22T11:09:10.840+00:00,b71b64a8-454c-4abc-af29-9ec35e4ab7d1,200,,False,212.165,38.96,39,,False,109,logs
144,runtime_compare,live,java-optimised,java,optimised,1024,measure,idle,off,True,update_env,24,,,,1790075353.114,2026-09-22T11:09:13.113+00:00,01c1ea2e-dcc1-4a47-a885-d233b8f22dbe,200,,False,828.421,130.44,538,407.43,True,111,logs
145,runtime_compare,live,java-optimised,java,optimised,1024,follow_up,idle,off,False,update_env,24,,,,1790075353.943,2026-09-22T11:09:13.943+00:00,a4988406-2a73-422b-adb5-6e4fea28d32c,200,,False,215.569,42.98,43,,False,111,logs
146,runtime_compare,live,python-optimised,python,optimised,1024,measure,idle,off,True,update_env,24,,,,1790075356.246,2026-09-22T11:09:16.245+00:00,f07eca5c-c529-4a56-ada8-c67a43e12ae3,200,,False,414.292,27.33,119,91.38,True,42,logs
147,runtime_compare,live,python-optimised,python,optimised,1024,follow_up,idle,off,False,update_env,24,,,,1790075356.661,2026-09-22T11:09:16.661+00:00,d563ebb0-2cdd-4f3f-9f37-66de70166973,200,,False,196.297,16.96,17,,False,42,logs
148,runtime_compare,live,nodejs-optimised,nodejs,optimised,1024,measure,idle,off,True,update_env,24,,,,1790075358.966,2026-09-22T11:09:18.966+00:00,acebd16f-9662-4ddd-9aeb-dd51f4f071b8,200,,False,661.959,212.47,360,146.95,True,78,logs
149,runtime_compare,live,nodejs-optimised,nodejs,optimised,1024,follow_up,idle,off,False,update_env,24,,,,1790075359.629,2026-09-22T11:09:19.629+00:00,590fda78-74b0-4834-a7ad-099529b66b40,200,,False,300.385,122.69,123,,False,78,logs
150,runtime_compare,live,java-optimised,java,optimised,1024,measure,idle,off,True,update_env,25,,,,1790075362.061,2026-09-22T11:09:22.061+00:00,0c26a05d-8559-433e-aa0f-9906c6ea9f3d,200,,False,737.696,114.13,458,343.54,True,108,logs
151,runtime_compare,live,java-optimised,java,optimised,1024,follow_up,idle,off,False,update_env,25,,,,1790075362.8,2026-09-22T11:09:22.799+00:00,711eaf7b-208f-4cff-b768-14f7c978550e,200,,False,231.397,28.55,29,,False,108,logs
152,runtime_compare,live,nodejs-optimised,nodejs,optimised,1024,measure,idle,off,True,update_env,25,,,,1790075365.13,2026-09-22T11:09:25.130+00:00,37bcae03-4ad9-442e-9cf1-184cc87c9dec,200,,False,576.772,163.19,291,127.39,True,78,logs
153,runtime_compare,live,nodejs-optimised,nodejs,optimised,1024,follow_up,idle,off,False,update_env,25,,,,1790075365.708,2026-09-22T11:09:25.708+00:00,faa29851-2198-4d5c-9548-1d0435545b04,200,,False,282.431,107.31,108,,False,78,logs
154,runtime_compare,live,python-optimised,python,optimised,1024,measure,idle,off,True,update_env,25,,,,1790075368.086,2026-09-22T11:09:28.085+00:00,624ef31d-4abd-4fbf-ac23-b2fe8ea4ca6e,200,,False,417.028,27.71,121,92.72,True,41,logs
155,runtime_compare,live,python-optimised,python,optimised,1024,follow_up,idle,off,False,update_env,25,,,,1790075368.505,2026-09-22T11:09:28.504+00:00,25dd22c2-4ae7-437f-ad01-307b2d07df30,200,,False,193.865,22.8,23,,False,41,logs
156,runtime_compare,live,python-optimised,python,optimised,1024,measure,idle,off,True,update_env,26,,,,1790075370.775,2026-09-22T11:09:30.775+00:00,bd059034-509c-4b9f-bf7c-09f04f34e07f,200,,False,380.27,21.2,97,74.95,True,41,logs
157,runtime_compare,live,python-optimised,python,optimised,1024,follow_up,idle,off,False,update_env,26,,,,1790075371.157,2026-09-22T11:09:31.156+00:00,bd07a6d4-50ce-4ac9-bcdf-6d03505c57c9,200,,False,263.208,20.79,21,,False,41,logs
158,runtime_compare,live,nodejs-optimised,nodejs,optimised,1024,measure,idle,off,True,update_env,26,,,,1790075373.585,2026-09-22T11:09:33.584+00:00,1179b971-d672-47ca-8e0f-7809fd601299,200,,False,576.76,164.47,286,120.69,True,78,logs
159,runtime_compare,live,nodejs-optimised,nodejs,optimised,1024,follow_up,idle,off,False,update_env,26,,,,1790075374.163,2026-09-22T11:09:34.162+00:00,3c96d2e7-98dd-47ff-8910-d769062c4ec1,200,,False,280.075,105.4,106,,False,78,logs
160,runtime_compare,live,java-optimised,java,optimised,1024,measure,idle,off,True,update_env,26,,,,1790075376.664,2026-09-22T11:09:36.664+00:00,08a4b7f7-ab4e-4759-a26d-87b3ba84ced2,200,,False,763.961,117.64,484,365.41,True,109,logs
161,runtime_compare,live,java-optimised,java,optimised,1024,follow_up,idle,off,False,update_env,26,,,,1790075377.429,2026-09-22T11:09:37.428+00:00,0838a390-1635-468d-9486-09dac0fc77ea,200,,False,202.687,28.25,29,,False,109,logs
162,runtime_compare,live,python-optimised,python,optimised,1024,measure,idle,off,True,update_env,27,,,,1790075379.708,2026-09-22T11:09:39.708+00:00,31c18301-beeb-4ba3-93ba-b1bd8f361d10,200,,False,451.103,30.86,155,123.72,True,41,logs
163,runtime_compare,live,python-optimised,python,optimised,1024,follow_up,idle,off,False,update_env,27,,,,1790075380.161,2026-09-22T11:09:40.160+00:00,1ea4db2a-1f32-44e0-b98e-89c5940fb5ef,200,,False,196.334,21.86,22,,False,41,logs
164,runtime_compare,live,nodejs-optimised,nodejs,optimised,1024,measure,idle,off,True,update_env,27,,,,1790075382.431,2026-09-22T11:09:42.431+00:00,2ed765ae-3c87-43d2-8208-5f10c91c9fa1,200,,False,633.671,196.18,344,146.99,True,79,logs
165,runtime_compare,live,nodejs-optimised,nodejs,optimised,1024,follow_up,idle,off,False,update_env,27,,,,1790075383.066,2026-09-22T11:09:43.065+00:00,f75e1620-4758-4aec-a856-7c8b3c091945,200,,False,294.986,124.13,125,,False,79,logs
166,runtime_compare,live,java-optimised,java,optimised,1024,measure,idle,off,True,update_env,27,,,,1790075385.578,2026-09-22T11:09:45.577+00:00,1d2fac5b-3f41-4d36-ad51-af241401da4c,200,,False,837.533,129.67,552,422.05,True,111,logs
167,runtime_compare,live,java-optimised,java,optimised,1024,follow_up,idle,off,False,update_env,27,,,,1790075386.417,2026-09-22T11:09:46.416+00:00,e4d18e39-7733-4508-ac21-cb34c7da0d71,200,,False,213.31,37.01,38,,False,111,logs
168,runtime_compare,live,python-optimised,python,optimised,1024,measure,idle,off,True,update_env,28,,,,1790075388.726,2026-09-22T11:09:48.726+00:00,22c32510-11d0-4d53-b3f8-2f99eea95cf1,200,,False,398.096,16.67,104,87.13,True,41,logs
169,runtime_compare,live,python-optimised,python,optimised,1024,follow_up,idle,off,False,update_env,28,,,,1790075389.125,2026-09-22T11:09:49.124+00:00,2c6b12a7-0347-490e-90ea-5a5d8807f516,200,,False,199.735,27.8,28,,False,41,logs
170,runtime_compare,live,nodejs-optimised,nodejs,optimised,1024,measure,idle,off,True,update_env,28,,,,1790075391.43,2026-09-22T11:09:51.430+00:00,991e73fb-03f1-4c31-a868-8f4eeab1a925,200,,False,545.533,154.53,262,106.55,True,78,logs
171,runtime_compare,live,nodejs-optimised,nodejs,optimised,1024,follow_up,idle,off,False,update_env,28,,,,1790075391.977,2026-09-22T11:09:51.976+00:00,fe52f660-d05b-42f4-90d2-f479e797ae84,200,,False,277.301,105.22,106,,False,78,logs
172,runtime_compare,live,java-optimised,java,optimised,1024,measure,idle,off,True,update_env,28,,,,1790075394.377,2026-09-22T11:09:54.376+00:00,5dcddc36-90d2-402a-aaa8-963d5789746d,200,,False,853.328,133.3,569,434.75,True,107,logs
173,runtime_compare,live,java-optimised,java,optimised,1024,follow_up,idle,off,False,update_env,28,,,,1790075395.233,2026-09-22T11:09:55.232+00:00,ca318b4a-810f-46ec-bfb6-84846b6200a9,200,,False,211.759,37.64,38,,False,107,logs
174,runtime_compare,live,nodejs-optimised,nodejs,optimised,1024,measure,idle,off,True,update_env,29,,,,1790075397.554,2026-09-22T11:09:57.554+00:00,e9b2068a-1156-46cb-a9c2-dfb6ab189598,200,,False,618.577,180.83,328,147.09,True,80,logs
175,runtime_compare,live,nodejs-optimised,nodejs,optimised,1024,follow_up,idle,off,False,update_env,29,,,,1790075398.174,2026-09-22T11:09:58.174+00:00,1b05729b-a9fa-4a2b-ac0b-4533f59e3174,200,,False,309.007,132.37,133,,False,80,logs
176,runtime_compare,live,java-optimised,java,optimised,1024,measure,idle,off,True,update_env,29,,,,1790075400.598,2026-09-22T11:10:00.597+00:00,cd9888b7-6a53-4feb-817d-4f64b6b55b94,200,,False,730.679,121.6,440,318.38,True,109,logs
177,runtime_compare,live,java-optimised,java,optimised,1024,follow_up,idle,off,False,update_env,29,,,,1790075401.33,2026-09-22T11:10:01.329+00:00,cad0ef3a-0465-4b4f-bead-dab34368d86b,200,,False,215.935,36.55,37,,False,109,logs
178,runtime_compare,live,python-optimised,python,optimised,1024,measure,idle,off,True,update_env,29,,,,1790075403.682,2026-09-22T11:10:03.682+00:00,62fe4afd-a2f0-4528-9e4e-8ba83d239150,200,,False,502.04,18.27,111,91.79,True,41,logs
179,runtime_compare,live,python-optimised,python,optimised,1024,follow_up,idle,off,False,update_env,29,,,,1790075404.186,2026-09-22T11:10:04.185+00:00,96d0ad18-7fe6-42e8-b51b-d70e0fde474c,200,,False,188.644,16.56,17,,False,41,logs
