seq,phase,data_mode,function,runtime,variant,memory_mb,role,pattern,warming,intended_cold,force_cold,rep,block,burst_id,idle_gap_min,t_start,t_start_utc,request_id,status,function_error,error,rtt_ms,duration_ms,billed_ms,init_ms,cold,max_memory_used_mb,report_source
0,package_size,live,python-default,python,default,1024,measure,idle,off,True,update_env,0,,,,1790076813.84,2026-09-22T11:33:33.839+00:00,ab683783-f233-49f8-be36-363f30cc5243,200,,False,3756.138,17.35,3246,3228.11,True,133,logs
1,package_size,live,python-default,python,default,1024,follow_up,idle,off,False,update_env,0,,,,1790076817.599,2026-09-22T11:33:37.598+00:00,7093f6b8-3ae3-40e4-aeaa-0fbc9496f3f3,200,,False,190.47,16.65,17,,False,133,logs
2,package_size,live,nodejs-default,nodejs,default,1024,measure,idle,off,True,update_env,0,,,,1790076820.266,2026-09-22T11:33:40.265+00:00,767cfba2-f741-4a50-ba65-0d3363297e96,200,,False,1871.318,254.73,1371,1116.18,True,127,logs
3,package_size,live,nodejs-default,nodejs,default,1024,follow_up,idle,off,False,update_env,0,,,,1790076822.138,2026-09-22T11:33:42.137+00:00,e10d0253-108e-48c0-99db-bcf0483eae4e,200,,False,369.562,176.16,177,,False,136,logs
4,package_size,live,java-default,java,default,1024,measure,idle,off,True,update_env,0,,,,1790076824.9,2026-09-22T11:33:44.900+00:00,d7cd9527-2c2c-423f-b7fa-b8ab33682065,200,,False,1291.88,126.49,907,780.43,True,119,logs
5,package_size,live,java-default,java,default,1024,follow_up,idle,off,False,update_env,0,,,,1790076826.195,2026-09-22T11:33:46.194+00:00,93854afc-2500-4937-ad5f-ce0c9a57ec03,200,,False,230.285,43.95,44,,False,119,logs
6,package_size,live,nodejs-optimised,nodejs,optimised,1024,measure,idle,off,True,update_env,0,,,,1790076828.719,2026-09-22T11:33:48.718+00:00,b8dc893b-ea06-47a9-b17c-c556ad827811,200,,False,645.933,205.76,351,144.36,True,78,logs
7,package_size,live,nodejs-optimised,nodejs,optimised,1024,follow_up,idle,off,False,update_env,0,,,,1790076829.366,2026-09-22T11:33:49.365+00:00,5ac0b613-7583-4af4-8473-303aa2795b3a,200,,False,297.634,116.26,117,,False,78,logs
8,package_size,live,python-optimised,python,optimised,1024,measure,idle,off,True,update_env,0,,,,1790076832.0,2026-09-22T11:33:52.000+00:00,6749609f-39e2-4b5a-864b-b02b4173726d,200,,False,445.706,26.94,116,88.75,True,41,logs
9,package_size,live,python-optimised,python,optimised,1024,follow_up,idle,off,False,update_env,0,,,,1790076832.447,2026-09-22T11:33:52.447+00:00,f47855d1-13b8-4af1-8472-c7449a9c6be8,200,,False,210.439,34.65,35,,False,41,logs
10,package_size,live,java-optimised,java,optimised,1024,measure,idle,off,True,update_env,0,,,,1790076835.17,2026-09-22T11:33:55.169+00:00,082b8941-8832-43bd-a8c6-3af2ce7e5d71,200,,False,925.324,122.58,537,413.7,True,107,logs
11,package_size,live,java-optimised,java,optimised,1024,follow_up,idle,off,False,update_env,0,,,,1790076836.098,2026-09-22T11:33:56.098+00:00,41ae6da0-13f2-4f17-b2f3-d3a68a34a11b,200,,False,229.781,46.73,47,,False,107,logs
12,package_size,live,java-optimised,java,optimised,1024,measure,idle,off,True,update_env,1,,,,1790076838.531,2026-09-22T11:33:58.530+00:00,f5d517f9-0363-4132-988c-b9896e176f34,200,,False,836.093,126.53,543,416.22,True,107,logs
13,package_size,live,java-optimised,java,optimised,1024,follow_up,idle,off,False,update_env,1,,,,1790076839.37,2026-09-22T11:33:59.369+00:00,8f616132-faf6-427d-bf78-7e026a1a7637,200,,False,292.562,46.86,47,,False,107,logs
14,package_size,live,python-default,python,default,1024,measure,idle,off,True,update_env,1,,,,1790076842.259,2026-09-22T11:34:02.259+00:00,8dd289a2-5f2e-4b1d-ad62-e0d9eed64831,200,,False,4190.994,27.78,3584,3555.98,True,132,logs
15,package_size,live,python-default,python,default,1024,follow_up,idle,off,False,update_env,1,,,,1790076846.452,2026-09-22T11:34:06.451+00:00,1e847a13-4b65-4cae-b6be-e2eccaf02ec0,200,,False,521.719,17.3,18,,False,132,logs
16,package_size,live,nodejs-default,nodejs,default,1024,measure,idle,off,True,update_env,1,,,,1790076849.399,2026-09-22T11:34:09.398+00:00,14dd64ac-8876-478b-895a-c1acc77e0ddd,200,,False,1571.803,172.44,1052,879.53,True,123,logs
17,package_size,live,nodejs-default,nodejs,default,1024,follow_up,idle,off,False,update_env,1,,,,1790076850.971,2026-09-22T11:34:10.971+00:00,826bafcb-2c72-4aca-8fad-e70b0f679425,200,,False,299.272,124.75,125,,False,130,logs
18,package_size,live,python-optimised,python,optimised,1024,measure,idle,off,True,update_env,1,,,,1790076853.35,2026-09-22T11:34:13.350+00:00,1d5d7efd-bb36-4371-9f29-e1aa7c76fd33,200,,False,377.581,21.73,93,71.1,True,41,logs
19,package_size,live,python-optimised,python,optimised,1024,follow_up,idle,off,False,update_env,1,,,,1790076853.729,2026-09-22T11:34:13.729+00:00,5c7e8908-fb65-4bca-8919-a4ec8061270e,200,,False,198.653,17.95,18,,False,41,logs
20,package_size,live,nodejs-optimised,nodejs,optimised,1024,measure,idle,off,True,update_env,1,,,,1790076855.968,2026-09-22T11:34:15.968+00:00,ef432353-3409-4d67-a61a-cbe8c7ab8d54,200,,False,621.41,185.19,330,144.14,True,78,logs
21,package_size,live,nodejs-optimised,nodejs,optimised,1024,follow_up,idle,off,False,update_env,1,,,,1790076856.59,2026-09-22T11:34:16.590+00:00,3f69920f-8557-42a5-9113-eec2c55a09c9,200,,False,358.86,125.23,126,,False,78,logs
22,package_size,live,java-default,java,default,1024,measure,idle,off,True,update_env,1,,,,1790076859.231,2026-09-22T11:34:19.230+00:00,7f6879de-5ee0-48d5-8ba3-93e78e8a579f,200,,False,1256.194,129.39,905,774.64,True,119,logs
23,package_size,live,java-default,java,default,1024,follow_up,idle,off,False,update_env,1,,,,1790076860.488,2026-09-22T11:34:20.488+00:00,95d2d255-bda8-4433-9adb-9bb7db54de18,200,,False,215.741,36.62,37,,False,119,logs
24,package_size,live,java-optimised,java,optimised,1024,measure,idle,off,True,update_env,2,,,,1790076862.89,2026-09-22T11:34:22.890+00:00,3041b517-0d4f-4f6a-a680-97e1d9f86080,200,,False,706.869,106.77,429,321.41,True,109,logs
25,package_size,live,java-optimised,java,optimised,1024,follow_up,idle,off,False,update_env,2,,,,1790076863.6,2026-09-22T11:34:23.599+00:00,88cd32d5-4b95-461d-9af7-4cdc4a761f1c,200,,False,219.181,32.29,33,,False,109,logs
26,package_size,live,python-optimised,python,optimised,1024,measure,idle,off,True,update_env,2,,,,1790076866.702,2026-09-22T11:34:26.702+00:00,1f2bd41e-600d-4730-af6b-fba90e7df7cf,200,,False,384.449,21.01,93,71.61,True,41,logs
27,package_size,live,python-optimised,python,optimised,1024,follow_up,idle,off,False,update_env,2,,,,1790076867.087,2026-09-22T11:34:27.087+00:00,3b74e36c-f1d9-4dd9-9fbf-12ac8aeae7b9,200,,False,333.023,23.16,24,,False,43,logs
28,package_size,live,nodejs-default,nodejs,default,1024,measure,idle,off,True,update_env,2,,,,1790076870.044,2026-09-22T11:34:30.044+00:00,f22b10e2-f35b-451f-ac9c-6e09053d00e4,200,,False,1533.9,176.53,1086,909.43,True,125,logs
29,package_size,live,nodejs-default,nodejs,default,1024,follow_up,idle,off,False,update_env,2,,,,1790076871.579,2026-09-22T11:34:31.579+00:00,65dc603a-84bb-4572-af6d-a7328aafcebe,200,,False,422.209,136.43,137,,False,136,logs
30,package_size,live,python-default,python,default,1024,measure,idle,off,True,update_env,2,,,,1790076874.27,2026-09-22T11:34:34.270+00:00,245e4381-ad89-41e0-a151-f3b79506f625,200,,False,3965.932,17.4,3427,3408.72,True,133,logs
31,package_size,live,python-default,python,default,1024,follow_up,idle,off,False,update_env,2,,,,1790076878.237,2026-09-22T11:34:38.237+00:00,8163ecab-50a6-452c-b5d6-77d9b0585e80,200,,False,200.132,19.98,20,,False,133,logs
32,package_size,live,java-default,java,default,1024,measure,idle,off,True,update_env,2,,,,1790076880.889,2026-09-22T11:34:40.889+00:00,43cf1e36-91d2-462e-a479-333455c9ad5e,200,,False,1013.886,103.38,697,593.42,True,119,logs
33,package_size,live,java-default,java,default,1024,follow_up,idle,off,False,update_env,2,,,,1790076881.904,2026-09-22T11:34:41.903+00:00,c3a440ba-c4e2-4f9e-96fb-8d610842bde0,200,,False,191.906,18.86,19,,False,119,logs
34,package_size,live,nodejs-optimised,nodejs,optimised,1024,measure,idle,off,True,update_env,2,,,,1790076884.229,2026-09-22T11:34:44.228+00:00,fe3c03c1-aea4-4d5c-815c-8724cf848c44,200,,False,570.938,150.23,262,111.37,True,79,logs
35,package_size,live,nodejs-optimised,nodejs,optimised,1024,follow_up,idle,off,False,update_env,2,,,,1790076884.803,2026-09-22T11:34:44.802+00:00,4c8b68cf-884d-4fb4-87bd-cc5743cd757e,200,,False,283.794,104.8,105,,False,79,logs
36,package_size,live,python-optimised,python,optimised,1024,measure,idle,off,True,update_env,3,,,,1790076887.19,2026-09-22T11:34:47.190+00:00,7b7feb30-bae4-4449-8744-1f645e6e63da,200,,False,551.887,18.42,139,119.64,True,41,logs
37,package_size,live,python-optimised,python,optimised,1024,follow_up,idle,off,False,update_env,3,,,,1790076887.744,2026-09-22T11:34:47.744+00:00,beb9fe63-b3d3-4586-99ed-b179c88c9acb,200,,False,205.763,26.18,27,,False,41,logs
38,package_size,live,python-default,python,default,1024,measure,idle,off,True,update_env,3,,,,1790076890.079,2026-09-22T11:34:50.078+00:00,1dc14c17-7ea3-487a-a020-2fc056edf720,200,,False,3249.135,24.62,2773,2747.62,True,134,logs
39,package_size,live,python-default,python,default,1024,follow_up,idle,off,False,update_env,3,,,,1790076893.329,2026-09-22T11:34:53.329+00:00,9a873747-726a-4833-8ea6-25dd754ef0a6,200,,False,197.232,14.19,15,,False,134,logs
40,package_size,live,java-optimised,java,optimised,1024,measure,idle,off,True,update_env,3,,,,1790076895.711,2026-09-22T11:34:55.710+00:00,44100f69-c805-4a29-ae87-c9243deacd1b,200,,False,876.844,131.96,574,441.48,True,107,logs
41,package_size,live,java-optimised,java,optimised,1024,follow_up,idle,off,False,update_env,3,,,,1790076896.589,2026-09-22T11:34:56.588+00:00,defe010f-9551-46c9-82e3-3bdc3d6a9d98,200,,False,230.709,46.67,47,,False,107,logs
42,package_size,live,nodejs-default,nodejs,default,1024,measure,idle,off,True,update_env,3,,,,1790076899.001,2026-09-22T11:34:59.001+00:00,5826cd0c-5729-4ae0-8216-816db197c4bd,200,,False,1877.295,269.83,1409,1139.06,True,126,logs
43,package_size,live,nodejs-default,nodejs,default,1024,follow_up,idle,off,False,update_env,3,,,,1790076900.88,2026-09-22T11:35:00.879+00:00,e6e38bd1-48d1-4b90-b591-694b6091d5c0,200,,False,422.79,195.72,196,,False,138,logs
44,package_size,live,java-default,java,default,1024,measure,idle,off,True,update_env,3,,,,1790076903.498,2026-09-22T11:35:03.497+00:00,3a72b5af-85fb-4ec5-b571-e17e0aad6c56,200,,False,1272.729,117.03,855,737.44,True,106,logs
45,package_size,live,java-default,java,default,1024,follow_up,idle,off,False,update_env,3,,,,1790076904.773,2026-09-22T11:35:04.773+00:00,7817ee29-6ff0-45ef-bd35-d503b0980c95,200,,False,226.39,36.62,37,,False,106,logs
46,package_size,live,nodejs-optimised,nodejs,optimised,1024,measure,idle,off,True,update_env,3,,,,1790076907.166,2026-09-22T11:35:07.165+00:00,7bd3af54-e0a2-4a90-b738-e1d38924e7fd,200,,False,658.025,206.69,353,145.61,True,78,logs
47,package_size,live,nodejs-optimised,nodejs,optimised,1024,follow_up,idle,off,False,update_env,3,,,,1790076907.825,2026-09-22T11:35:07.825+00:00,756d3c26-0bef-46dc-b193-0ef8b0d04cfb,200,,False,318.709,133.66,134,,False,78,logs
48,package_size,live,java-optimised,java,optimised,1024,measure,idle,off,True,update_env,4,,,,1790076910.329,2026-09-22T11:35:10.329+00:00,d1c2347e-5841-4bf5-adbb-daba3b0c3564,200,,False,935.061,121.28,544,422.43,True,109,logs
49,package_size,live,java-optimised,java,optimised,1024,follow_up,idle,off,False,update_env,4,,,,1790076911.266,2026-09-22T11:35:11.266+00:00,e7b3e2f7-7626-4d8d-b91d-298c9bef6f07,200,,False,218.323,36.75,37,,False,109,logs
50,package_size,live,python-optimised,python,optimised,1024,measure,idle,off,True,update_env,4,,,,1790076913.7,2026-09-22T11:35:13.699+00:00,9136fc9a-10b2-426c-81cc-501896bffb31,200,,False,436.224,22.91,113,90.02,True,41,logs
51,package_size,live,python-optimised,python,optimised,1024,follow_up,idle,off,False,update_env,4,,,,1790076914.137,2026-09-22T11:35:14.137+00:00,e3954fc9-5561-461f-a1bc-432a79b4564f,200,,False,272.194,33.52,34,,False,41,logs
52,package_size,live,nodejs-optimised,nodejs,optimised,1024,measure,idle,off,True,update_env,4,,,,1790076916.544,2026-09-22T11:35:16.543+00:00,42653847-c566-4e74-9ca6-42baa3bed844,200,,False,631.38,192.39,338,145.45,True,78,logs
53,package_size,live,nodejs-optimised,nodejs,optimised,1024,follow_up,idle,off,False,update_env,4,,,,1790076917.176,2026-09-22T11:35:17.176+00:00,1682a938-5280-4575-b64e-4e233dfc8735,200,,False,295.871,117.48,118,,False,78,logs
54,package_size,live,nodejs-default,nodejs,default,1024,measure,idle,off,True,update_env,4,,,,1790076919.722,2026-09-22T11:35:19.722+00:00,7dd8a7be-dcc3-41e9-be25-a308c6156fe9,200,,False,1504.457,128.74,1005,876.01,True,126,logs
55,package_size,live,nodejs-default,nodejs,default,1024,follow_up,idle,off,False,update_env,4,,,,1790076921.228,2026-09-22T11:35:21.228+00:00,48a8a908-23c5-40d8-a52a-a48e074dae80,200,,False,292.151,116.95,117,,False,132,logs
56,package_size,live,python-default,python,default,1024,measure,idle,off,True,update_env,4,,,,1790076923.715,2026-09-22T11:35:23.714+00:00,06238b0c-1ea1-4c91-8308-9e24e465e7f8,200,,False,4056.718,27.43,3598,3570.3,True,133,logs
57,package_size,live,python-default,python,default,1024,follow_up,idle,off,False,update_env,4,,,,1790076927.773,2026-09-22T11:35:27.772+00:00,d056b24a-84a4-4b95-9208-3fa528889c4b,200,,False,196.452,17.65,18,,False,133,logs
58,package_size,live,java-default,java,default,1024,measure,idle,off,True,update_env,4,,,,1790076930.204,2026-09-22T11:35:30.204+00:00,4f922023-ca55-4527-a180-da723ec50b3d,200,,False,1210.454,126.7,900,772.55,True,119,logs
59,package_size,live,java-default,java,default,1024,follow_up,idle,off,False,update_env,4,,,,1790076931.416,2026-09-22T11:35:31.415+00:00,ca4bdd1e-b96f-412d-9bbf-64bc3a2728fd,200,,False,218.659,36.98,37,,False,119,logs
60,package_size,live,java-optimised,java,optimised,1024,measure,idle,off,True,update_env,5,,,,1790076933.836,2026-09-22T11:35:33.836+00:00,586608c5-aa84-4290-993c-1e6da54a2afa,200,,False,867.703,133.94,574,439.76,True,109,logs
61,package_size,live,java-optimised,java,optimised,1024,follow_up,idle,off,False,update_env,5,,,,1790076934.705,2026-09-22T11:35:34.704+00:00,fdf1acfd-477e-4335-85d5-322262db77a7,200,,False,225.763,37.79,38,,False,109,logs
62,package_size,live,java-default,java,default,1024,measure,idle,off,True,update_env,5,,,,1790076937.092,2026-09-22T11:35:37.092+00:00,2edc05e8-c533-4701-a85a-12a0d0adb839,200,,False,993.781,99.22,712,612.04,True,123,logs
63,package_size,live,java-default,java,default,1024,follow_up,idle,off,False,update_env,5,,,,1790076938.087,2026-09-22T11:35:38.087+00:00,0e0e3e04-8f3e-4595-8a42-918978c77383,200,,False,211.249,35.91,36,,False,123,logs
64,package_size,live,nodejs-default,nodejs,default,1024,measure,idle,off,True,update_env,5,,,,1790076940.365,2026-09-22T11:35:40.365+00:00,bb02940d-99ff-47a0-b380-10efd7abccaa,200,,False,1434.357,164.1,1036,871.68,True,124,logs
65,package_size,live,nodejs-default,nodejs,default,1024,follow_up,idle,off,False,update_env,5,,,,1790076941.801,2026-09-22T11:35:41.800+00:00,bd57ad45-acd3-4fb9-bc71-83de09eb0efa,200,,False,448.467,137.92,138,,False,138,logs
66,package_size,live,python-optimised,python,optimised,1024,measure,idle,off,True,update_env,5,,,,1790076944.329,2026-09-22T11:35:44.329+00:00,aac5e2b6-927e-44d0-8855-5dd52402bcc6,200,,False,383.739,21.03,91,69.52,True,41,logs
67,package_size,live,python-optimised,python,optimised,1024,follow_up,idle,off,False,update_env,5,,,,1790076944.714,2026-09-22T11:35:44.713+00:00,afe07fa9-7f33-42c0-94b8-51a65dd0a484,200,,False,197.381,21.63,22,,False,41,logs
68,package_size,live,nodejs-optimised,nodejs,optimised,1024,measure,idle,off,True,update_env,5,,,,1790076946.994,2026-09-22T11:35:46.993+00:00,0538a5d5-599c-4531-b12d-c55810aed5af,200,,False,631.379,196.64,339,142.18,True,79,logs
69,package_size,live,nodejs-optimised,nodejs,optimised,1024,follow_up,idle,off,False,update_env,5,,,,1790076947.628,2026-09-22T11:35:47.627+00:00,6d1f0cca-1ba0-49f8-85ca-bd6aad591fd4,200,,False,336.206,118.97,119,,False,79,logs
70,package_size,live,python-default,python,default,1024,measure,idle,off,True,update_env,5,,,,1790076950.165,2026-09-22T11:35:50.165+00:00,b017f44b-6fb6-4d8f-a1a1-ccd5e78283f5,200,,False,4013.229,27.18,3505,3476.94,True,134,logs
71,package_size,live,python-default,python,default,1024,follow_up,idle,off,False,update_env,5,,,,1790076954.179,2026-09-22T11:35:54.179+00:00,5176136c-253d-4102-955f-af21f6110631,200,,False,269.998,17.27,18,,False,134,logs
72,package_size,live,python-optimised,python,optimised,1024,measure,idle,off,True,update_env,6,,,,1790076956.578,2026-09-22T11:35:56.578+00:00,b26ab4df-cdcf-46f7-92fc-262eeed29854,200,,False,399.169,25.53,104,77.78,True,41,logs
73,package_size,live,python-optimised,python,optimised,1024,follow_up,idle,off,False,update_env,6,,,,1790076956.978,2026-09-22T11:35:56.978+00:00,4c92e838-9bfa-4d41-abd1-fdf36865d4c5,200,,False,198.529,16.59,17,,False,41,logs
74,package_size,live,nodejs-default,nodejs,default,1024,measure,idle,off,True,update_env,6,,,,1790076959.285,2026-09-22T11:35:59.285+00:00,71e0b11c-29e3-4ca8-9c30-94a86e2b2984,200,,False,1800.329,251.41,1356,1104.16,True,126,logs
75,package_size,live,nodejs-default,nodejs,default,1024,follow_up,idle,off,False,update_env,6,,,,1790076961.086,2026-09-22T11:36:01.086+00:00,d47a755a-3931-44a9-a2d2-d5f7854aca5c,200,,False,412.031,162.79,163,,False,133,logs
76,package_size,live,java-optimised,java,optimised,1024,measure,idle,off,True,update_env,6,,,,1790076963.727,2026-09-22T11:36:03.726+00:00,de967619-93b7-4b36-a960-7d0fdaf648b2,200,,False,832.515,121.0,543,421.46,True,107,logs
77,package_size,live,java-optimised,java,optimised,1024,follow_up,idle,off,False,update_env,6,,,,1790076964.561,2026-09-22T11:36:04.560+00:00,232c41b1-3032-4941-ae61-5ffeead389b7,200,,False,215.254,36.96,37,,False,107,logs
78,package_size,live,python-default,python,default,1024,measure,idle,off,True,update_env,6,,,,1790076966.93,2026-09-22T11:36:06.929+00:00,c37069e5-4fa2-4e02-8352-d769c6aa935f,200,,False,4108.731,23.72,3632,3607.45,True,134,logs
79,package_size,live,python-default,python,default,1024,follow_up,idle,off,False,update_env,6,,,,1790076971.04,2026-09-22T11:36:11.039+00:00,50d4441e-e3a0-4d70-b73d-27087f3f8528,200,,False,197.315,17.79,18,,False,134,logs
80,package_size,live,java-default,java,default,1024,measure,idle,off,True,update_env,6,,,,1790076973.361,2026-09-22T11:36:13.360+00:00,34aab0ab-a752-4d76-b267-2686607e059e,200,,False,1250.352,132.55,905,772.06,True,121,logs
81,package_size,live,java-default,java,default,1024,follow_up,idle,off,False,update_env,6,,,,1790076974.612,2026-09-22T11:36:14.611+00:00,682c1bef-acc1-414d-a1bc-5f2760c3b524,200,,False,213.364,36.53,37,,False,121,logs
82,package_size,live,nodejs-optimised,nodejs,optimised,1024,measure,idle,off,True,update_env,6,,,,1790076976.892,2026-09-22T11:36:16.892+00:00,64130d78-c35f-4a79-9e9a-bb018436b535,200,,False,672.761,228.41,376,146.92,True,79,logs
83,package_size,live,nodejs-optimised,nodejs,optimised,1024,follow_up,idle,off,False,update_env,6,,,,1790076977.568,2026-09-22T11:36:17.567+00:00,3b5dbff6-ec3b-4fbb-9d17-e8a580852885,200,,False,292.956,114.02,115,,False,79,logs
84,package_size,live,nodejs-default,nodejs,default,1024,measure,idle,off,True,update_env,7,,,,1790076980.019,2026-09-22T11:36:20.018+00:00,de7472f1-912e-4804-921d-fbac4d333459,200,,False,1501.692,197.37,1075,877.39,True,126,logs
85,package_size,live,nodejs-default,nodejs,default,1024,follow_up,idle,off,False,update_env,7,,,,1790076981.522,2026-09-22T11:36:21.522+00:00,65e85a13-280d-4913-bb71-4b576c9198e1,200,,False,306.875,131.98,132,,False,135,logs
86,package_size,live,python-default,python,default,1024,measure,idle,off,True,update_env,7,,,,1790076983.966,2026-09-22T11:36:23.966+00:00,2edd5260-900a-4717-88f6-43d01ae9334d,200,,False,3979.507,27.75,3553,3525.07,True,132,logs
87,package_size,live,python-default,python,default,1024,follow_up,idle,off,False,update_env,7,,,,1790076987.951,2026-09-22T11:36:27.950+00:00,e3d553b2-6565-46cd-8979-0fdfb77ecfd1,200,,False,193.947,16.7,17,,False,132,logs
88,package_size,live,java-default,java,default,1024,measure,idle,off,True,update_env,7,,,,1790076990.363,2026-09-22T11:36:30.363+00:00,f6376cc1-8ab0-45b4-903c-575dccea3eba,200,,False,1291.419,127.26,915,786.83,True,123,logs
89,package_size,live,java-default,java,default,1024,follow_up,idle,off,False,update_env,7,,,,1790076991.655,2026-09-22T11:36:31.655+00:00,123850cf-c184-40d5-a1fd-2ed2f0012eca,200,,False,216.163,36.96,37,,False,123,logs
90,package_size,live,nodejs-optimised,nodejs,optimised,1024,measure,idle,off,True,update_env,7,,,,1790076994.025,2026-09-22T11:36:34.024+00:00,3d43386c-7fab-4e36-b99a-47f029a5bf17,200,,False,657.274,196.14,344,147.4,True,78,logs
91,package_size,live,nodejs-optimised,nodejs,optimised,1024,follow_up,idle,off,False,update_env,7,,,,1790076994.683,2026-09-22T11:36:34.682+00:00,be9d504d-69ca-4b71-9910-cf25e76aaaa1,200,,False,467.505,128.12,129,,False,78,logs
92,package_size,live,java-optimised,java,optimised,1024,measure,idle,off,True,update_env,7,,,,1790076997.344,2026-09-22T11:36:37.344+00:00,b96439f2-1bff-4d21-a333-c610e56db72c,200,,False,712.475,93.91,434,339.63,True,107,logs
93,package_size,live,java-optimised,java,optimised,1024,follow_up,idle,off,False,update_env,7,,,,1790076998.058,2026-09-22T11:36:38.058+00:00,3571b4d8-c1a6-48d2-89af-b272c11fc978,200,,False,309.913,35.58,36,,False,107,logs
94,package_size,live,python-optimised,python,optimised,1024,measure,idle,off,True,update_env,7,,,,1790077000.452,2026-09-22T11:36:40.451+00:00,c932b042-8393-4753-9b39-8f0f1c595171,200,,False,474.529,23.0,113,89.4,True,42,logs
95,package_size,live,python-optimised,python,optimised,1024,follow_up,idle,off,False,update_env,7,,,,1790077000.928,2026-09-22T11:36:40.927+00:00,599af33c-5278-4f62-a625-1d20c107e6d0,200,,False,209.931,33.5,34,,False,42,logs
96,package_size,live,nodejs-default,nodejs,default,1024,measure,idle,off,True,update_env,8,,,,1790077003.334,2026-09-22T11:36:43.333+00:00,f1d51907-c07b-4bd0-a058-8d8873fc3550,200,,False,1892.991,256.39,1421,1163.71,True,127,logs
97,package_size,live,nodejs-default,nodejs,default,1024,follow_up,idle,off,False,update_env,8,,,,1790077005.228,2026-09-22T11:36:45.227+00:00,7000b3dc-b84c-4a5b-82cc-87c25467cd9a,200,,False,408.519,193.14,194,,False,138,logs
98,package_size,live,python-optimised,python,optimised,1024,measure,idle,off,True,update_env,8,,,,1790077007.788,2026-09-22T11:36:47.787+00:00,ff7a7392-e771-4a80-a38d-74256c064580,200,,False,469.795,16.99,119,101.77,True,41,logs
99,package_size,live,python-optimised,python,optimised,1024,follow_up,idle,off,False,update_env,8,,,,1790077008.259,2026-09-22T11:36:48.258+00:00,9bf97f01-4957-4e64-a033-57f35b5af9a0,200,,False,199.284,18.64,19,,False,43,logs
100,package_size,live,java-optimised,java,optimised,1024,measure,idle,off,True,update_env,8,,,,1790077010.685,2026-09-22T11:36:50.685+00:00,11727f0c-41b0-4d91-92c0-91c8d949d60a,200,,False,718.363,107.66,434,325.78,True,110,logs
101,package_size,live,java-optimised,java,optimised,1024,follow_up,idle,off,False,update_env,8,,,,1790077011.405,2026-09-22T11:36:51.405+00:00,7715311b-273b-44f8-8440-2f9cc210c551,200,,False,212.314,28.93,29,,False,110,logs
102,package_size,live,nodejs-optimised,nodejs,optimised,1024,measure,idle,off,True,update_env,8,,,,1790077014.028,2026-09-22T11:36:54.028+00:00,3b68f476-fac7-4f14-ad1f-0d43ed795e30,200,,False,613.345,195.42,315,119.3,True,79,logs
103,package_size,live,nodejs-optimised,nodejs,optimised,1024,follow_up,idle,off,False,update_env,8,,,,1790077014.642,2026-09-22T11:36:54.642+00:00,d62f358a-2f35-4433-a4b4-935a1e7d0a55,200,,False,257.567,83.93,84,,False,79,logs
104,package_size,live,python-default,python,default,1024,measure,idle,off,True,update_env,8,,,,1790077017.062,2026-09-22T11:36:57.062+00:00,d86af6d5-f406-4fc0-8301-e3214d127541,200,,False,4036.859,30.47,3554,3522.96,True,133,logs
105,package_size,live,python-default,python,default,1024,follow_up,idle,off,False,update_env,8,,,,1790077021.101,2026-09-22T11:37:01.100+00:00,7c3afb77-dc12-476b-bac7-db7ef9b14bd4,200,,False,265.411,22.2,23,,False,133,logs
106,package_size,live,java-default,java,default,1024,measure,idle,off,True,update_env,8,,,,1790077023.542,2026-09-22T11:37:03.541+00:00,981b8d06-9455-42b3-9e05-f77be595026c,200,,False,1286.072,146.15,972,824.93,True,119,logs
107,package_size,live,java-default,java,default,1024,follow_up,idle,off,False,update_env,8,,,,1790077024.83,2026-09-22T11:37:04.830+00:00,34b3cb31-6380-41e8-87aa-47c5e99b4529,200,,False,212.979,38.19,39,,False,119,logs
108,package_size,live,python-optimised,python,optimised,1024,measure,idle,off,True,update_env,9,,,,1790077027.146,2026-09-22T11:37:07.146+00:00,d89110c1-69b6-4769-8046-9f0197d3983e,200,,False,400.084,18.98,90,70.54,True,41,logs
109,package_size,live,python-optimised,python,optimised,1024,follow_up,idle,off,False,update_env,9,,,,1790077027.548,2026-09-22T11:37:07.547+00:00,b7f77907-9056-41ac-ae28-b47231b6db4d,200,,False,204.816,28.82,29,,False,41,logs
110,package_size,live,java-optimised,java,optimised,1024,measure,idle,off,True,update_env,9,,,,1790077030.018,2026-09-22T11:37:10.017+00:00,75344ec1-b5a1-4493-912e-2c11ea95290b,200,,False,859.202,116.38,561,443.82,True,109,logs
111,package_size,live,java-optimised,java,optimised,1024,follow_up,idle,off,False,update_env,9,,,,1790077030.878,2026-09-22T11:37:10.878+00:00,2234dfc3-850c-489a-bf12-16d7cf0250cd,200,,False,214.841,39.37,40,,False,109,logs
112,package_size,live,python-default,python,default,1024,measure,idle,off,True,update_env,9,,,,1790077033.183,2026-09-22T11:37:13.182+00:00,3a22d322-2a3f-4f33-aa23-32aebad1734a,200,,False,3967.629,17.6,3511,3492.45,True,133,logs
113,package_size,live,python-default,python,default,1024,follow_up,idle,off,False,update_env,9,,,,1790077037.151,2026-09-22T11:37:17.151+00:00,d12cddc7-b06c-4d81-9c14-87c52fad2521,200,,False,198.746,19.17,20,,False,133,logs
114,package_size,live,nodejs-default,nodejs,default,1024,measure,idle,off,True,update_env,9,,,,1790077039.558,2026-09-22T11:37:19.558+00:00,66a9bf05-a1c4-48eb-a1ea-aba6712efbd6,200,,False,1832.776,262.77,1359,1095.84,True,121,logs
115,package_size,live,nodejs-default,nodejs,default,1024,follow_up,idle,off,False,update_env,9,,,,1790077041.392,2026-09-22T11:37:21.391+00:00,e4c5e23c-8581-4b0d-afb1-bdc5e7087fc1,200,,False,420.437,199.27,200,,False,129,logs
116,package_size,live,nodejs-optimised,nodejs,optimised,1024,measure,idle,off,True,update_env,9,,,,1790077043.96,2026-09-22T11:37:23.960+00:00,0c8bb723-c079-494b-9555-54dfa779aadc,200,,False,616.385,175.86,324,147.51,True,78,logs
117,package_size,live,nodejs-optimised,nodejs,optimised,1024,follow_up,idle,off,False,update_env,9,,,,1790077044.578,2026-09-22T11:37:24.578+00:00,7896a7aa-69a2-43f2-acfe-8ea391729100,200,,False,382.173,139.64,140,,False,78,logs
118,package_size,live,java-default,java,default,1024,measure,idle,off,True,update_env,9,,,,1790077047.108,2026-09-22T11:37:27.107+00:00,ce266c5b-ff2c-4b2a-b5c3-597f42acefba,200,,False,1222.727,128.42,885,755.87,True,119,logs
119,package_size,live,java-default,java,default,1024,follow_up,idle,off,False,update_env,9,,,,1790077048.332,2026-09-22T11:37:28.331+00:00,f5d4009e-a746-4cd2-9998-78e4d7b41c43,200,,False,494.15,47.59,48,,False,119,logs
120,package_size,live,python-optimised,python,optimised,1024,measure,idle,off,True,update_env,10,,,,1790077051.479,2026-09-22T11:37:31.478+00:00,c0a0a2fc-4490-4c22-b87c-ddbc4416be44,200,,False,495.683,32.81,123,89.8,True,41,logs
121,package_size,live,python-optimised,python,optimised,1024,follow_up,idle,off,False,update_env,10,,,,1790077051.976,2026-09-22T11:37:31.975+00:00,57e70b5a-0f18-46c4-b7dd-4ce612645156,200,,False,519.377,18.97,19,,False,42,logs
122,package_size,live,java-default,java,default,1024,measure,idle,off,True,update_env,10,,,,1790077054.995,2026-09-22T11:37:34.995+00:00,489d8a0b-b277-4190-b20c-ec853ec0f452,200,,False,1327.8,129.9,929,798.98,True,121,logs
123,package_size,live,java-default,java,default,1024,follow_up,idle,off,False,update_env,10,,,,1790077056.324,2026-09-22T11:37:36.323+00:00,6375d76a-5f12-4b51-8115-5f699961626c,200,,False,226.511,51.08,52,,False,121,logs
124,package_size,live,java-optimised,java,optimised,1024,measure,idle,off,True,update_env,10,,,,1790077058.695,2026-09-22T11:37:38.694+00:00,452db228-6a02-4c20-bd1e-5421a6d32ec3,200,,False,868.851,137.35,566,428.59,True,107,logs
125,package_size,live,java-optimised,java,optimised,1024,follow_up,idle,off,False,update_env,10,,,,1790077059.565,2026-09-22T11:37:39.564+00:00,7df4e6c6-3f2a-4a66-a07e-fec31e669f98,200,,False,213.281,36.54,37,,False,107,logs
126,package_size,live,nodejs-default,nodejs,default,1024,measure,idle,off,True,update_env,10,,,,1790077061.965,2026-09-22T11:37:41.964+00:00,e2c2cf60-4811-449b-a574-fc07c108ab1d,200,,False,1867.72,264.28,1377,1111.74,True,130,logs
127,package_size,live,nodejs-default,nodejs,default,1024,follow_up,idle,off,False,update_env,10,,,,1790077063.834,2026-09-22T11:37:43.833+00:00,d0c8410e-c4a2-421b-8b6b-dc0fa6a9d875,200,,False,336.955,156.59,157,,False,137,logs
128,package_size,live,nodejs-optimised,nodejs,optimised,1024,measure,idle,off,True,update_env,10,,,,1790077066.238,2026-09-22T11:37:46.238+00:00,2bb537af-9007-4e1a-98cd-f6a9d29623b2,200,,False,568.277,172.4,286,113.47,True,81,logs
129,package_size,live,nodejs-optimised,nodejs,optimised,1024,follow_up,idle,off,False,update_env,10,,,,1790077066.808,2026-09-22T11:37:46.807+00:00,3cc4fd29-d0d1-4a94-9d9d-e8001612b639,200,,False,280.814,104.73,105,,False,81,logs
130,package_size,live,python-default,python,default,1024,measure,idle,off,True,update_env,10,,,,1790077069.21,2026-09-22T11:37:49.209+00:00,30076906-7a9e-4abb-a73b-6187b90e45ef,200,,False,3253.92,19.46,2846,2825.96,True,133,logs
131,package_size,live,python-default,python,default,1024,follow_up,idle,off,False,update_env,10,,,,1790077072.467,2026-09-22T11:37:52.467+00:00,7c3d0288-d9f3-48bc-a325-694a5c1d14ba,200,,False,199.589,11.71,12,,False,133,logs
132,package_size,live,nodejs-default,nodejs,default,1024,measure,idle,off,True,update_env,11,,,,1790077074.747,2026-09-22T11:37:54.747+00:00,1d06cffe-fa9f-4c2f-8e88-0c5f9f9a3059,200,,False,1429.713,152.3,1026,873.13,True,121,logs
133,package_size,live,nodejs-default,nodejs,default,1024,follow_up,idle,off,False,update_env,11,,,,1790077076.178,2026-09-22T11:37:56.177+00:00,02b9f8b0-1cfd-4811-99b3-8f2c8bfb9de2,200,,False,318.662,142.74,143,,False,130,logs
134,package_size,live,nodejs-optimised,nodejs,optimised,1024,measure,idle,off,True,update_env,11,,,,1790077078.61,2026-09-22T11:37:58.609+00:00,73887e28-2c81-4073-bd1a-276feb609bcf,200,,False,640.327,194.16,337,142.1,True,78,logs
135,package_size,live,nodejs-optimised,nodejs,optimised,1024,follow_up,idle,off,False,update_env,11,,,,1790077079.251,2026-09-22T11:37:59.250+00:00,e2b124ff-c7d8-442c-b3f2-5a4abc9f4655,200,,False,310.6,115.85,116,,False,78,logs
136,package_size,live,java-optimised,java,optimised,1024,measure,idle,off,True,update_env,11,,,,1790077081.707,2026-09-22T11:38:01.706+00:00,fc5c445a-d2ea-4272-b075-09d3fc1b7033,200,,False,843.432,129.21,543,413.7,True,109,logs
137,package_size,live,java-optimised,java,optimised,1024,follow_up,idle,off,False,update_env,11,,,,1790077082.554,2026-09-22T11:38:02.553+00:00,cbc79397-6f27-48d2-a079-7e6909019de7,200,,False,223.418,46.77,47,,False,109,logs
138,package_size,live,python-default,python,default,1024,measure,idle,off,True,update_env,11,,,,1790077084.998,2026-09-22T11:38:04.997+00:00,c0663ec8-ae35-4fe1-9669-27100c42fc6c,200,,False,4095.739,31.0,3576,3544.84,True,132,logs
139,package_size,live,python-default,python,default,1024,follow_up,idle,off,False,update_env,11,,,,1790077089.096,2026-09-22T11:38:09.095+00:00,3a44033a-7afe-44b7-b8f2-18660b0f1307,200,,False,196.251,17.25,18,,False,132,logs
140,package_size,live,python-optimised,python,optimised,1024,measure,idle,off,True,update_env,11,,,,1790077091.533,2026-09-22T11:38:11.533+00:00,0da595c0-4359-4e37-be2d-e6109ad7bdd1,200,,False,402.98,17.13,110,92.48,True,41,logs
141,package_size,live,python-optimised,python,optimised,1024,follow_up,idle,off,False,update_env,11,,,,1790077091.937,2026-09-22T11:38:11.937+00:00,78f50b1b-6838-4d2c-8929-bd88a94bb582,200,,False,216.144,30.34,31,,False,41,logs
142,package_size,live,java-default,java,default,1024,measure,idle,off,True,update_env,11,,,,1790077094.403,2026-09-22T11:38:14.402+00:00,a980b761-b5a2-4129-879c-2f3da6ca29fb,200,,False,1022.632,99.11,742,642.33,True,123,logs
143,package_size,live,java-default,java,default,1024,follow_up,idle,off,False,update_env,11,,,,1790077095.427,2026-09-22T11:38:15.426+00:00,951d280f-9e6a-41d0-817e-06fba6a5fe6c,200,,False,212.416,31.71,32,,False,123,logs
144,package_size,live,nodejs-default,nodejs,default,1024,measure,idle,off,True,update_env,12,,,,1790077097.726,2026-09-22T11:38:17.725+00:00,0b3866a6-50ca-44fa-9bc3-4111144cd7d4,200,,False,1810.667,236.18,1383,1146.08,True,128,logs
145,package_size,live,nodejs-default,nodejs,default,1024,follow_up,idle,off,False,update_env,12,,,,1790077099.537,2026-09-22T11:38:19.537+00:00,3fa24c57-47b1-4bda-8ac9-bf24b791eade,200,,False,511.422,182.29,183,,False,138,logs
146,package_size,live,python-optimised,python,optimised,1024,measure,idle,off,True,update_env,12,,,,1790077102.132,2026-09-22T11:38:22.131+00:00,8c6397dd-0712-4e14-a307-4dff3bc69b92,200,,False,344.54,13.19,86,72.21,True,42,logs
147,package_size,live,python-optimised,python,optimised,1024,follow_up,idle,off,False,update_env,12,,,,1790077102.477,2026-09-22T11:38:22.477+00:00,c9f080a3-f9f1-4335-93dc-a8352603cbe1,200,,False,196.901,18.5,19,,False,42,logs
148,package_size,live,java-optimised,java,optimised,1024,measure,idle,off,True,update_env,12,,,,1790077104.803,2026-09-22T11:38:24.802+00:00,8e0d51b5-a803-4d9a-aad3-4e99d0e426a0,200,,False,723.707,113.45,443,329.26,True,116,logs
149,package_size,live,java-optimised,java,optimised,1024,follow_up,idle,off,False,update_env,12,,,,1790077105.53,2026-09-22T11:38:25.530+00:00,69dd7ba7-4af9-4a15-8d24-e543ac4955a2,200,,False,253.882,18.67,19,,False,116,logs
150,package_size,live,java-default,java,default,1024,measure,idle,off,True,update_env,12,,,,1790077107.913,2026-09-22T11:38:27.913+00:00,2bdd95d1-99d0-4a5c-a1a6-77baaedcb033,200,,False,1186.015,128.97,885,756.0,True,119,logs
151,package_size,live,java-default,java,default,1024,follow_up,idle,off,False,update_env,12,,,,1790077109.1,2026-09-22T11:38:29.100+00:00,41eedb13-e164-414a-8b9d-75f68eaa9b7d,200,,False,216.54,37.91,38,,False,119,logs
152,package_size,live,nodejs-optimised,nodejs,optimised,1024,measure,idle,off,True,update_env,12,,,,1790077111.435,2026-09-22T11:38:31.435+00:00,5c9a440a-32d6-4f7d-bd49-1a2209b5b5b9,200,,False,636.416,195.5,343,147.24,True,78,logs
153,package_size,live,nodejs-optimised,nodejs,optimised,1024,follow_up,idle,off,False,update_env,12,,,,1790077112.074,2026-09-22T11:38:32.074+00:00,2b7c2514-73f5-450f-9604-b8eaefe22a07,200,,False,300.954,125.4,126,,False,78,logs
154,package_size,live,python-default,python,default,1024,measure,idle,off,True,update_env,12,,,,1790077114.57,2026-09-22T11:38:34.570+00:00,831fa9a5-25ba-4f1d-89ec-8b07fc2bc6de,200,,False,4124.662,27.69,3633,3604.96,True,133,logs
155,package_size,live,python-default,python,default,1024,follow_up,idle,off,False,update_env,12,,,,1790077118.696,2026-09-22T11:38:38.696+00:00,4dcb6b8d-2bd0-483d-aba9-e7825286332e,200,,False,197.652,16.88,17,,False,133,logs
156,package_size,live,python-optimised,python,optimised,1024,measure,idle,off,True,update_env,13,,,,1790077120.981,2026-09-22T11:38:40.981+00:00,afa304f1-80d5-4dfe-a1b2-3ab11131bb26,200,,False,417.314,28.95,120,90.29,True,41,logs
157,package_size,live,python-optimised,python,optimised,1024,follow_up,idle,off,False,update_env,13,,,,1790077121.402,2026-09-22T11:38:41.401+00:00,13a1ce16-232d-457c-bd51-f4d4c33a9a66,200,,False,196.95,22.41,23,,False,41,logs
158,package_size,live,nodejs-default,nodejs,default,1024,measure,idle,off,True,update_env,13,,,,1790077123.652,2026-09-22T11:38:43.652+00:00,9df6b53f-fcd4-45b6-b537-6b8dc4601769,200,,False,1824.306,294.84,1388,1092.61,True,124,logs
159,package_size,live,nodejs-default,nodejs,default,1024,follow_up,idle,off,False,update_env,13,,,,1790077125.478,2026-09-22T11:38:45.478+00:00,8c412bfe-010d-40fe-be74-a7f3ec7a375a,200,,False,329.88,151.2,152,,False,137,logs
160,package_size,live,python-default,python,default,1024,measure,idle,off,True,update_env,13,,,,1790077128.023,2026-09-22T11:38:48.023+00:00,7f4290a7-d0cc-418c-b998-3e8dc24c120f,200,,False,3981.738,27.64,3500,3471.43,True,135,logs
161,package_size,live,python-default,python,default,1024,follow_up,idle,off,False,update_env,13,,,,1790077132.007,2026-09-22T11:38:52.007+00:00,c65b67b8-1678-457e-bb57-1e7408fc3189,200,,False,209.846,16.55,17,,False,135,logs
162,package_size,live,nodejs-optimised,nodejs,optimised,1024,measure,idle,off,True,update_env,13,,,,1790077134.362,2026-09-22T11:38:54.362+00:00,0bce9578-7304-407c-8a88-34b747d31939,200,,False,568.417,152.2,268,115.58,True,79,logs
163,package_size,live,nodejs-optimised,nodejs,optimised,1024,follow_up,idle,off,False,update_env,13,,,,1790077134.932,2026-09-22T11:38:54.931+00:00,93d41859-a7ec-418e-bccf-99e04b3b34a9,200,,False,280.079,98.95,99,,False,79,logs
164,package_size,live,java-optimised,java,optimised,1024,measure,idle,off,True,update_env,13,,,,1790077137.317,2026-09-22T11:38:57.316+00:00,29d658c8-1868-4493-b7af-7d37d54cd766,200,,False,848.939,130.38,553,422.32,True,107,logs
165,package_size,live,java-optimised,java,optimised,1024,follow_up,idle,off,False,update_env,13,,,,1790077138.168,2026-09-22T11:38:58.167+00:00,f1267dc5-e76c-49ab-8cfc-16c83fb2d6d4,200,,False,212.826,37.03,38,,False,107,logs
166,package_size,live,java-default,java,default,1024,measure,idle,off,True,update_env,13,,,,1790077140.672,2026-09-22T11:39:00.672+00:00,e908d4c0-a089-41cf-b2ad-2a9dec9f2de8,200,,False,1291.751,127.03,907,779.0,True,121,logs
167,package_size,live,java-default,java,default,1024,follow_up,idle,off,False,update_env,13,,,,1790077141.965,2026-09-22T11:39:01.964+00:00,3abaa508-c574-495b-9f88-cce4373a5b61,200,,False,254.485,50.13,51,,False,121,logs
168,package_size,live,python-optimised,python,optimised,1024,measure,idle,off,True,update_env,14,,,,1790077144.389,2026-09-22T11:39:04.388+00:00,3f0f1a64-b02e-4625-bbab-d3e818de1e81,200,,False,407.579,27.19,118,90.26,True,42,logs
169,package_size,live,python-optimised,python,optimised,1024,follow_up,idle,off,False,update_env,14,,,,1790077144.797,2026-09-22T11:39:04.797+00:00,d29a48c1-0de9-4a6a-b654-bd4cd9270c2d,200,,False,207.788,18.76,19,,False,42,logs
170,package_size,live,java-default,java,default,1024,measure,idle,off,True,update_env,14,,,,1790077147.26,2026-09-22T11:39:07.260+00:00,b792cc2e-b1ef-4574-8ed9-e0e9e509fd18,200,,False,1209.117,113.59,886,771.7,True,119,logs
171,package_size,live,java-default,java,default,1024,follow_up,idle,off,False,update_env,14,,,,1790077148.471,2026-09-22T11:39:08.470+00:00,9efbee9f-c888-4450-a8c5-024e5f4744e1,200,,False,214.768,37.73,38,,False,119,logs
172,package_size,live,python-default,python,default,1024,measure,idle,off,True,update_env,14,,,,1790077150.768,2026-09-22T11:39:10.767+00:00,14ab266d-152a-47ec-897b-3c7a67c9cbeb,200,,False,4065.71,27.29,3604,3576.57,True,134,logs
173,package_size,live,python-default,python,default,1024,follow_up,idle,off,False,update_env,14,,,,1790077154.834,2026-09-22T11:39:14.834+00:00,204074b0-dca6-4f88-8095-89dc7929c813,200,,False,224.288,22.88,23,,False,134,logs
174,package_size,live,nodejs-default,nodejs,default,1024,measure,idle,off,True,update_env,14,,,,1790077157.156,2026-09-22T11:39:17.155+00:00,364a116c-2d94-4181-b3b0-f90c862cdebc,200,,False,1451.888,113.71,1055,940.62,True,128,logs
175,package_size,live,nodejs-default,nodejs,default,1024,follow_up,idle,off,False,update_env,14,,,,1790077158.611,2026-09-22T11:39:18.611+00:00,2562a1e5-8a77-465e-933e-4f759996d320,200,,False,271.692,90.07,91,,False,135,logs
176,package_size,live,nodejs-optimised,nodejs,optimised,1024,measure,idle,off,True,update_env,14,,,,1790077161.045,2026-09-22T11:39:21.045+00:00,94281053-5e8c-42ee-adcc-b0238a4b2c15,200,,False,587.256,170.64,291,119.84,True,79,logs
177,package_size,live,nodejs-optimised,nodejs,optimised,1024,follow_up,idle,off,False,update_env,14,,,,1790077161.634,2026-09-22T11:39:21.633+00:00,2f43e9d1-25ca-4005-b0d8-f77aadfaa189,200,,False,291.793,97.96,98,,False,79,logs
178,package_size,live,java-optimised,java,optimised,1024,measure,idle,off,True,update_env,14,,,,1790077164.032,2026-09-22T11:39:24.031+00:00,064e2d51-70c3-4eed-803c-a941252c6344,200,,False,823.962,113.23,504,389.77,True,107,logs
179,package_size,live,java-optimised,java,optimised,1024,follow_up,idle,off,False,update_env,14,,,,1790077164.859,2026-09-22T11:39:24.858+00:00,b38c577a-9ece-47fc-a709-035b8afd6a1b,200,,False,231.411,47.94,48,,False,107,logs
180,package_size,live,java-optimised,java,optimised,1024,measure,idle,off,True,update_env,15,,,,1790077167.284,2026-09-22T11:39:27.284+00:00,2c2b77d8-1483-45a6-8cdd-2ffb39d6b538,200,,False,699.138,106.44,423,316.47,True,107,logs
181,package_size,live,java-optimised,java,optimised,1024,follow_up,idle,off,False,update_env,15,,,,1790077167.985,2026-09-22T11:39:27.984+00:00,7abc33e7-1044-4c02-a070-8ab451d41ece,200,,False,214.93,34.12,35,,False,107,logs
182,package_size,live,python-optimised,python,optimised,1024,measure,idle,off,True,update_env,15,,,,1790077170.268,2026-09-22T11:39:30.268+00:00,e429e60e-cd03-4265-a3b4-901ea44d4393,200,,False,381.43,13.69,87,72.72,True,42,logs
183,package_size,live,python-optimised,python,optimised,1024,follow_up,idle,off,False,update_env,15,,,,1790077170.652,2026-09-22T11:39:30.652+00:00,bebd2aab-9561-40af-bcf2-beab41bdc2a8,200,,False,197.125,14.35,15,,False,42,logs
184,package_size,live,python-default,python,default,1024,measure,idle,off,True,update_env,15,,,,1790077172.988,2026-09-22T11:39:32.987+00:00,a882fb0e-3553-4ea0-b7cd-7c312ee399f8,200,,False,3867.179,16.78,3383,3366.05,True,133,logs
185,package_size,live,python-default,python,default,1024,follow_up,idle,off,False,update_env,15,,,,1790077176.857,2026-09-22T11:39:36.857+00:00,4a162541-c28d-4a97-b2aa-d0f357bb2893,200,,False,222.274,23.65,24,,False,133,logs
186,package_size,live,nodejs-default,nodejs,default,1024,measure,idle,off,True,update_env,15,,,,1790077179.21,2026-09-22T11:39:39.210+00:00,fd4c855c-5144-4a4b-bac8-d4c8f8e0bcc0,200,,False,1787.794,216.94,1357,1139.1,True,123,logs
187,package_size,live,nodejs-default,nodejs,default,1024,follow_up,idle,off,False,update_env,15,,,,1790077181.002,2026-09-22T11:39:41.001+00:00,c24e225b-b07c-497d-8345-f4996036a1cd,200,,False,334.151,153.09,154,,False,130,logs
188,package_size,live,nodejs-optimised,nodejs,optimised,1024,measure,idle,off,True,update_env,15,,,,1790077183.476,2026-09-22T11:39:43.475+00:00,627bc2fd-5efe-4346-8b6d-066d2f1ac5c8,200,,False,746.909,200.56,343,142.37,True,79,logs
189,package_size,live,nodejs-optimised,nodejs,optimised,1024,follow_up,idle,off,False,update_env,15,,,,1790077184.224,2026-09-22T11:39:44.223+00:00,42769210-0ccd-40f5-8a35-7c776beeb10f,200,,False,311.433,132.1,133,,False,79,logs
190,package_size,live,java-default,java,default,1024,measure,idle,off,True,update_env,15,,,,1790077186.762,2026-09-22T11:39:46.761+00:00,2e54a019-8095-4d76-8a5f-121bf0e9f874,200,,False,1249.631,132.57,904,771.32,True,121,logs
191,package_size,live,java-default,java,default,1024,follow_up,idle,off,False,update_env,15,,,,1790077188.013,2026-09-22T11:39:48.012+00:00,02f1575b-3062-46a4-8d0e-84928112d94e,200,,False,229.097,47.14,48,,False,121,logs
192,package_size,live,java-default,java,default,1024,measure,idle,off,True,update_env,16,,,,1790077190.52,2026-09-22T11:39:50.520+00:00,6e1bcf7c-386e-43d1-a159-92c63b00ee70,200,,False,1238.937,117.13,913,795.74,True,119,logs
193,package_size,live,java-default,java,default,1024,follow_up,idle,off,False,update_env,16,,,,1790077191.762,2026-09-22T11:39:51.761+00:00,942e2b56-3e35-414c-b047-fba1c5c385cf,200,,False,214.331,36.71,37,,False,119,logs
194,package_size,live,python-optimised,python,optimised,1024,measure,idle,off,True,update_env,16,,,,1790077194.137,2026-09-22T11:39:54.137+00:00,f46e4c3f-8c92-4559-9e53-8dc8bc48347b,200,,False,422.154,34.71,124,89.13,True,42,logs
195,package_size,live,python-optimised,python,optimised,1024,follow_up,idle,off,False,update_env,16,,,,1790077194.56,2026-09-22T11:39:54.560+00:00,357d0816-07e8-4bf3-83fb-dea3552ee7e4,200,,False,198.676,19.17,20,,False,42,logs
196,package_size,live,nodejs-default,nodejs,default,1024,measure,idle,off,True,update_env,16,,,,1790077196.901,2026-09-22T11:39:56.900+00:00,84138a8d-7d6b-4f4e-a35e-80f0569c9b33,200,,False,1820.716,284.51,1393,1108.4,True,122,logs
197,package_size,live,nodejs-default,nodejs,default,1024,follow_up,idle,off,False,update_env,16,,,,1790077198.725,2026-09-22T11:39:58.724+00:00,2fd33ef9-c8c1-47a1-b300-6d9cc1c94bb2,200,,False,376.853,178.64,179,,False,131,logs
198,package_size,live,python-default,python,default,1024,measure,idle,off,True,update_env,16,,,,1790077201.306,2026-09-22T11:40:01.306+00:00,b1cb4fad-8379-455c-8d6f-29a13ec5c265,200,,False,3987.579,30.57,3488,3457.02,True,132,logs
199,package_size,live,python-default,python,default,1024,follow_up,idle,off,False,update_env,16,,,,1790077205.295,2026-09-22T11:40:05.294+00:00,3589c336-aab6-4716-989d-c6b9b0f35b7a,200,,False,195.813,17.66,18,,False,133,logs
200,package_size,live,nodejs-optimised,nodejs,optimised,1024,measure,idle,off,True,update_env,16,,,,1790077208.216,2026-09-22T11:40:08.216+00:00,0040ec2e-1610-4d99-8c52-c577a04e7ffd,200,,False,623.484,179.44,325,144.74,True,78,logs
201,package_size,live,nodejs-optimised,nodejs,optimised,1024,follow_up,idle,off,False,update_env,16,,,,1790077208.841,2026-09-22T11:40:08.840+00:00,115a790c-9999-4162-9cce-010350315ccd,200,,False,424.102,115.09,116,,False,78,logs
202,package_size,live,java-optimised,java,optimised,1024,measure,idle,off,True,update_env,16,,,,1790077211.452,2026-09-22T11:40:11.451+00:00,2a3d6d86-f496-4766-a630-9ee2a2904925,200,,False,858.77,139.75,564,423.9,True,107,logs
203,package_size,live,java-optimised,java,optimised,1024,follow_up,idle,off,False,update_env,16,,,,1790077212.312,2026-09-22T11:40:12.311+00:00,d21e52bc-4a5a-4bba-a9b2-7749cf99bed8,200,,False,217.353,36.71,37,,False,107,logs
204,package_size,live,nodejs-optimised,nodejs,optimised,1024,measure,idle,off,True,update_env,17,,,,1790077214.639,2026-09-22T11:40:14.638+00:00,0bb53198-4d84-4dd9-8fc4-2038c1e47762,200,,False,553.562,148.34,263,114.02,True,79,logs
205,package_size,live,nodejs-optimised,nodejs,optimised,1024,follow_up,idle,off,False,update_env,17,,,,1790077215.195,2026-09-22T11:40:15.194+00:00,23b6435f-7128-4b75-9e81-20a5a6049fca,200,,False,276.997,96.82,97,,False,79,logs
206,package_size,live,python-optimised,python,optimised,1024,measure,idle,off,True,update_env,17,,,,1790077217.528,2026-09-22T11:40:17.528+00:00,7f79b477-0d99-4e4e-9287-d9c982172efe,200,,False,445.653,19.09,89,69.58,True,41,logs
207,package_size,live,python-optimised,python,optimised,1024,follow_up,idle,off,False,update_env,17,,,,1790077217.975,2026-09-22T11:40:17.975+00:00,64ed293a-5122-426e-a611-18d2e30d6907,200,,False,190.387,13.63,14,,False,41,logs
208,package_size,live,java-optimised,java,optimised,1024,measure,idle,off,True,update_env,17,,,,1790077220.376,2026-09-22T11:40:20.375+00:00,ab84b15d-56c7-4ac8-8e15-31fd02da9e96,200,,False,848.149,120.81,549,427.45,True,107,logs
209,package_size,live,java-optimised,java,optimised,1024,follow_up,idle,off,False,update_env,17,,,,1790077221.228,2026-09-22T11:40:21.227+00:00,d1ae07b5-8ba9-4b6d-ae87-27f220ac1853,200,,False,213.478,36.73,37,,False,107,logs
210,package_size,live,python-default,python,default,1024,measure,idle,off,True,update_env,17,,,,1790077223.566,2026-09-22T11:40:23.566+00:00,a4137865-8aa3-41bc-87e5-eaa4c8e37e06,200,,False,3961.867,27.56,3501,3472.93,True,134,logs
211,package_size,live,python-default,python,default,1024,follow_up,idle,off,False,update_env,17,,,,1790077227.529,2026-09-22T11:40:27.529+00:00,7804db93-d174-45a7-8fcf-03f8ecfa2ada,200,,False,196.584,16.16,17,,False,134,logs
212,package_size,live,nodejs-default,nodejs,default,1024,measure,idle,off,True,update_env,17,,,,1790077229.818,2026-09-22T11:40:29.817+00:00,30bebd28-5cc0-4634-bafe-be23d8dbff05,200,,False,1714.409,195.5,1286,1090.02,True,125,logs
213,package_size,live,nodejs-default,nodejs,default,1024,follow_up,idle,off,False,update_env,17,,,,1790077231.534,2026-09-22T11:40:31.533+00:00,0a75c69b-15e7-4153-9698-60025257029a,200,,False,416.056,170.05,171,,False,132,logs
214,package_size,live,java-default,java,default,1024,measure,idle,off,True,update_env,17,,,,1790077234.229,2026-09-22T11:40:34.229+00:00,ad1219ed-b13c-41f5-a624-0a5e7e3e3140,200,,False,1211.94,125.24,908,782.62,True,119,logs
215,package_size,live,java-default,java,default,1024,follow_up,idle,off,False,update_env,17,,,,1790077235.443,2026-09-22T11:40:35.442+00:00,e274c1c5-54f3-4b1e-83d1-44a3789e1a3e,200,,False,216.984,38.7,39,,False,119,logs
216,package_size,live,python-optimised,python,optimised,1024,measure,idle,off,True,update_env,18,,,,1790077237.791,2026-09-22T11:40:37.790+00:00,1bfdc7fd-7444-45e8-b3a4-9eeee0551bac,200,,False,389.319,31.7,102,69.74,True,41,logs
217,package_size,live,python-optimised,python,optimised,1024,follow_up,idle,off,False,update_env,18,,,,1790077238.183,2026-09-22T11:40:38.183+00:00,d75fede0-d66e-4ff8-8e30-e66a9191aedc,200,,False,238.479,18.48,19,,False,41,logs
218,package_size,live,python-default,python,default,1024,measure,idle,off,True,update_env,18,,,,1790077240.52,2026-09-22T11:40:40.520+00:00,27659c62-9ccb-4e9e-a204-8ee567a93663,200,,False,3976.997,27.7,3539,3510.49,True,132,logs
219,package_size,live,python-default,python,default,1024,follow_up,idle,off,False,update_env,18,,,,1790077244.499,2026-09-22T11:40:44.498+00:00,d434e9aa-c884-4294-b666-4701eaa4c70b,200,,False,213.542,24.01,25,,False,132,logs
220,package_size,live,nodejs-optimised,nodejs,optimised,1024,measure,idle,off,True,update_env,18,,,,1790077246.81,2026-09-22T11:40:46.809+00:00,4707d22c-f071-4f3b-98fa-516eb197dfbd,200,,False,650.042,212.92,357,143.94,True,80,logs
221,package_size,live,nodejs-optimised,nodejs,optimised,1024,follow_up,idle,off,False,update_env,18,,,,1790077247.461,2026-09-22T11:40:47.460+00:00,01784cad-f11a-4824-a304-d9dc58be806b,200,,False,294.991,117.5,118,,False,80,logs
222,package_size,live,nodejs-default,nodejs,default,1024,measure,idle,off,True,update_env,18,,,,1790077249.855,2026-09-22T11:40:49.854+00:00,1e1e0562-5a00-4abb-ae70-bcbedc82c817,200,,False,1423.427,172.13,1039,866.45,True,127,logs
223,package_size,live,nodejs-default,nodejs,default,1024,follow_up,idle,off,False,update_env,18,,,,1790077251.282,2026-09-22T11:40:51.282+00:00,96af13ef-a4b4-4efa-b20d-59b465da426a,200,,False,304.038,125.9,126,,False,141,logs
224,package_size,live,java-optimised,java,optimised,1024,measure,idle,off,True,update_env,18,,,,1790077253.653,2026-09-22T11:40:53.652+00:00,b985c6f2-0e7d-4ff8-a340-cc6789252993,200,,False,918.719,118.53,553,433.89,True,107,logs
225,package_size,live,java-optimised,java,optimised,1024,follow_up,idle,off,False,update_env,18,,,,1790077254.573,2026-09-22T11:40:54.573+00:00,b85ffbbb-7255-42fd-a683-a8fb01c18ad4,200,,False,222.114,42.48,43,,False,107,logs
226,package_size,live,java-default,java,default,1024,measure,idle,off,True,update_env,18,,,,1790077256.927,2026-09-22T11:40:56.926+00:00,c8aa524a-b92a-4981-a22f-4ab279ff3942,200,,False,1008.235,102.49,722,619.1,True,121,logs
227,package_size,live,java-default,java,default,1024,follow_up,idle,off,False,update_env,18,,,,1790077257.936,2026-09-22T11:40:57.935+00:00,bddd6ca4-403d-4174-9a1d-0b56b275ed1a,200,,False,225.2,37.87,38,,False,121,logs
228,package_size,live,python-default,python,default,1024,measure,idle,off,True,update_env,19,,,,1790077260.441,2026-09-22T11:41:00.441+00:00,8ab27189-55a8-4a72-90d7-ac17e7842aca,200,,False,3146.083,20.05,2714,2693.21,True,132,logs
229,package_size,live,python-default,python,default,1024,follow_up,idle,off,False,update_env,19,,,,1790077263.589,2026-09-22T11:41:03.588+00:00,1f92c40d-248f-4e7a-abeb-311181eed593,200,,False,189.299,12.48,13,,False,133,logs
230,package_size,live,java-default,java,default,1024,measure,idle,off,True,update_env,19,,,,1790077265.981,2026-09-22T11:41:05.981+00:00,82351572-82c1-40cf-b646-bbc09b1850f0,200,,False,1204.905,122.43,916,793.15,True,121,logs
231,package_size,live,java-default,java,default,1024,follow_up,idle,off,False,update_env,19,,,,1790077267.187,2026-09-22T11:41:07.186+00:00,fc185131-9072-4ea6-ae4f-deba00d4e702,200,,False,292.44,47.69,48,,False,121,logs
232,package_size,live,nodejs-default,nodejs,default,1024,measure,idle,off,True,update_env,19,,,,1790077269.774,2026-09-22T11:41:09.774+00:00,a8367b8e-682b-4885-b94a-9c47ac95b18e,200,,False,1507.721,140.38,1111,970.55,True,128,logs
233,package_size,live,nodejs-default,nodejs,default,1024,follow_up,idle,off,False,update_env,19,,,,1790077271.283,2026-09-22T11:41:11.282+00:00,ef4ea16f-336b-40e2-8b50-1724e819d08d,200,,False,293.269,118.79,119,,False,134,logs
234,package_size,live,nodejs-optimised,nodejs,optimised,1024,measure,idle,off,True,update_env,19,,,,1790077273.637,2026-09-22T11:41:13.637+00:00,d36a9c21-06c1-45e7-b9b3-07ca6325dc37,200,,False,560.123,162.97,280,116.14,True,79,logs
235,package_size,live,nodejs-optimised,nodejs,optimised,1024,follow_up,idle,off,False,update_env,19,,,,1790077274.199,2026-09-22T11:41:14.198+00:00,581ffc84-e025-4078-a4fc-081b7889dd59,200,,False,273.332,94.87,95,,False,79,logs
236,package_size,live,python-optimised,python,optimised,1024,measure,idle,off,True,update_env,19,,,,1790077276.794,2026-09-22T11:41:16.794+00:00,aee8a5bd-91e2-4bf8-929d-f5d2c19b1e8d,200,,False,424.054,12.28,84,71.24,True,41,logs
237,package_size,live,python-optimised,python,optimised,1024,follow_up,idle,off,False,update_env,19,,,,1790077277.222,2026-09-22T11:41:17.222+00:00,6ed56912-7c0e-4381-95dc-2cb33b3ab23b,200,,False,196.604,15.95,16,,False,41,logs
238,package_size,live,java-optimised,java,optimised,1024,measure,idle,off,True,update_env,19,,,,1790077279.54,2026-09-22T11:41:19.539+00:00,8b486df5-63e2-49b7-ab5c-e5a7007d6562,200,,False,698.885,96.16,423,325.99,True,110,logs
239,package_size,live,java-optimised,java,optimised,1024,follow_up,idle,off,False,update_env,19,,,,1790077280.24,2026-09-22T11:41:20.239+00:00,4f058170-d66a-46f6-87b3-7358ea173899,200,,False,212.526,35.27,36,,False,110,logs
240,package_size,live,python-optimised,python,optimised,1024,measure,idle,off,True,update_env,20,,,,1790077282.69,2026-09-22T11:41:22.690+00:00,8ea953fa-d768-4c7c-a348-c17e2fc955ac,200,,False,454.149,29.22,123,92.94,True,43,logs
241,package_size,live,python-optimised,python,optimised,1024,follow_up,idle,off,False,update_env,20,,,,1790077283.146,2026-09-22T11:41:23.145+00:00,4f85c836-94a8-4920-afed-6ee56503f52a,200,,False,210.338,31.65,32,,False,43,logs
242,package_size,live,java-default,java,default,1024,measure,idle,off,True,update_env,20,,,,1790077285.536,2026-09-22T11:41:25.536+00:00,249efed4-b7a9-4907-bbf1-87c9945f4453,200,,False,1289.598,116.91,868,750.68,True,119,logs
243,package_size,live,java-default,java,default,1024,follow_up,idle,off,False,update_env,20,,,,1790077286.829,2026-09-22T11:41:26.829+00:00,b952b092-4f8c-4b28-9903-fa13e93fcb84,200,,False,212.53,36.66,37,,False,119,logs
244,package_size,live,nodejs-optimised,nodejs,optimised,1024,measure,idle,off,True,update_env,20,,,,1790077289.277,2026-09-22T11:41:29.277+00:00,32714a60-951c-4603-8ccf-1dbe248891a4,200,,False,617.038,183.44,324,140.11,True,78,logs
245,package_size,live,nodejs-optimised,nodejs,optimised,1024,follow_up,idle,off,False,update_env,20,,,,1790077289.896,2026-09-22T11:41:29.895+00:00,59a576cd-2589-49bb-a7b1-e30cd156783b,200,,False,310.099,131.31,132,,False,78,logs
246,package_size,live,python-default,python,default,1024,measure,idle,off,True,update_env,20,,,,1790077292.424,2026-09-22T11:41:32.424+00:00,3acbb0ba-16ca-4a67-b52d-5d79700cfef9,200,,False,3727.876,26.73,3187,3159.41,True,133,logs
247,package_size,live,python-default,python,default,1024,follow_up,idle,off,False,update_env,20,,,,1790077296.156,2026-09-22T11:41:36.156+00:00,28fe2656-75c8-45ad-836a-cd8be4dbff11,200,,False,203.615,30.6,31,,False,133,logs
248,package_size,live,nodejs-default,nodejs,default,1024,measure,idle,off,True,update_env,20,,,,1790077298.466,2026-09-22T11:41:38.466+00:00,e188f1ab-97f0-4bbe-9a16-82d990df618f,200,,False,1488.235,167.54,1097,928.73,True,127,logs
249,package_size,live,nodejs-default,nodejs,default,1024,follow_up,idle,off,False,update_env,20,,,,1790077299.955,2026-09-22T11:41:39.955+00:00,3975fd44-534e-42f2-8153-7d1e13d36f64,200,,False,332.944,125.99,126,,False,134,logs
250,package_size,live,java-optimised,java,optimised,1024,measure,idle,off,True,update_env,20,,,,1790077302.396,2026-09-22T11:41:42.395+00:00,0d54e384-3770-432a-aab9-c172a791d97f,200,,False,699.582,96.81,422,324.68,True,107,logs
251,package_size,live,java-optimised,java,optimised,1024,follow_up,idle,off,False,update_env,20,,,,1790077303.096,2026-09-22T11:41:43.096+00:00,509d53c2-8b84-4589-b868-993ff756e1e6,200,,False,216.233,37.8,38,,False,107,logs
252,package_size,live,java-default,java,default,1024,measure,idle,off,True,update_env,21,,,,1790077305.53,2026-09-22T11:41:45.530+00:00,5cc621a6-c4dd-4b63-9d42-c810576b5375,200,,False,1049.143,98.27,729,629.73,True,121,logs
253,package_size,live,java-default,java,default,1024,follow_up,idle,off,False,update_env,21,,,,1790077306.581,2026-09-22T11:41:46.580+00:00,5adafc4a-1c93-4c2c-914d-34141c4642a7,200,,False,205.128,28.63,29,,False,121,logs
254,package_size,live,python-default,python,default,1024,measure,idle,off,True,update_env,21,,,,1790077308.943,2026-09-22T11:41:48.943+00:00,1bea45c0-c65e-48cd-8bdf-289e7bab8fa2,200,,False,3237.068,16.74,2710,2693.08,True,133,logs
255,package_size,live,python-default,python,default,1024,follow_up,idle,off,False,update_env,21,,,,1790077312.181,2026-09-22T11:41:52.181+00:00,e359d1cc-5a28-47b9-a4b3-176b2719ee94,200,,False,197.479,13.75,14,,False,133,logs
256,package_size,live,python-optimised,python,optimised,1024,measure,idle,off,True,update_env,21,,,,1790077314.526,2026-09-22T11:41:54.525+00:00,53b38723-8132-44ab-b319-3e358996f45d,200,,False,460.207,33.26,116,82.69,True,41,logs
257,package_size,live,python-optimised,python,optimised,1024,follow_up,idle,off,False,update_env,21,,,,1790077314.987,2026-09-22T11:41:54.986+00:00,7d206acf-3f58-4707-b318-3b1f29e9f355,200,,False,197.941,16.16,17,,False,41,logs
258,package_size,live,nodejs-default,nodejs,default,1024,measure,idle,off,True,update_env,21,,,,1790077317.355,2026-09-22T11:41:57.355+00:00,cdbdcfb8-f10f-4333-a73b-38bb80359cc7,200,,False,1519.273,116.64,1054,936.84,True,126,logs
259,package_size,live,nodejs-default,nodejs,default,1024,follow_up,idle,off,False,update_env,21,,,,1790077318.876,2026-09-22T11:41:58.875+00:00,48a63d69-fa18-4d9e-8f4c-417ca1ad8ffd,200,,False,651.236,97.6,98,,False,132,logs
260,package_size,live,nodejs-optimised,nodejs,optimised,1024,measure,idle,off,True,update_env,21,,,,1790077321.654,2026-09-22T11:42:01.653+00:00,bf2594b9-d9ab-464c-ba5e-53d2fe82be7e,200,,False,653.693,157.98,284,125.55,True,79,logs
261,package_size,live,nodejs-optimised,nodejs,optimised,1024,follow_up,idle,off,False,update_env,21,,,,1790077322.31,2026-09-22T11:42:02.310+00:00,b54cca25-9b02-497d-bc46-0f082e603e49,200,,False,267.421,93.42,94,,False,79,logs
262,package_size,live,java-optimised,java,optimised,1024,measure,idle,off,True,update_env,21,,,,1790077324.718,2026-09-22T11:42:04.717+00:00,0ebb0b85-f3ba-4408-9eb2-0cb80558b9aa,200,,False,905.797,115.59,540,424.36,True,109,logs
263,package_size,live,java-optimised,java,optimised,1024,follow_up,idle,off,False,update_env,21,,,,1790077325.627,2026-09-22T11:42:05.626+00:00,c9f4a33a-cfbd-49a9-8525-fb3d87955393,200,,False,210.93,36.7,37,,False,109,logs
264,package_size,live,java-default,java,default,1024,measure,idle,off,True,update_env,22,,,,1790077327.995,2026-09-22T11:42:07.994+00:00,985dda52-d02c-496a-908a-36a311f65dc6,200,,False,1129.435,122.55,783,660.2,True,121,logs
265,package_size,live,java-default,java,default,1024,follow_up,idle,off,False,update_env,22,,,,1790077329.126,2026-09-22T11:42:09.126+00:00,49ce61f9-eb9d-4b9e-ae41-d8b04f71ba95,200,,False,198.869,19.99,20,,False,121,logs
266,package_size,live,nodejs-default,nodejs,default,1024,measure,idle,off,True,update_env,22,,,,1790077331.485,2026-09-22T11:42:11.484+00:00,f2b10ad4-633e-4459-addf-7dcc74a8bbef,200,,False,1404.088,158.78,1038,878.62,True,125,logs
267,package_size,live,nodejs-default,nodejs,default,1024,follow_up,idle,off,False,update_env,22,,,,1790077332.89,2026-09-22T11:42:12.889+00:00,3c2f826b-60e0-4e27-969c-7d419884c3a0,200,,False,318.207,142.18,143,,False,138,logs
268,package_size,live,nodejs-optimised,nodejs,optimised,1024,measure,idle,off,True,update_env,22,,,,1790077335.303,2026-09-22T11:42:15.302+00:00,2d39ff69-3caa-4d3e-adba-25a9de91c6b4,200,,False,636.592,195.03,342,146.6,True,79,logs
269,package_size,live,nodejs-optimised,nodejs,optimised,1024,follow_up,idle,off,False,update_env,22,,,,1790077335.941,2026-09-22T11:42:15.940+00:00,c0ee50ff-cd06-4dd9-91de-102cec51cfe0,200,,False,293.795,114.62,115,,False,79,logs
270,package_size,live,python-optimised,python,optimised,1024,measure,idle,off,True,update_env,22,,,,1790077338.299,2026-09-22T11:42:18.299+00:00,50462a87-fe97-49b1-be60-de22a76e988e,200,,False,450.075,14.42,88,72.59,True,41,logs
271,package_size,live,python-optimised,python,optimised,1024,follow_up,idle,off,False,update_env,22,,,,1790077338.751,2026-09-22T11:42:18.750+00:00,0ea579c9-5ed9-48c0-96bc-1701e2430be5,200,,False,201.112,23.06,24,,False,41,logs
272,package_size,live,python-default,python,default,1024,measure,idle,off,True,update_env,22,,,,1790077341.069,2026-09-22T11:42:21.069+00:00,57922435-0d83-488d-afea-4785b594b455,200,,False,3950.748,27.16,3471,3443.3,True,134,logs
273,package_size,live,python-default,python,default,1024,follow_up,idle,off,False,update_env,22,,,,1790077345.021,2026-09-22T11:42:25.020+00:00,a812722b-875c-46db-8567-2457a066d4a9,200,,False,200.639,26.87,27,,False,134,logs
274,package_size,live,java-optimised,java,optimised,1024,measure,idle,off,True,update_env,22,,,,1790077347.475,2026-09-22T11:42:27.474+00:00,2e3726c8-b001-47d6-b097-cea81de06120,200,,False,738.073,109.19,441,331.03,True,109,logs
275,package_size,live,java-optimised,java,optimised,1024,follow_up,idle,off,False,update_env,22,,,,1790077348.216,2026-09-22T11:42:28.215+00:00,78faa9c9-1321-4c97-b03a-40ef5b482f2e,200,,False,212.616,35.09,36,,False,109,logs
276,package_size,live,python-default,python,default,1024,measure,idle,off,True,update_env,23,,,,1790077350.529,2026-09-22T11:42:30.528+00:00,75ca02bc-7278-4a53-851b-b7a4603e0bf8,200,,False,3980.78,27.98,3517,3488.37,True,133,logs
277,package_size,live,python-default,python,default,1024,follow_up,idle,off,False,update_env,23,,,,1790077354.512,2026-09-22T11:42:34.511+00:00,98c5f875-1b32-45fb-b617-2d0c1ae9c72b,200,,False,196.812,17.8,18,,False,133,logs
278,package_size,live,nodejs-default,nodejs,default,1024,measure,idle,off,True,update_env,23,,,,1790077356.801,2026-09-22T11:42:36.801+00:00,6626c467-b94b-4dcd-b8e8-b9d4424ebd7a,200,,False,1415.643,140.88,1037,895.5,True,128,logs
279,package_size,live,nodejs-default,nodejs,default,1024,follow_up,idle,off,False,update_env,23,,,,1790077358.218,2026-09-22T11:42:38.217+00:00,ab4e74ac-c2fa-4b36-8979-c2caed5fc31f,200,,False,291.26,113.85,114,,False,134,logs
280,package_size,live,nodejs-optimised,nodejs,optimised,1024,measure,idle,off,True,update_env,23,,,,1790077360.583,2026-09-22T11:42:40.583+00:00,cbb6d204-c095-49cd-b59c-1b8021b752ef,200,,False,580.401,159.16,286,126.29,True,78,logs
281,package_size,live,nodejs-optimised,nodejs,optimised,1024,follow_up,idle,off,False,update_env,23,,,,1790077361.165,2026-09-22T11:42:41.164+00:00,b44fe612-a423-42e6-9c8a-8f8b3dabceb5,200,,False,280.742,107.86,108,,False,78,logs
282,package_size,live,java-default,java,default,1024,measure,idle,off,True,update_env,23,,,,1790077363.727,2026-09-22T11:42:43.727+00:00,76162421-3e7c-4752-b26f-a1326acf747b,200,,False,1047.666,108.84,712,602.18,True,121,logs
283,package_size,live,java-default,java,default,1024,follow_up,idle,off,False,update_env,23,,,,1790077364.776,2026-09-22T11:42:44.776+00:00,80d37c1d-ace7-457b-950a-b3a605b765dc,200,,False,206.338,28.58,29,,False,121,logs
284,package_size,live,java-optimised,java,optimised,1024,measure,idle,off,True,update_env,23,,,,1790077367.159,2026-09-22T11:42:47.159+00:00,c9fec0bd-ff64-490f-bd0f-5361b0d81a41,200,,False,837.461,121.97,540,417.45,True,109,logs
285,package_size,live,java-optimised,java,optimised,1024,follow_up,idle,off,False,update_env,23,,,,1790077367.999,2026-09-22T11:42:47.999+00:00,e88a9375-e5e7-4b34-b254-1eafabd78f6d,200,,False,212.428,36.62,37,,False,109,logs
286,package_size,live,python-optimised,python,optimised,1024,measure,idle,off,True,update_env,23,,,,1790077370.281,2026-09-22T11:42:50.281+00:00,2ade5d4c-3af6-4be3-9854-e683572e381b,200,,False,420.222,27.43,120,91.75,True,41,logs
287,package_size,live,python-optimised,python,optimised,1024,follow_up,idle,off,False,update_env,23,,,,1790077370.702,2026-09-22T11:42:50.702+00:00,c95e5424-2237-4315-84e7-6cb4f448ef26,200,,False,206.355,26.65,27,,False,41,logs
288,package_size,live,java-optimised,java,optimised,1024,measure,idle,off,True,update_env,24,,,,1790077372.96,2026-09-22T11:42:52.960+00:00,3863f0b2-61e8-43f0-9008-2aa90c78b6b0,200,,False,821.927,116.8,539,422.16,True,95,logs
289,package_size,live,java-optimised,java,optimised,1024,follow_up,idle,off,False,update_env,24,,,,1790077373.783,2026-09-22T11:42:53.782+00:00,bf894670-bb98-4535-a102-2659bf0b2a3b,200,,False,213.863,38.4,39,,False,95,logs
290,package_size,live,python-optimised,python,optimised,1024,measure,idle,off,True,update_env,24,,,,1790077376.11,2026-09-22T11:42:56.109+00:00,8a59662a-538c-4579-b290-d4dc714943a1,200,,False,377.667,25.29,98,72.42,True,41,logs
291,package_size,live,python-optimised,python,optimised,1024,follow_up,idle,off,False,update_env,24,,,,1790077376.488,2026-09-22T11:42:56.488+00:00,7f0db934-9270-446d-896f-f18c57dcaeff,200,,False,198.98,24.11,25,,False,41,logs
292,package_size,live,python-default,python,default,1024,measure,idle,off,True,update_env,24,,,,1790077378.776,2026-09-22T11:42:58.776+00:00,fd44116e-a1c3-4131-bb99-315dea68e679,200,,False,3113.332,24.57,2690,2665.05,True,133,logs
293,package_size,live,python-default,python,default,1024,follow_up,idle,off,False,update_env,24,,,,1790077381.893,2026-09-22T11:43:01.892+00:00,b03591e8-e6e0-4af5-bb78-4eaaf52659cb,200,,False,195.588,24.42,25,,False,133,logs
294,package_size,live,nodejs-optimised,nodejs,optimised,1024,measure,idle,off,True,update_env,24,,,,1790077384.196,2026-09-22T11:43:04.195+00:00,a5dbaa73-feac-404c-9e6d-f921ee3cb54a,200,,False,618.171,180.31,327,146.6,True,78,logs
295,package_size,live,nodejs-optimised,nodejs,optimised,1024,follow_up,idle,off,False,update_env,24,,,,1790077384.816,2026-09-22T11:43:04.815+00:00,eb890dba-498a-4ec1-adcc-9c703203a2cd,200,,False,293.016,116.33,117,,False,78,logs
296,package_size,live,nodejs-default,nodejs,default,1024,measure,idle,off,True,update_env,24,,,,1790077387.219,2026-09-22T11:43:07.218+00:00,f458b508-87dc-45a5-a5f5-8add30aa5061,200,,False,1488.343,177.56,1081,902.46,True,118,logs
297,package_size,live,nodejs-default,nodejs,default,1024,follow_up,idle,off,False,update_env,24,,,,1790077388.708,2026-09-22T11:43:08.708+00:00,f2b66f33-c151-4335-b3ce-5df6ea063b1b,200,,False,316.7,133.9,134,,False,128,logs
298,package_size,live,java-default,java,default,1024,measure,idle,off,True,update_env,24,,,,1790077391.275,2026-09-22T11:43:11.274+00:00,ee394875-aa79-41e0-86c9-8e2cf5de5df0,200,,False,1212.928,117.57,901,783.25,True,109,logs
299,package_size,live,java-default,java,default,1024,follow_up,idle,off,False,update_env,24,,,,1790077392.491,2026-09-22T11:43:12.490+00:00,38d05fd3-6b85-4f16-b7bc-5ff5c59ea555,200,,False,290.151,39.97,40,,False,109,logs
300,package_size,live,java-default,java,default,1024,measure,idle,off,True,update_env,25,,,,1790077395.025,2026-09-22T11:43:15.024+00:00,0b7d292d-3495-4f19-8634-db8063275bac,200,,False,1228.518,125.3,929,802.92,True,121,logs
301,package_size,live,java-default,java,default,1024,follow_up,idle,off,False,update_env,25,,,,1790077396.254,2026-09-22T11:43:16.254+00:00,9116ef91-930b-4d6f-aac9-921c64c61581,200,,False,215.67,36.67,37,,False,121,logs
302,package_size,live,python-optimised,python,optimised,1024,measure,idle,off,True,update_env,25,,,,1790077398.671,2026-09-22T11:43:18.671+00:00,5af53b5c-4aeb-4d8b-ad7e-abcf01afa64c,200,,False,409.937,27.3,117,88.99,True,41,logs
303,package_size,live,python-optimised,python,optimised,1024,follow_up,idle,off,False,update_env,25,,,,1790077399.082,2026-09-22T11:43:19.082+00:00,45bd57fe-ca2f-4ed8-84be-fec2eb832bf5,200,,False,218.515,28.99,29,,False,41,logs
304,package_size,live,java-optimised,java,optimised,1024,measure,idle,off,True,update_env,25,,,,1790077401.478,2026-09-22T11:43:21.477+00:00,cf531238-9e89-4cc2-8b91-8a8b4a7d95d0,200,,False,852.794,131.19,552,420.76,True,109,logs
305,package_size,live,java-optimised,java,optimised,1024,follow_up,idle,off,False,update_env,25,,,,1790077402.332,2026-09-22T11:43:22.331+00:00,6ea73ab0-8c02-4ae6-ab85-e4e88c19ce1e,200,,False,234.727,52.87,53,,False,109,logs
306,package_size,live,python-default,python,default,1024,measure,idle,off,True,update_env,25,,,,1790077404.735,2026-09-22T11:43:24.735+00:00,26bee490-1e4a-4a8a-8366-084de2402e22,200,,False,3975.037,28.32,3500,3470.84,True,133,logs
307,package_size,live,python-default,python,default,1024,follow_up,idle,off,False,update_env,25,,,,1790077408.711,2026-09-22T11:43:28.711+00:00,f5548eec-f49b-4796-bd76-e08a49f85e64,200,,False,200.203,16.77,17,,False,133,logs
308,package_size,live,nodejs-optimised,nodejs,optimised,1024,measure,idle,off,True,update_env,25,,,,1790077411.043,2026-09-22T11:43:31.043+00:00,b3c05992-7c13-431b-8e7e-37d94e440078,200,,False,645.228,196.69,347,149.8,True,78,logs
309,package_size,live,nodejs-optimised,nodejs,optimised,1024,follow_up,idle,off,False,update_env,25,,,,1790077411.69,2026-09-22T11:43:31.689+00:00,c17789ec-e058-449a-81ef-1dfb8068dc42,200,,False,298.58,118.72,119,,False,78,logs
310,package_size,live,nodejs-default,nodejs,default,1024,measure,idle,off,True,update_env,25,,,,1790077414.116,2026-09-22T11:43:34.116+00:00,59021c6e-579a-4e34-857c-6f63a6ca175a,200,,False,1515.639,139.88,1040,899.32,True,129,logs
311,package_size,live,nodejs-default,nodejs,default,1024,follow_up,idle,off,False,update_env,25,,,,1790077415.633,2026-09-22T11:43:35.632+00:00,e25b0a08-84b0-42e3-a4b0-0391cb30a336,200,,False,290.211,109.8,110,,False,135,logs
312,package_size,live,python-default,python,default,1024,measure,idle,off,True,update_env,26,,,,1790077418.038,2026-09-22T11:43:38.037+00:00,b736140a-4ddf-4bd5-b29b-50b49bf8a3e8,200,,False,3813.892,26.96,3364,3336.2,True,132,logs
313,package_size,live,python-default,python,default,1024,follow_up,idle,off,False,update_env,26,,,,1790077421.853,2026-09-22T11:43:41.852+00:00,90f70f6b-00c4-4f28-acb4-107b028e4251,200,,False,258.457,16.18,17,,False,132,logs
314,package_size,live,java-default,java,default,1024,measure,idle,off,True,update_env,26,,,,1790077424.296,2026-09-22T11:43:44.296+00:00,63795b66-b37f-4c81-8f03-cc41cb224100,200,,False,1008.132,95.62,722,625.96,True,119,logs
315,package_size,live,java-default,java,default,1024,follow_up,idle,off,False,update_env,26,,,,1790077425.305,2026-09-22T11:43:45.305+00:00,6bab373b-95ba-4b4c-9de5-a8ff56b5637c,200,,False,193.574,19.87,20,,False,119,logs
316,package_size,live,nodejs-optimised,nodejs,optimised,1024,measure,idle,off,True,update_env,26,,,,1790077427.738,2026-09-22T11:43:47.738+00:00,43ed351c-8ae4-4851-b07e-c9a329948877,200,,False,568.235,185.16,307,121.13,True,80,logs
317,package_size,live,nodejs-optimised,nodejs,optimised,1024,follow_up,idle,off,False,update_env,26,,,,1790077428.307,2026-09-22T11:43:48.307+00:00,22b1111c-0304-4d75-9d17-cd949171e1c7,200,,False,279.262,99.56,100,,False,80,logs
318,package_size,live,python-optimised,python,optimised,1024,measure,idle,off,True,update_env,26,,,,1790077430.729,2026-09-22T11:43:50.729+00:00,569a3dc4-e52c-449e-a604-dcdd61d354b4,200,,False,412.123,31.37,121,89.62,True,41,logs
319,package_size,live,python-optimised,python,optimised,1024,follow_up,idle,off,False,update_env,26,,,,1790077431.142,2026-09-22T11:43:51.142+00:00,ffd3ce93-7c72-47e9-a7c0-bb46d088bc52,200,,False,217.474,22.99,23,,False,41,logs
320,package_size,live,java-optimised,java,optimised,1024,measure,idle,off,True,update_env,26,,,,1790077433.478,2026-09-22T11:43:53.478+00:00,d7f4e318-caeb-44f6-af85-99f3c4d2f6b4,200,,False,842.299,121.93,548,425.09,True,107,logs
321,package_size,live,java-optimised,java,optimised,1024,follow_up,idle,off,False,update_env,26,,,,1790077434.322,2026-09-22T11:43:54.321+00:00,3b75750a-2ba1-4452-a9ab-7771e00fa9f0,200,,False,212.566,37.67,38,,False,107,logs
322,package_size,live,nodejs-default,nodejs,default,1024,measure,idle,off,True,update_env,26,,,,1790077436.619,2026-09-22T11:43:56.618+00:00,221a8e92-cbda-4e58-b450-8a11f66649a3,200,,False,1557.764,155.58,1101,944.58,True,127,logs
323,package_size,live,nodejs-default,nodejs,default,1024,follow_up,idle,off,False,update_env,26,,,,1790077438.178,2026-09-22T11:43:58.177+00:00,f45c4753-c088-4c19-b2cc-20340065204a,200,,False,313.643,134.98,135,,False,136,logs
324,package_size,live,nodejs-default,nodejs,default,1024,measure,idle,off,True,update_env,27,,,,1790077440.575,2026-09-22T11:44:00.575+00:00,bb5057de-fe53-4f88-9991-7215bac04aa8,200,,False,1701.996,237.44,1289,1050.62,True,125,logs
325,package_size,live,nodejs-default,nodejs,default,1024,follow_up,idle,off,False,update_env,27,,,,1790077442.278,2026-09-22T11:44:02.278+00:00,b3704251-7ae1-48ec-bab8-f6befd059ebc,200,,False,382.364,204.13,205,,False,135,logs
326,package_size,live,python-optimised,python,optimised,1024,measure,idle,off,True,update_env,27,,,,1790077444.782,2026-09-22T11:44:04.781+00:00,95786ad4-1550-4e4d-82b9-e1d56697b869,200,,False,374.29,20.1,95,74.63,True,42,logs
327,package_size,live,python-optimised,python,optimised,1024,follow_up,idle,off,False,update_env,27,,,,1790077445.157,2026-09-22T11:44:05.156+00:00,924b3217-01d7-49f2-8f92-50600e6e3af3,200,,False,199.734,20.34,21,,False,42,logs
328,package_size,live,nodejs-optimised,nodejs,optimised,1024,measure,idle,off,True,update_env,27,,,,1790077447.432,2026-09-22T11:44:07.432+00:00,5c8a49b0-ffec-4138-9eb7-7536f5ee5be0,200,,False,577.911,177.03,298,119.99,True,79,logs
329,package_size,live,nodejs-optimised,nodejs,optimised,1024,follow_up,idle,off,False,update_env,27,,,,1790077448.012,2026-09-22T11:44:08.011+00:00,e7cf68d6-b382-459f-b7cb-95bc76ca65e9,200,,False,283.859,106.77,107,,False,79,logs
330,package_size,live,java-optimised,java,optimised,1024,measure,idle,off,True,update_env,27,,,,1790077450.498,2026-09-22T11:44:10.497+00:00,6bd266f4-4512-4fd6-ab8b-9b31b168b2f5,200,,False,786.086,110.04,450,339.43,True,111,logs
331,package_size,live,java-optimised,java,optimised,1024,follow_up,idle,off,False,update_env,27,,,,1790077451.285,2026-09-22T11:44:11.284+00:00,58103339-b789-4fbe-9d52-0abe457ff840,200,,False,205.769,28.78,29,,False,111,logs
332,package_size,live,python-default,python,default,1024,measure,idle,off,True,update_env,27,,,,1790077453.631,2026-09-22T11:44:13.630+00:00,7cafccef-7078-4786-b591-b28a265d9272,200,,False,4204.402,27.42,3574,3545.72,True,133,logs
333,package_size,live,python-default,python,default,1024,follow_up,idle,off,False,update_env,27,,,,1790077457.836,2026-09-22T11:44:17.835+00:00,bc11835f-ab3c-4cf2-8a16-0a50ce5af5f3,200,,False,263.683,26.81,27,,False,133,logs
334,package_size,live,java-default,java,default,1024,measure,idle,off,True,update_env,27,,,,1790077460.201,2026-09-22T11:44:20.201+00:00,d5c57f95-3afd-4740-bd5f-9b94001ff5fd,200,,False,1206.806,132.43,912,779.3,True,123,logs
335,package_size,live,java-default,java,default,1024,follow_up,idle,off,False,update_env,27,,,,1790077461.409,2026-09-22T11:44:21.409+00:00,b2c2a036-bab5-4210-a7d4-875378989912,200,,False,212.728,36.64,37,,False,123,logs
336,package_size,live,nodejs-optimised,nodejs,optimised,1024,measure,idle,off,True,update_env,28,,,,1790077463.866,2026-09-22T11:44:23.865+00:00,01004b59-b06f-416b-b560-1498e67ef0a1,200,,False,661.725,195.24,338,142.69,True,78,logs
337,package_size,live,nodejs-optimised,nodejs,optimised,1024,follow_up,idle,off,False,update_env,28,,,,1790077464.528,2026-09-22T11:44:24.528+00:00,9bdcfea6-29f1-4670-80e5-fb57f2de34c5,200,,False,301.2,125.61,126,,False,78,logs
338,package_size,live,nodejs-default,nodejs,default,1024,measure,idle,off,True,update_env,28,,,,1790077467.012,2026-09-22T11:44:27.011+00:00,09f1f71c-6235-4833-b910-47b1f5f3eed9,200,,False,1478.97,119.21,1050,929.9,True,129,logs
339,package_size,live,nodejs-default,nodejs,default,1024,follow_up,idle,off,False,update_env,28,,,,1790077468.492,2026-09-22T11:44:28.492+00:00,ea41ec09-9709-43e0-9101-4f241881db8b,200,,False,303.681,125.43,126,,False,136,logs
340,package_size,live,java-optimised,java,optimised,1024,measure,idle,off,True,update_env,28,,,,1790077470.914,2026-09-22T11:44:30.914+00:00,f8877d66-132f-471b-9254-3aab131c9edb,200,,False,730.864,110.98,463,351.1,True,107,logs
341,package_size,live,java-optimised,java,optimised,1024,follow_up,idle,off,False,update_env,28,,,,1790077471.646,2026-09-22T11:44:31.646+00:00,25646238-46de-4a1d-b0c7-67b98e758502,200,,False,234.906,50.54,51,,False,107,logs
342,package_size,live,java-default,java,default,1024,measure,idle,off,True,update_env,28,,,,1790077474.094,2026-09-22T11:44:34.094+00:00,4bbcc594-49aa-4fd8-8cb6-decf1f520da4,200,,False,1001.55,103.38,699,595.31,True,119,logs
343,package_size,live,java-default,java,default,1024,follow_up,idle,off,False,update_env,28,,,,1790077475.097,2026-09-22T11:44:35.096+00:00,9cd01b29-553c-483d-be3e-d6d6624ef8e0,200,,False,211.158,30.12,31,,False,119,logs
344,package_size,live,python-optimised,python,optimised,1024,measure,idle,off,True,update_env,28,,,,1790077477.505,2026-09-22T11:44:37.505+00:00,f22e70ab-ad90-4eed-8c75-e08fac77e8dd,200,,False,426.047,33.45,127,92.8,True,41,logs
345,package_size,live,python-optimised,python,optimised,1024,follow_up,idle,off,False,update_env,28,,,,1790077477.933,2026-09-22T11:44:37.932+00:00,43e00910-78c3-4ffa-8422-09bbcfb8e5dc,200,,False,217.984,28.51,29,,False,41,logs
346,package_size,live,python-default,python,default,1024,measure,idle,off,True,update_env,28,,,,1790077480.356,2026-09-22T11:44:40.356+00:00,8eef1885-4f38-4d85-af61-9ccb6175a1ca,200,,False,4001.647,27.95,3549,3520.76,True,135,logs
347,package_size,live,python-default,python,default,1024,follow_up,idle,off,False,update_env,28,,,,1790077484.36,2026-09-22T11:44:44.359+00:00,5e20ecf8-6fdf-4336-a397-d7886aa090f9,200,,False,202.79,16.8,17,,False,135,logs
348,package_size,live,java-default,java,default,1024,measure,idle,off,True,update_env,29,,,,1790077486.934,2026-09-22T11:44:46.934+00:00,dccecfab-7014-4004-bfae-cb7fb9ee71a5,200,,False,1186.189,116.64,874,757.12,True,121,logs
349,package_size,live,java-default,java,default,1024,follow_up,idle,off,False,update_env,29,,,,1790077488.122,2026-09-22T11:44:48.121+00:00,6e349c81-2804-4602-b056-6ebebedd6e4f,200,,False,218.703,38.08,39,,False,121,logs
350,package_size,live,java-optimised,java,optimised,1024,measure,idle,off,True,update_env,29,,,,1790077490.606,2026-09-22T11:44:50.605+00:00,6b58d42f-1357-40ea-b4b3-480b7ec651d9,200,,False,874.751,132.33,570,436.74,True,109,logs
351,package_size,live,java-optimised,java,optimised,1024,follow_up,idle,off,False,update_env,29,,,,1790077491.481,2026-09-22T11:44:51.481+00:00,718c2d5f-1f1b-43da-8c7c-4a53a6d44632,200,,False,216.661,37.6,38,,False,109,logs
352,package_size,live,nodejs-optimised,nodejs,optimised,1024,measure,idle,off,True,update_env,29,,,,1790077493.863,2026-09-22T11:44:53.862+00:00,b1775f4c-0d94-4ff4-8326-d47e1b168333,200,,False,645.131,210.31,354,142.94,True,78,logs
353,package_size,live,nodejs-optimised,nodejs,optimised,1024,follow_up,idle,off,False,update_env,29,,,,1790077494.509,2026-09-22T11:44:54.509+00:00,1e1da760-b307-42de-8c5e-1a54c009e898,200,,False,300.528,125.47,126,,False,78,logs
354,package_size,live,python-optimised,python,optimised,1024,measure,idle,off,True,update_env,29,,,,1790077496.9,2026-09-22T11:44:56.900+00:00,a77ee681-e6f6-4d3a-98dd-c0b10813420f,200,,False,371.996,20.8,93,72.02,True,41,logs
355,package_size,live,python-optimised,python,optimised,1024,follow_up,idle,off,False,update_env,29,,,,1790077497.273,2026-09-22T11:44:57.272+00:00,53831905-104d-4e01-ad9a-4e923bb26401,200,,False,198.452,24.43,25,,False,41,logs
356,package_size,live,python-default,python,default,1024,measure,idle,off,True,update_env,29,,,,1790077499.58,2026-09-22T11:44:59.579+00:00,ea6a18d3-855f-47cc-925e-c2858122bec9,200,,False,3871.168,17.24,3430,3412.05,True,133,logs
357,package_size,live,python-default,python,default,1024,follow_up,idle,off,False,update_env,29,,,,1790077503.452,2026-09-22T11:45:03.451+00:00,28ae14d1-01e4-4e24-843f-79697a589f33,200,,False,261.748,31.86,32,,False,133,logs
358,package_size,live,nodejs-default,nodejs,default,1024,measure,idle,off,True,update_env,29,,,,1790077505.844,2026-09-22T11:45:05.844+00:00,76f72702-3ada-4e72-996a-a5a45bb8f1cd,200,,False,1561.535,197.26,1092,894.25,True,122,logs
359,package_size,live,nodejs-default,nodejs,default,1024,follow_up,idle,off,False,update_env,29,,,,1790077507.407,2026-09-22T11:45:07.407+00:00,68a0c985-6851-48a5-b647-2be8dcefced4,200,,False,281.496,103.55,104,,False,130,logs
0,runtime_compare,live,java-optimised,java,optimised,1024,measure,idle,off,True,update_env,0,,,,1790077510.886,2026-09-22T11:45:10.885+00:00,915826c6-d4fe-4617-a344-71a9a6956215,200,,False,770.277,93.65,430,335.67,True,109,logs
1,runtime_compare,live,java-optimised,java,optimised,1024,follow_up,idle,off,False,update_env,0,,,,1790077511.657,2026-09-22T11:45:11.657+00:00,09cb3e05-267d-4295-a358-23873767100f,200,,False,197.831,28.51,29,,False,109,logs
2,runtime_compare,live,nodejs-optimised,nodejs,optimised,1024,measure,idle,off,True,update_env,0,,,,1790077514.119,2026-09-22T11:45:14.119+00:00,47e595e1-221d-4876-9bec-4b66ba5953cc,200,,False,643.474,202.91,353,149.31,True,78,logs
3,runtime_compare,live,nodejs-optimised,nodejs,optimised,1024,follow_up,idle,off,False,update_env,0,,,,1790077514.766,2026-09-22T11:45:14.766+00:00,48afa3c1-3ca2-40ed-b9e9-350ddbc121e9,200,,False,275.715,106.47,107,,False,78,logs
4,runtime_compare,live,python-optimised,python,optimised,1024,measure,idle,off,True,update_env,0,,,,1790077517.344,2026-09-22T11:45:17.343+00:00,84f62a94-d26f-45e2-ba10-f587fd03a5a8,200,,False,373.2,20.05,93,72.89,True,41,logs
5,runtime_compare,live,python-optimised,python,optimised,1024,follow_up,idle,off,False,update_env,0,,,,1790077517.718,2026-09-22T11:45:17.717+00:00,52b963c1-af55-49a7-8cdf-dc9f0b7b476b,200,,False,196.656,26.66,27,,False,41,logs
6,runtime_compare,live,java-optimised,java,optimised,1024,measure,idle,off,True,update_env,1,,,,1790077519.967,2026-09-22T11:45:19.966+00:00,aab34a0e-1eba-4aef-81f8-133bda599743,200,,False,847.43,140.15,558,416.92,True,107,logs
7,runtime_compare,live,java-optimised,java,optimised,1024,follow_up,idle,off,False,update_env,1,,,,1790077520.816,2026-09-22T11:45:20.815+00:00,90bf836f-d7b1-4bc0-8dcf-71002622cdb1,200,,False,215.729,41.09,42,,False,107,logs
8,runtime_compare,live,nodejs-optimised,nodejs,optimised,1024,measure,idle,off,True,update_env,1,,,,1790077523.111,2026-09-22T11:45:23.110+00:00,d00e603d-69bd-457a-a9b4-a0fc670c4a41,200,,False,624.368,190.73,336,144.93,True,80,logs
9,runtime_compare,live,nodejs-optimised,nodejs,optimised,1024,follow_up,idle,off,False,update_env,1,,,,1790077523.738,2026-09-22T11:45:23.737+00:00,6ec4981e-7d96-4de4-9160-5ad27556b6ba,200,,False,293.935,116.78,117,,False,80,logs
10,runtime_compare,live,python-optimised,python,optimised,1024,measure,idle,off,True,update_env,1,,,,1790077526.257,2026-09-22T11:45:26.256+00:00,d7de71f0-99f4-422e-9af8-42a038387503,200,,False,402.866,31.64,122,90.05,True,41,logs
11,runtime_compare,live,python-optimised,python,optimised,1024,follow_up,idle,off,False,update_env,1,,,,1790077526.66,2026-09-22T11:45:26.660+00:00,c78bcf8a-45e3-41f4-a3e7-b40e02d17c39,200,,False,181.332,15.96,16,,False,41,logs
12,runtime_compare,live,java-optimised,java,optimised,1024,measure,idle,off,True,update_env,2,,,,1790077528.96,2026-09-22T11:45:28.960+00:00,74e5c527-210c-4b0c-ac01-e3e697b07520,200,,False,856.683,132.28,573,439.82,True,109,logs
13,runtime_compare,live,java-optimised,java,optimised,1024,follow_up,idle,off,False,update_env,2,,,,1790077529.818,2026-09-22T11:45:29.817+00:00,8d7c48b1-fdfa-4ea3-933f-cae5ead7719d,200,,False,214.091,46.74,47,,False,109,logs
14,runtime_compare,live,python-optimised,python,optimised,1024,measure,idle,off,True,update_env,2,,,,1790077532.118,2026-09-22T11:45:32.118+00:00,7f4c4a93-2fdc-40c3-9f3c-bb3d782f29b9,200,,False,431.519,21.97,114,91.27,True,41,logs
15,runtime_compare,live,python-optimised,python,optimised,1024,follow_up,idle,off,False,update_env,2,,,,1790077532.551,2026-09-22T11:45:32.550+00:00,141f3390-a6ff-4a9e-bd35-cedce6fe28dc,200,,False,187.934,16.61,17,,False,41,logs
16,runtime_compare,live,nodejs-optimised,nodejs,optimised,1024,measure,idle,off,True,update_env,2,,,,1790077534.87,2026-09-22T11:45:34.870+00:00,fd42d342-dc76-468e-9b13-a950b8bae0c5,200,,False,632.207,199.03,341,141.92,True,78,logs
17,runtime_compare,live,nodejs-optimised,nodejs,optimised,1024,follow_up,idle,off,False,update_env,2,,,,1790077535.504,2026-09-22T11:45:35.503+00:00,18bb606d-23f0-470b-83f8-59a9f3054ba5,200,,False,292.164,124.82,125,,False,78,logs
18,runtime_compare,live,python-optimised,python,optimised,1024,measure,idle,off,True,update_env,3,,,,1790077537.845,2026-09-22T11:45:37.844+00:00,6658e837-90d0-4345-81a2-7056e6567e90,200,,False,469.525,17.06,113,95.23,True,41,logs
19,runtime_compare,live,python-optimised,python,optimised,1024,follow_up,idle,off,False,update_env,3,,,,1790077538.316,2026-09-22T11:45:38.315+00:00,d99a4d8c-762a-4db4-baba-20abf56ef454,200,,False,191.553,16.83,17,,False,41,logs
20,runtime_compare,live,java-optimised,java,optimised,1024,measure,idle,off,True,update_env,3,,,,1790077540.705,2026-09-22T11:45:40.704+00:00,bd42c70d-e4e0-44da-8049-772bffc10ac6,200,,False,854.783,144.86,585,439.46,True,109,logs
21,runtime_compare,live,java-optimised,java,optimised,1024,follow_up,idle,off,False,update_env,3,,,,1790077541.561,2026-09-22T11:45:41.560+00:00,220fbdd7-b957-4dd4-aa94-7aa20566d6d2,200,,False,212.212,40.6,41,,False,109,logs
22,runtime_compare,live,nodejs-optimised,nodejs,optimised,1024,measure,idle,off,True,update_env,3,,,,1790077543.817,2026-09-22T11:45:43.816+00:00,30f9477f-f15a-4be9-bbc4-c70fc869f3ff,200,,False,685.378,188.87,305,115.5,True,79,logs
23,runtime_compare,live,nodejs-optimised,nodejs,optimised,1024,follow_up,idle,off,False,update_env,3,,,,1790077544.505,2026-09-22T11:45:44.505+00:00,3ee316c4-f306-4ff7-9aaf-d991914d5d59,200,,False,273.671,104.78,105,,False,79,logs
24,runtime_compare,live,nodejs-optimised,nodejs,optimised,1024,measure,idle,off,True,update_env,4,,,,1790077546.924,2026-09-22T11:45:46.924+00:00,2771cd9a-b3ed-435a-82af-9a4cce488a46,200,,False,619.362,196.65,340,142.61,True,78,logs
25,runtime_compare,live,nodejs-optimised,nodejs,optimised,1024,follow_up,idle,off,False,update_env,4,,,,1790077547.545,2026-09-22T11:45:47.545+00:00,f79eb5e4-61f2-479f-b195-a09b46406d3e,200,,False,294.627,117.14,118,,False,78,logs
26,runtime_compare,live,python-optimised,python,optimised,1024,measure,idle,off,True,update_env,4,,,,1790077549.905,2026-09-22T11:45:49.904+00:00,0c7f05cc-2dad-412e-9970-fd1bc53a0b7a,200,,False,469.924,32.97,128,94.91,True,41,logs
27,runtime_compare,live,python-optimised,python,optimised,1024,follow_up,idle,off,False,update_env,4,,,,1790077550.375,2026-09-22T11:45:50.375+00:00,d527ce19-d919-47db-b0ab-f6f3c09ead61,200,,False,185.578,16.83,17,,False,41,logs
28,runtime_compare,live,java-optimised,java,optimised,1024,measure,idle,off,True,update_env,4,,,,1790077552.695,2026-09-22T11:45:52.694+00:00,db71e752-b845-4145-8fe2-72a03b728906,200,,False,729.373,108.44,451,341.93,True,109,logs
29,runtime_compare,live,java-optimised,java,optimised,1024,follow_up,idle,off,False,update_env,4,,,,1790077553.427,2026-09-22T11:45:53.426+00:00,643e686b-0b76-46d4-a723-ecb7dc30d345,200,,False,199.713,28.63,29,,False,109,logs
30,runtime_compare,live,nodejs-optimised,nodejs,optimised,1024,measure,idle,off,True,update_env,5,,,,1790077555.665,2026-09-22T11:45:55.664+00:00,4ef63d36-c598-46bf-95c0-c2c37b630aca,200,,False,552.717,166.34,280,113.46,True,78,logs
31,runtime_compare,live,nodejs-optimised,nodejs,optimised,1024,follow_up,idle,off,False,update_env,5,,,,1790077556.218,2026-09-22T11:45:56.218+00:00,010dc226-89df-456b-975c-e933a0f69a73,200,,False,275.806,105.32,106,,False,78,logs
32,runtime_compare,live,python-optimised,python,optimised,1024,measure,idle,off,True,update_env,5,,,,1790077558.69,2026-09-22T11:45:58.689+00:00,903486c6-c255-4f4c-9e1b-9920e5a34bf6,200,,False,445.853,30.76,105,73.57,True,41,logs
33,runtime_compare,live,python-optimised,python,optimised,1024,follow_up,idle,off,False,update_env,5,,,,1790077559.137,2026-09-22T11:45:59.136+00:00,e396ceac-4b8c-44b5-ae1e-15d9afd4ba72,200,,False,198.601,30.03,31,,False,41,logs
34,runtime_compare,live,java-optimised,java,optimised,1024,measure,idle,off,True,update_env,5,,,,1790077561.464,2026-09-22T11:46:01.463+00:00,7ac76c83-b106-4d98-87cb-487346aa2dcb,200,,False,721.312,111.29,446,334.26,True,109,logs
35,runtime_compare,live,java-optimised,java,optimised,1024,follow_up,idle,off,False,update_env,5,,,,1790077562.186,2026-09-22T11:46:02.186+00:00,0f62dad3-091e-4821-b6a4-44572c159ae6,200,,False,245.936,31.39,32,,False,109,logs
36,runtime_compare,live,python-optimised,python,optimised,1024,measure,idle,off,True,update_env,6,,,,1790077564.58,2026-09-22T11:46:04.580+00:00,be807778-dc53-4eeb-aa25-1716609b2ce5,200,,False,385.63,12.31,85,72.61,True,42,logs
37,runtime_compare,live,python-optimised,python,optimised,1024,follow_up,idle,off,False,update_env,6,,,,1790077564.966,2026-09-22T11:46:04.966+00:00,0da1e84e-544a-4575-ad14-0ffd36bcc4e0,200,,False,190.99,20.96,21,,False,42,logs
38,runtime_compare,live,nodejs-optimised,nodejs,optimised,1024,measure,idle,off,True,update_env,6,,,,1790077567.196,2026-09-22T11:46:07.195+00:00,797868fe-5b3b-4659-ace1-936a9836f3a0,200,,False,631.665,210.25,350,138.77,True,78,logs
39,runtime_compare,live,nodejs-optimised,nodejs,optimised,1024,follow_up,idle,off,False,update_env,6,,,,1790077567.829,2026-09-22T11:46:07.828+00:00,09f5579c-69b8-460b-ae5f-a9760c49ec81,200,,False,370.478,115.51,116,,False,78,logs
40,runtime_compare,live,java-optimised,java,optimised,1024,measure,idle,off,True,update_env,6,,,,1790077570.298,2026-09-22T11:46:10.297+00:00,1fda839d-9fe7-42c4-9072-3aa09a7eae68,200,,False,714.418,108.53,441,332.23,True,109,logs
41,runtime_compare,live,java-optimised,java,optimised,1024,follow_up,idle,off,False,update_env,6,,,,1790077571.014,2026-09-22T11:46:11.013+00:00,a25d9ccd-b27f-4d0b-95c7-8dd57bb8ea23,200,,False,196.752,31.46,32,,False,109,logs
42,runtime_compare,live,java-optimised,java,optimised,1024,measure,idle,off,True,update_env,7,,,,1790077573.352,2026-09-22T11:46:13.352+00:00,31325c07-f4d8-4865-bd6a-cac268bf5e8e,200,,False,747.322,106.06,430,323.8,True,109,logs
43,runtime_compare,live,java-optimised,java,optimised,1024,follow_up,idle,off,False,update_env,7,,,,1790077574.1,2026-09-22T11:46:14.100+00:00,8100f455-2504-4196-b855-796288cf32c6,200,,False,198.096,28.44,29,,False,109,logs
44,runtime_compare,live,nodejs-optimised,nodejs,optimised,1024,measure,idle,off,True,update_env,7,,,,1790077576.332,2026-09-22T11:46:16.331+00:00,f53ae3a2-fd66-4639-b3bb-c11454b0e3fc,200,,False,592.317,183.89,301,116.89,True,79,logs
45,runtime_compare,live,nodejs-optimised,nodejs,optimised,1024,follow_up,idle,off,False,update_env,7,,,,1790077576.925,2026-09-22T11:46:16.925+00:00,82612251-2460-472c-bc81-930aa83e171f,200,,False,280.302,107.26,108,,False,79,logs
46,runtime_compare,live,python-optimised,python,optimised,1024,measure,idle,off,True,update_env,7,,,,1790077579.43,2026-09-22T11:46:19.429+00:00,dd48b514-9f0e-4937-8c31-6f5437661588,200,,False,395.993,12.28,87,73.76,True,41,logs
47,runtime_compare,live,python-optimised,python,optimised,1024,follow_up,idle,off,False,update_env,7,,,,1790077579.831,2026-09-22T11:46:19.830+00:00,e2911327-c0ab-47fc-a99b-4f4caea59113,200,,False,193.998,22.57,23,,False,41,logs
48,runtime_compare,live,nodejs-optimised,nodejs,optimised,1024,measure,idle,off,True,update_env,8,,,,1790077582.085,2026-09-22T11:46:22.084+00:00,aedf56dc-c835-4d60-8e67-1a76d9f30ddb,200,,False,625.574,193.84,338,143.59,True,78,logs
49,runtime_compare,live,nodejs-optimised,nodejs,optimised,1024,follow_up,idle,off,False,update_env,8,,,,1790077582.712,2026-09-22T11:46:22.711+00:00,76033e4c-d26e-45ce-940f-d07cfc133f22,200,,False,298.64,126.27,127,,False,78,logs
50,runtime_compare,live,java-optimised,java,optimised,1024,measure,idle,off,True,update_env,8,,,,1790077585.144,2026-09-22T11:46:25.143+00:00,5bbd62cc-9447-43c8-a930-207e54b0698a,200,,False,743.205,118.18,470,350.87,True,110,logs
51,runtime_compare,live,java-optimised,java,optimised,1024,follow_up,idle,off,False,update_env,8,,,,1790077585.89,2026-09-22T11:46:25.890+00:00,a7d1a722-c9f8-4a3f-ba9d-ec6006d9fb9b,200,,False,197.851,28.81,29,,False,110,logs
52,runtime_compare,live,python-optimised,python,optimised,1024,measure,idle,off,True,update_env,8,,,,1790077588.236,2026-09-22T11:46:28.235+00:00,357e6fc7-45ce-44ac-a718-49f9df586334,200,,False,417.011,17.0,109,91.05,True,41,logs
53,runtime_compare,live,python-optimised,python,optimised,1024,follow_up,idle,off,False,update_env,8,,,,1790077588.654,2026-09-22T11:46:28.653+00:00,1abeb89a-66f0-4116-8e0e-827bd82e7c14,200,,False,207.095,22.29,23,,False,41,logs
54,runtime_compare,live,nodejs-optimised,nodejs,optimised,1024,measure,idle,off,True,update_env,9,,,,1790077591.008,2026-09-22T11:46:31.007+00:00,d151e925-a4a0-4896-ac75-2758307aa1db,200,,False,577.71,194.79,310,114.84,True,80,logs
55,runtime_compare,live,nodejs-optimised,nodejs,optimised,1024,follow_up,idle,off,False,update_env,9,,,,1790077591.59,2026-09-22T11:46:31.589+00:00,f9c17fe4-a441-41dc-ae11-db1384f4f20d,200,,False,277.935,108.89,109,,False,80,logs
56,runtime_compare,live,python-optimised,python,optimised,1024,measure,idle,off,True,update_env,9,,,,1790077593.998,2026-09-22T11:46:33.997+00:00,ed8adee6-9c16-4283-8a05-acfc15a44424,200,,False,422.536,26.39,98,70.64,True,41,logs
57,runtime_compare,live,python-optimised,python,optimised,1024,follow_up,idle,off,False,update_env,9,,,,1790077594.421,2026-09-22T11:46:34.421+00:00,48b9a22f-5a39-4aba-92b3-2f2ea7c6194e,200,,False,202.342,30.9,31,,False,41,logs
58,runtime_compare,live,java-optimised,java,optimised,1024,measure,idle,off,True,update_env,9,,,,1790077596.739,2026-09-22T11:46:36.738+00:00,e963713b-2777-4ef4-a598-7e00a9d14f17,200,,False,710.43,94.92,430,334.96,True,111,logs
59,runtime_compare,live,java-optimised,java,optimised,1024,follow_up,idle,off,False,update_env,9,,,,1790077597.452,2026-09-22T11:46:37.452+00:00,4025aa17-70c3-47a9-acb0-32a36f17f1d6,200,,False,195.194,28.2,29,,False,111,logs
60,runtime_compare,live,nodejs-optimised,nodejs,optimised,1024,measure,idle,off,True,update_env,10,,,,1790077599.733,2026-09-22T11:46:39.732+00:00,27eba06a-4655-4bab-952e-5f5ea4adab44,200,,False,538.985,151.89,267,114.35,True,80,logs
61,runtime_compare,live,nodejs-optimised,nodejs,optimised,1024,follow_up,idle,off,False,update_env,10,,,,1790077600.273,2026-09-22T11:46:40.272+00:00,6cc07a5b-749e-46bd-b5b3-6bad2b877d64,200,,False,257.617,87.04,88,,False,80,logs
62,runtime_compare,live,java-optimised,java,optimised,1024,measure,idle,off,True,update_env,10,,,,1790077602.653,2026-09-22T11:46:42.652+00:00,82617706-ee27-4f99-9c18-cfa0bb13cd06,200,,False,741.406,107.95,464,356.0,True,107,logs
63,runtime_compare,live,java-optimised,java,optimised,1024,follow_up,idle,off,False,update_env,10,,,,1790077603.395,2026-09-22T11:46:43.394+00:00,2a102ed2-0ee3-4921-8108-350545181f6a,200,,False,196.303,28.67,29,,False,107,logs
64,runtime_compare,live,python-optimised,python,optimised,1024,measure,idle,off,True,update_env,10,,,,1790077605.679,2026-09-22T11:46:45.679+00:00,32e198e8-b4ad-46ab-9c29-c46b6c100bc5,200,,False,415.476,26.99,120,92.61,True,42,logs
65,runtime_compare,live,python-optimised,python,optimised,1024,follow_up,idle,off,False,update_env,10,,,,1790077606.096,2026-09-22T11:46:46.095+00:00,2f00d47f-323e-4d9b-b521-75aba508c410,200,,False,202.491,30.34,31,,False,42,logs
66,runtime_compare,live,java-optimised,java,optimised,1024,measure,idle,off,True,update_env,11,,,,1790077608.409,2026-09-22T11:46:48.409+00:00,4808276b-41c1-44c9-bd60-c042d8233d8a,200,,False,793.66,111.7,459,346.33,True,109,logs
67,runtime_compare,live,java-optimised,java,optimised,1024,follow_up,idle,off,False,update_env,11,,,,1790077609.204,2026-09-22T11:46:49.204+00:00,a6d92470-fe6c-4ea7-975a-75edd9ef047e,200,,False,205.323,28.91,29,,False,109,logs
68,runtime_compare,live,python-optimised,python,optimised,1024,measure,idle,off,True,update_env,11,,,,1790077611.514,2026-09-22T11:46:51.514+00:00,ca45c54e-612a-455d-8156-409dbb2791bd,200,,False,382.964,19.35,111,90.66,True,41,logs
69,runtime_compare,live,python-optimised,python,optimised,1024,follow_up,idle,off,False,update_env,11,,,,1790077611.898,2026-09-22T11:46:51.897+00:00,6810028e-e3d5-4ad8-899c-92a53e3a12c4,200,,False,198.591,30.16,31,,False,41,logs
70,runtime_compare,live,nodejs-optimised,nodejs,optimised,1024,measure,idle,off,True,update_env,11,,,,1790077614.163,2026-09-22T11:46:54.162+00:00,a782ddd1-9302-429b-925f-1b92f1dac81c,200,,False,545.301,153.4,266,111.92,True,78,logs
71,runtime_compare,live,nodejs-optimised,nodejs,optimised,1024,follow_up,idle,off,False,update_env,11,,,,1790077614.712,2026-09-22T11:46:54.711+00:00,f0aabf87-5b93-4013-9210-588b1871d053,200,,False,274.671,107.17,108,,False,79,logs
72,runtime_compare,live,nodejs-optimised,nodejs,optimised,1024,measure,idle,off,True,update_env,12,,,,1790077617.032,2026-09-22T11:46:57.032+00:00,25141120-ad0e-4436-9a72-baa49f94dce6,200,,False,643.226,211.77,354,141.94,True,79,logs
73,runtime_compare,live,nodejs-optimised,nodejs,optimised,1024,follow_up,idle,off,False,update_env,12,,,,1790077617.677,2026-09-22T11:46:57.676+00:00,b2d07f48-9979-48a2-a096-38662807f0fa,200,,False,340.994,136.18,137,,False,79,logs
74,runtime_compare,live,python-optimised,python,optimised,1024,measure,idle,off,True,update_env,12,,,,1790077620.016,2026-09-22T11:47:00.015+00:00,1c78eb52-eefd-40b7-9368-abcee35bfd17,200,,False,377.174,28.03,102,73.92,True,41,logs
75,runtime_compare,live,python-optimised,python,optimised,1024,follow_up,idle,off,False,update_env,12,,,,1790077620.394,2026-09-22T11:47:00.393+00:00,ed4d1492-778c-429a-b76d-1beec099ffad,200,,False,245.738,30.37,31,,False,41,logs
76,runtime_compare,live,java-optimised,java,optimised,1024,measure,idle,off,True,update_env,12,,,,1790077622.753,2026-09-22T11:47:02.753+00:00,59f69fde-1b3d-4856-b9c4-1eaaf6041417,200,,False,864.474,123.32,573,449.65,True,109,logs
77,runtime_compare,live,java-optimised,java,optimised,1024,follow_up,idle,off,False,update_env,12,,,,1790077623.619,2026-09-22T11:47:03.618+00:00,d5b8d055-c8f5-4ccb-8e9e-5d4020b6ef6d,200,,False,230.821,50.87,51,,False,109,logs
78,runtime_compare,live,python-optimised,python,optimised,1024,measure,idle,off,True,update_env,13,,,,1790077625.936,2026-09-22T11:47:05.936+00:00,aca58944-844c-4fe1-9d8e-2f33832c125b,200,,False,470.827,27.33,121,93.63,True,41,logs
79,runtime_compare,live,python-optimised,python,optimised,1024,follow_up,idle,off,False,update_env,13,,,,1790077626.409,2026-09-22T11:47:06.408+00:00,964038db-841f-42af-84e1-5443afa8a036,200,,False,199.014,29.94,30,,False,41,logs
80,runtime_compare,live,java-optimised,java,optimised,1024,measure,idle,off,True,update_env,13,,,,1790077628.767,2026-09-22T11:47:08.766+00:00,bb4d91c0-c503-4796-b686-9c25cad9d65d,200,,False,877.925,124.73,564,438.56,True,109,logs
81,runtime_compare,live,java-optimised,java,optimised,1024,follow_up,idle,off,False,update_env,13,,,,1790077629.645,2026-09-22T11:47:09.645+00:00,d5b65d04-a6ef-4efb-ad40-398c25921712,200,,False,215.294,48.19,49,,False,109,logs
82,runtime_compare,live,nodejs-optimised,nodejs,optimised,1024,measure,idle,off,True,update_env,13,,,,1790077631.886,2026-09-22T11:47:11.886+00:00,620e0937-452e-4374-ba8d-859e588106e2,200,,False,601.97,181.45,320,138.53,True,78,logs
83,runtime_compare,live,nodejs-optimised,nodejs,optimised,1024,follow_up,idle,off,False,update_env,13,,,,1790077632.492,2026-09-22T11:47:12.491+00:00,dbd179f8-b444-4388-9843-a886cd6bd977,200,,False,289.506,118.24,119,,False,78,logs
84,runtime_compare,live,nodejs-optimised,nodejs,optimised,1024,measure,idle,off,True,update_env,14,,,,1790077634.817,2026-09-22T11:47:14.817+00:00,325ed49f-4fd0-423f-9cda-7024a7040d76,200,,False,637.374,203.65,350,145.86,True,78,logs
85,runtime_compare,live,nodejs-optimised,nodejs,optimised,1024,follow_up,idle,off,False,update_env,14,,,,1790077635.456,2026-09-22T11:47:15.455+00:00,917c0cbb-2f1a-4e9b-9419-ba5fb0bdf70c,200,,False,300.271,130.32,131,,False,78,logs
86,runtime_compare,live,java-optimised,java,optimised,1024,measure,idle,off,True,update_env,14,,,,1790077638.141,2026-09-22T11:47:18.141+00:00,b8873842-faf4-4aad-ab19-6ae5fd7aa1a5,200,,False,1048.164,121.19,554,431.99,True,107,logs
87,runtime_compare,live,java-optimised,java,optimised,1024,follow_up,idle,off,False,update_env,14,,,,1790077639.191,2026-09-22T11:47:19.190+00:00,e3e4edac-108d-4314-b39f-406e105d6e60,200,,False,326.163,51.05,52,,False,107,logs
88,runtime_compare,live,python-optimised,python,optimised,1024,measure,idle,off,True,update_env,14,,,,1790077641.617,2026-09-22T11:47:21.616+00:00,bf6ab692-b6a7-41fc-965e-d645830932f9,200,,False,404.039,31.61,119,87.01,True,43,logs
89,runtime_compare,live,python-optimised,python,optimised,1024,follow_up,idle,off,False,update_env,14,,,,1790077642.022,2026-09-22T11:47:22.022+00:00,1378bddc-9cf7-4c4b-b500-8b3064c9acdb,200,,False,198.839,27.48,28,,False,43,logs
90,runtime_compare,live,java-optimised,java,optimised,1024,measure,idle,off,True,update_env,15,,,,1790077644.33,2026-09-22T11:47:24.330+00:00,437cdee1-c29e-4cf0-96dc-6500d30658d2,200,,False,705.645,113.75,430,315.62,True,109,logs
91,runtime_compare,live,java-optimised,java,optimised,1024,follow_up,idle,off,False,update_env,15,,,,1790077645.037,2026-09-22T11:47:25.036+00:00,ac1ab162-4afd-4856-819a-0d216a7d7cc1,200,,False,244.56,28.81,29,,False,109,logs
92,runtime_compare,live,nodejs-optimised,nodejs,optimised,1024,measure,idle,off,True,update_env,15,,,,1790077647.381,2026-09-22T11:47:27.381+00:00,683432fb-f3e0-4209-a014-4f44c91815ab,200,,False,629.886,193.73,340,145.93,True,78,logs
93,runtime_compare,live,nodejs-optimised,nodejs,optimised,1024,follow_up,idle,off,False,update_env,15,,,,1790077648.012,2026-09-22T11:47:28.012+00:00,73c7b7c0-7ffe-4335-8bce-0987480267b5,200,,False,283.846,114.38,115,,False,78,logs
94,runtime_compare,live,python-optimised,python,optimised,1024,measure,idle,off,True,update_env,15,,,,1790077650.445,2026-09-22T11:47:30.445+00:00,679ee541-033c-4a2b-9690-a13d3f323232,200,,False,387.254,16.73,108,90.5,True,41,logs
95,runtime_compare,live,python-optimised,python,optimised,1024,follow_up,idle,off,False,update_env,15,,,,1790077650.834,2026-09-22T11:47:30.833+00:00,e82dfecb-b055-41b9-8410-b97f0a80f9c7,200,,False,216.437,26.25,27,,False,41,logs
96,runtime_compare,live,python-optimised,python,optimised,1024,measure,idle,off,True,update_env,16,,,,1790077653.147,2026-09-22T11:47:33.146+00:00,2e52af82-297c-493c-ab51-4f7190f9a070,200,,False,354.721,17.1,86,68.8,True,41,logs
97,runtime_compare,live,python-optimised,python,optimised,1024,follow_up,idle,off,False,update_env,16,,,,1790077653.504,2026-09-22T11:47:33.504+00:00,e899ce77-9f51-4d77-bdef-6d214f8646ab,200,,False,198.09,27.94,28,,False,41,logs
98,runtime_compare,live,nodejs-optimised,nodejs,optimised,1024,measure,idle,off,True,update_env,16,,,,1790077655.787,2026-09-22T11:47:35.786+00:00,85fc3758-29a9-483a-9a96-e0e16f143f13,200,,False,575.418,186.14,302,115.07,True,79,logs
99,runtime_compare,live,nodejs-optimised,nodejs,optimised,1024,follow_up,idle,off,False,update_env,16,,,,1790077656.366,2026-09-22T11:47:36.365+00:00,cf9f461e-0c6a-4e78-bbca-a77b3d58332f,200,,False,274.799,103.78,104,,False,79,logs
100,runtime_compare,live,java-optimised,java,optimised,1024,measure,idle,off,True,update_env,16,,,,1790077658.841,2026-09-22T11:47:38.841+00:00,74c1cbf8-e0d0-40ee-bd32-69fc5dbead66,200,,False,779.279,106.95,435,327.56,True,111,logs
101,runtime_compare,live,java-optimised,java,optimised,1024,follow_up,idle,off,False,update_env,16,,,,1790077659.622,2026-09-22T11:47:39.621+00:00,539edb5e-2537-4b5e-beeb-a5080eddbad2,200,,False,192.04,28.71,29,,False,111,logs
102,runtime_compare,live,java-optimised,java,optimised,1024,measure,idle,off,True,update_env,17,,,,1790077661.981,2026-09-22T11:47:41.980+00:00,9614551e-a304-4428-a85e-d27f1db3b53f,200,,False,835.707,130.94,553,421.37,True,107,logs
103,runtime_compare,live,java-optimised,java,optimised,1024,follow_up,idle,off,False,update_env,17,,,,1790077662.82,2026-09-22T11:47:42.820+00:00,2211b104-18e2-4007-89d3-deed0fcd3584,200,,False,212.405,46.68,47,,False,107,logs
104,runtime_compare,live,python-optimised,python,optimised,1024,measure,idle,off,True,update_env,17,,,,1790077665.258,2026-09-22T11:47:45.258+00:00,83115e40-f5c1-44f7-bbe8-cfb822af6264,200,,False,524.674,17.13,104,86.25,True,41,logs
105,runtime_compare,live,python-optimised,python,optimised,1024,follow_up,idle,off,False,update_env,17,,,,1790077665.786,2026-09-22T11:47:45.786+00:00,e5cc94b2-686c-47a7-8899-949bba0a3a4c,200,,False,199.84,32.35,33,,False,41,logs
106,runtime_compare,live,nodejs-optimised,nodejs,optimised,1024,measure,idle,off,True,update_env,17,,,,1790077668.055,2026-09-22T11:47:48.055+00:00,c58af59a-6bce-4db7-a841-553d483ea6ae,200,,False,619.576,183.49,325,141.03,True,76,logs
107,runtime_compare,live,nodejs-optimised,nodejs,optimised,1024,follow_up,idle,off,False,update_env,17,,,,1790077668.676,2026-09-22T11:47:48.675+00:00,db1adf25-5ff7-43a8-87f3-43ce59afbb93,200,,False,296.008,123.13,124,,False,76,logs
108,runtime_compare,live,nodejs-optimised,nodejs,optimised,1024,measure,idle,off,True,update_env,18,,,,1790077670.996,2026-09-22T11:47:50.996+00:00,627db7bd-06cd-4f2e-be8c-eb76795342f3,200,,False,567.029,150.06,267,116.02,True,79,logs
109,runtime_compare,live,nodejs-optimised,nodejs,optimised,1024,follow_up,idle,off,False,update_env,18,,,,1790077671.565,2026-09-22T11:47:51.564+00:00,2506d9a5-63b2-453d-bde6-ce68fd67aefc,200,,False,277.8,108.4,109,,False,79,logs
110,runtime_compare,live,java-optimised,java,optimised,1024,measure,idle,off,True,update_env,18,,,,1790077673.921,2026-09-22T11:47:53.920+00:00,5903d287-827e-4736-a898-12d06238f2e5,200,,False,738.683,121.79,462,339.58,True,109,logs
111,runtime_compare,live,java-optimised,java,optimised,1024,follow_up,idle,off,False,update_env,18,,,,1790077674.663,2026-09-22T11:47:54.663+00:00,4febc3da-2203-459e-b062-9d857d0aaad3,200,,False,198.532,28.61,29,,False,109,logs
112,runtime_compare,live,python-optimised,python,optimised,1024,measure,idle,off,True,update_env,18,,,,1790077677.011,2026-09-22T11:47:57.010+00:00,2067c939-00b5-445f-8738-05bd0d2dc716,200,,False,411.083,16.54,109,91.56,True,41,logs
113,runtime_compare,live,python-optimised,python,optimised,1024,follow_up,idle,off,False,update_env,18,,,,1790077677.43,2026-09-22T11:47:57.429+00:00,68d17ad1-c36e-4d4c-a4a7-09f349ef5b59,200,,False,211.72,15.75,16,,False,42,logs
114,runtime_compare,live,nodejs-optimised,nodejs,optimised,1024,measure,idle,off,True,update_env,19,,,,1790077679.759,2026-09-22T11:47:59.758+00:00,6dd22f03-d538-467f-825e-673f44b3184e,200,,False,653.3,183.43,335,151.52,True,79,logs
115,runtime_compare,live,nodejs-optimised,nodejs,optimised,1024,follow_up,idle,off,False,update_env,19,,,,1790077680.413,2026-09-22T11:48:00.412+00:00,31e9851a-061d-41d2-949d-f524fb322a56,200,,False,290.511,117.88,118,,False,79,logs
116,runtime_compare,live,python-optimised,python,optimised,1024,measure,idle,off,True,update_env,19,,,,1790077682.75,2026-09-22T11:48:02.749+00:00,5f499268-f178-469a-b536-2c5d83826c4b,200,,False,368.215,12.73,85,72.26,True,41,logs
117,runtime_compare,live,python-optimised,python,optimised,1024,follow_up,idle,off,False,update_env,19,,,,1790077683.121,2026-09-22T11:48:03.120+00:00,dc4d9e79-b8df-4c25-b7eb-4a3a528c150d,200,,False,189.568,21.39,22,,False,41,logs
118,runtime_compare,live,java-optimised,java,optimised,1024,measure,idle,off,True,update_env,19,,,,1790077685.448,2026-09-22T11:48:05.448+00:00,5af07f06-b130-4fec-b652-d63475257e14,200,,False,850.644,132.94,566,432.51,True,107,logs
119,runtime_compare,live,java-optimised,java,optimised,1024,follow_up,idle,off,False,update_env,19,,,,1790077686.303,2026-09-22T11:48:06.302+00:00,9da8d699-dad1-46d3-9f4a-984fca962978,200,,False,210.182,41.52,42,,False,107,logs
120,runtime_compare,live,python-optimised,python,optimised,1024,measure,idle,off,True,update_env,20,,,,1790077688.553,2026-09-22T11:48:08.552+00:00,de32cfc8-9253-4e34-a659-ffb132023a02,200,,False,374.976,24.31,101,75.97,True,42,logs
121,runtime_compare,live,python-optimised,python,optimised,1024,follow_up,idle,off,False,update_env,20,,,,1790077688.929,2026-09-22T11:48:08.928+00:00,506734b7-2e44-4237-8512-343949824d36,200,,False,177.728,11.78,12,,False,42,logs
122,runtime_compare,live,java-optimised,java,optimised,1024,measure,idle,off,True,update_env,20,,,,1790077691.229,2026-09-22T11:48:11.228+00:00,dab6cee0-d6c7-46de-a698-d1192da397e4,200,,False,885.237,116.53,525,407.5,True,108,logs
123,runtime_compare,live,java-optimised,java,optimised,1024,follow_up,idle,off,False,update_env,20,,,,1790077692.117,2026-09-22T11:48:12.116+00:00,464d695d-958a-4591-8b30-86929782a52b,200,,False,233.462,51.92,52,,False,108,logs
124,runtime_compare,live,nodejs-optimised,nodejs,optimised,1024,measure,idle,off,True,update_env,20,,,,1790077694.607,2026-09-22T11:48:14.607+00:00,69c34821-7b7a-4a7d-961c-4fa5b1574b32,200,,False,546.206,151.87,267,114.95,True,78,logs
125,runtime_compare,live,nodejs-optimised,nodejs,optimised,1024,follow_up,idle,off,False,update_env,20,,,,1790077695.156,2026-09-22T11:48:15.155+00:00,4bc2dd4c-1e83-4cb6-93c0-21cd471c4019,200,,False,373.444,95.79,96,,False,78,logs
126,runtime_compare,live,python-optimised,python,optimised,1024,measure,idle,off,True,update_env,21,,,,1790077697.6,2026-09-22T11:48:17.599+00:00,026ad120-99ae-4594-9a95-25eaa4059c0e,200,,False,415.364,27.89,121,92.18,True,42,logs
127,runtime_compare,live,python-optimised,python,optimised,1024,follow_up,idle,off,False,update_env,21,,,,1790077698.018,2026-09-22T11:48:18.017+00:00,b3a26a84-4033-40a5-b45d-182ac4f07ab7,200,,False,220.06,27.79,28,,False,42,logs
128,runtime_compare,live,java-optimised,java,optimised,1024,measure,idle,off,True,update_env,21,,,,1790077700.376,2026-09-22T11:48:20.376+00:00,c7439399-2584-4c30-8524-d4fbc652adc1,200,,False,837.552,117.23,543,425.52,True,109,logs
129,runtime_compare,live,java-optimised,java,optimised,1024,follow_up,idle,off,False,update_env,21,,,,1790077701.215,2026-09-22T11:48:21.214+00:00,6eacc42a-3da3-4877-9520-34c06a888c39,200,,False,213.306,40.47,41,,False,109,logs
130,runtime_compare,live,nodejs-optimised,nodejs,optimised,1024,measure,idle,off,True,update_env,21,,,,1790077703.54,2026-09-22T11:48:23.539+00:00,3a45543a-7fd6-4c71-be30-8963fad140c9,200,,False,654.529,188.88,333,144.09,True,78,logs
131,runtime_compare,live,nodejs-optimised,nodejs,optimised,1024,follow_up,idle,off,False,update_env,21,,,,1790077704.196,2026-09-22T11:48:24.196+00:00,993e1dc3-23b2-47e6-8f1d-0b4b61e13e42,200,,False,331.056,122.5,123,,False,78,logs
132,runtime_compare,live,nodejs-optimised,nodejs,optimised,1024,measure,idle,off,True,update_env,22,,,,1790077706.697,2026-09-22T11:48:26.696+00:00,841a1d38-dd19-4945-ba0c-67786d43079a,200,,False,650.097,212.53,364,150.73,True,81,logs
133,runtime_compare,live,nodejs-optimised,nodejs,optimised,1024,follow_up,idle,off,False,update_env,22,,,,1790077707.349,2026-09-22T11:48:27.349+00:00,1cefdaa0-0eee-40b0-a9f8-e516182177e8,200,,False,325.142,124.17,125,,False,81,logs
134,runtime_compare,live,python-optimised,python,optimised,1024,measure,idle,off,True,update_env,22,,,,1790077709.771,2026-09-22T11:48:29.771+00:00,40dc8b69-c29b-420c-9fad-1edef2a6dce6,200,,False,383.682,16.69,103,85.97,True,41,logs
135,runtime_compare,live,python-optimised,python,optimised,1024,follow_up,idle,off,False,update_env,22,,,,1790077710.156,2026-09-22T11:48:30.155+00:00,ffd85b31-5def-4504-a0be-6cddc4fea130,200,,False,184.95,16.11,17,,False,41,logs
136,runtime_compare,live,java-optimised,java,optimised,1024,measure,idle,off,True,update_env,22,,,,1790077712.392,2026-09-22T11:48:32.391+00:00,a4463d78-1416-49a2-93dc-a6e68edf1b5c,200,,False,684.211,100.67,431,330.11,True,109,logs
137,runtime_compare,live,java-optimised,java,optimised,1024,follow_up,idle,off,False,update_env,22,,,,1790077713.078,2026-09-22T11:48:33.078+00:00,251b44b2-8875-4010-bdab-d466455aa5bd,200,,False,193.524,18.49,19,,False,109,logs
138,runtime_compare,live,nodejs-optimised,nodejs,optimised,1024,measure,idle,off,True,update_env,23,,,,1790077715.337,2026-09-22T11:48:35.336+00:00,843bf35e-9b15-4ae9-b69c-4e7be8364c48,200,,False,555.073,151.79,272,119.81,True,78,logs
139,runtime_compare,live,nodejs-optimised,nodejs,optimised,1024,follow_up,idle,off,False,update_env,23,,,,1790077715.894,2026-09-22T11:48:35.894+00:00,e0e7dd62-c2c3-4f84-be96-d2242dbd16dc,200,,False,255.846,85.64,86,,False,78,logs
140,runtime_compare,live,python-optimised,python,optimised,1024,measure,idle,off,True,update_env,23,,,,1790077718.212,2026-09-22T11:48:38.212+00:00,200ab3ea-74e4-4ad1-bf68-4beb9f686466,200,,False,369.675,20.33,96,75.03,True,42,logs
141,runtime_compare,live,python-optimised,python,optimised,1024,follow_up,idle,off,False,update_env,23,,,,1790077718.585,2026-09-22T11:48:38.584+00:00,698310ae-7c92-4a52-87bf-0ff65e1a973e,200,,False,197.088,25.64,26,,False,42,logs
142,runtime_compare,live,java-optimised,java,optimised,1024,measure,idle,off,True,update_env,23,,,,1790077720.851,2026-09-22T11:48:40.850+00:00,f5e04d5a-d427-4a99-9d9b-1be7c769c80c,200,,False,838.799,116.39,551,434.46,True,109,logs
143,runtime_compare,live,java-optimised,java,optimised,1024,follow_up,idle,off,False,update_env,23,,,,1790077721.691,2026-09-22T11:48:41.690+00:00,ee83438a-44eb-4a1f-b1cc-f0eb536f02d9,200,,False,212.665,41.31,42,,False,109,logs
144,runtime_compare,live,java-optimised,java,optimised,1024,measure,idle,off,True,update_env,24,,,,1790077723.959,2026-09-22T11:48:43.959+00:00,e7ba564b-f266-4833-a360-16ceb71f8ff2,200,,False,827.427,112.69,520,406.69,True,109,logs
145,runtime_compare,live,java-optimised,java,optimised,1024,follow_up,idle,off,False,update_env,24,,,,1790077724.788,2026-09-22T11:48:44.787+00:00,8aa789c7-91f0-4f68-a457-b4aea0ef3693,200,,False,215.877,46.66,47,,False,109,logs
146,runtime_compare,live,python-optimised,python,optimised,1024,measure,idle,off,True,update_env,24,,,,1790077727.075,2026-09-22T11:48:47.074+00:00,88a05c9b-0bdb-402f-8874-3bb6ffbe718d,200,,False,417.13,31.88,119,87.05,True,42,logs
147,runtime_compare,live,python-optimised,python,optimised,1024,follow_up,idle,off,False,update_env,24,,,,1790077727.493,2026-09-22T11:48:47.493+00:00,137cf234-ec3f-4ae2-9257-121c73f4bd2b,200,,False,198.466,26.47,27,,False,42,logs
148,runtime_compare,live,nodejs-optimised,nodejs,optimised,1024,measure,idle,off,True,update_env,24,,,,1790077729.72,2026-09-22T11:48:49.720+00:00,073c8ab7-277b-47b3-ae1f-2675e511b164,200,,False,628.741,195.44,340,143.84,True,78,logs
149,runtime_compare,live,nodejs-optimised,nodejs,optimised,1024,follow_up,idle,off,False,update_env,24,,,,1790077730.35,2026-09-22T11:48:50.349+00:00,2fe4c526-f0dd-4d0e-a228-45c998fb10a3,200,,False,295.23,124.0,125,,False,78,logs
150,runtime_compare,live,java-optimised,java,optimised,1024,measure,idle,off,True,update_env,25,,,,1790077732.761,2026-09-22T11:48:52.760+00:00,f4a1ffce-c6eb-4ad9-b548-12e0c09abe29,200,,False,797.395,118.07,537,418.52,True,107,logs
151,runtime_compare,live,java-optimised,java,optimised,1024,follow_up,idle,off,False,update_env,25,,,,1790077733.559,2026-09-22T11:48:53.559+00:00,c236bacc-abef-4e64-9f19-8333c5fb32aa,200,,False,211.372,39.76,40,,False,107,logs
152,runtime_compare,live,nodejs-optimised,nodejs,optimised,1024,measure,idle,off,True,update_env,25,,,,1790077735.786,2026-09-22T11:48:55.785+00:00,ac1a467c-1828-49d0-b146-e54e3516f0d4,200,,False,621.307,183.74,334,149.9,True,78,logs
153,runtime_compare,live,nodejs-optimised,nodejs,optimised,1024,follow_up,idle,off,False,update_env,25,,,,1790077736.41,2026-09-22T11:48:56.410+00:00,124c4baf-5159-4a50-9223-303c3db28b0c,200,,False,309.152,135.4,136,,False,78,logs
154,runtime_compare,live,python-optimised,python,optimised,1024,measure,idle,off,True,update_env,25,,,,1790077738.821,2026-09-22T11:48:58.821+00:00,fa1ab124-819a-483f-8e6e-aa7acc016dc6,200,,False,585.397,29.51,119,88.96,True,41,logs
155,runtime_compare,live,python-optimised,python,optimised,1024,follow_up,idle,off,False,update_env,25,,,,1790077739.408,2026-09-22T11:48:59.407+00:00,48b56632-b362-4e24-9ad9-129c5af61792,200,,False,249.867,17.49,18,,False,41,logs
156,runtime_compare,live,python-optimised,python,optimised,1024,measure,idle,off,True,update_env,26,,,,1790077741.81,2026-09-22T11:49:01.809+00:00,ead71e30-27e2-441a-8c92-42ec2b748e45,200,,False,518.914,26.67,111,84.02,True,41,logs
157,runtime_compare,live,python-optimised,python,optimised,1024,follow_up,idle,off,False,update_env,26,,,,1790077742.33,2026-09-22T11:49:02.329+00:00,bdb78d6f-b9a0-4e2c-854a-588b8896f58e,200,,False,194.736,20.1,21,,False,41,logs
158,runtime_compare,live,nodejs-optimised,nodejs,optimised,1024,measure,idle,off,True,update_env,26,,,,1790077744.679,2026-09-22T11:49:04.678+00:00,7673c86d-2967-4e32-baa0-5690b3e61de7,200,,False,649.437,221.01,373,151.02,True,80,logs
159,runtime_compare,live,nodejs-optimised,nodejs,optimised,1024,follow_up,idle,off,False,update_env,26,,,,1790077745.334,2026-09-22T11:49:05.333+00:00,2cd29453-0bf4-442d-b984-2fec9531078f,200,,False,298.487,125.41,126,,False,80,logs
160,runtime_compare,live,java-optimised,java,optimised,1024,measure,idle,off,True,update_env,26,,,,1790077748.06,2026-09-22T11:49:08.059+00:00,2ac4f8d6-8c28-444b-a253-05e06026e4db,200,,False,874.502,128.69,571,442.01,True,107,logs
161,runtime_compare,live,java-optimised,java,optimised,1024,follow_up,idle,off,False,update_env,26,,,,1790077748.936,2026-09-22T11:49:08.935+00:00,900363c6-d5fa-4932-ad0e-35faeb4a798b,200,,False,222.0,51.91,52,,False,107,logs
162,runtime_compare,live,python-optimised,python,optimised,1024,measure,idle,off,True,update_env,27,,,,1790077751.265,2026-09-22T11:49:11.264+00:00,e1d7ab73-f995-49e0-9492-7821ccc642f1,200,,False,448.12,17.17,108,90.71,True,41,logs
163,runtime_compare,live,python-optimised,python,optimised,1024,follow_up,idle,off,False,update_env,27,,,,1790077751.716,2026-09-22T11:49:11.715+00:00,890b42b5-7792-46e9-8a5e-f3e012bfa37a,200,,False,208.102,27.91,28,,False,41,logs
164,runtime_compare,live,nodejs-optimised,nodejs,optimised,1024,measure,idle,off,True,update_env,27,,,,1790077754.029,2026-09-22T11:49:14.028+00:00,d9970521-7be6-4ce2-a81a-291eb6bdd4a7,200,,False,621.137,196.35,340,143.52,True,78,logs
165,runtime_compare,live,nodejs-optimised,nodejs,optimised,1024,follow_up,idle,off,False,update_env,27,,,,1790077754.651,2026-09-22T11:49:14.650+00:00,77253388-9d23-4ae6-b430-59df500c5fd5,200,,False,298.772,125.69,126,,False,79,logs
166,runtime_compare,live,java-optimised,java,optimised,1024,measure,idle,off,True,update_env,27,,,,1790077757.057,2026-09-22T11:49:17.057+00:00,f995e006-21fb-4402-94f1-4ff43aa753e9,200,,False,835.367,121.33,546,424.29,True,107,logs
167,runtime_compare,live,java-optimised,java,optimised,1024,follow_up,idle,off,False,update_env,27,,,,1790077757.893,2026-09-22T11:49:17.893+00:00,dc67a414-9fc8-4b52-835e-a8c759dcccd3,200,,False,211.629,36.46,37,,False,107,logs
168,runtime_compare,live,python-optimised,python,optimised,1024,measure,idle,off,True,update_env,28,,,,1790077760.228,2026-09-22T11:49:20.228+00:00,f30911d9-3852-401c-b05a-021eaa15ccd1,200,,False,408.841,32.58,125,91.89,True,44,logs
169,runtime_compare,live,python-optimised,python,optimised,1024,follow_up,idle,off,False,update_env,28,,,,1790077760.638,2026-09-22T11:49:20.637+00:00,87cf4c1d-ea21-4e94-bd35-69c8cb95e3fd,200,,False,198.491,27.53,28,,False,44,logs
170,runtime_compare,live,nodejs-optimised,nodejs,optimised,1024,measure,idle,off,True,update_env,28,,,,1790077762.945,2026-09-22T11:49:22.945+00:00,0dc8ab96-2f46-49ac-ab05-0f3c3ba236ff,200,,False,587.586,189.84,312,121.87,True,80,logs
171,runtime_compare,live,nodejs-optimised,nodejs,optimised,1024,follow_up,idle,off,False,update_env,28,,,,1790077763.533,2026-09-22T11:49:23.533+00:00,704ba1ed-f249-4e8c-8e69-f2896e6e008e,200,,False,274.108,107.86,108,,False,80,logs
172,runtime_compare,live,java-optimised,java,optimised,1024,measure,idle,off,True,update_env,28,,,,1790077765.898,2026-09-22T11:49:25.898+00:00,09e1ae34-72a1-4a5b-b135-e470c68db442,200,,False,848.716,121.08,524,402.7,True,107,logs
173,runtime_compare,live,java-optimised,java,optimised,1024,follow_up,idle,off,False,update_env,28,,,,1790077766.748,2026-09-22T11:49:26.747+00:00,eaf1ad13-22ba-4454-827d-055d26b07c7e,200,,False,215.105,43.39,44,,False,107,logs
174,runtime_compare,live,nodejs-optimised,nodejs,optimised,1024,measure,idle,off,True,update_env,29,,,,1790077769.017,2026-09-22T11:49:29.017+00:00,e7e62f39-301b-4871-90cc-850cd27b37a0,200,,False,605.627,151.83,272,119.66,True,78,logs
175,runtime_compare,live,nodejs-optimised,nodejs,optimised,1024,follow_up,idle,off,False,update_env,29,,,,1790077769.626,2026-09-22T11:49:29.625+00:00,ec61161b-a6f4-4fe1-9d1c-bbbb9761828b,200,,False,257.336,85.39,86,,False,78,logs
176,runtime_compare,live,java-optimised,java,optimised,1024,measure,idle,off,True,update_env,29,,,,1790077772.072,2026-09-22T11:49:32.071+00:00,cc2e06a4-1288-4715-b5a2-2882f38fff11,200,,False,724.543,109.2,448,338.69,True,109,logs
177,runtime_compare,live,java-optimised,java,optimised,1024,follow_up,idle,off,False,update_env,29,,,,1790077772.798,2026-09-22T11:49:32.797+00:00,58800732-681e-4197-941c-c16c3a7336b6,200,,False,199.186,29.03,30,,False,109,logs
178,runtime_compare,live,python-optimised,python,optimised,1024,measure,idle,off,True,update_env,29,,,,1790077775.064,2026-09-22T11:49:35.064+00:00,7f6053bf-7fa6-40a5-8e65-00a5f435ff67,200,,False,384.023,17.42,107,88.71,True,41,logs
179,runtime_compare,live,python-optimised,python,optimised,1024,follow_up,idle,off,False,update_env,29,,,,1790077775.45,2026-09-22T11:49:35.449+00:00,1b610fba-3748-4d43-ac71-75d12b4da0f7,200,,False,197.865,28.42,29,,False,41,logs
