[0m[1mInitializing the backend...[0m

[0m[1mInitializing provider plugins...[0m
- Reusing previous version of hashicorp/aws from the dependency lock file
- Using previously-installed hashicorp/aws v6.65.0


[0m[1m[32mTerraform has been successfully initialized![0m[32m[0m
[0m[32m
You may now begin working with Terraform. Try running "terraform plan" to see
any changes that are required for your infrastructure. All Terraform commands
should now work.

If you ever set or change modules or backend configuration for Terraform,
rerun this command to reinitialize your working directory. If you forget, other
commands will detect it and remind you to do so if necessary.[0m
=== APPLY ami=ami-0ee768eb261a01ed2 prefix=matrix-rss-f1 size=250 ===
[0m[1mdata.aws_iam_policy_document.ec2_assume: Reading...[0m[0m
[0m[1mdata.aws_vpc.default: Reading...[0m[0m
[0m[1mdata.aws_iam_policy_document.ec2_assume: Read complete after 0s [id=2851119427][0m
[0m[1mdata.aws_vpc.default: Read complete after 2s [id=vpc-0abe0a893e2d712c2][0m
[0m[1mdata.aws_subnets.default: Reading...[0m[0m
[0m[1mdata.aws_subnets.default: Read complete after 0s [id=eu-west-1][0m

Terraform used the selected providers to generate the following execution
plan. Resource actions are indicated with the following symbols:
  [32m+[0m create[0m

Terraform will perform the following actions:

[1m  # aws_iam_instance_profile.node[0m will be created
[0m  [32m+[0m[0m resource "aws_iam_instance_profile" "node" {
      [32m+[0m[0m arn         = (known after apply)
      [32m+[0m[0m create_date = (known after apply)
      [32m+[0m[0m id          = (known after apply)
      [32m+[0m[0m name        = "matrix-rss-f1-node"
      [32m+[0m[0m name_prefix = (known after apply)
      [32m+[0m[0m path        = "/"
      [32m+[0m[0m role        = "matrix-rss-f1-node"
      [32m+[0m[0m tags_all    = {
          [32m+[0m[0m "data"       = "synthetic"
          [32m+[0m[0m "managed_by" = "terraform"
          [32m+[0m[0m "project"    = "distributed-matrix-scaling"
          [32m+[0m[0m "purpose"    = "research-eval"
        }
      [32m+[0m[0m unique_id   = (known after apply)
    }

[1m  # aws_iam_role.node[0m will be created
[0m  [32m+[0m[0m resource "aws_iam_role" "node" {
      [32m+[0m[0m arn                   = (known after apply)
      [32m+[0m[0m assume_role_policy    = jsonencode(
            {
              [32m+[0m[0m Statement = [
                  [32m+[0m[0m {
                      [32m+[0m[0m Action    = "sts:AssumeRole"
                      [32m+[0m[0m Effect    = "Allow"
                      [32m+[0m[0m Principal = {
                          [32m+[0m[0m Service = "ec2.amazonaws.com"
                        }
                    },
                ]
              [32m+[0m[0m Version   = "2012-10-17"
            }
        )
      [32m+[0m[0m create_date           = (known after apply)
      [32m+[0m[0m force_detach_policies = false
      [32m+[0m[0m id                    = (known after apply)
      [32m+[0m[0m managed_policy_arns   = (known after apply)
      [32m+[0m[0m max_session_duration  = 3600
      [32m+[0m[0m name                  = "matrix-rss-f1-node"
      [32m+[0m[0m name_prefix           = (known after apply)
      [32m+[0m[0m path                  = "/"
      [32m+[0m[0m tags_all              = {
          [32m+[0m[0m "data"       = "synthetic"
          [32m+[0m[0m "managed_by" = "terraform"
          [32m+[0m[0m "project"    = "distributed-matrix-scaling"
          [32m+[0m[0m "purpose"    = "research-eval"
        }
      [32m+[0m[0m unique_id             = (known after apply)

      [32m+[0m[0m inline_policy (known after apply)
    }

[1m  # aws_iam_role_policy_attachment.ssm[0m will be created
[0m  [32m+[0m[0m resource "aws_iam_role_policy_attachment" "ssm" {
      [32m+[0m[0m id         = (known after apply)
      [32m+[0m[0m policy_arn = "arn:aws:iam::aws:policy/AmazonSSMManagedInstanceCore"
      [32m+[0m[0m role       = "matrix-rss-f1-node"
    }

[1m  # aws_instance.scale_out[0][0m will be created
[0m  [32m+[0m[0m resource "aws_instance" "scale_out" {
      [32m+[0m[0m ami                                  = "ami-0ee768eb261a01ed2"
      [32m+[0m[0m arn                                  = (known after apply)
      [32m+[0m[0m associate_public_ip_address          = (known after apply)
      [32m+[0m[0m availability_zone                    = (known after apply)
      [32m+[0m[0m disable_api_stop                     = (known after apply)
      [32m+[0m[0m disable_api_termination              = (known after apply)
      [32m+[0m[0m ebs_optimized                        = (known after apply)
      [32m+[0m[0m enable_primary_ipv6                  = (known after apply)
      [32m+[0m[0m force_destroy                        = false
      [32m+[0m[0m get_password_data                    = false
      [32m+[0m[0m host_id                              = (known after apply)
      [32m+[0m[0m host_resource_group_arn              = (known after apply)
      [32m+[0m[0m iam_instance_profile                 = "matrix-rss-f1-node"
      [32m+[0m[0m id                                   = (known after apply)
      [32m+[0m[0m instance_initiated_shutdown_behavior = (known after apply)
      [32m+[0m[0m instance_lifecycle                   = (known after apply)
      [32m+[0m[0m instance_state                       = (known after apply)
      [32m+[0m[0m instance_type                        = "t3.micro"
      [32m+[0m[0m ipv6_address_count                   = (known after apply)
      [32m+[0m[0m ipv6_addresses                       = (known after apply)
      [32m+[0m[0m key_name                             = (known after apply)
      [32m+[0m[0m monitoring                           = (known after apply)
      [32m+[0m[0m outpost_arn                          = (known after apply)
      [32m+[0m[0m password_data                        = (known after apply)
      [32m+[0m[0m placement_group                      = (known after apply)
      [32m+[0m[0m placement_group_id                   = (known after apply)
      [32m+[0m[0m placement_partition_number           = (known after apply)
      [32m+[0m[0m primary_network_interface_id         = (known after apply)
      [32m+[0m[0m private_dns                          = (known after apply)
      [32m+[0m[0m private_ip                           = (known after apply)
      [32m+[0m[0m public_dns                           = (known after apply)
      [32m+[0m[0m public_ip                            = (known after apply)
      [32m+[0m[0m region                               = "eu-west-1"
      [32m+[0m[0m secondary_private_ips                = (known after apply)
      [32m+[0m[0m security_groups                      = (known after apply)
      [32m+[0m[0m source_dest_check                    = true
      [32m+[0m[0m spot_instance_request_id             = (known after apply)
      [32m+[0m[0m subnet_id                            = "subnet-052eff34204622fa4"
      [32m+[0m[0m tags                                 = {
          [32m+[0m[0m "Name" = "matrix-rss-f1-scale-out-0"
          [32m+[0m[0m "role" = "dask-scheduler"
        }
      [32m+[0m[0m tags_all                             = {
          [32m+[0m[0m "Name"       = "matrix-rss-f1-scale-out-0"
          [32m+[0m[0m "data"       = "synthetic"
          [32m+[0m[0m "managed_by" = "terraform"
          [32m+[0m[0m "project"    = "distributed-matrix-scaling"
          [32m+[0m[0m "purpose"    = "research-eval"
          [32m+[0m[0m "role"       = "dask-scheduler"
        }
      [32m+[0m[0m tenancy                              = (known after apply)
      [32m+[0m[0m user_data                            = <<-EOT
            #!/bin/bash
                set -euxo pipefail
                dnf -y update || yum -y update || true
                dnf -y install python3.11 python3.11-pip python3.11-devel gcc || yum -y install python3.11 python3.11-pip gcc
                python3.11 -m pip install --upgrade pip
                python3.11 -m pip install 'numpy==2.1.3' 'dask[distributed]==2024.11.2' psutil
                mkdir -p /opt/matrix-scale
                cat > /opt/matrix-scale/quick_bench.py <<'PY'
            import json, time, os
            import numpy as np
            from pathlib import Path
            size = int(os.environ.get("MATRIX_SIZE", "250"))
            workers = int(os.environ.get("N_WORKERS", "2"))
            role = os.environ.get("NODE_ROLE", "scale-up")
            out = Path("/opt/matrix-scale/result.json")
            A = np.random.rand(size, size)
            B = np.random.rand(size, size)
            t0 = time.perf_counter()
            if role == "scale-up":
                C = A @ B
                mode = "numpy_matmul"
            else:
                from dask.distributed import Client, LocalCluster
                cluster = LocalCluster(n_workers=workers, threads_per_worker=1, processes=False, dashboard_address=None)
                client = Client(cluster)
                import dask.array as da
                a = da.from_array(A, chunks=(size // max(workers, 1), size))
                b = da.from_array(B, chunks=(size, size // max(workers, 1)))
                C = (a @ b).compute()
                client.close(); cluster.close()
                mode = "dask_localcluster_on_node"
            elapsed = time.perf_counter() - t0
            out.write_text(json.dumps({
                "role": role, "mode": mode, "size": size, "workers": workers,
                "elapsed_s": elapsed, "checksum": float(C[0,0]),
                "hostname": os.uname().nodename,
            }, indent=2) + "\n")
            print(out.read_text())
            PY
                echo ready > /opt/matrix-scale/READY
        EOT
      [32m+[0m[0m user_data_base64                     = (known after apply)
      [32m+[0m[0m user_data_replace_on_change          = false
      [32m+[0m[0m vpc_security_group_ids               = (known after apply)

      [32m+[0m[0m capacity_reservation_specification (known after apply)

      [32m+[0m[0m cpu_options (known after apply)

      [32m+[0m[0m ebs_block_device (known after apply)

      [32m+[0m[0m enclave_options (known after apply)

      [32m+[0m[0m ephemeral_block_device (known after apply)

      [32m+[0m[0m instance_market_options (known after apply)

      [32m+[0m[0m maintenance_options (known after apply)

      [32m+[0m[0m metadata_options {
          [32m+[0m[0m http_endpoint               = "enabled"
          [32m+[0m[0m http_protocol_ipv6          = "disabled"
          [32m+[0m[0m http_put_response_hop_limit = (known after apply)
          [32m+[0m[0m http_tokens                 = "required"
          [32m+[0m[0m instance_metadata_tags      = (known after apply)
        }

      [32m+[0m[0m network_interface (known after apply)

      [32m+[0m[0m primary_network_interface (known after apply)

      [32m+[0m[0m private_dns_name_options (known after apply)

      [32m+[0m[0m root_block_device {
          [32m+[0m[0m delete_on_termination = true
          [32m+[0m[0m device_name           = (known after apply)
          [32m+[0m[0m encrypted             = (known after apply)
          [32m+[0m[0m iops                  = (known after apply)
          [32m+[0m[0m kms_key_id            = (known after apply)
          [32m+[0m[0m tags_all              = (known after apply)
          [32m+[0m[0m throughput            = (known after apply)
          [32m+[0m[0m volume_id             = (known after apply)
          [32m+[0m[0m volume_size           = 20
          [32m+[0m[0m volume_type           = "gp3"
        }

      [32m+[0m[0m secondary_network_interface (known after apply)
    }

[1m  # aws_instance.scale_out[1][0m will be created
[0m  [32m+[0m[0m resource "aws_instance" "scale_out" {
      [32m+[0m[0m ami                                  = "ami-0ee768eb261a01ed2"
      [32m+[0m[0m arn                                  = (known after apply)
      [32m+[0m[0m associate_public_ip_address          = (known after apply)
      [32m+[0m[0m availability_zone                    = (known after apply)
      [32m+[0m[0m disable_api_stop                     = (known after apply)
      [32m+[0m[0m disable_api_termination              = (known after apply)
      [32m+[0m[0m ebs_optimized                        = (known after apply)
      [32m+[0m[0m enable_primary_ipv6                  = (known after apply)
      [32m+[0m[0m force_destroy                        = false
      [32m+[0m[0m get_password_data                    = false
      [32m+[0m[0m host_id                              = (known after apply)
      [32m+[0m[0m host_resource_group_arn              = (known after apply)
      [32m+[0m[0m iam_instance_profile                 = "matrix-rss-f1-node"
      [32m+[0m[0m id                                   = (known after apply)
      [32m+[0m[0m instance_initiated_shutdown_behavior = (known after apply)
      [32m+[0m[0m instance_lifecycle                   = (known after apply)
      [32m+[0m[0m instance_state                       = (known after apply)
      [32m+[0m[0m instance_type                        = "t3.micro"
      [32m+[0m[0m ipv6_address_count                   = (known after apply)
      [32m+[0m[0m ipv6_addresses                       = (known after apply)
      [32m+[0m[0m key_name                             = (known after apply)
      [32m+[0m[0m monitoring                           = (known after apply)
      [32m+[0m[0m outpost_arn                          = (known after apply)
      [32m+[0m[0m password_data                        = (known after apply)
      [32m+[0m[0m placement_group                      = (known after apply)
      [32m+[0m[0m placement_group_id                   = (known after apply)
      [32m+[0m[0m placement_partition_number           = (known after apply)
      [32m+[0m[0m primary_network_interface_id         = (known after apply)
      [32m+[0m[0m private_dns                          = (known after apply)
      [32m+[0m[0m private_ip                           = (known after apply)
      [32m+[0m[0m public_dns                           = (known after apply)
      [32m+[0m[0m public_ip                            = (known after apply)
      [32m+[0m[0m region                               = "eu-west-1"
      [32m+[0m[0m secondary_private_ips                = (known after apply)
      [32m+[0m[0m security_groups                      = (known after apply)
      [32m+[0m[0m source_dest_check                    = true
      [32m+[0m[0m spot_instance_request_id             = (known after apply)
      [32m+[0m[0m subnet_id                            = "subnet-052eff34204622fa4"
      [32m+[0m[0m tags                                 = {
          [32m+[0m[0m "Name" = "matrix-rss-f1-scale-out-1"
          [32m+[0m[0m "role" = "dask-worker"
        }
      [32m+[0m[0m tags_all                             = {
          [32m+[0m[0m "Name"       = "matrix-rss-f1-scale-out-1"
          [32m+[0m[0m "data"       = "synthetic"
          [32m+[0m[0m "managed_by" = "terraform"
          [32m+[0m[0m "project"    = "distributed-matrix-scaling"
          [32m+[0m[0m "purpose"    = "research-eval"
          [32m+[0m[0m "role"       = "dask-worker"
        }
      [32m+[0m[0m tenancy                              = (known after apply)
      [32m+[0m[0m user_data                            = <<-EOT
            #!/bin/bash
                set -euxo pipefail
                dnf -y update || yum -y update || true
                dnf -y install python3.11 python3.11-pip python3.11-devel gcc || yum -y install python3.11 python3.11-pip gcc
                python3.11 -m pip install --upgrade pip
                python3.11 -m pip install 'numpy==2.1.3' 'dask[distributed]==2024.11.2' psutil
                mkdir -p /opt/matrix-scale
                cat > /opt/matrix-scale/quick_bench.py <<'PY'
            import json, time, os
            import numpy as np
            from pathlib import Path
            size = int(os.environ.get("MATRIX_SIZE", "250"))
            workers = int(os.environ.get("N_WORKERS", "2"))
            role = os.environ.get("NODE_ROLE", "scale-up")
            out = Path("/opt/matrix-scale/result.json")
            A = np.random.rand(size, size)
            B = np.random.rand(size, size)
            t0 = time.perf_counter()
            if role == "scale-up":
                C = A @ B
                mode = "numpy_matmul"
            else:
                from dask.distributed import Client, LocalCluster
                cluster = LocalCluster(n_workers=workers, threads_per_worker=1, processes=False, dashboard_address=None)
                client = Client(cluster)
                import dask.array as da
                a = da.from_array(A, chunks=(size // max(workers, 1), size))
                b = da.from_array(B, chunks=(size, size // max(workers, 1)))
                C = (a @ b).compute()
                client.close(); cluster.close()
                mode = "dask_localcluster_on_node"
            elapsed = time.perf_counter() - t0
            out.write_text(json.dumps({
                "role": role, "mode": mode, "size": size, "workers": workers,
                "elapsed_s": elapsed, "checksum": float(C[0,0]),
                "hostname": os.uname().nodename,
            }, indent=2) + "\n")
            print(out.read_text())
            PY
                echo ready > /opt/matrix-scale/READY
        EOT
      [32m+[0m[0m user_data_base64                     = (known after apply)
      [32m+[0m[0m user_data_replace_on_change          = false
      [32m+[0m[0m vpc_security_group_ids               = (known after apply)

      [32m+[0m[0m capacity_reservation_specification (known after apply)

      [32m+[0m[0m cpu_options (known after apply)

      [32m+[0m[0m ebs_block_device (known after apply)

      [32m+[0m[0m enclave_options (known after apply)

      [32m+[0m[0m ephemeral_block_device (known after apply)

      [32m+[0m[0m instance_market_options (known after apply)

      [32m+[0m[0m maintenance_options (known after apply)

      [32m+[0m[0m metadata_options {
          [32m+[0m[0m http_endpoint               = "enabled"
          [32m+[0m[0m http_protocol_ipv6          = "disabled"
          [32m+[0m[0m http_put_response_hop_limit = (known after apply)
          [32m+[0m[0m http_tokens                 = "required"
          [32m+[0m[0m instance_metadata_tags      = (known after apply)
        }

      [32m+[0m[0m network_interface (known after apply)

      [32m+[0m[0m primary_network_interface (known after apply)

      [32m+[0m[0m private_dns_name_options (known after apply)

      [32m+[0m[0m root_block_device {
          [32m+[0m[0m delete_on_termination = true
          [32m+[0m[0m device_name           = (known after apply)
          [32m+[0m[0m encrypted             = (known after apply)
          [32m+[0m[0m iops                  = (known after apply)
          [32m+[0m[0m kms_key_id            = (known after apply)
          [32m+[0m[0m tags_all              = (known after apply)
          [32m+[0m[0m throughput            = (known after apply)
          [32m+[0m[0m volume_id             = (known after apply)
          [32m+[0m[0m volume_size           = 20
          [32m+[0m[0m volume_type           = "gp3"
        }

      [32m+[0m[0m secondary_network_interface (known after apply)
    }

[1m  # aws_instance.scale_up[0][0m will be created
[0m  [32m+[0m[0m resource "aws_instance" "scale_up" {
      [32m+[0m[0m ami                                  = "ami-0ee768eb261a01ed2"
      [32m+[0m[0m arn                                  = (known after apply)
      [32m+[0m[0m associate_public_ip_address          = (known after apply)
      [32m+[0m[0m availability_zone                    = (known after apply)
      [32m+[0m[0m disable_api_stop                     = (known after apply)
      [32m+[0m[0m disable_api_termination              = (known after apply)
      [32m+[0m[0m ebs_optimized                        = (known after apply)
      [32m+[0m[0m enable_primary_ipv6                  = (known after apply)
      [32m+[0m[0m force_destroy                        = false
      [32m+[0m[0m get_password_data                    = false
      [32m+[0m[0m host_id                              = (known after apply)
      [32m+[0m[0m host_resource_group_arn              = (known after apply)
      [32m+[0m[0m iam_instance_profile                 = "matrix-rss-f1-node"
      [32m+[0m[0m id                                   = (known after apply)
      [32m+[0m[0m instance_initiated_shutdown_behavior = (known after apply)
      [32m+[0m[0m instance_lifecycle                   = (known after apply)
      [32m+[0m[0m instance_state                       = (known after apply)
      [32m+[0m[0m instance_type                        = "t3.small"
      [32m+[0m[0m ipv6_address_count                   = (known after apply)
      [32m+[0m[0m ipv6_addresses                       = (known after apply)
      [32m+[0m[0m key_name                             = (known after apply)
      [32m+[0m[0m monitoring                           = (known after apply)
      [32m+[0m[0m outpost_arn                          = (known after apply)
      [32m+[0m[0m password_data                        = (known after apply)
      [32m+[0m[0m placement_group                      = (known after apply)
      [32m+[0m[0m placement_group_id                   = (known after apply)
      [32m+[0m[0m placement_partition_number           = (known after apply)
      [32m+[0m[0m primary_network_interface_id         = (known after apply)
      [32m+[0m[0m private_dns                          = (known after apply)
      [32m+[0m[0m private_ip                           = (known after apply)
      [32m+[0m[0m public_dns                           = (known after apply)
      [32m+[0m[0m public_ip                            = (known after apply)
      [32m+[0m[0m region                               = "eu-west-1"
      [32m+[0m[0m secondary_private_ips                = (known after apply)
      [32m+[0m[0m security_groups                      = (known after apply)
      [32m+[0m[0m source_dest_check                    = true
      [32m+[0m[0m spot_instance_request_id             = (known after apply)
      [32m+[0m[0m subnet_id                            = "subnet-052eff34204622fa4"
      [32m+[0m[0m tags                                 = {
          [32m+[0m[0m "Name" = "matrix-rss-f1-scale-up"
          [32m+[0m[0m "role" = "scale-up"
        }
      [32m+[0m[0m tags_all                             = {
          [32m+[0m[0m "Name"       = "matrix-rss-f1-scale-up"
          [32m+[0m[0m "data"       = "synthetic"
          [32m+[0m[0m "managed_by" = "terraform"
          [32m+[0m[0m "project"    = "distributed-matrix-scaling"
          [32m+[0m[0m "purpose"    = "research-eval"
          [32m+[0m[0m "role"       = "scale-up"
        }
      [32m+[0m[0m tenancy                              = (known after apply)
      [32m+[0m[0m user_data                            = <<-EOT
            #!/bin/bash
                set -euxo pipefail
                dnf -y update || yum -y update || true
                dnf -y install python3.11 python3.11-pip python3.11-devel gcc || yum -y install python3.11 python3.11-pip gcc
                python3.11 -m pip install --upgrade pip
                python3.11 -m pip install 'numpy==2.1.3' 'dask[distributed]==2024.11.2' psutil
                mkdir -p /opt/matrix-scale
                cat > /opt/matrix-scale/quick_bench.py <<'PY'
            import json, time, os
            import numpy as np
            from pathlib import Path
            size = int(os.environ.get("MATRIX_SIZE", "250"))
            workers = int(os.environ.get("N_WORKERS", "2"))
            role = os.environ.get("NODE_ROLE", "scale-up")
            out = Path("/opt/matrix-scale/result.json")
            A = np.random.rand(size, size)
            B = np.random.rand(size, size)
            t0 = time.perf_counter()
            if role == "scale-up":
                C = A @ B
                mode = "numpy_matmul"
            else:
                from dask.distributed import Client, LocalCluster
                cluster = LocalCluster(n_workers=workers, threads_per_worker=1, processes=False, dashboard_address=None)
                client = Client(cluster)
                import dask.array as da
                a = da.from_array(A, chunks=(size // max(workers, 1), size))
                b = da.from_array(B, chunks=(size, size // max(workers, 1)))
                C = (a @ b).compute()
                client.close(); cluster.close()
                mode = "dask_localcluster_on_node"
            elapsed = time.perf_counter() - t0
            out.write_text(json.dumps({
                "role": role, "mode": mode, "size": size, "workers": workers,
                "elapsed_s": elapsed, "checksum": float(C[0,0]),
                "hostname": os.uname().nodename,
            }, indent=2) + "\n")
            print(out.read_text())
            PY
                echo ready > /opt/matrix-scale/READY
        EOT
      [32m+[0m[0m user_data_base64                     = (known after apply)
      [32m+[0m[0m user_data_replace_on_change          = false
      [32m+[0m[0m vpc_security_group_ids               = (known after apply)

      [32m+[0m[0m capacity_reservation_specification (known after apply)

      [32m+[0m[0m cpu_options (known after apply)

      [32m+[0m[0m ebs_block_device (known after apply)

      [32m+[0m[0m enclave_options (known after apply)

      [32m+[0m[0m ephemeral_block_device (known after apply)

      [32m+[0m[0m instance_market_options (known after apply)

      [32m+[0m[0m maintenance_options (known after apply)

      [32m+[0m[0m metadata_options {
          [32m+[0m[0m http_endpoint               = "enabled"
          [32m+[0m[0m http_protocol_ipv6          = "disabled"
          [32m+[0m[0m http_put_response_hop_limit = (known after apply)
          [32m+[0m[0m http_tokens                 = "required"
          [32m+[0m[0m instance_metadata_tags      = (known after apply)
        }

      [32m+[0m[0m network_interface (known after apply)

      [32m+[0m[0m primary_network_interface (known after apply)

      [32m+[0m[0m private_dns_name_options (known after apply)

      [32m+[0m[0m root_block_device {
          [32m+[0m[0m delete_on_termination = true
          [32m+[0m[0m device_name           = (known after apply)
          [32m+[0m[0m encrypted             = (known after apply)
          [32m+[0m[0m iops                  = (known after apply)
          [32m+[0m[0m kms_key_id            = (known after apply)
          [32m+[0m[0m tags_all              = (known after apply)
          [32m+[0m[0m throughput            = (known after apply)
          [32m+[0m[0m volume_id             = (known after apply)
          [32m+[0m[0m volume_size           = 30
          [32m+[0m[0m volume_type           = "gp3"
        }

      [32m+[0m[0m secondary_network_interface (known after apply)
    }

[1m  # aws_security_group.cluster[0m will be created
[0m  [32m+[0m[0m resource "aws_security_group" "cluster" {
      [32m+[0m[0m arn                    = (known after apply)
      [32m+[0m[0m description            = "Matrix scaling research cluster (Dask scheduler/workers)"
      [32m+[0m[0m egress                 = [
          [32m+[0m[0m {
              [32m+[0m[0m cidr_blocks      = [
                  [32m+[0m[0m "0.0.0.0/0",
                ]
              [32m+[0m[0m from_port        = 0
              [32m+[0m[0m ipv6_cidr_blocks = []
              [32m+[0m[0m prefix_list_ids  = []
              [32m+[0m[0m protocol         = "-1"
              [32m+[0m[0m security_groups  = []
              [32m+[0m[0m self             = false
              [32m+[0m[0m to_port          = 0
                [90m# (1 unchanged attribute hidden)[0m[0m
            },
        ]
      [32m+[0m[0m id                     = (known after apply)
      [32m+[0m[0m ingress                = [
          [32m+[0m[0m {
              [32m+[0m[0m cidr_blocks      = []
              [32m+[0m[0m description      = "Dask cluster (scheduler, dashboard, worker)"
              [32m+[0m[0m from_port        = 0
              [32m+[0m[0m ipv6_cidr_blocks = []
              [32m+[0m[0m prefix_list_ids  = []
              [32m+[0m[0m protocol         = "tcp"
              [32m+[0m[0m security_groups  = []
              [32m+[0m[0m self             = true
              [32m+[0m[0m to_port          = 65535
            },
        ]
      [32m+[0m[0m name                   = (known after apply)
      [32m+[0m[0m name_prefix            = "matrix-rss-f1-"
      [32m+[0m[0m owner_id               = (known after apply)
      [32m+[0m[0m region                 = "eu-west-1"
      [32m+[0m[0m revoke_rules_on_delete = false
      [32m+[0m[0m tags_all               = {
          [32m+[0m[0m "data"       = "synthetic"
          [32m+[0m[0m "managed_by" = "terraform"
          [32m+[0m[0m "project"    = "distributed-matrix-scaling"
          [32m+[0m[0m "purpose"    = "research-eval"
        }
      [32m+[0m[0m vpc_id                 = "vpc-0abe0a893e2d712c2"
    }

[1mPlan:[0m [0m7 to add, 0 to change, 0 to destroy.

Changes to Outputs:
  [32m+[0m[0m instance_profile       = "matrix-rss-f1-node"
  [32m+[0m[0m scale_out_instance_ids = [
      [32m+[0m[0m (known after apply),
      [32m+[0m[0m (known after apply),
    ]
  [32m+[0m[0m scale_out_private_ips  = [
      [32m+[0m[0m (known after apply),
      [32m+[0m[0m (known after apply),
    ]
  [32m+[0m[0m scale_up_instance_id   = (known after apply)
  [32m+[0m[0m scale_up_private_ip    = (known after apply)
  [32m+[0m[0m security_group_id      = (known after apply)
[0m[1maws_iam_role.node: Creating...[0m[0m
[0m[1maws_security_group.cluster: Creating...[0m[0m
[0m[1maws_iam_role.node: Creation complete after 2s [id=matrix-rss-f1-node][0m
[0m[1maws_iam_role_policy_attachment.ssm: Creating...[0m[0m
[0m[1maws_iam_instance_profile.node: Creating...[0m[0m
[0m[1maws_iam_role_policy_attachment.ssm: Creation complete after 1s [id=matrix-rss-f1-node/arn:aws:iam::aws:policy/AmazonSSMManagedInstanceCore][0m
[0m[1mInitializing the backend...[0m

[0m[1mInitializing provider plugins...[0m
- Reusing previous version of hashicorp/aws from the dependency lock file
- Using previously-installed hashicorp/aws v6.65.0


[0m[1m[32mTerraform has been successfully initialized![0m[32m[0m
[0m[32m
You may now begin working with Terraform. Try running "terraform plan" to see
any changes that are required for your infrastructure. All Terraform commands
should now work.

If you ever set or change modules or backend configuration for Terraform,
rerun this command to reinitialize your working directory. If you forget, other
commands will detect it and remind you to do so if necessary.[0m
=== APPLY ami=ami-0ee768eb261a01ed2 prefix=matrix-rss-f1 size=250 ===
[0m[1mdata.aws_vpc.default: Reading...[0m[0m
[0m[1mdata.aws_iam_policy_document.ec2_assume: Reading...[0m[0m
[0m[1mdata.aws_iam_policy_document.ec2_assume: Read complete after 0s [id=2851119427][0m
[0m[1maws_iam_role.node: Refreshing state... [id=matrix-rss-f1-node][0m
[0m[1mdata.aws_vpc.default: Read complete after 2s [id=vpc-0abe0a893e2d712c2][0m
[0m[1mdata.aws_subnets.default: Reading...[0m[0m
[0m[1maws_iam_role_policy_attachment.ssm: Refreshing state... [id=matrix-rss-f1-node/arn:aws:iam::aws:policy/AmazonSSMManagedInstanceCore][0m
[0m[1mdata.aws_subnets.default: Read complete after 0s [id=eu-west-1][0m

Terraform used the selected providers to generate the following execution
plan. Resource actions are indicated with the following symbols:
  [32m+[0m create[0m

Terraform will perform the following actions:

[1m  # aws_iam_instance_profile.node[0m will be created
[0m  [32m+[0m[0m resource "aws_iam_instance_profile" "node" {
      [32m+[0m[0m arn         = (known after apply)
      [32m+[0m[0m create_date = (known after apply)
      [32m+[0m[0m id          = (known after apply)
      [32m+[0m[0m name        = "matrix-rss-f1-node"
      [32m+[0m[0m name_prefix = (known after apply)
      [32m+[0m[0m path        = "/"
      [32m+[0m[0m role        = "matrix-rss-f1-node"
      [32m+[0m[0m tags_all    = {
          [32m+[0m[0m "data"       = "synthetic"
          [32m+[0m[0m "managed_by" = "terraform"
          [32m+[0m[0m "project"    = "distributed-matrix-scaling"
          [32m+[0m[0m "purpose"    = "research-eval"
        }
      [32m+[0m[0m unique_id   = (known after apply)
    }

[1m  # aws_instance.scale_out[0][0m will be created
[0m  [32m+[0m[0m resource "aws_instance" "scale_out" {
      [32m+[0m[0m ami                                  = "ami-0ee768eb261a01ed2"
      [32m+[0m[0m arn                                  = (known after apply)
      [32m+[0m[0m associate_public_ip_address          = (known after apply)
      [32m+[0m[0m availability_zone                    = (known after apply)
      [32m+[0m[0m disable_api_stop                     = (known after apply)
      [32m+[0m[0m disable_api_termination              = (known after apply)
      [32m+[0m[0m ebs_optimized                        = (known after apply)
      [32m+[0m[0m enable_primary_ipv6                  = (known after apply)
      [32m+[0m[0m force_destroy                        = false
      [32m+[0m[0m get_password_data                    = false
      [32m+[0m[0m host_id                              = (known after apply)
      [32m+[0m[0m host_resource_group_arn              = (known after apply)
      [32m+[0m[0m iam_instance_profile                 = "matrix-rss-f1-node"
      [32m+[0m[0m id                                   = (known after apply)
      [32m+[0m[0m instance_initiated_shutdown_behavior = (known after apply)
      [32m+[0m[0m instance_lifecycle                   = (known after apply)
      [32m+[0m[0m instance_state                       = (known after apply)
      [32m+[0m[0m instance_type                        = "t3.micro"
      [32m+[0m[0m ipv6_address_count                   = (known after apply)
      [32m+[0m[0m ipv6_addresses                       = (known after apply)
      [32m+[0m[0m key_name                             = (known after apply)
      [32m+[0m[0m monitoring                           = (known after apply)
      [32m+[0m[0m outpost_arn                          = (known after apply)
      [32m+[0m[0m password_data                        = (known after apply)
      [32m+[0m[0m placement_group                      = (known after apply)
      [32m+[0m[0m placement_group_id                   = (known after apply)
      [32m+[0m[0m placement_partition_number           = (known after apply)
      [32m+[0m[0m primary_network_interface_id         = (known after apply)
      [32m+[0m[0m private_dns                          = (known after apply)
      [32m+[0m[0m private_ip                           = (known after apply)
      [32m+[0m[0m public_dns                           = (known after apply)
      [32m+[0m[0m public_ip                            = (known after apply)
      [32m+[0m[0m region                               = "eu-west-1"
      [32m+[0m[0m secondary_private_ips                = (known after apply)
      [32m+[0m[0m security_groups                      = (known after apply)
      [32m+[0m[0m source_dest_check                    = true
      [32m+[0m[0m spot_instance_request_id             = (known after apply)
      [32m+[0m[0m subnet_id                            = "subnet-052eff34204622fa4"
      [32m+[0m[0m tags                                 = {
          [32m+[0m[0m "Name" = "matrix-rss-f1-scale-out-0"
          [32m+[0m[0m "role" = "dask-scheduler"
        }
      [32m+[0m[0m tags_all                             = {
          [32m+[0m[0m "Name"       = "matrix-rss-f1-scale-out-0"
          [32m+[0m[0m "data"       = "synthetic"
          [32m+[0m[0m "managed_by" = "terraform"
          [32m+[0m[0m "project"    = "distributed-matrix-scaling"
          [32m+[0m[0m "purpose"    = "research-eval"
          [32m+[0m[0m "role"       = "dask-scheduler"
        }
      [32m+[0m[0m tenancy                              = (known after apply)
      [32m+[0m[0m user_data                            = <<-EOT
            #!/bin/bash
                set -euxo pipefail
                dnf -y update || yum -y update || true
                dnf -y install python3.11 python3.11-pip python3.11-devel gcc || yum -y install python3.11 python3.11-pip gcc
                python3.11 -m pip install --upgrade pip
                python3.11 -m pip install 'numpy==2.1.3' 'dask[distributed]==2024.11.2' psutil
                mkdir -p /opt/matrix-scale
                cat > /opt/matrix-scale/quick_bench.py <<'PY'
            import json, time, os
            import numpy as np
            from pathlib import Path
            size = int(os.environ.get("MATRIX_SIZE", "250"))
            workers = int(os.environ.get("N_WORKERS", "2"))
            role = os.environ.get("NODE_ROLE", "scale-up")
            out = Path("/opt/matrix-scale/result.json")
            A = np.random.rand(size, size)
            B = np.random.rand(size, size)
            t0 = time.perf_counter()
            if role == "scale-up":
                C = A @ B
                mode = "numpy_matmul"
            else:
                from dask.distributed import Client, LocalCluster
                cluster = LocalCluster(n_workers=workers, threads_per_worker=1, processes=False, dashboard_address=None)
                client = Client(cluster)
                import dask.array as da
                a = da.from_array(A, chunks=(size // max(workers, 1), size))
                b = da.from_array(B, chunks=(size, size // max(workers, 1)))
                C = (a @ b).compute()
                client.close(); cluster.close()
                mode = "dask_localcluster_on_node"
            elapsed = time.perf_counter() - t0
            out.write_text(json.dumps({
                "role": role, "mode": mode, "size": size, "workers": workers,
                "elapsed_s": elapsed, "checksum": float(C[0,0]),
                "hostname": os.uname().nodename,
            }, indent=2) + "\n")
            print(out.read_text())
            PY
                echo ready > /opt/matrix-scale/READY
        EOT
      [32m+[0m[0m user_data_base64                     = (known after apply)
      [32m+[0m[0m user_data_replace_on_change          = false
      [32m+[0m[0m vpc_security_group_ids               = (known after apply)

      [32m+[0m[0m capacity_reservation_specification (known after apply)

      [32m+[0m[0m cpu_options (known after apply)

      [32m+[0m[0m ebs_block_device (known after apply)

      [32m+[0m[0m enclave_options (known after apply)

      [32m+[0m[0m ephemeral_block_device (known after apply)

      [32m+[0m[0m instance_market_options (known after apply)

      [32m+[0m[0m maintenance_options (known after apply)

      [32m+[0m[0m metadata_options {
          [32m+[0m[0m http_endpoint               = "enabled"
          [32m+[0m[0m http_protocol_ipv6          = "disabled"
          [32m+[0m[0m http_put_response_hop_limit = (known after apply)
          [32m+[0m[0m http_tokens                 = "required"
          [32m+[0m[0m instance_metadata_tags      = (known after apply)
        }

      [32m+[0m[0m network_interface (known after apply)

      [32m+[0m[0m primary_network_interface (known after apply)

      [32m+[0m[0m private_dns_name_options (known after apply)

      [32m+[0m[0m root_block_device {
          [32m+[0m[0m delete_on_termination = true
          [32m+[0m[0m device_name           = (known after apply)
          [32m+[0m[0m encrypted             = (known after apply)
          [32m+[0m[0m iops                  = (known after apply)
          [32m+[0m[0m kms_key_id            = (known after apply)
          [32m+[0m[0m tags_all              = (known after apply)
          [32m+[0m[0m throughput            = (known after apply)
          [32m+[0m[0m volume_id             = (known after apply)
          [32m+[0m[0m volume_size           = 20
          [32m+[0m[0m volume_type           = "gp3"
        }

      [32m+[0m[0m secondary_network_interface (known after apply)
    }

[1m  # aws_instance.scale_out[1][0m will be created
[0m  [32m+[0m[0m resource "aws_instance" "scale_out" {
      [32m+[0m[0m ami                                  = "ami-0ee768eb261a01ed2"
      [32m+[0m[0m arn                                  = (known after apply)
      [32m+[0m[0m associate_public_ip_address          = (known after apply)
      [32m+[0m[0m availability_zone                    = (known after apply)
      [32m+[0m[0m disable_api_stop                     = (known after apply)
      [32m+[0m[0m disable_api_termination              = (known after apply)
      [32m+[0m[0m ebs_optimized                        = (known after apply)
      [32m+[0m[0m enable_primary_ipv6                  = (known after apply)
      [32m+[0m[0m force_destroy                        = false
      [32m+[0m[0m get_password_data                    = false
      [32m+[0m[0m host_id                              = (known after apply)
      [32m+[0m[0m host_resource_group_arn              = (known after apply)
      [32m+[0m[0m iam_instance_profile                 = "matrix-rss-f1-node"
      [32m+[0m[0m id                                   = (known after apply)
      [32m+[0m[0m instance_initiated_shutdown_behavior = (known after apply)
      [32m+[0m[0m instance_lifecycle                   = (known after apply)
      [32m+[0m[0m instance_state                       = (known after apply)
      [32m+[0m[0m instance_type                        = "t3.micro"
      [32m+[0m[0m ipv6_address_count                   = (known after apply)
      [32m+[0m[0m ipv6_addresses                       = (known after apply)
      [32m+[0m[0m key_name                             = (known after apply)
      [32m+[0m[0m monitoring                           = (known after apply)
      [32m+[0m[0m outpost_arn                          = (known after apply)
      [32m+[0m[0m password_data                        = (known after apply)
      [32m+[0m[0m placement_group                      = (known after apply)
      [32m+[0m[0m placement_group_id                   = (known after apply)
      [32m+[0m[0m placement_partition_number           = (known after apply)
      [32m+[0m[0m primary_network_interface_id         = (known after apply)
      [32m+[0m[0m private_dns                          = (known after apply)
      [32m+[0m[0m private_ip                           = (known after apply)
      [32m+[0m[0m public_dns                           = (known after apply)
      [32m+[0m[0m public_ip                            = (known after apply)
      [32m+[0m[0m region                               = "eu-west-1"
      [32m+[0m[0m secondary_private_ips                = (known after apply)
      [32m+[0m[0m security_groups                      = (known after apply)
      [32m+[0m[0m source_dest_check                    = true
      [32m+[0m[0m spot_instance_request_id             = (known after apply)
      [32m+[0m[0m subnet_id                            = "subnet-052eff34204622fa4"
      [32m+[0m[0m tags                                 = {
          [32m+[0m[0m "Name" = "matrix-rss-f1-scale-out-1"
          [32m+[0m[0m "role" = "dask-worker"
        }
      [32m+[0m[0m tags_all                             = {
          [32m+[0m[0m "Name"       = "matrix-rss-f1-scale-out-1"
          [32m+[0m[0m "data"       = "synthetic"
          [32m+[0m[0m "managed_by" = "terraform"
          [32m+[0m[0m "project"    = "distributed-matrix-scaling"
          [32m+[0m[0m "purpose"    = "research-eval"
          [32m+[0m[0m "role"       = "dask-worker"
        }
      [32m+[0m[0m tenancy                              = (known after apply)
      [32m+[0m[0m user_data                            = <<-EOT
            #!/bin/bash
                set -euxo pipefail
                dnf -y update || yum -y update || true
                dnf -y install python3.11 python3.11-pip python3.11-devel gcc || yum -y install python3.11 python3.11-pip gcc
                python3.11 -m pip install --upgrade pip
                python3.11 -m pip install 'numpy==2.1.3' 'dask[distributed]==2024.11.2' psutil
                mkdir -p /opt/matrix-scale
                cat > /opt/matrix-scale/quick_bench.py <<'PY'
            import json, time, os
            import numpy as np
            from pathlib import Path
            size = int(os.environ.get("MATRIX_SIZE", "250"))
            workers = int(os.environ.get("N_WORKERS", "2"))
            role = os.environ.get("NODE_ROLE", "scale-up")
            out = Path("/opt/matrix-scale/result.json")
            A = np.random.rand(size, size)
            B = np.random.rand(size, size)
            t0 = time.perf_counter()
            if role == "scale-up":
                C = A @ B
                mode = "numpy_matmul"
            else:
                from dask.distributed import Client, LocalCluster
                cluster = LocalCluster(n_workers=workers, threads_per_worker=1, processes=False, dashboard_address=None)
                client = Client(cluster)
                import dask.array as da
                a = da.from_array(A, chunks=(size // max(workers, 1), size))
                b = da.from_array(B, chunks=(size, size // max(workers, 1)))
                C = (a @ b).compute()
                client.close(); cluster.close()
                mode = "dask_localcluster_on_node"
            elapsed = time.perf_counter() - t0
            out.write_text(json.dumps({
                "role": role, "mode": mode, "size": size, "workers": workers,
                "elapsed_s": elapsed, "checksum": float(C[0,0]),
                "hostname": os.uname().nodename,
            }, indent=2) + "\n")
            print(out.read_text())
            PY
                echo ready > /opt/matrix-scale/READY
        EOT
      [32m+[0m[0m user_data_base64                     = (known after apply)
      [32m+[0m[0m user_data_replace_on_change          = false
      [32m+[0m[0m vpc_security_group_ids               = (known after apply)

      [32m+[0m[0m capacity_reservation_specification (known after apply)

      [32m+[0m[0m cpu_options (known after apply)

      [32m+[0m[0m ebs_block_device (known after apply)

      [32m+[0m[0m enclave_options (known after apply)

      [32m+[0m[0m ephemeral_block_device (known after apply)

      [32m+[0m[0m instance_market_options (known after apply)

      [32m+[0m[0m maintenance_options (known after apply)

      [32m+[0m[0m metadata_options {
          [32m+[0m[0m http_endpoint               = "enabled"
          [32m+[0m[0m http_protocol_ipv6          = "disabled"
          [32m+[0m[0m http_put_response_hop_limit = (known after apply)
          [32m+[0m[0m http_tokens                 = "required"
          [32m+[0m[0m instance_metadata_tags      = (known after apply)
        }

      [32m+[0m[0m network_interface (known after apply)

      [32m+[0m[0m primary_network_interface (known after apply)

      [32m+[0m[0m private_dns_name_options (known after apply)

      [32m+[0m[0m root_block_device {
          [32m+[0m[0m delete_on_termination = true
          [32m+[0m[0m device_name           = (known after apply)
          [32m+[0m[0m encrypted             = (known after apply)
          [32m+[0m[0m iops                  = (known after apply)
          [32m+[0m[0m kms_key_id            = (known after apply)
          [32m+[0m[0m tags_all              = (known after apply)
          [32m+[0m[0m throughput            = (known after apply)
          [32m+[0m[0m volume_id             = (known after apply)
          [32m+[0m[0m volume_size           = 20
          [32m+[0m[0m volume_type           = "gp3"
        }

      [32m+[0m[0m secondary_network_interface (known after apply)
    }

[1m  # aws_instance.scale_up[0][0m will be created
[0m  [32m+[0m[0m resource "aws_instance" "scale_up" {
      [32m+[0m[0m ami                                  = "ami-0ee768eb261a01ed2"
      [32m+[0m[0m arn                                  = (known after apply)
      [32m+[0m[0m associate_public_ip_address          = (known after apply)
      [32m+[0m[0m availability_zone                    = (known after apply)
      [32m+[0m[0m disable_api_stop                     = (known after apply)
      [32m+[0m[0m disable_api_termination              = (known after apply)
      [32m+[0m[0m ebs_optimized                        = (known after apply)
      [32m+[0m[0m enable_primary_ipv6                  = (known after apply)
      [32m+[0m[0m force_destroy                        = false
      [32m+[0m[0m get_password_data                    = false
      [32m+[0m[0m host_id                              = (known after apply)
      [32m+[0m[0m host_resource_group_arn              = (known after apply)
      [32m+[0m[0m iam_instance_profile                 = "matrix-rss-f1-node"
      [32m+[0m[0m id                                   = (known after apply)
      [32m+[0m[0m instance_initiated_shutdown_behavior = (known after apply)
      [32m+[0m[0m instance_lifecycle                   = (known after apply)
      [32m+[0m[0m instance_state                       = (known after apply)
      [32m+[0m[0m instance_type                        = "t3.small"
      [32m+[0m[0m ipv6_address_count                   = (known after apply)
      [32m+[0m[0m ipv6_addresses                       = (known after apply)
      [32m+[0m[0m key_name                             = (known after apply)
      [32m+[0m[0m monitoring                           = (known after apply)
      [32m+[0m[0m outpost_arn                          = (known after apply)
      [32m+[0m[0m password_data                        = (known after apply)
      [32m+[0m[0m placement_group                      = (known after apply)
      [32m+[0m[0m placement_group_id                   = (known after apply)
      [32m+[0m[0m placement_partition_number           = (known after apply)
      [32m+[0m[0m primary_network_interface_id         = (known after apply)
      [32m+[0m[0m private_dns                          = (known after apply)
      [32m+[0m[0m private_ip                           = (known after apply)
      [32m+[0m[0m public_dns                           = (known after apply)
      [32m+[0m[0m public_ip                            = (known after apply)
      [32m+[0m[0m region                               = "eu-west-1"
      [32m+[0m[0m secondary_private_ips                = (known after apply)
      [32m+[0m[0m security_groups                      = (known after apply)
      [32m+[0m[0m source_dest_check                    = true
      [32m+[0m[0m spot_instance_request_id             = (known after apply)
      [32m+[0m[0m subnet_id                            = "subnet-052eff34204622fa4"
      [32m+[0m[0m tags                                 = {
          [32m+[0m[0m "Name" = "matrix-rss-f1-scale-up"
          [32m+[0m[0m "role" = "scale-up"
        }
      [32m+[0m[0m tags_all                             = {
          [32m+[0m[0m "Name"       = "matrix-rss-f1-scale-up"
          [32m+[0m[0m "data"       = "synthetic"
          [32m+[0m[0m "managed_by" = "terraform"
          [32m+[0m[0m "project"    = "distributed-matrix-scaling"
          [32m+[0m[0m "purpose"    = "research-eval"
          [32m+[0m[0m "role"       = "scale-up"
        }
      [32m+[0m[0m tenancy                              = (known after apply)
      [32m+[0m[0m user_data                            = <<-EOT
            #!/bin/bash
                set -euxo pipefail
                dnf -y update || yum -y update || true
                dnf -y install python3.11 python3.11-pip python3.11-devel gcc || yum -y install python3.11 python3.11-pip gcc
                python3.11 -m pip install --upgrade pip
                python3.11 -m pip install 'numpy==2.1.3' 'dask[distributed]==2024.11.2' psutil
                mkdir -p /opt/matrix-scale
                cat > /opt/matrix-scale/quick_bench.py <<'PY'
            import json, time, os
            import numpy as np
            from pathlib import Path
            size = int(os.environ.get("MATRIX_SIZE", "250"))
            workers = int(os.environ.get("N_WORKERS", "2"))
            role = os.environ.get("NODE_ROLE", "scale-up")
            out = Path("/opt/matrix-scale/result.json")
            A = np.random.rand(size, size)
            B = np.random.rand(size, size)
            t0 = time.perf_counter()
            if role == "scale-up":
                C = A @ B
                mode = "numpy_matmul"
            else:
                from dask.distributed import Client, LocalCluster
                cluster = LocalCluster(n_workers=workers, threads_per_worker=1, processes=False, dashboard_address=None)
                client = Client(cluster)
                import dask.array as da
                a = da.from_array(A, chunks=(size // max(workers, 1), size))
                b = da.from_array(B, chunks=(size, size // max(workers, 1)))
                C = (a @ b).compute()
                client.close(); cluster.close()
                mode = "dask_localcluster_on_node"
            elapsed = time.perf_counter() - t0
            out.write_text(json.dumps({
                "role": role, "mode": mode, "size": size, "workers": workers,
                "elapsed_s": elapsed, "checksum": float(C[0,0]),
                "hostname": os.uname().nodename,
            }, indent=2) + "\n")
            print(out.read_text())
            PY
                echo ready > /opt/matrix-scale/READY
        EOT
      [32m+[0m[0m user_data_base64                     = (known after apply)
      [32m+[0m[0m user_data_replace_on_change          = false
      [32m+[0m[0m vpc_security_group_ids               = (known after apply)

      [32m+[0m[0m capacity_reservation_specification (known after apply)

      [32m+[0m[0m cpu_options (known after apply)

      [32m+[0m[0m ebs_block_device (known after apply)

      [32m+[0m[0m enclave_options (known after apply)

      [32m+[0m[0m ephemeral_block_device (known after apply)

      [32m+[0m[0m instance_market_options (known after apply)

      [32m+[0m[0m maintenance_options (known after apply)

      [32m+[0m[0m metadata_options {
          [32m+[0m[0m http_endpoint               = "enabled"
          [32m+[0m[0m http_protocol_ipv6          = "disabled"
          [32m+[0m[0m http_put_response_hop_limit = (known after apply)
          [32m+[0m[0m http_tokens                 = "required"
          [32m+[0m[0m instance_metadata_tags      = (known after apply)
        }

      [32m+[0m[0m network_interface (known after apply)

      [32m+[0m[0m primary_network_interface (known after apply)

      [32m+[0m[0m private_dns_name_options (known after apply)

      [32m+[0m[0m root_block_device {
          [32m+[0m[0m delete_on_termination = true
          [32m+[0m[0m device_name           = (known after apply)
          [32m+[0m[0m encrypted             = (known after apply)
          [32m+[0m[0m iops                  = (known after apply)
          [32m+[0m[0m kms_key_id            = (known after apply)
          [32m+[0m[0m tags_all              = (known after apply)
          [32m+[0m[0m throughput            = (known after apply)
          [32m+[0m[0m volume_id             = (known after apply)
          [32m+[0m[0m volume_size           = 30
          [32m+[0m[0m volume_type           = "gp3"
        }

      [32m+[0m[0m secondary_network_interface (known after apply)
    }

[1m  # aws_security_group.cluster[0m will be created
[0m  [32m+[0m[0m resource "aws_security_group" "cluster" {
      [32m+[0m[0m arn                    = (known after apply)
      [32m+[0m[0m description            = "Matrix scaling research cluster (Dask scheduler/workers)"
      [32m+[0m[0m egress                 = [
          [32m+[0m[0m {
              [32m+[0m[0m cidr_blocks      = [
                  [32m+[0m[0m "0.0.0.0/0",
                ]
              [32m+[0m[0m from_port        = 0
              [32m+[0m[0m ipv6_cidr_blocks = []
              [32m+[0m[0m prefix_list_ids  = []
              [32m+[0m[0m protocol         = "-1"
              [32m+[0m[0m security_groups  = []
              [32m+[0m[0m self             = false
              [32m+[0m[0m to_port          = 0
                [90m# (1 unchanged attribute hidden)[0m[0m
            },
        ]
      [32m+[0m[0m id                     = (known after apply)
      [32m+[0m[0m ingress                = [
          [32m+[0m[0m {
              [32m+[0m[0m cidr_blocks      = []
              [32m+[0m[0m description      = "Dask cluster (scheduler, dashboard, worker)"
              [32m+[0m[0m from_port        = 0
              [32m+[0m[0m ipv6_cidr_blocks = []
              [32m+[0m[0m prefix_list_ids  = []
              [32m+[0m[0m protocol         = "tcp"
              [32m+[0m[0m security_groups  = []
              [32m+[0m[0m self             = true
              [32m+[0m[0m to_port          = 65535
            },
        ]
      [32m+[0m[0m name                   = (known after apply)
      [32m+[0m[0m name_prefix            = "matrix-rss-f1-"
      [32m+[0m[0m owner_id               = (known after apply)
      [32m+[0m[0m region                 = "eu-west-1"
      [32m+[0m[0m revoke_rules_on_delete = false
      [32m+[0m[0m tags_all               = {
          [32m+[0m[0m "data"       = "synthetic"
          [32m+[0m[0m "managed_by" = "terraform"
          [32m+[0m[0m "project"    = "distributed-matrix-scaling"
          [32m+[0m[0m "purpose"    = "research-eval"
        }
      [32m+[0m[0m vpc_id                 = "vpc-0abe0a893e2d712c2"
    }

[1mPlan:[0m [0m5 to add, 0 to change, 0 to destroy.

Changes to Outputs:
  [32m+[0m[0m scale_out_instance_ids = [
      [32m+[0m[0m (known after apply),
      [32m+[0m[0m (known after apply),
    ]
  [32m+[0m[0m scale_out_private_ips  = [
      [32m+[0m[0m (known after apply),
      [32m+[0m[0m (known after apply),
    ]
  [32m+[0m[0m scale_up_instance_id   = (known after apply)
  [32m+[0m[0m scale_up_private_ip    = (known after apply)
  [32m+[0m[0m security_group_id      = (known after apply)
[0m[1maws_iam_instance_profile.node: Creating...[0m[0m
[0m[1maws_security_group.cluster: Creating...[0m[0m
[0m[1maws_security_group.cluster: Creation complete after 4s [id=sg-022aaf2f84f6e35a2][0m
[31m╷[0m[0m
[31m│[0m [0m[1m[31mError: [0m[0m[1mcreating IAM Instance Profile (matrix-rss-f1-node): operation error IAM: CreateInstanceProfile, https response error StatusCode: 409, RequestID: 801a6f0b-6650-4f46-9da2-15ac41a5c22f, EntityAlreadyExists: Instance Profile matrix-rss-f1-node already exists.[0m
[31m│[0m [0m
[31m│[0m [0m[0m  with aws_iam_instance_profile.node,
[31m│[0m [0m  on main.tf line 50, in resource "aws_iam_instance_profile" "node":
[31m│[0m [0m  50: resource "aws_iam_instance_profile" "node" [4m{[0m[0m
[31m│[0m [0m
[31m╵[0m[0m
=== CLEANUP: terraform destroy ===
[0m[1mdata.aws_iam_policy_document.ec2_assume: Reading...[0m[0m
[0m[1mdata.aws_vpc.default: Reading...[0m[0m
[0m[1mdata.aws_iam_policy_document.ec2_assume: Read complete after 0s [id=2851119427][0m
[0m[1maws_iam_role.node: Refreshing state... [id=matrix-rss-f1-node][0m
[0m[1maws_iam_role_policy_attachment.ssm: Refreshing state... [id=matrix-rss-f1-node/arn:aws:iam::aws:policy/AmazonSSMManagedInstanceCore][0m
[0m[1mdata.aws_vpc.default: Read complete after 2s [id=vpc-0abe0a893e2d712c2][0m
[0m[1mdata.aws_subnets.default: Reading...[0m[0m
[0m[1maws_security_group.cluster: Refreshing state... [id=sg-022aaf2f84f6e35a2][0m
[0m[1mdata.aws_subnets.default: Read complete after 0s [id=eu-west-1][0m

Terraform used the selected providers to generate the following execution
plan. Resource actions are indicated with the following symbols:
  [31m-[0m destroy[0m

Terraform will perform the following actions:

[1m  # aws_iam_role.node[0m will be [1m[31mdestroyed[0m
[0m  [31m-[0m[0m resource "aws_iam_role" "node" {
      [31m-[0m[0m arn                   = "arn:aws:iam::922384915031:role/matrix-rss-f1-node" [90m-> null[0m[0m
      [31m-[0m[0m assume_role_policy    = jsonencode(
            {
              [31m-[0m[0m Statement = [
                  [31m-[0m[0m {
                      [31m-[0m[0m Action    = "sts:AssumeRole"
                      [31m-[0m[0m Effect    = "Allow"
                      [31m-[0m[0m Principal = {
                          [31m-[0m[0m Service = "ec2.amazonaws.com"
                        }
                    },
                ]
              [31m-[0m[0m Version   = "2012-10-17"
            }
        ) [90m-> null[0m[0m
      [31m-[0m[0m create_date           = "2026-09-22T12:28:45Z" [90m-> null[0m[0m
      [31m-[0m[0m force_detach_policies = false [90m-> null[0m[0m
      [31m-[0m[0m id                    = "matrix-rss-f1-node" [90m-> null[0m[0m
      [31m-[0m[0m managed_policy_arns   = [
          [31m-[0m[0m "arn:aws:iam::aws:policy/AmazonSSMManagedInstanceCore",
        ] [90m-> null[0m[0m
      [31m-[0m[0m max_session_duration  = 3600 [90m-> null[0m[0m
      [31m-[0m[0m name                  = "matrix-rss-f1-node" [90m-> null[0m[0m
      [31m-[0m[0m path                  = "/" [90m-> null[0m[0m
      [31m-[0m[0m tags                  = {} [90m-> null[0m[0m
      [31m-[0m[0m tags_all              = {
          [31m-[0m[0m "data"       = "synthetic"
          [31m-[0m[0m "managed_by" = "terraform"
          [31m-[0m[0m "project"    = "distributed-matrix-scaling"
          [31m-[0m[0m "purpose"    = "research-eval"
        } [90m-> null[0m[0m
      [31m-[0m[0m unique_id             = "AROA5NQTM3JL7XUDKOSEJ" [90m-> null[0m[0m
        [90m# (3 unchanged attributes hidden)[0m[0m
    }

[1m  # aws_iam_role_policy_attachment.ssm[0m will be [1m[31mdestroyed[0m
[0m  [31m-[0m[0m resource "aws_iam_role_policy_attachment" "ssm" {
      [31m-[0m[0m id         = "matrix-rss-f1-node/arn:aws:iam::aws:policy/AmazonSSMManagedInstanceCore" [90m-> null[0m[0m
      [31m-[0m[0m policy_arn = "arn:aws:iam::aws:policy/AmazonSSMManagedInstanceCore" [90m-> null[0m[0m
      [31m-[0m[0m role       = "matrix-rss-f1-node" [90m-> null[0m[0m
    }

[1m  # aws_security_group.cluster[0m will be [1m[31mdestroyed[0m
[0m  [31m-[0m[0m resource "aws_security_group" "cluster" {
      [31m-[0m[0m arn                    = "arn:aws:ec2:eu-west-1:922384915031:security-group/sg-022aaf2f84f6e35a2" [90m-> null[0m[0m
      [31m-[0m[0m description            = "Matrix scaling research cluster (Dask scheduler/workers)" [90m-> null[0m[0m
      [31m-[0m[0m egress                 = [
          [31m-[0m[0m {
              [31m-[0m[0m cidr_blocks      = [
                  [31m-[0m[0m "0.0.0.0/0",
                ]
              [31m-[0m[0m from_port        = 0
              [31m-[0m[0m ipv6_cidr_blocks = []
              [31m-[0m[0m prefix_list_ids  = []
              [31m-[0m[0m protocol         = "-1"
              [31m-[0m[0m security_groups  = []
              [31m-[0m[0m self             = false
              [31m-[0m[0m to_port          = 0
                [90m# (1 unchanged attribute hidden)[0m[0m
            },
        ] [90m-> null[0m[0m
      [31m-[0m[0m id                     = "sg-022aaf2f84f6e35a2" [90m-> null[0m[0m
      [31m-[0m[0m ingress                = [
          [31m-[0m[0m {
              [31m-[0m[0m cidr_blocks      = []
              [31m-[0m[0m description      = "Dask cluster (scheduler, dashboard, worker)"
              [31m-[0m[0m from_port        = 0
              [31m-[0m[0m ipv6_cidr_blocks = []
              [31m-[0m[0m prefix_list_ids  = []
              [31m-[0m[0m protocol         = "tcp"
              [31m-[0m[0m security_groups  = []
              [31m-[0m[0m self             = true
              [31m-[0m[0m to_port          = 65535
            },
        ] [90m-> null[0m[0m
      [31m-[0m[0m name                   = "matrix-rss-f1-aeee3467305302458db204a427" [90m-> null[0m[0m
      [31m-[0m[0m name_prefix            = "matrix-rss-f1-" [90m-> null[0m[0m
      [31m-[0m[0m owner_id               = "922384915031" [90m-> null[0m[0m
      [31m-[0m[0m region                 = "eu-west-1" [90m-> null[0m[0m
      [31m-[0m[0m revoke_rules_on_delete = false [90m-> null[0m[0m
      [31m-[0m[0m tags                   = {} [90m-> null[0m[0m
      [31m-[0m[0m tags_all               = {
          [31m-[0m[0m "data"       = "synthetic"
          [31m-[0m[0m "managed_by" = "terraform"
          [31m-[0m[0m "project"    = "distributed-matrix-scaling"
          [31m-[0m[0m "purpose"    = "research-eval"
        } [90m-> null[0m[0m
      [31m-[0m[0m vpc_id                 = "vpc-0abe0a893e2d712c2" [90m-> null[0m[0m
    }

[1mPlan:[0m [0m0 to add, 0 to change, 3 to destroy.

Changes to Outputs:
  [31m-[0m[0m instance_profile  = "matrix-rss-f1-node" [90m-> null[0m[0m
  [31m-[0m[0m security_group_id = "sg-022aaf2f84f6e35a2" [90m-> null[0m[0m
[0m[1maws_iam_role_policy_attachment.ssm: Destroying... [id=matrix-rss-f1-node/arn:aws:iam::aws:policy/AmazonSSMManagedInstanceCore][0m[0m
[0m[1maws_security_group.cluster: Destroying... [id=sg-022aaf2f84f6e35a2][0m[0m
[0m[1maws_iam_role_policy_attachment.ssm: Destruction complete after 1s[0m
[0m[1maws_iam_role.node: Destroying... [id=matrix-rss-f1-node][0m[0m
[0m[1maws_security_group.cluster: Destruction complete after 2s[0m
[0m[1maws_iam_role.node: Destruction complete after 1s[0m
[0m[1m[32m
Destroy complete! Resources: 3 destroyed.[0m
destroy_confirmed=yes
[0m[1mInitializing the backend...[0m

[0m[1mInitializing provider plugins...[0m
- Reusing previous version of hashicorp/aws from the dependency lock file
- Using previously-installed hashicorp/aws v6.65.0


[0m[1m[32mTerraform has been successfully initialized![0m[32m[0m
[0m[32m
You may now begin working with Terraform. Try running "terraform plan" to see
any changes that are required for your infrastructure. All Terraform commands
should now work.

If you ever set or change modules or backend configuration for Terraform,
rerun this command to reinitialize your working directory. If you forget, other
commands will detect it and remind you to do so if necessary.[0m
=== APPLY ami=ami-0ee768eb261a01ed2 prefix=matrix-rss-a123156 size=250 ===
[0m[1mdata.aws_vpc.default: Reading...[0m[0m
[0m[1mdata.aws_iam_policy_document.ec2_assume: Reading...[0m[0m
[0m[1mdata.aws_iam_policy_document.ec2_assume: Read complete after 0s [id=2851119427][0m
[0m[1mdata.aws_vpc.default: Read complete after 2s [id=vpc-0abe0a893e2d712c2][0m
[0m[1mdata.aws_subnets.default: Reading...[0m[0m
[0m[1mdata.aws_subnets.default: Read complete after 0s [id=eu-west-1][0m

Terraform used the selected providers to generate the following execution
plan. Resource actions are indicated with the following symbols:
  [32m+[0m create[0m

Terraform will perform the following actions:

[1m  # aws_iam_instance_profile.node[0m will be created
[0m  [32m+[0m[0m resource "aws_iam_instance_profile" "node" {
      [32m+[0m[0m arn         = (known after apply)
      [32m+[0m[0m create_date = (known after apply)
      [32m+[0m[0m id          = (known after apply)
      [32m+[0m[0m name        = "matrix-rss-a123156-node"
      [32m+[0m[0m name_prefix = (known after apply)
      [32m+[0m[0m path        = "/"
      [32m+[0m[0m role        = "matrix-rss-a123156-node"
      [32m+[0m[0m tags_all    = {
          [32m+[0m[0m "data"       = "synthetic"
          [32m+[0m[0m "managed_by" = "terraform"
          [32m+[0m[0m "project"    = "distributed-matrix-scaling"
          [32m+[0m[0m "purpose"    = "research-eval"
        }
      [32m+[0m[0m unique_id   = (known after apply)
    }

[1m  # aws_iam_role.node[0m will be created
[0m  [32m+[0m[0m resource "aws_iam_role" "node" {
      [32m+[0m[0m arn                   = (known after apply)
      [32m+[0m[0m assume_role_policy    = jsonencode(
            {
              [32m+[0m[0m Statement = [
                  [32m+[0m[0m {
                      [32m+[0m[0m Action    = "sts:AssumeRole"
                      [32m+[0m[0m Effect    = "Allow"
                      [32m+[0m[0m Principal = {
                          [32m+[0m[0m Service = "ec2.amazonaws.com"
                        }
                    },
                ]
              [32m+[0m[0m Version   = "2012-10-17"
            }
        )
      [32m+[0m[0m create_date           = (known after apply)
      [32m+[0m[0m force_detach_policies = false
      [32m+[0m[0m id                    = (known after apply)
      [32m+[0m[0m managed_policy_arns   = (known after apply)
      [32m+[0m[0m max_session_duration  = 3600
      [32m+[0m[0m name                  = "matrix-rss-a123156-node"
      [32m+[0m[0m name_prefix           = (known after apply)
      [32m+[0m[0m path                  = "/"
      [32m+[0m[0m tags_all              = {
          [32m+[0m[0m "data"       = "synthetic"
          [32m+[0m[0m "managed_by" = "terraform"
          [32m+[0m[0m "project"    = "distributed-matrix-scaling"
          [32m+[0m[0m "purpose"    = "research-eval"
        }
      [32m+[0m[0m unique_id             = (known after apply)

      [32m+[0m[0m inline_policy (known after apply)
    }

[1m  # aws_iam_role_policy_attachment.ssm[0m will be created
[0m  [32m+[0m[0m resource "aws_iam_role_policy_attachment" "ssm" {
      [32m+[0m[0m id         = (known after apply)
      [32m+[0m[0m policy_arn = "arn:aws:iam::aws:policy/AmazonSSMManagedInstanceCore"
      [32m+[0m[0m role       = "matrix-rss-a123156-node"
    }

[1m  # aws_instance.scale_out[0][0m will be created
[0m  [32m+[0m[0m resource "aws_instance" "scale_out" {
      [32m+[0m[0m ami                                  = "ami-0ee768eb261a01ed2"
      [32m+[0m[0m arn                                  = (known after apply)
      [32m+[0m[0m associate_public_ip_address          = (known after apply)
      [32m+[0m[0m availability_zone                    = (known after apply)
      [32m+[0m[0m disable_api_stop                     = (known after apply)
      [32m+[0m[0m disable_api_termination              = (known after apply)
      [32m+[0m[0m ebs_optimized                        = (known after apply)
      [32m+[0m[0m enable_primary_ipv6                  = (known after apply)
      [32m+[0m[0m force_destroy                        = false
      [32m+[0m[0m get_password_data                    = false
      [32m+[0m[0m host_id                              = (known after apply)
      [32m+[0m[0m host_resource_group_arn              = (known after apply)
      [32m+[0m[0m iam_instance_profile                 = "matrix-rss-a123156-node"
      [32m+[0m[0m id                                   = (known after apply)
      [32m+[0m[0m instance_initiated_shutdown_behavior = (known after apply)
      [32m+[0m[0m instance_lifecycle                   = (known after apply)
      [32m+[0m[0m instance_state                       = (known after apply)
      [32m+[0m[0m instance_type                        = "t3.micro"
      [32m+[0m[0m ipv6_address_count                   = (known after apply)
      [32m+[0m[0m ipv6_addresses                       = (known after apply)
      [32m+[0m[0m key_name                             = (known after apply)
      [32m+[0m[0m monitoring                           = (known after apply)
      [32m+[0m[0m outpost_arn                          = (known after apply)
      [32m+[0m[0m password_data                        = (known after apply)
      [32m+[0m[0m placement_group                      = (known after apply)
      [32m+[0m[0m placement_group_id                   = (known after apply)
      [32m+[0m[0m placement_partition_number           = (known after apply)
      [32m+[0m[0m primary_network_interface_id         = (known after apply)
      [32m+[0m[0m private_dns                          = (known after apply)
      [32m+[0m[0m private_ip                           = (known after apply)
      [32m+[0m[0m public_dns                           = (known after apply)
      [32m+[0m[0m public_ip                            = (known after apply)
      [32m+[0m[0m region                               = "eu-west-1"
      [32m+[0m[0m secondary_private_ips                = (known after apply)
      [32m+[0m[0m security_groups                      = (known after apply)
      [32m+[0m[0m source_dest_check                    = true
      [32m+[0m[0m spot_instance_request_id             = (known after apply)
      [32m+[0m[0m subnet_id                            = "subnet-052eff34204622fa4"
      [32m+[0m[0m tags                                 = {
          [32m+[0m[0m "Name" = "matrix-rss-a123156-scale-out-0"
          [32m+[0m[0m "role" = "dask-scheduler"
        }
      [32m+[0m[0m tags_all                             = {
          [32m+[0m[0m "Name"       = "matrix-rss-a123156-scale-out-0"
          [32m+[0m[0m "data"       = "synthetic"
          [32m+[0m[0m "managed_by" = "terraform"
          [32m+[0m[0m "project"    = "distributed-matrix-scaling"
          [32m+[0m[0m "purpose"    = "research-eval"
          [32m+[0m[0m "role"       = "dask-scheduler"
        }
      [32m+[0m[0m tenancy                              = (known after apply)
      [32m+[0m[0m user_data                            = <<-EOT
            #!/bin/bash
                set -euxo pipefail
                dnf -y update || yum -y update || true
                dnf -y install python3.11 python3.11-pip python3.11-devel gcc || yum -y install python3.11 python3.11-pip gcc
                python3.11 -m pip install --upgrade pip
                python3.11 -m pip install 'numpy==2.1.3' 'dask[distributed]==2024.11.2' psutil
                mkdir -p /opt/matrix-scale
                cat > /opt/matrix-scale/quick_bench.py <<'PY'
            import json, time, os
            import numpy as np
            from pathlib import Path
            size = int(os.environ.get("MATRIX_SIZE", "250"))
            workers = int(os.environ.get("N_WORKERS", "2"))
            role = os.environ.get("NODE_ROLE", "scale-up")
            out = Path("/opt/matrix-scale/result.json")
            A = np.random.rand(size, size)
            B = np.random.rand(size, size)
            t0 = time.perf_counter()
            if role == "scale-up":
                C = A @ B
                mode = "numpy_matmul"
            else:
                from dask.distributed import Client, LocalCluster
                cluster = LocalCluster(n_workers=workers, threads_per_worker=1, processes=False, dashboard_address=None)
                client = Client(cluster)
                import dask.array as da
                a = da.from_array(A, chunks=(size // max(workers, 1), size))
                b = da.from_array(B, chunks=(size, size // max(workers, 1)))
                C = (a @ b).compute()
                client.close(); cluster.close()
                mode = "dask_localcluster_on_node"
            elapsed = time.perf_counter() - t0
            out.write_text(json.dumps({
                "role": role, "mode": mode, "size": size, "workers": workers,
                "elapsed_s": elapsed, "checksum": float(C[0,0]),
                "hostname": os.uname().nodename,
            }, indent=2) + "\n")
            print(out.read_text())
            PY
                echo ready > /opt/matrix-scale/READY
        EOT
      [32m+[0m[0m user_data_base64                     = (known after apply)
      [32m+[0m[0m user_data_replace_on_change          = false
      [32m+[0m[0m vpc_security_group_ids               = (known after apply)

      [32m+[0m[0m capacity_reservation_specification (known after apply)

      [32m+[0m[0m cpu_options (known after apply)

      [32m+[0m[0m ebs_block_device (known after apply)

      [32m+[0m[0m enclave_options (known after apply)

      [32m+[0m[0m ephemeral_block_device (known after apply)

      [32m+[0m[0m instance_market_options (known after apply)

      [32m+[0m[0m maintenance_options (known after apply)

      [32m+[0m[0m metadata_options {
          [32m+[0m[0m http_endpoint               = "enabled"
          [32m+[0m[0m http_protocol_ipv6          = "disabled"
          [32m+[0m[0m http_put_response_hop_limit = (known after apply)
          [32m+[0m[0m http_tokens                 = "required"
          [32m+[0m[0m instance_metadata_tags      = (known after apply)
        }

      [32m+[0m[0m network_interface (known after apply)

      [32m+[0m[0m primary_network_interface (known after apply)

      [32m+[0m[0m private_dns_name_options (known after apply)

      [32m+[0m[0m root_block_device {
          [32m+[0m[0m delete_on_termination = true
          [32m+[0m[0m device_name           = (known after apply)
          [32m+[0m[0m encrypted             = (known after apply)
          [32m+[0m[0m iops                  = (known after apply)
          [32m+[0m[0m kms_key_id            = (known after apply)
          [32m+[0m[0m tags_all              = (known after apply)
          [32m+[0m[0m throughput            = (known after apply)
          [32m+[0m[0m volume_id             = (known after apply)
          [32m+[0m[0m volume_size           = 20
          [32m+[0m[0m volume_type           = "gp3"
        }

      [32m+[0m[0m secondary_network_interface (known after apply)
    }

[1m  # aws_instance.scale_out[1][0m will be created
[0m  [32m+[0m[0m resource "aws_instance" "scale_out" {
      [32m+[0m[0m ami                                  = "ami-0ee768eb261a01ed2"
      [32m+[0m[0m arn                                  = (known after apply)
      [32m+[0m[0m associate_public_ip_address          = (known after apply)
      [32m+[0m[0m availability_zone                    = (known after apply)
      [32m+[0m[0m disable_api_stop                     = (known after apply)
      [32m+[0m[0m disable_api_termination              = (known after apply)
      [32m+[0m[0m ebs_optimized                        = (known after apply)
      [32m+[0m[0m enable_primary_ipv6                  = (known after apply)
      [32m+[0m[0m force_destroy                        = false
      [32m+[0m[0m get_password_data                    = false
      [32m+[0m[0m host_id                              = (known after apply)
      [32m+[0m[0m host_resource_group_arn              = (known after apply)
      [32m+[0m[0m iam_instance_profile                 = "matrix-rss-a123156-node"
      [32m+[0m[0m id                                   = (known after apply)
      [32m+[0m[0m instance_initiated_shutdown_behavior = (known after apply)
      [32m+[0m[0m instance_lifecycle                   = (known after apply)
      [32m+[0m[0m instance_state                       = (known after apply)
      [32m+[0m[0m instance_type                        = "t3.micro"
      [32m+[0m[0m ipv6_address_count                   = (known after apply)
      [32m+[0m[0m ipv6_addresses                       = (known after apply)
      [32m+[0m[0m key_name                             = (known after apply)
      [32m+[0m[0m monitoring                           = (known after apply)
      [32m+[0m[0m outpost_arn                          = (known after apply)
      [32m+[0m[0m password_data                        = (known after apply)
      [32m+[0m[0m placement_group                      = (known after apply)
      [32m+[0m[0m placement_group_id                   = (known after apply)
      [32m+[0m[0m placement_partition_number           = (known after apply)
      [32m+[0m[0m primary_network_interface_id         = (known after apply)
      [32m+[0m[0m private_dns                          = (known after apply)
      [32m+[0m[0m private_ip                           = (known after apply)
      [32m+[0m[0m public_dns                           = (known after apply)
      [32m+[0m[0m public_ip                            = (known after apply)
      [32m+[0m[0m region                               = "eu-west-1"
      [32m+[0m[0m secondary_private_ips                = (known after apply)
      [32m+[0m[0m security_groups                      = (known after apply)
      [32m+[0m[0m source_dest_check                    = true
      [32m+[0m[0m spot_instance_request_id             = (known after apply)
      [32m+[0m[0m subnet_id                            = "subnet-052eff34204622fa4"
      [32m+[0m[0m tags                                 = {
          [32m+[0m[0m "Name" = "matrix-rss-a123156-scale-out-1"
          [32m+[0m[0m "role" = "dask-worker"
        }
      [32m+[0m[0m tags_all                             = {
          [32m+[0m[0m "Name"       = "matrix-rss-a123156-scale-out-1"
          [32m+[0m[0m "data"       = "synthetic"
          [32m+[0m[0m "managed_by" = "terraform"
          [32m+[0m[0m "project"    = "distributed-matrix-scaling"
          [32m+[0m[0m "purpose"    = "research-eval"
          [32m+[0m[0m "role"       = "dask-worker"
        }
      [32m+[0m[0m tenancy                              = (known after apply)
      [32m+[0m[0m user_data                            = <<-EOT
            #!/bin/bash
                set -euxo pipefail
                dnf -y update || yum -y update || true
                dnf -y install python3.11 python3.11-pip python3.11-devel gcc || yum -y install python3.11 python3.11-pip gcc
                python3.11 -m pip install --upgrade pip
                python3.11 -m pip install 'numpy==2.1.3' 'dask[distributed]==2024.11.2' psutil
                mkdir -p /opt/matrix-scale
                cat > /opt/matrix-scale/quick_bench.py <<'PY'
            import json, time, os
            import numpy as np
            from pathlib import Path
            size = int(os.environ.get("MATRIX_SIZE", "250"))
            workers = int(os.environ.get("N_WORKERS", "2"))
            role = os.environ.get("NODE_ROLE", "scale-up")
            out = Path("/opt/matrix-scale/result.json")
            A = np.random.rand(size, size)
            B = np.random.rand(size, size)
            t0 = time.perf_counter()
            if role == "scale-up":
                C = A @ B
                mode = "numpy_matmul"
            else:
                from dask.distributed import Client, LocalCluster
                cluster = LocalCluster(n_workers=workers, threads_per_worker=1, processes=False, dashboard_address=None)
                client = Client(cluster)
                import dask.array as da
                a = da.from_array(A, chunks=(size // max(workers, 1), size))
                b = da.from_array(B, chunks=(size, size // max(workers, 1)))
                C = (a @ b).compute()
                client.close(); cluster.close()
                mode = "dask_localcluster_on_node"
            elapsed = time.perf_counter() - t0
            out.write_text(json.dumps({
                "role": role, "mode": mode, "size": size, "workers": workers,
                "elapsed_s": elapsed, "checksum": float(C[0,0]),
                "hostname": os.uname().nodename,
            }, indent=2) + "\n")
            print(out.read_text())
            PY
                echo ready > /opt/matrix-scale/READY
        EOT
      [32m+[0m[0m user_data_base64                     = (known after apply)
      [32m+[0m[0m user_data_replace_on_change          = false
      [32m+[0m[0m vpc_security_group_ids               = (known after apply)

      [32m+[0m[0m capacity_reservation_specification (known after apply)

      [32m+[0m[0m cpu_options (known after apply)

      [32m+[0m[0m ebs_block_device (known after apply)

      [32m+[0m[0m enclave_options (known after apply)

      [32m+[0m[0m ephemeral_block_device (known after apply)

      [32m+[0m[0m instance_market_options (known after apply)

      [32m+[0m[0m maintenance_options (known after apply)

      [32m+[0m[0m metadata_options {
          [32m+[0m[0m http_endpoint               = "enabled"
          [32m+[0m[0m http_protocol_ipv6          = "disabled"
          [32m+[0m[0m http_put_response_hop_limit = (known after apply)
          [32m+[0m[0m http_tokens                 = "required"
          [32m+[0m[0m instance_metadata_tags      = (known after apply)
        }

      [32m+[0m[0m network_interface (known after apply)

      [32m+[0m[0m primary_network_interface (known after apply)

      [32m+[0m[0m private_dns_name_options (known after apply)

      [32m+[0m[0m root_block_device {
          [32m+[0m[0m delete_on_termination = true
          [32m+[0m[0m device_name           = (known after apply)
          [32m+[0m[0m encrypted             = (known after apply)
          [32m+[0m[0m iops                  = (known after apply)
          [32m+[0m[0m kms_key_id            = (known after apply)
          [32m+[0m[0m tags_all              = (known after apply)
          [32m+[0m[0m throughput            = (known after apply)
          [32m+[0m[0m volume_id             = (known after apply)
          [32m+[0m[0m volume_size           = 20
          [32m+[0m[0m volume_type           = "gp3"
        }

      [32m+[0m[0m secondary_network_interface (known after apply)
    }

[1m  # aws_instance.scale_up[0][0m will be created
[0m  [32m+[0m[0m resource "aws_instance" "scale_up" {
      [32m+[0m[0m ami                                  = "ami-0ee768eb261a01ed2"
      [32m+[0m[0m arn                                  = (known after apply)
      [32m+[0m[0m associate_public_ip_address          = (known after apply)
      [32m+[0m[0m availability_zone                    = (known after apply)
      [32m+[0m[0m disable_api_stop                     = (known after apply)
      [32m+[0m[0m disable_api_termination              = (known after apply)
      [32m+[0m[0m ebs_optimized                        = (known after apply)
      [32m+[0m[0m enable_primary_ipv6                  = (known after apply)
      [32m+[0m[0m force_destroy                        = false
      [32m+[0m[0m get_password_data                    = false
      [32m+[0m[0m host_id                              = (known after apply)
      [32m+[0m[0m host_resource_group_arn              = (known after apply)
      [32m+[0m[0m iam_instance_profile                 = "matrix-rss-a123156-node"
      [32m+[0m[0m id                                   = (known after apply)
      [32m+[0m[0m instance_initiated_shutdown_behavior = (known after apply)
      [32m+[0m[0m instance_lifecycle                   = (known after apply)
      [32m+[0m[0m instance_state                       = (known after apply)
      [32m+[0m[0m instance_type                        = "t3.small"
      [32m+[0m[0m ipv6_address_count                   = (known after apply)
      [32m+[0m[0m ipv6_addresses                       = (known after apply)
      [32m+[0m[0m key_name                             = (known after apply)
      [32m+[0m[0m monitoring                           = (known after apply)
      [32m+[0m[0m outpost_arn                          = (known after apply)
      [32m+[0m[0m password_data                        = (known after apply)
      [32m+[0m[0m placement_group                      = (known after apply)
      [32m+[0m[0m placement_group_id                   = (known after apply)
      [32m+[0m[0m placement_partition_number           = (known after apply)
      [32m+[0m[0m primary_network_interface_id         = (known after apply)
      [32m+[0m[0m private_dns                          = (known after apply)
      [32m+[0m[0m private_ip                           = (known after apply)
      [32m+[0m[0m public_dns                           = (known after apply)
      [32m+[0m[0m public_ip                            = (known after apply)
      [32m+[0m[0m region                               = "eu-west-1"
      [32m+[0m[0m secondary_private_ips                = (known after apply)
      [32m+[0m[0m security_groups                      = (known after apply)
      [32m+[0m[0m source_dest_check                    = true
      [32m+[0m[0m spot_instance_request_id             = (known after apply)
      [32m+[0m[0m subnet_id                            = "subnet-052eff34204622fa4"
      [32m+[0m[0m tags                                 = {
          [32m+[0m[0m "Name" = "matrix-rss-a123156-scale-up"
          [32m+[0m[0m "role" = "scale-up"
        }
      [32m+[0m[0m tags_all                             = {
          [32m+[0m[0m "Name"       = "matrix-rss-a123156-scale-up"
          [32m+[0m[0m "data"       = "synthetic"
          [32m+[0m[0m "managed_by" = "terraform"
          [32m+[0m[0m "project"    = "distributed-matrix-scaling"
          [32m+[0m[0m "purpose"    = "research-eval"
          [32m+[0m[0m "role"       = "scale-up"
        }
      [32m+[0m[0m tenancy                              = (known after apply)
      [32m+[0m[0m user_data                            = <<-EOT
            #!/bin/bash
                set -euxo pipefail
                dnf -y update || yum -y update || true
                dnf -y install python3.11 python3.11-pip python3.11-devel gcc || yum -y install python3.11 python3.11-pip gcc
                python3.11 -m pip install --upgrade pip
                python3.11 -m pip install 'numpy==2.1.3' 'dask[distributed]==2024.11.2' psutil
                mkdir -p /opt/matrix-scale
                cat > /opt/matrix-scale/quick_bench.py <<'PY'
            import json, time, os
            import numpy as np
            from pathlib import Path
            size = int(os.environ.get("MATRIX_SIZE", "250"))
            workers = int(os.environ.get("N_WORKERS", "2"))
            role = os.environ.get("NODE_ROLE", "scale-up")
            out = Path("/opt/matrix-scale/result.json")
            A = np.random.rand(size, size)
            B = np.random.rand(size, size)
            t0 = time.perf_counter()
            if role == "scale-up":
                C = A @ B
                mode = "numpy_matmul"
            else:
                from dask.distributed import Client, LocalCluster
                cluster = LocalCluster(n_workers=workers, threads_per_worker=1, processes=False, dashboard_address=None)
                client = Client(cluster)
                import dask.array as da
                a = da.from_array(A, chunks=(size // max(workers, 1), size))
                b = da.from_array(B, chunks=(size, size // max(workers, 1)))
                C = (a @ b).compute()
                client.close(); cluster.close()
                mode = "dask_localcluster_on_node"
            elapsed = time.perf_counter() - t0
            out.write_text(json.dumps({
                "role": role, "mode": mode, "size": size, "workers": workers,
                "elapsed_s": elapsed, "checksum": float(C[0,0]),
                "hostname": os.uname().nodename,
            }, indent=2) + "\n")
            print(out.read_text())
            PY
                echo ready > /opt/matrix-scale/READY
        EOT
      [32m+[0m[0m user_data_base64                     = (known after apply)
      [32m+[0m[0m user_data_replace_on_change          = false
      [32m+[0m[0m vpc_security_group_ids               = (known after apply)

      [32m+[0m[0m capacity_reservation_specification (known after apply)

      [32m+[0m[0m cpu_options (known after apply)

      [32m+[0m[0m ebs_block_device (known after apply)

      [32m+[0m[0m enclave_options (known after apply)

      [32m+[0m[0m ephemeral_block_device (known after apply)

      [32m+[0m[0m instance_market_options (known after apply)

      [32m+[0m[0m maintenance_options (known after apply)

      [32m+[0m[0m metadata_options {
          [32m+[0m[0m http_endpoint               = "enabled"
          [32m+[0m[0m http_protocol_ipv6          = "disabled"
          [32m+[0m[0m http_put_response_hop_limit = (known after apply)
          [32m+[0m[0m http_tokens                 = "required"
          [32m+[0m[0m instance_metadata_tags      = (known after apply)
        }

      [32m+[0m[0m network_interface (known after apply)

      [32m+[0m[0m primary_network_interface (known after apply)

      [32m+[0m[0m private_dns_name_options (known after apply)

      [32m+[0m[0m root_block_device {
          [32m+[0m[0m delete_on_termination = true
          [32m+[0m[0m device_name           = (known after apply)
          [32m+[0m[0m encrypted             = (known after apply)
          [32m+[0m[0m iops                  = (known after apply)
          [32m+[0m[0m kms_key_id            = (known after apply)
          [32m+[0m[0m tags_all              = (known after apply)
          [32m+[0m[0m throughput            = (known after apply)
          [32m+[0m[0m volume_id             = (known after apply)
          [32m+[0m[0m volume_size           = 30
          [32m+[0m[0m volume_type           = "gp3"
        }

      [32m+[0m[0m secondary_network_interface (known after apply)
    }

[1m  # aws_security_group.cluster[0m will be created
[0m  [32m+[0m[0m resource "aws_security_group" "cluster" {
      [32m+[0m[0m arn                    = (known after apply)
      [32m+[0m[0m description            = "Matrix scaling research cluster (Dask scheduler/workers)"
      [32m+[0m[0m egress                 = [
          [32m+[0m[0m {
              [32m+[0m[0m cidr_blocks      = [
                  [32m+[0m[0m "0.0.0.0/0",
                ]
              [32m+[0m[0m from_port        = 0
              [32m+[0m[0m ipv6_cidr_blocks = []
              [32m+[0m[0m prefix_list_ids  = []
              [32m+[0m[0m protocol         = "-1"
              [32m+[0m[0m security_groups  = []
              [32m+[0m[0m self             = false
              [32m+[0m[0m to_port          = 0
                [90m# (1 unchanged attribute hidden)[0m[0m
            },
        ]
      [32m+[0m[0m id                     = (known after apply)
      [32m+[0m[0m ingress                = [
          [32m+[0m[0m {
              [32m+[0m[0m cidr_blocks      = []
              [32m+[0m[0m description      = "Dask cluster (scheduler, dashboard, worker)"
              [32m+[0m[0m from_port        = 0
              [32m+[0m[0m ipv6_cidr_blocks = []
              [32m+[0m[0m prefix_list_ids  = []
              [32m+[0m[0m protocol         = "tcp"
              [32m+[0m[0m security_groups  = []
              [32m+[0m[0m self             = true
              [32m+[0m[0m to_port          = 65535
            },
        ]
      [32m+[0m[0m name                   = (known after apply)
      [32m+[0m[0m name_prefix            = "matrix-rss-a123156-"
      [32m+[0m[0m owner_id               = (known after apply)
      [32m+[0m[0m region                 = "eu-west-1"
      [32m+[0m[0m revoke_rules_on_delete = false
      [32m+[0m[0m tags_all               = {
          [32m+[0m[0m "data"       = "synthetic"
          [32m+[0m[0m "managed_by" = "terraform"
          [32m+[0m[0m "project"    = "distributed-matrix-scaling"
          [32m+[0m[0m "purpose"    = "research-eval"
        }
      [32m+[0m[0m vpc_id                 = "vpc-0abe0a893e2d712c2"
    }

[1mPlan:[0m [0m7 to add, 0 to change, 0 to destroy.

Changes to Outputs:
  [32m+[0m[0m instance_profile       = "matrix-rss-a123156-node"
  [32m+[0m[0m scale_out_instance_ids = [
      [32m+[0m[0m (known after apply),
      [32m+[0m[0m (known after apply),
    ]
  [32m+[0m[0m scale_out_private_ips  = [
      [32m+[0m[0m (known after apply),
      [32m+[0m[0m (known after apply),
    ]
  [32m+[0m[0m scale_up_instance_id   = (known after apply)
  [32m+[0m[0m scale_up_private_ip    = (known after apply)
  [32m+[0m[0m security_group_id      = (known after apply)
[0m[1maws_iam_role.node: Creating...[0m[0m
[0m[1maws_security_group.cluster: Creating...[0m[0m
[0m[1maws_iam_role.node: Creation complete after 2s [id=matrix-rss-a123156-node][0m
[0m[1maws_iam_role_policy_attachment.ssm: Creating...[0m[0m
[0m[1maws_iam_instance_profile.node: Creating...[0m[0m
[0m[1maws_iam_role_policy_attachment.ssm: Creation complete after 1s [id=matrix-rss-a123156-node/arn:aws:iam::aws:policy/AmazonSSMManagedInstanceCore][0m
[0m[1maws_security_group.cluster: Creation complete after 5s [id=sg-02c2553db6769dbe3][0m
[0m[1maws_iam_instance_profile.node: Creation complete after 8s [id=matrix-rss-a123156-node][0m
[0m[1maws_instance.scale_out[0]: Creating...[0m[0m
[0m[1maws_instance.scale_up[0]: Creating...[0m[0m
[0m[1maws_instance.scale_out[1]: Creating...[0m[0m
[0m[1maws_instance.scale_out[1]: Still creating... [00m10s elapsed][0m[0m
[0m[1maws_instance.scale_out[0]: Still creating... [00m10s elapsed][0m[0m
[0m[1maws_instance.scale_up[0]: Still creating... [00m10s elapsed][0m[0m
[0m[1maws_instance.scale_out[1]: Creation complete after 14s [id=i-08cb8c0fbcf97240a][0m
[0m[1maws_instance.scale_up[0]: Creation complete after 14s [id=i-03d3a12fc45c280d3][0m
[0m[1maws_instance.scale_out[0]: Creation complete after 15s [id=i-02c333c4b6627469e][0m
[0m[1m[32m
Apply complete! Resources: 7 added, 0 changed, 0 destroyed.[0m
[0m[1m[32m
Outputs:

[0minstance_profile = "matrix-rss-a123156-node"
scale_out_instance_ids = [
  "i-02c333c4b6627469e",
  "i-08cb8c0fbcf97240a",
]
scale_out_private_ips = [
  "172.31.11.34",
  "172.31.13.92",
]
scale_up_instance_id = "i-03d3a12fc45c280d3"
scale_up_private_ip = "172.31.0.109"
security_group_id = "sg-02c2553db6769dbe3"
UP=i-03d3a12fc45c280d3 SCHED=i-02c333c4b6627469e WORK=i-08cb8c0fbcf97240a SG=sg-02c2553db6769dbe3
ssm i-03d3a12fc45c280d3 try=1 ping=Online
ssm i-02c333c4b6627469e try=1 ping=Online
ssm i-08cb8c0fbcf97240a try=1 ping=None
ssm i-08cb8c0fbcf97240a try=2 ping=None
ssm i-08cb8c0fbcf97240a try=3 ping=None
ssm i-08cb8c0fbcf97240a try=4 ping=None
ssm i-08cb8c0fbcf97240a try=5 ping=None
ssm i-08cb8c0fbcf97240a try=6 ping=None
ssm i-08cb8c0fbcf97240a try=7 ping=None
ssm i-08cb8c0fbcf97240a try=8 ping=None
ssm i-08cb8c0fbcf97240a try=9 ping=None
ssm i-08cb8c0fbcf97240a try=10 ping=None
ssm i-08cb8c0fbcf97240a try=11 ping=None
ssm i-08cb8c0fbcf97240a try=12 ping=None
ssm i-08cb8c0fbcf97240a try=13 ping=None
ssm i-08cb8c0fbcf97240a try=14 ping=None
ssm i-08cb8c0fbcf97240a try=15 ping=None
ssm i-08cb8c0fbcf97240a try=16 ping=None
ssm i-08cb8c0fbcf97240a try=17 ping=Online
i-03d3a12fc45c280d3 ready_try=1 Success	/usr/bin/python3
NOTREADY
bootstrap i-03d3a12fc45c280d3 1 InProgress
bootstrap i-03d3a12fc45c280d3 2 InProgress
bootstrap i-03d3a12fc45c280d3 3 InProgress
bootstrap i-03d3a12fc45c280d3 4 Success
i-03d3a12fc45c280d3 ready_try=2 Success	READY
i-02c333c4b6627469e ready_try=1 Success	/usr/bin/python3
NOTREADY
bootstrap i-02c333c4b6627469e 1 InProgress
bootstrap i-02c333c4b6627469e 2 InProgress
bootstrap i-02c333c4b6627469e 3 InProgress
bootstrap i-02c333c4b6627469e 4 Success
i-02c333c4b6627469e ready_try=2 Success	READY
i-08cb8c0fbcf97240a ready_try=1 Success	/usr/bin/python3
NOTREADY
bootstrap i-08cb8c0fbcf97240a 1 InProgress
bootstrap i-08cb8c0fbcf97240a 2 InProgress
bootstrap i-08cb8c0fbcf97240a 3 InProgress
bootstrap i-08cb8c0fbcf97240a 4 Success
i-08cb8c0fbcf97240a ready_try=2 Success	READY
=== SCALE-UP n=250 ===
poll i-03d3a12fc45c280d3 1 Success
/usr/bin/python3.11
{
  "role": "scale-up",
  "mode": "numpy_matmul",
  "size": 250,
  "workers": 2,
  "status": "ok",
  "elapsed_s": 0.002467039000009663,
  "peak_rss_mb": 37.43359375,
  "avg_cpu_percent": 0.0,
  "checksum": 58.44198702248372,
  "hostname": "ip-172-31-0-109.eu-west-1.compute.internal",
  "error": null
}

=== ON-NODE LocalCluster n=250 ===
poll i-02c333c4b6627469e 1 InProgress
poll i-02c333c4b6627469e 2 Success
/usr/bin/python3.11
{
  "role": "scale-out",
  "mode": "dask_localcluster_on_node",
  "size": 250,
  "workers": 1,
  "status": "ok",
  "elapsed_s": 0.5077145039999778,
  "peak_rss_mb": 74.01953125,
  "avg_cpu_percent": 41.6,
  "checksum": 58.44198702248372,
  "hostname": "ip-172-31-11-34.eu-west-1.compute.internal",
  "error": null
}

poll i-08cb8c0fbcf97240a 1 InProgress
poll i-08cb8c0fbcf97240a 2 Success
/usr/bin/python3.11
{
  "role": "scale-out",
  "mode": "dask_localcluster_on_node",
  "size": 250,
  "workers": 1,
  "status": "ok",
  "elapsed_s": 0.5234936450000021,
  "peak_rss_mb": 74.0703125,
  "avg_cpu_percent": 43.90909090909091,
  "checksum": 58.44198702248372,
  "hostname": "ip-172-31-13-92.eu-west-1.compute.internal",
  "error": null
}

sched_ip=172.31.11.34 work_ip=172.31.13.92
Success	LISTEN 0      2048         0.0.0.0:8786      0.0.0.0:*   
SCHED_UP

Success	2026-09-22 12:41:07,574 - distributed.nanny - INFO -         Start Nanny at: 'tcp://172.31.13.92:43307'
2026-09-22 12:41:08,084 - distributed.worker - INFO -       Start worker at:   tcp://172.31.13.92:36899
2026-09-22 12:41:08,084 - distributed.worker - INFO -          Listening to:   tcp://172.31.13.92:36899
2026-09-22 12:41:08,084 - distributed.worker - INFO -          dashboard at:         172.31.13.92:39861
2026-09-22 12:41:08,084 - distributed.worker - INFO - Waiting to connect to:    tcp://172.31.11.34:8786
2026-09-22 12:41:08,084 - distributed.worker - INFO - -------------------------------------------------
2026-09-22 12:41:08,084 - distributed.worker - INFO -               Threads:                          1
2026-09-22 12:41:08,084 - distributed.worker - INFO -                Memory:                 733.51 MiB
2026-09-22 12:41:08,084 - distributed.worker - INFO -       Local Directory: /tmp/dask-scratch-space/worker-r2llswn4
2026-09-22 12:41:08,084 - distributed.worker - INFO - -------------------------------------------------
2026-09-22 12:41:08,103 - distributed.worker - INFO - Starting Worker plugin shuffle
2026-09-22 12:41:08,104 - distributed.worker - INFO -         Registered to:    tcp://172.31.11.34:8786
2026-09-22 12:41:08,104 - distributed.worker - INFO - -------------------------------------------------
2026-09-22 12:41:08,105 - distributed.core - INFO - Starting established connection to tcp://172.31.11.34:8786
WORKER_UP

bench_cid=6dd48aa0-7edc-47f7-a296-41989191b5c3
poll_dist=1 InProgress
poll_dist=2 Success
connecting tcp://127.0.0.1:8786
workers 2
futures [0, 1, 4, 9]
matmul_start 250 chunk 125
matmul_done 0.2531926530000419
{"role": "scale-out", "mode": "dask_multi_instance", "size": 250, "workers": 2, "status": "ok", "elapsed_s": 0.2531926530000419, "peak_rss_mb": 72.48828125, "avg_cpu_percent": 44.44, "checksum": 58.44198702248372, "futures_smoke": [0, 1, 4, 9], "worker_addrs": ["tcp://172.31.11.34:34991", "tcp://172.31.13.92:36899"], "error": null, "hostname": "ip-172-31-11-34.eu-west-1.compute.internal"}


{
  "collected_at": "2026-09-22T12:41:43.933495+00:00",
  "region": "eu-west-1",
  "round": "rss_size_final_+str(ROUND)+",
  "protocol_note": "ONE confirmatory matched Free-Tier gate after CA2 100% (post ec2_round2). Same topology 1xt3.small vs 2xt3.micro; destroy-after. Final-3 not started.",
  "topology": {
    "scale_up": {
      "instance_id": "i-03d3a12fc45c280d3",
      "instance_type": "t3.small",
      "vcpus": 2,
      "count": 1
    },
    "scale_out": {
      "instance_ids": [
        "i-02c333c4b6627469e",
        "i-08cb8c0fbcf97240a"
      ],
      "instance_type": "t3.micro",
      "vcpus": 1,
      "count": 2,
      "aggregate_vcpus": 2,
      "private_ips": [
        "172.31.11.34",
        "172.31.13.92"
      ],
      "scheduler_private_ip": "172.31.11.34"
    }
  },
  "matrix_size": 250,
  "scale_up": {
    "role": "scale-up",
    "mode": "numpy_matmul",
    "size": 250,
    "workers": 2,
    "status": "ok",
    "elapsed_s": 0.002467039000009663,
    "peak_rss_mb": 37.43359375,
    "avg_cpu_percent": 0.0,
    "checksum": 58.44198702248372,
    "hostname": "ip-172-31-0-109.eu-west-1.compute.internal",
    "error": null
  },
  "scale_out_on_node": [
    {
      "role": "scale-out",
      "mode": "dask_localcluster_on_node",
      "size": 250,
      "workers": 1,
      "status": "ok",
      "elapsed_s": 0.5077145039999778,
      "peak_rss_mb": 74.01953125,
      "avg_cpu_percent": 41.6,
      "checksum": 58.44198702248372,
      "hostname": "ip-172-31-11-34.eu-west-1.compute.internal",
      "error": null
    },
    {
      "role": "scale-out",
      "mode": "dask_localcluster_on_node",
      "size": 250,
      "workers": 1,
      "status": "ok",
      "elapsed_s": 0.5234936450000021,
      "peak_rss_mb": 74.0703125,
      "avg_cpu_percent": 43.90909090909091,
      "checksum": 58.44198702248372,
      "hostname": "ip-172-31-13-92.eu-west-1.compute.internal",
      "error": null
    }
  ],
  "scale_out_multi_instance": {
    "status": "ok",
    "workers_registered": 2,
    "futures_smoke": [
      0,
      1,
      4,
      9
    ],
    "dask_array_matmul": "ok",
    "mode": "dask_multi_instance_matmul",
    "size": 250,
    "elapsed_s": 0.2531926530000419,
    "checksum": 58.44198702248372,
    "scheduler": "tcp://172.31.11.34:8786",
    "hostname": "ip-172-31-11-34.eu-west-1.compute.internal",
    "worker_addrs": [
      "tcp://172.31.11.34:34991",
      "tcp://172.31.13.92:36899"
    ],
    "note": "Scheduler on scale-out-0; one dask-worker per t3.micro (2 workers total); final_1 gate."
  },
  "comparison": {
    "scale_up_elapsed_s": 0.002467039000009663,
    "scale_out_on_node_mean_elapsed_s": 0.5156040744999899,
    "scale_out_multi_instance_elapsed_s": 0.2531926530000419
  },
  "ami_id": "ami-0ee768eb261a01ed2",
  "name_prefix": "matrix-rss-f${ROUND}",
  "destroy_after": true
}
multi_status= ok elapsed= 0.2531926530000419
=== DESTROY ===
=== CLEANUP: terraform destroy ===
[0m[1mdata.aws_iam_policy_document.ec2_assume: Reading...[0m[0m
[0m[1mdata.aws_vpc.default: Reading...[0m[0m
[0m[1mdata.aws_iam_policy_document.ec2_assume: Read complete after 0s [id=2851119427][0m
[0m[1maws_iam_role.node: Refreshing state... [id=matrix-rss-a123156-node][0m
[0m[1maws_iam_role_policy_attachment.ssm: Refreshing state... [id=matrix-rss-a123156-node/arn:aws:iam::aws:policy/AmazonSSMManagedInstanceCore][0m
[0m[1maws_iam_instance_profile.node: Refreshing state... [id=matrix-rss-a123156-node][0m
[0m[1mdata.aws_vpc.default: Read complete after 2s [id=vpc-0abe0a893e2d712c2][0m
[0m[1mdata.aws_subnets.default: Reading...[0m[0m
[0m[1maws_security_group.cluster: Refreshing state... [id=sg-02c2553db6769dbe3][0m
[0m[1mdata.aws_subnets.default: Read complete after 0s [id=eu-west-1][0m
[0m[1maws_instance.scale_out[1]: Refreshing state... [id=i-08cb8c0fbcf97240a][0m
[0m[1maws_instance.scale_up[0]: Refreshing state... [id=i-03d3a12fc45c280d3][0m
[0m[1maws_instance.scale_out[0]: Refreshing state... [id=i-02c333c4b6627469e][0m

Terraform used the selected providers to generate the following execution
plan. Resource actions are indicated with the following symbols:
  [31m-[0m destroy[0m

Terraform will perform the following actions:

[1m  # aws_iam_instance_profile.node[0m will be [1m[31mdestroyed[0m
[0m  [31m-[0m[0m resource "aws_iam_instance_profile" "node" {
      [31m-[0m[0m arn         = "arn:aws:iam::922384915031:instance-profile/matrix-rss-a123156-node" [90m-> null[0m[0m
      [31m-[0m[0m create_date = "2026-09-22T12:32:06Z" [90m-> null[0m[0m
      [31m-[0m[0m id          = "matrix-rss-a123156-node" [90m-> null[0m[0m
      [31m-[0m[0m name        = "matrix-rss-a123156-node" [90m-> null[0m[0m
      [31m-[0m[0m path        = "/" [90m-> null[0m[0m
      [31m-[0m[0m role        = "matrix-rss-a123156-node" [90m-> null[0m[0m
      [31m-[0m[0m tags        = {} [90m-> null[0m[0m
      [31m-[0m[0m tags_all    = {
          [31m-[0m[0m "data"       = "synthetic"
          [31m-[0m[0m "managed_by" = "terraform"
          [31m-[0m[0m "project"    = "distributed-matrix-scaling"
          [31m-[0m[0m "purpose"    = "research-eval"
        } [90m-> null[0m[0m
      [31m-[0m[0m unique_id   = "AIPA5NQTM3JL37CT4HRQ3" [90m-> null[0m[0m
        [90m# (1 unchanged attribute hidden)[0m[0m
    }

[1m  # aws_iam_role.node[0m will be [1m[31mdestroyed[0m
[0m  [31m-[0m[0m resource "aws_iam_role" "node" {
      [31m-[0m[0m arn                   = "arn:aws:iam::922384915031:role/matrix-rss-a123156-node" [90m-> null[0m[0m
      [31m-[0m[0m assume_role_policy    = jsonencode(
            {
              [31m-[0m[0m Statement = [
                  [31m-[0m[0m {
                      [31m-[0m[0m Action    = "sts:AssumeRole"
                      [31m-[0m[0m Effect    = "Allow"
                      [31m-[0m[0m Principal = {
                          [31m-[0m[0m Service = "ec2.amazonaws.com"
                        }
                    },
                ]
              [31m-[0m[0m Version   = "2012-10-17"
            }
        ) [90m-> null[0m[0m
      [31m-[0m[0m create_date           = "2026-09-22T12:32:04Z" [90m-> null[0m[0m
      [31m-[0m[0m force_detach_policies = false [90m-> null[0m[0m
      [31m-[0m[0m id                    = "matrix-rss-a123156-node" [90m-> null[0m[0m
      [31m-[0m[0m managed_policy_arns   = [
          [31m-[0m[0m "arn:aws:iam::aws:policy/AmazonSSMManagedInstanceCore",
        ] [90m-> null[0m[0m
      [31m-[0m[0m max_session_duration  = 3600 [90m-> null[0m[0m
      [31m-[0m[0m name                  = "matrix-rss-a123156-node" [90m-> null[0m[0m
      [31m-[0m[0m path                  = "/" [90m-> null[0m[0m
      [31m-[0m[0m tags                  = {} [90m-> null[0m[0m
      [31m-[0m[0m tags_all              = {
          [31m-[0m[0m "data"       = "synthetic"
          [31m-[0m[0m "managed_by" = "terraform"
          [31m-[0m[0m "project"    = "distributed-matrix-scaling"
          [31m-[0m[0m "purpose"    = "research-eval"
        } [90m-> null[0m[0m
      [31m-[0m[0m unique_id             = "AROA5NQTM3JLT5Q43L7Z3" [90m-> null[0m[0m
        [90m# (3 unchanged attributes hidden)[0m[0m
    }

[1m  # aws_iam_role_policy_attachment.ssm[0m will be [1m[31mdestroyed[0m
[0m  [31m-[0m[0m resource "aws_iam_role_policy_attachment" "ssm" {
      [31m-[0m[0m id         = "matrix-rss-a123156-node/arn:aws:iam::aws:policy/AmazonSSMManagedInstanceCore" [90m-> null[0m[0m
      [31m-[0m[0m policy_arn = "arn:aws:iam::aws:policy/AmazonSSMManagedInstanceCore" [90m-> null[0m[0m
      [31m-[0m[0m role       = "matrix-rss-a123156-node" [90m-> null[0m[0m
    }

[1m  # aws_instance.scale_out[0][0m will be [1m[31mdestroyed[0m
[0m  [31m-[0m[0m resource "aws_instance" "scale_out" {
      [31m-[0m[0m ami                                  = "ami-0ee768eb261a01ed2" [90m-> null[0m[0m
      [31m-[0m[0m arn                                  = "arn:aws:ec2:eu-west-1:922384915031:instance/i-02c333c4b6627469e" [90m-> null[0m[0m
      [31m-[0m[0m associate_public_ip_address          = true [90m-> null[0m[0m
      [31m-[0m[0m availability_zone                    = "eu-west-1c" [90m-> null[0m[0m
      [31m-[0m[0m disable_api_stop                     = false [90m-> null[0m[0m
      [31m-[0m[0m disable_api_termination              = false [90m-> null[0m[0m
      [31m-[0m[0m ebs_optimized                        = false [90m-> null[0m[0m
      [31m-[0m[0m force_destroy                        = false [90m-> null[0m[0m
      [31m-[0m[0m get_password_data                    = false [90m-> null[0m[0m
      [31m-[0m[0m hibernation                          = false [90m-> null[0m[0m
      [31m-[0m[0m iam_instance_profile                 = "matrix-rss-a123156-node" [90m-> null[0m[0m
      [31m-[0m[0m id                                   = "i-02c333c4b6627469e" [90m-> null[0m[0m
      [31m-[0m[0m instance_initiated_shutdown_behavior = "stop" [90m-> null[0m[0m
      [31m-[0m[0m instance_state                       = "running" [90m-> null[0m[0m
      [31m-[0m[0m instance_type                        = "t3.micro" [90m-> null[0m[0m
      [31m-[0m[0m ipv6_address_count                   = 0 [90m-> null[0m[0m
      [31m-[0m[0m ipv6_addresses                       = [] [90m-> null[0m[0m
      [31m-[0m[0m monitoring                           = false [90m-> null[0m[0m
      [31m-[0m[0m placement_partition_number           = 0 [90m-> null[0m[0m
      [31m-[0m[0m primary_network_interface_id         = "eni-0868703aede8be997" [90m-> null[0m[0m
      [31m-[0m[0m private_dns                          = "ip-172-31-11-34.eu-west-1.compute.internal" [90m-> null[0m[0m
      [31m-[0m[0m private_ip                           = "172.31.11.34" [90m-> null[0m[0m
      [31m-[0m[0m public_dns                           = "ec2-34-245-176-20.eu-west-1.compute.amazonaws.com" [90m-> null[0m[0m
      [31m-[0m[0m public_ip                            = "34.245.176.20" [90m-> null[0m[0m
      [31m-[0m[0m region                               = "eu-west-1" [90m-> null[0m[0m
      [31m-[0m[0m secondary_private_ips                = [] [90m-> null[0m[0m
      [31m-[0m[0m security_groups                      = [
          [31m-[0m[0m "matrix-rss-a123156-ab238f015344e11a49f8080e5b",
        ] [90m-> null[0m[0m
      [31m-[0m[0m source_dest_check                    = true [90m-> null[0m[0m
      [31m-[0m[0m subnet_id                            = "subnet-052eff34204622fa4" [90m-> null[0m[0m
      [31m-[0m[0m tags                                 = {
          [31m-[0m[0m "Name" = "matrix-rss-a123156-scale-out-0"
          [31m-[0m[0m "role" = "dask-scheduler"
        } [90m-> null[0m[0m
      [31m-[0m[0m tags_all                             = {
          [31m-[0m[0m "Name"       = "matrix-rss-a123156-scale-out-0"
          [31m-[0m[0m "data"       = "synthetic"
          [31m-[0m[0m "managed_by" = "terraform"
          [31m-[0m[0m "project"    = "distributed-matrix-scaling"
          [31m-[0m[0m "purpose"    = "research-eval"
          [31m-[0m[0m "role"       = "dask-scheduler"
        } [90m-> null[0m[0m
      [31m-[0m[0m tenancy                              = "default" [90m-> null[0m[0m
      [31m-[0m[0m user_data                            = <<-EOT
            #!/bin/bash
                set -euxo pipefail
                dnf -y update || yum -y update || true
                dnf -y install python3.11 python3.11-pip python3.11-devel gcc || yum -y install python3.11 python3.11-pip gcc
                python3.11 -m pip install --upgrade pip
                python3.11 -m pip install 'numpy==2.1.3' 'dask[distributed]==2024.11.2' psutil
                mkdir -p /opt/matrix-scale
                cat > /opt/matrix-scale/quick_bench.py <<'PY'
            import json, time, os
            import numpy as np
            from pathlib import Path
            size = int(os.environ.get("MATRIX_SIZE", "250"))
            workers = int(os.environ.get("N_WORKERS", "2"))
            role = os.environ.get("NODE_ROLE", "scale-up")
            out = Path("/opt/matrix-scale/result.json")
            A = np.random.rand(size, size)
            B = np.random.rand(size, size)
            t0 = time.perf_counter()
            if role == "scale-up":
                C = A @ B
                mode = "numpy_matmul"
            else:
                from dask.distributed import Client, LocalCluster
                cluster = LocalCluster(n_workers=workers, threads_per_worker=1, processes=False, dashboard_address=None)
                client = Client(cluster)
                import dask.array as da
                a = da.from_array(A, chunks=(size // max(workers, 1), size))
                b = da.from_array(B, chunks=(size, size // max(workers, 1)))
                C = (a @ b).compute()
                client.close(); cluster.close()
                mode = "dask_localcluster_on_node"
            elapsed = time.perf_counter() - t0
            out.write_text(json.dumps({
                "role": role, "mode": mode, "size": size, "workers": workers,
                "elapsed_s": elapsed, "checksum": float(C[0,0]),
                "hostname": os.uname().nodename,
            }, indent=2) + "\n")
            print(out.read_text())
            PY
                echo ready > /opt/matrix-scale/READY
        EOT [90m-> null[0m[0m
      [31m-[0m[0m user_data_replace_on_change          = false [90m-> null[0m[0m
      [31m-[0m[0m vpc_security_group_ids               = [
          [31m-[0m[0m "sg-02c2553db6769dbe3",
        ] [90m-> null[0m[0m
        [90m# (8 unchanged attributes hidden)[0m[0m

      [31m-[0m[0m capacity_reservation_specification {
          [31m-[0m[0m capacity_reservation_preference = "open" [90m-> null[0m[0m
        }

      [31m-[0m[0m cpu_options {
          [31m-[0m[0m core_count            = 1 [90m-> null[0m[0m
          [31m-[0m[0m threads_per_core      = 2 [90m-> null[0m[0m
            [90m# (2 unchanged attributes hidden)[0m[0m
        }

      [31m-[0m[0m credit_specification {
          [31m-[0m[0m cpu_credits = "unlimited" [90m-> null[0m[0m
        }

      [31m-[0m[0m enclave_options {
          [31m-[0m[0m enabled = false [90m-> null[0m[0m
        }

      [31m-[0m[0m maintenance_options {
          [31m-[0m[0m auto_recovery = "default" [90m-> null[0m[0m
        }

      [31m-[0m[0m metadata_options {
          [31m-[0m[0m http_endpoint               = "enabled" [90m-> null[0m[0m
          [31m-[0m[0m http_protocol_ipv6          = "disabled" [90m-> null[0m[0m
          [31m-[0m[0m http_put_response_hop_limit = 2 [90m-> null[0m[0m
          [31m-[0m[0m http_tokens                 = "required" [90m-> null[0m[0m
          [31m-[0m[0m instance_metadata_tags      = "disabled" [90m-> null[0m[0m
        }

      [31m-[0m[0m primary_network_interface {
          [31m-[0m[0m delete_on_termination = true [90m-> null[0m[0m
          [31m-[0m[0m network_interface_id  = "eni-0868703aede8be997" [90m-> null[0m[0m
        }

      [31m-[0m[0m private_dns_name_options {
          [31m-[0m[0m enable_resource_name_dns_a_record    = false [90m-> null[0m[0m
          [31m-[0m[0m enable_resource_name_dns_aaaa_record = false [90m-> null[0m[0m
          [31m-[0m[0m hostname_type                        = "ip-name" [90m-> null[0m[0m
        }

      [31m-[0m[0m root_block_device {
          [31m-[0m[0m delete_on_termination = true [90m-> null[0m[0m
          [31m-[0m[0m device_name           = "/dev/xvda" [90m-> null[0m[0m
          [31m-[0m[0m encrypted             = false [90m-> null[0m[0m
          [31m-[0m[0m iops                  = 3000 [90m-> null[0m[0m
          [31m-[0m[0m tags                  = {} [90m-> null[0m[0m
          [31m-[0m[0m tags_all              = {
              [31m-[0m[0m "data"       = "synthetic"
              [31m-[0m[0m "managed_by" = "terraform"
              [31m-[0m[0m "project"    = "distributed-matrix-scaling"
              [31m-[0m[0m "purpose"    = "research-eval"
            } [90m-> null[0m[0m
          [31m-[0m[0m throughput            = 125 [90m-> null[0m[0m
          [31m-[0m[0m volume_id             = "vol-0ce529d6b984246d9" [90m-> null[0m[0m
          [31m-[0m[0m volume_size           = 20 [90m-> null[0m[0m
          [31m-[0m[0m volume_type           = "gp3" [90m-> null[0m[0m
            [90m# (1 unchanged attribute hidden)[0m[0m
        }
    }

[1m  # aws_instance.scale_out[1][0m will be [1m[31mdestroyed[0m
[0m  [31m-[0m[0m resource "aws_instance" "scale_out" {
      [31m-[0m[0m ami                                  = "ami-0ee768eb261a01ed2" [90m-> null[0m[0m
      [31m-[0m[0m arn                                  = "arn:aws:ec2:eu-west-1:922384915031:instance/i-08cb8c0fbcf97240a" [90m-> null[0m[0m
      [31m-[0m[0m associate_public_ip_address          = true [90m-> null[0m[0m
      [31m-[0m[0m availability_zone                    = "eu-west-1c" [90m-> null[0m[0m
      [31m-[0m[0m disable_api_stop                     = false [90m-> null[0m[0m
      [31m-[0m[0m disable_api_termination              = false [90m-> null[0m[0m
      [31m-[0m[0m ebs_optimized                        = false [90m-> null[0m[0m
      [31m-[0m[0m force_destroy                        = false [90m-> null[0m[0m
      [31m-[0m[0m get_password_data                    = false [90m-> null[0m[0m
      [31m-[0m[0m hibernation                          = false [90m-> null[0m[0m
      [31m-[0m[0m iam_instance_profile                 = "matrix-rss-a123156-node" [90m-> null[0m[0m
      [31m-[0m[0m id                                   = "i-08cb8c0fbcf97240a" [90m-> null[0m[0m
      [31m-[0m[0m instance_initiated_shutdown_behavior = "stop" [90m-> null[0m[0m
      [31m-[0m[0m instance_state                       = "running" [90m-> null[0m[0m
      [31m-[0m[0m instance_type                        = "t3.micro" [90m-> null[0m[0m
      [31m-[0m[0m ipv6_address_count                   = 0 [90m-> null[0m[0m
      [31m-[0m[0m ipv6_addresses                       = [] [90m-> null[0m[0m
      [31m-[0m[0m monitoring                           = false [90m-> null[0m[0m
      [31m-[0m[0m placement_partition_number           = 0 [90m-> null[0m[0m
      [31m-[0m[0m primary_network_interface_id         = "eni-0f40d5a8d768cf046" [90m-> null[0m[0m
      [31m-[0m[0m private_dns                          = "ip-172-31-13-92.eu-west-1.compute.internal" [90m-> null[0m[0m
      [31m-[0m[0m private_ip                           = "172.31.13.92" [90m-> null[0m[0m
      [31m-[0m[0m public_dns                           = "ec2-54-78-92-210.eu-west-1.compute.amazonaws.com" [90m-> null[0m[0m
      [31m-[0m[0m public_ip                            = "54.78.92.210" [90m-> null[0m[0m
      [31m-[0m[0m region                               = "eu-west-1" [90m-> null[0m[0m
      [31m-[0m[0m secondary_private_ips                = [] [90m-> null[0m[0m
      [31m-[0m[0m security_groups                      = [
          [31m-[0m[0m "matrix-rss-a123156-ab238f015344e11a49f8080e5b",
        ] [90m-> null[0m[0m
      [31m-[0m[0m source_dest_check                    = true [90m-> null[0m[0m
      [31m-[0m[0m subnet_id                            = "subnet-052eff34204622fa4" [90m-> null[0m[0m
      [31m-[0m[0m tags                                 = {
          [31m-[0m[0m "Name" = "matrix-rss-a123156-scale-out-1"
          [31m-[0m[0m "role" = "dask-worker"
        } [90m-> null[0m[0m
      [31m-[0m[0m tags_all                             = {
          [31m-[0m[0m "Name"       = "matrix-rss-a123156-scale-out-1"
          [31m-[0m[0m "data"       = "synthetic"
          [31m-[0m[0m "managed_by" = "terraform"
          [31m-[0m[0m "project"    = "distributed-matrix-scaling"
          [31m-[0m[0m "purpose"    = "research-eval"
          [31m-[0m[0m "role"       = "dask-worker"
        } [90m-> null[0m[0m
      [31m-[0m[0m tenancy                              = "default" [90m-> null[0m[0m
      [31m-[0m[0m user_data                            = <<-EOT
            #!/bin/bash
                set -euxo pipefail
                dnf -y update || yum -y update || true
                dnf -y install python3.11 python3.11-pip python3.11-devel gcc || yum -y install python3.11 python3.11-pip gcc
                python3.11 -m pip install --upgrade pip
                python3.11 -m pip install 'numpy==2.1.3' 'dask[distributed]==2024.11.2' psutil
                mkdir -p /opt/matrix-scale
                cat > /opt/matrix-scale/quick_bench.py <<'PY'
            import json, time, os
            import numpy as np
            from pathlib import Path
            size = int(os.environ.get("MATRIX_SIZE", "250"))
            workers = int(os.environ.get("N_WORKERS", "2"))
            role = os.environ.get("NODE_ROLE", "scale-up")
            out = Path("/opt/matrix-scale/result.json")
            A = np.random.rand(size, size)
            B = np.random.rand(size, size)
            t0 = time.perf_counter()
            if role == "scale-up":
                C = A @ B
                mode = "numpy_matmul"
            else:
                from dask.distributed import Client, LocalCluster
                cluster = LocalCluster(n_workers=workers, threads_per_worker=1, processes=False, dashboard_address=None)
                client = Client(cluster)
                import dask.array as da
                a = da.from_array(A, chunks=(size // max(workers, 1), size))
                b = da.from_array(B, chunks=(size, size // max(workers, 1)))
                C = (a @ b).compute()
                client.close(); cluster.close()
                mode = "dask_localcluster_on_node"
            elapsed = time.perf_counter() - t0
            out.write_text(json.dumps({
                "role": role, "mode": mode, "size": size, "workers": workers,
                "elapsed_s": elapsed, "checksum": float(C[0,0]),
                "hostname": os.uname().nodename,
            }, indent=2) + "\n")
            print(out.read_text())
            PY
                echo ready > /opt/matrix-scale/READY
        EOT [90m-> null[0m[0m
      [31m-[0m[0m user_data_replace_on_change          = false [90m-> null[0m[0m
      [31m-[0m[0m vpc_security_group_ids               = [
          [31m-[0m[0m "sg-02c2553db6769dbe3",
        ] [90m-> null[0m[0m
        [90m# (8 unchanged attributes hidden)[0m[0m

      [31m-[0m[0m capacity_reservation_specification {
          [31m-[0m[0m capacity_reservation_preference = "open" [90m-> null[0m[0m
        }

      [31m-[0m[0m cpu_options {
          [31m-[0m[0m core_count            = 1 [90m-> null[0m[0m
          [31m-[0m[0m threads_per_core      = 2 [90m-> null[0m[0m
            [90m# (2 unchanged attributes hidden)[0m[0m
        }

      [31m-[0m[0m credit_specification {
          [31m-[0m[0m cpu_credits = "unlimited" [90m-> null[0m[0m
        }

      [31m-[0m[0m enclave_options {
          [31m-[0m[0m enabled = false [90m-> null[0m[0m
        }

      [31m-[0m[0m maintenance_options {
          [31m-[0m[0m auto_recovery = "default" [90m-> null[0m[0m
        }

      [31m-[0m[0m metadata_options {
          [31m-[0m[0m http_endpoint               = "enabled" [90m-> null[0m[0m
          [31m-[0m[0m http_protocol_ipv6          = "disabled" [90m-> null[0m[0m
          [31m-[0m[0m http_put_response_hop_limit = 2 [90m-> null[0m[0m
          [31m-[0m[0m http_tokens                 = "required" [90m-> null[0m[0m
          [31m-[0m[0m instance_metadata_tags      = "disabled" [90m-> null[0m[0m
        }

      [31m-[0m[0m primary_network_interface {
          [31m-[0m[0m delete_on_termination = true [90m-> null[0m[0m
          [31m-[0m[0m network_interface_id  = "eni-0f40d5a8d768cf046" [90m-> null[0m[0m
        }

      [31m-[0m[0m private_dns_name_options {
          [31m-[0m[0m enable_resource_name_dns_a_record    = false [90m-> null[0m[0m
          [31m-[0m[0m enable_resource_name_dns_aaaa_record = false [90m-> null[0m[0m
          [31m-[0m[0m hostname_type                        = "ip-name" [90m-> null[0m[0m
        }

      [31m-[0m[0m root_block_device {
          [31m-[0m[0m delete_on_termination = true [90m-> null[0m[0m
          [31m-[0m[0m device_name           = "/dev/xvda" [90m-> null[0m[0m
          [31m-[0m[0m encrypted             = false [90m-> null[0m[0m
          [31m-[0m[0m iops                  = 3000 [90m-> null[0m[0m
          [31m-[0m[0m tags                  = {} [90m-> null[0m[0m
          [31m-[0m[0m tags_all              = {
              [31m-[0m[0m "data"       = "synthetic"
              [31m-[0m[0m "managed_by" = "terraform"
              [31m-[0m[0m "project"    = "distributed-matrix-scaling"
              [31m-[0m[0m "purpose"    = "research-eval"
            } [90m-> null[0m[0m
          [31m-[0m[0m throughput            = 125 [90m-> null[0m[0m
          [31m-[0m[0m volume_id             = "vol-0c8bf1545f392d3a2" [90m-> null[0m[0m
          [31m-[0m[0m volume_size           = 20 [90m-> null[0m[0m
          [31m-[0m[0m volume_type           = "gp3" [90m-> null[0m[0m
            [90m# (1 unchanged attribute hidden)[0m[0m
        }
    }

[1m  # aws_instance.scale_up[0][0m will be [1m[31mdestroyed[0m
[0m  [31m-[0m[0m resource "aws_instance" "scale_up" {
      [31m-[0m[0m ami                                  = "ami-0ee768eb261a01ed2" [90m-> null[0m[0m
      [31m-[0m[0m arn                                  = "arn:aws:ec2:eu-west-1:922384915031:instance/i-03d3a12fc45c280d3" [90m-> null[0m[0m
      [31m-[0m[0m associate_public_ip_address          = true [90m-> null[0m[0m
      [31m-[0m[0m availability_zone                    = "eu-west-1c" [90m-> null[0m[0m
      [31m-[0m[0m disable_api_stop                     = false [90m-> null[0m[0m
      [31m-[0m[0m disable_api_termination              = false [90m-> null[0m[0m
      [31m-[0m[0m ebs_optimized                        = false [90m-> null[0m[0m
      [31m-[0m[0m force_destroy                        = false [90m-> null[0m[0m
      [31m-[0m[0m get_password_data                    = false [90m-> null[0m[0m
      [31m-[0m[0m hibernation                          = false [90m-> null[0m[0m
      [31m-[0m[0m iam_instance_profile                 = "matrix-rss-a123156-node" [90m-> null[0m[0m
      [31m-[0m[0m id                                   = "i-03d3a12fc45c280d3" [90m-> null[0m[0m
      [31m-[0m[0m instance_initiated_shutdown_behavior = "stop" [90m-> null[0m[0m
      [31m-[0m[0m instance_state                       = "running" [90m-> null[0m[0m
      [31m-[0m[0m instance_type                        = "t3.small" [90m-> null[0m[0m
      [31m-[0m[0m ipv6_address_count                   = 0 [90m-> null[0m[0m
      [31m-[0m[0m ipv6_addresses                       = [] [90m-> null[0m[0m
      [31m-[0m[0m monitoring                           = false [90m-> null[0m[0m
      [31m-[0m[0m placement_partition_number           = 0 [90m-> null[0m[0m
      [31m-[0m[0m primary_network_interface_id         = "eni-055e828451150a5f5" [90m-> null[0m[0m
      [31m-[0m[0m private_dns                          = "ip-172-31-0-109.eu-west-1.compute.internal" [90m-> null[0m[0m
      [31m-[0m[0m private_ip                           = "172.31.0.109" [90m-> null[0m[0m
      [31m-[0m[0m public_dns                           = "ec2-3-252-43-221.eu-west-1.compute.amazonaws.com" [90m-> null[0m[0m
      [31m-[0m[0m public_ip                            = "3.252.43.221" [90m-> null[0m[0m
      [31m-[0m[0m region                               = "eu-west-1" [90m-> null[0m[0m
      [31m-[0m[0m secondary_private_ips                = [] [90m-> null[0m[0m
      [31m-[0m[0m security_groups                      = [
          [31m-[0m[0m "matrix-rss-a123156-ab238f015344e11a49f8080e5b",
        ] [90m-> null[0m[0m
      [31m-[0m[0m source_dest_check                    = true [90m-> null[0m[0m
      [31m-[0m[0m subnet_id                            = "subnet-052eff34204622fa4" [90m-> null[0m[0m
      [31m-[0m[0m tags                                 = {
          [31m-[0m[0m "Name" = "matrix-rss-a123156-scale-up"
          [31m-[0m[0m "role" = "scale-up"
        } [90m-> null[0m[0m
      [31m-[0m[0m tags_all                             = {
          [31m-[0m[0m "Name"       = "matrix-rss-a123156-scale-up"
          [31m-[0m[0m "data"       = "synthetic"
          [31m-[0m[0m "managed_by" = "terraform"
          [31m-[0m[0m "project"    = "distributed-matrix-scaling"
          [31m-[0m[0m "purpose"    = "research-eval"
          [31m-[0m[0m "role"       = "scale-up"
        } [90m-> null[0m[0m
      [31m-[0m[0m tenancy                              = "default" [90m-> null[0m[0m
      [31m-[0m[0m user_data                            = <<-EOT
            #!/bin/bash
                set -euxo pipefail
                dnf -y update || yum -y update || true
                dnf -y install python3.11 python3.11-pip python3.11-devel gcc || yum -y install python3.11 python3.11-pip gcc
                python3.11 -m pip install --upgrade pip
                python3.11 -m pip install 'numpy==2.1.3' 'dask[distributed]==2024.11.2' psutil
                mkdir -p /opt/matrix-scale
                cat > /opt/matrix-scale/quick_bench.py <<'PY'
            import json, time, os
            import numpy as np
            from pathlib import Path
            size = int(os.environ.get("MATRIX_SIZE", "250"))
            workers = int(os.environ.get("N_WORKERS", "2"))
            role = os.environ.get("NODE_ROLE", "scale-up")
            out = Path("/opt/matrix-scale/result.json")
            A = np.random.rand(size, size)
            B = np.random.rand(size, size)
            t0 = time.perf_counter()
            if role == "scale-up":
                C = A @ B
                mode = "numpy_matmul"
            else:
                from dask.distributed import Client, LocalCluster
                cluster = LocalCluster(n_workers=workers, threads_per_worker=1, processes=False, dashboard_address=None)
                client = Client(cluster)
                import dask.array as da
                a = da.from_array(A, chunks=(size // max(workers, 1), size))
                b = da.from_array(B, chunks=(size, size // max(workers, 1)))
                C = (a @ b).compute()
                client.close(); cluster.close()
                mode = "dask_localcluster_on_node"
            elapsed = time.perf_counter() - t0
            out.write_text(json.dumps({
                "role": role, "mode": mode, "size": size, "workers": workers,
                "elapsed_s": elapsed, "checksum": float(C[0,0]),
                "hostname": os.uname().nodename,
            }, indent=2) + "\n")
            print(out.read_text())
            PY
                echo ready > /opt/matrix-scale/READY
        EOT [90m-> null[0m[0m
      [31m-[0m[0m user_data_replace_on_change          = false [90m-> null[0m[0m
      [31m-[0m[0m vpc_security_group_ids               = [
          [31m-[0m[0m "sg-02c2553db6769dbe3",
        ] [90m-> null[0m[0m
        [90m# (8 unchanged attributes hidden)[0m[0m

      [31m-[0m[0m capacity_reservation_specification {
          [31m-[0m[0m capacity_reservation_preference = "open" [90m-> null[0m[0m
        }

      [31m-[0m[0m cpu_options {
          [31m-[0m[0m core_count            = 1 [90m-> null[0m[0m
          [31m-[0m[0m threads_per_core      = 2 [90m-> null[0m[0m
            [90m# (2 unchanged attributes hidden)[0m[0m
        }

      [31m-[0m[0m credit_specification {
          [31m-[0m[0m cpu_credits = "unlimited" [90m-> null[0m[0m
        }

      [31m-[0m[0m enclave_options {
          [31m-[0m[0m enabled = false [90m-> null[0m[0m
        }

      [31m-[0m[0m maintenance_options {
          [31m-[0m[0m auto_recovery = "default" [90m-> null[0m[0m
        }

      [31m-[0m[0m metadata_options {
          [31m-[0m[0m http_endpoint               = "enabled" [90m-> null[0m[0m
          [31m-[0m[0m http_protocol_ipv6          = "disabled" [90m-> null[0m[0m
          [31m-[0m[0m http_put_response_hop_limit = 2 [90m-> null[0m[0m
          [31m-[0m[0m http_tokens                 = "required" [90m-> null[0m[0m
          [31m-[0m[0m instance_metadata_tags      = "disabled" [90m-> null[0m[0m
        }

      [31m-[0m[0m primary_network_interface {
          [31m-[0m[0m delete_on_termination = true [90m-> null[0m[0m
          [31m-[0m[0m network_interface_id  = "eni-055e828451150a5f5" [90m-> null[0m[0m
        }

      [31m-[0m[0m private_dns_name_options {
          [31m-[0m[0m enable_resource_name_dns_a_record    = false [90m-> null[0m[0m
          [31m-[0m[0m enable_resource_name_dns_aaaa_record = false [90m-> null[0m[0m
          [31m-[0m[0m hostname_type                        = "ip-name" [90m-> null[0m[0m
        }

      [31m-[0m[0m root_block_device {
          [31m-[0m[0m delete_on_termination = true [90m-> null[0m[0m
          [31m-[0m[0m device_name           = "/dev/xvda" [90m-> null[0m[0m
          [31m-[0m[0m encrypted             = false [90m-> null[0m[0m
          [31m-[0m[0m iops                  = 3000 [90m-> null[0m[0m
          [31m-[0m[0m tags                  = {} [90m-> null[0m[0m
          [31m-[0m[0m tags_all              = {
              [31m-[0m[0m "data"       = "synthetic"
              [31m-[0m[0m "managed_by" = "terraform"
              [31m-[0m[0m "project"    = "distributed-matrix-scaling"
              [31m-[0m[0m "purpose"    = "research-eval"
            } [90m-> null[0m[0m
          [31m-[0m[0m throughput            = 125 [90m-> null[0m[0m
          [31m-[0m[0m volume_id             = "vol-0495ecb5dec71d953" [90m-> null[0m[0m
          [31m-[0m[0m volume_size           = 30 [90m-> null[0m[0m
          [31m-[0m[0m volume_type           = "gp3" [90m-> null[0m[0m
            [90m# (1 unchanged attribute hidden)[0m[0m
        }
    }

[1m  # aws_security_group.cluster[0m will be [1m[31mdestroyed[0m
[0m  [31m-[0m[0m resource "aws_security_group" "cluster" {
      [31m-[0m[0m arn                    = "arn:aws:ec2:eu-west-1:922384915031:security-group/sg-02c2553db6769dbe3" [90m-> null[0m[0m
      [31m-[0m[0m description            = "Matrix scaling research cluster (Dask scheduler/workers)" [90m-> null[0m[0m
      [31m-[0m[0m egress                 = [
          [31m-[0m[0m {
              [31m-[0m[0m cidr_blocks      = [
                  [31m-[0m[0m "0.0.0.0/0",
                ]
              [31m-[0m[0m from_port        = 0
              [31m-[0m[0m ipv6_cidr_blocks = []
              [31m-[0m[0m prefix_list_ids  = []
              [31m-[0m[0m protocol         = "-1"
              [31m-[0m[0m security_groups  = []
              [31m-[0m[0m self             = false
              [31m-[0m[0m to_port          = 0
                [90m# (1 unchanged attribute hidden)[0m[0m
            },
        ] [90m-> null[0m[0m
      [31m-[0m[0m id                     = "sg-02c2553db6769dbe3" [90m-> null[0m[0m
      [31m-[0m[0m ingress                = [
          [31m-[0m[0m {
              [31m-[0m[0m cidr_blocks      = []
              [31m-[0m[0m description      = "Dask cluster (scheduler, dashboard, worker)"
              [31m-[0m[0m from_port        = 0
              [31m-[0m[0m ipv6_cidr_blocks = []
              [31m-[0m[0m prefix_list_ids  = []
              [31m-[0m[0m protocol         = "tcp"
              [31m-[0m[0m security_groups  = []
              [31m-[0m[0m self             = true
              [31m-[0m[0m to_port          = 65535
            },
        ] [90m-> null[0m[0m
      [31m-[0m[0m name                   = "matrix-rss-a123156-ab238f015344e11a49f8080e5b" [90m-> null[0m[0m
      [31m-[0m[0m name_prefix            = "matrix-rss-a123156-" [90m-> null[0m[0m
      [31m-[0m[0m owner_id               = "922384915031" [90m-> null[0m[0m
      [31m-[0m[0m region                 = "eu-west-1" [90m-> null[0m[0m
      [31m-[0m[0m revoke_rules_on_delete = false [90m-> null[0m[0m
      [31m-[0m[0m tags                   = {} [90m-> null[0m[0m
      [31m-[0m[0m tags_all               = {
          [31m-[0m[0m "data"       = "synthetic"
          [31m-[0m[0m "managed_by" = "terraform"
          [31m-[0m[0m "project"    = "distributed-matrix-scaling"
          [31m-[0m[0m "purpose"    = "research-eval"
        } [90m-> null[0m[0m
      [31m-[0m[0m vpc_id                 = "vpc-0abe0a893e2d712c2" [90m-> null[0m[0m
    }

[1mPlan:[0m [0m0 to add, 0 to change, 7 to destroy.

Changes to Outputs:
  [31m-[0m[0m instance_profile       = "matrix-rss-a123156-node" [90m-> null[0m[0m
  [31m-[0m[0m scale_out_instance_ids = [
      [31m-[0m[0m "i-02c333c4b6627469e",
      [31m-[0m[0m "i-08cb8c0fbcf97240a",
    ] [90m-> null[0m[0m
  [31m-[0m[0m scale_out_private_ips  = [
      [31m-[0m[0m "172.31.11.34",
      [31m-[0m[0m "172.31.13.92",
    ] [90m-> null[0m[0m
  [31m-[0m[0m scale_up_instance_id   = "i-03d3a12fc45c280d3" [90m-> null[0m[0m
  [31m-[0m[0m scale_up_private_ip    = "172.31.0.109" [90m-> null[0m[0m
  [31m-[0m[0m security_group_id      = "sg-02c2553db6769dbe3" [90m-> null[0m[0m
[0m[1maws_iam_role_policy_attachment.ssm: Destroying... [id=matrix-rss-a123156-node/arn:aws:iam::aws:policy/AmazonSSMManagedInstanceCore][0m[0m
[0m[1maws_instance.scale_out[1]: Destroying... [id=i-08cb8c0fbcf97240a][0m[0m
[0m[1maws_instance.scale_out[0]: Destroying... [id=i-02c333c4b6627469e][0m[0m
[0m[1maws_instance.scale_up[0]: Destroying... [id=i-03d3a12fc45c280d3][0m[0m
[0m[1maws_iam_role_policy_attachment.ssm: Destruction complete after 1s[0m
[0m[1maws_instance.scale_up[0]: Still destroying... [id=i-03d3a12fc45c280d3, 00m10s elapsed][0m[0m
[0m[1maws_instance.scale_out[0]: Still destroying... [id=i-02c333c4b6627469e, 00m10s elapsed][0m[0m
[0m[1maws_instance.scale_out[1]: Still destroying... [id=i-08cb8c0fbcf97240a, 00m10s elapsed][0m[0m
[0m[1maws_instance.scale_out[0]: Still destroying... [id=i-02c333c4b6627469e, 00m20s elapsed][0m[0m
[0m[1maws_instance.scale_up[0]: Still destroying... [id=i-03d3a12fc45c280d3, 00m20s elapsed][0m[0m
[0m[1maws_instance.scale_out[1]: Still destroying... [id=i-08cb8c0fbcf97240a, 00m20s elapsed][0m[0m
[0m[1maws_instance.scale_out[1]: Destruction complete after 20s[0m
[0m[1maws_instance.scale_up[0]: Still destroying... [id=i-03d3a12fc45c280d3, 00m30s elapsed][0m[0m
[0m[1maws_instance.scale_out[0]: Still destroying... [id=i-02c333c4b6627469e, 00m30s elapsed][0m[0m
[0m[1maws_instance.scale_up[0]: Destruction complete after 31s[0m
[0m[1maws_instance.scale_out[0]: Destruction complete after 31s[0m
[0m[1maws_iam_instance_profile.node: Destroying... [id=matrix-rss-a123156-node][0m[0m
[0m[1maws_security_group.cluster: Destroying... [id=sg-02c2553db6769dbe3][0m[0m
[0m[1maws_iam_instance_profile.node: Destruction complete after 0s[0m
[0m[1maws_iam_role.node: Destroying... [id=matrix-rss-a123156-node][0m[0m
[0m[1maws_security_group.cluster: Destruction complete after 1s[0m
[0m[1maws_iam_role.node: Destruction complete after 1s[0m
[0m[1m[32m
Destroy complete! Resources: 7 destroyed.[0m
destroy_confirmed=yes
remaining_running_project_instances=0
VENKAT_RSS_SIZE_FINAL_1_DONE 2026-09-22T12:42:30Z; destroy confirmed
